Unnamed: 0,WRIST,THUMB_CMC,THUMB_MCP,THUMB_IP,THUMB_TIP,INDEX_FINGER_MCP,INDEX_FINGER_PIP,INDEX_FINGER_DIP,INDEX_FINGER_TIP,MIDDLE_FINGER_MCP,MIDDLE_FINGER_PIP,MIDDLE_FINGER_DIP,MIDDLE_FINGER_TIP,RING_FINGER_MCP,RING_FINGER_PIP,RING_FINGER_DIP,RING_FINGER_TIP,PINKY_MCP,PINKY_PIP,PINKY_DIP,PINKY_TIP,LABEL
2285,"(0.6792495250701904, 0.38912150263786316, 1.8272679369601974e-07)","(0.6108331084251404, 0.39705848693847656, 0.00530407577753067)","(0.5624574422836304, 0.45483919978141785, 0.004483706783503294)","(0.5308571457862854, 0.5338289141654968, 0.007573913782835007)","(0.49951374530792236, 0.5748864412307739, 0.011849421076476574)","(0.5777129530906677, 0.5406032204627991, -0.0328003391623497)","(0.5245066285133362, 0.6168578267097473, -0.026091989129781723)","(0.5015797019004822, 0.6180937886238098, -0.0098794586956501)","(0.4912835955619812, 0.6079066395759583, 0.0027487371116876602)","(0.6118557453155518, 0.5838943719863892, -0.03092275746166706)","(0.5525637865066528, 0.6823161840438843, -0.024312807247042656)","(0.5365923643112183, 0.6538496613502502, -0.007664081174880266)","(0.537600576877594, 0.6180384755134583, 0.003998031839728355)","(0.6414975523948669, 0.6050135493278503, -0.023782039061188698)","(0.5896078944206238, 0.6818801164627075, -0.014143593609333038)","(0.5744451284408569, 0.6481330990791321, 0.0013892740244045854)","(0.5774884819984436, 0.6143629550933838, 0.00987827405333519)","(0.6666659116744995, 0.6096761226654053, -0.014689388684928417)","(0.6256185173988342, 0.6855912804603577, -0.003231135429814458)","(0.6103317737579346, 0.663722574710846, 0.012254013679921627)","(0.6102297902107239, 0.6342352032661438, 0.02299257181584835)",Reach
2286,"(0.6822124123573303, 0.40123307704925537, 1.7909138705363148e-07)","(0.6145861744880676, 0.41031619906425476, 0.006930420640856028)","(0.5665019750595093, 0.46621647477149963, 0.006662528496235609)","(0.5361619591712952, 0.5467146039009094, 0.009876553900539875)","(0.5041519403457642, 0.5871455073356628, 0.014133544638752937)","(0.5819223523139954, 0.5526980757713318, -0.029506808146834373)","(0.5327918529510498, 0.6291756629943848, -0.02255147323012352)","(0.508206844329834, 0.6298004388809204, -0.006792341824620962)","(0.49529993534088135, 0.6207454204559326, 0.005558534525334835)","(0.6158244013786316, 0.595733106136322, -0.028270289301872253)","(0.5577518939971924, 0.694640576839447, -0.02098667435348034)","(0.5422035455703735, 0.6656425595283508, -0.0037880658637732267)","(0.543297290802002, 0.6304221749305725, 0.008506927639245987)","(0.6449543237686157, 0.6165286302566528, -0.02181851491332054)","(0.5928190350532532, 0.693227231502533, -0.011996044777333736)","(0.5777298212051392, 0.6595751047134399, 0.004409808665513992)","(0.5808940529823303, 0.6262824535369873, 0.013903583399951458)","(0.6702930927276611, 0.6211428642272949, -0.013307066634297371)","(0.6291006207466125, 0.6969305276870728, -0.0009480337612330914)","(0.6131948828697205, 0.6756824254989624, 0.015609902329742908)","(0.6129164099693298, 0.6472733616828918, 0.027248341590166092)",Reach
2287,"(0.6862174868583679, 0.4083404541015625, 1.846813262318392e-07)","(0.6179671883583069, 0.4173271954059601, 0.00618817750364542)","(0.5705441236495972, 0.4741116464138031, 0.006691141985356808)","(0.5394279956817627, 0.5538105368614197, 0.01127261109650135)","(0.5077700614929199, 0.5947707891464233, 0.017451854422688484)","(0.5837122797966003, 0.5643869638442993, -0.02882562018930912)","(0.5338061451911926, 0.6390975713729858, -0.019200745970010757)","(0.5099728107452393, 0.638883113861084, -0.0004942882806062698)","(0.499050498008728, 0.6285699605941772, 0.013827241025865078)","(0.6178763508796692, 0.6076322793960571, -0.026302356272935867)","(0.5592384934425354, 0.7054933905601501, -0.018062232062220573)","(0.5439339876174927, 0.6736470460891724, 0.000462772004539147)","(0.5457804203033447, 0.6374224424362183, 0.014082863926887512)","(0.6478402614593506, 0.627765417098999, -0.01850140653550625)","(0.5961862802505493, 0.7026429176330566, -0.007595531176775694)","(0.5816714763641357, 0.6668508052825928, 0.009584502317011356)","(0.5857072472572327, 0.6334785223007202, 0.019709564745426178)","(0.6741411685943604, 0.6317683458328247, -0.008689026348292828)","(0.6332229375839233, 0.7061337232589722, 0.004263294395059347)","(0.6182531118392944, 0.6832203269004822, 0.02096807211637497)","(0.6185494065284729, 0.6539918184280396, 0.03285717964172363)",Reach
2288,"(0.6888331770896912, 0.4160364866256714, 1.4060090336442954e-07)","(0.6206957101821899, 0.42454493045806885, 0.008304567076265812)","(0.5736984610557556, 0.48127481341362, 0.010167980566620827)","(0.542025625705719, 0.5610542297363281, 0.015796886757016182)","(0.5110560059547424, 0.6017162799835205, 0.023011045530438423)","(0.5848924517631531, 0.5746582746505737, -0.025946645066142082)","(0.5357481241226196, 0.6497097611427307, -0.01573364995419979)","(0.5129086971282959, 0.6476292610168457, 0.0031338920816779137)","(0.50288987159729, 0.6364246010780334, 0.017503324896097183)","(0.6188148856163025, 0.6185714602470398, -0.023877138271927834)","(0.5604026317596436, 0.7137579321861267, -0.0157060157507658)","(0.5474588871002197, 0.6780606508255005, 0.002671717433258891)","(0.5509345531463623, 0.6413465738296509, 0.01622878573834896)","(0.6490474939346313, 0.6386131048202515, -0.016362465918064117)","(0.598154604434967, 0.7115949988365173, -0.005514625459909439)","(0.5853883028030396, 0.6745598912239075, 0.011490150354802608)","(0.5906739234924316, 0.6408166289329529, 0.021560192108154297)","(0.6761157512664795, 0.6418709754943848, -0.006584332324564457)","(0.6362477540969849, 0.7159788608551025, 0.007201670203357935)","(0.622405469417572, 0.6923666000366211, 0.024316074326634407)","(0.6233813762664795, 0.6624554395675659, 0.03631787374615669)",Reach
2289,"(0.6909098625183105, 0.42392393946647644, 1.0990154208911918e-07)","(0.6224105954170227, 0.43480902910232544, 0.012300579808652401)","(0.5759488344192505, 0.4888017773628235, 0.016413241624832153)","(0.5454083681106567, 0.5668359398841858, 0.025139059871435165)","(0.5161800384521484, 0.6100665330886841, 0.03600255399942398)","(0.5852561593055725, 0.5832706689834595, -0.028936948627233505)","(0.5385481119155884, 0.657240629196167, -0.012890883721411228)","(0.516857385635376, 0.6539626121520996, 0.013153054751455784)","(0.5087118744850159, 0.6428098082542419, 0.032489050179719925)","(0.619483232498169, 0.6262012720108032, -0.025509268045425415)","(0.5635863542556763, 0.7207077145576477, -0.013620669022202492)","(0.5514572262763977, 0.6845486164093018, 0.010256854817271233)","(0.5554583072662354, 0.6495392918586731, 0.027621541172266006)","(0.6501324772834778, 0.646104633808136, -0.015249280259013176)","(0.6015487313270569, 0.7192114591598511, -0.000559804611839354)","(0.5898287296295166, 0.6812600493431091, 0.020653482526540756)","(0.595831036567688, 0.6479277610778809, 0.03333846852183342)","(0.6775768399238586, 0.6489855647087097, -0.0020635633263736963)","(0.6384453773498535, 0.7218434810638428, 0.016381267458200455)","(0.625718355178833, 0.6977845430374146, 0.036721356213092804)","(0.6273806095123291, 0.6675909161567688, 0.05069898068904877)",Reach
2290,"(0.691334068775177, 0.4298960268497467, 1.0815586648504905e-07)","(0.6224411129951477, 0.44143763184547424, 0.01217521820217371)","(0.5761619210243225, 0.4953615069389343, 0.017652194947004318)","(0.5475244522094727, 0.5744345784187317, 0.026730062440037727)","(0.5187097191810608, 0.6146926879882812, 0.037953637540340424)","(0.586162805557251, 0.594549834728241, -0.018345095217227936)","(0.5386660099029541, 0.6637435555458069, -0.003050976200029254)","(0.5186387300491333, 0.6572362780570984, 0.01929282210767269)","(0.5110694766044617, 0.6443449854850769, 0.035677261650562286)","(0.6204333305358887, 0.6367766857147217, -0.015996107831597328)","(0.5639702081680298, 0.7267789840698242, -0.0043410807847976685)","(0.5519370436668396, 0.690464198589325, 0.01540648378431797)","(0.5557839870452881, 0.6554452180862427, 0.029802782461047173)","(0.6511638164520264, 0.6542604565620422, -0.007797468453645706)","(0.6017846465110779, 0.7245794534683228, 0.005884698126465082)","(0.5895732045173645, 0.6873533725738525, 0.024060865864157677)","(0.5948795676231384, 0.653737485408783, 0.034912072122097015)","(0.6783782839775085, 0.6545262932777405, 0.003039672039449215)","(0.6396228075027466, 0.7282129526138306, 0.019394829869270325)","(0.6261634826660156, 0.7045167684555054, 0.03775174915790558)","(0.6267607808113098, 0.674004316329956, 0.050729405134916306)",Reach
2291,"(0.6916465759277344, 0.43923890590667725, 5.977833694714718e-08)","(0.6238167881965637, 0.4455413818359375, 0.010486041195690632)","(0.5777480602264404, 0.4984702467918396, 0.01469381619244814)","(0.5493674278259277, 0.576361358165741, 0.022515276446938515)","(0.5204976797103882, 0.6153793334960938, 0.032394737005233765)","(0.5846642255783081, 0.6012327671051025, -0.021156108006834984)","(0.538054883480072, 0.6700425148010254, -0.007338329218327999)","(0.5190191268920898, 0.6596325039863586, 0.014757504686713219)","(0.513322114944458, 0.6432937383651733, 0.030950916931033134)","(0.6180292963981628, 0.6455098986625671, -0.01927526481449604)","(0.5615428686141968, 0.7320321202278137, -0.009219985455274582)","(0.551662027835846, 0.6934961676597595, 0.010089351795613766)","(0.5575516223907471, 0.6583904027938843, 0.024231450632214546)","(0.6480529308319092, 0.6645747423171997, -0.011760987341403961)","(0.600046694278717, 0.7323529124259949, 0.0005941948620602489)","(0.5899316072463989, 0.6935040354728699, 0.018070561811327934)","(0.5967286229133606, 0.6601628661155701, 0.028369471430778503)","(0.6755939722061157, 0.6657297611236572, -0.0018337854417040944)","(0.6386895179748535, 0.7370964288711548, 0.012866722419857979)","(0.6271224021911621, 0.7116566300392151, 0.030071262270212173)","(0.6293088793754578, 0.6812362670898438, 0.04219347983598709)",Reach
2292,"(0.6919835805892944, 0.44495564699172974, 4.4818857958262015e-08)","(0.6231804490089417, 0.45051875710487366, 0.011314570903778076)","(0.5775838494300842, 0.5038344860076904, 0.016893696039915085)","(0.5492913126945496, 0.5798772573471069, 0.02563173696398735)","(0.5203827619552612, 0.6172965168952942, 0.036542799323797226)","(0.582075297832489, 0.6124345064163208, -0.014893833547830582)","(0.5372829437255859, 0.6752351522445679, -0.0005227101501077414)","(0.5196473002433777, 0.6622082591056824, 0.020424170419573784)","(0.515211820602417, 0.6442522406578064, 0.03563110902905464)","(0.615437388420105, 0.655648946762085, -0.013432616367936134)","(0.5611796379089355, 0.7370433211326599, -0.0027181038167327642)","(0.5522327423095703, 0.6978805661201477, 0.015256944112479687)","(0.5584827661514282, 0.6631812453269958, 0.028391331434249878)","(0.6462308168411255, 0.673403263092041, -0.006699384655803442)","(0.6004945635795593, 0.7392034530639648, 0.005817975848913193)","(0.5910966992378235, 0.7013463377952576, 0.022353218868374825)","(0.598097562789917, 0.6683299541473389, 0.032078493386507034)","(0.6743859052658081, 0.6727012991905212, 0.002386619569733739)","(0.6377403736114502, 0.7425479888916016, 0.016717322170734406)","(0.6264317631721497, 0.7172186374664307, 0.033483121544122696)","(0.6285626888275146, 0.686787486076355, 0.045476075261831284)",Reach
2293,"(0.6903713345527649, 0.45083731412887573, 3.6773133871292885e-08)","(0.6212036609649658, 0.45705580711364746, 0.0113538121804595)","(0.576583981513977, 0.5101593732833862, 0.016668271273374557)","(0.5493418574333191, 0.5843653678894043, 0.024903735145926476)","(0.5211231708526611, 0.6212247014045715, 0.03539549559354782)","(0.5818087458610535, 0.6184059381484985, -0.015447878278791904)","(0.5370168089866638, 0.6810432076454163, -0.0031527699902653694)","(0.519274890422821, 0.6663211584091187, 0.016701312735676765)","(0.5156835317611694, 0.6462006568908691, 0.031603772193193436)","(0.614791214466095, 0.6612806916236877, -0.014531335793435574)","(0.5597274899482727, 0.742692768573761, -0.006073304917663336)","(0.5505689382553101, 0.7032105326652527, 0.011435267515480518)","(0.5577043890953064, 0.6688046455383301, 0.024826299399137497)","(0.6451059579849243, 0.6789233088493347, -0.008508305996656418)","(0.5989610552787781, 0.7459448575973511, 0.002241037553176284)","(0.5891901850700378, 0.7075864672660828, 0.01907403953373432)","(0.5964349508285522, 0.6741852760314941, 0.029673641547560692)","(0.6729448437690735, 0.6774537563323975, -0.0001660734269535169)","(0.6369331479072571, 0.7496529817581177, 0.0128469942137599)","(0.624905526638031, 0.724721372127533, 0.02956536039710045)","(0.6267058253288269, 0.6935763359069824, 0.04200924187898636)",Reach
2294,"(0.6892589330673218, 0.45783743262290955, 1.3452470248864756e-09)","(0.6195665597915649, 0.46299007534980774, 0.012178763747215271)","(0.5753760933876038, 0.5143827199935913, 0.018604975193738937)","(0.5489123463630676, 0.5872151255607605, 0.02781207673251629)","(0.5201340317726135, 0.6207169890403748, 0.039390679448843)","(0.579116940498352, 0.6304728388786316, -0.012306533753871918)","(0.5351024270057678, 0.6866673827171326, 0.001084317802451551)","(0.5197452902793884, 0.6669512391090393, 0.021275829523801804)","(0.5185336470603943, 0.6439497470855713, 0.03633115068078041)","(0.6123887300491333, 0.6720340251922607, -0.011228774674236774)","(0.5580705404281616, 0.7481433153152466, -0.0017417180351912975)","(0.5503643751144409, 0.7058286666870117, 0.016010237857699394)","(0.5583457946777344, 0.6701103448867798, 0.029487084597349167)","(0.6427830457687378, 0.6873497366905212, -0.005169280339032412)","(0.5974661111831665, 0.7508123517036438, 0.005894601345062256)","(0.5886603593826294, 0.7112177610397339, 0.022138167172670364)","(0.5963512063026428, 0.6769546270370483, 0.03244223818182945)","(0.6707248687744141, 0.6833221912384033, 0.003291758708655834)","(0.6355027556419373, 0.7546330094337463, 0.016278140246868134)","(0.6234338879585266, 0.7295180559158325, 0.03235286474227905)","(0.624600887298584, 0.6976906657218933, 0.044368673115968704)",Reach
2295,"(0.6864762306213379, 0.46646350622177124, -1.4709735651763367e-08)","(0.6175560355186462, 0.47121500968933105, 0.011295013129711151)","(0.5730693340301514, 0.5205188989639282, 0.016682198271155357)","(0.5464802980422974, 0.5913435220718384, 0.024755872786045074)","(0.5179467797279358, 0.6243450045585632, 0.03500540181994438)","(0.5753124356269836, 0.6374720335006714, -0.01365502830594778)","(0.5319207906723022, 0.6877236366271973, -0.0014652357203885913)","(0.5176673531532288, 0.6670185923576355, 0.01770077832043171)","(0.5173532962799072, 0.6433314681053162, 0.03222181275486946)","(0.6074903607368469, 0.6797690987586975, -0.012860766611993313)","(0.5542555451393127, 0.7510908246040344, -0.0037225564010441303)","(0.5467525720596313, 0.7093561887741089, 0.013503536581993103)","(0.554572582244873, 0.672840416431427, 0.02664736472070217)","(0.6372547745704651, 0.6956267356872559, -0.007212325464934111)","(0.5931233167648315, 0.7536569833755493, 0.003580569289624691)","(0.5844928026199341, 0.7143309116363525, 0.019249308854341507)","(0.591922402381897, 0.6800792217254639, 0.029168905690312386)","(0.6653437614440918, 0.6922058463096619, 0.0007023386424407363)","(0.6328441500663757, 0.7612470388412476, 0.013066098093986511)","(0.6202384233474731, 0.7379747629165649, 0.02847345545887947)","(0.6202800273895264, 0.7074012160301208, 0.040169864892959595)",Reach
2296,"(0.6842492818832397, 0.4716005325317383, -2.411291966097906e-08)","(0.6144199371337891, 0.4757513105869293, 0.012727049179375172)","(0.5708127617835999, 0.5254743099212646, 0.019599342718720436)","(0.5447596311569214, 0.5935400128364563, 0.028897922486066818)","(0.5158400535583496, 0.6204312443733215, 0.04039303585886955)","(0.572668194770813, 0.6440691947937012, -0.009723118506371975)","(0.5289914608001709, 0.6914101243019104, 0.0031187389977276325)","(0.5154324769973755, 0.6675882339477539, 0.021944785490632057)","(0.5163474082946777, 0.6419749855995178, 0.03619060292840004)","(0.6049506068229675, 0.6866182684898376, -0.009026593528687954)","(0.5516931414604187, 0.7541409134864807, 0.0012433779193088412)","(0.5448472499847412, 0.7111583948135376, 0.01811494678258896)","(0.5536912679672241, 0.6747585535049438, 0.030805502086877823)","(0.6347036957740784, 0.7019975781440735, -0.003596089780330658)","(0.5910526514053345, 0.7596290707588196, 0.008057869039475918)","(0.5826963186264038, 0.7201106548309326, 0.02290416695177555)","(0.5905277729034424, 0.685819149017334, 0.032078295946121216)","(0.6624690294265747, 0.6976752281188965, 0.004189385566860437)","(0.6307081580162048, 0.7652057409286499, 0.016690123826265335)","(0.6184306740760803, 0.7416239976882935, 0.031209351494908333)","(0.6186184287071228, 0.7111035585403442, 0.04219302162528038)",Reach
2297,"(0.6814127564430237, 0.47681811451911926, -5.307557060518775e-08)","(0.612623393535614, 0.48005491495132446, 0.01221676915884018)","(0.5695815682411194, 0.5275259613990784, 0.018126485869288445)","(0.5439154505729675, 0.5920085310935974, 0.025993986055254936)","(0.5167968273162842, 0.6172986626625061, 0.03582526370882988)","(0.570464015007019, 0.6485558748245239, -0.00985452625900507)","(0.5270170569419861, 0.6901603937149048, 0.0003246758715249598)","(0.5162380933761597, 0.6639845371246338, 0.015803853049874306)","(0.5192176699638367, 0.6376169323921204, 0.027694908902049065)","(0.6017564535140991, 0.6915625333786011, -0.010214000009000301)","(0.5476404428482056, 0.7523102760314941, -0.0016852666158229113)","(0.5420131087303162, 0.7100619673728943, 0.012721715494990349)","(0.551615834236145, 0.6741359829902649, 0.023394843563437462)","(0.6309043765068054, 0.7077915072441101, -0.006141819059848785)","(0.5865870118141174, 0.7586271166801453, 0.004387722350656986)","(0.5792137980461121, 0.7198408842086792, 0.017109617590904236)","(0.5873683094978333, 0.6858333349227905, 0.024525558575987816)","(0.6585220694541931, 0.7042808532714844, 0.0001314950204687193)","(0.627012312412262, 0.7674123048782349, 0.011848489753901958)","(0.6152727603912354, 0.7442166209220886, 0.025109024718403816)","(0.6154152154922485, 0.7139039635658264, 0.03483877331018448)",Reach
2298,"(0.6784166097640991, 0.4832122325897217, -5.2323546384513975e-08)","(0.6106160283088684, 0.48420000076293945, 0.012143872678279877)","(0.5668337941169739, 0.529695987701416, 0.018930703401565552)","(0.5421122312545776, 0.590736448764801, 0.027644667774438858)","(0.5162821412086487, 0.610534131526947, 0.038244105875492096)","(0.5679448843002319, 0.6569096446037292, -0.007849443703889847)","(0.5245253443717957, 0.6861541271209717, 0.0016003111377358437)","(0.5124043822288513, 0.6597942113876343, 0.015281632542610168)","(0.5132496953010559, 0.6333165168762207, 0.025929318740963936)","(0.5991089344024658, 0.6990247964859009, -0.008032540790736675)","(0.5459321737289429, 0.7511871457099915, -0.0001485729735577479)","(0.5392627120018005, 0.7096896767616272, 0.013278404250741005)","(0.5472714304924011, 0.6739662885665894, 0.023567965254187584)","(0.6276829242706299, 0.713410496711731, -0.00403238320723176)","(0.5842537879943848, 0.7602975964546204, 0.005585006438195705)","(0.5752474069595337, 0.7227316498756409, 0.01727527566254139)","(0.5812413692474365, 0.688446044921875, 0.024554749950766563)","(0.6548420786857605, 0.7080957293510437, 0.0020990867633372545)","(0.6254445314407349, 0.76701819896698, 0.013062533922493458)","(0.6122729778289795, 0.7455347180366516, 0.02519616298377514)","(0.6105843782424927, 0.715864360332489, 0.03446872532367706)",Reach
2299,"(0.6753109693527222, 0.4898453950881958, -6.07217529591253e-08)","(0.6084487438201904, 0.4886435270309448, 0.011632401496171951)","(0.5647445917129517, 0.5327560305595398, 0.019416408613324165)","(0.5396159887313843, 0.5895399451255798, 0.02907729521393776)","(0.5137410163879395, 0.6032604575157166, 0.040754903107881546)","(0.5636018514633179, 0.6648708581924438, -0.0029127418529242277)","(0.5223543643951416, 0.6856414675712585, 0.007107715588063002)","(0.5118504762649536, 0.6590843796730042, 0.019217567518353462)","(0.5134550333023071, 0.6330775022506714, 0.028392061591148376)","(0.5946467518806458, 0.7065818309783936, -0.0026856032200157642)","(0.5437760949134827, 0.7494195699691772, 0.005906078033149242)","(0.5378642082214355, 0.7087334990501404, 0.017404625192284584)","(0.5453284382820129, 0.6752540469169617, 0.026044994592666626)","(0.6230197548866272, 0.7206230163574219, 0.0012910646619275212)","(0.5810321569442749, 0.7574396133422852, 0.0112999202683568)","(0.5725060105323792, 0.7215372920036316, 0.02082343026995659)","(0.5774164795875549, 0.6894265413284302, 0.026393737643957138)","(0.649747371673584, 0.7158120274543762, 0.00723305344581604)","(0.6215260624885559, 0.7642362713813782, 0.018229719251394272)","(0.6085004806518555, 0.744326651096344, 0.028664587065577507)","(0.6055967211723328, 0.7178092002868652, 0.03652187064290047)",Reach
2300,"(0.6723617911338806, 0.49773818254470825, -7.641224897270149e-08)","(0.6054928302764893, 0.4939199984073639, 0.010342888534069061)","(0.562742292881012, 0.5353257656097412, 0.018212182447314262)","(0.5375447273254395, 0.5904877185821533, 0.02862384356558323)","(0.5121532678604126, 0.6024994254112244, 0.04130123555660248)","(0.5593627691268921, 0.6705260276794434, -0.003678336041048169)","(0.519120454788208, 0.6858631372451782, 0.007683669216930866)","(0.5108566284179688, 0.6563224792480469, 0.020419279113411903)","(0.5144405961036682, 0.6305122375488281, 0.029865719377994537)","(0.5901157855987549, 0.7130420207977295, -0.00193033495452255)","(0.540778636932373, 0.7474654316902161, 0.008699098601937294)","(0.5371488332748413, 0.7058242559432983, 0.020131096243858337)","(0.5462132096290588, 0.6731477379798889, 0.028124386444687843)","(0.6181580424308777, 0.7278199791908264, 0.003677997039631009)","(0.5773240327835083, 0.7525492310523987, 0.015341386198997498)","(0.5712780356407166, 0.7161710858345032, 0.023736609145998955)","(0.5787129402160645, 0.6846770644187927, 0.027998263016343117)","(0.644310474395752, 0.7241522669792175, 0.011185902170836926)","(0.6174624562263489, 0.7614234685897827, 0.023157794028520584)","(0.6073281168937683, 0.7411648035049438, 0.03258461132645607)","(0.606671929359436, 0.7165451049804688, 0.03940074145793915)",Reach
2301,"(0.6688329577445984, 0.5019027590751648, -7.76447990347151e-08)","(0.6029921174049377, 0.49843519926071167, 0.011506489478051662)","(0.5609033703804016, 0.5383580327033997, 0.020442673936486244)","(0.5363624095916748, 0.5900909900665283, 0.03174601122736931)","(0.5118446350097656, 0.6021406054496765, 0.04529113322496414)","(0.5559138059616089, 0.6740327477455139, -0.0009684363030828536)","(0.5177355408668518, 0.6866781115531921, 0.010606762953102589)","(0.5095305442810059, 0.6564145088195801, 0.022618163377046585)","(0.5126820802688599, 0.6289241909980774, 0.03162597492337227)","(0.5869392156600952, 0.714843213558197, 0.0006641200161539018)","(0.5391567945480347, 0.7475922703742981, 0.011921822093427181)","(0.5348243713378906, 0.7057479023933411, 0.023028358817100525)","(0.5430887937545776, 0.6721825003623962, 0.030677035450935364)","(0.6155176162719727, 0.728369951248169, 0.006072379648685455)","(0.5748671889305115, 0.7541993856430054, 0.01798190549015999)","(0.5683589577674866, 0.7169378399848938, 0.026237431913614273)","(0.5751873850822449, 0.6843150854110718, 0.030435165390372276)","(0.6420007348060608, 0.7242928743362427, 0.013512078672647476)","(0.6157265305519104, 0.7658877968788147, 0.02528870478272438)","(0.6051841974258423, 0.7460540533065796, 0.034594159573316574)","(0.6035840511322021, 0.7207403779029846, 0.041396912187337875)",Reach
2302,"(0.665320098400116, 0.5062676668167114, -9.182438276411631e-08)","(0.5996227860450745, 0.502771258354187, 0.01365647278726101)","(0.558510959148407, 0.5414149165153503, 0.024636318907141685)","(0.5340307354927063, 0.5917739868164062, 0.03809752315282822)","(0.5089980959892273, 0.6007968783378601, 0.05408196523785591)","(0.5522060394287109, 0.680558443069458, 0.0034614293836057186)","(0.5149355530738831, 0.6896848678588867, 0.018753541633486748)","(0.5082259774208069, 0.6575783491134644, 0.03315523639321327)","(0.5122507810592651, 0.6289729475975037, 0.04352865740656853)","(0.5839152932167053, 0.7208819389343262, 0.005729407072067261)","(0.5372582077980042, 0.7480897307395935, 0.02048712596297264)","(0.5343183279037476, 0.7042999863624573, 0.032792072743177414)","(0.5431239008903503, 0.6707875728607178, 0.04089406505227089)","(0.6133216023445129, 0.7331392765045166, 0.012060796841979027)","(0.5742784142494202, 0.7546224594116211, 0.026388611644506454)","(0.5689127445220947, 0.7154448628425598, 0.03459940105676651)","(0.576445996761322, 0.6819921731948853, 0.03846552595496178)","(0.6396552324295044, 0.7274899482727051, 0.020722486078739166)","(0.6148442029953003, 0.7684034705162048, 0.03379370644688606)","(0.6038559079170227, 0.7497720718383789, 0.04266449436545372)","(0.6012086272239685, 0.7254849076271057, 0.049013618379831314)",Reach
2303,"(0.6642305850982666, 0.5115089416503906, -1.0542259332169124e-07)","(0.5987808704376221, 0.5067450404167175, 0.013795287348330021)","(0.5579932332038879, 0.5437778234481812, 0.024525495246052742)","(0.532931923866272, 0.5905144810676575, 0.03738914057612419)","(0.5092002749443054, 0.599969208240509, 0.052614107728004456)","(0.5526189804077148, 0.6818129420280457, 0.003246225416660309)","(0.5144275426864624, 0.6910655498504639, 0.015221706591546535)","(0.5081713199615479, 0.6596254110336304, 0.026571882888674736)","(0.5132137537002563, 0.6301752328872681, 0.03515356779098511)","(0.583847165107727, 0.7230963110923767, 0.004858076106756926)","(0.5370050668716431, 0.7474643588066101, 0.017468450590968132)","(0.5343992114067078, 0.7056793570518494, 0.028186526149511337)","(0.5431256294250488, 0.6731463670730591, 0.03516487777233124)","(0.6126813888549805, 0.7364423871040344, 0.010200676508247852)","(0.5732424259185791, 0.7579582333564758, 0.023092569783329964)","(0.568299412727356, 0.7219451665878296, 0.030530009418725967)","(0.5753851532936096, 0.6898788809776306, 0.033875174820423126)","(0.6380717754364014, 0.7312750220298767, 0.017788700759410858)","(0.6130191087722778, 0.7684699296951294, 0.02966303564608097)","(0.6028542518615723, 0.7505052089691162, 0.0376996248960495)","(0.6004785299301147, 0.7271804809570312, 0.04352208971977234)",Reach
2304,"(0.6624299883842468, 0.5178467035293579, -1.1360073415289662e-07)","(0.5973455905914307, 0.5113936066627502, 0.014613029547035694)","(0.5567924380302429, 0.5456616878509521, 0.026181437075138092)","(0.5328723788261414, 0.5903817415237427, 0.03971041738986969)","(0.5103451609611511, 0.6006163954734802, 0.055521827191114426)","(0.5498249530792236, 0.6854100227355957, 0.005431300029158592)","(0.5131057500839233, 0.6918408870697021, 0.018363941460847855)","(0.5080618262290955, 0.65852952003479, 0.030176732689142227)","(0.5136971473693848, 0.629201352596283, 0.03900890052318573)","(0.5813890695571899, 0.725662350654602, 0.0068893954157829285)","(0.5356436967849731, 0.7493113875389099, 0.019969657063484192)","(0.5337107181549072, 0.7072488069534302, 0.030947370454669)","(0.5427121520042419, 0.6747968792915344, 0.038236960768699646)","(0.6112608313560486, 0.7377588748931885, 0.012058130465447903)","(0.5724483728408813, 0.7616297006607056, 0.024483177810907364)","(0.5675610899925232, 0.7249431610107422, 0.03187842294573784)","(0.574793815612793, 0.6921626925468445, 0.035609595477581024)","(0.6378592848777771, 0.7314351201057434, 0.019657570868730545)","(0.6139273047447205, 0.7733630537986755, 0.03096003830432892)","(0.602749228477478, 0.7570611238479614, 0.03895626962184906)","(0.59935063123703, 0.7340595722198486, 0.04496290534734726)",Reach
2305,"(0.6610627770423889, 0.5228798389434814, -1.2149774875069852e-07)","(0.5975658297538757, 0.5136498212814331, 0.016044922173023224)","(0.5569183826446533, 0.5465790629386902, 0.028947114944458008)","(0.5334018468856812, 0.5910648703575134, 0.04361628368496895)","(0.5135595202445984, 0.6035582423210144, 0.06055863946676254)","(0.5483826398849487, 0.6882428526878357, 0.008405523374676704)","(0.5122393369674683, 0.693466305732727, 0.02202751487493515)","(0.508206307888031, 0.660081684589386, 0.033712238073349)","(0.514729917049408, 0.6314719915390015, 0.042446088045835495)","(0.5795431137084961, 0.728970468044281, 0.009507865644991398)","(0.5349251627922058, 0.7510664463043213, 0.024026304483413696)","(0.5330795049667358, 0.710041344165802, 0.03513836860656738)","(0.5416916608810425, 0.6785340905189514, 0.04219880700111389)","(0.6096479296684265, 0.7416530847549438, 0.014241453260183334)","(0.571313738822937, 0.7617800235748291, 0.027803456410765648)","(0.5666899085044861, 0.726125955581665, 0.03499826043844223)","(0.5738416910171509, 0.6942530870437622, 0.038301754742860794)","(0.6365834474563599, 0.7364328503608704, 0.02146664261817932)","(0.6134276390075684, 0.7742756605148315, 0.03394026309251785)","(0.6025128960609436, 0.7588757276535034, 0.04196244478225708)","(0.598991334438324, 0.736923336982727, 0.04772251844406128)",Reach
2306,"(0.659162700176239, 0.5280091762542725, -1.0793676352705006e-07)","(0.5969030261039734, 0.5168294310569763, 0.013584895990788937)","(0.5562969446182251, 0.5505938529968262, 0.025043757632374763)","(0.53279048204422, 0.5948563814163208, 0.038387738168239594)","(0.511722981929779, 0.6033572554588318, 0.053821831941604614)","(0.5475916266441345, 0.6910396218299866, 0.006317335646599531)","(0.5121603608131409, 0.6960872411727905, 0.01812785118818283)","(0.5077788233757019, 0.6636783480644226, 0.028339240700006485)","(0.5139518976211548, 0.6349416971206665, 0.03606868162751198)","(0.5782607793807983, 0.7326265573501587, 0.0076781995594501495)","(0.5337024331092834, 0.7519495487213135, 0.020458456128835678)","(0.5319925546646118, 0.7109813094139099, 0.030396610498428345)","(0.5408141613006592, 0.6794441938400269, 0.036807283759117126)","(0.6076405048370361, 0.7465558052062988, 0.012287135235965252)","(0.5692537426948547, 0.7628821134567261, 0.024117866531014442)","(0.5648107528686523, 0.7267545461654663, 0.03005845844745636)","(0.5714108943939209, 0.6956050992012024, 0.0326835922896862)","(0.6341696381568909, 0.7433631420135498, 0.019128888845443726)","(0.6099228858947754, 0.7753015160560608, 0.029926082119345665)","(0.6002984046936035, 0.7566298842430115, 0.03680167347192764)","(0.5977939367294312, 0.7337174415588379, 0.04179849103093147)",Reach
2307,"(0.6586700677871704, 0.5320470929145813, -1.0787906745690634e-07)","(0.5959562063217163, 0.5200070738792419, 0.01581462472677231)","(0.5557646155357361, 0.551857590675354, 0.029445169493556023)","(0.5324767231941223, 0.5960190296173096, 0.045240286737680435)","(0.5119860768318176, 0.6065283417701721, 0.06331589072942734)","(0.5463257431983948, 0.6929981708526611, 0.008749261498451233)","(0.51191246509552, 0.6968120336532593, 0.023898733779788017)","(0.5077736973762512, 0.6642412543296814, 0.03669089078903198)","(0.5131239891052246, 0.6350236535072327, 0.046148959547281265)","(0.5776531100273132, 0.7333924770355225, 0.01067852322012186)","(0.5339349508285522, 0.7524638175964355, 0.02650049515068531)","(0.5310728549957275, 0.7122541666030884, 0.03795543685555458)","(0.538116991519928, 0.6801689267158508, 0.04528619721531868)","(0.6076148748397827, 0.7462866902351379, 0.016299063339829445)","(0.5690736770629883, 0.7611148357391357, 0.030754398554563522)","(0.5638736486434937, 0.7249253988265991, 0.03751186653971672)","(0.569598913192749, 0.692985475063324, 0.040567345917224884)","(0.6341467499732971, 0.7419918775558472, 0.024427810683846474)","(0.6107044816017151, 0.7745607495307922, 0.03776015341281891)","(0.6002119779586792, 0.7575154304504395, 0.045617248862981796)","(0.5963276624679565, 0.7347704172134399, 0.05120890960097313)",Reach
2308,"(0.657270610332489, 0.5345695614814758, -1.1093780472037906e-07)","(0.5962062478065491, 0.5210925936698914, 0.013986571691930294)","(0.5559836626052856, 0.552056610584259, 0.02538752742111683)","(0.5325953960418701, 0.5960163474082947, 0.03875022009015083)","(0.5136275291442871, 0.6078771948814392, 0.054249729961156845)","(0.5463463068008423, 0.6915689706802368, 0.0045168413780629635)","(0.5115081071853638, 0.6992212533950806, 0.016384681686758995)","(0.5074602961540222, 0.6653156280517578, 0.027597058564424515)","(0.513781726360321, 0.6351645588874817, 0.036308012902736664)","(0.5764555931091309, 0.7328441143035889, 0.0057945866137743)","(0.532724142074585, 0.7536548972129822, 0.018313784152269363)","(0.5305768251419067, 0.713472843170166, 0.028817711398005486)","(0.5383462905883789, 0.6821082234382629, 0.03592052310705185)","(0.6057871580123901, 0.7467616200447083, 0.010562674142420292)","(0.5673701167106628, 0.7644352316856384, 0.022474044933915138)","(0.5621656179428101, 0.729389488697052, 0.02920999564230442)","(0.5676614046096802, 0.6988394260406494, 0.032600387930870056)","(0.6327925324440002, 0.7432013750076294, 0.01765725202858448)","(0.6099426746368408, 0.7787313461303711, 0.029107926413416862)","(0.5999412536621094, 0.762252688407898, 0.03688730299472809)","(0.596297562122345, 0.740067183971405, 0.04263261333107948)",Reach
2309,"(0.6559638977050781, 0.5363335609436035, -1.0320872689817406e-07)","(0.5943954586982727, 0.5235702991485596, 0.01305399276316166)","(0.5543123483657837, 0.5548056364059448, 0.02369576320052147)","(0.5298826694488525, 0.5975748896598816, 0.036300789564847946)","(0.5112491846084595, 0.6078454852104187, 0.05100361630320549)","(0.5445236563682556, 0.6954514384269714, 0.004723269492387772)","(0.5108417868614197, 0.6971914172172546, 0.017318913713097572)","(0.5091543197631836, 0.6614524126052856, 0.027998752892017365)","(0.517108678817749, 0.631822407245636, 0.03597119450569153)","(0.5750274062156677, 0.7368497252464294, 0.00631518242880702)","(0.5324622392654419, 0.752343475818634, 0.020237606018781662)","(0.5308087468147278, 0.7130290269851685, 0.029918882995843887)","(0.5391053557395935, 0.6815423965454102, 0.03569735214114189)","(0.6046260595321655, 0.7505955696105957, 0.011382661759853363)","(0.5677993297576904, 0.7648051381111145, 0.02466544322669506)","(0.5628920197486877, 0.7293578386306763, 0.030248483642935753)","(0.5692588686943054, 0.6974195241928101, 0.03214820474386215)","(0.6314398646354675, 0.7473170161247253, 0.018610473722219467)","(0.6088859438896179, 0.778660237789154, 0.030773038044571877)","(0.5989786982536316, 0.7600980997085571, 0.03799945116043091)","(0.5957274436950684, 0.7356874346733093, 0.04293343052268028)",Reach
2310,"(0.656059205532074, 0.5396023392677307, -1.2413661920618324e-07)","(0.5936698913574219, 0.5262291431427002, 0.015586867928504944)","(0.5537397265434265, 0.5568472146987915, 0.028369981795549393)","(0.5311456918716431, 0.6016348600387573, 0.042582374066114426)","(0.5132467746734619, 0.6122138500213623, 0.05900489166378975)","(0.5438599586486816, 0.6956965923309326, 0.009480542503297329)","(0.5105977654457092, 0.6979778409004211, 0.021951595321297646)","(0.5080727934837341, 0.6623488068580627, 0.03251803293824196)","(0.5153128504753113, 0.6320527791976929, 0.0406496524810791)","(0.5728633999824524, 0.7366381883621216, 0.010335276834666729)","(0.5314919948577881, 0.7521116137504578, 0.02381804957985878)","(0.5287281274795532, 0.7134197950363159, 0.03346104919910431)","(0.5355566740036011, 0.681955099105835, 0.039739955216646194)","(0.6015932559967041, 0.7511644959449768, 0.014554972760379314)","(0.5644304752349854, 0.7659868597984314, 0.026921555399894714)","(0.5581558346748352, 0.7317411303520203, 0.03283094987273216)","(0.5629445314407349, 0.6992812156677246, 0.035661015659570694)","(0.6286056637763977, 0.7495204210281372, 0.021130139008164406)","(0.6073353886604309, 0.7817701697349548, 0.03227388486266136)","(0.5969545841217041, 0.7639564275741577, 0.03939080238342285)","(0.5930233597755432, 0.7390879988670349, 0.04493393376469612)",Reach
2311,"(0.6561405062675476, 0.5453189015388489, -7.526744383312689e-08)","(0.5943070650100708, 0.5310025811195374, 0.007878666743636131)","(0.5529806017875671, 0.5596177577972412, 0.01368446834385395)","(0.5299468636512756, 0.604363739490509, 0.02122562937438488)","(0.5153329968452454, 0.6193909645080566, 0.030372679233551025)","(0.5454103350639343, 0.6977170705795288, -0.003239873331040144)","(0.5102434754371643, 0.7000879049301147, 0.0017978789983317256)","(0.5076568722724915, 0.6619716882705688, 0.006555014289915562)","(0.5156736373901367, 0.6309693455696106, 0.010851319879293442)","(0.5745731592178345, 0.7404868006706238, -0.0027369961608201265)","(0.5311780571937561, 0.7550355792045593, 0.004757398273795843)","(0.5274969935417175, 0.7161515355110168, 0.010544690303504467)","(0.5356051325798035, 0.6834638714790344, 0.013889353722333908)","(0.6029915809631348, 0.7564595341682434, 0.0005089858896099031)","(0.5628993511199951, 0.7696439623832703, 0.008141794241964817)","(0.5559473633766174, 0.7337304949760437, 0.011905965395271778)","(0.5619117617607117, 0.7004926800727844, 0.013032161630690098)","(0.6295508146286011, 0.7553740739822388, 0.005361116025596857)","(0.6057262420654297, 0.7836014628410339, 0.012592865154147148)","(0.5949408411979675, 0.7622860670089722, 0.018494829535484314)","(0.5923097133636475, 0.7351651191711426, 0.022935882210731506)",Reach
2312,"(0.6541057229042053, 0.549231767654419, -9.983402549096354e-08)","(0.5935057997703552, 0.5350333452224731, 0.010069622658193111)","(0.5535638332366943, 0.5627954602241516, 0.016593292355537415)","(0.53084397315979, 0.6043602824211121, 0.023960446938872337)","(0.514512300491333, 0.6183639764785767, 0.03283512964844704)","(0.543429434299469, 0.6991837620735168, 0.000648553017526865)","(0.5097932815551758, 0.701831042766571, 0.004950977861881256)","(0.5082632899284363, 0.6646698713302612, 0.00881024356931448)","(0.5168169736862183, 0.6338890790939331, 0.012606337666511536)","(0.5721030235290527, 0.7405872344970703, -0.00032485811971127987)","(0.5312856435775757, 0.7555320262908936, 0.006898277904838324)","(0.5285875201225281, 0.7182285785675049, 0.012289523147046566)","(0.5361882448196411, 0.6869596838951111, 0.015298520214855671)","(0.6008591651916504, 0.7565150260925293, 0.001263422891497612)","(0.5637155175209045, 0.771497368812561, 0.008339563384652138)","(0.5576439499855042, 0.7372212409973145, 0.012209046632051468)","(0.5631802678108215, 0.7047842741012573, 0.013567580841481686)","(0.6284508109092712, 0.756222128868103, 0.004556215833872557)","(0.606147289276123, 0.7891866564750671, 0.011434579268097878)","(0.5959226489067078, 0.768619179725647, 0.017719188705086708)","(0.5930851101875305, 0.7412710189819336, 0.022570045664906502)",Reach
2313,"(0.6533289551734924, 0.5552182197570801, -9.630195307863687e-08)","(0.5925976634025574, 0.5386781096458435, 0.009469774551689625)","(0.5516946315765381, 0.5668068528175354, 0.016601862385869026)","(0.5287728309631348, 0.6106725931167603, 0.024818211793899536)","(0.5155365467071533, 0.6260924339294434, 0.0344778373837471)","(0.5413686633110046, 0.7039393782615662, 0.00224306364543736)","(0.5095725059509277, 0.7024166584014893, 0.009415920823812485)","(0.5097423791885376, 0.6633082628250122, 0.014647649601101875)","(0.5187984704971313, 0.6328080296516418, 0.018844593316316605)","(0.5700750350952148, 0.7459756135940552, 0.0020257513970136642)","(0.5314093828201294, 0.7548255920410156, 0.012516368180513382)","(0.5293706655502319, 0.7178199291229248, 0.018356814980506897)","(0.5371628999710083, 0.68753582239151, 0.020884526893496513)","(0.5994499921798706, 0.7623191475868225, 0.004406240303069353)","(0.5632439851760864, 0.7716352939605713, 0.01368487998843193)","(0.5580177903175354, 0.737443208694458, 0.017007596790790558)","(0.5643172860145569, 0.705394446849823, 0.017319342121481895)","(0.6270131468772888, 0.7635337710380554, 0.008425362408161163)","(0.6038333177566528, 0.7920706272125244, 0.016548939049243927)","(0.5952666401863098, 0.7708473801612854, 0.02283572591841221)","(0.5941759347915649, 0.7436540126800537, 0.027266353368759155)",Reach
2314,"(0.6529192328453064, 0.5564823746681213, -8.838316745141128e-08)","(0.5918160080909729, 0.538652241230011, 0.012970802374184132)","(0.5518734455108643, 0.5674800872802734, 0.02292613685131073)","(0.5300177931785583, 0.6111968755722046, 0.03407873585820198)","(0.5162816047668457, 0.624775230884552, 0.04692773148417473)","(0.5411286354064941, 0.702941358089447, 0.005098735447973013)","(0.5098483562469482, 0.7082083821296692, 0.015984265133738518)","(0.5083710551261902, 0.6680007576942444, 0.025119619444012642)","(0.5162591338157654, 0.6349920630455017, 0.03219016641378403)","(0.5697113275527954, 0.7455654740333557, 0.005328477825969458)","(0.531787633895874, 0.7586514949798584, 0.01883014291524887)","(0.528441309928894, 0.7215891480445862, 0.027170803397893906)","(0.5347110629081726, 0.6905093789100647, 0.0316891223192215)","(0.59895259141922, 0.7617413401603699, 0.008759969845414162)","(0.5637039542198181, 0.7732361555099487, 0.020788973197340965)","(0.55731201171875, 0.738993227481842, 0.025463299825787544)","(0.5624753832817078, 0.706153154373169, 0.02674809843301773)","(0.6263951063156128, 0.7619489431381226, 0.014245232567191124)","(0.6042327284812927, 0.7933353185653687, 0.024642908945679665)","(0.5949335098266602, 0.7716147899627686, 0.031861331313848495)","(0.593014121055603, 0.7419118881225586, 0.037127818912267685)",Grasp
2315,"(0.651346743106842, 0.559684693813324, -8.761003300605807e-08)","(0.5909579992294312, 0.5402168035507202, 0.011974339373409748)","(0.5514181852340698, 0.5674834847450256, 0.019596872851252556)","(0.5295668840408325, 0.609599232673645, 0.027254920452833176)","(0.5159872174263, 0.6251823902130127, 0.03607310727238655)","(0.5402103066444397, 0.7024621367454529, 0.006210277788341045)","(0.5082933902740479, 0.7082472443580627, 0.011316439136862755)","(0.5079129934310913, 0.6689701080322266, 0.014060993678867817)","(0.5166845917701721, 0.6354461312294006, 0.016961047425866127)","(0.5685366988182068, 0.7452847957611084, 0.004384739324450493)","(0.5310161709785461, 0.7576937675476074, 0.01426985114812851)","(0.5280183553695679, 0.7227770686149597, 0.018911901861429214)","(0.5341541767120361, 0.6926026344299316, 0.020564479753375053)","(0.5980457067489624, 0.7622633576393127, 0.004850857425481081)","(0.5620880722999573, 0.777452290058136, 0.013520311564207077)","(0.5554954409599304, 0.7445269227027893, 0.016265153884887695)","(0.5596809983253479, 0.7119307518005371, 0.016285743564367294)","(0.6259158253669739, 0.7630860209465027, 0.007110860664397478)","(0.6043087244033813, 0.7959080338478088, 0.015531817451119423)","(0.5950636863708496, 0.7750381231307983, 0.0220310240983963)","(0.5927627086639404, 0.7466678619384766, 0.02660631574690342)",Grasp
2316,"(0.6508098244667053, 0.5628102421760559, -9.451275673200144e-08)","(0.5907147526741028, 0.5408568382263184, 0.012815546244382858)","(0.5509874224662781, 0.5675728917121887, 0.022472267970442772)","(0.5301395654678345, 0.6103860139846802, 0.03288889676332474)","(0.5165439248085022, 0.6252219676971436, 0.0448131263256073)","(0.5389518141746521, 0.7018637657165527, 0.006214093416929245)","(0.5085778832435608, 0.7091175317764282, 0.014804119244217873)","(0.5076330304145813, 0.6704447865486145, 0.02175631932914257)","(0.5155795812606812, 0.6370309591293335, 0.027429111301898956)","(0.568003237247467, 0.7438249588012695, 0.00569294486194849)","(0.5305503010749817, 0.7610323429107666, 0.01714717224240303)","(0.5277589559555054, 0.7257423996925354, 0.024368269369006157)","(0.534250020980835, 0.6949638724327087, 0.02827552519738674)","(0.5980190634727478, 0.7600567936897278, 0.007946447469294071)","(0.5638570189476013, 0.7790789604187012, 0.017626173794269562)","(0.5578739047050476, 0.7463354468345642, 0.021696360781788826)","(0.5624927878379822, 0.7133591771125793, 0.02299698255956173)","(0.626244843006134, 0.7593987584114075, 0.01226048544049263)","(0.6046268343925476, 0.7977741956710815, 0.0207864660769701)","(0.5948531031608582, 0.7783729434013367, 0.02746993489563465)","(0.5921138525009155, 0.7496998310089111, 0.03249876946210861)",Grasp
2317,"(0.6494708061218262, 0.5645132660865784, -1.2626900058876345e-07)","(0.5908223986625671, 0.5414935350418091, 0.013749200850725174)","(0.5513681769371033, 0.5660315752029419, 0.023390835151076317)","(0.5303688049316406, 0.6078639626502991, 0.033264074474573135)","(0.5173582434654236, 0.6246112585067749, 0.044479817152023315)","(0.536466658115387, 0.701057493686676, 0.007595861796289682)","(0.5073950290679932, 0.7083154320716858, 0.015559117309749126)","(0.5088034272193909, 0.6696210503578186, 0.02156662382185459)","(0.5185843110084534, 0.6375346779823303, 0.026605714112520218)","(0.5651572346687317, 0.7432104349136353, 0.006035418249666691)","(0.5290311574935913, 0.7588780522346497, 0.017739633098244667)","(0.5277866125106812, 0.7249654531478882, 0.024581076577305794)","(0.5348528027534485, 0.6970912218093872, 0.027782130986452103)","(0.5955989360809326, 0.7601247429847717, 0.007139331195503473)","(0.5615783929824829, 0.7777105569839478, 0.01641792245209217)","(0.5572301149368286, 0.7447960376739502, 0.020471755415201187)","(0.5629945993423462, 0.7130387425422668, 0.021628037095069885)","(0.6247639656066895, 0.7604480385780334, 0.010339026339352131)","(0.6033921837806702, 0.8021529316902161, 0.0184539332985878)","(0.5945496559143066, 0.7807281017303467, 0.025586789473891258)","(0.5926994681358337, 0.7500698566436768, 0.030858978629112244)",Grasp
2318,"(0.6487091779708862, 0.5658949017524719, -1.2441036290056218e-07)","(0.5907198190689087, 0.5406296849250793, 0.012472093105316162)","(0.5520453453063965, 0.5639151334762573, 0.02154190093278885)","(0.5326776504516602, 0.6054894924163818, 0.031222248449921608)","(0.5202180743217468, 0.6227633357048035, 0.042345453053712845)","(0.5364391207695007, 0.6988346576690674, 0.005105499643832445)","(0.5084356069564819, 0.7087342739105225, 0.013172783888876438)","(0.5096526741981506, 0.6712620258331299, 0.02023063227534294)","(0.5196383595466614, 0.6410308480262756, 0.026054656133055687)","(0.5649360418319702, 0.7423115968704224, 0.004316641483455896)","(0.529405415058136, 0.7600714564323425, 0.01596898026764393)","(0.5286089777946472, 0.7251200675964355, 0.02368015982210636)","(0.5365053415298462, 0.6964917182922363, 0.02768281288444996)","(0.5952655076980591, 0.7598600387573242, 0.006193188950419426)","(0.5618895888328552, 0.7788125276565552, 0.015715891495347023)","(0.5570580959320068, 0.7465946674346924, 0.02008155547082424)","(0.5626670718193054, 0.7155117392539978, 0.021393010392785072)","(0.6246746182441711, 0.7597798109054565, 0.010115168057382107)","(0.6043730974197388, 0.8019843697547913, 0.018382612615823746)","(0.5949940085411072, 0.7839205265045166, 0.025124017149209976)","(0.5927658081054688, 0.7568631172180176, 0.030035583302378654)",Grasp
2319,"(0.6490249633789062, 0.5654915571212769, -1.0987888288127579e-07)","(0.590345025062561, 0.5396910309791565, 0.011493401601910591)","(0.5516852140426636, 0.5631378293037415, 0.020345117896795273)","(0.5322970151901245, 0.6052147746086121, 0.029979132115840912)","(0.5222480297088623, 0.6273869872093201, 0.04116346687078476)","(0.5363329648971558, 0.696397602558136, 0.005286556202918291)","(0.5097359418869019, 0.7090630531311035, 0.01388515904545784)","(0.5115636587142944, 0.6724265217781067, 0.020935729146003723)","(0.5213688611984253, 0.6429413557052612, 0.026646990329027176)","(0.5651000142097473, 0.7411075234413147, 0.005074843764305115)","(0.53055739402771, 0.7578389644622803, 0.01753319427371025)","(0.5303133726119995, 0.7244817018508911, 0.02504776231944561)","(0.5388861894607544, 0.697024405002594, 0.02871030941605568)","(0.5958369374275208, 0.7602975368499756, 0.007463193964213133)","(0.5640093684196472, 0.779585599899292, 0.017804337665438652)","(0.5603499412536621, 0.7474883794784546, 0.02218611165881157)","(0.5668574571609497, 0.7161977291107178, 0.023397495970129967)","(0.6248347163200378, 0.7615014910697937, 0.011723598465323448)","(0.6028112769126892, 0.8018082976341248, 0.02075115591287613)","(0.594039261341095, 0.7815964221954346, 0.028060084208846092)","(0.592810869216919, 0.7525590658187866, 0.033342842012643814)",Grasp
2320,"(0.6483427882194519, 0.5646854043006897, -1.0367220681928302e-07)","(0.5906606316566467, 0.5380050539970398, 0.010356943123042583)","(0.5528203248977661, 0.5605626702308655, 0.0191532950848341)","(0.533757209777832, 0.6021658778190613, 0.02880585938692093)","(0.5216941237449646, 0.6255927085876465, 0.04000336304306984)","(0.5352563858032227, 0.6957932710647583, 0.006759431213140488)","(0.5110074281692505, 0.7098590135574341, 0.01585354469716549)","(0.5137295722961426, 0.6760252714157104, 0.02255716547369957)","(0.5231941342353821, 0.6490151286125183, 0.027598019689321518)","(0.5640508532524109, 0.7394725680351257, 0.006945155095309019)","(0.5305482149124146, 0.7591336369514465, 0.018847651779651642)","(0.5305680632591248, 0.7266241312026978, 0.02577381022274494)","(0.5390419960021973, 0.6989476680755615, 0.029201406985521317)","(0.595047116279602, 0.7585138082504272, 0.009448467753827572)","(0.5639300346374512, 0.7803903818130493, 0.0187013391405344)","(0.5606514811515808, 0.7490624785423279, 0.022390825673937798)","(0.5671294927597046, 0.7176757454872131, 0.02342831715941429)","(0.6240464448928833, 0.759854793548584, 0.013736894354224205)","(0.6039150357246399, 0.8026845455169678, 0.021212907508015633)","(0.5949888825416565, 0.784949779510498, 0.027158956974744797)","(0.5928627252578735, 0.7572871446609497, 0.03169245272874832)",Grasp
2321,"(0.6490759253501892, 0.5665542483329773, -1.2697805118477845e-07)","(0.5912862420082092, 0.5369665026664734, 0.011400440707802773)","(0.5529888868331909, 0.5592323541641235, 0.02172177843749523)","(0.5344651341438293, 0.6024085283279419, 0.03292544186115265)","(0.521686851978302, 0.6264240741729736, 0.04561961442232132)","(0.5338894724845886, 0.6954981088638306, 0.009907370433211327)","(0.5116723775863647, 0.7089022397994995, 0.02199639193713665)","(0.5151978731155396, 0.6766367554664612, 0.03051386959850788)","(0.5245247483253479, 0.6517044305801392, 0.036496441811323166)","(0.5619868040084839, 0.7398587465286255, 0.010664819739758968)","(0.5304430723190308, 0.7551127672195435, 0.026003152132034302)","(0.5317396521568298, 0.7217687964439392, 0.03429915010929108)","(0.5407345294952393, 0.6946163177490234, 0.0382336862385273)","(0.5926337838172913, 0.7596445679664612, 0.01385754905641079)","(0.5623430609703064, 0.7744339108467102, 0.025665145367383957)","(0.5604733824729919, 0.7424712181091309, 0.02974572218954563)","(0.5683743357658386, 0.7121814489364624, 0.030711490660905838)","(0.6217132210731506, 0.7624326348304749, 0.018874183297157288)","(0.6022813320159912, 0.8032496571540833, 0.028125550597906113)","(0.5940278172492981, 0.7852307558059692, 0.03436125069856644)","(0.5928345918655396, 0.7574452757835388, 0.038960061967372894)",Grasp
2322,"(0.646916389465332, 0.5654011964797974, -9.161167469073916e-08)","(0.58990478515625, 0.5362475514411926, 0.009890804067254066)","(0.5514488816261292, 0.5583938360214233, 0.01770639233291149)","(0.5327996611595154, 0.6023339033126831, 0.025766124948859215)","(0.5257481932640076, 0.631458044052124, 0.03488124907016754)","(0.5332049131393433, 0.6947411298751831, 0.008390997536480427)","(0.5099320411682129, 0.7075054049491882, 0.01604120060801506)","(0.5121214389801025, 0.673140823841095, 0.019994044676423073)","(0.5204779505729675, 0.6462188363075256, 0.022977694869041443)","(0.5614874958992004, 0.7392013072967529, 0.007615492679178715)","(0.529242753982544, 0.7552551031112671, 0.01984388567507267)","(0.5288761258125305, 0.722504734992981, 0.025206204503774643)","(0.5370059609413147, 0.6954630613327026, 0.02691696025431156)","(0.5923223495483398, 0.7593027353286743, 0.008811418898403645)","(0.5599931478500366, 0.7812265157699585, 0.01801307499408722)","(0.5570734143257141, 0.7487930655479431, 0.02067567966878414)","(0.5643578767776489, 0.7166539430618286, 0.020591672509908676)","(0.6214858293533325, 0.7612338066101074, 0.011616555042564869)","(0.602100133895874, 0.8064962029457092, 0.01894317753612995)","(0.5944369435310364, 0.7863022685050964, 0.02490965649485588)","(0.5939056277275085, 0.7556108236312866, 0.029251817613840103)",Grasp
2323,"(0.6478911638259888, 0.5649459958076477, -1.1719873072024711e-07)","(0.5906115770339966, 0.5367292165756226, 0.012683751992881298)","(0.5523297190666199, 0.55809485912323, 0.023527681827545166)","(0.5337746143341064, 0.6024653315544128, 0.034975815564394)","(0.5236753225326538, 0.6308595538139343, 0.047931037843227386)","(0.5334920287132263, 0.69471275806427, 0.011836854740977287)","(0.5109231472015381, 0.7113243341445923, 0.0241837278008461)","(0.5140138268470764, 0.6784079074859619, 0.032629549503326416)","(0.5230671167373657, 0.6521439552307129, 0.038609828799963)","(0.5620677471160889, 0.7384811639785767, 0.011845627799630165)","(0.5300008654594421, 0.7572243809700012, 0.02734755352139473)","(0.5309285521507263, 0.7238417267799377, 0.035374220460653305)","(0.5399789810180664, 0.6969428062438965, 0.03914431482553482)","(0.5932226777076721, 0.758435070514679, 0.01437466125935316)","(0.5628573298454285, 0.7788645029067993, 0.02604232169687748)","(0.5619018077850342, 0.7454846501350403, 0.030351432040333748)","(0.5706108808517456, 0.7141027450561523, 0.03160887584090233)","(0.6224755644798279, 0.7602162957191467, 0.01888231560587883)","(0.6034225821495056, 0.8100696802139282, 0.027833495289087296)","(0.5953447818756104, 0.7916494607925415, 0.0345487967133522)","(0.5941643714904785, 0.7613264322280884, 0.03969157487154007)",Grasp
2324,"(0.6484526991844177, 0.5653860569000244, -1.2707482710538898e-07)","(0.5905458331108093, 0.5370645523071289, 0.013547922484576702)","(0.552444577217102, 0.5586312413215637, 0.024875566363334656)","(0.5336918830871582, 0.60313880443573, 0.03701130673289299)","(0.5224719047546387, 0.6314373016357422, 0.050644077360630035)","(0.5335613489151001, 0.6962006092071533, 0.0108244763687253)","(0.5102105140686035, 0.7111709713935852, 0.024796050041913986)","(0.512935996055603, 0.6765618920326233, 0.03497462347149849)","(0.5216467976570129, 0.6491649150848389, 0.042158856987953186)","(0.5626749396324158, 0.7404696941375732, 0.011323599144816399)","(0.5304374098777771, 0.75665682554245, 0.029253194108605385)","(0.5312879681587219, 0.7218868732452393, 0.03907010704278946)","(0.5401188135147095, 0.6938604116439819, 0.043564047664403915)","(0.594141960144043, 0.7597081065177917, 0.014650772325694561)","(0.5630294680595398, 0.7759763598442078, 0.028346732258796692)","(0.5628950595855713, 0.7396566271781921, 0.03345827758312225)","(0.5724508166313171, 0.7073317766189575, 0.034760814160108566)","(0.6232321858406067, 0.7611737847328186, 0.02006339281797409)","(0.6028802394866943, 0.8099426031112671, 0.030278118327260017)","(0.5958014130592346, 0.7883443832397461, 0.03756628930568695)","(0.5959354043006897, 0.7557805180549622, 0.04287338629364967)",Grasp
2325,"(0.6484196782112122, 0.569772481918335, -1.3921413710704655e-07)","(0.591941237449646, 0.5402646064758301, 0.011148892343044281)","(0.5539907813072205, 0.5617554783821106, 0.020774640142917633)","(0.5359132885932922, 0.6065927147865295, 0.030682897195219994)","(0.5233185291290283, 0.632285475730896, 0.04171375930309296)","(0.5342219471931458, 0.6983729600906372, 0.008716876618564129)","(0.5102464556694031, 0.7141845226287842, 0.017356865108013153)","(0.5129462480545044, 0.6789112091064453, 0.023675577715039253)","(0.5226311683654785, 0.6504703164100647, 0.028753111138939857)","(0.5631141066551208, 0.7407710552215576, 0.008044504560530186)","(0.5312017202377319, 0.7613608837127686, 0.020880183205008507)","(0.5326330065727234, 0.725493311882019, 0.028151653707027435)","(0.5422888994216919, 0.6969271302223206, 0.031555842608213425)","(0.5946627855300903, 0.7594578862190247, 0.009494954720139503)","(0.565374493598938, 0.7781075239181519, 0.018000800162553787)","(0.5656081438064575, 0.7405024170875549, 0.021931422874331474)","(0.5754215121269226, 0.7076888084411621, 0.023359935730695724)","(0.6251527667045593, 0.7618916034698486, 0.012772402726113796)","(0.6062936186790466, 0.8144128918647766, 0.01805623434484005)","(0.5987274646759033, 0.7930964827537537, 0.023754773661494255)","(0.598472535610199, 0.7609419822692871, 0.028597882017493248)",Grasp
2326,"(0.651915967464447, 0.5707961320877075, -1.0808803097006603e-07)","(0.5939871072769165, 0.5410857200622559, 0.009394552558660507)","(0.5555623173713684, 0.5657482743263245, 0.01734362728893757)","(0.5365962386131287, 0.6106060743331909, 0.0256545040756464)","(0.5229767560958862, 0.6357600688934326, 0.035157524049282074)","(0.5365455150604248, 0.7022697925567627, 0.006374705117195845)","(0.5119523406028748, 0.7190634608268738, 0.014597687870264053)","(0.5148023366928101, 0.6815361976623535, 0.020469732582569122)","(0.5246386528015137, 0.6528902053833008, 0.02503780461847782)","(0.5658788681030273, 0.7452555298805237, 0.006020654458552599)","(0.5334236025810242, 0.7652918696403503, 0.01861301250755787)","(0.5344156622886658, 0.728706955909729, 0.025465160608291626)","(0.5447034239768982, 0.7003494501113892, 0.0283669326454401)","(0.597819447517395, 0.7634785175323486, 0.007775395177304745)","(0.5681277513504028, 0.7845995426177979, 0.016804706305265427)","(0.5669031143188477, 0.7486200928688049, 0.02086588926613331)","(0.5768610835075378, 0.7164197564125061, 0.022065863013267517)","(0.6284854412078857, 0.764900803565979, 0.01114251185208559)","(0.6079267859458923, 0.8148625493049622, 0.017687350511550903)","(0.5995529890060425, 0.7933590412139893, 0.024278556928038597)","(0.5999130010604858, 0.7613663673400879, 0.029464442282915115)",Move
2327,"(0.6552971005439758, 0.5698589086532593, -1.2498414037054317e-07)","(0.5963066816329956, 0.5429577827453613, 0.008157223463058472)","(0.5568608641624451, 0.5680122971534729, 0.014865349978208542)","(0.5378196239471436, 0.614963948726654, 0.0223630890250206)","(0.5266205072402954, 0.641656756401062, 0.031094223260879517)","(0.5411051511764526, 0.7047603130340576, 0.0009223829838447273)","(0.5132985711097717, 0.7218285202980042, 0.007268212735652924)","(0.5146546959877014, 0.6814066767692566, 0.012695759534835815)","(0.5247178077697754, 0.6513270735740662, 0.017242033034563065)","(0.5704113245010376, 0.7472144961357117, 0.000705429760273546)","(0.5343962907791138, 0.7645009756088257, 0.01169346272945404)","(0.5346953272819519, 0.7249684929847717, 0.01824394427239895)","(0.545485258102417, 0.6963319778442383, 0.02088579349219799)","(0.6015447378158569, 0.7649964690208435, 0.00276742922142148)","(0.568321168422699, 0.7833555936813354, 0.011006958782672882)","(0.5662974119186401, 0.7458850145339966, 0.01494090911000967)","(0.5764869451522827, 0.7133578658103943, 0.015859322622418404)","(0.6313351988792419, 0.766320526599884, 0.00638729939237237)","(0.6103720664978027, 0.817651629447937, 0.012184309773147106)","(0.6019109487533569, 0.7949557304382324, 0.018412059172987938)","(0.6023862957954407, 0.7615259289741516, 0.023233523592352867)",Move
2328,"(0.6576969623565674, 0.5711528658866882, -1.0525162963404e-07)","(0.5983948111534119, 0.5451001524925232, 0.00717162573710084)","(0.557748019695282, 0.5717697143554688, 0.013810805045068264)","(0.5387611389160156, 0.6206958293914795, 0.021583234891295433)","(0.5272084474563599, 0.6458044052124023, 0.03074537217617035)","(0.5453525185585022, 0.7109313011169434, 0.0005264023202471435)","(0.5166381597518921, 0.7258689403533936, 0.007495256140828133)","(0.5164148211479187, 0.6835151314735413, 0.013651259243488312)","(0.5259449481964111, 0.6508258581161499, 0.018744276836514473)","(0.5749111771583557, 0.7532830238342285, 0.0011069378815591335)","(0.5374500751495361, 0.7685353755950928, 0.011712451465427876)","(0.536331057548523, 0.7278455495834351, 0.018086856231093407)","(0.5471701622009277, 0.6981253027915955, 0.020954877138137817)","(0.6057819128036499, 0.7702311873435974, 0.0040293666534125805)","(0.5718424320220947, 0.7875469923019409, 0.01196337677538395)","(0.5688424706459045, 0.7489523887634277, 0.015800531953573227)","(0.5786634087562561, 0.7154234647750854, 0.016906678676605225)","(0.63499516248703, 0.7707310318946838, 0.008498317562043667)","(0.6135404109954834, 0.8189300298690796, 0.014184524305164814)","(0.6050701141357422, 0.7955495715141296, 0.020405711606144905)","(0.6060356497764587, 0.7619394063949585, 0.02536739781498909)",Move
2329,"(0.6621251106262207, 0.5707640051841736, -1.235108157970899e-07)","(0.6010613441467285, 0.5465266704559326, 0.0067312633618712425)","(0.559187650680542, 0.5762987732887268, 0.012807347811758518)","(0.5398602485656738, 0.6266939043998718, 0.02024766057729721)","(0.5272433757781982, 0.6496133208274841, 0.029031626880168915)","(0.5493430495262146, 0.7149832844734192, -0.0017497901571914554)","(0.5191690325737, 0.7290346622467041, 0.005024075973778963)","(0.5185263156890869, 0.6849789023399353, 0.011067518033087254)","(0.528570830821991, 0.6521756052970886, 0.015957999974489212)","(0.5794463753700256, 0.7557545304298401, -0.001029054168611765)","(0.5405803322792053, 0.769420862197876, 0.009709339588880539)","(0.5380611419677734, 0.7266251444816589, 0.01600521057844162)","(0.5483530163764954, 0.6955528855323792, 0.018532484769821167)","(0.6103466153144836, 0.7711898684501648, 0.0021660886704921722)","(0.5734856724739075, 0.7883603572845459, 0.010131151415407658)","(0.5688651204109192, 0.7477548718452454, 0.01342101115733385)","(0.5782341361045837, 0.7126110196113586, 0.013877377845346928)","(0.6392804980278015, 0.7706912755966187, 0.006951974239200354)","(0.6179232001304626, 0.8226226568222046, 0.011502008885145187)","(0.6083272099494934, 0.7994333505630493, 0.016546783968806267)","(0.6083160042762756, 0.7646315693855286, 0.020653722807765007)",Move
2330,"(0.6661351919174194, 0.570810079574585, -7.572633364816284e-08)","(0.6049979329109192, 0.5484520196914673, 0.0018744566477835178)","(0.561713695526123, 0.5798884034156799, 0.0047241332940757275)","(0.5417221784591675, 0.6318623423576355, 0.009954011999070644)","(0.5285356044769287, 0.6565645337104797, 0.01652512140572071)","(0.5556084513664246, 0.7144435048103333, -0.01220341119915247)","(0.5229264497756958, 0.734601616859436, -0.008656478486955166)","(0.5179081559181213, 0.6920595765113831, -0.0028725152369588614)","(0.5252373218536377, 0.657294750213623, 0.00228599994443357)","(0.5853697061538696, 0.7551501989364624, -0.010345693677663803)","(0.5440168976783752, 0.7758152484893799, -0.0035562398843467236)","(0.5386664271354675, 0.7335898876190186, 0.0027262470684945583)","(0.5479200482368469, 0.7000932693481445, 0.0060418834909796715)","(0.6154142618179321, 0.7708499431610107, -0.0061044818721711636)","(0.5773635506629944, 0.7912132740020752, -0.001189025235362351)","(0.5704319477081299, 0.7510042786598206, 0.0020980676636099815)","(0.5782846808433533, 0.7150267958641052, 0.0031474221032112837)","(0.644055962562561, 0.7699967622756958, -0.0005930542247369885)","(0.6225289106369019, 0.8227137327194214, 0.0015353667549788952)","(0.6119984984397888, 0.8004336953163147, 0.005979590583592653)","(0.6118297576904297, 0.7666382193565369, 0.010089568793773651)",Move
2331,"(0.6695372462272644, 0.5709313750267029, -7.860771233936248e-08)","(0.607433557510376, 0.5488449931144714, 0.006363120395690203)","(0.5638890266418457, 0.582848310470581, 0.014343632385134697)","(0.5435751080513, 0.638749361038208, 0.024861490353941917)","(0.5262360572814941, 0.6633474826812744, 0.03722505643963814)","(0.557858943939209, 0.7196014523506165, -0.003377579851076007)","(0.5262430310249329, 0.7442246079444885, 0.0076276687905192375)","(0.520278811454773, 0.7039781808853149, 0.018815888091921806)","(0.5261802673339844, 0.6702681183815002, 0.027334334328770638)","(0.5888826847076416, 0.7588977813720703, -0.000254575366852805)","(0.5491869449615479, 0.786840558052063, 0.01324091013520956)","(0.5424337387084961, 0.7447114586830139, 0.023133696988224983)","(0.5496341586112976, 0.7100857496261597, 0.028673158958554268)","(0.6193178296089172, 0.7729097604751587, 0.005746275186538696)","(0.5823100209236145, 0.7937629222869873, 0.01597672514617443)","(0.5756809711456299, 0.7529168725013733, 0.020870309323072433)","(0.5838603377342224, 0.7173269987106323, 0.02267039194703102)","(0.6475831866264343, 0.7718415260314941, 0.013462687842547894)","(0.6273767948150635, 0.8249636888504028, 0.01961606927216053)","(0.6164231300354004, 0.8038821220397949, 0.024944745004177094)","(0.615426242351532, 0.7707570195198059, 0.02955291047692299)",Move
2332,"(0.6739795804023743, 0.5690100193023682, -8.216461111487661e-08)","(0.6094903945922852, 0.5483696460723877, 0.004863436333835125)","(0.565520703792572, 0.5845242142677307, 0.01159690972417593)","(0.5448224544525146, 0.6413806676864624, 0.020542452111840248)","(0.5279500484466553, 0.6668915748596191, 0.031090136617422104)","(0.56062912940979, 0.724586009979248, -0.004117562435567379)","(0.5276731848716736, 0.7460067272186279, 0.004420157056301832)","(0.5217280387878418, 0.7030025124549866, 0.012437165714800358)","(0.5283270478248596, 0.669650137424469, 0.018552515655755997)","(0.5929709076881409, 0.7606114149093628, -0.001679602894000709)","(0.5528860092163086, 0.7890975475311279, 0.009845876134932041)","(0.5453230142593384, 0.7459798455238342, 0.017267009243369102)","(0.553043007850647, 0.7099758386611938, 0.02084517478942871)","(0.6246138215065002, 0.7707935571670532, 0.003299190429970622)","(0.5878787636756897, 0.7954792976379395, 0.012074057012796402)","(0.5797833800315857, 0.7569209933280945, 0.015566760674118996)","(0.587803304195404, 0.7203600406646729, 0.01625693589448929)","(0.6536608934402466, 0.7664719820022583, 0.009757325984537601)","(0.635103166103363, 0.8241329193115234, 0.01455291360616684)","(0.6220394968986511, 0.8077643513679504, 0.018778830766677856)","(0.6190161108970642, 0.7765632271766663, 0.022441638633608818)",Move
2333,"(0.6769572496414185, 0.5658143162727356, -7.508072741302385e-08)","(0.6113759875297546, 0.5473601222038269, 0.0035478570498526096)","(0.5671485066413879, 0.5861147046089172, 0.009502862580120564)","(0.5464177131652832, 0.6437886357307434, 0.017749490216374397)","(0.5297929048538208, 0.6696153879165649, 0.02771107107400894)","(0.5654587745666504, 0.7253573536872864, -0.005797244608402252)","(0.5300685167312622, 0.751654326915741, -1.4971163182053715e-05)","(0.5229573249816895, 0.7074183225631714, 0.006346549838781357)","(0.5301615595817566, 0.6728482246398926, 0.011820045299828053)","(0.598233163356781, 0.7602394819259644, -0.003272540168836713)","(0.5554385185241699, 0.7935182452201843, 0.005294633097946644)","(0.54740309715271, 0.7477590441703796, 0.011560987681150436)","(0.555776834487915, 0.7110127806663513, 0.015006999485194683)","(0.6296298503875732, 0.769912838935852, 0.0015170963015407324)","(0.5906723737716675, 0.7986359000205994, 0.0079704774543643)","(0.58293217420578, 0.7585475444793701, 0.011040065437555313)","(0.5915592908859253, 0.7218720316886902, 0.012030962854623795)","(0.6583545804023743, 0.7649478912353516, 0.0076872799545526505)","(0.6395779848098755, 0.8250047564506531, 0.010528186336159706)","(0.6269409656524658, 0.8085330128669739, 0.013877536170184612)","(0.6239652633666992, 0.7776395678520203, 0.017277438193559647)",Move
2334,"(0.679086446762085, 0.5608148574829102, -6.412511766029638e-08)","(0.6131049394607544, 0.543739378452301, -0.0007894703303463757)","(0.5677469968795776, 0.584894061088562, 0.002660787897184491)","(0.5463447570800781, 0.6476553082466125, 0.009448137134313583)","(0.5314643979072571, 0.6773351430892944, 0.018198074772953987)","(0.569827139377594, 0.7273421883583069, -0.012900264002382755)","(0.5314724445343018, 0.7579854130744934, -0.007634260226041079)","(0.5236411094665527, 0.7117742896080017, -0.0004552612663246691)","(0.5314013361930847, 0.6758117079734802, 0.005837657023221254)","(0.6028437614440918, 0.7622811198234558, -0.008374829776585102)","(0.5583683252334595, 0.7971006035804749, -9.178755135508254e-05)","(0.5493388772010803, 0.7494650483131409, 0.00618039770051837)","(0.5572898983955383, 0.7111543416976929, 0.009583530016243458)","(0.6337903738021851, 0.7700128555297852, -0.001465818379074335)","(0.5947806239128113, 0.796140730381012, 0.005521694198250771)","(0.5861058235168457, 0.7546489238739014, 0.0083615742623806)","(0.5944191217422485, 0.7168579697608948, 0.008901786990463734)","(0.6618761420249939, 0.7622939348220825, 0.0065239728428423405)","(0.6441321969032288, 0.821014404296875, 0.010603793896734715)","(0.6310937404632568, 0.8066628575325012, 0.014088776893913746)","(0.6273998618125916, 0.7778650522232056, 0.01722312532365322)",Move
2335,"(0.6818516254425049, 0.5574436187744141, -3.281992633219488e-08)","(0.6142430305480957, 0.5398959517478943, -0.005339832976460457)","(0.5678775906562805, 0.5838809609413147, -0.003912332933396101)","(0.5461488962173462, 0.6504101753234863, 0.0014460212551057339)","(0.5310115814208984, 0.6822069883346558, 0.009048337116837502)","(0.5740402340888977, 0.7295119166374207, -0.015892377123236656)","(0.533527135848999, 0.7635775208473206, -0.012051978148519993)","(0.5244218111038208, 0.7167258858680725, -0.00617107143625617)","(0.5315556526184082, 0.6793996095657349, -0.0007589980377815664)","(0.6077836155891418, 0.7652186751365662, -0.009572315961122513)","(0.5606761574745178, 0.7996017336845398, -0.0019551997538655996)","(0.5503760576248169, 0.7505040764808655, 0.0033007997553795576)","(0.5581651926040649, 0.710981011390686, 0.005846827756613493)","(0.6380073428153992, 0.7725389003753662, -0.0013087426777929068)","(0.5958529114723206, 0.7952263355255127, 0.005803389009088278)","(0.586077094078064, 0.7526987195014954, 0.008089298382401466)","(0.5943624973297119, 0.7137435674667358, 0.008010264486074448)","(0.6649789214134216, 0.7641240954399109, 0.007504292763769627)","(0.6425940990447998, 0.8139464855194092, 0.012421587482094765)","(0.630098819732666, 0.792670488357544, 0.016364773735404015)","(0.6283375024795532, 0.7587572932243347, 0.01956999860703945)",Move
2336,"(0.6834316253662109, 0.5526625514030457, -2.0675797074432012e-08)","(0.6164190173149109, 0.5367429852485657, -0.008430678397417068)","(0.568488359451294, 0.5848085880279541, -0.00882638432085514)","(0.5458838939666748, 0.654084324836731, -0.00535753695294261)","(0.5288249850273132, 0.6847928166389465, 0.00042348631541244686)","(0.5769901871681213, 0.7332030534744263, -0.017044320702552795)","(0.5343894362449646, 0.7682745456695557, -0.01600678823888302)","(0.5251529812812805, 0.7194041609764099, -0.01250441838055849)","(0.5328298211097717, 0.6810712218284607, -0.008322750218212605)","(0.6115585565567017, 0.7665725350379944, -0.010711808688938618)","(0.5638124346733093, 0.8014321327209473, -0.005876506678760052)","(0.5530325770378113, 0.7504776120185852, -0.0024997370783239603)","(0.5611780881881714, 0.7094005942344666, -0.0005993891973048449)","(0.6420004367828369, 0.7719458341598511, -0.0030243631917983294)","(0.5992796421051025, 0.793694019317627, 0.0014922183472663164)","(0.5889796614646912, 0.7506391406059265, 0.0030042678117752075)","(0.5973861813545227, 0.7118171453475952, 0.0030929092317819595)","(0.6690550446510315, 0.7621415257453918, 0.004833415616303682)","(0.6460294127464294, 0.8084840774536133, 0.0083387466147542)","(0.6334075927734375, 0.7866340279579163, 0.012228005565702915)","(0.6319476962089539, 0.7534069418907166, 0.015744520351290703)",Move
2337,"(0.6871718764305115, 0.5449758768081665, -8.687150554465006e-09)","(0.6180480122566223, 0.5306082963943481, -0.011168092489242554)","(0.5686370134353638, 0.5834184885025024, -0.012287577614188194)","(0.5466373562812805, 0.6535672545433044, -0.009475735016167164)","(0.5301734209060669, 0.6829538345336914, -0.004443993326276541)","(0.5832645297050476, 0.7329383492469788, -0.019115149974822998)","(0.5383842587471008, 0.7706382870674133, -0.02027067169547081)","(0.5264169573783875, 0.7214550375938416, -0.018226290121674538)","(0.532047688961029, 0.6813334226608276, -0.015015565790235996)","(0.618064820766449, 0.7635113596916199, -0.012430963106453419)","(0.5671929121017456, 0.8010820150375366, -0.010220357216894627)","(0.5536490678787231, 0.7490323781967163, -0.008041568100452423)","(0.5604532957077026, 0.7053423523902893, -0.006583001930266619)","(0.6478551626205444, 0.7662026286125183, -0.004877537023276091)","(0.6031351089477539, 0.7910639643669128, -0.0033217526506632566)","(0.5904313921928406, 0.7470970749855042, -0.0030767256394028664)","(0.5968470573425293, 0.7053731679916382, -0.003195042023435235)","(0.6740644574165344, 0.7535954713821411, 0.0025965541135519743)","(0.649660587310791, 0.8025801181793213, 0.0028809078503400087)","(0.6346769332885742, 0.7793815732002258, 0.00505211902782321)","(0.6314377784729004, 0.7431092262268066, 0.007759117521345615)",Move
2338,"(0.6897130012512207, 0.5356931686401367, 2.191064751855265e-08)","(0.6196879148483276, 0.5229923129081726, -0.013440577313303947)","(0.5699958205223083, 0.5800945162773132, -0.013889947906136513)","(0.5466631054878235, 0.6536535024642944, -0.009030443616211414)","(0.5287652611732483, 0.6842116713523865, -0.0015278025530278683)","(0.5887904763221741, 0.7321274280548096, -0.020993435755372047)","(0.5406979322433472, 0.7693840265274048, -0.01894856058061123)","(0.5265974998474121, 0.7205836176872253, -0.013749671168625355)","(0.5299034714698792, 0.6802014112472534, -0.008443096652626991)","(0.6236867904663086, 0.7630648612976074, -0.011034661903977394)","(0.5700444579124451, 0.7989112138748169, -0.00591667415574193)","(0.5541605949401855, 0.7469853758811951, -0.0017376081086695194)","(0.5583488345146179, 0.7022632360458374, 0.0009729500743560493)","(0.652070939540863, 0.7643731832504272, 1.9257146050222218e-05)","(0.605725884437561, 0.7834576368331909, 0.004408236593008041)","(0.5902588367462158, 0.7383867502212524, 0.005001882091164589)","(0.5942153930664062, 0.6953794956207275, 0.004710423294454813)","(0.6763561367988586, 0.7501983046531677, 0.010851221159100533)","(0.6503918170928955, 0.7900886535644531, 0.013271624222397804)","(0.634348452091217, 0.7655664086341858, 0.015291258692741394)","(0.6299153566360474, 0.729731559753418, 0.01765376701951027)",Move
2339,"(0.6926647424697876, 0.5264853239059448, 1.77891088526394e-08)","(0.620594322681427, 0.5163144469261169, -0.01302344724535942)","(0.5698445439338684, 0.5771129131317139, -0.012604884803295135)","(0.546233057975769, 0.6519977450370789, -0.006860359106212854)","(0.5277637243270874, 0.6843357682228088, 0.0017295858124271035)","(0.5933777093887329, 0.7268229722976685, -0.019614405930042267)","(0.5439234375953674, 0.7673845291137695, -0.017330046743154526)","(0.5286842584609985, 0.7193094491958618, -0.01162184402346611)","(0.5313283801078796, 0.6779153943061829, -0.005785543937236071)","(0.6287124752998352, 0.756881833076477, -0.00945751741528511)","(0.5734789371490479, 0.796250581741333, -0.004228219855576754)","(0.5559783577919006, 0.7443228363990784, 0.0002541583380661905)","(0.5584699511528015, 0.6985273361206055, 0.0033655506558716297)","(0.6564928293228149, 0.757002592086792, 0.0017042722320184112)","(0.6080723404884338, 0.7793600559234619, 0.006431114859879017)","(0.5896319150924683, 0.7349514365196228, 0.0069963582791388035)","(0.5908236503601074, 0.691093921661377, 0.006732754409313202)","(0.6797752380371094, 0.7413520216941833, 0.01263339351862669)","(0.6523808240890503, 0.7814403772354126, 0.015607936307787895)","(0.6348181962966919, 0.7573882937431335, 0.017573844641447067)","(0.6290097236633301, 0.7217327356338501, 0.01987554132938385)",Move
2340,"(0.6961705684661865, 0.5123493671417236, 2.2645050279379575e-08)","(0.6234226822853088, 0.5079562067985535, -0.007103991229087114)","(0.5735240578651428, 0.5748069286346436, -0.00027087784837931395)","(0.5487391352653503, 0.6505115032196045, 0.012356339022517204)","(0.525713324546814, 0.6837443113327026, 0.02834322303533554)","(0.5962872505187988, 0.7227389812469482, -0.00749245285987854)","(0.5470252633094788, 0.7621404528617859, 0.0060229371301829815)","(0.531294047832489, 0.7183332443237305, 0.018835287541151047)","(0.5316563248634338, 0.6806418299674988, 0.028757989406585693)","(0.6320539712905884, 0.7516303062438965, 0.004919412545859814)","(0.5781936645507812, 0.7896691560745239, 0.021576115861535072)","(0.5597203373908997, 0.741579532623291, 0.030853595584630966)","(0.5596715211868286, 0.6999653577804565, 0.03614697605371475)","(0.6598793268203735, 0.748928427696228, 0.019178612157702446)","(0.6134238839149475, 0.7715191841125488, 0.034875474870204926)","(0.5944493412971497, 0.7298939228057861, 0.03778192028403282)","(0.5945641994476318, 0.6891642212867737, 0.03739573433995247)","(0.6826342344284058, 0.7323874831199646, 0.03367088735103607)","(0.6567577123641968, 0.7721726894378662, 0.04558328911662102)","(0.6390732526779175, 0.7503979206085205, 0.04996193200349808)","(0.632360577583313, 0.7164402008056641, 0.05306391045451164)",Move
2341,"(0.695618748664856, 0.502332866191864, 6.406153119087321e-08)","(0.6243315935134888, 0.5026313066482544, -0.010070007294416428)","(0.5760208964347839, 0.568866491317749, -0.006890853401273489)","(0.5511795878410339, 0.6460217237472534, 0.0019316748948767781)","(0.5289503335952759, 0.6817591190338135, 0.013698828406631947)","(0.5999637842178345, 0.717622697353363, -0.012876826338469982)","(0.550653874874115, 0.756694495677948, -0.003109484212473035)","(0.5332796573638916, 0.7152658700942993, 0.0070232548750936985)","(0.5327205061912537, 0.6791146397590637, 0.015147758647799492)","(0.635019063949585, 0.7458617687225342, -0.0013139965012669563)","(0.5804868936538696, 0.7845727801322937, 0.011310724541544914)","(0.5597579479217529, 0.7381693124771118, 0.018306642770767212)","(0.5580129027366638, 0.6959136128425598, 0.021991482004523277)","(0.6625137329101562, 0.7433717250823975, 0.011835284531116486)","(0.6158649921417236, 0.7676835656166077, 0.023894136771559715)","(0.5956813097000122, 0.727347195148468, 0.025366658344864845)","(0.5949286818504333, 0.6857097744941711, 0.024071916937828064)","(0.6858049035072327, 0.7271849513053894, 0.02491588704288006)","(0.6608602404594421, 0.7670462131500244, 0.03385019302368164)","(0.6426423788070679, 0.746341347694397, 0.037067774683237076)","(0.6354802846908569, 0.7129265666007996, 0.03930695354938507)",Move
2342,"(0.7012112140655518, 0.4914945960044861, 4.597826119834281e-08)","(0.6287696361541748, 0.4894687533378601, -0.009131803177297115)","(0.5798721313476562, 0.5593163967132568, -0.004139063414186239)","(0.5563239455223083, 0.6381495594978333, 0.00641690893098712)","(0.5324437618255615, 0.6748692393302917, 0.02002938836812973)","(0.6024056673049927, 0.7107135653495789, -0.008339653722941875)","(0.5539321303367615, 0.753908634185791, 0.003303038887679577)","(0.535994291305542, 0.7141784429550171, 0.014354667626321316)","(0.5346540212631226, 0.6781752109527588, 0.023126672953367233)","(0.6377729177474976, 0.7383620738983154, 0.003555715549737215)","(0.5847974419593811, 0.7809065580368042, 0.01823459193110466)","(0.5633284449577332, 0.7358484864234924, 0.026200754567980766)","(0.5606523752212524, 0.6939725875854492, 0.030855238437652588)","(0.6656263470649719, 0.7344235777854919, 0.016860418021678925)","(0.620287299156189, 0.762333869934082, 0.030354924499988556)","(0.5985997915267944, 0.723982572555542, 0.03234734758734703)","(0.5961695909500122, 0.6836569905281067, 0.031772762537002563)","(0.689091145992279, 0.7163389921188354, 0.030153507366776466)","(0.6665036082267761, 0.7622019052505493, 0.040399227291345596)","(0.6474526524543762, 0.7441728115081787, 0.044332895427942276)","(0.6390335559844971, 0.7118329405784607, 0.047347862273454666)",Move
2343,"(0.6973556280136108, 0.48490774631500244, 6.931425389211654e-08)","(0.6271252632141113, 0.4901755452156067, -0.00989993754774332)","(0.5801457762718201, 0.5565891265869141, -0.00815721694380045)","(0.5569876432418823, 0.6381643414497375, -0.0013122280361130834)","(0.534794807434082, 0.6801992058753967, 0.008266090415418148)","(0.6057191491127014, 0.702773928642273, -0.013764344155788422)","(0.5571966171264648, 0.7504794597625732, -0.005990544334053993)","(0.5384466052055359, 0.7125208973884583, 0.0031851702369749546)","(0.5369548797607422, 0.6764032244682312, 0.01110477652400732)","(0.6408293843269348, 0.730778694152832, -0.0033391513861715794)","(0.5871734023094177, 0.7751110792160034, 0.008433153852820396)","(0.565894603729248, 0.7298595905303955, 0.015006293542683125)","(0.5637890696525574, 0.6886519193649292, 0.018331512808799744)","(0.6683447957038879, 0.7281509637832642, 0.008546735160052776)","(0.6223121881484985, 0.7541069388389587, 0.01982053555548191)","(0.6024489402770996, 0.7128350138664246, 0.02176300249993801)","(0.6019711494445801, 0.6716041564941406, 0.020790692418813705)","(0.6919846534729004, 0.7121846675872803, 0.020366700366139412)","(0.6682337522506714, 0.7567636966705322, 0.02932925708591938)","(0.6501405239105225, 0.7358770370483398, 0.033615678548812866)","(0.6432709693908691, 0.7024117112159729, 0.036657679826021194)",Move
2344,"(0.700505256652832, 0.4744657278060913, 6.617014491894224e-08)","(0.6287369132041931, 0.4798799157142639, -0.010073188692331314)","(0.5829135179519653, 0.5511412620544434, -0.005877179093658924)","(0.5602284073829651, 0.6324219107627869, 0.004326390102505684)","(0.5359591841697693, 0.6739585399627686, 0.017576949670910835)","(0.6097707748413086, 0.6973743438720703, -0.010170644149184227)","(0.5622740387916565, 0.7466726303100586, 0.003061709925532341)","(0.542468786239624, 0.71201491355896, 0.016172006726264954)","(0.539746880531311, 0.6774207353591919, 0.02637472189962864)","(0.6456418633460999, 0.7232449054718018, 0.0029048016294837)","(0.5920807719230652, 0.7692074179649353, 0.019386429339647293)","(0.5702642798423767, 0.726213812828064, 0.028353650122880936)","(0.5673720240592957, 0.6869093179702759, 0.03325560316443443)","(0.6729984879493713, 0.7180526256561279, 0.017587900161743164)","(0.6267870664596558, 0.7500146627426147, 0.03264845162630081)","(0.6046338677406311, 0.714102566242218, 0.03487430512905121)","(0.6014085412025452, 0.6758743524551392, 0.033835381269454956)","(0.695753812789917, 0.6999786496162415, 0.032338887453079224)","(0.6741454601287842, 0.7512557506561279, 0.043356992304325104)","(0.6539208889007568, 0.7362946271896362, 0.04722430184483528)","(0.6437230110168457, 0.7056370973587036, 0.04992471635341644)",Move
2345,"(0.7023366093635559, 0.464530348777771, 5.3255636345284074e-08)","(0.6304667592048645, 0.4711426794528961, -0.011555803008377552)","(0.5844514966011047, 0.5448489785194397, -0.008832050487399101)","(0.5615360736846924, 0.6278363466262817, -0.0006364565924741328)","(0.5357889533042908, 0.6703136563301086, 0.010433433577418327)","(0.6110100746154785, 0.6922688484191895, -0.009309438988566399)","(0.5643566250801086, 0.7425551414489746, 0.0020311481785029173)","(0.5447375774383545, 0.7067884802818298, 0.012822563759982586)","(0.5425878763198853, 0.6718276739120483, 0.021416576579213142)","(0.6473699808120728, 0.7171673774719238, 0.002898092847317457)","(0.5950327515602112, 0.7635376453399658, 0.017697053030133247)","(0.5735982060432434, 0.718719482421875, 0.02469758875668049)","(0.5716461539268494, 0.6777611970901489, 0.0283783208578825)","(0.6752864718437195, 0.7115712761878967, 0.01625090092420578)","(0.6292443871498108, 0.7437540292739868, 0.029350537806749344)","(0.607830822467804, 0.7058269381523132, 0.03027612529695034)","(0.6059597134590149, 0.6663283705711365, 0.028721977025270462)","(0.6982561945915222, 0.6928001046180725, 0.02945110760629177)","(0.6781383752822876, 0.7472095489501953, 0.03884979337453842)","(0.658058226108551, 0.7312830090522766, 0.0422419011592865)","(0.6482928395271301, 0.6987622976303101, 0.044833071529865265)",Move
2346,"(0.7010930776596069, 0.4557378888130188, 6.414944664356881e-08)","(0.6298598051071167, 0.4702480435371399, -0.010011265985667706)","(0.585752546787262, 0.5413673520088196, -0.008339020423591137)","(0.563772439956665, 0.6243820786476135, -0.0015503219328820705)","(0.5402692556381226, 0.6673393249511719, 0.007727556396275759)","(0.6160804033279419, 0.6824461817741394, -0.01340667624026537)","(0.5683833360671997, 0.7378197908401489, -0.004151138011366129)","(0.5469532012939453, 0.7064110636711121, 0.006307709496468306)","(0.542960524559021, 0.672107994556427, 0.015004826709628105)","(0.6523022055625916, 0.705499529838562, -0.0024425911251455545)","(0.5990241169929504, 0.7561761140823364, 0.010589939542114735)","(0.576414167881012, 0.7132528424263, 0.017743995413184166)","(0.5732624530792236, 0.6727074980735779, 0.021525003015995026)","(0.6793919205665588, 0.699037492275238, 0.010087043046951294)","(0.6335119605064392, 0.7361985445022583, 0.022191379219293594)","(0.6111201047897339, 0.6990016102790833, 0.0238018985837698)","(0.6080594658851624, 0.6582377552986145, 0.02262263372540474)","(0.7017590999603271, 0.6793999671936035, 0.02265326678752899)","(0.6845706701278687, 0.7386383414268494, 0.031138362362980843)","(0.6637553572654724, 0.7262515425682068, 0.0344073623418808)","(0.6525582075119019, 0.6948322057723999, 0.03698239475488663)",Move
2347,"(0.70228111743927, 0.44669049978256226, 7.994622563956e-08)","(0.630571186542511, 0.4601193070411682, -0.010103928856551647)","(0.5859933495521545, 0.5357319116592407, -0.005720094311982393)","(0.5656248331069946, 0.6188615560531616, 0.004464081022888422)","(0.5428866744041443, 0.6622306704521179, 0.017483539879322052)","(0.6192031502723694, 0.6788159608840942, -0.009156771935522556)","(0.5711467266082764, 0.7310645580291748, 0.0036658188328146935)","(0.5487229824066162, 0.6999841928482056, 0.015963859856128693)","(0.5429255366325378, 0.6662420630455017, 0.02567884512245655)","(0.6550992131233215, 0.7007488012313843, 0.0037902870681136847)","(0.6010117530822754, 0.7488116025924683, 0.019231854006648064)","(0.5758086442947388, 0.70859694480896, 0.027025558054447174)","(0.5693824887275696, 0.6689910888671875, 0.031445279717445374)","(0.6814512610435486, 0.6926758289337158, 0.018274638801813126)","(0.634117841720581, 0.7275874614715576, 0.03236133232712746)","(0.6081514358520508, 0.6938475370407104, 0.03331082686781883)","(0.6007886528968811, 0.6549715399742126, 0.03189464285969734)","(0.7030491232872009, 0.6723440885543823, 0.03281121328473091)","(0.6853173971176147, 0.7278810143470764, 0.043238189071416855)","(0.664578378200531, 0.714550793170929, 0.046530768275260925)","(0.6522351503372192, 0.6820167303085327, 0.04917507991194725)",Move
2348,"(0.702934741973877, 0.43888330459594727, 8.240720461571982e-08)","(0.6309066414833069, 0.45487362146377563, -0.009682088159024715)","(0.5871042013168335, 0.5299131274223328, -0.006292495410889387)","(0.567781388759613, 0.6128879189491272, 0.0023516379296779633)","(0.5452312231063843, 0.6554384827613831, 0.013562147505581379)","(0.6216270327568054, 0.6722663640975952, -0.009251883253455162)","(0.5739012360572815, 0.7251096367835999, 0.0017188061028718948)","(0.5514069199562073, 0.6958098411560059, 0.012251581065356731)","(0.5452831387519836, 0.6633678674697876, 0.020662888884544373)","(0.6575348377227783, 0.6930649280548096, 0.0023159836418926716)","(0.6037625074386597, 0.74137282371521, 0.01653374545276165)","(0.5785542726516724, 0.7031582593917847, 0.02324000932276249)","(0.5717100501060486, 0.6651765704154968, 0.026651620864868164)","(0.6836594343185425, 0.6842035055160522, 0.01532107312232256)","(0.6370688676834106, 0.7202086448669434, 0.02822236344218254)","(0.6112582087516785, 0.6874458193778992, 0.028852039948105812)","(0.6038482785224915, 0.6490136384963989, 0.027094824239611626)","(0.704716682434082, 0.6623557209968567, 0.028356311842799187)","(0.6874480247497559, 0.7186217904090881, 0.037809159606695175)","(0.6667003035545349, 0.7067144513130188, 0.04101864993572235)","(0.6542608737945557, 0.6756584644317627, 0.043534133583307266)",Move
2349,"(0.6995768547058105, 0.43378686904907227, 8.741493218167307e-08)","(0.628393292427063, 0.4552875757217407, -0.006578362081199884)","(0.5860196948051453, 0.5310208201408386, -0.00050403643399477)","(0.567952573299408, 0.6124693155288696, 0.010784818790853024)","(0.5461095571517944, 0.6554694175720215, 0.02508699707686901)","(0.622093141078949, 0.670113205909729, -0.0030321318190544844)","(0.5761839151382446, 0.7237487435340881, 0.012398568913340569)","(0.5542117953300476, 0.6951428651809692, 0.025934092700481415)","(0.5484886765480042, 0.6622126698493958, 0.03628529980778694)","(0.6580579876899719, 0.6891536712646484, 0.009459860622882843)","(0.606763482093811, 0.7356856465339661, 0.028619054704904556)","(0.5819393992424011, 0.6996356248855591, 0.03757046163082123)","(0.5751007795333862, 0.6631581783294678, 0.042144209146499634)","(0.6836907267570496, 0.6792131662368774, 0.023694999516010284)","(0.6395543217658997, 0.7156564593315125, 0.041865404695272446)","(0.6139254570007324, 0.6860293745994568, 0.04447198286652565)","(0.6060500144958496, 0.6496389508247375, 0.04325442388653755)","(0.7042907476425171, 0.6571222543716431, 0.0380793921649456)","(0.6881294250488281, 0.7098251581192017, 0.05146893113851547)","(0.6680299639701843, 0.6990946531295776, 0.055946215987205505)","(0.6557673811912537, 0.6699740290641785, 0.05913740023970604)",Move
2350,"(0.6965628266334534, 0.4300665855407715, 1.0781585046970577e-07)","(0.6254969239234924, 0.4548274874687195, -0.0047517805360257626)","(0.5852264165878296, 0.5310029983520508, 0.003203560598194599)","(0.5706232786178589, 0.6122304201126099, 0.01629449427127838)","(0.5508319139480591, 0.6532567739486694, 0.03250083699822426)","(0.6229791641235352, 0.6671034693717957, 0.0009120001341216266)","(0.5789052248001099, 0.7206363081932068, 0.018998973071575165)","(0.5562849640846252, 0.6944249868392944, 0.03429470211267471)","(0.5489722490310669, 0.6629093289375305, 0.04570271819829941)","(0.6589146256446838, 0.6849803924560547, 0.01386845950037241)","(0.6088057160377502, 0.7314074039459229, 0.03492693603038788)","(0.5826793909072876, 0.69854736328125, 0.04477841779589653)","(0.5739234089851379, 0.6626562476158142, 0.05016797408461571)","(0.6840671300888062, 0.674545407295227, 0.02877996861934662)","(0.6408458352088928, 0.7122839689254761, 0.049002017825841904)","(0.6136128902435303, 0.686302900314331, 0.052425678819417953)","(0.6032910943031311, 0.650723397731781, 0.05183938518166542)","(0.7045494318008423, 0.6523393392562866, 0.04393099993467331)","(0.6892330050468445, 0.7042790651321411, 0.05915253981947899)","(0.668347179889679, 0.6961475610733032, 0.06422413885593414)","(0.6542120575904846, 0.667824387550354, 0.06795968860387802)",Move
2351,"(0.6940520405769348, 0.4290025234222412, 1.0630703428660127e-07)","(0.6233822107315063, 0.45399704575538635, -0.00725977448746562)","(0.5852237939834595, 0.5318024754524231, -0.0007716032559983432)","(0.5708169341087341, 0.6133952140808105, 0.011029834859073162)","(0.551546037197113, 0.6550984382629395, 0.025675615295767784)","(0.6247842907905579, 0.6669859886169434, -0.001633227919228375)","(0.5802487730979919, 0.7193642258644104, 0.015051056630909443)","(0.5577198266983032, 0.6923910975456238, 0.028994867578148842)","(0.5507553219795227, 0.6604717969894409, 0.03935721516609192)","(0.6606371998786926, 0.6827144622802734, 0.011790958233177662)","(0.6105837821960449, 0.7290517687797546, 0.031692471355199814)","(0.5845917463302612, 0.6956884264945984, 0.04054759442806244)","(0.5757942199707031, 0.6599881649017334, 0.0449310727417469)","(0.6854107975959778, 0.6707210540771484, 0.02684088982641697)","(0.642250120639801, 0.7071242332458496, 0.04557881876826286)","(0.615140974521637, 0.680585503578186, 0.047383446246385574)","(0.6046314239501953, 0.645427942276001, 0.04545144364237785)","(0.70530104637146, 0.6475914716720581, 0.041971903294324875)","(0.6909341812133789, 0.6981171369552612, 0.05556362494826317)","(0.6704424023628235, 0.6906976103782654, 0.05915262922644615)","(0.6563004851341248, 0.6639878153800964, 0.061513591557741165)",Move
2352,"(0.6929929256439209, 0.4269337058067322, 1.1399890809116187e-07)","(0.6229141354560852, 0.4523989260196686, -0.006695714313536882)","(0.584568202495575, 0.5328196883201599, -0.001053249230608344)","(0.569609522819519, 0.6134459376335144, 0.00933067686855793)","(0.5507512092590332, 0.6567826867103577, 0.02245223894715309)","(0.6236221790313721, 0.6667814254760742, -0.0012071422534063458)","(0.5798978805541992, 0.7182357311248779, 0.013443853706121445)","(0.5579909682273865, 0.6920262575149536, 0.02560720033943653)","(0.5509740114212036, 0.6610229015350342, 0.03451719135046005)","(0.6598639488220215, 0.6813064813613892, 0.009939534589648247)","(0.6118718385696411, 0.7292962670326233, 0.026952974498271942)","(0.5860146880149841, 0.6997709274291992, 0.034844789654016495)","(0.5762725472450256, 0.666183352470398, 0.03895850479602814)","(0.6854767203330994, 0.6686898469924927, 0.0223966334015131)","(0.6433975696563721, 0.7087875604629517, 0.03801719471812248)","(0.6162944436073303, 0.6867057681083679, 0.039653077721595764)","(0.6049939393997192, 0.6549312472343445, 0.03807708993554115)","(0.705485463142395, 0.6438602805137634, 0.0348932109773159)","(0.6926849484443665, 0.6940698027610779, 0.046040408313274384)","(0.6734001040458679, 0.6893597841262817, 0.04931992292404175)","(0.6598833203315735, 0.6658186912536621, 0.05168604105710983)",Move
2353,"(0.6891974210739136, 0.42616385221481323, 8.569924858647937e-08)","(0.6196761727333069, 0.45522230863571167, -0.006835555657744408)","(0.5830309391021729, 0.5344926714897156, -0.002138368785381317)","(0.5694332122802734, 0.6162922978401184, 0.007563627324998379)","(0.5518066883087158, 0.6584100723266602, 0.019913023337721825)","(0.623561680316925, 0.6640520095825195, -0.006728735286742449)","(0.5798730254173279, 0.7199645638465881, 0.007406976539641619)","(0.5587858557701111, 0.6922950148582458, 0.020388025790452957)","(0.5536535382270813, 0.6599206328392029, 0.029991919174790382)","(0.6600310802459717, 0.6791446208953857, 0.00465483870357275)","(0.6113932132720947, 0.7291728258132935, 0.021441295742988586)","(0.5869287848472595, 0.6971672177314758, 0.029530491679906845)","(0.5792511105537415, 0.6632795333862305, 0.03325212374329567)","(0.6854010224342346, 0.6679799556732178, 0.017833508551120758)","(0.6418591737747192, 0.7055044174194336, 0.033169157803058624)","(0.6155673265457153, 0.68022620677948, 0.03396343067288399)","(0.6062045097351074, 0.646107017993927, 0.031346049159765244)","(0.7056851983070374, 0.6454051733016968, 0.03128150478005409)","(0.6930381059646606, 0.6955845355987549, 0.04165704548358917)","(0.6728940606117249, 0.6894827485084534, 0.04391390457749367)","(0.6590511798858643, 0.6638842821121216, 0.04530209302902222)",Move
2354,"(0.6859177350997925, 0.4285004138946533, 5.90399054090085e-08)","(0.6164271831512451, 0.45976561307907104, -0.007253371179103851)","(0.5802292823791504, 0.5388180613517761, -0.003887568600475788)","(0.5675307512283325, 0.6202592253684998, 0.0035898054484277964)","(0.5508787631988525, 0.6635196208953857, 0.013554878532886505)","(0.6196299195289612, 0.6652185320854187, -0.005435270722955465)","(0.5774999260902405, 0.7216457724571228, 0.0044443947263062)","(0.5568575263023376, 0.6924774050712585, 0.013714877888560295)","(0.5523629188537598, 0.6584846377372742, 0.021166084334254265)","(0.65631103515625, 0.6781491637229919, 0.003930394072085619)","(0.610668957233429, 0.7319723963737488, 0.01644248142838478)","(0.5871896743774414, 0.6996028423309326, 0.022113341838121414)","(0.5805184841156006, 0.663540244102478, 0.025048846378922462)","(0.6821650266647339, 0.6660815477371216, 0.01445795875042677)","(0.6414536237716675, 0.7096585631370544, 0.025386396795511246)","(0.6166205406188965, 0.6849034428596497, 0.02512446418404579)","(0.608144998550415, 0.6505410075187683, 0.023006511852145195)","(0.7029076218605042, 0.6423199772834778, 0.025173678994178772)","(0.6944994926452637, 0.697096586227417, 0.03227341175079346)","(0.6760135889053345, 0.692299485206604, 0.033918820321559906)","(0.662765383720398, 0.6675852537155151, 0.035559751093387604)",Move
2355,"(0.6833982467651367, 0.4296214282512665, 5.008971015740826e-08)","(0.6143264770507812, 0.4587005078792572, -0.00759033253416419)","(0.577765703201294, 0.537135660648346, -0.0048851678147912025)","(0.56519615650177, 0.618273138999939, 0.0020938499365001917)","(0.5469892621040344, 0.6581370830535889, 0.011330598033964634)","(0.6154516339302063, 0.6670713424682617, -0.007884837687015533)","(0.5731777548789978, 0.7195800542831421, 0.0015758886002004147)","(0.5529013872146606, 0.6889351010322571, 0.010399597696959972)","(0.5482629537582397, 0.6547778844833374, 0.01730162277817726)","(0.6527687907218933, 0.6796153783798218, 0.0010331615339964628)","(0.6075303554534912, 0.7347895503044128, 0.012619173154234886)","(0.5844562649726868, 0.7014451622962952, 0.017688151448965073)","(0.5780336260795593, 0.664621114730835, 0.02018614672124386)","(0.6794419288635254, 0.6668930053710938, 0.011316546238958836)","(0.6392619013786316, 0.7109763026237488, 0.021028898656368256)","(0.6140906810760498, 0.6852748394012451, 0.020079776644706726)","(0.605223536491394, 0.6505568027496338, 0.017525915056467056)","(0.7006064057350159, 0.6425208449363708, 0.021916111931204796)","(0.6925864219665527, 0.6991754174232483, 0.028455303981900215)","(0.6748789548873901, 0.6946921348571777, 0.030045554041862488)","(0.6620730757713318, 0.6713387370109558, 0.03139219060540199)",Move
2356,"(0.6806296110153198, 0.4317786693572998, 2.0254651289519643e-08)","(0.6109409928321838, 0.46289682388305664, -0.00714115472510457)","(0.5740165710449219, 0.5379191040992737, -0.006585253402590752)","(0.5608349442481995, 0.617098867893219, -0.0023231341037899256)","(0.5428980588912964, 0.658947229385376, 0.0039398325607180595)","(0.6119208931922913, 0.6646966934204102, -0.012996385805308819)","(0.5714563727378845, 0.7169925570487976, -0.00838271901011467)","(0.5517556667327881, 0.6870208978652954, -0.0022468643728643656)","(0.5481919646263123, 0.6535891890525818, 0.0032054842449724674)","(0.6491122245788574, 0.6779252886772156, -0.00641420716419816)","(0.6054157614707947, 0.7381048202514648, 8.985082968138158e-05)","(0.5840638875961304, 0.7027593851089478, 0.004246079828590155)","(0.5802053213119507, 0.6640282869338989, 0.006707208696752787)","(0.6765645146369934, 0.6673477292060852, 0.0015954686095938087)","(0.637229323387146, 0.7153990268707275, 0.006773705128580332)","(0.6142042279243469, 0.6876140236854553, 0.006712553557008505)","(0.6081181764602661, 0.6503241658210754, 0.005690532736480236)","(0.698651134967804, 0.6442301869392395, 0.009995655156672001)","(0.6921803951263428, 0.7070743441581726, 0.013205413706600666)","(0.6738888025283813, 0.7008612751960754, 0.015265194699168205)","(0.6613278985023499, 0.6736658215522766, 0.017575524747371674)",Move
2357,"(0.6758818626403809, 0.43462130427360535, -7.747670061064582e-09)","(0.6079369783401489, 0.46578842401504517, -0.006677562370896339)","(0.5710394978523254, 0.5381176471710205, -0.005556080490350723)","(0.5581380128860474, 0.6179288625717163, -5.3317355195758864e-05)","(0.5409108400344849, 0.6589909791946411, 0.007715269923210144)","(0.6078767776489258, 0.6678435802459717, -0.015094310976564884)","(0.5672821998596191, 0.718784511089325, -0.00754138920456171)","(0.5490602850914001, 0.6844620704650879, 0.0018380662659183145)","(0.5466324090957642, 0.6496068835258484, 0.009466237388551235)","(0.6454742550849915, 0.6823139786720276, -0.007131129503250122)","(0.6023266315460205, 0.7428035736083984, 0.0011467391159385443)","(0.5824124217033386, 0.704608142375946, 0.006902582012116909)","(0.5792713761329651, 0.6642932295799255, 0.010545317083597183)","(0.6726626753807068, 0.6719096899032593, 0.0029706740751862526)","(0.6345694661140442, 0.7186405658721924, 0.010116536170244217)","(0.6131408214569092, 0.6866790652275085, 0.010803518816828728)","(0.6084414720535278, 0.6467936038970947, 0.010194923728704453)","(0.6944997906684875, 0.648650050163269, 0.013749570585787296)","(0.6895920038223267, 0.7113641500473022, 0.019200986251235008)","(0.6727006435394287, 0.7040619254112244, 0.02206064574420452)","(0.6606543660163879, 0.6761108040809631, 0.024732710793614388)",Move
2358,"(0.6737645864486694, 0.4360690712928772, -3.504305823298637e-08)","(0.6061979532241821, 0.46558576822280884, -0.00706122349947691)","(0.5695191025733948, 0.5364359021186829, -0.0062803346663713455)","(0.5571136474609375, 0.6151519417762756, -0.0010667601600289345)","(0.5396944284439087, 0.6562293171882629, 0.006439139600843191)","(0.6054426431655884, 0.6707718372344971, -0.01586822234094143)","(0.5641463994979858, 0.7211287021636963, -0.009118018671870232)","(0.5464077591896057, 0.6835159659385681, -0.0004940770450048149)","(0.5452713370323181, 0.647241473197937, 0.006686379201710224)","(0.6427768468856812, 0.685408890247345, -0.00800517201423645)","(0.5996349453926086, 0.7469719052314758, -0.0006761975819244981)","(0.5802672505378723, 0.7061063647270203, 0.004334437660872936)","(0.5780611634254456, 0.6638122797012329, 0.007543197367340326)","(0.6701164841651917, 0.6748713850975037, 0.0019794991239905357)","(0.6330161690711975, 0.7212918400764465, 0.00807254109531641)","(0.6122263073921204, 0.6873332262039185, 0.007909039035439491)","(0.6083300709724426, 0.6457245349884033, 0.006919071078300476)","(0.6918792724609375, 0.6513562202453613, 0.012686483561992645)","(0.6877056956291199, 0.7152836918830872, 0.01724277436733246)","(0.6709089875221252, 0.7088350653648376, 0.019507773220539093)","(0.6588008403778076, 0.6812518239021301, 0.021803250536322594)",Move
2359,"(0.6696548461914062, 0.4368712902069092, -2.5358641408956828e-08)","(0.603177547454834, 0.4696768522262573, -0.006403074134141207)","(0.5666214227676392, 0.5415511131286621, -0.005479676183313131)","(0.5549592971801758, 0.618951678276062, -0.0004631136544048786)","(0.5368703007698059, 0.6563835740089417, 0.006754896603524685)","(0.6041339039802551, 0.6720078587532043, -0.014598358422517776)","(0.5629276037216187, 0.7220375537872314, -0.00924391858279705)","(0.544556736946106, 0.6878228783607483, -0.0018259172793477774)","(0.5422873497009277, 0.6520914435386658, 0.004667732864618301)","(0.6408825516700745, 0.6858025789260864, -0.007837291806936264)","(0.5990653038024902, 0.7503093481063843, -0.001997441751882434)","(0.5782424211502075, 0.7132671475410461, 0.002268868498504162)","(0.5739849805831909, 0.6720094680786133, 0.00542250694707036)","(0.6675288677215576, 0.6751589179039001, 0.0008031537290662527)","(0.6318671703338623, 0.7259089946746826, 0.005747164133936167)","(0.6091947555541992, 0.6960592865943909, 0.004933743271976709)","(0.6024633646011353, 0.6568815112113953, 0.0038066173437982798)","(0.6888600587844849, 0.650736391544342, 0.010161771439015865)","(0.687873125076294, 0.715316653251648, 0.013598265126347542)","(0.6712784171104431, 0.7119969129562378, 0.01498881634324789)","(0.6583265662193298, 0.6873992681503296, 0.016882238909602165)",Move
2360,"(0.6658340096473694, 0.43942791223526, -3.4282408023500466e-08)","(0.6002750992774963, 0.47379180788993835, -0.006140764337033033)","(0.5638343691825867, 0.5465875864028931, -0.0057862563990056515)","(0.5527130961418152, 0.623025119304657, -0.0013384856283664703)","(0.535324215888977, 0.6574123501777649, 0.0051941704005002975)","(0.6028172373771667, 0.6744961738586426, -0.017669687047600746)","(0.5614389777183533, 0.7237470746040344, -0.01344900019466877)","(0.5427669882774353, 0.689795970916748, -0.006397766061127186)","(0.5404953956604004, 0.6539773941040039, -0.00014811850269325078)","(0.6394354104995728, 0.6876072287559509, -0.011503927409648895)","(0.5976680517196655, 0.7550210356712341, -0.006990385241806507)","(0.5768525004386902, 0.7176222205162048, -0.0027683405205607414)","(0.5728727579116821, 0.6754326224327087, 0.00034963316284120083)","(0.666045606136322, 0.6774887442588806, -0.003206036752089858)","(0.63023841381073, 0.7313802242279053, 0.0006055025733076036)","(0.6079134941101074, 0.7010107040405273, -3.206192559446208e-05)","(0.6017584204673767, 0.6607620120048523, -0.0009555969736538827)","(0.6875832676887512, 0.6537765860557556, 0.005891516804695129)","(0.6856704354286194, 0.7197829484939575, 0.008481977507472038)","(0.6681817173957825, 0.7136169075965881, 0.009967895224690437)","(0.6548352837562561, 0.6861504316329956, 0.011928427964448929)",Move
2361,"(0.6630048155784607, 0.44521835446357727, -5.430455374266785e-08)","(0.5973591804504395, 0.47881248593330383, -0.004489996004849672)","(0.5618252158164978, 0.5521461963653564, -0.003119077067822218)","(0.5510666966438293, 0.6284433007240295, 0.002046960638836026)","(0.5345245003700256, 0.6639528274536133, 0.00918075256049633)","(0.6011935472488403, 0.6807964444160461, -0.015808971598744392)","(0.5604163408279419, 0.7257027626037598, -0.01084769144654274)","(0.5424846410751343, 0.6910321116447449, -0.003407795913517475)","(0.5406995415687561, 0.6548794507980347, 0.0031544880475848913)","(0.6376800537109375, 0.6927563548088074, -0.010336448438465595)","(0.5979622006416321, 0.7586193084716797, -0.004935846198350191)","(0.5768147110939026, 0.7230038046836853, -9.759711974766105e-05)","(0.571544885635376, 0.6819943785667419, 0.0034620582591742277)","(0.6642884016036987, 0.6804717779159546, -0.002629907103255391)","(0.6311209797859192, 0.7343571186065674, 0.0016434690915048122)","(0.6085242033004761, 0.7052270770072937, 0.0015462420415133238)","(0.6012150049209595, 0.6660194993019104, 0.0010466701351106167)","(0.6853854656219482, 0.6544046998023987, 0.006042480934411287)","(0.6865997314453125, 0.7211099863052368, 0.009141048416495323)","(0.6705474257469177, 0.719792366027832, 0.011078408919274807)","(0.6573081612586975, 0.6972496509552002, 0.013332303613424301)",Move
2362,"(0.6599200963973999, 0.4507445693016052, -3.5886628779735474e-08)","(0.5950228571891785, 0.48608776926994324, -0.004980515222996473)","(0.5597819089889526, 0.5574150085449219, -0.0044652498327195644)","(0.5490794777870178, 0.6324848532676697, -0.00014109058247413486)","(0.5336299538612366, 0.6679332256317139, 0.0062826103530824184)","(0.6002407670021057, 0.6833953261375427, -0.017200574278831482)","(0.5606524348258972, 0.7267754673957825, -0.013311595655977726)","(0.5428358912467957, 0.6945374011993408, -0.0064653935842216015)","(0.5404754877090454, 0.6605169177055359, -0.0003601665666792542)","(0.6367745399475098, 0.6956563591957092, -0.01198149099946022)","(0.5973488688468933, 0.7616722583770752, -0.007929835468530655)","(0.5762072205543518, 0.7278675436973572, -0.0031112562865018845)","(0.5707572102546692, 0.6875878572463989, 0.0005226768553256989)","(0.6636378169059753, 0.6851955652236938, -0.004600539803504944)","(0.6302821040153503, 0.740526556968689, -0.0015820545377209783)","(0.6076115369796753, 0.7126424908638, -0.0011081363772973418)","(0.6002078652381897, 0.6734620332717896, -0.0009685147670097649)","(0.6851986646652222, 0.6613048911094666, 0.003638987196609378)","(0.6856370568275452, 0.7292904257774353, 0.00564341526478529)","(0.6681406497955322, 0.7259652018547058, 0.007890419103205204)","(0.6537877917289734, 0.7005160450935364, 0.010657533071935177)",Move
2363,"(0.6579800248146057, 0.45697861909866333, -4.558630450901546e-08)","(0.593143105506897, 0.49138906598091125, -0.0038096136413514614)","(0.5590711236000061, 0.5623904466629028, -0.003063064068555832)","(0.5484427213668823, 0.6365286111831665, 0.0015082451282069087)","(0.5329844951629639, 0.6715887188911438, 0.008137289434671402)","(0.5990555286407471, 0.6862525939941406, -0.018681878224015236)","(0.5601321458816528, 0.7293959259986877, -0.013959717936813831)","(0.5423383116722107, 0.6978143453598022, -0.00578709039837122)","(0.5404635667800903, 0.6645520925521851, 0.001174414181150496)","(0.6358195543289185, 0.6995066404342651, -0.01382233202457428)","(0.5966591835021973, 0.7666990756988525, -0.008951256051659584)","(0.5761286020278931, 0.7322223782539368, -0.002798207337036729)","(0.5717937350273132, 0.6918469071388245, 0.0015968214720487595)","(0.6628093719482422, 0.6898106336593628, -0.006434991955757141)","(0.6295128464698792, 0.7466796636581421, -0.002654887270182371)","(0.607653796672821, 0.7170820832252502, -0.0008292521233670413)","(0.6016355156898499, 0.6773349046707153, -7.862126949476078e-06)","(0.684161365032196, 0.6660656332969666, 0.001968712080270052)","(0.6836939454078674, 0.7359212040901184, 0.004712680354714394)","(0.6662235856056213, 0.7315073609352112, 0.007971512153744698)","(0.6523869633674622, 0.7055208683013916, 0.01124860905110836)",Move
2364,"(0.6553748846054077, 0.4613097310066223, -5.698444738300168e-08)","(0.5907823443412781, 0.49617668986320496, -0.004335386678576469)","(0.5573752522468567, 0.5672160387039185, -0.0039492021314799786)","(0.5470461845397949, 0.6410971879959106, 0.0005038813105784357)","(0.5320999622344971, 0.6741639375686646, 0.007067879196256399)","(0.5971983075141907, 0.6890566349029541, -0.021278096362948418)","(0.5581901669502258, 0.729826807975769, -0.017211325466632843)","(0.5408756732940674, 0.697600245475769, -0.008968171663582325)","(0.5396096110343933, 0.6637060642242432, -0.001834324561059475)","(0.633701741695404, 0.7033684253692627, -0.0161560270935297)","(0.5955235362052917, 0.7698997259140015, -0.012108586728572845)","(0.5748475193977356, 0.7362440824508667, -0.0056915851309895515)","(0.5701003670692444, 0.6957563757896423, -0.0009487506467849016)","(0.6605061888694763, 0.6945018172264099, -0.008383977226912975)","(0.6275651454925537, 0.750873327255249, -0.005087506957352161)","(0.6051812171936035, 0.722166895866394, -0.00314731034450233)","(0.5986794233322144, 0.6826257109642029, -0.002106194384396076)","(0.6820197105407715, 0.6712033748626709, 0.0003824489249382168)","(0.6830602288246155, 0.7400004863739014, 0.0025861242320388556)","(0.6651400923728943, 0.7364360094070435, 0.005578082986176014)","(0.6506224870681763, 0.7104766368865967, 0.008812909945845604)",Move
2365,"(0.6533798575401306, 0.46560221910476685, -5.133676594937242e-08)","(0.5893958210945129, 0.5001336932182312, -0.004507239442318678)","(0.5557293891906738, 0.5724555850028992, -0.004018991719931364)","(0.5457361340522766, 0.6448386907577515, 0.0004535029293037951)","(0.5326924920082092, 0.6775594353675842, 0.007042738143354654)","(0.5967654585838318, 0.6932963728904724, -0.021663848310709)","(0.557639479637146, 0.7327325344085693, -0.019727768376469612)","(0.5393739938735962, 0.7016690969467163, -0.013106750324368477)","(0.5371663570404053, 0.6683503985404968, -0.006837645545601845)","(0.6328321099281311, 0.706856369972229, -0.017132394015789032)","(0.5949223041534424, 0.7745165824890137, -0.015309336595237255)","(0.5729591250419617, 0.7430261373519897, -0.009628865867853165)","(0.5668588876724243, 0.7036385536193848, -0.004773277789354324)","(0.6592669486999512, 0.6974353790283203, -0.01019665040075779)","(0.6274998784065247, 0.7580220699310303, -0.008866729214787483)","(0.6041865944862366, 0.7337570786476135, -0.006893923040479422)","(0.595893383026123, 0.6969114542007446, -0.005174798890948296)","(0.6803303360939026, 0.6732375621795654, -0.0023470919113606215)","(0.6820350289344788, 0.7429816722869873, -0.0016074051382020116)","(0.6643677949905396, 0.7427462339401245, 0.0010533429449424148)","(0.6494477987289429, 0.7195701599121094, 0.004458238836377859)",Move
2366,"(0.6515586376190186, 0.470730185508728, -5.970852612335875e-08)","(0.5877445340156555, 0.5063877105712891, -0.0018831809284165502)","(0.5553179383277893, 0.5777510404586792, -0.00028950319392606616)","(0.5465048551559448, 0.6495541930198669, 0.004978489596396685)","(0.5325501561164856, 0.6824345588684082, 0.012195735238492489)","(0.5940272212028503, 0.6989573836326599, -0.019321762025356293)","(0.5569695830345154, 0.7387458682060242, -0.015369242988526821)","(0.539202868938446, 0.7097863554954529, -0.007409063633531332)","(0.5368289947509766, 0.6776834726333618, -0.0005269355606287718)","(0.6304309964179993, 0.7124298214912415, -0.015489035286009312)","(0.5935022830963135, 0.7794055938720703, -0.011686332523822784)","(0.572559118270874, 0.7474371790885925, -0.004974796436727047)","(0.5673277974128723, 0.7082816362380981, 0.0001751287782099098)","(0.657559871673584, 0.7030693888664246, -0.008905282244086266)","(0.6261733174324036, 0.7619349956512451, -0.005799023900181055)","(0.6040226221084595, 0.7354796528816223, -0.003128185635432601)","(0.5971936583518982, 0.6981425285339355, -0.0014306363882496953)","(0.679387629032135, 0.678987979888916, -0.0011416074121370912)","(0.6803617477416992, 0.7489383816719055, 0.0010699100093916059)","(0.6624983549118042, 0.7477582097053528, 0.004573405254632235)","(0.6480921506881714, 0.7244755625724792, 0.008285913616418839)",Move
2367,"(0.648501455783844, 0.47677409648895264, -6.643784900006722e-08)","(0.5860174894332886, 0.5128886699676514, -0.0019310582429170609)","(0.5547893047332764, 0.5831040143966675, -0.00043657762580551207)","(0.5468424558639526, 0.6559056639671326, 0.004986158572137356)","(0.5328611135482788, 0.6908718347549438, 0.01248618308454752)","(0.5927620530128479, 0.704417884349823, -0.020231615751981735)","(0.5573111772537231, 0.7476050853729248, -0.01422965619713068)","(0.5399386882781982, 0.7174832224845886, -0.003966322634369135)","(0.5384191870689392, 0.6847525238990784, 0.004383875988423824)","(0.6294500827789307, 0.7182633876800537, -0.015703005716204643)","(0.5929976105690002, 0.7862857580184937, -0.01020079292356968)","(0.5734124183654785, 0.7511333227157593, -0.002335664816200733)","(0.5700478553771973, 0.7109518647193909, 0.0032872988376766443)","(0.65680330991745, 0.7088779807090759, -0.008135642856359482)","(0.6257369518280029, 0.7679076194763184, -0.0036815665662288666)","(0.6045766472816467, 0.7377421855926514, -0.0002908715105149895)","(0.5991962552070618, 0.6986093521118164, 0.0014525777660310268)","(0.6789135336875916, 0.684840202331543, 0.0007423298666253686)","(0.6800961494445801, 0.7563245296478271, 0.00399558711796999)","(0.6630088090896606, 0.7546796798706055, 0.007915887981653214)","(0.6495082974433899, 0.7319451570510864, 0.011568629182875156)",Move
2368,"(0.6476433277130127, 0.48080432415008545, -4.3823174422641387e-08)","(0.5860912799835205, 0.5159898996353149, -0.0036320688668638468)","(0.55474853515625, 0.5883050560951233, -0.0023226195480674505)","(0.5460344552993774, 0.662040114402771, 0.003422191133722663)","(0.5318552851676941, 0.6983675956726074, 0.011323916725814342)","(0.5931833982467651, 0.7091613411903381, -0.021855544298887253)","(0.5577280521392822, 0.7518430352210999, -0.015438571572303772)","(0.5393137335777283, 0.7257182598114014, -0.004652263596653938)","(0.535338819026947, 0.6957000494003296, 0.003826929023489356)","(0.6295496821403503, 0.7242164611816406, -0.016363291069865227)","(0.5932514071464539, 0.7932705283164978, -0.010862534865736961)","(0.5730312466621399, 0.7621528506278992, -0.002634574193507433)","(0.5679155588150024, 0.7242140769958496, 0.0033487968612462282)","(0.6563116312026978, 0.7159138321876526, -0.00794163066893816)","(0.625294029712677, 0.7776249051094055, -0.003967965953052044)","(0.6033313274383545, 0.7510206699371338, -0.0009513798868283629)","(0.5961148142814636, 0.7141621112823486, 0.0007021838682703674)","(0.6777487397193909, 0.6920083165168762, 0.0016587651334702969)","(0.6795878410339355, 0.7610456347465515, 0.003929933067411184)","(0.6628034710884094, 0.7600139379501343, 0.006925271824002266)","(0.6489458084106445, 0.7383737564086914, 0.01012052595615387)",Move
2369,"(0.6466981768608093, 0.48680925369262695, -8.50091126380903e-08)","(0.5844165682792664, 0.5241496562957764, -0.0011575870448723435)","(0.5540818572044373, 0.5944325923919678, 0.0012780657270923257)","(0.546198308467865, 0.6662884950637817, 0.007839118130505085)","(0.5350200533866882, 0.7045975923538208, 0.01642371341586113)","(0.591659426689148, 0.7142459750175476, -0.020614877343177795)","(0.5580387711524963, 0.7576900720596313, -0.013816463761031628)","(0.540895938873291, 0.7320188879966736, -0.002887458773329854)","(0.5378845930099487, 0.7015479803085327, 0.005797429010272026)","(0.6285924911499023, 0.7279995083808899, -0.015864495187997818)","(0.5939010381698608, 0.7988296747207642, -0.009603161364793777)","(0.5757076144218445, 0.7652751207351685, -0.0009467084310017526)","(0.5726425647735596, 0.7252757549285889, 0.004976916592568159)","(0.6563534140586853, 0.7193851470947266, -0.007895330898463726)","(0.626530647277832, 0.7815495133399963, -0.0032646222971379757)","(0.6066723465919495, 0.7493093013763428, 0.00020549120381474495)","(0.6019470691680908, 0.7087786197662354, 0.0018922601593658328)","(0.6783301830291748, 0.6959506869316101, 0.0015153838321566582)","(0.680103063583374, 0.7701600193977356, 0.004209098406136036)","(0.6637235283851624, 0.7679687738418579, 0.007666734978556633)","(0.6506290435791016, 0.7448938488960266, 0.010965139605104923)",Move
2370,"(0.6464686393737793, 0.4903751611709595, -8.22290147084459e-08)","(0.5839425325393677, 0.5284950137138367, -0.0010210418840870261)","(0.5536843538284302, 0.598345160484314, 0.0011786033865064383)","(0.5458953380584717, 0.6704397797584534, 0.00731109082698822)","(0.5359783172607422, 0.7114282846450806, 0.015320680104196072)","(0.5900071263313293, 0.7202945947647095, -0.019918562844395638)","(0.5571685433387756, 0.7630316615104675, -0.01357895415276289)","(0.5407584309577942, 0.7381552457809448, -0.0033561750315129757)","(0.5381567478179932, 0.7082754969596863, 0.004802084527909756)","(0.6270272731781006, 0.7341076135635376, -0.01548051368445158)","(0.5929644703865051, 0.8030730485916138, -0.009334191679954529)","(0.5755869150161743, 0.7705830931663513, -0.0009491780656389892)","(0.5731375813484192, 0.7310843467712402, 0.004582452587783337)","(0.6555578708648682, 0.7257790565490723, -0.007930919528007507)","(0.6263434290885925, 0.7871221303939819, -0.0036595575511455536)","(0.6074686050415039, 0.7545605897903442, -7.671999628655612e-05)","(0.603603184223175, 0.7134240865707397, 0.0016379562439396977)","(0.6784989237785339, 0.7029035091400146, 0.0010176581563428044)","(0.6795731782913208, 0.776801347732544, 0.003214066382497549)","(0.6630495190620422, 0.7718785405158997, 0.006934594828635454)","(0.6502200961112976, 0.7464746236801147, 0.010518188588321209)",Move
2371,"(0.6460235714912415, 0.4970909357070923, -9.089386310279224e-08)","(0.5841514468193054, 0.5347903966903687, -2.3999877157621086e-05)","(0.5542049407958984, 0.6027448177337646, 0.0026736489962786436)","(0.547655463218689, 0.6730571389198303, 0.009082868695259094)","(0.5386666059494019, 0.7136574983596802, 0.01724798046052456)","(0.5882156491279602, 0.7239755988121033, -0.01900465600192547)","(0.5575358867645264, 0.7689194679260254, -0.012714654207229614)","(0.541570246219635, 0.7460240125656128, -0.002551519777625799)","(0.5385769605636597, 0.7166567444801331, 0.005653340835124254)","(0.6256157755851746, 0.73835289478302, -0.014791034162044525)","(0.5925270318984985, 0.8067247867584229, -0.008537246845662594)","(0.5766748785972595, 0.7729204893112183, -3.694737097248435e-05)","(0.5753635168075562, 0.7325842380523682, 0.0056210411712527275)","(0.6545717716217041, 0.7308399081230164, -0.007432907819747925)","(0.6260847449302673, 0.7905924320220947, -0.002951142843812704)","(0.6084585189819336, 0.7571024298667908, 0.0007663717842660844)","(0.6055696606636047, 0.7156088352203369, 0.0026117197703570127)","(0.678003191947937, 0.7089796662330627, 0.0013930745190009475)","(0.6791001558303833, 0.783064067363739, 0.0038696862757205963)","(0.6630973815917969, 0.7776998281478882, 0.007623240817338228)","(0.6508190035820007, 0.7521174550056458, 0.01124406885355711)",Move
2372,"(0.6441888213157654, 0.5050143599510193, -6.550327213972196e-08)","(0.5828946232795715, 0.5420949459075928, 0.00015648320550099015)","(0.5539858341217041, 0.6084399223327637, 0.003462002146989107)","(0.5476070046424866, 0.677379310131073, 0.010641884990036488)","(0.5405185222625732, 0.7183817028999329, 0.01966092176735401)","(0.5882579684257507, 0.7303729057312012, -0.017659971490502357)","(0.5582137107849121, 0.7737002372741699, -0.009637827053666115)","(0.5417740345001221, 0.7499263286590576, 0.001425194088369608)","(0.5377074480056763, 0.7209172248840332, 0.01008737925440073)","(0.62565678358078, 0.7450852990150452, -0.012437017634510994)","(0.5922510623931885, 0.8091357946395874, -0.00495876045897603)","(0.5758095383644104, 0.7762418985366821, 0.0039087519980967045)","(0.5736239552497864, 0.7376464605331421, 0.009655010886490345)","(0.6548265218734741, 0.737787127494812, -0.003976119682192802)","(0.6258242726325989, 0.7956660985946655, 0.0019762925803661346)","(0.6081076860427856, 0.7622647285461426, 0.0061117419973015785)","(0.6049444675445557, 0.7215232849121094, 0.008072378113865852)","(0.6781704425811768, 0.716691792011261, 0.00596273597329855)","(0.6777209043502808, 0.7893115878105164, 0.010357382707297802)","(0.6622353196144104, 0.7821747660636902, 0.014979409985244274)","(0.650576651096344, 0.7549260258674622, 0.019008109346032143)",Move
2373,"(0.6470691561698914, 0.5105414986610413, -7.479839325696958e-08)","(0.5846080780029297, 0.5454516410827637, 0.0009283709223382175)","(0.5550265312194824, 0.6116973757743835, 0.004242070019245148)","(0.5488635897636414, 0.6806485652923584, 0.011103764176368713)","(0.5430421233177185, 0.7234210968017578, 0.019732296466827393)","(0.58664470911026, 0.7344413995742798, -0.016330450773239136)","(0.5586627721786499, 0.7798582315444946, -0.008758032694458961)","(0.5434326529502869, 0.7558978796005249, 0.0017858046339824796)","(0.5404191613197327, 0.7262042760848999, 0.010215072892606258)","(0.6243860721588135, 0.7503671646118164, -0.011719444766640663)","(0.5926297903060913, 0.8134122490882874, -0.0042121028527617455)","(0.5776702761650085, 0.7796880602836609, 0.0048150368966162205)","(0.5763831734657288, 0.7413136959075928, 0.010748217813670635)","(0.6547393798828125, 0.7442042827606201, -0.003976472653448582)","(0.6255701184272766, 0.798872172832489, 0.0021637233439832926)","(0.6095967292785645, 0.765007734298706, 0.0069899349473416805)","(0.6080799698829651, 0.7249478697776794, 0.009559479542076588)","(0.6793153882026672, 0.7238155007362366, 0.005240216851234436)","(0.6770654916763306, 0.7962536215782166, 0.011114366352558136)","(0.6618395447731018, 0.7880082726478577, 0.01730676367878914)","(0.651133120059967, 0.7601425647735596, 0.022380895912647247)",Move
2374,"(0.6463552117347717, 0.5177140235900879, -6.375539385317097e-08)","(0.585527777671814, 0.5505965352058411, -2.7586933356360532e-05)","(0.5556936860084534, 0.6157102584838867, 0.002107134787365794)","(0.5496712923049927, 0.6846933960914612, 0.007454842794686556)","(0.54339200258255, 0.7272845506668091, 0.014264993369579315)","(0.5884332656860352, 0.7374909520149231, -0.017247872427105904)","(0.5591524243354797, 0.7805899381637573, -0.011900234036147594)","(0.5432660579681396, 0.7577613592147827, -0.0037024151533842087)","(0.5394666194915771, 0.7294694781303406, 0.003099558874964714)","(0.6256601810455322, 0.7528375387191772, -0.013605871237814426)","(0.5929394364356995, 0.8150538206100464, -0.007242884952574968)","(0.577492356300354, 0.7827590703964233, 0.00026649466599337757)","(0.5761763453483582, 0.7441524267196655, 0.004957548808306456)","(0.6554352641105652, 0.7462431192398071, -0.0071529000997543335)","(0.6269225478172302, 0.8014500141143799, -0.0025863945484161377)","(0.6104569435119629, 0.7681307196617126, 0.0008633643737994134)","(0.6083192229270935, 0.7279184460639954, 0.002465698169544339)","(0.6793853640556335, 0.7262968420982361, 0.0006772050401195884)","(0.6787216663360596, 0.7993957996368408, 0.004154165741056204)","(0.6635832190513611, 0.7951695919036865, 0.008634818717837334)","(0.6525623202323914, 0.7710583209991455, 0.012605021707713604)",Move
2375,"(0.6462916731834412, 0.5229319930076599, -7.355006914622209e-08)","(0.5848268866539001, 0.5552647709846497, 0.003980960231274366)","(0.5552116632461548, 0.6177436113357544, 0.010143516585230827)","(0.5494953989982605, 0.6866726279258728, 0.019961727783083916)","(0.5441292524337769, 0.7289329171180725, 0.03164906054735184)","(0.5863792300224304, 0.7411142587661743, -0.01072400901466608)","(0.5578630566596985, 0.7829846739768982, 0.0021258615888655186)","(0.5433902740478516, 0.7608004808425903, 0.0167207270860672)","(0.5403867363929749, 0.7331592440605164, 0.027478070929646492)","(0.6238346695899963, 0.7580010294914246, -0.005880005657672882)","(0.5926618576049805, 0.8172060251235962, 0.005830666050314903)","(0.5786716938018799, 0.7850710153579712, 0.016673078760504723)","(0.577469527721405, 0.7486926913261414, 0.023580098524689674)","(0.654025137424469, 0.7516903877258301, 0.0025245475117117167)","(0.6272554993629456, 0.8035290837287903, 0.011449381709098816)","(0.6121235489845276, 0.7683554887771606, 0.01656731776893139)","(0.6107202172279358, 0.7287626266479492, 0.019086817279458046)","(0.6781349778175354, 0.731241762638092, 0.012817204929888248)","(0.6771856546401978, 0.8032515048980713, 0.020295532420277596)","(0.6633023619651794, 0.7966334223747253, 0.026598624885082245)","(0.6533045768737793, 0.7718575596809387, 0.031626638025045395)",Move
2376,"(0.6464571356773376, 0.5255548357963562, -7.810461255530754e-08)","(0.5854611992835999, 0.5558216571807861, 0.0041520241647958755)","(0.5551145672798157, 0.6182000041007996, 0.010115569457411766)","(0.549816370010376, 0.6860394477844238, 0.019455833360552788)","(0.5467462539672852, 0.7294472455978394, 0.03042280673980713)","(0.5838372707366943, 0.7424909472465515, -0.01071704551577568)","(0.5562867522239685, 0.7847611904144287, 0.0007451264536939561)","(0.5426794290542603, 0.7627556324005127, 0.013823655433952808)","(0.5398697853088379, 0.7359262704849243, 0.02363542467355728)","(0.6218541860580444, 0.7591195106506348, -0.006664969492703676)","(0.5905953049659729, 0.8177305459976196, 0.004277118016034365)","(0.5778688788414001, 0.7850804328918457, 0.014511147513985634)","(0.5783684849739075, 0.748633086681366, 0.02094392105937004)","(0.65345698595047, 0.7531760334968567, 0.000779224094003439)","(0.6263565421104431, 0.8068410754203796, 0.008546792902052402)","(0.6118735074996948, 0.7704246044158936, 0.01370021142065525)","(0.6114145517349243, 0.7303299307823181, 0.01648038439452648)","(0.6790100932121277, 0.7336992025375366, 0.01009158231317997)","(0.675869882106781, 0.8104987740516663, 0.016638707369565964)","(0.6610843539237976, 0.8006501793861389, 0.023499952629208565)","(0.6512966752052307, 0.7723532915115356, 0.029063595458865166)",Move
2377,"(0.6449617743492126, 0.5301275253295898, -9.52054080016751e-08)","(0.5848475098609924, 0.5562713146209717, 0.004031623248010874)","(0.553921639919281, 0.6173792481422424, 0.009491447359323502)","(0.549199640750885, 0.6865682601928711, 0.0179020743817091)","(0.5471698641777039, 0.7311551570892334, 0.027852769941091537)","(0.5811386108398438, 0.7449101209640503, -0.009923113510012627)","(0.5537750124931335, 0.7832271456718445, 0.0005007604486308992)","(0.5417190194129944, 0.757267951965332, 0.012453545816242695)","(0.5402664542198181, 0.7286736369132996, 0.02157342992722988)","(0.6190252304077148, 0.7635760307312012, -0.006742596160620451)","(0.5876566171646118, 0.8178391456604004, 0.003597208531573415)","(0.576023519039154, 0.783475399017334, 0.013103830628097057)","(0.5769550204277039, 0.7465640306472778, 0.01910332776606083)","(0.6507493257522583, 0.7575783133506775, -0.00037803061422891915)","(0.6247113943099976, 0.8088473677635193, 0.006440073251724243)","(0.6108767986297607, 0.7722328305244446, 0.011197393760085106)","(0.6106104254722595, 0.7324666976928711, 0.013932684436440468)","(0.6769286394119263, 0.736309826374054, 0.007822045125067234)","(0.6746752858161926, 0.8136880993843079, 0.013869360089302063)","(0.6598998308181763, 0.8048493266105652, 0.020866138860583305)","(0.6498605608940125, 0.777380108833313, 0.026617903262376785)",Move
2378,"(0.6458029747009277, 0.5321400761604309, -1.1167194458039376e-07)","(0.5857453346252441, 0.5557211637496948, 0.004105284344404936)","(0.5536420941352844, 0.6174693703651428, 0.009283247403800488)","(0.54912269115448, 0.6862003207206726, 0.017269492149353027)","(0.5489487648010254, 0.7305980920791626, 0.026634622365236282)","(0.5798470973968506, 0.7473803758621216, -0.010563547722995281)","(0.5522471070289612, 0.7800069451332092, -0.00046867370838299394)","(0.5413954854011536, 0.7519165277481079, 0.011123811826109886)","(0.5411220788955688, 0.7226658463478088, 0.019993171095848083)","(0.6173470616340637, 0.7652716040611267, -0.008040460757911205)","(0.5857903957366943, 0.8146568536758423, 0.0023768057581037283)","(0.5741023421287537, 0.7802447080612183, 0.011736636981368065)","(0.5751969218254089, 0.7429507970809937, 0.01743198372423649)","(0.6492322683334351, 0.7582142949104309, -0.0023243322502821684)","(0.6233686208724976, 0.8081316351890564, 0.004219735041260719)","(0.6093001961708069, 0.7715290188789368, 0.008835616521537304)","(0.609112024307251, 0.7308950424194336, 0.011433012783527374)","(0.6759262084960938, 0.7364093065261841, 0.005217115394771099)","(0.6736294031143188, 0.8163374662399292, 0.010531991720199585)","(0.6584200859069824, 0.8093543648719788, 0.017401373013854027)","(0.6484847068786621, 0.7819817066192627, 0.023102790117263794)",Move
2379,"(0.6452704668045044, 0.5347510576248169, -1.1005835887090143e-07)","(0.5853276252746582, 0.5557290315628052, 0.005427970085293055)","(0.5532571077346802, 0.6170127987861633, 0.012078755535185337)","(0.5481260418891907, 0.687761664390564, 0.021510520949959755)","(0.5475618839263916, 0.7309773564338684, 0.03246722370386124)","(0.5777960419654846, 0.7465466260910034, -0.0066773854196071625)","(0.5506706237792969, 0.7797620296478271, 0.005794846918433905)","(0.5402453541755676, 0.7525380253791809, 0.01942336931824684)","(0.5402634739875793, 0.7231564521789551, 0.02970925159752369)","(0.6150160431861877, 0.7664433121681213, -0.003824719926342368)","(0.5829269886016846, 0.814462423324585, 0.007983275689184666)","(0.5723010301589966, 0.778201162815094, 0.01809561811387539)","(0.5744635462760925, 0.7405557632446289, 0.024802634492516518)","(0.6468080282211304, 0.7607370018959045, 0.002299767918884754)","(0.6207864284515381, 0.8077302575111389, 0.009783727116882801)","(0.6076064109802246, 0.770453929901123, 0.0143952127546072)","(0.6082717180252075, 0.7307374477386475, 0.017377043142914772)","(0.6739096641540527, 0.7397182583808899, 0.010428490117192268)","(0.6716482043266296, 0.8177911639213562, 0.016836022958159447)","(0.6574001908302307, 0.8102638721466064, 0.023777011781930923)","(0.6482020020484924, 0.7836169004440308, 0.029703496024012566)",Move
2380,"(0.644692599773407, 0.5334411263465881, -1.4187384067554376e-07)","(0.5842313766479492, 0.5556387305259705, 0.0078024049289524555)","(0.5519005060195923, 0.6164987087249756, 0.016878820955753326)","(0.5469359755516052, 0.6859359741210938, 0.028992583975195885)","(0.5484033823013306, 0.7284044623374939, 0.042709801346063614)","(0.5757034420967102, 0.7459280490875244, -0.0045036678202450275)","(0.5483670234680176, 0.7741782069206238, 0.011525587178766727)","(0.5403445363044739, 0.7434641122817993, 0.02773696556687355)","(0.5419332385063171, 0.7126775979995728, 0.03960755467414856)","(0.612870454788208, 0.7662580609321594, -0.0010772241512313485)","(0.5804272890090942, 0.8113759160041809, 0.014385729096829891)","(0.5704469084739685, 0.7740653157234192, 0.026389362290501595)","(0.57290118932724, 0.7359139919281006, 0.03391069546341896)","(0.6448699831962585, 0.7599507570266724, 0.006068166811019182)","(0.6175089478492737, 0.8068504333496094, 0.01661338098347187)","(0.6042270064353943, 0.7692225575447083, 0.022084271535277367)","(0.6050006747245789, 0.7284568548202515, 0.025031086057424545)","(0.6723176836967468, 0.738700270652771, 0.015533972531557083)","(0.6701362729072571, 0.8177362084388733, 0.02361677773296833)","(0.6561145186424255, 0.8130180239677429, 0.030667195096611977)","(0.6470943689346313, 0.788402259349823, 0.036351900547742844)",Position
2381,"(0.6448478102684021, 0.5340222120285034, -1.3796093867313175e-07)","(0.5831179618835449, 0.5540940165519714, 0.006299490109086037)","(0.5506371855735779, 0.6143815517425537, 0.014636797830462456)","(0.5457969903945923, 0.6848114132881165, 0.025834809988737106)","(0.5469487309455872, 0.727081835269928, 0.03854059800505638)","(0.5742855072021484, 0.7445234060287476, -0.003967626020312309)","(0.5468212366104126, 0.7725337743759155, 0.010130108334124088)","(0.5388941764831543, 0.7402099967002869, 0.024384409189224243)","(0.5406275987625122, 0.7083662748336792, 0.035183705389499664)","(0.6113117337226868, 0.766609787940979, -0.00026019258075393736)","(0.5780678987503052, 0.8067420125007629, 0.013654959388077259)","(0.568450927734375, 0.7681867480278015, 0.023820482194423676)","(0.5714812278747559, 0.7294629216194153, 0.03047933615744114)","(0.6433791518211365, 0.7619929909706116, 0.006822604686021805)","(0.6162754893302917, 0.8053981065750122, 0.01596193201839924)","(0.603527307510376, 0.7683583498001099, 0.020377594977617264)","(0.604882538318634, 0.7282208800315857, 0.02316257171332836)","(0.6709820628166199, 0.7417653799057007, 0.01607133261859417)","(0.6673656702041626, 0.817703902721405, 0.023280227556824684)","(0.6531121730804443, 0.8116990327835083, 0.03004627116024494)","(0.6444612741470337, 0.7863001227378845, 0.03596167638897896)",Position
2382,"(0.6442194581031799, 0.5330322980880737, -1.4843345752524328e-07)","(0.5825139880180359, 0.553500235080719, 0.005961031652987003)","(0.548579216003418, 0.6139534115791321, 0.01558548491448164)","(0.5428764820098877, 0.6867478489875793, 0.027888773009181023)","(0.5439381003379822, 0.7288223505020142, 0.04162577912211418)","(0.5726250410079956, 0.7455193400382996, 0.0029770387336611748)","(0.5463947057723999, 0.7709054946899414, 0.018114861100912094)","(0.5407816767692566, 0.7348984479904175, 0.030915632843971252)","(0.5440894961357117, 0.7022326588630676, 0.04059680178761482)","(0.6091837882995605, 0.7693503499031067, 0.007341040298342705)","(0.5766261219978333, 0.8009339570999146, 0.02340003475546837)","(0.5690886974334717, 0.7608482241630554, 0.03145742416381836)","(0.5731126666069031, 0.7220903038978577, 0.03650643676519394)","(0.6411706805229187, 0.7655460238456726, 0.014649108052253723)","(0.6148025989532471, 0.8032912015914917, 0.025325044989585876)","(0.6033788323402405, 0.7689018845558167, 0.027640296146273613)","(0.605253279209137, 0.7293038964271545, 0.028789782896637917)","(0.6687608957290649, 0.7447761297225952, 0.023999061435461044)","(0.6652349233627319, 0.8145835399627686, 0.03141045197844505)","(0.6516685485839844, 0.8129311800003052, 0.036622799932956696)","(0.6426690220832825, 0.7925989627838135, 0.0415535531938076)",Position
2383,"(0.6441651582717896, 0.5379149913787842, -1.2021557438401942e-07)","(0.581864058971405, 0.5555429458618164, 0.008106500841677189)","(0.5484381914138794, 0.614710807800293, 0.019237367436289787)","(0.5423846244812012, 0.6856063008308411, 0.03228335455060005)","(0.5416877865791321, 0.727851152420044, 0.04664972424507141)","(0.5699211955070496, 0.7416032552719116, 0.009588842280209064)","(0.5471755862236023, 0.7691771984100342, 0.02485942840576172)","(0.5416961908340454, 0.7351575493812561, 0.03666292503476143)","(0.5445560216903687, 0.7046657800674438, 0.0456974171102047)","(0.6062111854553223, 0.7681915760040283, 0.013185682706534863)","(0.5765252709388733, 0.798949658870697, 0.02937527559697628)","(0.5687972903251648, 0.7613532543182373, 0.03672882542014122)","(0.5719751119613647, 0.7249687910079956, 0.041648019105196)","(0.6391286253929138, 0.7686524987220764, 0.019442176446318626)","(0.614567220211029, 0.8031259775161743, 0.02993624284863472)","(0.6039424538612366, 0.7693442106246948, 0.0323915109038353)","(0.606131374835968, 0.7319013476371765, 0.03418971225619316)","(0.6673752069473267, 0.7511164546012878, 0.027843741700053215)","(0.6630178689956665, 0.8181918263435364, 0.03529490903019905)","(0.6492507457733154, 0.8123078942298889, 0.04134734719991684)","(0.6403366327285767, 0.788752555847168, 0.047426607459783554)",Position
2384,"(0.6420731544494629, 0.5381901860237122, -8.620580871365746e-08)","(0.5812456607818604, 0.5557734966278076, 0.004612321499735117)","(0.5483258366584778, 0.6162911057472229, 0.013337621465325356)","(0.5409210920333862, 0.6862193942070007, 0.024408884346485138)","(0.5401182770729065, 0.7276479601860046, 0.036575738340616226)","(0.5716187953948975, 0.7415013909339905, 0.004664828535169363)","(0.5489804744720459, 0.7698086500167847, 0.01854577101767063)","(0.5412769317626953, 0.7353696227073669, 0.02908618189394474)","(0.542770266532898, 0.7039473652839661, 0.03716041147708893)","(0.6070948839187622, 0.7672820091247559, 0.009223814122378826)","(0.5767674446105957, 0.7922606468200684, 0.0248466394841671)","(0.5677038431167603, 0.7545279264450073, 0.03090258315205574)","(0.5704091191291809, 0.717933714389801, 0.034365978091955185)","(0.6395721435546875, 0.7679110765457153, 0.01624271832406521)","(0.6140283942222595, 0.7974802851676941, 0.026520945131778717)","(0.602775514125824, 0.764136791229248, 0.027506180107593536)","(0.6050899624824524, 0.7258761525154114, 0.027654271572828293)","(0.667414128780365, 0.7530482411384583, 0.02505369670689106)","(0.6629818677902222, 0.817560613155365, 0.03120691329240799)","(0.6495468020439148, 0.8128307461738586, 0.03548336774110794)","(0.6410415172576904, 0.7885464429855347, 0.04001731425523758)",Position
2385,"(0.6440256834030151, 0.5407809019088745, -7.09369345486266e-08)","(0.5819576978683472, 0.553977906703949, 0.014366132207214832)","(0.5481207370758057, 0.6190424561500549, 0.032734889537096024)","(0.5403175950050354, 0.6883960962295532, 0.05346604064106941)","(0.5391331911087036, 0.7291102409362793, 0.07552628964185715)","(0.5765067934989929, 0.7456538677215576, 0.02340671420097351)","(0.5528198480606079, 0.7732853889465332, 0.05282652750611305)","(0.5444796681404114, 0.7328155636787415, 0.07229136675596237)","(0.5451762080192566, 0.7004117965698242, 0.08513175696134567)","(0.6110318899154663, 0.7700842618942261, 0.030617639422416687)","(0.5796921849250793, 0.7843728065490723, 0.06302961707115173)","(0.5688024163246155, 0.7431551814079285, 0.07426279783248901)","(0.568416178226471, 0.710268497467041, 0.07899593561887741)","(0.6415731906890869, 0.7690607905387878, 0.04164024069905281)","(0.613211989402771, 0.7879647612571716, 0.06755401194095612)","(0.6014119982719421, 0.7527739405632019, 0.07268790900707245)","(0.6027541756629944, 0.7176730036735535, 0.07289896160364151)","(0.6673139333724976, 0.7534263730049133, 0.055097129195928574)","(0.657550036907196, 0.8056529760360718, 0.07543165236711502)","(0.645104706287384, 0.7950295209884644, 0.08484292775392532)","(0.6381681561470032, 0.7708554863929749, 0.09100313484668732)",Position
2386,"(0.6440775394439697, 0.5431269407272339, -1.5353538174167625e-07)","(0.5831151604652405, 0.5567012429237366, 0.015587424859404564)","(0.5508367419242859, 0.6188718676567078, 0.03215944766998291)","(0.5427525043487549, 0.6842129826545715, 0.051459137350320816)","(0.539709210395813, 0.7247927188873291, 0.07217851281166077)","(0.5717565417289734, 0.7436603307723999, 0.011997251771390438)","(0.5469118356704712, 0.758732259273529, 0.03696165606379509)","(0.542965829372406, 0.7248233556747437, 0.05512060597538948)","(0.5465186238288879, 0.699142336845398, 0.06697464734315872)","(0.6086696982383728, 0.7666000127792358, 0.01641717366874218)","(0.5761929154396057, 0.787201464176178, 0.043141141533851624)","(0.5679442882537842, 0.7521830797195435, 0.05654521286487579)","(0.5705886483192444, 0.7212122082710266, 0.06311271339654922)","(0.6414814591407776, 0.7651736736297607, 0.025040779262781143)","(0.610085129737854, 0.8030463457107544, 0.04417878016829491)","(0.5993607044219971, 0.7707760334014893, 0.05025388300418854)","(0.6014060974121094, 0.7344837784767151, 0.05204535648226738)","(0.669202446937561, 0.7502493858337402, 0.03666118159890175)","(0.6586673259735107, 0.8226068019866943, 0.05018963664770126)","(0.6455378532409668, 0.8161739706993103, 0.05831436440348625)","(0.6376474499702454, 0.7905658483505249, 0.06422315537929535)",Position
2387,"(0.6437094807624817, 0.5434710383415222, -1.1400376820347446e-07)","(0.5823955535888672, 0.5563530325889587, 0.017206039279699326)","(0.5492064356803894, 0.6184154748916626, 0.03668738901615143)","(0.5414679050445557, 0.6849736571311951, 0.05816740542650223)","(0.5413157939910889, 0.7249200940132141, 0.08078882098197937)","(0.5745965242385864, 0.7450152635574341, 0.025240812450647354)","(0.5502453446388245, 0.7655400633811951, 0.053686901926994324)","(0.5435063242912292, 0.7282596826553345, 0.07100605219602585)","(0.5455905795097351, 0.6992087960243225, 0.08223691582679749)","(0.6095856428146362, 0.7675426602363586, 0.030536040663719177)","(0.5786259770393372, 0.7828084230422974, 0.06243814155459404)","(0.5685827732086182, 0.7445647120475769, 0.0727996975183487)","(0.5695878267288208, 0.7120364308357239, 0.07674616575241089)","(0.6407628655433655, 0.7667423486709595, 0.03968192636966705)","(0.6121721863746643, 0.7893036603927612, 0.0645429790019989)","(0.6016038656234741, 0.7547047138214111, 0.06889140605926514)","(0.6033965945243835, 0.7184691429138184, 0.06873337179422379)","(0.6663848757743835, 0.7523167133331299, 0.051577188074588776)","(0.657629132270813, 0.8106212019920349, 0.07053344696760178)","(0.6458890438079834, 0.8050294518470764, 0.0790679082274437)","(0.6383296251296997, 0.7847647070884705, 0.08461961895227432)",Position
2388,"(0.6438945531845093, 0.5438698530197144, -1.7001096352942113e-07)","(0.5831858515739441, 0.5572587251663208, 0.014372967183589935)","(0.5513071417808533, 0.6215612888336182, 0.031202925369143486)","(0.541840136051178, 0.6857826113700867, 0.05051477998495102)","(0.5385631322860718, 0.7229987978935242, 0.07093899697065353)","(0.5733810067176819, 0.7497778534889221, 0.016374966129660606)","(0.547626256942749, 0.7559821009635925, 0.03989405184984207)","(0.5452719330787659, 0.720037043094635, 0.05418537184596062)","(0.5505974888801575, 0.6942050457000732, 0.06332922726869583)","(0.6099287271499634, 0.7706856727600098, 0.020906303077936172)","(0.5782465934753418, 0.7763848900794983, 0.0481271967291832)","(0.5714472532272339, 0.7393765449523926, 0.05769962817430496)","(0.5745461583137512, 0.7079467177391052, 0.06105579063296318)","(0.6422258019447327, 0.7673659920692444, 0.029134297743439674)","(0.6129992008209229, 0.7947359681129456, 0.048250723630189896)","(0.602784276008606, 0.7620629072189331, 0.051289964467287064)","(0.6046218276023865, 0.7247481346130371, 0.05080759897828102)","(0.6695403456687927, 0.7505728602409363, 0.04010933265089989)","(0.6598936915397644, 0.8173256516456604, 0.05297533795237541)","(0.6462037563323975, 0.8146639466285706, 0.05932670831680298)","(0.6371229290962219, 0.7932450175285339, 0.06389982253313065)",Position
2389,"(0.6445741057395935, 0.5464129447937012, -1.1761395057874324e-07)","(0.5858127474784851, 0.5539602041244507, 0.007043583784252405)","(0.5524042248725891, 0.6179828643798828, 0.018232839182019234)","(0.5421770215034485, 0.6834202408790588, 0.03216540440917015)","(0.5389736890792847, 0.7175817489624023, 0.04725810885429382)","(0.5736392140388489, 0.747484028339386, 0.006640105042606592)","(0.5456042289733887, 0.7559443116188049, 0.024232033640146255)","(0.5445690751075745, 0.718092143535614, 0.03607287257909775)","(0.55185866355896, 0.6917902231216431, 0.04399691894650459)","(0.6096979975700378, 0.7730465531349182, 0.011597419157624245)","(0.5764172077178955, 0.7757419347763062, 0.03202613815665245)","(0.5701291561126709, 0.7393141388893127, 0.04031257703900337)","(0.5743722915649414, 0.7077641487121582, 0.04391717538237572)","(0.6415029764175415, 0.7721987366676331, 0.019527973607182503)","(0.610975980758667, 0.7939783334732056, 0.0329304113984108)","(0.6006888151168823, 0.7619073987007141, 0.036082178354263306)","(0.6041634678840637, 0.7250397801399231, 0.036883994936943054)","(0.6696231365203857, 0.7566089630126953, 0.02942083775997162)","(0.6574015617370605, 0.8131445050239563, 0.03797278180718422)","(0.643998384475708, 0.8026977181434631, 0.04386621341109276)","(0.637255072593689, 0.7728224396705627, 0.04903218522667885)",Release
2390,"(0.6428598165512085, 0.550128161907196, -6.516653883181789e-08)","(0.5853356122970581, 0.5585072040557861, 0.0011911970796063542)","(0.5527807474136353, 0.6220133900642395, 0.008350909687578678)","(0.5424021482467651, 0.6857528686523438, 0.018932851031422615)","(0.5403368473052979, 0.7162870764732361, 0.030268410220742226)","(0.5741603374481201, 0.7534207105636597, -0.001694302773103118)","(0.5475562810897827, 0.7579638957977295, 0.01324604731053114)","(0.5434747934341431, 0.7222089767456055, 0.023634107783436775)","(0.5477840900421143, 0.6944209337234497, 0.030503859743475914)","(0.6097844243049622, 0.7773811221122742, 0.004200150724500418)","(0.579039990901947, 0.7779569625854492, 0.0218795258551836)","(0.5694036483764648, 0.7448874115943909, 0.028491290286183357)","(0.5700817704200745, 0.7117732167243958, 0.030617685988545418)","(0.642388105392456, 0.7741902470588684, 0.012571250088512897)","(0.6148119568824768, 0.7966318726539612, 0.022949574515223503)","(0.60128253698349, 0.7695778608322144, 0.022401653230190277)","(0.6009189486503601, 0.733391523361206, 0.020383581519126892)","(0.6715235710144043, 0.7562233209609985, 0.022535867989063263)","(0.6630998253822327, 0.8155485391616821, 0.02774590440094471)","(0.6495630145072937, 0.8116918206214905, 0.03031030111014843)","(0.6419473886489868, 0.7856410145759583, 0.032708361744880676)",Release
2391,"(0.6435990333557129, 0.5548664927482605, -1.2863851850397623e-07)","(0.5836361646652222, 0.561506986618042, 0.00835626944899559)","(0.5521653890609741, 0.6234681010246277, 0.01995358057320118)","(0.5435599088668823, 0.6867696642875671, 0.034451138228178024)","(0.5392658710479736, 0.717755138874054, 0.050003793090581894)","(0.5713256597518921, 0.7583540678024292, 0.005546603351831436)","(0.5462497472763062, 0.7628097534179688, 0.024156417697668076)","(0.5439691543579102, 0.7269284129142761, 0.03692471235990524)","(0.5488042235374451, 0.6988896727561951, 0.04534829407930374)","(0.6088135242462158, 0.7815879583358765, 0.010077908635139465)","(0.5791553258895874, 0.7851226329803467, 0.03222844377160072)","(0.5728108882904053, 0.7491715550422668, 0.04227958619594574)","(0.5754973292350769, 0.7157052159309387, 0.04668063297867775)","(0.6424189209938049, 0.7768438458442688, 0.01779188960790634)","(0.6150327920913696, 0.8007339835166931, 0.03214743360877037)","(0.6055167317390442, 0.769044816493988, 0.03533969447016716)","(0.6076004505157471, 0.7316132187843323, 0.0358022078871727)","(0.6718525886535645, 0.7575064301490784, 0.027695640921592712)","(0.6622848510742188, 0.820560097694397, 0.03651893883943558)","(0.6492875814437866, 0.8169870376586914, 0.041872378438711166)","(0.6417378783226013, 0.792421817779541, 0.04630320519208908)",Release
2392,"(0.6431552767753601, 0.5568004846572876, -8.357221759069944e-08)","(0.5843644142150879, 0.5631940960884094, 0.0036750033032149076)","(0.5518907904624939, 0.6250334978103638, 0.011164292693138123)","(0.5425108075141907, 0.6901930570602417, 0.021861771121621132)","(0.5380212068557739, 0.7203580737113953, 0.03326480835676193)","(0.572364866733551, 0.758844792842865, -0.0016815605340525508)","(0.5456650257110596, 0.7643027305603027, 0.013569625094532967)","(0.5418931245803833, 0.7286490201950073, 0.024022256955504417)","(0.5459766387939453, 0.7014154195785522, 0.030464937910437584)","(0.6093774437904358, 0.7838681936264038, 0.0028864506166428328)","(0.5773866176605225, 0.7882111668586731, 0.02151891589164734)","(0.5691622495651245, 0.7532904744148254, 0.02981802076101303)","(0.5711742043495178, 0.7211276888847351, 0.0325741283595562)","(0.6427698731422424, 0.7804498672485352, 0.010299913585186005)","(0.6137403845787048, 0.8060205578804016, 0.02161710523068905)","(0.6016191244125366, 0.7757128477096558, 0.023442810401320457)","(0.6026021242141724, 0.7393483519554138, 0.02247028425335884)","(0.6722415685653687, 0.7619762420654297, 0.01948172226548195)","(0.6613578796386719, 0.8228432536125183, 0.025285443291068077)","(0.6473672986030579, 0.8125450611114502, 0.029509803280234337)","(0.6402089595794678, 0.7826511263847351, 0.03279208764433861)",Release
2393,"(0.6440476179122925, 0.5578551292419434, -1.1026863688812227e-07)","(0.5842649936676025, 0.5642569661140442, 0.009136464446783066)","(0.5523871183395386, 0.6278064250946045, 0.020583625882864)","(0.5419569611549377, 0.693199872970581, 0.03515099734067917)","(0.5344405174255371, 0.7229734063148499, 0.050847604870796204)","(0.5723128318786621, 0.7633300423622131, 0.004656668286770582)","(0.5453401803970337, 0.7689880728721619, 0.024046292528510094)","(0.5416820049285889, 0.7340318560600281, 0.03744368255138397)","(0.5458382964134216, 0.7069551944732666, 0.046119868755340576)","(0.6100420355796814, 0.7871376872062683, 0.00953169260174036)","(0.5774011611938477, 0.7921130657196045, 0.03328418359160423)","(0.5682344436645508, 0.7562260031700134, 0.044603798538446426)","(0.569487452507019, 0.7239049673080444, 0.04936284199357033)","(0.6432618498802185, 0.7818389534950256, 0.01784156635403633)","(0.6134548187255859, 0.804739773273468, 0.034806203097105026)","(0.6002268195152283, 0.7742284536361694, 0.03929861634969711)","(0.6004678010940552, 0.7378771901130676, 0.039666738361120224)","(0.6721370816230774, 0.7628981471061707, 0.02826862782239914)","(0.6617367267608643, 0.8216978311538696, 0.03919272869825363)","(0.6472959518432617, 0.8165637254714966, 0.04500523954629898)","(0.6391615867614746, 0.7921435236930847, 0.049132976680994034)",Release
2394,"(0.6453763842582703, 0.55696040391922, -1.3913376051277737e-07)","(0.584048867225647, 0.5671291947364807, 0.010854464955627918)","(0.552321195602417, 0.6303258538246155, 0.02441587671637535)","(0.5411125421524048, 0.6949715614318848, 0.04222067818045616)","(0.5316575765609741, 0.7239691615104675, 0.06134788319468498)","(0.5731918215751648, 0.7660982012748718, 0.0024963561445474625)","(0.5452700853347778, 0.7717767357826233, 0.02596007101237774)","(0.5403916239738464, 0.735480010509491, 0.04304692521691322)","(0.5435682535171509, 0.7073245644569397, 0.05402025580406189)","(0.6117200255393982, 0.7875760793685913, 0.009446189738810062)","(0.5768237709999084, 0.793937623500824, 0.03785106912255287)","(0.5674813389778137, 0.7560184597969055, 0.052222978323698044)","(0.5692553520202637, 0.7228888273239136, 0.05832848325371742)","(0.6446911096572876, 0.7812423706054688, 0.02070571854710579)","(0.6120354533195496, 0.8066419959068298, 0.04208758845925331)","(0.5992978811264038, 0.7732906937599182, 0.04819382354617119)","(0.6000111699104309, 0.7356313467025757, 0.04870115593075752)","(0.6727274656295776, 0.7626686692237854, 0.034452904015779495)","(0.6617254614830017, 0.8253094553947449, 0.04747392609715462)","(0.6478865146636963, 0.8203673362731934, 0.05333677679300308)","(0.6396095156669617, 0.7966818809509277, 0.05719882622361183)",Release
2395,"(0.6453491449356079, 0.5566883683204651, -1.2324233011895558e-07)","(0.5835340619087219, 0.5663143396377563, 0.008739391341805458)","(0.5510621070861816, 0.6294106841087341, 0.01858968660235405)","(0.5385009050369263, 0.6956192255020142, 0.031543128192424774)","(0.5273250341415405, 0.7243159413337708, 0.045430541038513184)","(0.5715427994728088, 0.762070894241333, 0.0004440697084646672)","(0.5437526702880859, 0.7732410430908203, 0.01794544793665409)","(0.5391563177108765, 0.7376633882522583, 0.03032565675675869)","(0.5433323979377747, 0.7096031308174133, 0.03796366602182388)","(0.6091181635856628, 0.7884372472763062, 0.004624512512236834)","(0.5737249851226807, 0.7977644205093384, 0.026062019169330597)","(0.5658220052719116, 0.7602093815803528, 0.03643597289919853)","(0.5690637230873108, 0.7284311056137085, 0.040086597204208374)","(0.6421846747398376, 0.7869599461555481, 0.012447801418602467)","(0.6091423034667969, 0.8143621683120728, 0.02771337889134884)","(0.5974128842353821, 0.7819085121154785, 0.03187759593129158)","(0.599649965763092, 0.7454993724822998, 0.03145797550678253)","(0.670893669128418, 0.7703625559806824, 0.02241000160574913)","(0.6563289761543274, 0.8317558765411377, 0.03130263462662697)","(0.6413930058479309, 0.8211544156074524, 0.03656656667590141)","(0.63405841588974, 0.7923977375030518, 0.03999420627951622)",Release
2396,"(0.6413401961326599, 0.5569462776184082, -5.549281567596154e-08)","(0.581674337387085, 0.5703724026679993, 0.003177486825734377)","(0.5495109558105469, 0.6356320381164551, 0.009474123828113079)","(0.5355532169342041, 0.7019672989845276, 0.018901830539107323)","(0.5246831774711609, 0.7295793890953064, 0.028873834758996964)","(0.574392557144165, 0.7652834057807922, -0.004548212047666311)","(0.5449514985084534, 0.779120922088623, 0.009344608522951603)","(0.5372970104217529, 0.7445821166038513, 0.019442444667220116)","(0.5382912755012512, 0.7154298424720764, 0.025687528774142265)","(0.6108508706092834, 0.7919753193855286, 8.961394632933661e-05)","(0.5748093128204346, 0.7981895804405212, 0.017761798575520515)","(0.5639076828956604, 0.7631784081459045, 0.025844963267445564)","(0.5639026165008545, 0.7318244576454163, 0.028070639818906784)","(0.6433382034301758, 0.7900352478027344, 0.007533483672887087)","(0.610693097114563, 0.8155261874198914, 0.018642835319042206)","(0.5966366529464722, 0.7851442098617554, 0.020070906728506088)","(0.5964077115058899, 0.7498723268508911, 0.018165457993745804)","(0.6714895367622375, 0.7727924585342407, 0.01664620079100132)","(0.6584475040435791, 0.8314041495323181, 0.02140778675675392)","(0.6433226466178894, 0.8239694833755493, 0.024150345474481583)","(0.6352777481079102, 0.7983146905899048, 0.026092559099197388)",Reach
2397,"(0.6419693827629089, 0.561115026473999, -1.0332696120940454e-07)","(0.5813946723937988, 0.5688359141349792, 0.0077105299569666386)","(0.5476380586624146, 0.632907509803772, 0.016585590317845345)","(0.5344958305358887, 0.7003406882286072, 0.027764607220888138)","(0.5204610824584961, 0.7286879420280457, 0.039426933974027634)","(0.5691711902618408, 0.7618384957313538, 0.000720095937140286)","(0.540203332901001, 0.7804965376853943, 0.014679265208542347)","(0.533511221408844, 0.7501339316368103, 0.025137653574347496)","(0.5351260900497437, 0.721927285194397, 0.03207923099398613)","(0.6056221723556519, 0.7915063500404358, 0.00395460007712245)","(0.5698203444480896, 0.8020991086959839, 0.021788498386740685)","(0.5608699917793274, 0.7670014500617981, 0.03131086006760597)","(0.5622060298919678, 0.735406219959259, 0.03546985611319542)","(0.638238787651062, 0.7920436263084412, 0.010162390768527985)","(0.6049519181251526, 0.8158024549484253, 0.02181331068277359)","(0.5923614501953125, 0.7851111888885498, 0.02556508034467697)","(0.5936399102210999, 0.7502328157424927, 0.026070106774568558)","(0.6671283841133118, 0.7764890193939209, 0.0182847511023283)","(0.6539803743362427, 0.8322246074676514, 0.02460937388241291)","(0.6392004489898682, 0.8249219059944153, 0.028986068442463875)","(0.6316223740577698, 0.7993860840797424, 0.03254934772849083)",Reach
2398,"(0.641603410243988, 0.5623879432678223, -5.0078149627097446e-08)","(0.5811712145805359, 0.5712051391601562, 0.007843231782317162)","(0.5469385385513306, 0.6382132172584534, 0.019682426005601883)","(0.5321967601776123, 0.7061159610748291, 0.03501943126320839)","(0.5190197229385376, 0.7342319488525391, 0.05154964327812195)","(0.5675214529037476, 0.7649950385093689, 0.004169556312263012)","(0.5364772081375122, 0.7809441089630127, 0.026226190850138664)","(0.5315804481506348, 0.7464239001274109, 0.042815402150154114)","(0.5336807370185852, 0.7185482382774353, 0.05323518440127373)","(0.6037777662277222, 0.7967599034309387, 0.011360738426446915)","(0.5676558613777161, 0.8057227730751038, 0.03629380464553833)","(0.558779239654541, 0.7681884169578552, 0.0493742935359478)","(0.5596442222595215, 0.7374290823936462, 0.055459797382354736)","(0.6357841491699219, 0.7985565662384033, 0.022097205743193626)","(0.602623462677002, 0.8225000500679016, 0.040534619241952896)","(0.5901707410812378, 0.7868591547012329, 0.04694894701242447)","(0.5915746092796326, 0.7508512139320374, 0.04837341234087944)","(0.66445392370224, 0.7840918302536011, 0.03482871875166893)","(0.6494101881980896, 0.8311498761177063, 0.04676821455359459)","(0.6354818344116211, 0.81232088804245, 0.05361224338412285)","(0.629153311252594, 0.778917670249939, 0.05853310599923134)",Reach
2399,"(0.6417346000671387, 0.562401294708252, -6.759856319149549e-08)","(0.5798132419586182, 0.5755597949028015, 0.012946776114404202)","(0.5455825924873352, 0.6422080397605896, 0.028340013697743416)","(0.5302514433860779, 0.7090509533882141, 0.04785321280360222)","(0.5174564719200134, 0.7360818386077881, 0.06904548406600952)","(0.5698232054710388, 0.7687104940414429, 0.004086116794496775)","(0.5359666347503662, 0.7955244183540344, 0.03184265270829201)","(0.5306633114814758, 0.7578893303871155, 0.054258380085229874)","(0.5341933369636536, 0.726073682308197, 0.06849268823862076)","(0.6071817874908447, 0.7988494038581848, 0.012456302531063557)","(0.5678502917289734, 0.812373161315918, 0.043803732842206955)","(0.5590094327926636, 0.7711961269378662, 0.061528537422418594)","(0.5612517595291138, 0.7400537133216858, 0.06965875625610352)","(0.6391836404800415, 0.7994346618652344, 0.02561890333890915)","(0.6030537486076355, 0.8240591287612915, 0.05055144056677818)","(0.5912937521934509, 0.7851566672325134, 0.05994837358593941)","(0.5944070816040039, 0.7477995157241821, 0.061907559633255005)","(0.6669344902038574, 0.7858213186264038, 0.04134216159582138)","(0.6484058499336243, 0.8341174721717834, 0.057604365050792694)","(0.6345550417900085, 0.8116695880889893, 0.0657031238079071)","(0.6288933753967285, 0.7755178809165955, 0.07077993452548981)",Reach
2400,"(0.6423301100730896, 0.5572757720947266, -1.1277510481022546e-07)","(0.5783159732818604, 0.5736377835273743, 0.016361907124519348)","(0.5458821058273315, 0.6429529786109924, 0.03312475606799126)","(0.5307625532150269, 0.7106428742408752, 0.05443068593740463)","(0.5151374936103821, 0.7414491176605225, 0.07725206017494202)","(0.568271815776825, 0.77483069896698, 0.0020288031082600355)","(0.5361686944961548, 0.793218731880188, 0.03255292400717735)","(0.5265184640884399, 0.7611100673675537, 0.05669238790869713)","(0.5242375731468201, 0.7351130247116089, 0.07171303778886795)","(0.6061163544654846, 0.8005955219268799, 0.009559056721627712)","(0.565043032169342, 0.8185577392578125, 0.0442100465297699)","(0.5546030402183533, 0.7771676182746887, 0.06503328680992126)","(0.5552935004234314, 0.7460393905639648, 0.07490972429513931)","(0.6387611627578735, 0.7986773252487183, 0.02272440679371357)","(0.6003564596176147, 0.8285461068153381, 0.051211435347795486)","(0.5869618058204651, 0.7902504801750183, 0.06240684166550636)","(0.5871185064315796, 0.7539897561073303, 0.06477612257003784)","(0.6665497422218323, 0.7841527462005615, 0.03878026828169823)","(0.6504693627357483, 0.8451358079910278, 0.05794847011566162)","(0.6348655223846436, 0.8287632465362549, 0.06732167303562164)","(0.6254053115844727, 0.7981794476509094, 0.07265360653400421)",Reach
2401,"(0.6420469880104065, 0.5594862103462219, -9.060499905899633e-08)","(0.5777024626731873, 0.5759520530700684, 0.010265256278216839)","(0.5445050001144409, 0.6407337784767151, 0.021018091589212418)","(0.5285104513168335, 0.7107570171356201, 0.03660877048969269)","(0.5116478204727173, 0.7423793077468872, 0.05371101200580597)","(0.5656871199607849, 0.775376558303833, -0.007903136312961578)","(0.5337970852851868, 0.7936559915542603, 0.01565505564212799)","(0.5259354710578918, 0.7598904371261597, 0.03603924438357353)","(0.5267629623413086, 0.732995867729187, 0.04888007417321205)","(0.6042084097862244, 0.8020787835121155, -0.000864304369315505)","(0.5632712244987488, 0.8281162977218628, 0.022872211411595345)","(0.5524268746376038, 0.7897655367851257, 0.039301156997680664)","(0.5534716248512268, 0.756704568862915, 0.04772068187594414)","(0.6371452808380127, 0.801707923412323, 0.011410729959607124)","(0.5987387895584106, 0.8387272357940674, 0.03128435090184212)","(0.5851971507072449, 0.8063942193984985, 0.039470069110393524)","(0.5855399370193481, 0.7708960771560669, 0.041209876537323)","(0.6644233465194702, 0.7873347401618958, 0.026277173310518265)","(0.6464976668357849, 0.8462594747543335, 0.041153643280267715)","(0.6330939531326294, 0.8290461301803589, 0.049585215747356415)","(0.6263165473937988, 0.7973434925079346, 0.05445193871855736)",Reach
2402,"(0.6404510736465454, 0.559205174446106, 6.509707439761314e-09)","(0.5763113498687744, 0.5791207551956177, 0.010264826938509941)","(0.5444758534431458, 0.6463891267776489, 0.020647980272769928)","(0.527877151966095, 0.7169593572616577, 0.03483200445771217)","(0.5088444948196411, 0.7457293272018433, 0.050639163702726364)","(0.5676825642585754, 0.7722875475883484, -0.004934543743729591)","(0.5342921614646912, 0.8045238256454468, 0.016386982053518295)","(0.5207335948944092, 0.7759981155395508, 0.03565756976604462)","(0.5177314877510071, 0.7489246726036072, 0.04842047020792961)","(0.6052352786064148, 0.8018525838851929, 0.0009473375394009054)","(0.5615822076797485, 0.8437044024467468, 0.02116219513118267)","(0.546951413154602, 0.8081077933311462, 0.03610551729798317)","(0.5461416244506836, 0.775652289390564, 0.04491334781050682)","(0.6371390223503113, 0.8047025799751282, 0.011561832390725613)","(0.5960761904716492, 0.8428978323936462, 0.02980305254459381)","(0.5809975266456604, 0.8081291913986206, 0.03755168244242668)","(0.5808119177818298, 0.7723168134689331, 0.03998138755559921)","(0.664283812046051, 0.7912577390670776, 0.024487242102622986)","(0.6452264785766602, 0.8467329740524292, 0.04049518331885338)","(0.6320258378982544, 0.8262115716934204, 0.04954131692647934)","(0.6256902813911438, 0.7908226847648621, 0.05499601364135742)",Reach
2403,"(0.6406323909759521, 0.5591579079627991, 4.459057478811701e-08)","(0.5760351419448853, 0.5820282101631165, 0.006540820002555847)","(0.5453973412513733, 0.6457198858261108, 0.012846776284277439)","(0.5288994312286377, 0.718521237373352, 0.02331659197807312)","(0.508114218711853, 0.7494098544120789, 0.03555193170905113)","(0.5655919909477234, 0.7752124667167664, -0.011899535544216633)","(0.5336446762084961, 0.8134751319885254, 0.006956109777092934)","(0.5170470476150513, 0.7912992238998413, 0.0259662214666605)","(0.5114561915397644, 0.7650426626205444, 0.03895163536071777)","(0.6037359237670898, 0.8054246306419373, -0.00585106061771512)","(0.5623775124549866, 0.8501139879226685, 0.012243677861988544)","(0.5467645525932312, 0.8181824088096619, 0.026544468477368355)","(0.5450688004493713, 0.784538745880127, 0.03512393683195114)","(0.6361367702484131, 0.8077635169029236, 0.004966566804796457)","(0.5984700918197632, 0.8482441306114197, 0.021959343925118446)","(0.5834821462631226, 0.8153871297836304, 0.029932133853435516)","(0.5826482176780701, 0.7789426445960999, 0.03256930410861969)","(0.6634388566017151, 0.7927628755569458, 0.017743315547704697)","(0.644855797290802, 0.8468994498252869, 0.03301839902997017)","(0.6309601068496704, 0.829751193523407, 0.042592570185661316)","(0.6243687272071838, 0.7980817556381226, 0.04878528416156769)",Reach
2404,"(0.640161395072937, 0.556583821773529, 4.76581156760858e-08)","(0.5747730135917664, 0.5845102071762085, 0.007597099058330059)","(0.543688178062439, 0.6499446034431458, 0.015751931816339493)","(0.5270193219184875, 0.7218168377876282, 0.028647517785429955)","(0.5062987208366394, 0.7515929937362671, 0.0437866672873497)","(0.5645134449005127, 0.7784817814826965, -0.012216918170452118)","(0.5321956276893616, 0.8173176050186157, 0.007979271933436394)","(0.5150272846221924, 0.7976831197738647, 0.0293266624212265)","(0.5086061954498291, 0.7722209692001343, 0.044261202216148376)","(0.603220522403717, 0.8077157735824585, -0.005040934309363365)","(0.5617125630378723, 0.8564808964729309, 0.012833205983042717)","(0.5453310608863831, 0.825751006603241, 0.02890208177268505)","(0.5425636768341064, 0.7927359938621521, 0.03942946344614029)","(0.6357704997062683, 0.8089727163314819, 0.007211882155388594)","(0.5978155732154846, 0.8500432372093201, 0.024075953289866447)","(0.5823321342468262, 0.8156047463417053, 0.033215757459402084)","(0.5809078216552734, 0.7781358361244202, 0.03739678114652634)","(0.662830114364624, 0.7924830317497253, 0.021685490384697914)","(0.6453126072883606, 0.8495368361473083, 0.03701847046613693)","(0.6304139494895935, 0.8349733352661133, 0.046683698892593384)","(0.6219403743743896, 0.8049492239952087, 0.053462326526641846)",Reach
2405,"(0.6390564441680908, 0.5563119649887085, 6.09503203463646e-08)","(0.5738072991371155, 0.5866910219192505, 0.008445042185485363)","(0.5419133901596069, 0.6552049517631531, 0.018394624814391136)","(0.5247510671615601, 0.726502537727356, 0.033062249422073364)","(0.5044125318527222, 0.7534142732620239, 0.05050946772098541)","(0.5637593269348145, 0.7862244248390198, -0.006995960138738155)","(0.5288741588592529, 0.8238949775695801, 0.01319783367216587)","(0.5119307637214661, 0.8042227029800415, 0.03375054895877838)","(0.5062177181243896, 0.7779315114021301, 0.04824388399720192)","(0.602908730506897, 0.8154997825622559, 0.00033584932680241764)","(0.5611441135406494, 0.8666191101074219, 0.016859576106071472)","(0.5438624620437622, 0.8349652290344238, 0.031271498650312424)","(0.5393131971359253, 0.8008005619049072, 0.041315626353025436)","(0.6348924040794373, 0.8162745237350464, 0.012477966025471687)","(0.5948067903518677, 0.8529459834098816, 0.02913522534072399)","(0.5780587792396545, 0.8192428946495056, 0.036581240594387054)","(0.5750178694725037, 0.7824917435646057, 0.03994876891374588)","(0.6606590151786804, 0.7987061142921448, 0.026835806667804718)","(0.6406121850013733, 0.8409088850021362, 0.04377659037709236)","(0.6263886094093323, 0.8240871429443359, 0.05282724276185036)","(0.6184670925140381, 0.7949601411819458, 0.059003185480833054)",Reach
2406,"(0.6390161514282227, 0.5575215816497803, -2.4152504440877465e-09)","(0.5709229707717896, 0.5914291143417358, 0.01267172396183014)","(0.5384392142295837, 0.6616344451904297, 0.025463638827204704)","(0.5219256281852722, 0.7323166131973267, 0.04362684115767479)","(0.501010537147522, 0.7608169317245483, 0.06486288458108902)","(0.5610283613204956, 0.7920515537261963, -0.009445213712751865)","(0.5251113772392273, 0.8347976803779602, 0.01516793854534626)","(0.5085932612419128, 0.8127734661102295, 0.041160427033901215)","(0.503892719745636, 0.7847182154655457, 0.05924291908740997)","(0.6016685962677002, 0.8196999430656433, -0.0014924294082447886)","(0.5589708685874939, 0.8749006986618042, 0.020199673250317574)","(0.5434053540229797, 0.8378068208694458, 0.0399671234190464)","(0.5413617491722107, 0.8007463812828064, 0.052944231778383255)","(0.633995532989502, 0.8196262717247009, 0.012406629510223866)","(0.5928248167037964, 0.8546239137649536, 0.03488611429929733)","(0.5799017548561096, 0.8140495419502258, 0.04612816497683525)","(0.5812885165214539, 0.7752896547317505, 0.05063961446285248)","(0.6595871448516846, 0.8035795092582703, 0.028933485969901085)","(0.635583221912384, 0.8386732339859009, 0.049893248826265335)","(0.6237151622772217, 0.8172093033790588, 0.060419950634241104)","(0.6192906498908997, 0.7884511947631836, 0.06693358719348907)",Reach
2407,"(0.6376925110816956, 0.5607403516769409, -6.951271558364169e-09)","(0.5682799220085144, 0.5928058624267578, 0.010106058791279793)","(0.5347535610198975, 0.6654226779937744, 0.02087615430355072)","(0.5184187293052673, 0.7368892431259155, 0.03625548630952835)","(0.4955402612686157, 0.7622208595275879, 0.054358966648578644)","(0.5581367015838623, 0.8011491894721985, -0.009897102601826191)","(0.5209012031555176, 0.8415703177452087, 0.009303130209445953)","(0.5036841630935669, 0.8169830441474915, 0.03039401024580002)","(0.4988320469856262, 0.7857149243354797, 0.04542951658368111)","(0.5996692776679993, 0.8270428776741028, -0.003192074364051223)","(0.5573161244392395, 0.8797744512557983, 0.015081592835485935)","(0.5421901345252991, 0.8403229117393494, 0.032249514013528824)","(0.5410257577896118, 0.8006026744842529, 0.04346994683146477)","(0.6322709918022156, 0.8249440789222717, 0.008631879463791847)","(0.5929438471794128, 0.8557731509208679, 0.02793559432029724)","(0.5800790190696716, 0.8156577348709106, 0.03774038329720497)","(0.5817819833755493, 0.7755159139633179, 0.0415341816842556)","(0.6576239466667175, 0.8072028160095215, 0.022539937868714333)","(0.6306278705596924, 0.834714949131012, 0.04021354392170906)","(0.6181430816650391, 0.8112400770187378, 0.04941383749246597)","(0.6149618625640869, 0.7815497517585754, 0.055255141109228134)",Reach
2408,"(0.634021520614624, 0.5619327425956726, 2.534859433467318e-08)","(0.5659750699996948, 0.5903117060661316, 0.005127094220370054)","(0.5320805311203003, 0.6632795333862305, 0.01191992498934269)","(0.5156243443489075, 0.7354589700698853, 0.02332829311490059)","(0.49197620153427124, 0.7606598138809204, 0.03726329281926155)","(0.5566205978393555, 0.8018069863319397, -0.016131211072206497)","(0.5159462690353394, 0.844804048538208, -0.004338419530540705)","(0.4967687726020813, 0.8207994103431702, 0.011457792483270168)","(0.4908895790576935, 0.7885682582855225, 0.023351917043328285)","(0.5977324843406677, 0.8280670642852783, -0.010016963817179203)","(0.5538020730018616, 0.8854974508285522, 0.0010999784572049975)","(0.5373649597167969, 0.8460903167724609, 0.015054095536470413)","(0.5356159806251526, 0.805347204208374, 0.02492743358016014)","(0.6293988227844238, 0.8263391256332397, 0.00040748153696767986)","(0.5893480181694031, 0.8586347699165344, 0.013484223745763302)","(0.5748844742774963, 0.820112943649292, 0.0221730787307024)","(0.5754159688949585, 0.7806445360183716, 0.02627624198794365)","(0.6539014577865601, 0.8078963756561279, 0.01234443485736847)","(0.6258839964866638, 0.8325945734977722, 0.02504631318151951)","(0.6122164726257324, 0.8104662895202637, 0.03291895613074303)","(0.6083227396011353, 0.783035933971405, 0.038470249623060226)",Reach
2409,"(0.6298596262931824, 0.5590032339096069, 1.0750473400378269e-08)","(0.5615049600601196, 0.58725905418396, 0.007276964373886585)","(0.5278754234313965, 0.6624065041542053, 0.014657395891845226)","(0.5095964074134827, 0.7366717457771301, 0.0260846558958292)","(0.48649242520332336, 0.7627851963043213, 0.03967413678765297)","(0.550606906414032, 0.8018719553947449, -0.013597171753644943)","(0.5099875926971436, 0.8427873849868774, -0.0007846213411539793)","(0.4909060597419739, 0.819640576839447, 0.015079586766660213)","(0.48460114002227783, 0.78901606798172, 0.02668628841638565)","(0.5917696356773376, 0.827228844165802, -0.008620203472673893)","(0.5475541949272156, 0.8868148326873779, 0.0038661188445985317)","(0.5315945148468018, 0.8478353023529053, 0.018110139295458794)","(0.5302963256835938, 0.808002769947052, 0.027815496549010277)","(0.6239742040634155, 0.8245460987091064, 0.0008648185175843537)","(0.5856369137763977, 0.8607733845710754, 0.015319573692977428)","(0.5707343816757202, 0.8235962390899658, 0.024178238585591316)","(0.5708637833595276, 0.7839528322219849, 0.027952907606959343)","(0.6493940353393555, 0.8046832084655762, 0.011997541412711143)","(0.622295618057251, 0.8338202834129333, 0.02601931244134903)","(0.6080044507980347, 0.8129947185516357, 0.03457057476043701)","(0.6037454009056091, 0.7855356335639954, 0.04022417590022087)",Reach
2410,"(0.6248257160186768, 0.557151198387146, 2.0558973190532015e-08)","(0.5548471808433533, 0.586383581161499, 0.0058090565726161)","(0.5202324986457825, 0.6620959043502808, 0.012238997034728527)","(0.5020564794540405, 0.7375936508178711, 0.02314176969230175)","(0.47991326451301575, 0.7636688351631165, 0.03649507462978363)","(0.5455811023712158, 0.8033650517463684, -0.01760069839656353)","(0.503112256526947, 0.8462687134742737, -0.0056534321047365665)","(0.48331254720687866, 0.8199176788330078, 0.01051899790763855)","(0.47742757201194763, 0.7862415313720703, 0.02261057123541832)","(0.5877317786216736, 0.8279289603233337, -0.011910208500921726)","(0.5416319370269775, 0.8889843821525574, -0.00026785320369526744)","(0.5245701670646667, 0.8479318618774414, 0.014375033788383007)","(0.5234398245811462, 0.8061248660087585, 0.024446284398436546)","(0.6201040744781494, 0.8237377405166626, -0.001600243616849184)","(0.5810867547988892, 0.8622556328773499, 0.012674637138843536)","(0.5653127431869507, 0.8242769837379456, 0.022231388837099075)","(0.5652844309806824, 0.7834028601646423, 0.026421135291457176)","(0.6451654434204102, 0.801978349685669, 0.010250914841890335)","(0.6173619627952576, 0.8320287466049194, 0.024329017847776413)","(0.6024629473686218, 0.8105039000511169, 0.03333546221256256)","(0.5981506109237671, 0.7822807431221008, 0.03928332403302193)",Reach
2411,"(0.6208670735359192, 0.556685745716095, 1.62731872421773e-08)","(0.5504060983657837, 0.586554765701294, 0.007778382860124111)","(0.5153878927230835, 0.6608782410621643, 0.015977397561073303)","(0.4979236423969269, 0.7349631786346436, 0.02868618629872799)","(0.4727056622505188, 0.7615718245506287, 0.043828532099723816)","(0.5384806394577026, 0.7996259927749634, -0.014522388577461243)","(0.49756601452827454, 0.8469282388687134, -0.0018307110294699669)","(0.4775119423866272, 0.8299552202224731, 0.014942958950996399)","(0.47078776359558105, 0.8021443486213684, 0.02750978246331215)","(0.5805772542953491, 0.8260214924812317, -0.008876419626176357)","(0.5353675484657288, 0.891057550907135, 0.0027820079121738672)","(0.5183998346328735, 0.8534650206565857, 0.01787288673222065)","(0.5167820453643799, 0.814185380935669, 0.0286455936729908)","(0.6127119660377502, 0.8247877359390259, 0.001410232624039054)","(0.5732365250587463, 0.8633522391319275, 0.015633683651685715)","(0.558083713054657, 0.827336311340332, 0.025206223130226135)","(0.5579209923744202, 0.7889451384544373, 0.029788987711071968)","(0.6379184722900391, 0.8058903217315674, 0.013441719114780426)","(0.6093645095825195, 0.8338347673416138, 0.02757776714861393)","(0.5948917269706726, 0.8133206963539124, 0.036063700914382935)","(0.5905378460884094, 0.7870498299598694, 0.0418863520026207)",Reach
2412,"(0.6145306825637817, 0.5561711192131042, 2.539026411341183e-08)","(0.5434309244155884, 0.5866038799285889, 0.007361989468336105)","(0.5082120895385742, 0.662341833114624, 0.014818763360381126)","(0.4905010461807251, 0.7369580268859863, 0.026516880840063095)","(0.46474534273147583, 0.7630963921546936, 0.04064038768410683)","(0.5316990613937378, 0.8015586733818054, -0.015015103854238987)","(0.4901147782802582, 0.8494781255722046, -0.0023847483098506927)","(0.47035831212997437, 0.8296631574630737, 0.014652383513748646)","(0.46503931283950806, 0.8000187873840332, 0.027417490258812904)","(0.573695957660675, 0.828565239906311, -0.009690039791166782)","(0.5282257199287415, 0.893906831741333, 0.001972439233213663)","(0.5114501714706421, 0.8549562096595764, 0.016989359632134438)","(0.5107609033584595, 0.8143302202224731, 0.027624469250440598)","(0.6060581207275391, 0.8275585174560547, 0.00026413160958327353)","(0.5669345259666443, 0.8649527430534363, 0.014745921827852726)","(0.5522900223731995, 0.8272567987442017, 0.024526501074433327)","(0.553403377532959, 0.7877714037895203, 0.029003029689192772)","(0.6316163539886475, 0.808891773223877, 0.011863271705806255)","(0.6033098697662354, 0.8367937803268433, 0.026073617860674858)","(0.589390754699707, 0.8147017955780029, 0.03483013063669205)","(0.5860214829444885, 0.7871354818344116, 0.04072633758187294)",Reach
2413,"(0.6096996665000916, 0.5542381405830383, 1.8265069456901983e-08)","(0.5376197099685669, 0.5831955671310425, 0.006712915375828743)","(0.5022703409194946, 0.6576691269874573, 0.013490946963429451)","(0.4835078716278076, 0.7334216237068176, 0.02461051754653454)","(0.4570985436439514, 0.7608937621116638, 0.03801700845360756)","(0.5233059525489807, 0.799505889415741, -0.016460835933685303)","(0.4823915958404541, 0.8464339971542358, -0.003561622928828001)","(0.4625055193901062, 0.8277724981307983, 0.013706197030842304)","(0.4564070701599121, 0.7995612025260925, 0.02632237784564495)","(0.5653343796730042, 0.8290677070617676, -0.011075981892645359)","(0.5186370611190796, 0.8917879462242126, 0.0013539246283471584)","(0.5029028058052063, 0.8526216149330139, 0.01664324663579464)","(0.5031330585479736, 0.8127104640007019, 0.026980241760611534)","(0.5979064702987671, 0.8293290734291077, -0.0010021886555477977)","(0.5582445859909058, 0.8666925430297852, 0.013970774598419666)","(0.5439032316207886, 0.8293548822402954, 0.023754432797431946)","(0.5449602603912354, 0.7897108793258667, 0.02776171639561653)","(0.6237883567810059, 0.8107340931892395, 0.010657002218067646)","(0.5947132110595703, 0.837408721446991, 0.024857910349965096)","(0.5815929174423218, 0.8144049048423767, 0.033507268875837326)","(0.5792977809906006, 0.7866498827934265, 0.03912397101521492)",Reach
2414,"(0.6028829216957092, 0.5534324645996094, 2.4819895472205644e-08)","(0.530799925327301, 0.5827251672744751, 0.009270681999623775)","(0.495037317276001, 0.6579145789146423, 0.018027301877737045)","(0.47627973556518555, 0.7347986698150635, 0.03145487606525421)","(0.44868654012680054, 0.7599164247512817, 0.047602131962776184)","(0.516201913356781, 0.7996904850006104, -0.01457930263131857)","(0.47370487451553345, 0.849220871925354, 0.0017908181762322783)","(0.4539231061935425, 0.8281707763671875, 0.022273452952504158)","(0.4485456049442291, 0.798208475112915, 0.03722424432635307)","(0.5586007833480835, 0.8289604783058167, -0.008341050706803799)","(0.511730968952179, 0.8951627016067505, 0.006354893557727337)","(0.4948861598968506, 0.8547300100326538, 0.023667195811867714)","(0.4939931333065033, 0.8139973878860474, 0.0356719084084034)","(0.5911838412284851, 0.828141987323761, 0.003162945155054331)","(0.5510229468345642, 0.8679954409599304, 0.02100970968604088)","(0.5356192588806152, 0.8305351138114929, 0.03219921886920929)","(0.5362414717674255, 0.7909117937088013, 0.037144262343645096)","(0.6168264150619507, 0.8083694577217102, 0.016588987782597542)","(0.5872533917427063, 0.8392752408981323, 0.034678779542446136)","(0.5732733011245728, 0.817293107509613, 0.04517974331974983)","(0.5700337290763855, 0.7890203595161438, 0.05181434378027916)",Reach
2415,"(0.5963242650032043, 0.5565822124481201, 7.929430445585695e-09)","(0.5235161781311035, 0.588918149471283, 0.011782603338360786)","(0.48834937810897827, 0.6615461707115173, 0.021774964407086372)","(0.46926432847976685, 0.73503577709198, 0.03615711256861687)","(0.44024747610092163, 0.7592570781707764, 0.05331781134009361)","(0.5088256001472473, 0.7992991805076599, -0.013635741546750069)","(0.467529833316803, 0.8497018218040466, 0.00360599672421813)","(0.44840389490127563, 0.8315127491950989, 0.02562214806675911)","(0.4432012438774109, 0.8027297854423523, 0.04184805229306221)","(0.5511009097099304, 0.8294237852096558, -0.007891598157584667)","(0.5047054886817932, 0.895804226398468, 0.00742489006370306)","(0.48869508504867554, 0.856820285320282, 0.026134107261896133)","(0.48804306983947754, 0.8164859414100647, 0.039284009486436844)","(0.5835471153259277, 0.8306353688240051, 0.0034246293362230062)","(0.5440542101860046, 0.8669476509094238, 0.022324977442622185)","(0.5306808352470398, 0.8279750943183899, 0.03472344949841499)","(0.5326681733131409, 0.7883382439613342, 0.0404924638569355)","(0.6092475652694702, 0.8133280277252197, 0.016874458640813828)","(0.5799444317817688, 0.8417690396308899, 0.03588840365409851)","(0.5676834583282471, 0.8187125325202942, 0.04703483358025551)","(0.5658615827560425, 0.7903050184249878, 0.05423516407608986)",Reach
2416,"(0.5891889333724976, 0.5565919876098633, 6.339892166806749e-09)","(0.5173611044883728, 0.5863860845565796, 0.011508528143167496)","(0.482765257358551, 0.6591607332229614, 0.021429257467389107)","(0.4631466567516327, 0.7333467602729797, 0.03582676127552986)","(0.4345758557319641, 0.7571291923522949, 0.05303586274385452)","(0.5006301999092102, 0.80006343126297, -0.012434463016688824)","(0.4597547650337219, 0.8470138311386108, 0.005121068097651005)","(0.44068437814712524, 0.8279799222946167, 0.026913585141301155)","(0.43530118465423584, 0.798931896686554, 0.0428793728351593)","(0.5428656935691833, 0.8308878540992737, -0.006693919189274311)","(0.4973598122596741, 0.8963439464569092, 0.008508460596203804)","(0.4817342758178711, 0.8562466502189636, 0.02693941630423069)","(0.4810159206390381, 0.8151601552963257, 0.040152281522750854)","(0.5757738947868347, 0.8318845629692078, 0.00452877301722765)","(0.5369783639907837, 0.8684496879577637, 0.022738371044397354)","(0.523003876209259, 0.8301224708557129, 0.0347343385219574)","(0.5245456695556641, 0.7902143001556396, 0.04066290706396103)","(0.6017856597900391, 0.8135228157043457, 0.017901234328746796)","(0.5740131139755249, 0.8430105447769165, 0.03632882237434387)","(0.5607974529266357, 0.8212040662765503, 0.047226663678884506)","(0.5578580498695374, 0.7929322123527527, 0.054525602608919144)",Reach
2417,"(0.5842093825340271, 0.557117223739624, -1.8409691548981755e-08)","(0.511871874332428, 0.5835956931114197, 0.01288622710853815)","(0.4767916202545166, 0.6537415981292725, 0.024101313203573227)","(0.4579586386680603, 0.7290696501731873, 0.03964238241314888)","(0.4310891628265381, 0.7572521567344666, 0.05814816802740097)","(0.4939773678779602, 0.7993135452270508, -0.008906970731914043)","(0.45269787311553955, 0.84525465965271, 0.009973465465009212)","(0.43503937125205994, 0.8248048424720764, 0.03209182247519493)","(0.43128812313079834, 0.7960298657417297, 0.04819515347480774)","(0.5357085466384888, 0.829734206199646, -0.003310092259198427)","(0.4893593192100525, 0.8948599696159363, 0.012722255662083626)","(0.4746025502681732, 0.8539122343063354, 0.03090289607644081)","(0.4749312102794647, 0.8131312727928162, 0.043926630169153214)","(0.5688538551330566, 0.829948365688324, 0.00782753899693489)","(0.5306439995765686, 0.8683605790138245, 0.026593493297696114)","(0.5169054269790649, 0.8303771615028381, 0.03873129189014435)","(0.5187758803367615, 0.7905628085136414, 0.0448380783200264)","(0.5954232215881348, 0.8110389113426208, 0.02127412147819996)","(0.5686638951301575, 0.8451759219169617, 0.040783822536468506)","(0.5551526546478271, 0.8250672221183777, 0.05251559615135193)","(0.5517314672470093, 0.7974036335945129, 0.060348812490701675)",Reach
2418,"(0.5777947306632996, 0.5588354468345642, -3.050793395686924e-08)","(0.505548894405365, 0.5867971777915955, 0.013052966445684433)","(0.46959954500198364, 0.655936598777771, 0.02521614544093609)","(0.45037364959716797, 0.7292431592941284, 0.04173780605196953)","(0.4254525899887085, 0.7576133012771606, 0.061463408172130585)","(0.4869527816772461, 0.8060323596000671, -0.006827917415648699)","(0.4453323185443878, 0.8465745449066162, 0.014000489376485348)","(0.42925944924354553, 0.819377064704895, 0.03704060614109039)","(0.4277021288871765, 0.7880823016166687, 0.05355781316757202)","(0.5287975668907166, 0.8353741765022278, -0.0007676674867980182)","(0.4825619161128998, 0.8935924172401428, 0.017337074503302574)","(0.46777015924453735, 0.8501713275909424, 0.03550302982330322)","(0.4686726927757263, 0.8085205554962158, 0.047974295914173126)","(0.5620312690734863, 0.8335928916931152, 0.010859161615371704)","(0.5230373740196228, 0.8680630922317505, 0.030913084745407104)","(0.5086684823036194, 0.8277812600135803, 0.04245459660887718)","(0.5107848644256592, 0.7864844799041748, 0.047733671963214874)","(0.5888045430183411, 0.8140201568603516, 0.024826284497976303)","(0.5621852278709412, 0.8453047275543213, 0.04434104263782501)","(0.5484426617622375, 0.823373556137085, 0.055438850075006485)","(0.5448453426361084, 0.7939654588699341, 0.06273246556520462)",Reach
2419,"(0.5735114216804504, 0.5608246922492981, -6.947226438569487e-08)","(0.5017939209938049, 0.5882909893989563, 0.01625855267047882)","(0.46604815125465393, 0.6563965082168579, 0.030850300565361977)","(0.4471629559993744, 0.7298502922058105, 0.05070091038942337)","(0.4203992187976837, 0.7580441832542419, 0.07402709871530533)","(0.4800634980201721, 0.8001649975776672, -0.009696926921606064)","(0.44027280807495117, 0.8456965684890747, 0.015717316418886185)","(0.4239756464958191, 0.8203591108322144, 0.044357798993587494)","(0.4216214716434479, 0.7890441417694092, 0.06473452597856522)","(0.5215307474136353, 0.8329254388809204, -0.0023248724173754454)","(0.4761543273925781, 0.8952556848526001, 0.0190799068659544)","(0.46265310049057007, 0.8511659502983093, 0.04151764512062073)","(0.4634270966053009, 0.8093861937522888, 0.05718357861042023)","(0.5542460680007935, 0.8351480960845947, 0.011746223084628582)","(0.5146772861480713, 0.8672730326652527, 0.035698212683200836)","(0.5031570196151733, 0.8245657682418823, 0.04973931610584259)","(0.5070316791534424, 0.7849783301353455, 0.05647113546729088)","(0.5809224843978882, 0.8191110491752625, 0.02867581695318222)","(0.5561478137969971, 0.8512450456619263, 0.05265482887625694)","(0.5445394515991211, 0.8292202353477478, 0.06560436636209488)","(0.5417061448097229, 0.8001141548156738, 0.07387317717075348)",Reach
2420,"(0.5701842308044434, 0.562781035900116, -8.140887786112216e-08)","(0.49777546525001526, 0.5906699895858765, 0.016074782237410545)","(0.4612087905406952, 0.6605660915374756, 0.030340874567627907)","(0.4424450993537903, 0.7349720597267151, 0.04991110786795616)","(0.41683831810951233, 0.7652702331542969, 0.0726497545838356)","(0.4754480719566345, 0.7999958992004395, -0.011388859711587429)","(0.4368642568588257, 0.8470136523246765, 0.013254971243441105)","(0.42020368576049805, 0.8236100077629089, 0.04151182249188423)","(0.4173140823841095, 0.7926771640777588, 0.061873648315668106)","(0.5167620182037354, 0.8328456878662109, -0.004143036901950836)","(0.47224655747413635, 0.8966591358184814, 0.01782122440636158)","(0.4592742919921875, 0.8522756695747375, 0.040760718286037445)","(0.46066951751708984, 0.8087822794914246, 0.056689903140068054)","(0.5495879054069519, 0.8353716135025024, 0.009765669703483582)","(0.5113213062286377, 0.8688902258872986, 0.03368151932954788)","(0.5002207159996033, 0.8253291845321655, 0.047588713467121124)","(0.5045879483222961, 0.7855628132820129, 0.05414460226893425)","(0.5766466856002808, 0.8199588060379028, 0.02662166953086853)","(0.5544453263282776, 0.8576580286026001, 0.049670182168483734)","(0.5426630973815918, 0.8374945521354675, 0.062138814479112625)","(0.539578378200531, 0.8098170757293701, 0.07019845396280289)",Reach
2421,"(0.5682128071784973, 0.5670472383499146, -5.819855175559496e-08)","(0.4959147572517395, 0.5944571495056152, 0.012411768548190594)","(0.45882564783096313, 0.6622354388237, 0.02345845103263855)","(0.4404692053794861, 0.7367546558380127, 0.03900686278939247)","(0.41599124670028687, 0.7680022120475769, 0.05724870413541794)","(0.47363346815109253, 0.803130567073822, -0.010728481225669384)","(0.4359964430332184, 0.8483898639678955, 0.008077457547187805)","(0.42005032300949097, 0.8249005675315857, 0.0295608751475811)","(0.4175114035606384, 0.7949486970901489, 0.04537518694996834)","(0.5153499841690063, 0.8355221748352051, -0.004803157877177)","(0.4715411365032196, 0.8957622051239014, 0.013610265217721462)","(0.4595865309238434, 0.8525824546813965, 0.031705792993307114)","(0.4621259272098541, 0.8108221292495728, 0.043844886124134064)","(0.5488085746765137, 0.8378394842147827, 0.00670825457200408)","(0.5117466449737549, 0.8659203052520752, 0.02675934135913849)","(0.5018349289894104, 0.8223972320556641, 0.03789655119180679)","(0.5068238377571106, 0.7825093269348145, 0.04273108020424843)","(0.5761290788650513, 0.8229501247406006, 0.020641695708036423)","(0.5541003346443176, 0.8584567308425903, 0.04060991853475571)","(0.5421579480171204, 0.8378852605819702, 0.052023254334926605)","(0.5390743613243103, 0.8103723526000977, 0.05942283570766449)",Reach
2422,"(0.5671664476394653, 0.5696476697921753, -8.389906724914908e-08)","(0.495185524225235, 0.5967429876327515, 0.013422203250229359)","(0.45814546942710876, 0.6640990376472473, 0.025275487452745438)","(0.43967491388320923, 0.7395555973052979, 0.04235292598605156)","(0.4148591160774231, 0.7727915644645691, 0.0623968280851841)","(0.4717591404914856, 0.8038561344146729, -0.013095289468765259)","(0.43451738357543945, 0.8472060561180115, 0.009951642714440823)","(0.42069369554519653, 0.8194748163223267, 0.035901252180337906)","(0.42051494121551514, 0.7886768579483032, 0.0543215274810791)","(0.5125097632408142, 0.8371280431747437, -0.0061657484620809555)","(0.46895959973335266, 0.894640326499939, 0.015117931179702282)","(0.4575795531272888, 0.850009024143219, 0.035899918526411057)","(0.4602287709712982, 0.8086197376251221, 0.04948775842785835)","(0.5455817580223083, 0.8398846387863159, 0.007064874283969402)","(0.5086330771446228, 0.866893470287323, 0.029553091153502464)","(0.49871626496315, 0.8227303624153137, 0.04199039936065674)","(0.5038168430328369, 0.7832573056221008, 0.047201965004205704)","(0.5730319619178772, 0.8256324529647827, 0.023006699979305267)","(0.5515310168266296, 0.8614596724510193, 0.0449405275285244)","(0.5398918390274048, 0.8397181034088135, 0.05711367353796959)","(0.5366671681404114, 0.8116385340690613, 0.06467770785093307)",Reach
2423,"(0.5662925243377686, 0.5744462609291077, -7.780652566680146e-08)","(0.4949130713939667, 0.5984365940093994, 0.01462757121771574)","(0.4587865471839905, 0.6634905338287354, 0.026464900001883507)","(0.4402877688407898, 0.7378875017166138, 0.042765695601701736)","(0.41589251160621643, 0.7682445645332336, 0.061900511384010315)","(0.47020500898361206, 0.8034873008728027, -0.010764578357338905)","(0.4346269369125366, 0.8485972285270691, 0.009994853287935257)","(0.4208955466747284, 0.8225524425506592, 0.034049779176712036)","(0.4203914403915405, 0.7920145988464355, 0.05143105611205101)","(0.5108960270881653, 0.8381418585777283, -0.0052396561950445175)","(0.4683682918548584, 0.8965983390808105, 0.013860974460840225)","(0.4583170413970947, 0.852109968662262, 0.03371989727020264)","(0.4615895748138428, 0.8108648061752319, 0.04715939983725548)","(0.5441820621490479, 0.8435865640640259, 0.006310333963483572)","(0.5077093839645386, 0.871158242225647, 0.027193307876586914)","(0.49973317980766296, 0.8273622989654541, 0.03976956382393837)","(0.5059173703193665, 0.7881688475608826, 0.04551125317811966)","(0.5718507170677185, 0.8320322036743164, 0.020517362281680107)","(0.5489561557769775, 0.8660581111907959, 0.04147650673985481)","(0.5395810008049011, 0.8415975570678711, 0.053922541439533234)","(0.5384814143180847, 0.8118054866790771, 0.061995040625333786)",Reach
2424,"(0.564414381980896, 0.5755724906921387, -7.675431845655112e-08)","(0.4946977496147156, 0.5966147184371948, 0.013929310254752636)","(0.45968377590179443, 0.6593357920646667, 0.02467888593673706)","(0.4401453733444214, 0.7313719391822815, 0.03944464772939682)","(0.4169495105743408, 0.7634614706039429, 0.05704764276742935)","(0.4693306088447571, 0.8008780479431152, -0.009806141257286072)","(0.4344814419746399, 0.8480461239814758, 0.008657369762659073)","(0.420432448387146, 0.8226187825202942, 0.0304985661059618)","(0.41970789432525635, 0.7915530204772949, 0.04660245403647423)","(0.5095829367637634, 0.8352947235107422, -0.005195911508053541)","(0.4687132239341736, 0.8981147408485413, 0.01167654525488615)","(0.45829129219055176, 0.8541834354400635, 0.03009885922074318)","(0.4612188935279846, 0.8119653463363647, 0.04300175979733467)","(0.5433396100997925, 0.8393948674201965, 0.005036421585828066)","(0.5085223913192749, 0.8749767541885376, 0.02360481210052967)","(0.49887707829475403, 0.8334469795227051, 0.036071572452783585)","(0.503693699836731, 0.7938487529754639, 0.04243136942386627)","(0.5714547634124756, 0.824386477470398, 0.01782584749162197)","(0.5517080426216125, 0.8686953783035278, 0.03691807761788368)","(0.5399497747421265, 0.8496425151824951, 0.04942082241177559)","(0.5363864898681641, 0.8212841749191284, 0.05798937752842903)",Reach
2425,"(0.5610613226890564, 0.5763393044471741, -1.257051707170831e-07)","(0.4912526607513428, 0.5996013879776001, 0.01928618736565113)","(0.45654335618019104, 0.6597304344177246, 0.0349886454641819)","(0.4381723999977112, 0.7300786375999451, 0.05504848062992096)","(0.4171072840690613, 0.759050726890564, 0.07809443026781082)","(0.46491527557373047, 0.8047861456871033, -0.003160919528454542)","(0.43151533603668213, 0.8423197269439697, 0.02264968864619732)","(0.4194812476634979, 0.8125230669975281, 0.04917587712407112)","(0.4192541241645813, 0.7806727290153503, 0.06785698235034943)","(0.5054084658622742, 0.838142454624176, 0.002372216200456023)","(0.4658827483654022, 0.8940902352333069, 0.02636905014514923)","(0.45619261264801025, 0.849590539932251, 0.04761669039726257)","(0.45879456400871277, 0.8081886768341064, 0.0615062415599823)","(0.5396870374679565, 0.8404635190963745, 0.014427382498979568)","(0.5056444406509399, 0.8726282715797424, 0.0387113019824028)","(0.49577251076698303, 0.8291544914245605, 0.05150333419442177)","(0.49980852007865906, 0.7892173528671265, 0.057127244770526886)","(0.5683854222297668, 0.8246151804924011, 0.02972373180091381)","(0.5495787858963013, 0.8694382309913635, 0.05247090011835098)","(0.5374749898910522, 0.8505963087081909, 0.06516915559768677)","(0.5326703786849976, 0.8225225210189819, 0.07329830527305603)",Reach
2426,"(0.5585707426071167, 0.5781161785125732, -1.1654883280698414e-07)","(0.48953840136528015, 0.598799467086792, 0.016855522990226746)","(0.45519351959228516, 0.6566095352172852, 0.03104749694466591)","(0.4370275139808655, 0.7240248322486877, 0.04919319972395897)","(0.4193788766860962, 0.7543887495994568, 0.07035616785287857)","(0.4636991620063782, 0.8032532334327698, -0.0025891445111483335)","(0.429698646068573, 0.8390882015228271, 0.0188596248626709)","(0.4190393090248108, 0.8079212307929993, 0.04159539192914963)","(0.42043566703796387, 0.7749928832054138, 0.0581030398607254)","(0.503322958946228, 0.8380705714225769, 0.0021680414211004972)","(0.4619964361190796, 0.8937945365905762, 0.021222608163952827)","(0.4533868134021759, 0.8489653468132019, 0.039303772151470184)","(0.4571557641029358, 0.8077223300933838, 0.051906734704971313)","(0.537615954875946, 0.8423744440078735, 0.012669002637267113)","(0.5016525983810425, 0.8746265769004822, 0.03203567489981651)","(0.4928194284439087, 0.8318279385566711, 0.04324467107653618)","(0.49780145287513733, 0.7921987771987915, 0.049033358693122864)","(0.5664581656455994, 0.82779860496521, 0.02612341195344925)","(0.5466841459274292, 0.8723841905593872, 0.04531634971499443)","(0.5346856117248535, 0.8538196682929993, 0.057044390588998795)","(0.5300961136817932, 0.8256978392601013, 0.06513965129852295)",Reach
2427,"(0.5560027360916138, 0.5813001394271851, -1.1521515119738979e-07)","(0.48895564675331116, 0.5960271954536438, 0.011730551719665527)","(0.4545043408870697, 0.654542088508606, 0.021259723231196404)","(0.4362287223339081, 0.7230375409126282, 0.033128995448350906)","(0.4175065755844116, 0.7535721659660339, 0.04676589369773865)","(0.4603440761566162, 0.8042783737182617, -0.0015886749606579542)","(0.4279530942440033, 0.83323734998703, 0.01256339717656374)","(0.42134419083595276, 0.7977867126464844, 0.026442361995577812)","(0.42507311701774597, 0.7661486268043518, 0.03663234785199165)","(0.49839672446250916, 0.8393281698226929, 0.0005182684399187565)","(0.45557790994644165, 0.8872764110565186, 0.01551859825849533)","(0.4486217200756073, 0.8436078429222107, 0.028050146996974945)","(0.4550236761569977, 0.8037094473838806, 0.036431487649679184)","(0.5330818295478821, 0.8441095948219299, 0.006737413816154003)","(0.49810439348220825, 0.8746576905250549, 0.02083446830511093)","(0.48953744769096375, 0.833960771560669, 0.028323892503976822)","(0.49572351574897766, 0.7944446802139282, 0.031872205436229706)","(0.5642722249031067, 0.8306222558021545, 0.015085185877978802)","(0.5443170666694641, 0.8748425841331482, 0.028136907145380974)","(0.5316824913024902, 0.8558547496795654, 0.03734038025140762)","(0.528031587600708, 0.8269513845443726, 0.04404483735561371)",Reach
2428,"(0.5512221455574036, 0.5825360417366028, -1.5470267555883765e-07)","(0.4845399558544159, 0.5965601205825806, 0.016053689643740654)","(0.4506121873855591, 0.6545804738998413, 0.027901848778128624)","(0.4335896968841553, 0.7216177582740784, 0.04151112586259842)","(0.4170739948749542, 0.7530354857444763, 0.05666227266192436)","(0.45345452427864075, 0.7997729182243347, 0.0007476312457583845)","(0.42222103476524353, 0.8290519714355469, 0.014767365530133247)","(0.4160027801990509, 0.7971819639205933, 0.02949366346001625)","(0.4210166037082672, 0.7643599510192871, 0.04087545722723007)","(0.4912847578525543, 0.8362294435501099, 0.0013425633078441024)","(0.4508313536643982, 0.8880075216293335, 0.01607246696949005)","(0.4450816810131073, 0.8442509174346924, 0.029899844899773598)","(0.4519794285297394, 0.8034120202064514, 0.03969457373023033)","(0.525964081287384, 0.8426376581192017, 0.006332283839583397)","(0.4921341836452484, 0.8741281032562256, 0.02032831870019436)","(0.4841601848602295, 0.8324469923973083, 0.02866692841053009)","(0.4903576076030731, 0.7936460971832275, 0.0330999530851841)","(0.5581974387168884, 0.8298342823982239, 0.013920772820711136)","(0.5405333042144775, 0.8778634071350098, 0.027181049808859825)","(0.5284306406974792, 0.8567550778388977, 0.03708101809024811)","(0.524556577205658, 0.8256886005401611, 0.04449934512376785)",Reach
2429,"(0.5492532849311829, 0.5813705325126648, -1.6081995113381709e-07)","(0.4831571877002716, 0.5938971042633057, 0.01332602184265852)","(0.44846898317337036, 0.6487458944320679, 0.023000242188572884)","(0.4310566186904907, 0.71330726146698, 0.033973608165979385)","(0.419411301612854, 0.7491402626037598, 0.0462607778608799)","(0.45161139965057373, 0.7996159791946411, 0.001824216335080564)","(0.4211992919445038, 0.8248000741004944, 0.012458644807338715)","(0.41790539026260376, 0.784417986869812, 0.021614747121930122)","(0.42509424686431885, 0.7507079243659973, 0.02899825945496559)","(0.4885018467903137, 0.834395170211792, 0.0019806909840554)","(0.4476567208766937, 0.8798799514770508, 0.015372402034699917)","(0.4422123432159424, 0.8345755934715271, 0.02502746507525444)","(0.45023488998413086, 0.7945393323898315, 0.03117310255765915)","(0.5235410928726196, 0.8394019603729248, 0.005828346125781536)","(0.490001916885376, 0.8724437355995178, 0.018645165488123894)","(0.48092707991600037, 0.8332498073577881, 0.02479647286236286)","(0.4871574342250824, 0.7943728566169739, 0.027413679286837578)","(0.555780827999115, 0.8258257508277893, 0.011854941956698895)","(0.5394923090934753, 0.8770979642868042, 0.02414621412754059)","(0.5255841612815857, 0.8601095676422119, 0.03337904065847397)","(0.5203987956047058, 0.8303803205490112, 0.040075309574604034)",Reach
2430,"(0.545790433883667, 0.5840710401535034, -1.8082323549606372e-07)","(0.4782262444496155, 0.5966929197311401, 0.01488596759736538)","(0.4429037868976593, 0.6525295972824097, 0.025387486442923546)","(0.4293749928474426, 0.7202032804489136, 0.03706541284918785)","(0.42317384481430054, 0.7577220797538757, 0.05008909851312637)","(0.4466288685798645, 0.7963173389434814, 0.0004871860146522522)","(0.41763895750045776, 0.8226484060287476, 0.011243443936109543)","(0.41467463970184326, 0.7844229340553284, 0.02230379916727543)","(0.42257145047187805, 0.7501087188720703, 0.03131920471787453)","(0.4836375415325165, 0.8328956365585327, -0.0002946984604932368)","(0.4452946186065674, 0.8825274705886841, 0.012510307133197784)","(0.44038546085357666, 0.8373989462852478, 0.023894479498267174)","(0.4481070935726166, 0.7974522113800049, 0.03171108290553093)","(0.5184393525123596, 0.8395206928253174, 0.0028655785135924816)","(0.4850306808948517, 0.8675773739814758, 0.01474099513143301)","(0.47764909267425537, 0.823371171951294, 0.02229965105652809)","(0.48470890522003174, 0.7850240468978882, 0.0264693982899189)","(0.5505266189575195, 0.8270397186279297, 0.008395339362323284)","(0.5342603325843811, 0.8805366158485413, 0.02047591097652912)","(0.5210296511650085, 0.8597155213356018, 0.03090474009513855)","(0.5165320038795471, 0.8277345895767212, 0.03881628066301346)",Reach
2431,"(0.5416321754455566, 0.5822621583938599, -1.643006868334851e-07)","(0.47378280758857727, 0.5976219773292542, 0.015088711865246296)","(0.43701714277267456, 0.6539427042007446, 0.02448824793100357)","(0.42546749114990234, 0.7248464822769165, 0.034878697246313095)","(0.42939072847366333, 0.7666221261024475, 0.04592469707131386)","(0.44322866201400757, 0.7910772562026978, -0.0012501486344262958)","(0.4149678945541382, 0.8184877634048462, 0.011025269515812397)","(0.41189706325531006, 0.7795483469963074, 0.02252734825015068)","(0.41900646686553955, 0.7466763257980347, 0.03127032518386841)","(0.4797225892543793, 0.82905113697052, -0.002413066104054451)","(0.44083428382873535, 0.8742110729217529, 0.01283011119812727)","(0.43603745102882385, 0.8297953605651855, 0.023849746212363243)","(0.4444189667701721, 0.7905089259147644, 0.03018125332891941)","(0.5144496560096741, 0.8366150856018066, 0.0007814522832632065)","(0.48010098934173584, 0.8664213418960571, 0.01506009791046381)","(0.4717392921447754, 0.823883593082428, 0.022053876891732216)","(0.4785926640033722, 0.7841852307319641, 0.02451028861105442)","(0.5460590720176697, 0.8250797986984253, 0.006433802656829357)","(0.5300784111022949, 0.8791221976280212, 0.020413484424352646)","(0.5162601470947266, 0.8586717247962952, 0.03140302002429962)","(0.5116795897483826, 0.8261343836784363, 0.03889263793826103)",Reach
2432,"(0.5367595553398132, 0.5845525860786438, -1.6391479107369378e-07)","(0.47000986337661743, 0.59842848777771, 0.01486633438616991)","(0.4343770146369934, 0.6539642214775085, 0.02568918652832508)","(0.42282724380493164, 0.7225363254547119, 0.0370209626853466)","(0.42588791251182556, 0.7625990509986877, 0.04912179335951805)","(0.4399716258049011, 0.7917575836181641, 0.0066629801876842976)","(0.4126364588737488, 0.8163951635360718, 0.01960173435509205)","(0.410481333732605, 0.7756624817848206, 0.030000455677509308)","(0.4173819124698639, 0.741317629814148, 0.0382416769862175)","(0.47501206398010254, 0.8307706713676453, 0.006309703458100557)","(0.4386388957500458, 0.8695285320281982, 0.02357381209731102)","(0.43519288301467896, 0.8253229856491089, 0.033272188156843185)","(0.4423208236694336, 0.7878134250640869, 0.038629256188869476)","(0.509292721748352, 0.8387331962585449, 0.009620074182748795)","(0.4768012762069702, 0.863013505935669, 0.024551931768655777)","(0.4697958528995514, 0.819797694683075, 0.02958402968943119)","(0.4760518968105316, 0.7810148000717163, 0.03100561909377575)","(0.5408186912536621, 0.8282037973403931, 0.01530205737799406)","(0.5267935991287231, 0.8806986808776855, 0.02936059981584549)","(0.513233482837677, 0.8616609573364258, 0.03902721405029297)","(0.5077346563339233, 0.8302075266838074, 0.04581063240766525)",Reach
2433,"(0.5314598679542542, 0.5848497152328491, -1.6730227514472062e-07)","(0.46404191851615906, 0.6015726923942566, 0.017780937254428864)","(0.4296834468841553, 0.6606557965278625, 0.02982470951974392)","(0.4205161929130554, 0.7330006957054138, 0.04180329665541649)","(0.42728161811828613, 0.7737105488777161, 0.05428990349173546)","(0.4369461238384247, 0.7923734784126282, 0.010811262764036655)","(0.4108263850212097, 0.8181888461112976, 0.027556471526622772)","(0.41047826409339905, 0.7772438526153564, 0.039672330021858215)","(0.41790851950645447, 0.745313823223114, 0.0481460876762867)","(0.4732586145401001, 0.829496443271637, 0.009823773987591267)","(0.437282532453537, 0.8641560077667236, 0.0318387895822525)","(0.43462249636650085, 0.8195996284484863, 0.04281722754240036)","(0.44240161776542664, 0.784443199634552, 0.047567740082740784)","(0.5080822110176086, 0.8347078561782837, 0.012850590981543064)","(0.47593629360198975, 0.864619791507721, 0.03164190798997879)","(0.4688938856124878, 0.8221585750579834, 0.03752128407359123)","(0.475010484457016, 0.7831357717514038, 0.03795121982693672)","(0.538929283618927, 0.8219538331031799, 0.018485181033611298)","(0.5238854885101318, 0.8811421394348145, 0.03479311987757683)","(0.5111261606216431, 0.8637621402740479, 0.04526519402861595)","(0.5064421892166138, 0.8345421552658081, 0.051691703498363495)",Reach
2434,"(0.5265002846717834, 0.5897180438041687, -1.8977986826484994e-07)","(0.46020346879959106, 0.6051448583602905, 0.016734115779399872)","(0.4279367923736572, 0.6630557775497437, 0.02790694683790207)","(0.41862767934799194, 0.7329185009002686, 0.038240697234869)","(0.4249827265739441, 0.7754330039024353, 0.048705510795116425)","(0.4319251477718353, 0.7927341461181641, 0.011698651127517223)","(0.4091199040412903, 0.8146013021469116, 0.026259174570441246)","(0.41112351417541504, 0.7760822176933289, 0.0363740473985672)","(0.41980597376823425, 0.7455131411552429, 0.04357554391026497)","(0.4675164818763733, 0.8289931416511536, 0.009256142191588879)","(0.4355103373527527, 0.8622725009918213, 0.03001251444220543)","(0.43537306785583496, 0.8205031156539917, 0.040242999792099)","(0.44429662823677063, 0.786325991153717, 0.044601283967494965)","(0.5031030178070068, 0.834313154220581, 0.01024546753615141)","(0.4768902361392975, 0.8597231507301331, 0.02635475993156433)","(0.47399160265922546, 0.8151167035102844, 0.03194211423397064)","(0.48171982169151306, 0.7769047617912292, 0.03282639756798744)","(0.5350258350372314, 0.8220996260643005, 0.01357984822243452)","(0.5211135745048523, 0.8857549428939819, 0.026651937514543533)","(0.5102477669715881, 0.8680785894393921, 0.0368146188557148)","(0.5066961646080017, 0.8385053277015686, 0.04361552745103836)",Reach
2435,"(0.5231666564941406, 0.5936009287834167, -1.874099240239957e-07)","(0.4569089114665985, 0.6063744425773621, 0.017996640875935555)","(0.4262968897819519, 0.6617023348808289, 0.029867950826883316)","(0.4176343083381653, 0.7297966480255127, 0.04082633554935455)","(0.4254683256149292, 0.7716066241264343, 0.051734209060668945)","(0.4266242980957031, 0.7895504236221313, 0.012904719449579716)","(0.40512561798095703, 0.8084662556648254, 0.02783551998436451)","(0.40894436836242676, 0.7728301882743835, 0.03765527531504631)","(0.41832560300827026, 0.7464073300361633, 0.04434683546423912)","(0.4623832404613495, 0.8280767798423767, 0.01017733197659254)","(0.4319974482059479, 0.8603965044021606, 0.0313044972717762)","(0.4335690140724182, 0.8199719786643982, 0.042287614196538925)","(0.4433337152004242, 0.7880740761756897, 0.04709868133068085)","(0.49899646639823914, 0.8352934122085571, 0.010927663184702396)","(0.47406911849975586, 0.8581086993217468, 0.027701694518327713)","(0.47262144088745117, 0.8141111135482788, 0.034326616674661636)","(0.480723112821579, 0.7787318825721741, 0.035849787294864655)","(0.532062828540802, 0.8245070576667786, 0.01409873366355896)","(0.5176602005958557, 0.8866860866546631, 0.028009647503495216)","(0.507413387298584, 0.8677599430084229, 0.03904452174901962)","(0.50400310754776, 0.8383597135543823, 0.04639286547899246)",Reach
2436,"(0.5201296806335449, 0.596907377243042, -1.8124325151802623e-07)","(0.4550330638885498, 0.6081150770187378, 0.01555105485022068)","(0.42547664046287537, 0.6635891795158386, 0.0252290740609169)","(0.4175916016101837, 0.7307561635971069, 0.03393378108739853)","(0.42480534315109253, 0.771748960018158, 0.04233936965465546)","(0.4242427349090576, 0.7898660898208618, 0.009936894290149212)","(0.4052390456199646, 0.8067449927330017, 0.02175203524529934)","(0.4108837842941284, 0.772216796875, 0.02856619656085968)","(0.42094048857688904, 0.749143660068512, 0.032882556319236755)","(0.45966479182243347, 0.8268327713012695, 0.006417056079953909)","(0.43047887086868286, 0.8596595525741577, 0.02455393224954605)","(0.43271300196647644, 0.8206289410591125, 0.0337323322892189)","(0.44318875670433044, 0.790180504322052, 0.03717559203505516)","(0.4960753321647644, 0.8340874910354614, 0.005939844995737076)","(0.4717286229133606, 0.859876811504364, 0.019864864647388458)","(0.47022032737731934, 0.8173227906227112, 0.025528350844979286)","(0.47827625274658203, 0.7825993299484253, 0.026495562866330147)","(0.5294492244720459, 0.8243022561073303, 0.007593732327222824)","(0.5144297480583191, 0.8876674175262451, 0.018623845651745796)","(0.5044547915458679, 0.8680095672607422, 0.028677964583039284)","(0.501779317855835, 0.8382383584976196, 0.03541583940386772)",Reach
2437,"(0.5199575424194336, 0.5977323055267334, -1.9423376329541497e-07)","(0.4552648067474365, 0.6087075471878052, 0.014553658664226532)","(0.42510953545570374, 0.6627228856086731, 0.023425564169883728)","(0.4183087646961212, 0.7275089621543884, 0.03121001087129116)","(0.4263859689235687, 0.767853856086731, 0.03861328586935997)","(0.4239322543144226, 0.7903686761856079, 0.008999734185636044)","(0.4052729904651642, 0.8058604001998901, 0.018528109416365623)","(0.4106855094432831, 0.7711050510406494, 0.02308371476829052)","(0.4206278920173645, 0.7470347285270691, 0.025883546099066734)","(0.45931336283683777, 0.8252748847007751, 0.00511798495426774)","(0.4303458333015442, 0.8554016351699829, 0.021886281669139862)","(0.43289387226104736, 0.816470742225647, 0.029646193608641624)","(0.44344207644462585, 0.7857061624526978, 0.03179624676704407)","(0.4954262375831604, 0.8311553597450256, 0.003971171099692583)","(0.47225621342658997, 0.8582252264022827, 0.0161959957331419)","(0.4711795449256897, 0.8165852427482605, 0.02087373286485672)","(0.4791957139968872, 0.7807002663612366, 0.02111669071018696)","(0.5279595255851746, 0.8208334445953369, 0.004836737643927336)","(0.5140644907951355, 0.8854697346687317, 0.013394870795309544)","(0.5031965374946594, 0.8709235191345215, 0.02166125178337097)","(0.49888378381729126, 0.8451524376869202, 0.027213361114263535)",Reach
2438,"(0.5183557868003845, 0.5979410409927368, -1.895389374340084e-07)","(0.45485204458236694, 0.6066039800643921, 0.01655736193060875)","(0.4248770475387573, 0.6591817140579224, 0.028032924979925156)","(0.4179634749889374, 0.724440336227417, 0.03834044560790062)","(0.42584747076034546, 0.7641327977180481, 0.0484345406293869)","(0.4223441779613495, 0.7906389236450195, 0.015597998164594173)","(0.4058741331100464, 0.8055055737495422, 0.029427533969283104)","(0.4114840626716614, 0.7712576389312744, 0.03659489005804062)","(0.4208369851112366, 0.7481724619865417, 0.040929846465587616)","(0.45719918608665466, 0.8259425759315491, 0.012305034324526787)","(0.43079617619514465, 0.8529377579689026, 0.03261014074087143)","(0.433474600315094, 0.8150988221168518, 0.04123800992965698)","(0.4431712329387665, 0.7857087850570679, 0.04389851912856102)","(0.49329298734664917, 0.8318900465965271, 0.011826401576399803)","(0.47027406096458435, 0.856497049331665, 0.026604898273944855)","(0.4691988229751587, 0.8156254291534424, 0.030832288786768913)","(0.47689974308013916, 0.7811993956565857, 0.03068731538951397)","(0.5262150764465332, 0.821618914604187, 0.013569437898695469)","(0.5132484436035156, 0.8840015530586243, 0.02442009747028351)","(0.5032098293304443, 0.867854118347168, 0.0328645296394825)","(0.4994175136089325, 0.8405442833900452, 0.038441676646471024)",Reach
2439,"(0.5178965926170349, 0.5984245538711548, -1.8051738948088314e-07)","(0.45432713627815247, 0.6063438057899475, 0.016515612602233887)","(0.4243847727775574, 0.6606996059417725, 0.028665082529187202)","(0.4175938367843628, 0.725472629070282, 0.039290763437747955)","(0.4255788326263428, 0.7647887468338013, 0.04963486269116402)","(0.4252359867095947, 0.792656421661377, 0.019764088094234467)","(0.4095228314399719, 0.8120672106742859, 0.034010160714387894)","(0.4133455455303192, 0.7758243680000305, 0.04055219516158104)","(0.4217360019683838, 0.7491210103034973, 0.04474882408976555)","(0.4597315490245819, 0.8273808360099792, 0.01717224344611168)","(0.43530237674713135, 0.8492475152015686, 0.03915578871965408)","(0.437299907207489, 0.8104504346847534, 0.046761829406023026)","(0.44595086574554443, 0.7808082103729248, 0.04838624969124794)","(0.4953498840332031, 0.8322761058807373, 0.017074624076485634)","(0.47321149706840515, 0.8540551662445068, 0.03336053714156151)","(0.47228461503982544, 0.8133308291435242, 0.03686800226569176)","(0.4797653257846832, 0.7786615490913391, 0.03591983765363693)","(0.526806116104126, 0.8212194442749023, 0.019096674397587776)","(0.5126298666000366, 0.880881130695343, 0.031601432710886)","(0.5025420784950256, 0.8678842782974243, 0.040022026747465134)","(0.4987795352935791, 0.843220055103302, 0.04531042277812958)",Reach
2440,"(0.5177111625671387, 0.598301887512207, -1.6860155938047683e-07)","(0.45184236764907837, 0.6097259521484375, 0.02119782753288746)","(0.425858736038208, 0.6667041182518005, 0.03554784506559372)","(0.42099183797836304, 0.731475293636322, 0.04804159700870514)","(0.4297887980937958, 0.7691548466682434, 0.06042888015508652)","(0.4265315532684326, 0.7867357730865479, 0.023078078404068947)","(0.4105689823627472, 0.8112850189208984, 0.04005188122391701)","(0.4144444465637207, 0.7753048539161682, 0.0483081191778183)","(0.4226715862751007, 0.7488795518875122, 0.05331339314579964)","(0.4613059163093567, 0.8221722841262817, 0.019705861806869507)","(0.4364843964576721, 0.8500189185142517, 0.04519623517990112)","(0.4377502202987671, 0.8115798234939575, 0.05489267408847809)","(0.44528451561927795, 0.783478856086731, 0.05738145112991333)","(0.49746328592300415, 0.8278106451034546, 0.019449442625045776)","(0.47694817185401917, 0.8535933494567871, 0.04015485569834709)","(0.4758225679397583, 0.8137459754943848, 0.04598125442862511)","(0.48258012533187866, 0.7808574438095093, 0.045571889728307724)","(0.5285438895225525, 0.8159605860710144, 0.021587170660495758)","(0.5142350792884827, 0.8775705695152283, 0.037745438516139984)","(0.5026262402534485, 0.8640283942222595, 0.04799063503742218)","(0.4976479113101959, 0.8394378423690796, 0.05396794155240059)",Reach
2441,"(0.5134356021881104, 0.6018527746200562, -1.5528624430771742e-07)","(0.45127806067466736, 0.6147282123565674, 0.01704014278948307)","(0.42560362815856934, 0.6670221090316772, 0.028520066291093826)","(0.4192239046096802, 0.7279404401779175, 0.038735613226890564)","(0.4254090189933777, 0.7668136358261108, 0.04887973144650459)","(0.425081729888916, 0.7891275882720947, 0.015915360301733017)","(0.40841859579086304, 0.8052817583084106, 0.030540797859430313)","(0.413492888212204, 0.7730297446250916, 0.03844664245843887)","(0.4225226640701294, 0.7502080202102661, 0.043297939002513885)","(0.45901983976364136, 0.8232755661010742, 0.012893537059426308)","(0.43374013900756836, 0.850192129611969, 0.034085024148225784)","(0.43553268909454346, 0.8156565427780151, 0.043163783848285675)","(0.4441201984882355, 0.7877993583679199, 0.04601626098155975)","(0.49453118443489075, 0.829084575176239, 0.012794164009392262)","(0.4749318063259125, 0.8526133298873901, 0.029613353312015533)","(0.4738287925720215, 0.8128528594970703, 0.03479157015681267)","(0.48050373792648315, 0.7800325751304626, 0.034802231937646866)","(0.5262201428413391, 0.8179874420166016, 0.014769371598958969)","(0.5118250846862793, 0.8787232637405396, 0.02743775211274624)","(0.5012838244438171, 0.8643772602081299, 0.03674836456775665)","(0.4969165325164795, 0.8390110731124878, 0.0426093153655529)",Reach
2442,"(0.5129476189613342, 0.5997651219367981, -1.8009328073276265e-07)","(0.4488885700702667, 0.6137366890907288, 0.018130579963326454)","(0.42388156056404114, 0.6700339913368225, 0.029431691393256187)","(0.4180174469947815, 0.7340235114097595, 0.039443861693143845)","(0.4263732135295868, 0.7734497785568237, 0.04933606833219528)","(0.42521876096725464, 0.7870556712150574, 0.015003042295575142)","(0.40665531158447266, 0.8044376969337463, 0.02915908209979534)","(0.4119648337364197, 0.7695220112800598, 0.036335647106170654)","(0.42157667875289917, 0.7444292306900024, 0.040723565965890884)","(0.459612101316452, 0.8220776319503784, 0.011997024528682232)","(0.43286481499671936, 0.8456746339797974, 0.03459400683641434)","(0.43510982394218445, 0.8086224794387817, 0.043947942554950714)","(0.444368451833725, 0.780796229839325, 0.04626404866576195)","(0.49491289258003235, 0.8275046348571777, 0.012197104282677174)","(0.4733920991420746, 0.8518227338790894, 0.031022513285279274)","(0.4721073508262634, 0.8122503161430359, 0.036982111632823944)","(0.479219526052475, 0.7783153057098389, 0.03663540259003639)","(0.5253651738166809, 0.8155941963195801, 0.014532854780554771)","(0.5100924968719482, 0.8750115633010864, 0.029258713126182556)","(0.4993895888328552, 0.8597615957260132, 0.03957149013876915)","(0.49555614590644836, 0.83380526304245, 0.045578379184007645)",Reach
2443,"(0.5110200643539429, 0.5968953967094421, -1.6161475002718362e-07)","(0.4469544589519501, 0.6114328503608704, 0.023239819332957268)","(0.4222925305366516, 0.6700102090835571, 0.03912845999002457)","(0.41656577587127686, 0.7329370379447937, 0.05339620262384415)","(0.42466068267822266, 0.7708128690719604, 0.06788037717342377)","(0.4230791926383972, 0.7813672423362732, 0.023966817185282707)","(0.4055420458316803, 0.8013456463813782, 0.04399428516626358)","(0.4098363518714905, 0.771867036819458, 0.05640292540192604)","(0.4185926914215088, 0.7487300634384155, 0.0642753541469574)","(0.45689505338668823, 0.8175369501113892, 0.020872456952929497)","(0.4313598573207855, 0.846750020980835, 0.046066440641880035)","(0.43348008394241333, 0.8128357529640198, 0.05778384953737259)","(0.44182145595550537, 0.7866880893707275, 0.06278432160615921)","(0.49270057678222656, 0.8247483968734741, 0.021443407982587814)","(0.473471462726593, 0.8520156145095825, 0.04210653528571129)","(0.4728050231933594, 0.8131055235862732, 0.049386266618967056)","(0.4793320298194885, 0.7807371020317078, 0.05089101567864418)","(0.5238495469093323, 0.8124567270278931, 0.024745700880885124)","(0.5089477300643921, 0.8736804723739624, 0.04209470748901367)","(0.49835827946662903, 0.8577785491943359, 0.05394994467496872)","(0.49425390362739563, 0.8308907747268677, 0.061464931815862656)",Reach
2444,"(0.5092918872833252, 0.5959815979003906, -1.4760668420876755e-07)","(0.44591230154037476, 0.6125391125679016, 0.017134159803390503)","(0.4215056002140045, 0.671576201915741, 0.028035905212163925)","(0.41685718297958374, 0.7332121729850769, 0.03731418028473854)","(0.4251934885978699, 0.77156001329422, 0.04626045003533363)","(0.4201620817184448, 0.783801794052124, 0.016315290704369545)","(0.40410804748535156, 0.80096435546875, 0.030057882890105247)","(0.4099300503730774, 0.7707899808883667, 0.03695369511842728)","(0.41946640610694885, 0.7492327094078064, 0.04088195413351059)","(0.45439621806144714, 0.8184301853179932, 0.012479374185204506)","(0.42930904030799866, 0.8474185466766357, 0.032559990882873535)","(0.43215158581733704, 0.8136300444602966, 0.04077933728694916)","(0.4418172240257263, 0.7864306569099426, 0.043136414140462875)","(0.4902423024177551, 0.8242625594139099, 0.011513574980199337)","(0.4729093313217163, 0.8536640405654907, 0.0274630356580019)","(0.4722275137901306, 0.8158265352249146, 0.032379671931266785)","(0.4789176881313324, 0.7828888893127441, 0.03224211186170578)","(0.5221055746078491, 0.8122187852859497, 0.012624857015907764)","(0.5074981451034546, 0.8736763596534729, 0.024351349100470543)","(0.49649766087532043, 0.8587835431098938, 0.03357711061835289)","(0.4921448230743408, 0.8329443335533142, 0.03948394954204559)",Reach
2445,"(0.5099362134933472, 0.5950406193733215, -1.6598816898749646e-07)","(0.4452405869960785, 0.610819399356842, 0.015214894898235798)","(0.42094850540161133, 0.6723783016204834, 0.024272678419947624)","(0.4166874289512634, 0.735268235206604, 0.031815096735954285)","(0.42661628127098083, 0.7733191251754761, 0.03898831456899643)","(0.4223302900791168, 0.7848470211029053, 0.012573828920722008)","(0.4055887758731842, 0.8016571402549744, 0.023181898519396782)","(0.41018640995025635, 0.7681021094322205, 0.027567947283387184)","(0.4194607734680176, 0.7433197498321533, 0.030091561377048492)","(0.45714908838272095, 0.8194980621337891, 0.009193719364702702)","(0.43217286467552185, 0.8406168818473816, 0.028337771072983742)","(0.4343385696411133, 0.8038578033447266, 0.03595714643597603)","(0.44380152225494385, 0.774524450302124, 0.03736703842878342)","(0.49262943863868713, 0.8236742615699768, 0.008427847176790237)","(0.47496917843818665, 0.8536962270736694, 0.023702984675765038)","(0.4734049141407013, 0.8167585134506226, 0.02868560329079628)","(0.47977936267852783, 0.7819523811340332, 0.028119917958974838)","(0.5226539969444275, 0.810107409954071, 0.00951479934155941)","(0.507591962814331, 0.8690357208251953, 0.02055402845144272)","(0.4957881569862366, 0.8560155630111694, 0.02935599721968174)","(0.4915681779384613, 0.8317559957504272, 0.03469160571694374)",Grasp
2446,"(0.5092655420303345, 0.5969250202178955, -1.4212193377716176e-07)","(0.4449411630630493, 0.6108206510543823, 0.019444290548563004)","(0.4204620122909546, 0.670672595500946, 0.03218962624669075)","(0.41548582911491394, 0.7330556511878967, 0.04363211244344711)","(0.4247867465019226, 0.7707960605621338, 0.05487001687288284)","(0.4203313887119293, 0.7804446220397949, 0.01712520606815815)","(0.402725487947464, 0.7972525358200073, 0.034403543919324875)","(0.40697455406188965, 0.7673643827438354, 0.0444653257727623)","(0.4156164228916168, 0.7449479103088379, 0.050449855625629425)","(0.4554837644100189, 0.8169898986816406, 0.014229107648134232)","(0.4307410418987274, 0.8408418297767639, 0.03812986612319946)","(0.4322836995124817, 0.8065106272697449, 0.04854017123579979)","(0.4403941035270691, 0.7789211869239807, 0.051879484206438065)","(0.4918965697288513, 0.8224733471870422, 0.014825851656496525)","(0.47400355339050293, 0.8517876863479614, 0.03425556793808937)","(0.4726080894470215, 0.8155940771102905, 0.040296390652656555)","(0.4786093533039093, 0.7828739881515503, 0.04021389037370682)","(0.5228866934776306, 0.8088727593421936, 0.017825543880462646)","(0.5071029663085938, 0.8671211004257202, 0.03295251727104187)","(0.4960702359676361, 0.8522583842277527, 0.04328061640262604)","(0.4923132359981537, 0.8265194296836853, 0.049405764788389206)",Grasp
2447,"(0.5087994337081909, 0.5977292060852051, -1.286876596395814e-07)","(0.44500505924224854, 0.6126675009727478, 0.020874202251434326)","(0.42018288373947144, 0.6723170876502991, 0.03534736856818199)","(0.4146295487880707, 0.7335590124130249, 0.04828551784157753)","(0.4228833317756653, 0.7703948616981506, 0.06103649362921715)","(0.4202670156955719, 0.7798300385475159, 0.021131936460733414)","(0.40298759937286377, 0.7974749207496643, 0.040541961789131165)","(0.40681394934654236, 0.7690935134887695, 0.05231276899576187)","(0.4149828255176544, 0.7476750612258911, 0.0594254806637764)","(0.4546046555042267, 0.8159459233283997, 0.018019797280430794)","(0.42956221103668213, 0.8434014916419983, 0.042742110788822174)","(0.4306991696357727, 0.8102163672447205, 0.05358142778277397)","(0.43824127316474915, 0.7834492325782776, 0.05758221447467804)","(0.49052658677101135, 0.8221591114997864, 0.01838955096900463)","(0.4718957245349884, 0.849381685256958, 0.03841717913746834)","(0.470381498336792, 0.811346709728241, 0.04430093243718147)","(0.4761022925376892, 0.7792250514030457, 0.04443086311221123)","(0.5216466784477234, 0.809672474861145, 0.02127953991293907)","(0.5054249167442322, 0.8681570291519165, 0.03719619661569595)","(0.49434930086135864, 0.853905975818634, 0.0475941002368927)","(0.4901636838912964, 0.8299165964126587, 0.05382552370429039)",Grasp
2448,"(0.5089353919029236, 0.5965695381164551, -1.6151165027622483e-07)","(0.44509774446487427, 0.611587405204773, 0.0210831668227911)","(0.41973429918289185, 0.6706241369247437, 0.034816108644008636)","(0.4139982759952545, 0.7330931425094604, 0.047078937292099)","(0.4227559566497803, 0.7703156471252441, 0.05905882641673088)","(0.4181758165359497, 0.7820209264755249, 0.019783036783337593)","(0.40231019258499146, 0.7953327894210815, 0.03848785534501076)","(0.40846508741378784, 0.7644325494766235, 0.04886554554104805)","(0.4178374707698822, 0.7436145544052124, 0.05472315475344658)","(0.4530279040336609, 0.8174171447753906, 0.016295969486236572)","(0.4282926321029663, 0.8408908843994141, 0.04138408228754997)","(0.4313077926635742, 0.8061099052429199, 0.0518050342798233)","(0.44069617986679077, 0.7797191739082336, 0.054805584251880646)","(0.4892522394657135, 0.823358952999115, 0.016471397131681442)","(0.470610111951828, 0.8478043079376221, 0.037320565432310104)","(0.47043463587760925, 0.808706521987915, 0.043595243245363235)","(0.47745561599731445, 0.7758234739303589, 0.0432865172624588)","(0.5205962061882019, 0.8117961287498474, 0.019078858196735382)","(0.504299521446228, 0.8683508634567261, 0.03562366962432861)","(0.4940339922904968, 0.8531816005706787, 0.046441130340099335)","(0.49047020077705383, 0.8293067216873169, 0.052574437111616135)",Grasp
2449,"(0.5089098811149597, 0.5957498550415039, -1.501863238217993e-07)","(0.44511473178863525, 0.6121973395347595, 0.01894514635205269)","(0.4199816584587097, 0.670305073261261, 0.03110215812921524)","(0.413757860660553, 0.7314309477806091, 0.04182818531990051)","(0.42207375168800354, 0.7690790891647339, 0.05216716602444649)","(0.4176570177078247, 0.7818158268928528, 0.016950778663158417)","(0.4020082354545593, 0.7949762344360352, 0.03366699814796448)","(0.40797147154808044, 0.7645464539527893, 0.0428968109190464)","(0.41757404804229736, 0.7440436482429504, 0.0482407845556736)","(0.4522709250450134, 0.8170304298400879, 0.013429914601147175)","(0.4277615249156952, 0.8398542404174805, 0.03681962192058563)","(0.4306781589984894, 0.8061679005622864, 0.04644164815545082)","(0.440238356590271, 0.7794795632362366, 0.04912591725587845)","(0.4886431396007538, 0.8230273723602295, 0.013280952349305153)","(0.4705584943294525, 0.8475531935691833, 0.032167136669158936)","(0.47027263045310974, 0.8094350099563599, 0.03745844215154648)","(0.47730886936187744, 0.7770763039588928, 0.03686179220676422)","(0.5204166769981384, 0.811446487903595, 0.015406004153192043)","(0.5046839118003845, 0.8713147044181824, 0.029500920325517654)","(0.49360495805740356, 0.8578521609306335, 0.03913050889968872)","(0.4891834557056427, 0.8340263366699219, 0.04484027624130249)",Grasp
2450,"(0.5088475942611694, 0.5953048467636108, -1.5675006181936624e-07)","(0.44473597407341003, 0.609489381313324, 0.016840258613228798)","(0.4196052551269531, 0.6684035062789917, 0.02829177863895893)","(0.4142162501811981, 0.7307409048080444, 0.0385468453168869)","(0.422695130109787, 0.7691861391067505, 0.04850832372903824)","(0.41575631499290466, 0.7825345993041992, 0.016110900789499283)","(0.3992726802825928, 0.792568027973175, 0.03167595714330673)","(0.40567415952682495, 0.7617148160934448, 0.03984825313091278)","(0.4161916971206665, 0.7410973310470581, 0.04459201171994209)","(0.4504729211330414, 0.8186034560203552, 0.013343357481062412)","(0.42585620284080505, 0.8381925821304321, 0.036007534712553024)","(0.4291224777698517, 0.8032903671264648, 0.045096151530742645)","(0.4393090307712555, 0.7757869958877563, 0.04753706976771355)","(0.4870305061340332, 0.8246479630470276, 0.01358641218394041)","(0.46862804889678955, 0.8473597764968872, 0.03154071792960167)","(0.46866169571876526, 0.808612048625946, 0.03639354556798935)","(0.47629815340042114, 0.7759422659873962, 0.03572596609592438)","(0.5192127227783203, 0.8129947185516357, 0.015917081385850906)","(0.5038132667541504, 0.8719189763069153, 0.029086487367749214)","(0.4932069182395935, 0.8573449850082397, 0.03833511471748352)","(0.48961907625198364, 0.8324401378631592, 0.04397156089544296)",Grasp
2451,"(0.5078975558280945, 0.595301628112793, -1.445641402142428e-07)","(0.44476914405822754, 0.6087698936462402, 0.01912332884967327)","(0.41863858699798584, 0.6652113199234009, 0.03243199363350868)","(0.4132542908191681, 0.7255082726478577, 0.04461872950196266)","(0.4217666983604431, 0.7636518478393555, 0.05673075467348099)","(0.4159204959869385, 0.7814537882804871, 0.01952660083770752)","(0.4000685214996338, 0.7927908301353455, 0.03768247365951538)","(0.4063500165939331, 0.763658881187439, 0.04780587926506996)","(0.416380375623703, 0.7431950569152832, 0.05370064824819565)","(0.45059698820114136, 0.816916823387146, 0.016709767282009125)","(0.42631208896636963, 0.8405084013938904, 0.04095437750220299)","(0.42917564511299133, 0.8082817196846008, 0.05101754888892174)","(0.4387475252151489, 0.7814420461654663, 0.05420034006237984)","(0.48694756627082825, 0.8230283260345459, 0.017163950949907303)","(0.47035661339759827, 0.8485570549964905, 0.036480940878391266)","(0.47052550315856934, 0.8116032481193542, 0.04172498360276222)","(0.4776696264743805, 0.7790093421936035, 0.04134725034236908)","(0.5188292860984802, 0.8113017678260803, 0.01994042843580246)","(0.503905713558197, 0.869954526424408, 0.03423568233847618)","(0.4934196174144745, 0.856870174407959, 0.04362611472606659)","(0.4894144535064697, 0.8332399725914001, 0.04931706190109253)",Grasp
2452,"(0.5064930319786072, 0.597751796245575, -1.5950804765907378e-07)","(0.4445782005786896, 0.6064647436141968, 0.015537549741566181)","(0.4166150987148285, 0.6581222414970398, 0.026361169293522835)","(0.41213470697402954, 0.7184305191040039, 0.03598205745220184)","(0.4211386442184448, 0.7573705315589905, 0.045329682528972626)","(0.4121900796890259, 0.7833890318870544, 0.017507078126072884)","(0.3983001708984375, 0.7904925346374512, 0.031331464648246765)","(0.4060210585594177, 0.759516716003418, 0.03719611465930939)","(0.41662803292274475, 0.7397951483726501, 0.040274377912282944)","(0.44701504707336426, 0.8186744451522827, 0.014211896806955338)","(0.4234510064125061, 0.8398514986038208, 0.03475777059793472)","(0.42776307463645935, 0.8059664368629456, 0.04202272370457649)","(0.43834519386291504, 0.7785049080848694, 0.043481480330228806)","(0.48343196511268616, 0.8248971104621887, 0.013501172885298729)","(0.467134952545166, 0.8461987972259521, 0.02861873060464859)","(0.46814659237861633, 0.8078298568725586, 0.03221824765205383)","(0.4759940803050995, 0.7748435735702515, 0.03145024552941322)","(0.516263484954834, 0.8143607974052429, 0.014745659194886684)","(0.501951277256012, 0.8719080090522766, 0.02542685717344284)","(0.4921506345272064, 0.8569839596748352, 0.03376881405711174)","(0.48830392956733704, 0.8322840332984924, 0.03923102840781212)",Grasp
2453,"(0.5055819749832153, 0.5951254963874817, -1.615556470824231e-07)","(0.4432934820652008, 0.6029913425445557, 0.01576232723891735)","(0.41382357478141785, 0.6557263731956482, 0.027384333312511444)","(0.40887346863746643, 0.7180609703063965, 0.03812519833445549)","(0.417946994304657, 0.7570058703422546, 0.048656683415174484)","(0.41230154037475586, 0.7841123938560486, 0.01791711524128914)","(0.3998745381832123, 0.79380863904953, 0.03489739075303078)","(0.40611642599105835, 0.7618584632873535, 0.04329221695661545)","(0.4150072932243347, 0.7396642565727234, 0.0477142333984375)","(0.4473939836025238, 0.8187456130981445, 0.01552149560302496)","(0.42677003145217896, 0.8355594277381897, 0.039627399295568466)","(0.4306783974170685, 0.8017274737358093, 0.04851735010743141)","(0.4396873116493225, 0.7735140323638916, 0.050301045179367065)","(0.48370227217674255, 0.8235509991645813, 0.015967926010489464)","(0.4693530201911926, 0.8479727506637573, 0.033512845635414124)","(0.4707604646682739, 0.8107426762580872, 0.03776952996850014)","(0.4777883291244507, 0.7766484022140503, 0.03663298115134239)","(0.5160592794418335, 0.8110414147377014, 0.018430396914482117)","(0.5020326972007751, 0.870061457157135, 0.02970293164253235)","(0.4929143786430359, 0.8570057153701782, 0.037754181772470474)","(0.48917198181152344, 0.832775890827179, 0.042738284915685654)",Grasp
2454,"(0.5057762265205383, 0.5935922861099243, -1.8183197880716762e-07)","(0.44037681818008423, 0.6024172306060791, 0.016608286648988724)","(0.4121466875076294, 0.6586913466453552, 0.02843053825199604)","(0.4080721437931061, 0.7210927605628967, 0.03885343298316002)","(0.4185967445373535, 0.75990891456604, 0.048795152455568314)","(0.4103621542453766, 0.7849183082580566, 0.019593050703406334)","(0.3977336883544922, 0.7932435870170593, 0.03488723188638687)","(0.40448328852653503, 0.7610299587249756, 0.040931470692157745)","(0.41426795721054077, 0.7397354245185852, 0.043828826397657394)","(0.44568929076194763, 0.8193181753158569, 0.016291558742523193)","(0.42498481273651123, 0.8289365768432617, 0.03985093906521797)","(0.42975756525993347, 0.7938079237937927, 0.047105807811021805)","(0.4398142993450165, 0.7666740417480469, 0.04764784872531891)","(0.4822424650192261, 0.8238963484764099, 0.0156945139169693)","(0.46739211678504944, 0.84358811378479, 0.03277202323079109)","(0.46936893463134766, 0.8072067499160767, 0.03633791580796242)","(0.47733810544013977, 0.7746080756187439, 0.0348072275519371)","(0.5146141648292542, 0.810849666595459, 0.01708274520933628)","(0.5022937059402466, 0.8715564012527466, 0.028201907873153687)","(0.4918574094772339, 0.8631517887115479, 0.03595869988203049)","(0.4868737459182739, 0.8419493436813354, 0.04080577567219734)",Grasp
2455,"(0.5019137859344482, 0.5956819653511047, -1.8245009414386004e-07)","(0.4391390383243561, 0.6011104583740234, 0.01603441871702671)","(0.41116273403167725, 0.6563736200332642, 0.028262630105018616)","(0.40830281376838684, 0.7183363437652588, 0.0387248732149601)","(0.4184340238571167, 0.7561755776405334, 0.04848651587963104)","(0.4065622389316559, 0.7875220775604248, 0.022932564839720726)","(0.3978897035121918, 0.7909899950027466, 0.0383453369140625)","(0.40596961975097656, 0.7579638957977295, 0.043198563158512115)","(0.4152960181236267, 0.7385191917419434, 0.0450509637594223)","(0.44146808981895447, 0.8210350275039673, 0.019611099734902382)","(0.42402273416519165, 0.8276475071907043, 0.04371048882603645)","(0.42971524596214294, 0.7914829850196838, 0.050462182611227036)","(0.43884405493736267, 0.764995813369751, 0.050516679883003235)","(0.477948397397995, 0.8262192010879517, 0.01859438046813011)","(0.4637128710746765, 0.8425055742263794, 0.03531742841005325)","(0.46696048974990845, 0.8039261698722839, 0.038134749978780746)","(0.4750477075576782, 0.7710082530975342, 0.03626733273267746)","(0.5115746259689331, 0.8155615329742432, 0.019379688426852226)","(0.49997082352638245, 0.8742349147796631, 0.0296148844063282)","(0.49249109625816345, 0.8582125902175903, 0.037058062851428986)","(0.48962223529815674, 0.8295087218284607, 0.04189931973814964)",Grasp
2456,"(0.497972309589386, 0.5995692014694214, -1.6817878645269957e-07)","(0.43836164474487305, 0.6018151044845581, 0.016938459128141403)","(0.4118763506412506, 0.6606041789054871, 0.031033189967274666)","(0.4093155264854431, 0.722719669342041, 0.04298141971230507)","(0.41990309953689575, 0.7584137320518494, 0.05410528555512428)","(0.40715980529785156, 0.79088294506073, 0.029460566118359566)","(0.4009706676006317, 0.7962629795074463, 0.04696128889918327)","(0.407187283039093, 0.7623498439788818, 0.052729517221450806)","(0.41470780968666077, 0.7408779859542847, 0.0554814487695694)","(0.43997427821159363, 0.8244909048080444, 0.026703353971242905)","(0.4267796277999878, 0.8251352310180664, 0.05234890431165695)","(0.43048760294914246, 0.7879401445388794, 0.05832758918404579)","(0.4370124340057373, 0.7609051465988159, 0.05830979719758034)","(0.4755791127681732, 0.8298476934432983, 0.026002733036875725)","(0.46188226342201233, 0.840543270111084, 0.04310474917292595)","(0.4635246992111206, 0.8016799688339233, 0.0444580502808094)","(0.4702661335468292, 0.7700576782226562, 0.04223376139998436)","(0.5089174509048462, 0.8198779821395874, 0.02731992118060589)","(0.4996655583381653, 0.8758707046508789, 0.03877396136522293)","(0.4929194450378418, 0.8603078126907349, 0.04629671201109886)","(0.4910329282283783, 0.8326125144958496, 0.05141305923461914)",Grasp
2457,"(0.4954448938369751, 0.59723961353302, -1.9216514601794188e-07)","(0.437759667634964, 0.6021067500114441, 0.02526845969259739)","(0.41160979866981506, 0.6638765335083008, 0.04506470635533333)","(0.4104631841182709, 0.7233645915985107, 0.06275579333305359)","(0.42510539293289185, 0.7579851746559143, 0.07933196425437927)","(0.40421128273010254, 0.7954906225204468, 0.037573035806417465)","(0.40466704964637756, 0.7902419567108154, 0.06238730251789093)","(0.4106575846672058, 0.759238600730896, 0.072964608669281)","(0.4165106415748596, 0.741011917591095, 0.07836850732564926)","(0.4365618824958801, 0.8283923268318176, 0.033753931522369385)","(0.43201881647109985, 0.8206966519355774, 0.06715847551822662)","(0.43716877698898315, 0.7844902276992798, 0.07683449983596802)","(0.4433581829071045, 0.7565828561782837, 0.07854080945253372)","(0.47304338216781616, 0.8327438831329346, 0.03318767622113228)","(0.4689317047595978, 0.8383245468139648, 0.05641312897205353)","(0.471469908952713, 0.7999960780143738, 0.06038472428917885)","(0.47646570205688477, 0.7674449682235718, 0.05922944098711014)","(0.5076330900192261, 0.8203983306884766, 0.03540905937552452)","(0.5021552443504333, 0.87253338098526, 0.05119897052645683)","(0.49416324496269226, 0.8595057129859924, 0.060479432344436646)","(0.49018460512161255, 0.8336391448974609, 0.0665796622633934)",Grasp
2458,"(0.49122658371925354, 0.601546049118042, -1.7748838843090198e-07)","(0.4384404718875885, 0.6083036661148071, 0.02619745023548603)","(0.41078877449035645, 0.6632847785949707, 0.04449883848428726)","(0.40849313139915466, 0.7200865745544434, 0.060231905430555344)","(0.4220063388347626, 0.7554700374603271, 0.07537022978067398)","(0.40354639291763306, 0.7855214476585388, 0.031086767092347145)","(0.40329280495643616, 0.7992748618125916, 0.05340559780597687)","(0.4090791344642639, 0.7672277688980103, 0.06717880070209503)","(0.4142402112483978, 0.7434946298599243, 0.07513701915740967)","(0.43273162841796875, 0.8248112201690674, 0.02523370273411274)","(0.4262515604496002, 0.8275136351585388, 0.050597816705703735)","(0.4307440519332886, 0.7924647331237793, 0.06179291009902954)","(0.43762773275375366, 0.7637960314750671, 0.0667654424905777)","(0.4669308662414551, 0.8366792798042297, 0.02283596433699131)","(0.4590182900428772, 0.8433104157447815, 0.04073495790362358)","(0.4589075744152069, 0.806932270526886, 0.0476938858628273)","(0.4647080898284912, 0.7775312066078186, 0.04996304214000702)","(0.5011054277420044, 0.8309078216552734, 0.023400217294692993)","(0.49688422679901123, 0.8692319989204407, 0.03634238615632057)","(0.491224080324173, 0.8488510251045227, 0.046556003391742706)","(0.4904291033744812, 0.8204912543296814, 0.054318033158779144)",Grasp
2459,"(0.4919334352016449, 0.6082571744918823, -2.1871591115996125e-07)","(0.43579113483428955, 0.612622857093811, 0.03178239241242409)","(0.4121783375740051, 0.6689095497131348, 0.055609237402677536)","(0.41286030411720276, 0.7231760025024414, 0.07614024728536606)","(0.42812156677246094, 0.7564145922660828, 0.09556326270103455)","(0.4009428024291992, 0.7947623133659363, 0.04682309925556183)","(0.4031355679035187, 0.7908844947814941, 0.0736180767416954)","(0.4107404351234436, 0.7623111605644226, 0.08588249981403351)","(0.417886346578598, 0.7460489869117737, 0.09275437146425247)","(0.43173590302467346, 0.8301683068275452, 0.04143679514527321)","(0.4294964075088501, 0.8232836723327637, 0.07540365308523178)","(0.43582814931869507, 0.7874487638473511, 0.08626648038625717)","(0.44322654604911804, 0.7617253065109253, 0.08974888175725937)","(0.4676585793495178, 0.8384473323822021, 0.03958095982670784)","(0.46683451533317566, 0.8354381322860718, 0.06401040405035019)","(0.4708412289619446, 0.7951163649559021, 0.0696888193488121)","(0.47675570845603943, 0.7647148370742798, 0.07053393870592117)","(0.502701997756958, 0.8314778208732605, 0.04099041223526001)","(0.5021569728851318, 0.8760325908660889, 0.05907541513442993)","(0.497809499502182, 0.8570500016212463, 0.07018951326608658)","(0.49597328901290894, 0.8265460729598999, 0.07803427428007126)",Grasp
2460,"(0.4900912642478943, 0.6057941317558289, -2.278474795502916e-07)","(0.4391331672668457, 0.6187717318534851, 0.034240201115608215)","(0.41365355253219604, 0.6774373650550842, 0.05668805539608002)","(0.41395464539527893, 0.7320724129676819, 0.07494134455919266)","(0.42922455072402954, 0.7650206089019775, 0.0911594033241272)","(0.40300655364990234, 0.7900528907775879, 0.04553966969251633)","(0.408615380525589, 0.7892748713493347, 0.071066714823246)","(0.4155276417732239, 0.7609825730323792, 0.08244146406650543)","(0.41986003518104553, 0.7415331602096558, 0.08802799135446548)","(0.4334059953689575, 0.8301085233688354, 0.03739672154188156)","(0.4386034607887268, 0.813051164150238, 0.06995194405317307)","(0.4466196894645691, 0.7757753729820251, 0.07857950031757355)","(0.4516022205352783, 0.7484387159347534, 0.07941239327192307)","(0.4684339761734009, 0.8415939807891846, 0.033147454261779785)","(0.47477760910987854, 0.8325688242912292, 0.05747188255190849)","(0.4777776002883911, 0.7925459146499634, 0.06173967942595482)","(0.48162633180618286, 0.761938214302063, 0.059945497661828995)","(0.5025764107704163, 0.8366461992263794, 0.032292742282152176)","(0.5043261051177979, 0.8647739291191101, 0.05037694424390793)","(0.4991394281387329, 0.8424414992332458, 0.06033523753285408)","(0.4968700408935547, 0.8145711421966553, 0.06634992361068726)",Grasp
2461,"(0.49060943722724915, 0.6048789024353027, -2.3335714161021315e-07)","(0.44100457429885864, 0.6208680868148804, 0.03892574459314346)","(0.41417786478996277, 0.6813663840293884, 0.06392813473939896)","(0.4134184718132019, 0.7376454472541809, 0.08379371464252472)","(0.428467333316803, 0.7699164152145386, 0.10155683010816574)","(0.4061248004436493, 0.788923978805542, 0.05262367054820061)","(0.410302072763443, 0.795357882976532, 0.08302807062864304)","(0.4170594811439514, 0.7642669677734375, 0.09800942242145538)","(0.42144137620925903, 0.7414389848709106, 0.10566725581884384)","(0.4339008331298828, 0.8298848867416382, 0.043431807309389114)","(0.43857449293136597, 0.813752293586731, 0.08105266839265823)","(0.4460810422897339, 0.7759159803390503, 0.0912877768278122)","(0.45133867859840393, 0.7478681802749634, 0.09240037947893143)","(0.4660486578941345, 0.8430713415145874, 0.03860902041196823)","(0.4716986417770386, 0.831396222114563, 0.06878215074539185)","(0.4734337031841278, 0.7918985486030579, 0.07398957759141922)","(0.47752001881599426, 0.7620155811309814, 0.07118569314479828)","(0.4980664849281311, 0.8402411937713623, 0.03739267587661743)","(0.49947744607925415, 0.8614932298660278, 0.06033492460846901)","(0.49514979124069214, 0.8344203233718872, 0.07186035066843033)","(0.49463292956352234, 0.8050267100334167, 0.07796453684568405)",Grasp
2462,"(0.4898450970649719, 0.6014845371246338, -2.2640539043550234e-07)","(0.43768981099128723, 0.615679144859314, 0.031247809529304504)","(0.4134354591369629, 0.6769888401031494, 0.05185737833380699)","(0.41433531045913696, 0.7326163053512573, 0.0690573900938034)","(0.43052437901496887, 0.7648752927780151, 0.08462551981210709)","(0.4043106436729431, 0.78920978307724, 0.038865827023983)","(0.4079793691635132, 0.786370038986206, 0.06194639205932617)","(0.4144183397293091, 0.7568521499633789, 0.0725843757390976)","(0.4193737804889679, 0.7380269169807434, 0.07797989994287491)","(0.4346398711204529, 0.8289961814880371, 0.031646810472011566)","(0.4350567162036896, 0.8156389594078064, 0.06146957352757454)","(0.4422242045402527, 0.7788806557655334, 0.0702277347445488)","(0.44874417781829834, 0.7519053816795349, 0.07169614732265472)","(0.4690641164779663, 0.8396714925765991, 0.02826804481446743)","(0.47293710708618164, 0.8302745223045349, 0.050735268741846085)","(0.4744730293750763, 0.7909597754478455, 0.05492258071899414)","(0.478949636220932, 0.760574221611023, 0.05348712205886841)","(0.5022122859954834, 0.8335657119750977, 0.028088990598917007)","(0.5027112364768982, 0.860932469367981, 0.044929806143045425)","(0.495846688747406, 0.8416495323181152, 0.05424623563885689)","(0.4928189218044281, 0.8166907429695129, 0.0599978007376194)",Grasp
2463,"(0.49043557047843933, 0.6057783961296082, -2.251943129749634e-07)","(0.4511963129043579, 0.6235947012901306, 0.036576930433511734)","(0.426037073135376, 0.6834896206855774, 0.05946461856365204)","(0.4207204282283783, 0.737667977809906, 0.07756340503692627)","(0.4245731830596924, 0.7662186026573181, 0.09454859048128128)","(0.4225480556488037, 0.7913485169410706, 0.04632299020886421)","(0.4222952127456665, 0.811845064163208, 0.07470570504665375)","(0.4263313412666321, 0.7767191529273987, 0.09044812619686127)","(0.4290659427642822, 0.7493984699249268, 0.09885889291763306)","(0.440591424703598, 0.8308115601539612, 0.03750581294298172)","(0.43618616461753845, 0.8251098394393921, 0.07132666558027267)","(0.4411574900150299, 0.7867154479026794, 0.0822635069489479)","(0.4459195137023926, 0.7582247853279114, 0.08475612848997116)","(0.46240073442459106, 0.8442158699035645, 0.032910946756601334)","(0.45973145961761475, 0.8347246050834656, 0.06093551218509674)","(0.46016210317611694, 0.7981948256492615, 0.06691782921552658)","(0.46487125754356384, 0.7696697115898132, 0.06504254788160324)","(0.4842838943004608, 0.8435977697372437, 0.03165905177593231)","(0.4827752411365509, 0.855405330657959, 0.0530196912586689)","(0.48020032048225403, 0.8265601396560669, 0.06368105113506317)","(0.48212099075317383, 0.7964248657226562, 0.06949388980865479)",Grasp
2464,"(0.49011802673339844, 0.6066978573799133, -2.1193392285567825e-07)","(0.4427034854888916, 0.6224384307861328, 0.03354160487651825)","(0.4170715808868408, 0.6807028651237488, 0.05421365052461624)","(0.41450756788253784, 0.7338369488716125, 0.07142099738121033)","(0.42449361085891724, 0.7642849683761597, 0.0878608301281929)","(0.41373902559280396, 0.7865899801254272, 0.035983797162771225)","(0.41363731026649475, 0.8051081299781799, 0.06109147518873215)","(0.41805461049079895, 0.7704004049301147, 0.07658395171165466)","(0.4217858612537384, 0.743963897228241, 0.08529781550168991)","(0.4384523630142212, 0.8265694975852966, 0.028063789010047913)","(0.433556467294693, 0.826887845993042, 0.05758538469672203)","(0.4382353723049164, 0.7906922101974487, 0.0695938766002655)","(0.44415009021759033, 0.7615475654602051, 0.07373236119747162)","(0.46664389967918396, 0.8408515453338623, 0.024520058184862137)","(0.4643990993499756, 0.8351537585258484, 0.04892479628324509)","(0.464262992143631, 0.7991119623184204, 0.05640830844640732)","(0.46946680545806885, 0.7710040807723999, 0.056587036699056625)","(0.49340739846229553, 0.8399114012718201, 0.02427186444401741)","(0.4903517961502075, 0.8582164645195007, 0.04270336776971817)","(0.4852915406227112, 0.8327204585075378, 0.05335485190153122)","(0.48529788851737976, 0.8038971424102783, 0.05985770374536514)",Grasp
2465,"(0.48628559708595276, 0.6025111675262451, -2.436843260511523e-07)","(0.43935537338256836, 0.6218326687812805, 0.03043273650109768)","(0.41609448194503784, 0.6857759356498718, 0.049472495913505554)","(0.41507309675216675, 0.740486204624176, 0.06490430235862732)","(0.4278404712677002, 0.7714475989341736, 0.07908052206039429)","(0.4074612855911255, 0.7869604229927063, 0.03454962372779846)","(0.4153490960597992, 0.8047353625297546, 0.056619793176651)","(0.421562135219574, 0.7691330313682556, 0.06820021569728851)","(0.4251827597618103, 0.7404623627662659, 0.07422149181365967)","(0.4318956136703491, 0.8249253034591675, 0.02655838429927826)","(0.4353128671646118, 0.8222782611846924, 0.053946737200021744)","(0.44240137934684753, 0.7866074442863464, 0.06230407953262329)","(0.4484420418739319, 0.756076991558075, 0.06361150741577148)","(0.4615328311920166, 0.8381108045578003, 0.02240654081106186)","(0.46549996733665466, 0.8321139812469482, 0.04386778548359871)","(0.4670006334781647, 0.7967365980148315, 0.0477478913962841)","(0.4716559648513794, 0.7667108774185181, 0.04564283415675163)","(0.49108532071113586, 0.837963342666626, 0.021325359120965004)","(0.49242502450942993, 0.8583616614341736, 0.03686873987317085)","(0.48847049474716187, 0.8324209451675415, 0.04528209939599037)","(0.4883731007575989, 0.802298903465271, 0.05028759315609932)",Grasp
2466,"(0.48367056250572205, 0.6035634875297546, -2.447980591568921e-07)","(0.4456346333026886, 0.6247979402542114, 0.0373297818005085)","(0.4248088002204895, 0.6865367889404297, 0.06029720604419708)","(0.4236335754394531, 0.7427488565444946, 0.07883242517709732)","(0.43145236372947693, 0.7748810052871704, 0.09655588865280151)","(0.41033074259757996, 0.781232476234436, 0.04184242710471153)","(0.42136484384536743, 0.8160879015922546, 0.0691920667886734)","(0.43037211894989014, 0.7845131754875183, 0.08664955943822861)","(0.4338788688182831, 0.7542292475700378, 0.09689803421497345)","(0.42886531352996826, 0.8193536996841431, 0.03286124765872955)","(0.4334813356399536, 0.834471583366394, 0.06324067711830139)","(0.4419538676738739, 0.8024131059646606, 0.07662057876586914)","(0.4479101300239563, 0.7701171636581421, 0.08257803320884705)","(0.4547695815563202, 0.8347086906433105, 0.02840210311114788)","(0.4614507257938385, 0.8398793339729309, 0.054328203201293945)","(0.46523451805114746, 0.8079060316085815, 0.06295868754386902)","(0.4691554605960846, 0.7787849307060242, 0.06423281133174896)","(0.48265862464904785, 0.8357389569282532, 0.02747836709022522)","(0.4853152334690094, 0.8576495051383972, 0.04749983549118042)","(0.48402678966522217, 0.831929624080658, 0.05887356773018837)","(0.4847162365913391, 0.8015427589416504, 0.06613562256097794)",Grasp
2467,"(0.4827152192592621, 0.6073426008224487, -2.2940264443604974e-07)","(0.45166248083114624, 0.6315597891807556, 0.0322415828704834)","(0.4325922727584839, 0.69344562292099, 0.05127055570483208)","(0.4279100298881531, 0.7486223578453064, 0.06628747284412384)","(0.4310166835784912, 0.7785362005233765, 0.08025969564914703)","(0.42311692237854004, 0.7861623764038086, 0.032635804265737534)","(0.4335792064666748, 0.8243777751922607, 0.055558472871780396)","(0.43998464941978455, 0.7962560057640076, 0.07034339755773544)","(0.4419630467891693, 0.7688481211662292, 0.078976571559906)","(0.43400460481643677, 0.8212767839431763, 0.02454053983092308)","(0.43416428565979004, 0.8376589417457581, 0.050241369754076004)","(0.4394845962524414, 0.8062121868133545, 0.060763437300920486)","(0.4437507688999176, 0.7752835154533386, 0.06518951058387756)","(0.45142215490341187, 0.8343100547790527, 0.020901592448353767)","(0.4539797902107239, 0.8412193059921265, 0.04349832609295845)","(0.45532867312431335, 0.8089143633842468, 0.04990023747086525)","(0.45834946632385254, 0.7802591323852539, 0.04987185820937157)","(0.4711112380027771, 0.8342796564102173, 0.02051497809588909)","(0.47184741497039795, 0.849586009979248, 0.03798076882958412)","(0.4713544547557831, 0.8228145837783813, 0.04798335209488869)","(0.4736919105052948, 0.7942302227020264, 0.05446242541074753)",Grasp
2468,"(0.48424795269966125, 0.6111067533493042, -2.561452276950149e-07)","(0.4838355779647827, 0.6468636989593506, 0.026363031938672066)","(0.47110360860824585, 0.7095375061035156, 0.04320010542869568)","(0.45780622959136963, 0.7612795829772949, 0.05740508809685707)","(0.446315199136734, 0.7843425869941711, 0.07130147516727448)","(0.4611293375492096, 0.8016639351844788, 0.02547927014529705)","(0.46772128343582153, 0.8491002917289734, 0.046396613121032715)","(0.4679161310195923, 0.8274669051170349, 0.0622597336769104)","(0.46609801054000854, 0.801529586315155, 0.07210923731327057)","(0.4490010440349579, 0.827890157699585, 0.019993189722299576)","(0.4417268931865692, 0.8416473269462585, 0.04307476803660393)","(0.4424273371696472, 0.8072925209999084, 0.05296427756547928)","(0.44510337710380554, 0.776934027671814, 0.05748853087425232)","(0.44202056527137756, 0.8302100896835327, 0.018533233553171158)","(0.43869611620903015, 0.8321422338485718, 0.03762586787343025)","(0.44084519147872925, 0.8012664318084717, 0.042314060032367706)","(0.4448590874671936, 0.7739534378051758, 0.04192369803786278)","(0.4391985535621643, 0.8230761289596558, 0.02001587487757206)","(0.43827009201049805, 0.8308508992195129, 0.03419380635023117)","(0.4411218464374542, 0.8036244511604309, 0.04176432266831398)","(0.44597724080085754, 0.7764756083488464, 0.04694701358675957)",Grasp
2469,"(0.48786118626594543, 0.607461154460907, -2.805408314543456e-07)","(0.4478725492954254, 0.6178467273712158, 0.03737081214785576)","(0.42237403988838196, 0.6677350997924805, 0.061596471816301346)","(0.4183160364627838, 0.7188470363616943, 0.08236677944660187)","(0.42058566212654114, 0.7520269751548767, 0.10373257100582123)","(0.4194750487804413, 0.7801721692085266, 0.041919976472854614)","(0.42425277829170227, 0.8264729380607605, 0.07334263622760773)","(0.42927002906799316, 0.7939030528068542, 0.09711862355470657)","(0.4308037757873535, 0.7629300355911255, 0.11185495555400848)","(0.43545567989349365, 0.8163334727287292, 0.03524212911725044)","(0.43438711762428284, 0.8408985137939453, 0.06758647412061691)","(0.44001999497413635, 0.8042863607406616, 0.08655447512865067)","(0.44453737139701843, 0.7722167372703552, 0.09715858101844788)","(0.458237886428833, 0.828458309173584, 0.033180247992277145)","(0.4586036503314972, 0.8432229161262512, 0.05994315817952156)","(0.4598371684551239, 0.8094576597213745, 0.073968306183815)","(0.46279653906822205, 0.7806047797203064, 0.07951474189758301)","(0.4809831976890564, 0.826147735118866, 0.034814201295375824)","(0.4795750379562378, 0.8518208265304565, 0.05481843650341034)","(0.4760063886642456, 0.8264865875244141, 0.06798083335161209)","(0.47581660747528076, 0.799558699131012, 0.07701994478702545)",Grasp
2470,"(0.4876202940940857, 0.602668821811676, -2.5038687567757734e-07)","(0.4417594373226166, 0.617755115032196, 0.0523395836353302)","(0.41765472292900085, 0.6681704521179199, 0.08556586503982544)","(0.4161621928215027, 0.7160722613334656, 0.11130622774362564)","(0.4236353933811188, 0.7488247752189636, 0.1357281655073166)","(0.40820226073265076, 0.7709391117095947, 0.06990806013345718)","(0.4097287654876709, 0.805389404296875, 0.10429909825325012)","(0.415613055229187, 0.7811097502708435, 0.12527024745941162)","(0.41911566257476807, 0.758123517036438, 0.1383138746023178)","(0.4336538016796112, 0.8069725036621094, 0.05689779669046402)","(0.43110209703445435, 0.831225574016571, 0.09431549161672592)","(0.43634724617004395, 0.7998085021972656, 0.11060833185911179)","(0.4427250921726227, 0.7709230184555054, 0.11910935491323471)","(0.46498337388038635, 0.8214558959007263, 0.048450931906700134)","(0.46499237418174744, 0.8366636633872986, 0.078868068754673)","(0.4654817283153534, 0.8041593432426453, 0.09133416414260864)","(0.4692905843257904, 0.7748755812644958, 0.09622891247272491)","(0.49542540311813354, 0.8204646706581116, 0.04463765770196915)","(0.4962720572948456, 0.8622316718101501, 0.06750998646020889)","(0.4903125464916229, 0.8456076979637146, 0.08182038366794586)","(0.48760634660720825, 0.8193734288215637, 0.09187883138656616)",Move
2471,"(0.49072209000587463, 0.601853609085083, -2.02591380116246e-07)","(0.4481353461742401, 0.613155722618103, 0.03538133576512337)","(0.42325255274772644, 0.6667098999023438, 0.05950053781270981)","(0.41999080777168274, 0.719906210899353, 0.07894986867904663)","(0.42525315284729004, 0.7535906434059143, 0.09789054095745087)","(0.41741740703582764, 0.7709373235702515, 0.046319011598825455)","(0.42246949672698975, 0.8201231956481934, 0.07152970880270004)","(0.4295825660228729, 0.7949730753898621, 0.08741563558578491)","(0.433358758687973, 0.7664453387260437, 0.09731387346982956)","(0.43924736976623535, 0.8070622086524963, 0.03842697665095329)","(0.435865581035614, 0.8328530788421631, 0.06591321527957916)","(0.4409637451171875, 0.8027934432029724, 0.07699017226696014)","(0.44628238677978516, 0.7729377150535583, 0.0824100524187088)","(0.46645528078079224, 0.8221834897994995, 0.03409678861498833)","(0.4643443822860718, 0.8422546982765198, 0.05513947457075119)","(0.4654231071472168, 0.8113396167755127, 0.06218982860445976)","(0.46918928623199463, 0.7821581363677979, 0.06432133913040161)","(0.49348166584968567, 0.8241320848464966, 0.03336155042052269)","(0.4922959506511688, 0.8606022596359253, 0.04812757298350334)","(0.4905458688735962, 0.8399935960769653, 0.05746898055076599)","(0.491380900144577, 0.8121500015258789, 0.06463654339313507)",Move
2472,"(0.49516594409942627, 0.596754789352417, -2.2180851999564766e-07)","(0.43994221091270447, 0.60661780834198, 0.04152260348200798)","(0.41590988636016846, 0.6545997262001038, 0.06976910680532455)","(0.4153215289115906, 0.7037052512168884, 0.09383589029312134)","(0.42415255308151245, 0.7356929779052734, 0.11790181696414948)","(0.40814295411109924, 0.7731767296791077, 0.053015660494565964)","(0.4124959707260132, 0.8100928068161011, 0.08341032266616821)","(0.419181764125824, 0.7828123569488525, 0.10224351286888123)","(0.4231262803077698, 0.7562403678894043, 0.1137995719909668)","(0.438924640417099, 0.8060036897659302, 0.0447004996240139)","(0.4355314075946808, 0.8363289833068848, 0.07547014206647873)","(0.4412371516227722, 0.8041467666625977, 0.08929505199193954)","(0.4478779733181, 0.7733561992645264, 0.09654338657855988)","(0.4754064679145813, 0.8171189427375793, 0.040859583765268326)","(0.4732719361782074, 0.8433136940002441, 0.06413687020540237)","(0.4755162000656128, 0.8094804286956787, 0.07437208294868469)","(0.4788479208946228, 0.7769250869750977, 0.07903828471899033)","(0.5082939863204956, 0.809418797492981, 0.0413096584379673)","(0.5047293901443481, 0.8634061813354492, 0.05866474658250809)","(0.4993740916252136, 0.8489763140678406, 0.07069533318281174)","(0.49611133337020874, 0.8236573934555054, 0.07972177118062973)",Move
2473,"(0.49855837225914, 0.5943000912666321, -2.213475056578318e-07)","(0.44287851452827454, 0.6033744812011719, 0.036401405930519104)","(0.4187283515930176, 0.652462363243103, 0.0606393925845623)","(0.4170701205730438, 0.7037789821624756, 0.08051466196775436)","(0.4250221848487854, 0.7380198836326599, 0.09980190545320511)","(0.41144081950187683, 0.7784680128097534, 0.0472896546125412)","(0.4111536145210266, 0.8142377734184265, 0.0722738653421402)","(0.4173239469528198, 0.7845252752304077, 0.08625062555074692)","(0.42217615246772766, 0.7561641335487366, 0.09492814540863037)","(0.44216713309288025, 0.8081799745559692, 0.038847826421260834)","(0.4359709620475769, 0.8380955457687378, 0.06635500490665436)","(0.44078686833381653, 0.8045832514762878, 0.07692240923643112)","(0.44713395833969116, 0.7732746601104736, 0.08169514685869217)","(0.47892168164253235, 0.8149241805076599, 0.034133490175008774)","(0.4742148518562317, 0.8427678346633911, 0.0534488819539547)","(0.4754837155342102, 0.8076428771018982, 0.06101933866739273)","(0.4792915880680084, 0.7735556364059448, 0.06416913121938705)","(0.5126648545265198, 0.8045030832290649, 0.03333106264472008)","(0.5081190466880798, 0.8674497604370117, 0.04667738080024719)","(0.5006955862045288, 0.8607823848724365, 0.05674726888537407)","(0.49580222368240356, 0.8388177156448364, 0.06464967876672745)",Move
2474,"(0.5043543577194214, 0.5968424081802368, -2.212048713090553e-07)","(0.44531744718551636, 0.598619282245636, 0.041867922991514206)","(0.420306921005249, 0.643204927444458, 0.07331354171037674)","(0.418924480676651, 0.6925044059753418, 0.10162057727575302)","(0.42635753750801086, 0.7257246971130371, 0.1304367035627365)","(0.4161990284919739, 0.785798966884613, 0.05855664983391762)","(0.41275888681411743, 0.8145936131477356, 0.09338502585887909)","(0.4178573191165924, 0.7823350429534912, 0.11403714120388031)","(0.422932505607605, 0.7548211216926575, 0.12715357542037964)","(0.4489123821258545, 0.8138256669044495, 0.053809065371751785)","(0.4373219907283783, 0.8419902324676514, 0.09055396914482117)","(0.4408978223800659, 0.8055654168128967, 0.10654108971357346)","(0.44764119386672974, 0.7744837999343872, 0.11505492031574249)","(0.4860006868839264, 0.8188027739524841, 0.05362217500805855)","(0.4755557179450989, 0.844354510307312, 0.08053478598594666)","(0.47688189148902893, 0.8073888421058655, 0.09149839729070663)","(0.48097455501556396, 0.7731412649154663, 0.09714530408382416)","(0.5180819630622864, 0.8063978552818298, 0.0580320842564106)","(0.5109151601791382, 0.8698859214782715, 0.07799458503723145)","(0.5025891661643982, 0.8642019033432007, 0.09099256247282028)","(0.49647068977355957, 0.8453500866889954, 0.10095203667879105)",Move
2475,"(0.509156346321106, 0.5985671877861023, -2.215267187466452e-07)","(0.44939425587654114, 0.5971426963806152, 0.04169923812150955)","(0.42173826694488525, 0.6389175057411194, 0.0749276652932167)","(0.4203459620475769, 0.6853129267692566, 0.10503816604614258)","(0.4279647171497345, 0.7156791687011719, 0.13581493496894836)","(0.4183316230773926, 0.7949272394180298, 0.06523699313402176)","(0.41314399242401123, 0.8154378533363342, 0.10158593207597733)","(0.41795065999031067, 0.7834323048591614, 0.12177886068820953)","(0.4236064553260803, 0.7577949166297913, 0.13457907736301422)","(0.4510457217693329, 0.8196684718132019, 0.060822177678346634)","(0.43917638063430786, 0.8445313572883606, 0.09979516267776489)","(0.44173410534858704, 0.8094615936279297, 0.11607390642166138)","(0.4482056498527527, 0.7796275615692139, 0.12492843717336655)","(0.48807141184806824, 0.8224186897277832, 0.06029926612973213)","(0.47550180554389954, 0.844573438167572, 0.0878278985619545)","(0.4768420457839966, 0.8080464005470276, 0.09825026988983154)","(0.4818565845489502, 0.775442898273468, 0.10422571003437042)","(0.5207837224006653, 0.810300886631012, 0.06421010196208954)","(0.5144943594932556, 0.8761523365974426, 0.08369261026382446)","(0.5065919756889343, 0.8698166012763977, 0.09616169333457947)","(0.5012931823730469, 0.8494104146957397, 0.10630185157060623)",Move
2476,"(0.5160679221153259, 0.6010069847106934, -2.266473728695928e-07)","(0.4541507959365845, 0.6004045605659485, 0.041321318596601486)","(0.425627738237381, 0.6417041420936584, 0.07644659280776978)","(0.4237130582332611, 0.6878874897956848, 0.10987592488527298)","(0.4300728440284729, 0.7193512320518494, 0.14484409987926483)","(0.4219488799571991, 0.8003138303756714, 0.06383934617042542)","(0.41430163383483887, 0.8179624080657959, 0.10362651944160461)","(0.41969621181488037, 0.784824550151825, 0.12729860842227936)","(0.4272443950176239, 0.7598748803138733, 0.14249159395694733)","(0.45563289523124695, 0.8235983848571777, 0.06267046183347702)","(0.44225019216537476, 0.8481927514076233, 0.1050734594464302)","(0.4436931014060974, 0.8135403394699097, 0.1249295175075531)","(0.45084619522094727, 0.7829315662384033, 0.13636307418346405)","(0.4925338327884674, 0.8241931796073914, 0.06581157445907593)","(0.4773115813732147, 0.846845269203186, 0.09692568331956863)","(0.4776436984539032, 0.8108227252960205, 0.11013181507587433)","(0.4833490550518036, 0.7785761952400208, 0.11800770461559296)","(0.5253393650054932, 0.8122841715812683, 0.07342945039272308)","(0.5176249146461487, 0.8766151666641235, 0.09477882832288742)","(0.5088818669319153, 0.867559015750885, 0.10808364301919937)","(0.5032439827919006, 0.8443101644515991, 0.1191941425204277)",Move
2477,"(0.5191339254379272, 0.6029225587844849, -2.2776005437208369e-07)","(0.4587128162384033, 0.6039794683456421, 0.03824218735098839)","(0.42990925908088684, 0.6424046754837036, 0.07000903785228729)","(0.426430344581604, 0.689704179763794, 0.10048448294401169)","(0.4299260675907135, 0.7212703227996826, 0.13266754150390625)","(0.4256693124771118, 0.8000891804695129, 0.055129192769527435)","(0.4180883765220642, 0.8262258768081665, 0.09185430407524109)","(0.4229665696620941, 0.7947856187820435, 0.11495425552129745)","(0.42935997247695923, 0.7681772112846375, 0.1301501840353012)","(0.4599205255508423, 0.8234466910362244, 0.05379104986786842)","(0.44659215211868286, 0.8567211627960205, 0.09294624626636505)","(0.4485242962837219, 0.8206917643547058, 0.11281868070363998)","(0.4547293782234192, 0.789146363735199, 0.12467760592699051)","(0.497328519821167, 0.8249658346176147, 0.056700289249420166)","(0.4814490079879761, 0.8517840504646301, 0.08548060059547424)","(0.48332613706588745, 0.8134851455688477, 0.0985897108912468)","(0.4898393154144287, 0.7814610600471497, 0.1065526232123375)","(0.5304164886474609, 0.8141566514968872, 0.06388779729604721)","(0.5217961668968201, 0.88250732421875, 0.08393482118844986)","(0.513681948184967, 0.8702234029769897, 0.09709207713603973)","(0.5081771016120911, 0.8449187278747559, 0.1081087663769722)",Move
2478,"(0.5254262685775757, 0.6032149791717529, -2.2912276165243384e-07)","(0.4641555845737457, 0.6058719158172607, 0.03009992092847824)","(0.4330568313598633, 0.6502427458763123, 0.05932365357875824)","(0.4288753569126129, 0.7006257772445679, 0.08885437995195389)","(0.430487722158432, 0.7331781387329102, 0.12059015780687332)","(0.4304664433002472, 0.8044021129608154, 0.046045392751693726)","(0.42035943269729614, 0.8288064002990723, 0.07962658256292343)","(0.42391538619995117, 0.7990850806236267, 0.10100409388542175)","(0.43037229776382446, 0.7738693356513977, 0.11509102582931519)","(0.4656219482421875, 0.827771008014679, 0.04761209338903427)","(0.4499393701553345, 0.8607777953147888, 0.08351854234933853)","(0.45061349868774414, 0.8248962163925171, 0.10144882649183273)","(0.45678022503852844, 0.7936334013938904, 0.11201412230730057)","(0.5028384923934937, 0.8284436464309692, 0.05276045948266983)","(0.48441532254219055, 0.8559541702270508, 0.07785482704639435)","(0.485625296831131, 0.8161499500274658, 0.08765039592981339)","(0.49209532141685486, 0.7828819751739502, 0.09358832240104675)","(0.5356080532073975, 0.8175371289253235, 0.061667412519454956)","(0.5272018909454346, 0.885667622089386, 0.07902117818593979)","(0.5201557874679565, 0.8724085092544556, 0.08968524634838104)","(0.5156799554824829, 0.8459687232971191, 0.09881030768156052)",Move
2479,"(0.5327160358428955, 0.6004714965820312, -2.3170750296230835e-07)","(0.4708592891693115, 0.603163480758667, 0.02438168227672577)","(0.4381844103336334, 0.6486281752586365, 0.04857615381479263)","(0.4321271777153015, 0.7025899291038513, 0.07369716465473175)","(0.43240126967430115, 0.7354064583778381, 0.10077851265668869)","(0.43688341975212097, 0.807376503944397, 0.03482061251997948)","(0.42417627573013306, 0.8335412740707397, 0.06459759920835495)","(0.4264777600765228, 0.8007479906082153, 0.083383709192276)","(0.4331784248352051, 0.7733868956565857, 0.09540057182312012)","(0.47239950299263, 0.8308548331260681, 0.036700498312711716)","(0.45365890860557556, 0.863760232925415, 0.06994734704494476)","(0.45364364981651306, 0.8246217966079712, 0.08502074331045151)","(0.4599192142486572, 0.7924088835716248, 0.09227991849184036)","(0.5095522403717041, 0.8305222988128662, 0.04212836176156998)","(0.48833632469177246, 0.8531230092048645, 0.06572607904672623)","(0.48893338441848755, 0.8114192485809326, 0.07212189584970474)","(0.496116042137146, 0.7762554883956909, 0.07405763119459152)","(0.5411971807479858, 0.8193089962005615, 0.05086430907249451)","(0.532357931137085, 0.8835617303848267, 0.06730932742357254)","(0.5250571370124817, 0.8710619211196899, 0.07566690444946289)","(0.520429253578186, 0.8465151190757751, 0.08170691877603531)",Move
2480,"(0.5428065657615662, 0.5959017276763916, -2.4858906044755713e-07)","(0.47809499502182007, 0.5991241335868835, 0.02488752268254757)","(0.4448015093803406, 0.6461562514305115, 0.05017426982522011)","(0.43579450249671936, 0.7018117904663086, 0.0771661326289177)","(0.4293137788772583, 0.7346911430358887, 0.10672542452812195)","(0.44177567958831787, 0.8084449768066406, 0.034236930310726166)","(0.42842555046081543, 0.8333778977394104, 0.06672034412622452)","(0.4295274019241333, 0.7988923192024231, 0.08804517984390259)","(0.43524038791656494, 0.7714909315109253, 0.1013406440615654)","(0.4782070517539978, 0.8315501809120178, 0.037259791046381)","(0.45721521973609924, 0.8620646595954895, 0.07325698435306549)","(0.45606639981269836, 0.8223603963851929, 0.09078781306743622)","(0.46257495880126953, 0.7909485101699829, 0.099223293364048)","(0.5158464312553406, 0.8303734660148621, 0.04416500777006149)","(0.49224334955215454, 0.8538241386413574, 0.06962040811777115)","(0.4921781122684479, 0.8114450573921204, 0.0778658539056778)","(0.49930188059806824, 0.7758434414863586, 0.08063098788261414)","(0.5476170182228088, 0.8176650404930115, 0.05447136610746384)","(0.5368612408638, 0.8828812837600708, 0.0710924044251442)","(0.528976559638977, 0.8688634037971497, 0.07976280152797699)","(0.5241871476173401, 0.8434947729110718, 0.08611349761486053)",Move
2481,"(0.5476245284080505, 0.5952845215797424, -2.0617649454379716e-07)","(0.48375463485717773, 0.5954340696334839, 0.01615176908671856)","(0.44955360889434814, 0.6436705589294434, 0.03377155959606171)","(0.4387134909629822, 0.7030337452888489, 0.05344003811478615)","(0.4321720600128174, 0.7374081611633301, 0.07536574453115463)","(0.4467550814151764, 0.8084059357643127, 0.01928890310227871)","(0.4321959316730499, 0.8395592570304871, 0.04374566674232483)","(0.4315463900566101, 0.8017169833183289, 0.060588475316762924)","(0.4372139275074005, 0.76955646276474, 0.07135110348463058)","(0.48358020186424255, 0.8330339193344116, 0.022433578968048096)","(0.4617047905921936, 0.8642779588699341, 0.04970472306013107)","(0.4592965841293335, 0.8226101398468018, 0.06274692714214325)","(0.46565744280815125, 0.7881630063056946, 0.06845268607139587)","(0.5212627649307251, 0.8328350782394409, 0.028962941840291023)","(0.49805089831352234, 0.8538868427276611, 0.04769695922732353)","(0.4966368079185486, 0.8118043541908264, 0.05262202024459839)","(0.5042781829833984, 0.774080753326416, 0.05337044596672058)","(0.5533864498138428, 0.8208791613578796, 0.038110896944999695)","(0.5418592691421509, 0.8810926079750061, 0.050287168473005295)","(0.533073902130127, 0.8639628291130066, 0.0567798838019371)","(0.5290367007255554, 0.8333370685577393, 0.061485908925533295)",Move
2482,"(0.5542917251586914, 0.5983161926269531, -2.0511970433290116e-07)","(0.49003052711486816, 0.5948070883750916, 0.01338039617985487)","(0.453782856464386, 0.6445319056510925, 0.028874536976218224)","(0.4442461133003235, 0.7049164175987244, 0.04649057611823082)","(0.43985387682914734, 0.7378844618797302, 0.06627539545297623)","(0.453731507062912, 0.8091611862182617, 0.014286363497376442)","(0.43666204810142517, 0.8404025435447693, 0.03550191968679428)","(0.43502163887023926, 0.7978833317756653, 0.05076374113559723)","(0.44119101762771606, 0.7620238065719604, 0.06086993217468262)","(0.49069157242774963, 0.8337011933326721, 0.017344007268548012)","(0.46626418828964233, 0.8649240732192993, 0.042362481355667114)","(0.4625948369503021, 0.8213001489639282, 0.05522111430764198)","(0.4687534272670746, 0.785563051700592, 0.061040181666612625)","(0.5280154347419739, 0.8328567147254944, 0.023441728204488754)","(0.5031465888023376, 0.8540887236595154, 0.04052324593067169)","(0.5003484487533569, 0.8110078573226929, 0.04581833258271217)","(0.5075015425682068, 0.7728357315063477, 0.04694196581840515)","(0.5596991777420044, 0.8196254968643188, 0.03183453530073166)","(0.5477536916732788, 0.8785417675971985, 0.042522408068180084)","(0.538105845451355, 0.8617682456970215, 0.04884329065680504)","(0.5338922739028931, 0.8316263556480408, 0.05349574610590935)",Move
2483,"(0.559795618057251, 0.5993417501449585, -1.8298881343525863e-07)","(0.4953084886074066, 0.596993088722229, 0.013533280231058598)","(0.4591721296310425, 0.6466984152793884, 0.02944939397275448)","(0.44900447130203247, 0.7050811648368835, 0.04717370495200157)","(0.4415082037448883, 0.7355635762214661, 0.0671684592962265)","(0.4617442190647125, 0.8107803463935852, 0.01783766783773899)","(0.44273504614830017, 0.8434478640556335, 0.03819900378584862)","(0.4397572875022888, 0.8007190227508545, 0.0516524463891983)","(0.44546931982040405, 0.763924241065979, 0.060754742473363876)","(0.4993472695350647, 0.8339022397994995, 0.02096039056777954)","(0.4734511375427246, 0.8651015162467957, 0.04564709961414337)","(0.46811962127685547, 0.8222363591194153, 0.056783922016620636)","(0.47378337383270264, 0.7871261835098267, 0.06139260157942772)","(0.5362211465835571, 0.8314569592475891, 0.026783647015690804)","(0.5095817446708679, 0.8524683713912964, 0.044506512582302094)","(0.5050389766693115, 0.8110289573669434, 0.049083806574344635)","(0.5114659070968628, 0.7738642692565918, 0.04950844496488571)","(0.566949188709259, 0.8168897032737732, 0.034783344715833664)","(0.5536990761756897, 0.8742926716804504, 0.04741388559341431)","(0.5428233742713928, 0.8637211918830872, 0.054016780108213425)","(0.5376255512237549, 0.8391463756561279, 0.05831829458475113)",Move
2484,"(0.5672029852867126, 0.5962731838226318, -1.445767594532299e-07)","(0.5024569630622864, 0.5932437181472778, 0.0047278255224227905)","(0.46463075280189514, 0.6476238369941711, 0.01406730804592371)","(0.45367249846458435, 0.7074525356292725, 0.02531810663640499)","(0.4442361295223236, 0.730968177318573, 0.038446370512247086)","(0.47026434540748596, 0.8088171482086182, 0.005434962920844555)","(0.4493497312068939, 0.8409048914909363, 0.015701305121183395)","(0.44423121213912964, 0.797134518623352, 0.02286234311759472)","(0.4496580958366394, 0.7577984929084778, 0.028211193159222603)","(0.5073075890541077, 0.831651508808136, 0.007866695523262024)","(0.4795829653739929, 0.8656026124954224, 0.021819042041897774)","(0.472252756357193, 0.8250300288200378, 0.02833050861954689)","(0.4775787591934204, 0.7883020043373108, 0.031028926372528076)","(0.5433078408241272, 0.8295605182647705, 0.011924424208700657)","(0.5156468152999878, 0.8549351692199707, 0.02044728957116604)","(0.5090706944465637, 0.8171426057815552, 0.022655827924609184)","(0.5153988599777222, 0.7797286510467529, 0.022926343604922295)","(0.5743957757949829, 0.8144258856773376, 0.01724178157746792)","(0.5607994198799133, 0.8711402416229248, 0.022242289036512375)","(0.5497139096260071, 0.8608708381652832, 0.026410607621073723)","(0.5457532405853271, 0.8358741998672485, 0.02990029938519001)",Move
2485,"(0.5753214359283447, 0.5931068658828735, -1.2276088057205925e-07)","(0.5089893937110901, 0.5922420024871826, 0.0034563199151307344)","(0.4698002338409424, 0.6491249203681946, 0.011394964531064034)","(0.4583469033241272, 0.710628092288971, 0.021260129287838936)","(0.45150062441825867, 0.7325617074966431, 0.032841093838214874)","(0.47800785303115845, 0.8069823980331421, 0.0018196479650214314)","(0.45647329092025757, 0.8447701334953308, 0.008949181996285915)","(0.4495055079460144, 0.8009357452392578, 0.014262217096984386)","(0.45410260558128357, 0.7598516941070557, 0.018801776692271233)","(0.5149263739585876, 0.8301032781600952, 0.003942323848605156)","(0.4861864447593689, 0.8662862777709961, 0.014894340187311172)","(0.4772486388683319, 0.8258320093154907, 0.02034498006105423)","(0.48161780834198, 0.7883027791976929, 0.022827360779047012)","(0.5508404970169067, 0.8286247849464417, 0.007581619545817375)","(0.5209370255470276, 0.8535655736923218, 0.014217984862625599)","(0.5132892727851868, 0.816399097442627, 0.016107486560940742)","(0.5192146301269531, 0.7791936993598938, 0.01649908907711506)","(0.582405149936676, 0.8136441707611084, 0.012331666424870491)","(0.5682634711265564, 0.8680210113525391, 0.016137180849909782)","(0.556609570980072, 0.8570374250411987, 0.020016135647892952)","(0.5525000095367432, 0.8309799432754517, 0.023566441610455513)",Move
2486,"(0.5849127173423767, 0.5882099866867065, -8.88265105913888e-08)","(0.5163012146949768, 0.5887507796287537, 0.0001282276352867484)","(0.4755537211894989, 0.6449502110481262, 0.004188551567494869)","(0.4635821580886841, 0.7052689790725708, 0.01009519025683403)","(0.456180214881897, 0.733261227607727, 0.01747582107782364)","(0.4885982275009155, 0.8027087450027466, -0.004845227114856243)","(0.46442607045173645, 0.8397310376167297, -0.002739461837336421)","(0.4551050662994385, 0.7969445586204529, -0.0011450721649453044)","(0.4588721692562103, 0.7551068663597107, 0.0010747527703642845)","(0.5259352922439575, 0.8262608647346497, -0.003151706187054515)","(0.49396875500679016, 0.862983763217926, 0.0035066423006355762)","(0.48207247257232666, 0.8237736225128174, 0.006832252722233534)","(0.48493367433547974, 0.7839590907096863, 0.007899649441242218)","(0.560974657535553, 0.8243767023086548, -0.0002538348489906639)","(0.5282152891159058, 0.8562130928039551, 0.003982034511864185)","(0.5171681046485901, 0.8230193853378296, 0.005545955151319504)","(0.5211896300315857, 0.7848743200302124, 0.00560392253100872)","(0.5915616154670715, 0.8080876469612122, 0.0033054561354219913)","(0.5758286714553833, 0.8652101159095764, 0.005356547422707081)","(0.5623879432678223, 0.8555558323860168, 0.008869047276675701)","(0.5575353503227234, 0.8287747502326965, 0.012180919758975506)",Move
2487,"(0.5929454565048218, 0.5836108922958374, -9.508455178774966e-08)","(0.5234403014183044, 0.5852559208869934, -0.0006864122697152197)","(0.48171764612197876, 0.6433577537536621, 0.0024821616243571043)","(0.4699341654777527, 0.7045251131057739, 0.007728984579443932)","(0.46256399154663086, 0.7326623201370239, 0.014313260093331337)","(0.4948779046535492, 0.7991656064987183, -0.008444417268037796)","(0.4697967767715454, 0.8385475873947144, -0.007184676826000214)","(0.4612705707550049, 0.7945557236671448, -0.0057203033939003944)","(0.46548357605934143, 0.7527419924736023, -0.0036225204821676016)","(0.5325703024864197, 0.8232088088989258, -0.006838204804807901)","(0.49945804476737976, 0.8600526452064514, -0.00010264215961797163)","(0.4883030652999878, 0.8213573694229126, 0.0038319078739732504)","(0.4915584921836853, 0.7829886674880981, 0.004906914196908474)","(0.5682733058929443, 0.8220087289810181, -0.003974090795964003)","(0.5339269042015076, 0.8530580997467041, -0.00022842509497422725)","(0.5231714248657227, 0.8192439079284668, 0.001528558786958456)","(0.5274468064308167, 0.7816488146781921, 0.0014212440000846982)","(0.5999088287353516, 0.806618869304657, -0.0004166018625255674)","(0.5829353928565979, 0.8649256825447083, 0.00028454713174141943)","(0.5695082545280457, 0.8524703979492188, 0.003638625843450427)","(0.5648140907287598, 0.8237823247909546, 0.006892817560583353)",Move
2488,"(0.6013239026069641, 0.5765900611877441, -8.748052238161108e-08)","(0.5305759310722351, 0.5816206932067871, -7.51777333789505e-05)","(0.48864346742630005, 0.6412980556488037, 0.0031513606663793325)","(0.4774891436100006, 0.7031683921813965, 0.008337615989148617)","(0.46838271617889404, 0.7286361455917358, 0.01472305878996849)","(0.5069860816001892, 0.7887598872184753, -0.009343975223600864)","(0.47911614179611206, 0.8348162770271301, -0.01020300667732954)","(0.4663139283657074, 0.795076847076416, -0.010156984440982342)","(0.468148410320282, 0.7520193457603455, -0.008629373274743557)","(0.5439925193786621, 0.8131991624832153, -0.00738737965002656)","(0.5065302848815918, 0.853507399559021, -0.0023837692569941282)","(0.49210646748542786, 0.8142613768577576, 0.0007231542840600014)","(0.4938729405403137, 0.7731654047966003, 0.001543058198876679)","(0.5773656368255615, 0.8129647970199585, -0.004129111301153898)","(0.5396818518638611, 0.8523595333099365, 2.2343221644405276e-05)","(0.5255767703056335, 0.8209730386734009, 0.00140482431743294)","(0.5274248123168945, 0.7815879583358765, 0.000705564278177917)","(0.6070219278335571, 0.7981383204460144, -0.0002356915210839361)","(0.5903493165969849, 0.8568716645240784, 0.0003843987942673266)","(0.5752215385437012, 0.8471209406852722, 0.002247660653665662)","(0.5687276124954224, 0.8199887871742249, 0.0043125213123857975)",Move
2489,"(0.6079222559928894, 0.570274829864502, -9.10421320554633e-08)","(0.5361064076423645, 0.5785776972770691, 0.0003027142956852913)","(0.49386125802993774, 0.6393570899963379, 0.003943310119211674)","(0.480683296918869, 0.7008740305900574, 0.009505411610007286)","(0.4666558504104614, 0.721739649772644, 0.016404198482632637)","(0.5131092667579651, 0.7905392050743103, -0.00705566955730319)","(0.4853023290634155, 0.8305222392082214, -0.006025576498359442)","(0.47323349118232727, 0.7893927097320557, -0.00507879676297307)","(0.47504931688308716, 0.7463675141334534, -0.00337554351426661)","(0.5506377220153809, 0.8130092620849609, -0.00505403196439147)","(0.5135111808776855, 0.8475555777549744, 0.0008277019369415939)","(0.4995517134666443, 0.8085088133811951, 0.0034449927043169737)","(0.5008648037910461, 0.7687886357307434, 0.0037095972802489996)","(0.5841428637504578, 0.8108006119728088, -0.0016158948419615626)","(0.5471139550209045, 0.8465689420700073, 0.002627638401463628)","(0.5322603583335876, 0.8153566122055054, 0.0031383598688989878)","(0.5326638221740723, 0.776536762714386, 0.0018250202992931008)","(0.6136713027954102, 0.794616162776947, 0.0025810631923377514)","(0.5967416167259216, 0.8515239953994751, 0.003239223500713706)","(0.58131343126297, 0.840878427028656, 0.005043931771069765)","(0.5741983652114868, 0.8132970333099365, 0.007070280611515045)",Move
2490,"(0.613471269607544, 0.5612267255783081, -9.756316643461105e-08)","(0.5407330393791199, 0.5712289810180664, 0.0023381568025797606)","(0.49956828355789185, 0.6345353126525879, 0.008290763013064861)","(0.48602771759033203, 0.6966443061828613, 0.016020111739635468)","(0.4717484712600708, 0.714374840259552, 0.025230539962649345)","(0.5175344944000244, 0.7888398766517639, -0.0013797112042084336)","(0.490775465965271, 0.8243304491043091, 0.003013109788298607)","(0.4786013066768646, 0.7810728549957275, 0.005811678245663643)","(0.48002296686172485, 0.7376111745834351, 0.00835175160318613)","(0.5552840828895569, 0.8101549744606018, 0.0009157858439721167)","(0.5203977823257446, 0.8411800861358643, 0.009348706342279911)","(0.5059624314308167, 0.8018532991409302, 0.012421311810612679)","(0.5057747960090637, 0.7629408836364746, 0.012707401067018509)","(0.5893167853355408, 0.8060345649719238, 0.004755126778036356)","(0.5540447235107422, 0.8409971594810486, 0.010857336223125458)","(0.5379487872123718, 0.8108867406845093, 0.010771838948130608)","(0.5364808440208435, 0.7723865509033203, 0.008759674616158009)","(0.6192783713340759, 0.7879071831703186, 0.009568355046212673)","(0.6035526990890503, 0.8435809016227722, 0.011575776152312756)","(0.5878568291664124, 0.8322303891181946, 0.013243544846773148)","(0.5798527598381042, 0.8034467697143555, 0.014981439337134361)",Move
2491,"(0.6192662715911865, 0.553679883480072, -1.1291887602737916e-07)","(0.546497106552124, 0.5635474920272827, 0.004909895826131105)","(0.5059069991111755, 0.6255830526351929, 0.01318464707583189)","(0.49231821298599243, 0.6874171495437622, 0.023208754137158394)","(0.4783889949321747, 0.702872097492218, 0.03497329354286194)","(0.523780345916748, 0.7787283658981323, 0.0017436807975172997)","(0.4962792694568634, 0.8181954026222229, 0.007528576999902725)","(0.4829652011394501, 0.7775804996490479, 0.011832977645099163)","(0.48302575945854187, 0.732957661151886, 0.015749994665384293)","(0.5615425705909729, 0.8009680509567261, 0.004518131725490093)","(0.5261543393135071, 0.8344146609306335, 0.014157542958855629)","(0.5118694305419922, 0.7943422198295593, 0.018728870898485184)","(0.5114223957061768, 0.7546789050102234, 0.0204852893948555)","(0.5951406955718994, 0.7967438697814941, 0.009079970419406891)","(0.5601569414138794, 0.8332998156547546, 0.016615349799394608)","(0.5441350340843201, 0.8032041192054749, 0.017586493864655495)","(0.5420501232147217, 0.7643213272094727, 0.016570091247558594)","(0.6239838004112244, 0.7781131863594055, 0.014881927520036697)","(0.609639048576355, 0.8347713351249695, 0.01856677606701851)","(0.5939178466796875, 0.8239811658859253, 0.020850086584687233)","(0.5852041244506836, 0.7948843240737915, 0.0231824591755867)",Move
2492,"(0.6236996650695801, 0.5443370342254639, -1.0224885471643574e-07)","(0.5517963171005249, 0.555100679397583, 0.007357578258961439)","(0.5123321413993835, 0.615139901638031, 0.0166669562458992)","(0.4979736804962158, 0.6751633882522583, 0.02744610235095024)","(0.4819180965423584, 0.6918531656265259, 0.04013475775718689)","(0.5300880074501038, 0.7667831778526306, 0.004903565626591444)","(0.5027147531509399, 0.8061779737472534, 0.011944422498345375)","(0.4895937740802765, 0.7678749561309814, 0.016696229577064514)","(0.48874935507774353, 0.7256948947906494, 0.020821331068873405)","(0.5678995251655579, 0.7903713583946228, 0.007272353861480951)","(0.5324879288673401, 0.8232893347740173, 0.017901234328746796)","(0.5182737708091736, 0.7851527333259583, 0.023108523339033127)","(0.5169881582260132, 0.7480053901672363, 0.02544518932700157)","(0.6009066104888916, 0.787983775138855, 0.011673745699226856)","(0.5655127167701721, 0.824753999710083, 0.02079658769071102)","(0.5495495796203613, 0.7969619035720825, 0.023319533094763756)","(0.5467776656150818, 0.7609387040138245, 0.023381642997264862)","(0.628681480884552, 0.7714573740959167, 0.01744457148015499)","(0.6126372814178467, 0.8249842524528503, 0.023606717586517334)","(0.5975704193115234, 0.812789797782898, 0.027880437672138214)","(0.5892371535301208, 0.7834784388542175, 0.03163817152380943)",Move
2493,"(0.6264862418174744, 0.5374122858047485, -1.0583931953078718e-07)","(0.554908812046051, 0.5501043796539307, 0.01230646576732397)","(0.5167118310928345, 0.6084172129631042, 0.02612774819135666)","(0.5020333528518677, 0.665802538394928, 0.04121380299329758)","(0.48469018936157227, 0.6804541349411011, 0.058539047837257385)","(0.533027172088623, 0.7640548944473267, 0.015656515955924988)","(0.5064879059791565, 0.7970048189163208, 0.030270744115114212)","(0.49425703287124634, 0.7585092782974243, 0.039934851229190826)","(0.4927617311477661, 0.7159488797187805, 0.04694738984107971)","(0.5710894465446472, 0.7864850163459778, 0.01869197189807892)","(0.5375441312789917, 0.8139843940734863, 0.035703547298908234)","(0.5235745310783386, 0.7751367688179016, 0.043021589517593384)","(0.5204132795333862, 0.7376774549484253, 0.046555083245038986)","(0.6043648719787598, 0.7813239693641663, 0.02424391731619835)","(0.5707642436027527, 0.81337571144104, 0.03829646483063698)","(0.5546538233757019, 0.7844178080558777, 0.04064848646521568)","(0.550299346446991, 0.7475472688674927, 0.04029392823576927)","(0.6321908831596375, 0.7619194388389587, 0.03172890841960907)","(0.6193267703056335, 0.8140993714332581, 0.04141725227236748)","(0.6033773422241211, 0.8028956055641174, 0.04562694579362869)","(0.5928441286087036, 0.7732480764389038, 0.04926169663667679)",Move
2494,"(0.6301413178443909, 0.5282968282699585, -7.979684824022115e-08)","(0.5605767965316772, 0.539975643157959, 0.007485422305762768)","(0.5220417976379395, 0.5967923998832703, 0.016505757346749306)","(0.5061927437782288, 0.652451753616333, 0.02655736915767193)","(0.48746544122695923, 0.6676362156867981, 0.03837484493851662)","(0.5386971235275269, 0.7490619421005249, 0.007257045246660709)","(0.5118576288223267, 0.781460165977478, 0.014290183782577515)","(0.4987548291683197, 0.7477332949638367, 0.01885019801557064)","(0.49647554755210876, 0.7075272798538208, 0.022763270884752274)","(0.575531005859375, 0.7725857496261597, 0.008996031247079372)","(0.5417950749397278, 0.8013378381729126, 0.01788371615111828)","(0.5266339182853699, 0.7669737935066223, 0.021755246445536613)","(0.5226078629493713, 0.7297720313072205, 0.02382626198232174)","(0.607872724533081, 0.7707571983337402, 0.012529464438557625)","(0.573763906955719, 0.8044282793998718, 0.019296910613775253)","(0.5561965107917786, 0.7789517641067505, 0.01989572122693062)","(0.5502557754516602, 0.7434663772583008, 0.01956751011312008)","(0.6357212066650391, 0.7550293803215027, 0.017476825043559074)","(0.6218447089195251, 0.8051689267158508, 0.021338867023587227)","(0.6055377721786499, 0.7940539717674255, 0.02367119863629341)","(0.5945961475372314, 0.764355480670929, 0.026665443554520607)",Move
2495,"(0.6322288513183594, 0.5208770036697388, -2.7964578208639068e-08)","(0.5626519322395325, 0.5327050685882568, 0.0074486928060650826)","(0.5243486762046814, 0.5908022522926331, 0.014553777873516083)","(0.5081640481948853, 0.6475887298583984, 0.022463247179985046)","(0.49123328924179077, 0.66237872838974, 0.03170117363333702)","(0.5425549745559692, 0.7410721778869629, 0.0028834883123636246)","(0.5106529593467712, 0.7729001641273499, 0.006018640473484993)","(0.4973435401916504, 0.7366749048233032, 0.007030395325273275)","(0.4942282438278198, 0.6960098147392273, 0.008715330623090267)","(0.5797043442726135, 0.7664522528648376, 0.003264431143179536)","(0.5413796901702881, 0.7896469235420227, 0.010972252115607262)","(0.5254805088043213, 0.7568364143371582, 0.014370785094797611)","(0.5203866958618164, 0.7236785888671875, 0.015583914704620838)","(0.6122106313705444, 0.7648371458053589, 0.005469500552862883)","(0.5756795406341553, 0.7967843413352966, 0.011469372548162937)","(0.5573562383651733, 0.7723588943481445, 0.012884390540421009)","(0.550844132900238, 0.7393597364425659, 0.012840443290770054)","(0.6396975517272949, 0.7485074996948242, 0.008978673256933689)","(0.6221906542778015, 0.7966876029968262, 0.012597281485795975)","(0.6049586534500122, 0.7811381816864014, 0.016391990706324577)","(0.5942671298980713, 0.7477262616157532, 0.02036135271191597)",Move
2496,"(0.6352114081382751, 0.512953519821167, -7.41714032415075e-08)","(0.5658456683158875, 0.5258380174636841, 0.012483926489949226)","(0.5276206135749817, 0.5841174125671387, 0.023746144026517868)","(0.5105834603309631, 0.6402627229690552, 0.035232603549957275)","(0.4945140480995178, 0.657987117767334, 0.048280272632837296)","(0.544201135635376, 0.7363094687461853, 0.012960297986865044)","(0.512949526309967, 0.7649466395378113, 0.02104523591697216)","(0.5009577870368958, 0.7279771566390991, 0.024747462943196297)","(0.4990540146827698, 0.6877733469009399, 0.028063351288437843)","(0.5806794762611389, 0.7621342539787292, 0.01289548072963953)","(0.5440675020217896, 0.7799625396728516, 0.02573743648827076)","(0.5299361348152161, 0.7456967830657959, 0.03058728203177452)","(0.5255650877952576, 0.7135615348815918, 0.0324748158454895)","(0.613021194934845, 0.7603411078453064, 0.0149195846170187)","(0.577876627445221, 0.7860901355743408, 0.02526695840060711)","(0.5615585446357727, 0.7594857215881348, 0.027500303462147713)","(0.5564965605735779, 0.7264823913574219, 0.027658116072416306)","(0.6408384442329407, 0.7438121438026428, 0.01860148087143898)","(0.6249678134918213, 0.7885406613349915, 0.02611047960817814)","(0.6084644198417664, 0.772392213344574, 0.031035736203193665)","(0.5978958606719971, 0.7389498949050903, 0.035638466477394104)",Move
2497,"(0.6364984512329102, 0.5115302801132202, -9.770274544962376e-08)","(0.5665792226791382, 0.5260576605796814, 0.013758932240307331)","(0.5287327170372009, 0.5821366906166077, 0.026282476261258125)","(0.5124180316925049, 0.6373056769371033, 0.03924389183521271)","(0.4982757866382599, 0.6546887159347534, 0.05415916442871094)","(0.5460917353630066, 0.7326608896255493, 0.013907144777476788)","(0.515947163105011, 0.761127769947052, 0.024413902312517166)","(0.5047333836555481, 0.7237427830696106, 0.030976975336670876)","(0.5042177438735962, 0.6822126507759094, 0.03646501898765564)","(0.5822227001190186, 0.7580752372741699, 0.01454665046185255)","(0.5469052195549011, 0.7742646932601929, 0.0298473984003067)","(0.533747673034668, 0.738339364528656, 0.036519892513751984)","(0.5303359627723694, 0.7053366899490356, 0.03956536948680878)","(0.6144513487815857, 0.7554501295089722, 0.017610270529985428)","(0.5802322626113892, 0.7794504165649414, 0.030007079243659973)","(0.5648612976074219, 0.7514008283615112, 0.03337831795215607)","(0.5607408881187439, 0.7171002626419067, 0.034101735800504684)","(0.6419904828071594, 0.7382418513298035, 0.022528190165758133)","(0.62675541639328, 0.782738447189331, 0.031148381531238556)","(0.610720694065094, 0.7661371231079102, 0.03659060597419739)","(0.6005393862724304, 0.7329635620117188, 0.04165349155664444)",Move
2498,"(0.6377226114273071, 0.5107749700546265, -9.542026901954159e-08)","(0.5678482055664062, 0.5239933729171753, 0.01085374690592289)","(0.5308142900466919, 0.5799709558486938, 0.02124565839767456)","(0.5149548053741455, 0.6343749761581421, 0.03199486434459686)","(0.5015262961387634, 0.6523600220680237, 0.04435635730624199)","(0.5477030277252197, 0.730033278465271, 0.010572207160294056)","(0.519263744354248, 0.75814288854599, 0.017974862828850746)","(0.5088222026824951, 0.7212204933166504, 0.021792549639940262)","(0.5087050795555115, 0.680558443069458, 0.025391550734639168)","(0.5835146307945251, 0.75446617603302, 0.01104757096618414)","(0.5498307943344116, 0.7681688666343689, 0.023508891463279724)","(0.5377665758132935, 0.732415497303009, 0.028653396293520927)","(0.5350567102432251, 0.6999786496162415, 0.030666710808873177)","(0.6158323287963867, 0.7521982192993164, 0.013499263674020767)","(0.582594633102417, 0.7708696722984314, 0.02324521914124489)","(0.5686488747596741, 0.741657018661499, 0.026050956919789314)","(0.5657597184181213, 0.7077725529670715, 0.02667071856558323)","(0.6436365246772766, 0.736348032951355, 0.01743048056960106)","(0.627388596534729, 0.7776422500610352, 0.02390380948781967)","(0.6122351288795471, 0.7596266865730286, 0.02895122580230236)","(0.6032459139823914, 0.7260809540748596, 0.033849574625492096)",Move
2499,"(0.6381751298904419, 0.5104938745498657, -1.0220883694955774e-07)","(0.5689034461975098, 0.5258517861366272, 0.008212392218410969)","(0.5317524671554565, 0.5802845358848572, 0.01646776683628559)","(0.5165888667106628, 0.6325412392616272, 0.02580050192773342)","(0.5041646361351013, 0.6504108309745789, 0.03659320995211601)","(0.5493239164352417, 0.7311519384384155, 0.003382206428796053)","(0.5223609805107117, 0.7543142437934875, 0.009685286320745945)","(0.5115330219268799, 0.7180250883102417, 0.013394263572990894)","(0.511317789554596, 0.6791476607322693, 0.016602152958512306)","(0.5855275988578796, 0.7525859475135803, 0.004366063047200441)","(0.5526564717292786, 0.7628580927848816, 0.015987809747457504)","(0.5407870411872864, 0.7272024154663086, 0.021014031022787094)","(0.5386703014373779, 0.694904088973999, 0.022251330316066742)","(0.6179531216621399, 0.7476837635040283, 0.007497733924537897)","(0.5854570269584656, 0.7644168138504028, 0.01624898798763752)","(0.5716636180877686, 0.7358177304267883, 0.01832578144967556)","(0.5690563917160034, 0.7019701600074768, 0.01784498244524002)","(0.6458903551101685, 0.7298588752746582, 0.011994226835668087)","(0.6304972171783447, 0.7723239660263062, 0.016360728070139885)","(0.6152572631835938, 0.7560169696807861, 0.02002180926501751)","(0.606208324432373, 0.724092960357666, 0.023632025346159935)",Move
2500,"(0.6384551525115967, 0.5140789747238159, -8.373924487159456e-08)","(0.5699461698532104, 0.5273469686508179, 0.010318745858967304)","(0.5341879725456238, 0.5811742544174194, 0.021712057292461395)","(0.5194880962371826, 0.6327390670776367, 0.03415388613939285)","(0.5064125061035156, 0.6487031579017639, 0.048186399042606354)","(0.5516049861907959, 0.7302343845367432, 0.01039215736091137)","(0.5243858695030212, 0.7515726089477539, 0.021092528477311134)","(0.5138688683509827, 0.7166522145271301, 0.02742573618888855)","(0.5130268931388855, 0.6787733435630798, 0.03221089020371437)","(0.5875677466392517, 0.7518397569656372, 0.012464885599911213)","(0.555120050907135, 0.7613310813903809, 0.028399160131812096)","(0.5430290699005127, 0.7263884544372559, 0.035059887915849686)","(0.5396695733070374, 0.6941129565238953, 0.037305720150470734)","(0.6196632981300354, 0.7460693717002869, 0.016697362065315247)","(0.588046133518219, 0.7614750862121582, 0.029133252799510956)","(0.5742877125740051, 0.733106791973114, 0.03162062540650368)","(0.5712478160858154, 0.6989243626594543, 0.031130339950323105)","(0.6468757390975952, 0.7277185320854187, 0.02243388630449772)","(0.6321600675582886, 0.7664477229118347, 0.029653318226337433)","(0.6172648668289185, 0.7509670853614807, 0.03343338891863823)","(0.6080405116081238, 0.7200589179992676, 0.036927081644535065)",Move
2501,"(0.6380332112312317, 0.5160237550735474, -8.409231355699376e-08)","(0.5705417990684509, 0.5287301540374756, 0.007544513791799545)","(0.5349743962287903, 0.5830882787704468, 0.01753263734281063)","(0.5203338861465454, 0.6327036023139954, 0.028859805315732956)","(0.509089469909668, 0.6455062031745911, 0.041394125670194626)","(0.5517860054969788, 0.7343695759773254, 0.008138688281178474)","(0.524760901927948, 0.7470576167106628, 0.017180390655994415)","(0.5138891339302063, 0.7116800546646118, 0.021200289949774742)","(0.5118702054023743, 0.6745859980583191, 0.023984966799616814)","(0.587422251701355, 0.755256712436676, 0.010529403574764729)","(0.5558469295501709, 0.756027340888977, 0.02503063715994358)","(0.5445098876953125, 0.7200049161911011, 0.029655734077095985)","(0.5411946773529053, 0.6876792907714844, 0.030190221965312958)","(0.6196668744087219, 0.7493991851806641, 0.014757761731743813)","(0.5888909101486206, 0.7552320957183838, 0.025760842487215996)","(0.5759644508361816, 0.7252832055091858, 0.026161277666687965)","(0.5727360248565674, 0.6912900805473328, 0.024039728567004204)","(0.6473479270935059, 0.7313474416732788, 0.0201905257999897)","(0.6328496932983398, 0.7615426778793335, 0.02572937309741974)","(0.6188539862632751, 0.7453625202178955, 0.02763967402279377)","(0.6100876331329346, 0.7159774303436279, 0.02954358235001564)",Move
2502,"(0.6376680731773376, 0.5170615911483765, -5.667396152375659e-08)","(0.5718504786491394, 0.5286335349082947, 0.00502775190398097)","(0.5372931361198425, 0.5809478759765625, 0.012197038158774376)","(0.5207184553146362, 0.6283385753631592, 0.020480412989854813)","(0.5039012432098389, 0.6389948725700378, 0.02985185757279396)","(0.5541253089904785, 0.7286014556884766, 0.004247539211064577)","(0.5272417664527893, 0.7438907623291016, 0.010621150955557823)","(0.5167053937911987, 0.7111194133758545, 0.013488738797605038)","(0.5147321224212646, 0.6755812764167786, 0.015585307963192463)","(0.5892355442047119, 0.7497419714927673, 0.006279528606683016)","(0.5577935576438904, 0.7565832138061523, 0.016727929934859276)","(0.5463061928749084, 0.723378598690033, 0.020230263471603394)","(0.5425325632095337, 0.6917604207992554, 0.020713292062282562)","(0.621252179145813, 0.7443467974662781, 0.009866188280284405)","(0.591006338596344, 0.7570966482162476, 0.017196860164403915)","(0.5779777765274048, 0.7305001020431519, 0.01677340269088745)","(0.5743500590324402, 0.6977277398109436, 0.014848017133772373)","(0.6488543748855591, 0.7255504131317139, 0.014510050415992737)","(0.6375579237937927, 0.7625818252563477, 0.01744941808283329)","(0.623085081577301, 0.7516952157020569, 0.018304994329810143)","(0.6129015684127808, 0.7245564460754395, 0.01974485255777836)",Move
2503,"(0.6365940570831299, 0.5211068391799927, -3.871465636962057e-08)","(0.5724998712539673, 0.5299994945526123, 0.003341317642480135)","(0.5377171635627747, 0.5807852745056152, 0.008925842121243477)","(0.520020067691803, 0.627433180809021, 0.0155352046713233)","(0.5037553310394287, 0.6395367383956909, 0.023011116310954094)","(0.553885817527771, 0.7283897995948792, 0.0029339713510125875)","(0.5274176001548767, 0.7403627038002014, 0.007704836316406727)","(0.5170716047286987, 0.708496630191803, 0.008662495762109756)","(0.5141290426254272, 0.6746450662612915, 0.009219028986990452)","(0.5885598659515381, 0.750795304775238, 0.0047824871726334095)","(0.5580857992172241, 0.7529837489128113, 0.014621715061366558)","(0.5472245216369629, 0.7204527258872986, 0.017478657886385918)","(0.5430307388305664, 0.6899518966674805, 0.0171193964779377)","(0.6207305788993835, 0.7464204430580139, 0.007866980507969856)","(0.5912469029426575, 0.7544236779212952, 0.014607318677008152)","(0.5788679122924805, 0.7273390293121338, 0.01419562567025423)","(0.5751023888587952, 0.6953664422035217, 0.011998234316706657)","(0.6481801271438599, 0.728775680065155, 0.01169417705386877)","(0.6367678046226501, 0.7615423202514648, 0.014481806196272373)","(0.6233084797859192, 0.7485395669937134, 0.015689659863710403)","(0.6139783263206482, 0.7207452058792114, 0.01710294373333454)",Move
2504,"(0.6366395354270935, 0.525403618812561, -3.4348605737477556e-08)","(0.5730063319206238, 0.5313835740089417, 0.0021738680079579353)","(0.5376545190811157, 0.5797772407531738, 0.007275548297911882)","(0.5207523107528687, 0.6252251267433167, 0.013793626800179482)","(0.506940484046936, 0.6392686367034912, 0.021315129473805428)","(0.5531295537948608, 0.7280834317207336, 0.0009339519892819226)","(0.5277191996574402, 0.738083004951477, 0.004863350186496973)","(0.5172667503356934, 0.7057173848152161, 0.005344746634364128)","(0.5140489935874939, 0.6731470823287964, 0.0055176871828734875)","(0.5873230695724487, 0.7494991421699524, 0.0029710133094340563)","(0.5575515031814575, 0.7526308298110962, 0.011274379678070545)","(0.5466863512992859, 0.7206540703773499, 0.013606439344584942)","(0.5428565740585327, 0.6909320950508118, 0.013058247976005077)","(0.6194740533828735, 0.7459973692893982, 0.006185667123645544)","(0.5906780362129211, 0.7536032199859619, 0.011419611051678658)","(0.5794616341590881, 0.7262965440750122, 0.010792666114866734)","(0.5770601034164429, 0.6952657699584961, 0.00877310149371624)","(0.6467458009719849, 0.7299520969390869, 0.010073626413941383)","(0.6343532800674438, 0.761616587638855, 0.011893156915903091)","(0.6220625042915344, 0.7475070953369141, 0.0129594961181283)","(0.6144600510597229, 0.7194924354553223, 0.01430794782936573)",Move
2505,"(0.6354448199272156, 0.5277316570281982, -1.4301324569032658e-08)","(0.5725116729736328, 0.532995343208313, 0.00285802292637527)","(0.5375235676765442, 0.5803385972976685, 0.008208242245018482)","(0.5208970308303833, 0.6248763799667358, 0.014761089347302914)","(0.5087073445320129, 0.6386945247650146, 0.022010764107108116)","(0.5534536838531494, 0.7269399762153625, 0.0016906835371628404)","(0.5281667113304138, 0.7348055243492126, 0.005402226001024246)","(0.5165975689888, 0.7039127349853516, 0.005313463043421507)","(0.5119041800498962, 0.671810507774353, 0.005197432357817888)","(0.5869195461273193, 0.7492632865905762, 0.0034275457728654146)","(0.5575613975524902, 0.7504403591156006, 0.012089603580534458)","(0.5459849834442139, 0.7200549244880676, 0.014334935694932938)","(0.541241466999054, 0.6900939345359802, 0.013812289573252201)","(0.6183874011039734, 0.7464139461517334, 0.006357465870678425)","(0.5905374884605408, 0.7526807188987732, 0.011830488219857216)","(0.5780929923057556, 0.7264458537101746, 0.011185243725776672)","(0.5740976333618164, 0.6949233412742615, 0.009286511689424515)","(0.6451301574707031, 0.7307634949684143, 0.00997807364910841)","(0.6342158317565918, 0.7621549367904663, 0.011739780195057392)","(0.6212998032569885, 0.7484034895896912, 0.012783215381205082)","(0.6126737594604492, 0.7193154692649841, 0.014353567734360695)",Move
2506,"(0.6340444087982178, 0.5302584171295166, 1.0383494064569732e-08)","(0.5717745423316956, 0.5359767079353333, 0.0004951306036673486)","(0.5375862121582031, 0.5832118391990662, 0.004136897157877684)","(0.5209314227104187, 0.6276131868362427, 0.009198145009577274)","(0.509998083114624, 0.6429075598716736, 0.014841506257653236)","(0.5549336671829224, 0.7291922569274902, -0.0004708662745542824)","(0.5283470749855042, 0.7316893339157104, 0.001443119253963232)","(0.5166789293289185, 0.7006245255470276, -0.0006773173226974905)","(0.5114172101020813, 0.6699793338775635, -0.002401502337306738)","(0.5883691906929016, 0.7511501908302307, 0.001639162888750434)","(0.5576094388961792, 0.747505784034729, 0.008462975732982159)","(0.5459729433059692, 0.7153775095939636, 0.00885788258165121)","(0.5414649248123169, 0.6839202642440796, 0.006808507721871138)","(0.6196117997169495, 0.7484498023986816, 0.004698092117905617)","(0.5894123315811157, 0.7503016591072083, 0.008803455159068108)","(0.575966477394104, 0.7217254042625427, 0.006741571705788374)","(0.5715629458427429, 0.6877120733261108, 0.003692045109346509)","(0.6456565856933594, 0.733198881149292, 0.00820961408317089)","(0.6310349106788635, 0.7595398426055908, 0.008994337171316147)","(0.6172506213188171, 0.7421090006828308, 0.009053150191903114)","(0.6086983680725098, 0.7096198201179504, 0.009631778113543987)",Move
2507,"(0.6332293748855591, 0.5366833806037903, -3.380177204803658e-08)","(0.5696219205856323, 0.5392417907714844, 0.0015797223895788193)","(0.5348996520042419, 0.5862498879432678, 0.008393942378461361)","(0.5184144377708435, 0.6284620761871338, 0.017441166564822197)","(0.5079747438430786, 0.6445918679237366, 0.027302870526909828)","(0.5501717925071716, 0.7360938191413879, 0.0016181983519345522)","(0.5264148712158203, 0.7304201126098633, 0.008027314208447933)","(0.5155516862869263, 0.6966150403022766, 0.009288664907217026)","(0.5110286474227905, 0.6660004258155823, 0.009723884053528309)","(0.584779679775238, 0.755564272403717, 0.005852315574884415)","(0.556736171245575, 0.7447876930236816, 0.017603328451514244)","(0.5461592674255371, 0.7106566429138184, 0.020356424152851105)","(0.5425423383712769, 0.6788666248321533, 0.019460519775748253)","(0.6166503429412842, 0.7497422695159912, 0.011451822705566883)","(0.5894261002540588, 0.7458906769752502, 0.01929609850049019)","(0.5762397646903992, 0.7157092690467834, 0.017844844609498978)","(0.5719553232192993, 0.6799822449684143, 0.014865376986563206)","(0.6434705257415771, 0.7322853207588196, 0.017720386385917664)","(0.6301903128623962, 0.7563449740409851, 0.02008841559290886)","(0.6155937314033508, 0.7377543449401855, 0.01974673755466938)","(0.6061009764671326, 0.7035519480705261, 0.02005281299352646)",Move
2508,"(0.6317729353904724, 0.5363733768463135, -1.1509641240081692e-08)","(0.5687248706817627, 0.5390884876251221, 0.0018867497565224767)","(0.5339233875274658, 0.5870680809020996, 0.009483312256634235)","(0.5166432857513428, 0.6296550631523132, 0.019924582913517952)","(0.5057441592216492, 0.6465482711791992, 0.03123263455927372)","(0.5509729981422424, 0.7349295020103455, 0.001480434206314385)","(0.5254268646240234, 0.7307174205780029, 0.009907672181725502)","(0.5137815475463867, 0.6965373754501343, 0.012162436731159687)","(0.5084447264671326, 0.6657750606536865, 0.013107601553201675)","(0.5858415365219116, 0.7544065117835999, 0.006946312729269266)","(0.5553220510482788, 0.7430287599563599, 0.02123875916004181)","(0.5431469678878784, 0.7071013450622559, 0.024903036653995514)","(0.5384756922721863, 0.6744866967201233, 0.024213744327425957)","(0.617143988609314, 0.7482640743255615, 0.014086015522480011)","(0.5872107744216919, 0.7436333298683167, 0.024775782600045204)","(0.5719536542892456, 0.7121050357818604, 0.023590974509716034)","(0.5663338303565979, 0.6748065948486328, 0.020075999200344086)","(0.642890989780426, 0.7309374809265137, 0.021988721564412117)","(0.6281408071517944, 0.7541836500167847, 0.02602463960647583)","(0.6123420000076294, 0.7354978322982788, 0.025463031604886055)","(0.6014896035194397, 0.7008111476898193, 0.02529456466436386)",Move
2509,"(0.6299313902854919, 0.5395209193229675, -1.9463353595483568e-08)","(0.5670638680458069, 0.5402736067771912, -0.0010585045674815774)","(0.5310137271881104, 0.5882368087768555, 0.004915785975754261)","(0.5139422416687012, 0.6295515894889832, 0.013877252116799355)","(0.5019850730895996, 0.6448287963867188, 0.023565227165818214)","(0.5474162101745605, 0.7386294603347778, -0.0021707976702600718)","(0.5220927000045776, 0.7272529006004333, 0.004612285178154707)","(0.5099504590034485, 0.6916455626487732, 0.006354829296469688)","(0.5046030879020691, 0.66068434715271, 0.007056946400552988)","(0.5821564793586731, 0.7558469772338867, 0.0034830747172236443)","(0.5514618754386902, 0.7389748096466064, 0.01563299633562565)","(0.5382604002952576, 0.7022979259490967, 0.01844133250415325)","(0.5329314470291138, 0.6683976650238037, 0.017394162714481354)","(0.6138282418251038, 0.7479611039161682, 0.010540084913372993)","(0.5837146043777466, 0.7382782697677612, 0.018816033378243446)","(0.5671501755714417, 0.7063049077987671, 0.016789929941296577)","(0.560608446598053, 0.6683564782142639, 0.01319290604442358)","(0.6403977274894714, 0.7290423512458801, 0.018057378008961678)","(0.625360369682312, 0.7508770227432251, 0.019993796944618225)","(0.608600378036499, 0.7320098280906677, 0.018620897084474564)","(0.5972482562065125, 0.6964874267578125, 0.018096765503287315)",Move
2510,"(0.6274383068084717, 0.540370762348175, 1.2964386009173268e-08)","(0.5655980110168457, 0.5392263531684875, -0.0037670275196433067)","(0.5297431349754333, 0.5865936279296875, 0.0001770404342096299)","(0.5134192109107971, 0.6283944845199585, 0.007420883048325777)","(0.49912670254707336, 0.6449595093727112, 0.015405086800456047)","(0.5475280284881592, 0.7349393963813782, -0.007191467098891735)","(0.5207133293151855, 0.7254828810691833, -0.003730348777025938)","(0.5072254538536072, 0.6895948648452759, -0.003509027184918523)","(0.501193642616272, 0.6573654413223267, -0.0035450947470963)","(0.5817053914070129, 0.7530757188796997, -0.0013880814658477902)","(0.5495733618736267, 0.7378383278846741, 0.006623721681535244)","(0.535028338432312, 0.6999981999397278, 0.008851809427142143)","(0.5290615558624268, 0.6645941734313965, 0.008114204742014408)","(0.6126539707183838, 0.7463222742080688, 0.005536850541830063)","(0.5820167064666748, 0.7384653091430664, 0.010156145319342613)","(0.564710259437561, 0.7048476338386536, 0.008551211096346378)","(0.5573657751083374, 0.6661142110824585, 0.00594945065677166)","(0.638681948184967, 0.7273715138435364, 0.01273045502603054)","(0.6222816705703735, 0.7478671073913574, 0.01183555368334055)","(0.6054098010063171, 0.727656364440918, 0.01034615095704794)","(0.5942282676696777, 0.6923667788505554, 0.010204695165157318)",Move
2511,"(0.6268619894981384, 0.5412896871566772, 3.936724013442472e-08)","(0.5651785135269165, 0.538339376449585, -0.006979413330554962)","(0.5283974409103394, 0.5865171551704407, -0.005556704942137003)","(0.5118816494941711, 0.627902626991272, -0.0006137602031230927)","(0.4972863793373108, 0.6456072926521301, 0.004832230508327484)","(0.5471768975257874, 0.7331114411354065, -0.012807715684175491)","(0.519041895866394, 0.7236069440841675, -0.013263603672385216)","(0.5049487948417664, 0.6887302994728088, -0.015645144507288933)","(0.49838536977767944, 0.6576777696609497, -0.01734120026230812)","(0.581344723701477, 0.7533889412879944, -0.006806924473494291)","(0.5471720099449158, 0.7353155016899109, -0.002424057573080063)","(0.5315799117088318, 0.6974812746047974, -0.001234850729815662)","(0.5253267288208008, 0.6621169447898865, -0.002467510988935828)","(0.6120611429214478, 0.7485541105270386, -6.833145744167268e-05)","(0.579023540019989, 0.7374650239944458, 0.0015875253593549132)","(0.5605235695838928, 0.7032206654548645, 6.567584205185995e-05)","(0.5523597598075867, 0.664657473564148, -0.0022400617599487305)","(0.6377246379852295, 0.7312020659446716, 0.006581665016710758)","(0.617174506187439, 0.7447153925895691, 0.003681502304971218)","(0.5997753739356995, 0.7215589284896851, 0.0019615963101387024)","(0.5892385840415955, 0.6857221126556396, 0.0016954990569502115)",Move
2512,"(0.6260400414466858, 0.5430475473403931, 1.7531723628394502e-08)","(0.5643745064735413, 0.5409758687019348, -0.006379999220371246)","(0.527677059173584, 0.5875620245933533, -0.003978255670517683)","(0.5110999941825867, 0.6284569501876831, 0.00213261297903955)","(0.4975058436393738, 0.644324779510498, 0.009187049232423306)","(0.545215904712677, 0.7369756698608398, -0.010555515997111797)","(0.5181832313537598, 0.7270785570144653, -0.008552012033760548)","(0.5049232244491577, 0.6901657581329346, -0.008902722969651222)","(0.4994186758995056, 0.6576226949691772, -0.009201965294778347)","(0.5793393850326538, 0.754718542098999, -0.0040207128040492535)","(0.5466538071632385, 0.7385305762290955, 0.002430627355352044)","(0.5319644212722778, 0.7003030180931091, 0.00417920621111989)","(0.5263089537620544, 0.6644545793533325, 0.003251499729231)","(0.6100322604179382, 0.7479214072227478, 0.0034352114889770746)","(0.5785755515098572, 0.7384998202323914, 0.006737975403666496)","(0.5608664155006409, 0.7050327658653259, 0.004808630328625441)","(0.5532394647598267, 0.6662043333053589, 0.0021466820035129786)","(0.6357084512710571, 0.7292622327804565, 0.010921383276581764)","(0.6172246932983398, 0.74532550573349, 0.009419631212949753)","(0.6003512144088745, 0.7234979867935181, 0.00776806753128767)","(0.5896846055984497, 0.6878923773765564, 0.00744963064789772)",Move
2513,"(0.6253558397293091, 0.5430724620819092, 1.0031411257216405e-08)","(0.5637629628181458, 0.5413233637809753, -0.005989697761833668)","(0.5275644659996033, 0.5876073241233826, -0.0030176627915352583)","(0.5107303261756897, 0.6286930441856384, 0.0044477228075265884)","(0.4991564154624939, 0.6445645689964294, 0.012915028259158134)","(0.545620858669281, 0.7373949289321899, -0.013365725986659527)","(0.5194298624992371, 0.7279079556465149, -0.009973167441785336)","(0.5057852864265442, 0.6913997530937195, -0.008843300864100456)","(0.49976304173469543, 0.6588155031204224, -0.008220120333135128)","(0.5797176957130432, 0.7542545199394226, -0.0057872263714671135)","(0.5469080805778503, 0.7387902736663818, 0.0018056674161925912)","(0.5325890779495239, 0.6983559131622314, 0.004514307714998722)","(0.5271878838539124, 0.6613368391990662, 0.004098207224160433)","(0.6100576519966125, 0.7471621632575989, 0.0032841782085597515)","(0.5780529379844666, 0.7353710532188416, 0.008362572640180588)","(0.5611777901649475, 0.6986290216445923, 0.007146733347326517)","(0.5546327233314514, 0.656895101070404, 0.004537642467767)","(0.6352211236953735, 0.7289860844612122, 0.012549486942589283)","(0.6158722639083862, 0.7423646450042725, 0.01204722747206688)","(0.5997279286384583, 0.7196420431137085, 0.010431773960590363)","(0.5898143649101257, 0.6847244501113892, 0.009981662034988403)",Move
2514,"(0.6249405741691589, 0.5428322553634644, 8.201589629663886e-09)","(0.5628922581672668, 0.543225109577179, -0.004190060310065746)","(0.5274311304092407, 0.5887510180473328, -0.0005114909145049751)","(0.5104817152023315, 0.62799072265625, 0.007310779299587011)","(0.5005548596382141, 0.645180881023407, 0.016018591821193695)","(0.5456258654594421, 0.7379689812660217, -0.01159617304801941)","(0.5195358991622925, 0.7275001406669617, -0.008088073693215847)","(0.5065880417823792, 0.6921137571334839, -0.00751118827611208)","(0.5006123185157776, 0.6615697145462036, -0.007397728506475687)","(0.580113410949707, 0.754414439201355, -0.004798822570592165)","(0.5475335717201233, 0.7375991344451904, 0.003126396331936121)","(0.5335718989372253, 0.6979167461395264, 0.00551006942987442)","(0.5282114148139954, 0.6618967056274414, 0.004676524084061384)","(0.6107445955276489, 0.7469024062156677, 0.003604441648349166)","(0.5784947872161865, 0.7340739965438843, 0.009336765855550766)","(0.5617172122001648, 0.6981937885284424, 0.007980549708008766)","(0.5551067590713501, 0.6575343012809753, 0.005045959260314703)","(0.6357611417770386, 0.7285522222518921, 0.012325800955295563)","(0.6159371733665466, 0.7408339381217957, 0.01261956337839365)","(0.5994281768798828, 0.7184520363807678, 0.011112155392765999)","(0.5890718698501587, 0.6834401488304138, 0.010534198023378849)",Move
2515,"(0.6256913542747498, 0.5414815545082092, 1.72216250149404e-08)","(0.5635472536087036, 0.5429182648658752, -0.003981573972851038)","(0.5275956988334656, 0.5889922380447388, -0.0009835449745878577)","(0.5097595453262329, 0.6283348798751831, 0.005820948630571365)","(0.49813365936279297, 0.6436150074005127, 0.01342936884611845)","(0.5462526679039001, 0.7354403138160706, -0.011047866195440292)","(0.5198330879211426, 0.7262970209121704, -0.008770103566348553)","(0.5068902373313904, 0.6930614113807678, -0.009287962689995766)","(0.5006757974624634, 0.6638656258583069, -0.00986426416784525)","(0.580524742603302, 0.7540225982666016, -0.004925829358398914)","(0.5475158095359802, 0.736524760723114, 0.00186334946192801)","(0.5331804752349854, 0.6979427933692932, 0.003770761890336871)","(0.5276179313659668, 0.6631292700767517, 0.002841070294380188)","(0.6106314659118652, 0.7485753297805786, 0.0026569212786853313)","(0.5776630640029907, 0.7357649803161621, 0.007748738396912813)","(0.5598846673965454, 0.7009109258651733, 0.006486819591373205)","(0.5522449612617493, 0.6622953414916992, 0.00373749784193933)","(0.6350988745689392, 0.7318083047866821, 0.010497390292584896)","(0.614169716835022, 0.741202712059021, 0.011234673671424389)","(0.5975699424743652, 0.7183377742767334, 0.010296308435499668)","(0.5875219106674194, 0.684374213218689, 0.010060801170766354)",Move
2516,"(0.6256374716758728, 0.540536642074585, 6.61077859120951e-09)","(0.5633138418197632, 0.5416944026947021, 0.0008187066996470094)","(0.5276273488998413, 0.5879020690917969, 0.00630154786631465)","(0.5095693469047546, 0.6292694211006165, 0.014523399993777275)","(0.49973925948143005, 0.6466985940933228, 0.02338685281574726)","(0.5446462035179138, 0.7329750061035156, -0.0034432304091751575)","(0.519176185131073, 0.7261656522750854, 0.0020170172210782766)","(0.5072457790374756, 0.6933808922767639, 0.0029718936420977116)","(0.5017299056053162, 0.6644160151481628, 0.003097392152994871)","(0.5786839127540588, 0.7558462619781494, 0.0011721355840563774)","(0.547785222530365, 0.7399004697799683, 0.011672005988657475)","(0.5351661443710327, 0.7025420069694519, 0.014399579726159573)","(0.530673086643219, 0.6688637733459473, 0.013528565876185894)","(0.6089982390403748, 0.7532899379730225, 0.007563034072518349)","(0.5778721570968628, 0.7404110431671143, 0.015721170231699944)","(0.5618281960487366, 0.7055258750915527, 0.014606975950300694)","(0.5558406114578247, 0.6665676832199097, 0.011369532905519009)","(0.6336890459060669, 0.738732099533081, 0.014564081095159054)","(0.6134490966796875, 0.74470454454422, 0.017903350293636322)","(0.597321093082428, 0.7197263836860657, 0.017704570665955544)","(0.5881808996200562, 0.6829832792282104, 0.017677905037999153)",Move
2517,"(0.6264051795005798, 0.5405528545379639, -5.805917413503892e-10)","(0.5636561512947083, 0.5430068373680115, 0.0027085638139396906)","(0.5287367701530457, 0.587745726108551, 0.00897429883480072)","(0.5110107660293579, 0.6279535293579102, 0.01798524707555771)","(0.5016134977340698, 0.64515620470047, 0.027543650940060616)","(0.5448998212814331, 0.733181357383728, -0.0035361768677830696)","(0.5193513631820679, 0.7250486612319946, 0.0030266111716628075)","(0.5070801377296448, 0.6926688551902771, 0.004975324962288141)","(0.5010010004043579, 0.6638200283050537, 0.005690696183592081)","(0.5789650082588196, 0.7561310529708862, 0.0007432653801515698)","(0.5477889776229858, 0.7383465766906738, 0.012965927831828594)","(0.5353639125823975, 0.7007184624671936, 0.016690991818904877)","(0.5306032299995422, 0.6676367521286011, 0.016073504462838173)","(0.6092813611030579, 0.7537802457809448, 0.007191434968262911)","(0.5779397487640381, 0.7383104562759399, 0.0171152763068676)","(0.561825156211853, 0.7026805877685547, 0.016680080443620682)","(0.5555824041366577, 0.663493812084198, 0.013410658575594425)","(0.6340067386627197, 0.7400044202804565, 0.0144193759188056)","(0.6147708296775818, 0.7455348372459412, 0.01893116533756256)","(0.5987592339515686, 0.720257043838501, 0.019160596653819084)","(0.5893765091896057, 0.6835097074508667, 0.01923815719783306)",Move
2518,"(0.6263176202774048, 0.5409791469573975, 2.323843695251071e-08)","(0.5635814070701599, 0.5445290803909302, 0.0009425985626876354)","(0.5285321474075317, 0.5899471044540405, 0.005923498421907425)","(0.5112572312355042, 0.6302577257156372, 0.014007325284183025)","(0.5012816786766052, 0.6481870412826538, 0.02271847426891327)","(0.5467270612716675, 0.7353864908218384, -0.006496211048215628)","(0.5202264785766602, 0.72807776927948, -0.001765735330991447)","(0.5076704025268555, 0.6946879625320435, -0.0009920084848999977)","(0.5015819668769836, 0.6653287410736084, -0.0008650561794638634)","(0.5808956027030945, 0.7567520141601562, -0.0019667535088956356)","(0.5475989580154419, 0.7424154877662659, 0.008076373487710953)","(0.5331870317459106, 0.7054938077926636, 0.011126615107059479)","(0.5273618102073669, 0.6717901825904846, 0.010377745144069195)","(0.6110373735427856, 0.7534903287887573, 0.004607999697327614)","(0.5767697095870972, 0.7423776388168335, 0.012757488526403904)","(0.5580443739891052, 0.7072810530662537, 0.012415562756359577)","(0.5497706532478333, 0.6679372191429138, 0.009540259838104248)","(0.6353901028633118, 0.7383303046226501, 0.011866402812302113)","(0.6137710213661194, 0.7480146288871765, 0.015110418200492859)","(0.5959333181381226, 0.7232344150543213, 0.015396377071738243)","(0.5849756002426147, 0.6862016320228577, 0.015659650787711143)",Move
2519,"(0.6263396739959717, 0.5423359870910645, 8.859900368918261e-09)","(0.5636839270591736, 0.5427677035331726, 0.0011882830876857042)","(0.5280458331108093, 0.5899341106414795, 0.007549520116299391)","(0.5104988217353821, 0.6292095184326172, 0.016001490876078606)","(0.5003504753112793, 0.6453132629394531, 0.024850277230143547)","(0.5444881319999695, 0.7367458343505859, 0.0021349512971937656)","(0.5183088779449463, 0.7237915396690369, 0.00889662466943264)","(0.506562352180481, 0.6892164349555969, 0.009414398111402988)","(0.5002521872520447, 0.6607280373573303, 0.00881363544613123)","(0.5784398913383484, 0.75985187292099, 0.00623814994469285)","(0.5467702746391296, 0.7343979477882385, 0.018223052844405174)","(0.5338547229766846, 0.6961531639099121, 0.02001080848276615)","(0.5286867618560791, 0.6631816625595093, 0.018194757401943207)","(0.608913004398346, 0.7567937970161438, 0.011712330393493176)","(0.5763278603553772, 0.7367304563522339, 0.020126361399888992)","(0.5598359107971191, 0.7010446786880493, 0.017889656126499176)","(0.553394615650177, 0.6634148359298706, 0.013936985284090042)","(0.6335235238075256, 0.7423726320266724, 0.01770426146686077)","(0.6118114590644836, 0.7456271648406982, 0.02065041847527027)","(0.5948753356933594, 0.7201634049415588, 0.019694698974490166)","(0.5851818323135376, 0.6833006739616394, 0.01915796473622322)",Position
2520,"(0.6261482238769531, 0.5421597361564636, 1.5560972954631325e-08)","(0.5629628896713257, 0.5459375977516174, 0.0018310430459678173)","(0.5273899435997009, 0.591436505317688, 0.009575565345585346)","(0.5093501210212708, 0.6319974064826965, 0.02058129757642746)","(0.49852412939071655, 0.6461775302886963, 0.0324677936732769)","(0.5440585613250732, 0.7396210432052612, 0.0008799516945146024)","(0.5179846882820129, 0.7231355905532837, 0.01094354409724474)","(0.5060864090919495, 0.6876986026763916, 0.014819751493632793)","(0.4999963343143463, 0.6587448716163635, 0.01661493442952633)","(0.5785890221595764, 0.7596498727798462, 0.006865919101983309)","(0.5456933379173279, 0.7373701333999634, 0.020631548017263412)","(0.5318776369094849, 0.6986094117164612, 0.023627929389476776)","(0.5258712768554688, 0.6643255949020386, 0.022823110222816467)","(0.6086594462394714, 0.7545114159584045, 0.014983974397182465)","(0.5751441717147827, 0.736936628818512, 0.025796199217438698)","(0.5570569634437561, 0.7004961371421814, 0.023836178705096245)","(0.5492581129074097, 0.6603577733039856, 0.019929390400648117)","(0.6331992149353027, 0.7386812567710876, 0.02395952120423317)","(0.611896812915802, 0.7441322803497314, 0.02914799563586712)","(0.5941087603569031, 0.7197770476341248, 0.02848835289478302)","(0.5826109051704407, 0.6833402514457703, 0.028072558343410492)",Position
2521,"(0.6244767308235168, 0.5444134473800659, 2.1224613178105756e-08)","(0.5624643564224243, 0.5459972620010376, 0.0015404163859784603)","(0.5271986722946167, 0.5907645225524902, 0.008001904003322124)","(0.5096035003662109, 0.6307268738746643, 0.017067192122340202)","(0.4981093108654022, 0.6445683240890503, 0.0268965195864439)","(0.5431383848190308, 0.7385396957397461, 0.0013267550384625793)","(0.5168429613113403, 0.7237271666526794, 0.009223288856446743)","(0.5051490664482117, 0.687838613986969, 0.011703209020197392)","(0.4992733895778656, 0.6579324007034302, 0.012799813412129879)","(0.577045738697052, 0.7597777843475342, 0.005962719675153494)","(0.5451751351356506, 0.7394366264343262, 0.017844844609498978)","(0.5318167209625244, 0.7019578814506531, 0.020648466423153877)","(0.5259737968444824, 0.6681593060493469, 0.02012089639902115)","(0.6076259613037109, 0.7560660243034363, 0.012284369207918644)","(0.5750882625579834, 0.7426506876945496, 0.020900603383779526)","(0.5571365356445312, 0.7091290354728699, 0.019357748329639435)","(0.5491214990615845, 0.670823872089386, 0.016342924907803535)","(0.632964551448822, 0.7407684922218323, 0.019329069182276726)","(0.6144980192184448, 0.7511013150215149, 0.02317175827920437)","(0.5973540544509888, 0.7283395528793335, 0.023083679378032684)","(0.5862818360328674, 0.6921752691268921, 0.023452917113900185)",Position
2522,"(0.6248456835746765, 0.544285774230957, 2.1640580882831273e-08)","(0.5621552467346191, 0.5455173850059509, 0.00110380700789392)","(0.5263898372650146, 0.5899506211280823, 0.00671226903796196)","(0.5085901021957397, 0.629771888256073, 0.015022697858512402)","(0.49971920251846313, 0.646324098110199, 0.023980511352419853)","(0.5435057282447815, 0.7360364198684692, -0.002395654795691371)","(0.5171024799346924, 0.7254222631454468, 0.0031108849216252565)","(0.5054012537002563, 0.691847562789917, 0.00390307093039155)","(0.4997415244579315, 0.6633384823799133, 0.003991406410932541)","(0.5776550769805908, 0.7584989666938782, 0.0018752428004518151)","(0.5459654331207275, 0.7426263093948364, 0.01202427502721548)","(0.5326740741729736, 0.7071351408958435, 0.014738381840288639)","(0.5275360345840454, 0.6745723485946655, 0.01415109634399414)","(0.6084126234054565, 0.7554845809936523, 0.007832723669707775)","(0.5762262344360352, 0.7454348206520081, 0.015287312678992748)","(0.558959424495697, 0.7132377028465271, 0.014375483617186546)","(0.5519593954086304, 0.6766576766967773, 0.011821755208075047)","(0.6334329843521118, 0.7403349876403809, 0.01445577759295702)","(0.6149306297302246, 0.7538743615150452, 0.017611902207136154)","(0.5980280637741089, 0.7330881357192993, 0.017813747748732567)","(0.5874866247177124, 0.6981608867645264, 0.018339363858103752)",Position
2523,"(0.6251800060272217, 0.542992115020752, 2.1614245948597954e-09)","(0.5627377033233643, 0.5450325012207031, 0.0016138068167492747)","(0.5270864963531494, 0.5891902446746826, 0.009025250561535358)","(0.5088872313499451, 0.6289659142494202, 0.0197828970849514)","(0.4996139109134674, 0.6439641714096069, 0.031531043350696564)","(0.5427576303482056, 0.7385162115097046, -0.0006160876364447176)","(0.5178197026252747, 0.7253177762031555, 0.008067394606769085)","(0.5059428215026855, 0.6918259859085083, 0.010992452502250671)","(0.4999755024909973, 0.6630484461784363, 0.012373234145343304)","(0.5769874453544617, 0.7600015997886658, 0.005208746064454317)","(0.5456599593162537, 0.7405353784561157, 0.01823412999510765)","(0.5320701599121094, 0.7030532360076904, 0.02156006544828415)","(0.5263209342956543, 0.6695868968963623, 0.021125489845871925)","(0.6073947548866272, 0.7561338543891907, 0.013040810823440552)","(0.5761231184005737, 0.7418321967124939, 0.02334151417016983)","(0.5587636828422546, 0.7073913216590881, 0.021997980773448944)","(0.5514116883277893, 0.6689506769180298, 0.018728630617260933)","(0.6323671936988831, 0.7410137057304382, 0.021646467968821526)","(0.614280104637146, 0.751679003238678, 0.02687356434762478)","(0.5979888439178467, 0.7291549444198608, 0.026826083660125732)","(0.587559700012207, 0.6933335661888123, 0.026957081630825996)",Position
2524,"(0.6248890161514282, 0.5444079637527466, 1.4208205278976038e-08)","(0.5622416734695435, 0.5461258888244629, 0.0006930847885087132)","(0.5260007977485657, 0.5903735756874084, 0.006643826141953468)","(0.5079269409179688, 0.6297914385795593, 0.015440319664776325)","(0.4983731210231781, 0.6435040831565857, 0.02504400722682476)","(0.5417140126228333, 0.7390602827072144, -0.0005605550250038505)","(0.5160271525382996, 0.7214149236679077, 0.006600001361221075)","(0.5043821334838867, 0.6860350370407104, 0.008199441246688366)","(0.49856817722320557, 0.6575052738189697, 0.008556168526411057)","(0.5759766101837158, 0.7603130340576172, 0.004286352079361677)","(0.5443432927131653, 0.7368102073669434, 0.015266736969351768)","(0.530879557132721, 0.6983342170715332, 0.01732276938855648)","(0.5254986882209778, 0.6646345853805542, 0.01621335744857788)","(0.6066178679466248, 0.7562242150306702, 0.010871958918869495)","(0.5745664834976196, 0.7386151552200317, 0.018889212980866432)","(0.5567007064819336, 0.7032222747802734, 0.016939491033554077)","(0.549226701259613, 0.6643146276473999, 0.01367315836250782)","(0.6316925287246704, 0.7405592203140259, 0.018114201724529266)","(0.6121388673782349, 0.7480692863464355, 0.02170184627175331)","(0.5948663949966431, 0.724649965763092, 0.021395351737737656)","(0.5840530395507812, 0.6883244514465332, 0.021492235362529755)",Position
2525,"(0.6239451169967651, 0.5431710481643677, 2.2629700779930317e-08)","(0.5614863634109497, 0.5457320213317871, -0.00220043258741498)","(0.5250856876373291, 0.5900987982749939, 0.0012631673598662019)","(0.5070861577987671, 0.6290845274925232, 0.007756662555038929)","(0.4970601797103882, 0.6423578858375549, 0.01485784538090229)","(0.5423659086227417, 0.73955899477005, -0.005750497803092003)","(0.5153799057006836, 0.7169875502586365, -0.0007991750026121736)","(0.5033349990844727, 0.6801824569702148, -0.00041201201383955777)","(0.4973710775375366, 0.6520006060600281, -0.0010062328074127436)","(0.5762649774551392, 0.7613871693611145, -0.0008903701091185212)","(0.5434776544570923, 0.7310011982917786, 0.007595000322908163)","(0.5298120975494385, 0.6909092664718628, 0.008689569309353828)","(0.5246878266334534, 0.6572448015213013, 0.006873943377286196)","(0.6066463589668274, 0.7573918104171753, 0.005544757936149836)","(0.5731695890426636, 0.7340545058250427, 0.01103807333856821)","(0.555138111114502, 0.6969156861305237, 0.008523939177393913)","(0.5478788614273071, 0.6582343578338623, 0.005019961856305599)","(0.6316852569580078, 0.7415488958358765, 0.012406880035996437)","(0.6109902262687683, 0.7468063235282898, 0.013703580014407635)","(0.5932878255844116, 0.7220531105995178, 0.012755999341607094)","(0.5826271176338196, 0.6855659484863281, 0.012495716102421284)",Position
2526,"(0.6230407953262329, 0.5449808835983276, 2.356053485641496e-08)","(0.5613422393798828, 0.5459736585617065, -0.005106708500534296)","(0.52443927526474, 0.5899328589439392, -0.0023385039530694485)","(0.5066568851470947, 0.6287877559661865, 0.004293469712138176)","(0.49768081307411194, 0.6393016576766968, 0.011829100549221039)","(0.5421109199523926, 0.7413421869277954, -0.009670962579548359)","(0.5150237679481506, 0.7203576564788818, -0.006083535496145487)","(0.5024796724319458, 0.682960033416748, -0.005929578561335802)","(0.49667054414749146, 0.6533364653587341, -0.006188951898366213)","(0.5758883953094482, 0.7597054243087769, -0.0033828041050583124)","(0.5425085425376892, 0.7362728118896484, 0.0032581829000264406)","(0.5277751684188843, 0.6974254250526428, 0.004559734836220741)","(0.5221026539802551, 0.6625092029571533, 0.0035800421610474586)","(0.6062325835227966, 0.7537938952445984, 0.004259504843503237)","(0.5732742547988892, 0.739905834197998, 0.008427290245890617)","(0.5545926690101624, 0.7063298225402832, 0.0060464171692729)","(0.5465062856674194, 0.6688055396080017, 0.0032723061740398407)","(0.6313568353652954, 0.7362313866615295, 0.012113996781408787)","(0.6127686500549316, 0.7503588199615479, 0.012775318697094917)","(0.5959157943725586, 0.7307380437850952, 0.011768673546612263)","(0.5853016376495361, 0.6975858807563782, 0.011725030839443207)",Position
2527,"(0.6230851411819458, 0.5444872975349426, 1.1709141212179475e-08)","(0.5602754950523376, 0.5442954301834106, -0.0032735937274992466)","(0.523197591304779, 0.5872993469238281, 0.00012289531878195703)","(0.5056574940681458, 0.6253517270088196, 0.006953544914722443)","(0.4988003671169281, 0.6406641006469727, 0.014503274112939835)","(0.5402977466583252, 0.7376981377601624, -0.008286185562610626)","(0.5153191089630127, 0.7196410894393921, -0.004979363176971674)","(0.503319501876831, 0.685015857219696, -0.0054806494154036045)","(0.4974279999732971, 0.6577083468437195, -0.006383555941283703)","(0.5746060013771057, 0.7588709592819214, -0.0029133090283721685)","(0.5431628823280334, 0.7343302965164185, 0.004680858459323645)","(0.5301238298416138, 0.697037935256958, 0.006204650271683931)","(0.5256575345993042, 0.6650404334068298, 0.004780363291501999)","(0.6055790781974792, 0.7550674676895142, 0.003896949579939246)","(0.5735442042350769, 0.7370381951332092, 0.008884957991540432)","(0.5570060610771179, 0.7021226286888123, 0.007194087374955416)","(0.550491452217102, 0.6651771068572998, 0.004359902814030647)","(0.6308476328849792, 0.7391307950019836, 0.01097685657441616)","(0.6106367111206055, 0.7474887371063232, 0.011945701204240322)","(0.593928337097168, 0.7248756289482117, 0.011292442679405212)","(0.5839083194732666, 0.6904773712158203, 0.011292750015854836)",Position
2528,"(0.6226849555969238, 0.5424734354019165, 8.657074501705608e-10)","(0.5608310103416443, 0.5423632860183716, -0.0011040815152227879)","(0.5241982340812683, 0.5855465531349182, 0.004238175693899393)","(0.5057007074356079, 0.6244173645973206, 0.01299913041293621)","(0.4964139759540558, 0.6381585597991943, 0.022778304293751717)","(0.5382778644561768, 0.7355290055274963, -0.004818047396838665)","(0.513573169708252, 0.7210948467254639, 0.0018705576658248901)","(0.501821756362915, 0.6865782141685486, 0.0046684835106134415)","(0.49663466215133667, 0.6575364470481873, 0.006292871665209532)","(0.572084903717041, 0.7558024525642395, 0.0007413608254864812)","(0.5409972667694092, 0.7394890189170837, 0.01092411857098341)","(0.5277236104011536, 0.7034918069839478, 0.014324448071420193)","(0.5228524804115295, 0.6704047322273254, 0.014599710702896118)","(0.6031485795974731, 0.7512180805206299, 0.007986580953001976)","(0.5724819302558899, 0.7431327700614929, 0.014908511191606522)","(0.5554017424583435, 0.7116317749023438, 0.013842044398188591)","(0.548470139503479, 0.675561785697937, 0.011748290620744228)","(0.6292988061904907, 0.7343480587005615, 0.015832848846912384)","(0.6134771108627319, 0.7566266655921936, 0.0186302587389946)","(0.5971717238426208, 0.7394856214523315, 0.0188129935413599)","(0.5867440104484558, 0.7066600322723389, 0.019613632932305336)",Position
2529,"(0.6217359304428101, 0.5421426892280579, 1.672649752038069e-08)","(0.5593153834342957, 0.5426526069641113, -0.002849556738510728)","(0.5228263139724731, 0.586432695388794, 0.0005617426359094679)","(0.5046694278717041, 0.6258098483085632, 0.007617217022925615)","(0.4954978823661804, 0.6386011838912964, 0.015510909259319305)","(0.5387372970581055, 0.7345304489135742, -0.008952341973781586)","(0.5139684081077576, 0.7183585166931152, -0.004411002155393362)","(0.5019884705543518, 0.6828756928443909, -0.003357824170961976)","(0.4965478479862213, 0.6536921262741089, -0.00315146055072546)","(0.5722497701644897, 0.7556771636009216, -0.0033072452060878277)","(0.5413984656333923, 0.7356761693954468, 0.004691126756370068)","(0.528475821018219, 0.6973749399185181, 0.006732920650392771)","(0.5240505337715149, 0.6632367372512817, 0.005910412408411503)","(0.6027926802635193, 0.7526139616966248, 0.0040870304219424725)","(0.5718793272972107, 0.7383431792259216, 0.009419932030141354)","(0.5551356673240662, 0.702726423740387, 0.007731182966381311)","(0.5486438274383545, 0.6638268232345581, 0.004990443121641874)","(0.6282576322555542, 0.7371628880500793, 0.011963387951254845)","(0.6098761558532715, 0.7492458820343018, 0.012856394052505493)","(0.5932593941688538, 0.7253774404525757, 0.012242005206644535)","(0.5832609534263611, 0.6883431673049927, 0.012480662204325199)",Position
2530,"(0.6214383840560913, 0.5405433177947998, 1.5910405437580266e-08)","(0.5593268275260925, 0.5423945188522339, -0.00231356848962605)","(0.5225383639335632, 0.5862194299697876, 0.0010467097163200378)","(0.504640519618988, 0.6263389587402344, 0.007943728007376194)","(0.4959920644760132, 0.6407884359359741, 0.015515176579356194)","(0.5395970344543457, 0.7348578572273254, -0.008819865994155407)","(0.5134264230728149, 0.7153877019882202, -0.003570177825167775)","(0.501217246055603, 0.6783945560455322, -0.0024504594039171934)","(0.49514105916023254, 0.6493313312530518, -0.0025337114930152893)","(0.5733382105827332, 0.7569214105606079, -0.003426849376410246)","(0.5408082008361816, 0.7298036217689514, 0.005509127397090197)","(0.5271283984184265, 0.6886241436004639, 0.0074775549583137035)","(0.5221692323684692, 0.6535906791687012, 0.006112662144005299)","(0.6035835146903992, 0.7540598511695862, 0.003862811019644141)","(0.5702002644538879, 0.7333954572677612, 0.010207118466496468)","(0.5522037148475647, 0.6948171257972717, 0.008479060605168343)","(0.5450122356414795, 0.6544772982597351, 0.005137412343174219)","(0.6283741593360901, 0.739406943321228, 0.011647938750684261)","(0.6071305871009827, 0.7454265356063843, 0.013308743946254253)","(0.5896175503730774, 0.7192787528038025, 0.01273293700069189)","(0.5794367790222168, 0.6817733645439148, 0.012610656209290028)",Position
2531,"(0.6213470697402954, 0.5402600765228271, 1.353808354309649e-08)","(0.5584181547164917, 0.542630672454834, 0.000680034514516592)","(0.5220344066619873, 0.5880448818206787, 0.007242203690111637)","(0.5042614340782166, 0.6275281310081482, 0.016829783096909523)","(0.49468767642974854, 0.6405901908874512, 0.027294494211673737)","(0.5383312702178955, 0.7384163737297058, 0.00022396091662812978)","(0.5124183893203735, 0.7187207937240601, 0.008318696171045303)","(0.5001369118690491, 0.6803030371665955, 0.01043055858463049)","(0.4938969910144806, 0.6493136286735535, 0.011133512482047081)","(0.5725312829017639, 0.7588704228401184, 0.005655412562191486)","(0.5402086973190308, 0.7326242327690125, 0.01775692030787468)","(0.5262729525566101, 0.6913149952888489, 0.019959738478064537)","(0.5204533934593201, 0.6555182933807373, 0.01883234642446041)","(0.6029037833213806, 0.7544306516647339, 0.012877006083726883)","(0.5694678425788879, 0.7343559265136719, 0.021918952465057373)","(0.5512038469314575, 0.6967767477035522, 0.01972242072224617)","(0.5433023571968079, 0.6557596921920776, 0.016035810112953186)","(0.6275708079338074, 0.7386476993560791, 0.020752130076289177)","(0.6057107448577881, 0.7427462339401245, 0.024632686749100685)","(0.5883102416992188, 0.7170777320861816, 0.024000588804483414)","(0.5778003334999084, 0.6799123883247375, 0.02381906844675541)",Position
2532,"(0.6205224990844727, 0.542151689529419, 1.1330524074537607e-08)","(0.5584455728530884, 0.5414949655532837, 0.0004118648066651076)","(0.5224132537841797, 0.5855018496513367, 0.0056586903519928455)","(0.5050268769264221, 0.6243121027946472, 0.013490913435816765)","(0.49711811542510986, 0.6403834819793701, 0.02192748337984085)","(0.5376172065734863, 0.7358389496803284, -0.0017181861912831664)","(0.5121732950210571, 0.717244565486908, 0.004475568886846304)","(0.5003342628479004, 0.6809749603271484, 0.005349218845367432)","(0.4940509498119354, 0.652012050151825, 0.005105210933834314)","(0.5712905526161194, 0.7588194608688354, 0.0024464824236929417)","(0.5402310490608215, 0.7321078181266785, 0.013118332251906395)","(0.5273130536079407, 0.6932752728462219, 0.015236482955515385)","(0.5223010778427124, 0.6604012846946716, 0.01383598055690527)","(0.6020672917366028, 0.7563923597335815, 0.008214213885366917)","(0.5691429376602173, 0.7362642288208008, 0.015443308278918266)","(0.5521954298019409, 0.7002407312393188, 0.013566458597779274)","(0.5454269051551819, 0.6621733903884888, 0.010201220400631428)","(0.6271339654922485, 0.7420784831047058, 0.014555953443050385)","(0.6049478650093079, 0.7473582029342651, 0.01729838363826275)","(0.5878666639328003, 0.7219226956367493, 0.017096705734729767)","(0.5783426761627197, 0.6845468878746033, 0.017201604321599007)",Position
2533,"(0.6211414337158203, 0.5409376621246338, 2.783839470055227e-08)","(0.5576198101043701, 0.5414385199546814, 0.0018535408889874816)","(0.521405041217804, 0.5860664248466492, 0.007386772893369198)","(0.5036622285842896, 0.6251683235168457, 0.014944130554795265)","(0.4955974221229553, 0.6402722597122192, 0.023018047213554382)","(0.5363574624061584, 0.7345132231712341, 0.0013513750163838267)","(0.5108792781829834, 0.7169888019561768, 0.007865493185818195)","(0.49949562549591064, 0.6800159215927124, 0.008324538357555866)","(0.49350789189338684, 0.6506212949752808, 0.0076386649161577225)","(0.5701028108596802, 0.759492814540863, 0.004805952776223421)","(0.5392135381698608, 0.7332606315612793, 0.016133395954966545)","(0.5265774130821228, 0.6943053603172302, 0.017910517752170563)","(0.5217709541320801, 0.6611528992652893, 0.016180122271180153)","(0.6008589267730713, 0.7585372924804688, 0.009844711050391197)","(0.5677523016929626, 0.7390641570091248, 0.01788993738591671)","(0.5509247779846191, 0.703475832939148, 0.015965765342116356)","(0.5442106127738953, 0.6656873226165771, 0.012311119586229324)","(0.6257166862487793, 0.744890570640564, 0.015518086031079292)","(0.6021574139595032, 0.746232271194458, 0.01919972151517868)","(0.5850070118904114, 0.7198598980903625, 0.019259771332144737)","(0.5759332776069641, 0.6830494403839111, 0.019364699721336365)",Position
2534,"(0.6197983622550964, 0.5416615009307861, 3.402136528052324e-08)","(0.5565615296363831, 0.5434744358062744, -0.0014365313109010458)","(0.5201752185821533, 0.5884865522384644, 0.0017064590938389301)","(0.503240168094635, 0.6278074383735657, 0.00712155643850565)","(0.4974595308303833, 0.643860399723053, 0.01300367433577776)","(0.5362300872802734, 0.7348489165306091, -0.003866974962875247)","(0.5106297135353088, 0.7179422378540039, -7.619973621331155e-05)","(0.49929094314575195, 0.6795095801353455, -0.001094010192900896)","(0.49369218945503235, 0.6490026116371155, -0.002622429747134447)","(0.5693675875663757, 0.7601468563079834, -0.0001244029845111072)","(0.5384722948074341, 0.7336501479148865, 0.008717871271073818)","(0.526299774646759, 0.6941227316856384, 0.009612703695893288)","(0.5227716565132141, 0.6603529453277588, 0.007314339280128479)","(0.5999510288238525, 0.75991290807724, 0.004929895047098398)","(0.5672650337219238, 0.7406100034713745, 0.010540150105953217)","(0.5514388680458069, 0.704286515712738, 0.008159651421010494)","(0.5462201833724976, 0.6658696532249451, 0.004419737029820681)","(0.6248005628585815, 0.7470480799674988, 0.010331861674785614)","(0.6015652418136597, 0.7511494159698486, 0.011528863571584225)","(0.585382342338562, 0.7243858575820923, 0.011018913239240646)","(0.5777266025543213, 0.6868851780891418, 0.010913392528891563)",Position
2535,"(0.6197888255119324, 0.5426692962646484, 2.840582880025977e-08)","(0.5558907985687256, 0.5420637726783752, 0.0019712892826646566)","(0.5199706554412842, 0.5871986150741577, 0.007215762510895729)","(0.503411054611206, 0.6271466612815857, 0.014296895824372768)","(0.496772825717926, 0.6434796452522278, 0.021845323964953423)","(0.5350210070610046, 0.7323105931282043, 0.00032928952714428306)","(0.5113434791564941, 0.7210256457328796, 0.005710116121917963)","(0.5001951456069946, 0.6850058436393738, 0.00563032878562808)","(0.4945271611213684, 0.6553624272346497, 0.004813378676772118)","(0.5684688091278076, 0.7580931782722473, 0.0032875072211027145)","(0.539517343044281, 0.7394450306892395, 0.014476850628852844)","(0.5273431539535522, 0.703716516494751, 0.016968702897429466)","(0.5233780145645142, 0.6721985340118408, 0.015673594549298286)","(0.599296510219574, 0.7588642835617065, 0.0077607822604477406)","(0.5680456161499023, 0.7476903200149536, 0.01569637842476368)","(0.5525227189064026, 0.7149630188941956, 0.015009970404207706)","(0.5471735596656799, 0.6790697574615479, 0.012187088839709759)","(0.6241775155067444, 0.7470673322677612, 0.012806854210793972)","(0.6026792526245117, 0.7567859888076782, 0.016417430713772774)","(0.5869517922401428, 0.7318223714828491, 0.017640158534049988)","(0.5793461203575134, 0.6951680779457092, 0.018660278990864754)",Position
2536,"(0.6192855834960938, 0.5425477623939514, 2.7769910815322874e-08)","(0.5559806227684021, 0.5417029857635498, 0.0016751567600294948)","(0.5203970670700073, 0.5866438746452332, 0.006290202494710684)","(0.5033096671104431, 0.626430869102478, 0.012629741802811623)","(0.4963725805282593, 0.6431387066841125, 0.019332414492964745)","(0.535903811454773, 0.731442928314209, -0.0003446875198278576)","(0.511073648929596, 0.7180405855178833, 0.004091381095349789)","(0.5005272626876831, 0.6828044652938843, 0.003097991459071636)","(0.4952904284000397, 0.6542577743530273, 0.0013775569386780262)","(0.5686930418014526, 0.7592389583587646, 0.002287997165694833)","(0.5386666059494019, 0.7360239624977112, 0.01213320717215538)","(0.5276042222976685, 0.6990923881530762, 0.013457749970257282)","(0.524532675743103, 0.6681046485900879, 0.011186143383383751)","(0.5988812446594238, 0.7615630030632019, 0.006381135433912277)","(0.5660367608070374, 0.7432481646537781, 0.01325076725333929)","(0.5517977476119995, 0.7078638672828674, 0.01176812406629324)","(0.5476089715957642, 0.6720024943351746, 0.008243533782660961)","(0.6231854557991028, 0.750678539276123, 0.011022627353668213)","(0.597682535648346, 0.7518161535263062, 0.013820407912135124)","(0.5822025537490845, 0.7244059443473816, 0.014242450706660748)","(0.5756391882896423, 0.688076913356781, 0.014492247253656387)",Position
2537,"(0.6204232573509216, 0.542598307132721, 3.297284223435781e-08)","(0.5572866201400757, 0.5412353873252869, 0.007699558045715094)","(0.5203809142112732, 0.5869290232658386, 0.016207778826355934)","(0.5029540657997131, 0.6271685361862183, 0.02515310049057007)","(0.49479952454566956, 0.6462790369987488, 0.03435320407152176)","(0.5375351905822754, 0.7290700078010559, 0.010603084228932858)","(0.5112038254737854, 0.7160905599594116, 0.019492771476507187)","(0.4998503029346466, 0.6812230348587036, 0.02094900980591774)","(0.49292856454849243, 0.6532928943634033, 0.020524699240922928)","(0.5690516829490662, 0.7603398561477661, 0.011723569594323635)","(0.5374389290809631, 0.7330946326255798, 0.026218105107545853)","(0.5260896682739258, 0.695125937461853, 0.029124492779374123)","(0.5217999219894409, 0.6646684408187866, 0.027577515691518784)","(0.5969845056533813, 0.7651840448379517, 0.014476969838142395)","(0.5609515309333801, 0.7414728999137878, 0.02447342872619629)","(0.54633629322052, 0.7035568952560425, 0.023417912423610687)","(0.5410797595977783, 0.6675095558166504, 0.019826436415314674)","(0.6184571981430054, 0.7570855021476746, 0.018282942473888397)","(0.5866247415542603, 0.748521089553833, 0.023464806377887726)","(0.5696026682853699, 0.7179068326950073, 0.024333998560905457)","(0.5619636178016663, 0.6813912391662598, 0.024730071425437927)",Position
2538,"(0.61905837059021, 0.5423175692558289, 3.8338757946121405e-08)","(0.5567293763160706, 0.5432950258255005, 0.006418146193027496)","(0.5205526351928711, 0.588849663734436, 0.014704378321766853)","(0.5034341216087341, 0.627475380897522, 0.02439715713262558)","(0.49675634503364563, 0.6474570631980896, 0.03447721153497696)","(0.5388939380645752, 0.7298168540000916, 0.005944707430899143)","(0.5111218690872192, 0.7146465182304382, 0.01553711760789156)","(0.4989392161369324, 0.6767135858535767, 0.018523020669817924)","(0.4922578036785126, 0.6464177370071411, 0.019588172435760498)","(0.5713042616844177, 0.7581989765167236, 0.00850257184356451)","(0.5370076894760132, 0.7316278219223022, 0.024033445864915848)","(0.5237508416175842, 0.690645158290863, 0.028185449540615082)","(0.518886923789978, 0.6566764712333679, 0.027630886062979698)","(0.5999119877815247, 0.760750412940979, 0.013005207292735577)","(0.5628076791763306, 0.7379165887832642, 0.02475961484014988)","(0.5462110042572021, 0.6972659826278687, 0.024581260979175568)","(0.5403356552124023, 0.6572332978248596, 0.02142997272312641)","(0.6225293874740601, 0.7512537837028503, 0.01853110082447529)","(0.5945343375205994, 0.7487660050392151, 0.02475566975772381)","(0.5775162577629089, 0.719127893447876, 0.025879062712192535)","(0.5696808099746704, 0.6806820034980774, 0.0264719370752573)",Position
2539,"(0.6181363463401794, 0.5426398515701294, 4.94279195351055e-09)","(0.5555819272994995, 0.5443520545959473, 0.004234795458614826)","(0.5203816890716553, 0.5898566842079163, 0.010990823619067669)","(0.5029991865158081, 0.6282899975776672, 0.019732315093278885)","(0.4965645372867584, 0.6450600028038025, 0.02868783473968506)","(0.5349633097648621, 0.7367660403251648, 0.0005959676345810294)","(0.5101433396339417, 0.7156103849411011, 0.008576217107474804)","(0.4987088143825531, 0.6779392957687378, 0.010345363058149815)","(0.492485910654068, 0.6492781639099121, 0.010439841076731682)","(0.5686734318733215, 0.761428713798523, 0.0035560138057917356)","(0.5370269417762756, 0.7316717505455017, 0.016853146255016327)","(0.5246196389198303, 0.6915358304977417, 0.019873537123203278)","(0.520190417766571, 0.6582760214805603, 0.01851019822061062)","(0.5993912220001221, 0.7605488300323486, 0.00864158570766449)","(0.5653510093688965, 0.7368814945220947, 0.018620826303958893)","(0.5490671396255493, 0.6983790993690491, 0.017714424058794975)","(0.543083906173706, 0.6591421365737915, 0.014184371568262577)","(0.6246234774589539, 0.7475361824035645, 0.014587304554879665)","(0.5998223423957825, 0.749794602394104, 0.019203955307602882)","(0.5829560160636902, 0.7207924127578735, 0.0199019405990839)","(0.5745218992233276, 0.6809801459312439, 0.020249055698513985)",Position
2540,"(0.6187479496002197, 0.5401347875595093, -4.90562213073531e-09)","(0.5567956566810608, 0.5429140329360962, 0.004570051562041044)","(0.5218260884284973, 0.5900188088417053, 0.013167004100978374)","(0.5035138726234436, 0.62887042760849, 0.024667881429195404)","(0.4978456497192383, 0.6460586786270142, 0.03664807975292206)","(0.5356453657150269, 0.7390696406364441, 0.0015306577552109957)","(0.5113844275474548, 0.7156864404678345, 0.012597281485795975)","(0.4999160170555115, 0.679966151714325, 0.016150977462530136)","(0.4940791726112366, 0.6530064344406128, 0.017223816365003586)","(0.5699018836021423, 0.7603635787963867, 0.006312212441116571)","(0.5385973453521729, 0.7337985038757324, 0.022701073437929153)","(0.525761067867279, 0.6950842142105103, 0.026589181274175644)","(0.52107834815979, 0.6620808839797974, 0.025411264970898628)","(0.60138338804245, 0.7557291984558105, 0.013569880276918411)","(0.5688648223876953, 0.7363744378089905, 0.02670750953257084)","(0.5519105195999146, 0.7017120122909546, 0.02531658485531807)","(0.5459921956062317, 0.6630516052246094, 0.020869789645075798)","(0.6278178095817566, 0.7398545145988464, 0.021854251623153687)","(0.607921302318573, 0.7490963339805603, 0.028540130704641342)","(0.5909915566444397, 0.7257570028305054, 0.02859419584274292)","(0.581585168838501, 0.6881479024887085, 0.028106076642870903)",Release
2541,"(0.6193152666091919, 0.5419666171073914, 1.6248023371190357e-08)","(0.5582870841026306, 0.5466610193252563, -0.0009272722527384758)","(0.52457195520401, 0.5936072468757629, 0.003691952908411622)","(0.506206214427948, 0.6321682929992676, 0.012490222230553627)","(0.49383893609046936, 0.6436631679534912, 0.022162286564707756)","(0.5407962799072266, 0.7363560199737549, -0.012533117085695267)","(0.5150817036628723, 0.7261242866516113, -0.006996301934123039)","(0.5013172626495361, 0.6905456185340881, -0.004140097182244062)","(0.49526306986808777, 0.6597877144813538, -0.0024102928582578897)","(0.5743072032928467, 0.7557061910629272, -0.006132903974503279)","(0.5413281321525574, 0.7467525005340576, 0.004299251828342676)","(0.5269277095794678, 0.7106047868728638, 0.009463844820857048)","(0.5222744941711426, 0.6762002110481262, 0.01039324700832367)","(0.6050121784210205, 0.7513131499290466, 0.0026203691959381104)","(0.5726701021194458, 0.7505725026130676, 0.010920368134975433)","(0.5559039115905762, 0.7201730012893677, 0.01159919984638691)","(0.5504759550094604, 0.6815370917320251, 0.009828082285821438)","(0.6310825347900391, 0.7352554202079773, 0.012093298137187958)","(0.614798903465271, 0.7613955140113831, 0.014611140824854374)","(0.598315417766571, 0.7429132461547852, 0.01486764196306467)","(0.5886600017547607, 0.7068445682525635, 0.015586811117827892)",Release
2542,"(0.6227504014968872, 0.5462573766708374, 1.8804108492531668e-08)","(0.5616868734359741, 0.5452985763549805, -0.005760223139077425)","(0.5248561501502991, 0.5920539498329163, -0.004166868980973959)","(0.505867600440979, 0.6317597031593323, 0.0018961216555908322)","(0.49415555596351624, 0.6456358432769775, 0.008727720007300377)","(0.5404400825500488, 0.7378849387168884, -0.016859794035553932)","(0.5144455432891846, 0.7209389805793762, -0.014737932942807674)","(0.5017261505126953, 0.6853851079940796, -0.014508333057165146)","(0.4962905943393707, 0.6565175652503967, -0.014824909158051014)","(0.5740928649902344, 0.7592686414718628, -0.010226297192275524)","(0.5414392948150635, 0.7418036460876465, -0.004452603869140148)","(0.5271073579788208, 0.7051529288291931, -0.0020102919079363346)","(0.5224233269691467, 0.6702989935874939, -0.0026338829193264246)","(0.6050426363945007, 0.7565702199935913, -0.001822653692215681)","(0.5729087591171265, 0.7477449774742126, 0.0019379957811906934)","(0.5553877353668213, 0.7158631086349487, 0.0010233203647658229)","(0.5492690205574036, 0.6776300072669983, -0.0012658706400543451)","(0.6312701106071472, 0.741299569606781, 0.006806246004998684)","(0.61158287525177, 0.7567998766899109, 0.006286293268203735)","(0.5953822135925293, 0.7336421012878418, 0.005745650269091129)","(0.5869043469429016, 0.6956943273544312, 0.0060104383155703545)",Release
2543,"(0.6226258873939514, 0.5434226989746094, 2.6122211949086704e-08)","(0.561667263507843, 0.5479087829589844, -0.0018929496873170137)","(0.5265713930130005, 0.594423234462738, 0.001653193379752338)","(0.5077168941497803, 0.6330090165138245, 0.008996337652206421)","(0.4940629005432129, 0.6459473371505737, 0.017028940841555595)","(0.5423139929771423, 0.7372302412986755, -0.01206323504447937)","(0.5159679651260376, 0.7251517176628113, -0.007609340362250805)","(0.5022078156471252, 0.6886619925498962, -0.005609679035842419)","(0.4959782361984253, 0.6567683815956116, -0.004480243194848299)","(0.5750159025192261, 0.760198175907135, -0.006247969344258308)","(0.5423723459243774, 0.7480128407478333, 0.002044418826699257)","(0.5282186269760132, 0.7100052833557129, 0.005887899082154036)","(0.5234006643295288, 0.6733595728874207, 0.006362512242048979)","(0.6057302951812744, 0.7592918872833252, 0.001630717539228499)","(0.5743028521537781, 0.7527791261672974, 0.007974875159561634)","(0.5572760105133057, 0.719439685344696, 0.007703003473579884)","(0.5512909293174744, 0.6792436242103577, 0.005606533493846655)","(0.632533848285675, 0.7455992698669434, 0.01006719283759594)","(0.6168962717056274, 0.7652446627616882, 0.011151769198477268)","(0.6012969613075256, 0.7427473664283752, 0.010901161469519138)","(0.5923373103141785, 0.7044466137886047, 0.011455165222287178)",Release
2544,"(0.6232426762580872, 0.5439528822898865, 3.0883493540301288e-09)","(0.5626159310340881, 0.548174262046814, -0.002529362915083766)","(0.5269300937652588, 0.5967938899993896, 0.0007980983355082572)","(0.5079839825630188, 0.6349372267723083, 0.00789735373109579)","(0.49583670496940613, 0.6439266204833984, 0.015683749690651894)","(0.5407994389533997, 0.7439609169960022, -0.01047038659453392)","(0.5134052038192749, 0.7177721858024597, -0.006409996189177036)","(0.5013917088508606, 0.6793046593666077, -0.00664508156478405)","(0.4962562322616577, 0.649732768535614, -0.007878141477704048)","(0.5750608444213867, 0.766202449798584, -0.004902593791484833)","(0.5426419973373413, 0.740666389465332, 0.0029630663339048624)","(0.5299029350280762, 0.6991484761238098, 0.005042752716690302)","(0.5262954831123352, 0.6626033186912537, 0.0037654023617506027)","(0.6072572469711304, 0.7629494667053223, 0.0025460422039031982)","(0.5758107900619507, 0.7476058006286621, 0.008374745026230812)","(0.5592532753944397, 0.7129356265068054, 0.007004714570939541)","(0.554392397403717, 0.6734790205955505, 0.003901843447238207)","(0.6351759433746338, 0.7471713423728943, 0.010389619506895542)","(0.6171374917030334, 0.7601539492607117, 0.011155625805258751)","(0.6020947694778442, 0.7352657914161682, 0.010395240038633347)","(0.5944392085075378, 0.6961827874183655, 0.010179280303418636)",Release
2545,"(0.6256983876228333, 0.5437995791435242, -6.142310660095518e-09)","(0.5651869177818298, 0.5486534833908081, -0.001961097354069352)","(0.5300400257110596, 0.5985555052757263, 0.0011697192676365376)","(0.5104804635047913, 0.6361950039863586, 0.007553303148597479)","(0.4948364496231079, 0.6461209058761597, 0.0144330570474267)","(0.5430958867073059, 0.743277370929718, -0.009825988672673702)","(0.5159807801246643, 0.7212299108505249, -0.007083193864673376)","(0.5030633211135864, 0.6840596199035645, -0.008518463000655174)","(0.4973275661468506, 0.6536040306091309, -0.010269073769450188)","(0.5771355628967285, 0.7664849162101746, -0.005034277681261301)","(0.5457004308700562, 0.7470535039901733, 0.0026060205418616533)","(0.5335880517959595, 0.7069790959358215, 0.004502756521105766)","(0.5305655598640442, 0.6697892546653748, 0.0031367139890789986)","(0.6096158027648926, 0.764147162437439, 0.001459971652366221)","(0.5793508887290955, 0.755066454410553, 0.007118314038962126)","(0.563833475112915, 0.722171425819397, 0.005630967672914267)","(0.5596506595611572, 0.6817463636398315, 0.0024618320167064667)","(0.6378946304321289, 0.7485312819480896, 0.008331095799803734)","(0.6225622296333313, 0.7683722972869873, 0.008423103019595146)","(0.6072958111763, 0.7464251518249512, 0.007342946715652943)","(0.5993504524230957, 0.7077323198318481, 0.007066605146974325)",Reach
2546,"(0.6294106841087341, 0.5462866425514221, 1.777999081298276e-08)","(0.5694510340690613, 0.5502849817276001, -0.004923336673527956)","(0.5330020785331726, 0.6031734347343445, -0.0017971942434087396)","(0.5135672688484192, 0.6415772438049316, 0.005722862668335438)","(0.49650198221206665, 0.6482993364334106, 0.014031718485057354)","(0.5486433506011963, 0.7488412857055664, -0.013083030469715595)","(0.5197663307189941, 0.7240144610404968, -0.008299143053591251)","(0.5049719214439392, 0.6860712766647339, -0.0066504026763141155)","(0.498266339302063, 0.6543938517570496, -0.0062454137951135635)","(0.5824936628341675, 0.7690750360488892, -0.0063237682916224)","(0.5487737655639648, 0.7511578798294067, 0.0012014767853543162)","(0.5334011316299438, 0.7110732793807983, 0.004263896495103836)","(0.5282219052314758, 0.6726244688034058, 0.004156589508056641)","(0.6143033504486084, 0.7642738819122314, 0.0021471381187438965)","(0.5822006464004517, 0.7596490383148193, 0.00633410457521677)","(0.5638786554336548, 0.7264536023139954, 0.004477823153138161)","(0.5578742623329163, 0.6853087544441223, 0.001736535457894206)","(0.6423251628875732, 0.747015655040741, 0.01106285024434328)","(0.6270559430122375, 0.7738426923751831, 0.009728933684527874)","(0.6111119389533997, 0.7545479536056519, 0.008040611632168293)","(0.6028846502304077, 0.7174338698387146, 0.007639996241778135)",Reach
2547,"(0.632401704788208, 0.5469492077827454, 4.8411969544304156e-08)","(0.5719565749168396, 0.5506269931793213, -0.0061485604383051395)","(0.5351393222808838, 0.6059899926185608, -0.004347355104982853)","(0.5149295926094055, 0.6463522911071777, 0.001408369978889823)","(0.498783141374588, 0.6535234451293945, 0.007527056150138378)","(0.5522329211235046, 0.7509743571281433, -0.012309032492339611)","(0.5230700969696045, 0.7281515598297119, -0.009986585937440395)","(0.5085258483886719, 0.6927660703659058, -0.01159424427896738)","(0.5014329552650452, 0.6627606153488159, -0.013567204587161541)","(0.5858334898948669, 0.77281254529953, -0.006018416024744511)","(0.5518994331359863, 0.7557551860809326, 5.3781564929522574e-05)","(0.5364314913749695, 0.7167769074440002, 0.001744610257446766)","(0.5310907363891602, 0.6793786287307739, 0.000746722100302577)","(0.6178058981895447, 0.7687376737594604, 0.0014887903816998005)","(0.5860891938209534, 0.7658379673957825, 0.004812988452613354)","(0.5669102668762207, 0.7346386313438416, 0.003012353088706732)","(0.5600854158401489, 0.6958303451538086, 0.000239802262512967)","(0.6461041569709778, 0.7513308525085449, 0.009141569957137108)","(0.6312946081161499, 0.7778760194778442, 0.00712081603705883)","(0.6148692965507507, 0.7594305276870728, 0.005545887630432844)","(0.6061198115348816, 0.7239524722099304, 0.0052299946546554565)",Reach
2548,"(0.6374700665473938, 0.5482324361801147, 4.0697710090853434e-08)","(0.576689600944519, 0.5502487421035767, -0.004004837945103645)","(0.5406873822212219, 0.6069326400756836, -0.0010539480717852712)","(0.5202630758285522, 0.6506742835044861, 0.005587905645370483)","(0.5025138854980469, 0.6569733619689941, 0.012783695943653584)","(0.5553574562072754, 0.7500281929969788, -0.010142448358237743)","(0.5267084836959839, 0.7383085489273071, -0.004241281189024448)","(0.5125595927238464, 0.7047932744026184, -0.0016852825647220016)","(0.50670325756073, 0.6747761368751526, -0.0005479840328916907)","(0.5889918208122253, 0.7735258340835571, -0.004122245591133833)","(0.5557966232299805, 0.7668105959892273, 0.005284768529236317)","(0.541583240032196, 0.7299626469612122, 0.009618007577955723)","(0.5376431345939636, 0.6941962838172913, 0.010571153834462166)","(0.6214191913604736, 0.7707734704017639, 0.003485327586531639)","(0.590600311756134, 0.7773321270942688, 0.009597944095730782)","(0.5734745860099792, 0.7476091384887695, 0.009122025221586227)","(0.5688698291778564, 0.7097122073173523, 0.007164752576500177)","(0.6504908204078674, 0.7538663148880005, 0.01149396039545536)","(0.6371961236000061, 0.7884423732757568, 0.012931258417665958)","(0.6217166185379028, 0.7727015614509583, 0.013348887674510479)","(0.6141800284385681, 0.7390666604042053, 0.014248647727072239)",Reach
2549,"(0.6377161145210266, 0.5478816032409668, 4.673849574032829e-08)","(0.5783942937850952, 0.553154468536377, -0.001167016918770969)","(0.5436778664588928, 0.6117966771125793, 0.002285647438839078)","(0.5240516662597656, 0.6569586396217346, 0.008374828845262527)","(0.5081161856651306, 0.6663270592689514, 0.014387150295078754)","(0.5582174062728882, 0.7529838681221008, -0.005956804845482111)","(0.5299615263938904, 0.7416486144065857, -0.00044749455992132425)","(0.5176248550415039, 0.7089580297470093, -0.0001434543082723394)","(0.5131043791770935, 0.6820193529129028, -0.001023576594889164)","(0.5913500785827637, 0.7768067121505737, -0.002112389076501131)","(0.5582581162452698, 0.7704233527183533, 0.008313359692692757)","(0.5448585152626038, 0.7355060577392578, 0.011564666405320168)","(0.5418619513511658, 0.70257568359375, 0.01086743175983429)","(0.6245484352111816, 0.7742210626602173, 0.0032374768052250147)","(0.5940548777580261, 0.7829330563545227, 0.010290201753377914)","(0.5767552256584167, 0.7548108100891113, 0.009491685777902603)","(0.5725207924842834, 0.7191452383995056, 0.006346692331135273)","(0.6552603840827942, 0.7575873136520386, 0.009126775898039341)","(0.6431688070297241, 0.794934093952179, 0.010866474360227585)","(0.6279172897338867, 0.7799452543258667, 0.011398944072425365)","(0.6205012798309326, 0.7475277185440063, 0.011759503744542599)",Reach
2550,"(0.6433170437812805, 0.5493325591087341, 3.435951256847147e-08)","(0.5834752321243286, 0.5511122941970825, 0.002432785928249359)","(0.548747718334198, 0.6090614795684814, 0.007117501925677061)","(0.5297409296035767, 0.6565958261489868, 0.013198861852288246)","(0.5132098197937012, 0.6689023971557617, 0.01923658512532711)","(0.5614699125289917, 0.7499777674674988, 2.526749813114293e-05)","(0.5316676497459412, 0.7456862926483154, 0.0062860287725925446)","(0.5212664008140564, 0.719146728515625, 0.0077967168763279915)","(0.518417477607727, 0.6948906779289246, 0.00786332692950964)","(0.5943201184272766, 0.7777232527732849, 0.0015212163561955094)","(0.5611043572425842, 0.7768963575363159, 0.010900170542299747)","(0.548774003982544, 0.7478400468826294, 0.014382200315594673)","(0.5460009574890137, 0.717240571975708, 0.014757095836102962)","(0.6273071765899658, 0.7775474786758423, 0.00442709494382143)","(0.5962222814559937, 0.7918010950088501, 0.010069577023386955)","(0.5792001485824585, 0.768757700920105, 0.00994889996945858)","(0.5745851993560791, 0.7373092174530029, 0.008139572106301785)","(0.6581180691719055, 0.7615741491317749, 0.008146710693836212)","(0.6467834711074829, 0.8005765080451965, 0.010155580006539822)","(0.631729245185852, 0.7896568775177002, 0.011759129352867603)","(0.6241557002067566, 0.7605867385864258, 0.013268179260194302)",Reach
2551,"(0.6471967101097107, 0.5442123413085938, 3.129767378595716e-08)","(0.5867183804512024, 0.5527307391166687, 0.00616398174315691)","(0.5536187291145325, 0.6123109459877014, 0.014514024369418621)","(0.5342901349067688, 0.6619885563850403, 0.02453240379691124)","(0.5171977281570435, 0.675758957862854, 0.034822847694158554)","(0.5658578276634216, 0.7541282176971436, 0.006082590203732252)","(0.5362525582313538, 0.7514166235923767, 0.01877383515238762)","(0.5255955457687378, 0.7263987064361572, 0.024793840944767)","(0.5227741003036499, 0.7046869397163391, 0.027676286175847054)","(0.5994597673416138, 0.7792986035346985, 0.008356684818863869)","(0.56536465883255, 0.7807173728942871, 0.02372143603861332)","(0.5525846481323242, 0.7526410818099976, 0.028979578986763954)","(0.5495452880859375, 0.7242196202278137, 0.03015120141208172)","(0.6323765516281128, 0.7759736776351929, 0.012703796848654747)","(0.6007920503616333, 0.7936446070671082, 0.023581216111779213)","(0.5831009149551392, 0.7724391222000122, 0.023417538031935692)","(0.577335774898529, 0.7433810234069824, 0.02087503857910633)","(0.6631979942321777, 0.7569597363471985, 0.018363837152719498)","(0.653067409992218, 0.8028863072395325, 0.02437642216682434)","(0.6372351050376892, 0.797249972820282, 0.02643493376672268)","(0.6271377205848694, 0.7729009389877319, 0.027825983241200447)",Reach
2552,"(0.647933304309845, 0.5453518033027649, 3.298220363490145e-08)","(0.5877399444580078, 0.5563077926635742, 0.007460356689989567)","(0.5560603141784668, 0.6158667802810669, 0.018241822719573975)","(0.5386103987693787, 0.6655308604240417, 0.030578559264540672)","(0.5226778388023376, 0.6793727278709412, 0.043326735496520996)","(0.568682074546814, 0.7592350244522095, 0.011383511126041412)","(0.5392094254493713, 0.756314218044281, 0.028147069737315178)","(0.5285813808441162, 0.732506513595581, 0.03818393498659134)","(0.525798499584198, 0.7113893628120422, 0.04413444548845291)","(0.6021208763122559, 0.7811182141304016, 0.013931666500866413)","(0.5690408945083618, 0.7852554321289062, 0.031364697962999344)","(0.5563076734542847, 0.7606278657913208, 0.03846246376633644)","(0.5537406206130981, 0.7326070666313171, 0.04212900623679161)","(0.6351718306541443, 0.7743682861328125, 0.018546558916568756)","(0.605762243270874, 0.7994016408920288, 0.029876526445150375)","(0.587763249874115, 0.7831199169158936, 0.030333925038576126)","(0.5805520415306091, 0.7579118609428406, 0.029598049819469452)","(0.6660683155059814, 0.7528575658798218, 0.02473609149456024)","(0.6604276299476624, 0.8095022439956665, 0.03050120733678341)","(0.6460522413253784, 0.8148584365844727, 0.032640840858221054)","(0.6353846192359924, 0.8005552291870117, 0.03507164120674133)",Reach
2553,"(0.651574432849884, 0.5443161725997925, -4.285707788653781e-09)","(0.5909484028816223, 0.5526906251907349, 0.012344880029559135)","(0.5578837394714355, 0.6139531135559082, 0.02907208353281021)","(0.5402852892875671, 0.6665266156196594, 0.04798366129398346)","(0.5260449051856995, 0.6879844069480896, 0.0679079070687294)","(0.5720463395118713, 0.7604350447654724, 0.02037682943046093)","(0.5433716177940369, 0.7640074491500854, 0.04508144408464432)","(0.5321410298347473, 0.7367103099822998, 0.060629814863204956)","(0.5280323624610901, 0.7123636603355408, 0.07075174152851105)","(0.6059434413909912, 0.7832239270210266, 0.025610269978642464)","(0.5731491446495056, 0.7840694785118103, 0.053087908774614334)","(0.5579737424850464, 0.7566919326782227, 0.06525654345750809)","(0.552521824836731, 0.7273842096328735, 0.07207219302654266)","(0.6384350657463074, 0.7760887145996094, 0.03354888781905174)","(0.6066434383392334, 0.7932411432266235, 0.05296114459633827)","(0.5877569913864136, 0.7719064354896545, 0.05729599669575691)","(0.5800862908363342, 0.7423009276390076, 0.05915794521570206)","(0.6678602695465088, 0.7551338076591492, 0.04350966960191727)","(0.6616159081459045, 0.8104814887046814, 0.05553059279918671)","(0.6465343236923218, 0.8163973093032837, 0.06050620228052139)","(0.6344947218894958, 0.8020331859588623, 0.06540238112211227)",Reach
2554,"(0.6500664949417114, 0.5445435643196106, 2.928715225891665e-08)","(0.5927631258964539, 0.5520605444908142, 0.011591565795242786)","(0.5570960640907288, 0.6150127053260803, 0.02440076693892479)","(0.5399232506752014, 0.6719448566436768, 0.0374588705599308)","(0.5275270938873291, 0.696941614151001, 0.05078849568963051)","(0.5736210942268372, 0.7544592022895813, 0.020332278683781624)","(0.5435540080070496, 0.7676643133163452, 0.038091711699962616)","(0.5335580110549927, 0.7425949573516846, 0.04776841402053833)","(0.5304791331291199, 0.7168053984642029, 0.05394282191991806)","(0.6065502762794495, 0.7843669056892395, 0.02199159748852253)","(0.5742250084877014, 0.7829627394676208, 0.04321315139532089)","(0.5607866048812866, 0.7533038854598999, 0.05089404433965683)","(0.5563978552818298, 0.7240016460418701, 0.05457251891493797)","(0.6387734413146973, 0.783677339553833, 0.025643015280365944)","(0.6084225177764893, 0.7970022559165955, 0.0396244041621685)","(0.5916457176208496, 0.7704964280128479, 0.04283743351697922)","(0.5871689319610596, 0.739299476146698, 0.04415157437324524)","(0.6686903834342957, 0.7667571306228638, 0.03097667172551155)","(0.6570757627487183, 0.8135767579078674, 0.04050222411751747)","(0.6422314047813416, 0.804813802242279, 0.046843498945236206)","(0.6339583992958069, 0.7783306837081909, 0.05279438942670822)",Reach
2555,"(0.650325357913971, 0.54653000831604, -2.3825288408829692e-08)","(0.591854453086853, 0.5529869794845581, 0.008160711266100407)","(0.557758629322052, 0.6173478364944458, 0.0202607624232769)","(0.5414698719978333, 0.6783811450004578, 0.03424099087715149)","(0.5260506868362427, 0.702280580997467, 0.04900360852479935)","(0.5721727609634399, 0.7544813752174377, 0.01216588169336319)","(0.5430635809898376, 0.766676664352417, 0.02980891987681389)","(0.5345023274421692, 0.7397133111953735, 0.04144027829170227)","(0.5334673523902893, 0.7133298516273499, 0.04928385838866234)","(0.606488049030304, 0.7827180624008179, 0.016146939247846603)","(0.5744370818138123, 0.7873628735542297, 0.03601663559675217)","(0.5618910789489746, 0.7591153383255005, 0.045008741319179535)","(0.559041440486908, 0.7293621897697449, 0.05000922083854675)","(0.6392694115638733, 0.7812132239341736, 0.02232840657234192)","(0.6093151569366455, 0.8038337230682373, 0.03432672098278999)","(0.5929646492004395, 0.7813879251480103, 0.036555565893650055)","(0.589263916015625, 0.7512190341949463, 0.037672996520996094)","(0.6694304347038269, 0.7641608715057373, 0.030344976112246513)","(0.6588818430900574, 0.8228813409805298, 0.037105709314346313)","(0.64369136095047, 0.8203713893890381, 0.04157840833067894)","(0.6346185207366943, 0.7975115776062012, 0.04648357257246971)",Reach
2556,"(0.6495732069015503, 0.5461586713790894, -4.1264865302537146e-08)","(0.5917214751243591, 0.5519819259643555, 0.008407442830502987)","(0.5572041869163513, 0.6155457496643066, 0.019411996006965637)","(0.5414478182792664, 0.6761180758476257, 0.03183950483798981)","(0.5265846252441406, 0.7033289074897766, 0.044684600085020065)","(0.5708600878715515, 0.751836895942688, 0.011105506680905819)","(0.5442185401916504, 0.765636682510376, 0.02700965479016304)","(0.5349816083908081, 0.7402603626251221, 0.037204809486866)","(0.533110499382019, 0.7147125601768494, 0.04400904104113579)","(0.6046230792999268, 0.7791447639465332, 0.01326539646834135)","(0.5733513236045837, 0.7907812595367432, 0.03070761449635029)","(0.5604816675186157, 0.7623109221458435, 0.038249317556619644)","(0.5579416751861572, 0.7322160601615906, 0.04237779602408409)","(0.6375569701194763, 0.7778266072273254, 0.01758703775703907)","(0.6088471412658691, 0.8069085478782654, 0.026999734342098236)","(0.5925129652023315, 0.783491313457489, 0.027969101443886757)","(0.5885231494903564, 0.753279447555542, 0.028279557824134827)","(0.667898952960968, 0.7608662843704224, 0.023895608261227608)","(0.6582018136978149, 0.8273950219154358, 0.02803303673863411)","(0.6424629092216492, 0.8291523456573486, 0.03140819072723389)","(0.6325977444648743, 0.8101037740707397, 0.03540773689746857)",Reach
2557,"(0.6448405385017395, 0.549809455871582, -3.1851133286409095e-08)","(0.5889192819595337, 0.5561977624893188, 0.00564675172790885)","(0.5524795055389404, 0.6175870299339294, 0.0132526196539402)","(0.5372506976127625, 0.6778950095176697, 0.021366026252508163)","(0.5268439054489136, 0.7066007852554321, 0.02975398302078247)","(0.5700114965438843, 0.7573111653327942, 0.012612706981599331)","(0.5416245460510254, 0.7702140212059021, 0.02358466573059559)","(0.5349328517913818, 0.7371065616607666, 0.027485080063343048)","(0.5374311804771423, 0.7088830471038818, 0.029788801446557045)","(0.6026692986488342, 0.7827990055084229, 0.013341602869331837)","(0.5709837079048157, 0.7921560406684875, 0.027899080887436867)","(0.5607940554618835, 0.7602543830871582, 0.030470503494143486)","(0.5617251396179199, 0.7313472628593445, 0.03025420755147934)","(0.6344888806343079, 0.7810624837875366, 0.015454597771167755)","(0.6067124605178833, 0.8055638074874878, 0.023301877081394196)","(0.593674898147583, 0.7780975699424744, 0.02251189947128296)","(0.5943278670310974, 0.7469838857650757, 0.0207988191395998)","(0.6636188626289368, 0.7640471458435059, 0.018940187990665436)","(0.6534925103187561, 0.8204895257949829, 0.022997085005044937)","(0.640742838382721, 0.8148342967033386, 0.026824120432138443)","(0.6344297528266907, 0.7925514578819275, 0.03037569299340248)",Reach
2558,"(0.6441138386726379, 0.55266934633255, -1.0680823692155172e-07)","(0.5851950645446777, 0.5590201020240784, 0.010821644216775894)","(0.5530910491943359, 0.6212463974952698, 0.022980766370892525)","(0.5385780930519104, 0.6819971203804016, 0.03593803942203522)","(0.5229114890098572, 0.7091466784477234, 0.04940831661224365)","(0.5645749568939209, 0.7586321830749512, 0.01610792800784111)","(0.537286102771759, 0.7694525122642517, 0.031659480184316635)","(0.5324922800064087, 0.7393367886543274, 0.040495630353689194)","(0.5360783934593201, 0.7118304967880249, 0.04659163951873779)","(0.5992028713226318, 0.7842252254486084, 0.01749991811811924)","(0.569524347782135, 0.7946411967277527, 0.03602772206068039)","(0.5604146122932434, 0.7628235816955566, 0.04237218201160431)","(0.5612180829048157, 0.7321764230728149, 0.04498707875609398)","(0.6326479315757751, 0.7812445163726807, 0.02103535830974579)","(0.6068411469459534, 0.8072733879089355, 0.031716540455818176)","(0.5953094363212585, 0.7779322862625122, 0.03206585347652435)","(0.5956493020057678, 0.7442789673805237, 0.03144310042262077)","(0.6627267599105835, 0.7638974189758301, 0.026730986312031746)","(0.6529803276062012, 0.8308289051055908, 0.03295086324214935)","(0.6389157772064209, 0.8333654403686523, 0.036845795810222626)","(0.6307971477508545, 0.8163790702819824, 0.04054015129804611)",Reach
2559,"(0.640789270401001, 0.5573521852493286, -2.1751640488787416e-08)","(0.5840333104133606, 0.562197208404541, 0.010408592410385609)","(0.5481458306312561, 0.6210688948631287, 0.02165313996374607)","(0.533855140209198, 0.6814315319061279, 0.03300328552722931)","(0.5234564542770386, 0.7119868993759155, 0.04507886990904808)","(0.5664907097816467, 0.761288583278656, 0.02164652571082115)","(0.5386689305305481, 0.7779147624969482, 0.03665660694241524)","(0.5316843390464783, 0.7434087991714478, 0.04321499168872833)","(0.5333852171897888, 0.7116613388061523, 0.047357480973005295)","(0.5990356206893921, 0.7884923219680786, 0.022839901968836784)","(0.5675865411758423, 0.795085072517395, 0.042200811207294464)","(0.5580926537513733, 0.7606241106987, 0.04760223627090454)","(0.5586668848991394, 0.7314833998680115, 0.04910122603178024)","(0.6295953989028931, 0.787796139717102, 0.025614282116293907)","(0.6016913056373596, 0.8067459464073181, 0.038622014224529266)","(0.5899187922477722, 0.7762082815170288, 0.041343361139297485)","(0.5912968516349792, 0.7441631555557251, 0.0414925217628479)","(0.6562317609786987, 0.7711707949638367, 0.029898112639784813)","(0.6438350677490234, 0.8156028985977173, 0.03897837549448013)","(0.632125735282898, 0.8010051250457764, 0.0454799123108387)","(0.6272479891777039, 0.7737441062927246, 0.05067383125424385)",Reach
2560,"(0.640332043170929, 0.5578672885894775, -1.4368633571848477e-07)","(0.5800595283508301, 0.5654789209365845, 0.018499575555324554)","(0.5470104813575745, 0.6291800737380981, 0.03639698773622513)","(0.5339008569717407, 0.6900331974029541, 0.055334437638521194)","(0.5188974142074585, 0.7173932790756226, 0.07514357566833496)","(0.5571150779724121, 0.7650315761566162, 0.02337801083922386)","(0.5325708985328674, 0.7720949053764343, 0.04748868569731712)","(0.5278176665306091, 0.7380058765411377, 0.06226493790745735)","(0.5299705862998962, 0.7095903754234314, 0.07190630584955215)","(0.5924875140190125, 0.7906085848808289, 0.025089800357818604)","(0.5630496740341187, 0.7978754639625549, 0.05401405692100525)","(0.5542773604393005, 0.7629333138465881, 0.06621073186397552)","(0.5553815364837646, 0.7320863604545593, 0.07178939133882523)","(0.6260101795196533, 0.7873531579971313, 0.030098270624876022)","(0.5978303551673889, 0.8104054927825928, 0.05037795007228851)","(0.5862503051757812, 0.7796940803527832, 0.05509820207953453)","(0.5864568948745728, 0.7463383078575134, 0.05596952885389328)","(0.6555360555648804, 0.7701706886291504, 0.03787226229906082)","(0.6440243124961853, 0.8332433700561523, 0.05166732519865036)","(0.629880964756012, 0.8309932947158813, 0.05910063534975052)","(0.6218065023422241, 0.8122598528862, 0.06466934829950333)",Reach
2561,"(0.6343841552734375, 0.5638498663902283, -5.5460748882296684e-08)","(0.5766340494155884, 0.5700920224189758, 0.013903727754950523)","(0.5420195460319519, 0.6289728283882141, 0.02794289030134678)","(0.5294084548950195, 0.6903787851333618, 0.04209189489483833)","(0.5201769471168518, 0.7216149568557739, 0.05683549866080284)","(0.5592662692070007, 0.7687706351280212, 0.025820093229413033)","(0.5348076224327087, 0.7848234176635742, 0.044954895973205566)","(0.5285318493843079, 0.7491958141326904, 0.0543719045817852)","(0.53020840883255, 0.7166986465454102, 0.060496553778648376)","(0.5923353433609009, 0.7951935529708862, 0.0271452683955431)","(0.5634609460830688, 0.7971635460853577, 0.05102630704641342)","(0.5552000403404236, 0.7603830695152283, 0.05744701623916626)","(0.5559477210044861, 0.7305982112884521, 0.059208594262599945)","(0.6237344145774841, 0.7939387559890747, 0.030687667429447174)","(0.5973258018493652, 0.807614803314209, 0.04761650040745735)","(0.5867199301719666, 0.7756015062332153, 0.050357017666101456)","(0.5882129669189453, 0.7433853149414062, 0.05002787336707115)","(0.6512003540992737, 0.7768784761428833, 0.03617560490965843)","(0.6401897072792053, 0.8257565498352051, 0.048852529376745224)","(0.62859708070755, 0.8162381052970886, 0.05648830160498619)","(0.6231078505516052, 0.7934942841529846, 0.062122173607349396)",Reach
2562,"(0.6331096291542053, 0.5686149001121521, -4.170909662093436e-08)","(0.574697732925415, 0.5757091045379639, 0.02282748930156231)","(0.5395215749740601, 0.635617733001709, 0.039419472217559814)","(0.527613639831543, 0.6957178711891174, 0.05354263260960579)","(0.5185946226119995, 0.7255318760871887, 0.06785612553358078)","(0.5560606718063354, 0.7625085711479187, 0.03420374542474747)","(0.5300937294960022, 0.7874773144721985, 0.05550558120012283)","(0.5226641893386841, 0.7554405927658081, 0.06844805181026459)","(0.5229709148406982, 0.7243858575820923, 0.07682289183139801)","(0.587738037109375, 0.7979480624198914, 0.03057047910988331)","(0.5593938231468201, 0.8025031089782715, 0.05675245821475983)","(0.5510347485542297, 0.7661629319190979, 0.06720981001853943)","(0.5513980984687805, 0.7358354330062866, 0.07185883820056915)","(0.6181392669677734, 0.8028185367584229, 0.0294242724776268)","(0.5922608971595764, 0.8122820258140564, 0.04924657940864563)","(0.5809730291366577, 0.7758188843727112, 0.057187460362911224)","(0.582257091999054, 0.7425355911254883, 0.059995610266923904)","(0.6449682712554932, 0.791210949420929, 0.030514243990182877)","(0.6299164891242981, 0.8254940509796143, 0.04631490260362625)","(0.6187400221824646, 0.8030624985694885, 0.057525090873241425)","(0.6164399981498718, 0.7713222503662109, 0.06568349152803421)",Reach
2563,"(0.6269328594207764, 0.5721827149391174, -6.378039785204237e-08)","(0.5711466073989868, 0.583885669708252, 0.01606864295899868)","(0.5363292098045349, 0.6430334448814392, 0.02766825072467327)","(0.5243026614189148, 0.700087308883667, 0.036980483680963516)","(0.5206660628318787, 0.7301419377326965, 0.04596468433737755)","(0.5527151823043823, 0.7712097764015198, 0.02686241827905178)","(0.5287114977836609, 0.7881700992584229, 0.041746292263269424)","(0.5233190655708313, 0.7541795969009399, 0.048381756991147995)","(0.5250170230865479, 0.7239028215408325, 0.052390776574611664)","(0.5842414498329163, 0.8020618557929993, 0.02321625128388405)","(0.5592652559280396, 0.7998070120811462, 0.0440288782119751)","(0.5523008108139038, 0.7636576890945435, 0.049072589725255966)","(0.553178608417511, 0.7347483038902283, 0.049338411539793015)","(0.6156673431396484, 0.8048577904701233, 0.021237043663859367)","(0.5916409492492676, 0.8124991655349731, 0.03512780740857124)","(0.5821452736854553, 0.7763270139694214, 0.03789016976952553)","(0.5838894844055176, 0.7443042397499084, 0.037285931408405304)","(0.6439524292945862, 0.7940706610679626, 0.02100919559597969)","(0.6329367160797119, 0.8362411260604858, 0.031119469553232193)","(0.6233341097831726, 0.8197746872901917, 0.038650352507829666)","(0.6207128167152405, 0.7927646636962891, 0.04408250376582146)",Reach
2564,"(0.6267358064651489, 0.5768277645111084, -6.879403002812978e-08)","(0.5704359412193298, 0.5773705244064331, 0.024908725172281265)","(0.534551203250885, 0.63359135389328, 0.04111913964152336)","(0.5229928493499756, 0.6923781037330627, 0.054128024727106094)","(0.5176294445991516, 0.7259307503700256, 0.06730768829584122)","(0.5485972762107849, 0.7625880241394043, 0.035177867859601974)","(0.5217301845550537, 0.7857409715652466, 0.05607333406805992)","(0.5167378187179565, 0.7539565563201904, 0.06859651207923889)","(0.518412709236145, 0.7249235510826111, 0.07618653774261475)","(0.5794949531555176, 0.8029399514198303, 0.0296529158949852)","(0.5515304803848267, 0.8024040460586548, 0.05596654862165451)","(0.5456022024154663, 0.766776442527771, 0.06730175763368607)","(0.5471462607383728, 0.7385598421096802, 0.07191210240125656)","(0.6094642877578735, 0.812397837638855, 0.026570577174425125)","(0.583506166934967, 0.8183774352073669, 0.046800609678030014)","(0.5748803019523621, 0.7804995775222778, 0.05638967454433441)","(0.577383279800415, 0.7492505311965942, 0.0596344880759716)","(0.6358894109725952, 0.8054197430610657, 0.025676149874925613)","(0.618782639503479, 0.8320521712303162, 0.041978586465120316)","(0.6098365783691406, 0.8041249513626099, 0.05388082563877106)","(0.6095283031463623, 0.7708548307418823, 0.06200952082872391)",Reach
2565,"(0.6203916072845459, 0.5773898959159851, -9.030357972505954e-08)","(0.5646705627441406, 0.5823349952697754, 0.010898645035922527)","(0.532803475856781, 0.640538215637207, 0.022382717579603195)","(0.5243067145347595, 0.6977628469467163, 0.03365548327565193)","(0.5233434438705444, 0.7282376885414124, 0.04485815390944481)","(0.5434386730194092, 0.7779331803321838, 0.02010933868587017)","(0.5206580758094788, 0.7843961715698242, 0.03388739377260208)","(0.5183784365653992, 0.7538725733757019, 0.0398222878575325)","(0.5233685970306396, 0.7288283705711365, 0.043627459555864334)","(0.5769363641738892, 0.8050689101219177, 0.019844256341457367)","(0.5523514151573181, 0.8051167726516724, 0.03781541809439659)","(0.5461509823799133, 0.7730441689491272, 0.042239315807819366)","(0.5484721660614014, 0.7443786263465881, 0.04324442520737648)","(0.6103230118751526, 0.8031810522079468, 0.021151380613446236)","(0.5868735313415527, 0.8205471634864807, 0.030943162739276886)","(0.5781444311141968, 0.7905449271202087, 0.030993402004241943)","(0.5804497003555298, 0.7596843838691711, 0.030226245522499084)","(0.6405321359634399, 0.787015974521637, 0.024356162175536156)","(0.632673978805542, 0.8432680368423462, 0.029761334881186485)","(0.6220938563346863, 0.8415869474411011, 0.03367167338728905)","(0.6174508333206177, 0.8242009878158569, 0.03750224784016609)",Reach
2566,"(0.6194887161254883, 0.583832859992981, -1.0884026124813317e-07)","(0.5630241632461548, 0.5802236795425415, 0.010493459179997444)","(0.5297276377677917, 0.6380500197410583, 0.02098103053867817)","(0.5193960666656494, 0.7002481818199158, 0.0319906547665596)","(0.5216193199157715, 0.7353922128677368, 0.04305359348654747)","(0.5372873544692993, 0.7759904861450195, 0.014265310950577259)","(0.5176530480384827, 0.7828473448753357, 0.0299090389162302)","(0.5170186758041382, 0.7496482729911804, 0.03746825456619263)","(0.5218233466148376, 0.7240146398544312, 0.041834231466054916)","(0.571357011795044, 0.808003306388855, 0.014793922193348408)","(0.5478675961494446, 0.8083522915840149, 0.03552047908306122)","(0.5434253215789795, 0.7753514051437378, 0.04217097908258438)","(0.5462348461151123, 0.7450078129768372, 0.04380778968334198)","(0.6051177978515625, 0.8101438283920288, 0.017576631158590317)","(0.5816256999969482, 0.8261703848838806, 0.03137649968266487)","(0.5743111968040466, 0.7964474558830261, 0.03334997221827507)","(0.5769783854484558, 0.7655515670776367, 0.032396119087934494)","(0.6353855729103088, 0.7964922189712524, 0.0221219751983881)","(0.6226963996887207, 0.8453618288040161, 0.03200306370854378)","(0.6128218173980713, 0.8300685882568359, 0.03857862204313278)","(0.6093311905860901, 0.801181972026825, 0.043274737894535065)",Reach
2567,"(0.6141480803489685, 0.5809549689292908, -7.12109340383904e-08)","(0.5584233403205872, 0.5876729488372803, 0.012727934867143631)","(0.5265498161315918, 0.6472340226173401, 0.023696111515164375)","(0.5185039639472961, 0.7057012319564819, 0.033914726227521896)","(0.5217268466949463, 0.7369526624679565, 0.04364923760294914)","(0.5397558212280273, 0.7783952951431274, 0.018625037744641304)","(0.5186079740524292, 0.7867322564125061, 0.03374894708395004)","(0.5144649744033813, 0.7555139064788818, 0.04158271104097366)","(0.5171557664871216, 0.729422926902771, 0.04635205864906311)","(0.5725576281547546, 0.8077782392501831, 0.017336906865239143)","(0.5483314394950867, 0.8038641214370728, 0.03738074749708176)","(0.5417768955230713, 0.7694037556648254, 0.04364083334803581)","(0.5434719920158386, 0.7392483353614807, 0.04526800289750099)","(0.6055651903152466, 0.8080028295516968, 0.018105553463101387)","(0.5818777084350586, 0.8210323452949524, 0.02976761758327484)","(0.5728970766067505, 0.7883880138397217, 0.03171251341700554)","(0.5750327706336975, 0.7567278742790222, 0.031491052359342575)","(0.6354696750640869, 0.793409526348114, 0.020884115248918533)","(0.6257392764091492, 0.8466435074806213, 0.027525795623660088)","(0.614347517490387, 0.8394457697868347, 0.03299030661582947)","(0.6096302270889282, 0.8181152939796448, 0.03768853098154068)",Reach
2568,"(0.6154231429100037, 0.5826490521430969, -1.1048498294030651e-07)","(0.5554319620132446, 0.5822786092758179, 0.015710905194282532)","(0.5250374674797058, 0.6475147008895874, 0.03007068671286106)","(0.5198742747306824, 0.7102804183959961, 0.04430535435676575)","(0.5263933539390564, 0.7435824871063232, 0.05836368724703789)","(0.5363991260528564, 0.7773303389549255, 0.02071642316877842)","(0.5164065361022949, 0.790130615234375, 0.03964397683739662)","(0.5147746801376343, 0.7578452229499817, 0.05028821527957916)","(0.518996000289917, 0.7294763326644897, 0.05727028474211693)","(0.5717201232910156, 0.8075376152992249, 0.02071438729763031)","(0.5488722324371338, 0.8128657937049866, 0.04617522656917572)","(0.543616533279419, 0.7788020372390747, 0.05620289593935013)","(0.5458174347877502, 0.7447090744972229, 0.06040184199810028)","(0.6058951020240784, 0.806453287601471, 0.023265819996595383)","(0.58444744348526, 0.8285782337188721, 0.04068625345826149)","(0.5775391459465027, 0.7987290620803833, 0.0452338382601738)","(0.5802315473556519, 0.7658844590187073, 0.04619905725121498)","(0.6352217197418213, 0.7889711856842041, 0.028075676411390305)","(0.624397873878479, 0.8474689722061157, 0.0397392101585865)","(0.6118645071983337, 0.84335857629776, 0.04697065055370331)","(0.6056869029998779, 0.8223995566368103, 0.05251767486333847)",Reach
2569,"(0.6123133897781372, 0.5820788741111755, -1.0002798234154398e-07)","(0.5524522066116333, 0.5876494646072388, 0.014041164889931679)","(0.5218585729598999, 0.6498717665672302, 0.025415027514100075)","(0.5165936350822449, 0.713671863079071, 0.03623645007610321)","(0.5261842012405396, 0.7467905879020691, 0.04688774421811104)","(0.530779242515564, 0.7732340693473816, 0.01626764051616192)","(0.5106884241104126, 0.7899555563926697, 0.031359147280454636)","(0.5085471272468567, 0.7565194368362427, 0.039589859545230865)","(0.5132433176040649, 0.7288455367088318, 0.044645052403211594)","(0.5649311542510986, 0.8072063326835632, 0.014724446460604668)","(0.5412065386772156, 0.8166614770889282, 0.03499767929315567)","(0.5367423892021179, 0.7814568877220154, 0.042896367609500885)","(0.5405235290527344, 0.7507166266441345, 0.04565061256289482)","(0.5992702841758728, 0.8122463226318359, 0.0155787393450737)","(0.5767308473587036, 0.8336144685745239, 0.029598576948046684)","(0.5701109170913696, 0.8000757694244385, 0.03376005217432976)","(0.5740308165550232, 0.7684774398803711, 0.0343124158680439)","(0.6291619539260864, 0.8007772564888, 0.01842617802321911)","(0.6154714226722717, 0.8558121919631958, 0.029038457199931145)","(0.6050768494606018, 0.8385276198387146, 0.03762229159474373)","(0.6020640730857849, 0.8084401488304138, 0.0438050739467144)",Reach
2570,"(0.61069256067276, 0.5803323984146118, -1.2035863505843736e-07)","(0.5520329475402832, 0.5884287357330322, 0.009808724746108055)","(0.5215255618095398, 0.650433361530304, 0.019641011953353882)","(0.5181756019592285, 0.7117684483528137, 0.029349492862820625)","(0.5323629975318909, 0.7435490489006042, 0.03877563029527664)","(0.5314422845840454, 0.7802294492721558, 0.01541680283844471)","(0.5100123286247253, 0.7881650328636169, 0.027505621314048767)","(0.5097998976707458, 0.7537255883216858, 0.03139948099851608)","(0.5167252421379089, 0.7286683320999146, 0.03352558985352516)","(0.5661927461624146, 0.8081682324409485, 0.014920704998075962)","(0.5418214201927185, 0.8107784390449524, 0.03427695482969284)","(0.5381187796592712, 0.7762054204940796, 0.0391026996076107)","(0.5428021550178528, 0.7480937838554382, 0.039047133177518845)","(0.6003247499465942, 0.8074350357055664, 0.01611161045730114)","(0.57673180103302, 0.8274213671684265, 0.027916481718420982)","(0.5703468322753906, 0.793838620185852, 0.029284799471497536)","(0.5746649503707886, 0.7613513469696045, 0.027922729030251503)","(0.6294105648994446, 0.7929462194442749, 0.018947090953588486)","(0.6189770102500916, 0.8517289161682129, 0.02565479837357998)","(0.6085262298583984, 0.8478414416313171, 0.031036004424095154)","(0.6043451428413391, 0.8293675780296326, 0.03507434204220772)",Reach
2571,"(0.6096208691596985, 0.581649661064148, -1.2770946966611518e-07)","(0.5500337481498718, 0.5884950160980225, 0.015335665084421635)","(0.5186648964881897, 0.6507415771484375, 0.02758166939020157)","(0.5162057876586914, 0.7144230008125305, 0.03860132768750191)","(0.5306751728057861, 0.7477049827575684, 0.049413956701755524)","(0.5276773571968079, 0.7711325883865356, 0.020864300429821014)","(0.5088048577308655, 0.7899063229560852, 0.035204626619815826)","(0.510277271270752, 0.7555763125419617, 0.04220801964402199)","(0.5182676911354065, 0.7304539084434509, 0.046259526163339615)","(0.5617936849594116, 0.8052341938018799, 0.018394948914647102)","(0.5388370156288147, 0.8162142634391785, 0.037791695445775986)","(0.53687584400177, 0.7789961695671082, 0.04488160461187363)","(0.5430669188499451, 0.7502682209014893, 0.04721052199602127)","(0.5957644581794739, 0.811003565788269, 0.0180608332157135)","(0.5724412202835083, 0.8340845108032227, 0.031248725950717926)","(0.5671860575675964, 0.7988350987434387, 0.03622540459036827)","(0.5732031464576721, 0.7682956457138062, 0.03755253925919533)","(0.6256879568099976, 0.8011789321899414, 0.019752558320760727)","(0.612816333770752, 0.8549437522888184, 0.02991349808871746)","(0.6042507290840149, 0.8360862135887146, 0.03930581733584404)","(0.6031081676483154, 0.8069388270378113, 0.046236809343099594)",Reach
2572,"(0.6077524423599243, 0.5791603326797485, -1.1011620415501966e-07)","(0.5494244694709778, 0.5898925065994263, 0.016106972470879555)","(0.5196362733840942, 0.6511428356170654, 0.02926277555525303)","(0.5174875259399414, 0.7113405466079712, 0.040462590754032135)","(0.5335903167724609, 0.7426459193229675, 0.05131172388792038)","(0.5283569693565369, 0.7707797884941101, 0.025845060124993324)","(0.5099741220474243, 0.7935670614242554, 0.040258441120386124)","(0.5109678506851196, 0.7601559162139893, 0.04668319225311279)","(0.5185213088989258, 0.7353110909461975, 0.05052436515688896)","(0.5621305108070374, 0.8044310808181763, 0.022598015144467354)","(0.538916289806366, 0.8172584772109985, 0.04229656234383583)","(0.536922812461853, 0.7809227705001831, 0.04833885654807091)","(0.543077826499939, 0.7538931965827942, 0.0499797947704792)","(0.5962077975273132, 0.8103550672531128, 0.021098122000694275)","(0.571831226348877, 0.8334230184555054, 0.033605631440877914)","(0.5667786002159119, 0.7978073358535767, 0.036900170147418976)","(0.5729720592498779, 0.7683695554733276, 0.037407778203487396)","(0.6264806389808655, 0.8016314506530762, 0.021660398691892624)","(0.6136897802352905, 0.8590736985206604, 0.030636996030807495)","(0.6052308082580566, 0.8421319723129272, 0.03889252990484238)","(0.6043620109558105, 0.813908576965332, 0.045255083590745926)",Reach
2573,"(0.6063706278800964, 0.5769495368003845, -1.6855987894359714e-07)","(0.5466780662536621, 0.58961421251297, 0.02105993591248989)","(0.519624650478363, 0.6505864858627319, 0.03935472294688225)","(0.5195587873458862, 0.7078627347946167, 0.056004442274570465)","(0.5347349643707275, 0.739516019821167, 0.07228142768144608)","(0.5246107578277588, 0.7793416976928711, 0.03363656997680664)","(0.5110355019569397, 0.7933375835418701, 0.05439164862036705)","(0.5132397413253784, 0.7581746578216553, 0.06324166059494019)","(0.5204498767852783, 0.735455334186554, 0.0683215856552124)","(0.5595554709434509, 0.8069484233856201, 0.031230216845870018)","(0.5401322841644287, 0.816990852355957, 0.059429772198200226)","(0.5396661758422852, 0.7795184254646301, 0.06757787615060806)","(0.5456811785697937, 0.7511323094367981, 0.0693899467587471)","(0.5951998233795166, 0.8065692186355591, 0.03131994232535362)","(0.5745097994804382, 0.8295220732688904, 0.05059022828936577)","(0.5717211365699768, 0.7943611145019531, 0.054686956107616425)","(0.5774000287055969, 0.7622002363204956, 0.05464819073677063)","(0.6256085634231567, 0.7915688157081604, 0.03395936265587807)","(0.6166665554046631, 0.8586838841438293, 0.0463528074324131)","(0.6067171692848206, 0.8540442585945129, 0.05467945337295532)","(0.6014358401298523, 0.834747314453125, 0.060727138072252274)",Reach
2574,"(0.607972264289856, 0.5760511159896851, -1.8649049593477685e-07)","(0.5457735657691956, 0.5915693044662476, 0.02320195361971855)","(0.5203274488449097, 0.6524205803871155, 0.04337380453944206)","(0.5211417078971863, 0.7094613313674927, 0.06257305294275284)","(0.5343028903007507, 0.7423083782196045, 0.0819602757692337)","(0.5242593884468079, 0.777448296546936, 0.03428252786397934)","(0.5104057192802429, 0.7887551188468933, 0.059328593313694)","(0.5137621760368347, 0.7547920346260071, 0.07091306149959564)","(0.521301805973053, 0.7339587211608887, 0.07722162455320358)","(0.560076892375946, 0.8028606176376343, 0.03306179121136665)","(0.5390865206718445, 0.8172693252563477, 0.06516579538583755)","(0.5392217040061951, 0.7808278203010559, 0.07537572085857391)","(0.5458279252052307, 0.7527034282684326, 0.077863909304142)","(0.5958591103553772, 0.8020591139793396, 0.0350600965321064)","(0.572868287563324, 0.8301081657409668, 0.05897510051727295)","(0.5703943371772766, 0.7958483099937439, 0.06413362920284271)","(0.5762410759925842, 0.7627861499786377, 0.0636037141084671)","(0.6252238154411316, 0.7870584726333618, 0.03981913626194)","(0.6141777038574219, 0.8550654053688049, 0.056009646505117416)","(0.6031261086463928, 0.8507104516029358, 0.06508088111877441)","(0.5965136289596558, 0.8323167562484741, 0.07082254439592361)",Reach
2575,"(0.6077049970626831, 0.5748637914657593, -1.8086802811012603e-07)","(0.5464667677879333, 0.5902442336082458, 0.020641634240746498)","(0.5201449394226074, 0.6482573747634888, 0.03776303306221962)","(0.5196482539176941, 0.7070968747138977, 0.05407075956463814)","(0.5332765579223633, 0.7397134304046631, 0.07043714821338654)","(0.524658739566803, 0.7750377058982849, 0.02697540447115898)","(0.5094999670982361, 0.7867557406425476, 0.048276904970407486)","(0.512159526348114, 0.7527714371681213, 0.058006804436445236)","(0.5198398232460022, 0.7313037514686584, 0.06315723061561584)","(0.5599964261054993, 0.8021601438522339, 0.025432603433728218)","(0.5371349453926086, 0.8149421811103821, 0.05372597649693489)","(0.5366728901863098, 0.7799381613731384, 0.06272025406360626)","(0.5435737371444702, 0.7535332441329956, 0.06443633884191513)","(0.5950890779495239, 0.8025171756744385, 0.027076682075858116)","(0.5701828598976135, 0.8301481008529663, 0.04806338623166084)","(0.5666559338569641, 0.7978358864784241, 0.05221351608633995)","(0.5727066993713379, 0.7667237520217896, 0.050986748188734055)","(0.624840497970581, 0.7887632250785828, 0.0313703678548336)","(0.6139528751373291, 0.8550322651863098, 0.0450148843228817)","(0.6033462882041931, 0.8502547740936279, 0.05290820822119713)","(0.5976542830467224, 0.8314523696899414, 0.05785815790295601)",Reach
2576,"(0.6075544357299805, 0.5733799934387207, -1.9579898946631147e-07)","(0.5462955236434937, 0.5896053314208984, 0.022342711687088013)","(0.5205872654914856, 0.6491289138793945, 0.04169079661369324)","(0.5203214287757874, 0.7063148617744446, 0.06002165004611015)","(0.5331640243530273, 0.7388084530830383, 0.07830683887004852)","(0.525195300579071, 0.7746069431304932, 0.031336698681116104)","(0.5119082927703857, 0.7877352237701416, 0.05458354577422142)","(0.5142931342124939, 0.7542568445205688, 0.06566712260246277)","(0.5210353136062622, 0.7314167618751526, 0.07200386375188828)","(0.5603142380714417, 0.8005723357200623, 0.02997705712914467)","(0.5393574833869934, 0.8137058019638062, 0.0607808493077755)","(0.5391263961791992, 0.7781305313110352, 0.07060236483812332)","(0.5454599261283875, 0.7504832744598389, 0.07296312600374222)","(0.5958946943283081, 0.799649715423584, 0.03177674487233162)","(0.5728167295455933, 0.8267078995704651, 0.05405423417687416)","(0.5701767206192017, 0.7929149866104126, 0.058159276843070984)","(0.5758583545684814, 0.7603679895401001, 0.0570966973900795)","(0.6256657242774963, 0.7846936583518982, 0.036418329924345016)","(0.6167959570884705, 0.8542824983596802, 0.04987737163901329)","(0.6062375903129578, 0.8541003465652466, 0.056988656520843506)","(0.5997412204742432, 0.8388636708259583, 0.061680231243371964)",Grasp
2577,"(0.6077737808227539, 0.5723949074745178, -2.1290698271059227e-07)","(0.5448006391525269, 0.5917608737945557, 0.02671237289905548)","(0.520542323589325, 0.6526199579238892, 0.047962628304958344)","(0.5213183164596558, 0.7079372406005859, 0.06775157153606415)","(0.5335967540740967, 0.7411762475967407, 0.08726823329925537)","(0.5235446691513062, 0.7796555161476135, 0.03514467179775238)","(0.5115888118743896, 0.7861617207527161, 0.0623287595808506)","(0.5148365497589111, 0.7517408728599548, 0.07571419328451157)","(0.5221341848373413, 0.7295318841934204, 0.08302051573991776)","(0.5594773292541504, 0.802628755569458, 0.032602306455373764)","(0.5400439500808716, 0.8118656277656555, 0.06855159252882004)","(0.5408206582069397, 0.7752328515052795, 0.08056813478469849)","(0.5479499101638794, 0.747229814529419, 0.08332513272762299)","(0.5955431461334229, 0.7984862327575684, 0.03384065628051758)","(0.5761186480522156, 0.8215863108634949, 0.060917146503925323)","(0.5747905373573303, 0.7850249409675598, 0.066865935921669)","(0.5804933309555054, 0.7517911195755005, 0.06574134528636932)","(0.6257966160774231, 0.7809039950370789, 0.038144905120134354)","(0.6186351776123047, 0.8488804697990417, 0.05466954782605171)","(0.608237624168396, 0.8548619747161865, 0.06268669664859772)","(0.6013357639312744, 0.8478587865829468, 0.06729989498853683)",Grasp
2578,"(0.6064549088478088, 0.5727788805961609, -2.145653468232922e-07)","(0.5448260307312012, 0.5915082097053528, 0.029904795810580254)","(0.5208070278167725, 0.6497265100479126, 0.05216571316123009)","(0.5207706093788147, 0.7039515972137451, 0.0725490003824234)","(0.5320319533348083, 0.7377256155014038, 0.09260815382003784)","(0.5226323008537292, 0.7748238444328308, 0.03600801154971123)","(0.512122392654419, 0.7842737436294556, 0.06372945755720139)","(0.5156399607658386, 0.7509011030197144, 0.07887358963489532)","(0.5229549407958984, 0.7294816374778748, 0.08759766817092896)","(0.5577183365821838, 0.8005937337875366, 0.03216135874390602)","(0.5386484861373901, 0.8126529455184937, 0.06700768321752548)","(0.5395548939704895, 0.7765835523605347, 0.0808604434132576)","(0.5471881628036499, 0.7485480308532715, 0.08581502735614777)","(0.5939540266990662, 0.7997307777404785, 0.03241242468357086)","(0.5732232332229614, 0.824668824672699, 0.058965738862752914)","(0.5711327195167542, 0.7900843620300293, 0.06746947765350342)","(0.576851487159729, 0.7587563991546631, 0.06876032799482346)","(0.6249552965164185, 0.7841436266899109, 0.036029260605573654)","(0.6167356967926025, 0.8514413833618164, 0.05268830433487892)","(0.6060545444488525, 0.8535428047180176, 0.06236864998936653)","(0.5992480516433716, 0.8432075381278992, 0.06875555217266083)",Grasp
2579,"(0.6067607402801514, 0.57390958070755, -2.1412633088857547e-07)","(0.5452967286109924, 0.5883062481880188, 0.03275088593363762)","(0.5201492309570312, 0.6464219093322754, 0.05782221630215645)","(0.5204380750656128, 0.7027794718742371, 0.08046319335699081)","(0.5312491655349731, 0.7363812923431396, 0.10291140526533127)","(0.5238988399505615, 0.7734530568122864, 0.04542839527130127)","(0.5132368206977844, 0.7832652926445007, 0.07615426927804947)","(0.5168777108192444, 0.7495822906494141, 0.09191626310348511)","(0.5237374305725098, 0.728248119354248, 0.10111473500728607)","(0.5584270358085632, 0.800138533115387, 0.042132697999477386)","(0.5396776795387268, 0.8091667294502258, 0.08079994469881058)","(0.5409948825836182, 0.7727851271629333, 0.0949169471859932)","(0.5480217933654785, 0.7463282346725464, 0.09995872527360916)","(0.5939686298370361, 0.8003987669944763, 0.0429132841527462)","(0.5726261138916016, 0.8218320608139038, 0.0728268101811409)","(0.5710387825965881, 0.7873731851577759, 0.08207311481237411)","(0.5767426490783691, 0.7564687728881836, 0.08390980213880539)","(0.624313235282898, 0.7859196662902832, 0.04719182103872299)","(0.6152073740959167, 0.8517676591873169, 0.0675925761461258)","(0.6051660180091858, 0.8526731729507446, 0.07908945530653)","(0.5986548662185669, 0.8416004776954651, 0.08669421821832657)",Grasp
2580,"(0.6064103841781616, 0.5758979916572571, -2.2197133375811973e-07)","(0.5465195178985596, 0.5872218608856201, 0.03358899801969528)","(0.5200297236442566, 0.643225908279419, 0.05912948399782181)","(0.5200163125991821, 0.6989653706550598, 0.08182600140571594)","(0.5316332578659058, 0.7316948771476746, 0.10407128185033798)","(0.5231242775917053, 0.7724648714065552, 0.046477608382701874)","(0.5133906006813049, 0.7820582985877991, 0.07618442177772522)","(0.5173470973968506, 0.7507604956626892, 0.09211749583482742)","(0.5241748094558716, 0.730487048625946, 0.10183728486299515)","(0.5570898056030273, 0.800062358379364, 0.04205932468175888)","(0.5406184196472168, 0.807249128818512, 0.07932785153388977)","(0.5420529246330261, 0.7721509337425232, 0.09410973638296127)","(0.5489555597305298, 0.7464403510093689, 0.10033373534679413)","(0.5926027894020081, 0.800667405128479, 0.04143011197447777)","(0.5745362043380737, 0.8171136379241943, 0.06920977681875229)","(0.5735969543457031, 0.7824593782424927, 0.07895451784133911)","(0.5795902013778687, 0.7525591254234314, 0.08211047202348709)","(0.6239408254623413, 0.787068247795105, 0.04432610049843788)","(0.6180438995361328, 0.8521304130554199, 0.0628914088010788)","(0.6095106601715088, 0.8546894788742065, 0.0740949958562851)","(0.6042608618736267, 0.8439347743988037, 0.08209776878356934)",Grasp
2581,"(0.6079310178756714, 0.5778945088386536, -2.2115169429071102e-07)","(0.5467178821563721, 0.5867839455604553, 0.024492807686328888)","(0.5200808048248291, 0.6434959173202515, 0.043437812477350235)","(0.5197402238845825, 0.702601432800293, 0.061013102531433105)","(0.5326650142669678, 0.7351800203323364, 0.07811717689037323)","(0.5234690308570862, 0.7742412686347961, 0.030078614130616188)","(0.5139937400817871, 0.77967369556427, 0.05390526354312897)","(0.5187618732452393, 0.7468480467796326, 0.06566323339939117)","(0.527022659778595, 0.7268851399421692, 0.07206282019615173)","(0.55792635679245, 0.8019143342971802, 0.027237894013524055)","(0.5419004559516907, 0.8048731684684753, 0.05972014367580414)","(0.5445212721824646, 0.7690357565879822, 0.07116716355085373)","(0.5522108674049377, 0.7446887493133545, 0.07394788414239883)","(0.5932206511497498, 0.8028364181518555, 0.027987165376544)","(0.5760232210159302, 0.8180886507034302, 0.05165597051382065)","(0.5759841203689575, 0.7825060486793518, 0.05792089179158211)","(0.5829989314079285, 0.7528011202812195, 0.05785856768488884)","(0.6249536871910095, 0.7897028923034668, 0.0316079743206501)","(0.6181542873382568, 0.8542752861976624, 0.04674304276704788)","(0.6103003621101379, 0.8519363403320312, 0.05578029900789261)","(0.6064176559448242, 0.8366607427597046, 0.06162111088633537)",Grasp
2582,"(0.6058527827262878, 0.5759860277175903, -2.1931072069492075e-07)","(0.54655921459198, 0.5845025777816772, 0.02230151742696762)","(0.5207080245018005, 0.6445080637931824, 0.04008382558822632)","(0.5199321508407593, 0.7035678029060364, 0.05624598637223244)","(0.5336968302726746, 0.7366467714309692, 0.07149654626846313)","(0.5247160792350769, 0.7767800688743591, 0.029228506609797478)","(0.5145485997200012, 0.7759846448898315, 0.04941892251372337)","(0.5198661684989929, 0.7439396381378174, 0.05797465145587921)","(0.5287363529205322, 0.7249443531036377, 0.06268182396888733)","(0.5587846636772156, 0.8041515350341797, 0.02627330645918846)","(0.5442150831222534, 0.7984413504600525, 0.05664767324924469)","(0.5471161603927612, 0.7634209394454956, 0.06675727665424347)","(0.5544324517250061, 0.7396636605262756, 0.06906049698591232)","(0.5937545895576477, 0.802668035030365, 0.02628420852124691)","(0.5779105424880981, 0.8129830360412598, 0.04745492711663246)","(0.5778049230575562, 0.7788223028182983, 0.05341530591249466)","(0.5845745801925659, 0.7491517663002014, 0.053843047469854355)","(0.6259722709655762, 0.7863085865974426, 0.02885398454964161)","(0.6208134293556213, 0.8472897410392761, 0.04065041244029999)","(0.6120914220809937, 0.8501048684120178, 0.048375654965639114)","(0.6073067784309387, 0.8376125693321228, 0.05411726236343384)",Grasp
2583,"(0.6069629788398743, 0.5803521871566772, -2.1430763297303201e-07)","(0.5461844205856323, 0.5871304273605347, 0.024524729698896408)","(0.5192556381225586, 0.6481657028198242, 0.042241498827934265)","(0.519416093826294, 0.7118731141090393, 0.058455511927604675)","(0.5347809195518494, 0.7453958988189697, 0.07368672639131546)","(0.52433180809021, 0.7743764519691467, 0.02817218378186226)","(0.515047550201416, 0.773517370223999, 0.05270423740148544)","(0.5202948451042175, 0.7399464249610901, 0.06565878540277481)","(0.5286750793457031, 0.7217185497283936, 0.07237818092107773)","(0.558533251285553, 0.8072594404220581, 0.024835731834173203)","(0.5441921353340149, 0.793878436088562, 0.05699845403432846)","(0.5477624535560608, 0.7544098496437073, 0.06944381445646286)","(0.5553263425827026, 0.7300681471824646, 0.07300649583339691)","(0.5937727093696594, 0.8112888336181641, 0.025379829108715057)","(0.5743827819824219, 0.8145871758460999, 0.0489308163523674)","(0.5742255449295044, 0.7767974734306335, 0.057721421122550964)","(0.5818964838981628, 0.7470347881317139, 0.05934606119990349)","(0.6252848505973816, 0.7982364296913147, 0.028719255700707436)","(0.6159160137176514, 0.849992036819458, 0.04489028453826904)","(0.6075170636177063, 0.8361565470695496, 0.056548167020082474)","(0.604806661605835, 0.8102417588233948, 0.06438260525465012)",Grasp
2584,"(0.6029781699180603, 0.5829319357872009, -2.2303173352611338e-07)","(0.5452616214752197, 0.5888935327529907, 0.023150242865085602)","(0.5190725326538086, 0.6511338353157043, 0.04040227457880974)","(0.5207447409629822, 0.713912844657898, 0.05541599169373512)","(0.5375917553901672, 0.7474530935287476, 0.06890027225017548)","(0.5238099098205566, 0.7783413529396057, 0.03177657723426819)","(0.5157607793807983, 0.7741658091545105, 0.053159199655056)","(0.5223387479782104, 0.7409803867340088, 0.062212780117988586)","(0.5310245752334595, 0.7240870594978333, 0.06632544845342636)","(0.5568475723266602, 0.8103918433189392, 0.0276971273124218)","(0.5454479455947876, 0.794240415096283, 0.05690504610538483)","(0.5502022504806519, 0.7549785375595093, 0.06597065925598145)","(0.5574727058410645, 0.7313539981842041, 0.06745648384094238)","(0.5916917324066162, 0.8124560713768005, 0.026675662025809288)","(0.5764046907424927, 0.8137668371200562, 0.04615161940455437)","(0.5774058699607849, 0.7763988971710205, 0.05159778892993927)","(0.5847038626670837, 0.7464510202407837, 0.05171017348766327)","(0.6241978406906128, 0.7972627282142639, 0.028389276936650276)","(0.6209631562232971, 0.8495305776596069, 0.04062287509441376)","(0.6131254434585571, 0.836725652217865, 0.0497998483479023)","(0.6098244786262512, 0.8093634247779846, 0.05634142830967903)",Grasp
2585,"(0.6052308082580566, 0.5898172855377197, -2.5975938910960394e-07)","(0.5445975065231323, 0.5916807651519775, 0.007616439368575811)","(0.5176247358322144, 0.6528010368347168, 0.016271768137812614)","(0.5206523537635803, 0.7193809747695923, 0.025622334331274033)","(0.5395909547805786, 0.7519322633743286, 0.03368997573852539)","(0.5241491794586182, 0.7853838801383972, 0.006528858095407486)","(0.51833176612854, 0.7681922912597656, 0.01824471354484558)","(0.5240664482116699, 0.7326620221138, 0.021076565608382225)","(0.5331346392631531, 0.7148251533508301, 0.02108077146112919)","(0.5582185983657837, 0.8137184381484985, 0.006670829374343157)","(0.5493689179420471, 0.786287248134613, 0.027934787794947624)","(0.5541009306907654, 0.7466564178466797, 0.03317519277334213)","(0.5615199208259583, 0.7212790250778198, 0.03113868273794651)","(0.5933303833007812, 0.8128803372383118, 0.009127495810389519)","(0.5809226036071777, 0.8056597113609314, 0.021727079525589943)","(0.5821576118469238, 0.7678269743919373, 0.02380000613629818)","(0.5893614292144775, 0.7348995804786682, 0.02134723961353302)","(0.6262234449386597, 0.7970591187477112, 0.013039776124060154)","(0.6221708655357361, 0.8487735390663147, 0.018628081306815147)","(0.6153039932250977, 0.8361496925354004, 0.02449815720319748)","(0.6129980087280273, 0.807682991027832, 0.028415611013770103)",Grasp
2586,"(0.6047171950340271, 0.5887255072593689, -2.761914572602109e-07)","(0.5436436533927917, 0.5916461944580078, 0.011870670132339)","(0.517243504524231, 0.6543452143669128, 0.023298952728509903)","(0.5198541283607483, 0.7185081839561462, 0.03458990529179573)","(0.5381382703781128, 0.7502558827400208, 0.044301386922597885)","(0.524017333984375, 0.790533721446991, 0.01507690828293562)","(0.5167190432548523, 0.7686019539833069, 0.028651058673858643)","(0.5223338603973389, 0.7324346303939819, 0.030428709462285042)","(0.5312084555625916, 0.7140970230102539, 0.029447637498378754)","(0.5577664971351624, 0.8162407279014587, 0.014225534163415432)","(0.5477127432823181, 0.7839128375053406, 0.03877374902367592)","(0.5522646307945251, 0.742857813835144, 0.04293283447623253)","(0.5592436194419861, 0.7176696062088013, 0.0394628681242466)","(0.5926342606544495, 0.8122078776359558, 0.01576274447143078)","(0.5786149501800537, 0.7993248701095581, 0.031515173614025116)","(0.5785012245178223, 0.7625088691711426, 0.03207489103078842)","(0.5846201181411743, 0.7297844886779785, 0.027708353474736214)","(0.6253947019577026, 0.7936469316482544, 0.01903839036822319)","(0.6233575940132141, 0.8408077955245972, 0.026971690356731415)","(0.6159424185752869, 0.8376460075378418, 0.03170088678598404)","(0.612443745136261, 0.8182492852210999, 0.03407515212893486)",Grasp
2587,"(0.6060954332351685, 0.5907061696052551, -2.6726203827820427e-07)","(0.5444653034210205, 0.5909693241119385, 0.013961629010736942)","(0.5169929265975952, 0.6495886445045471, 0.027758454903960228)","(0.5179593563079834, 0.7095761895179749, 0.04138777032494545)","(0.5349499583244324, 0.7406421303749084, 0.053704313933849335)","(0.5237040519714355, 0.7920761704444885, 0.021579435095191002)","(0.5184175372123718, 0.7701859474182129, 0.038516364991664886)","(0.5236479640007019, 0.7363309264183044, 0.04140176624059677)","(0.5317144393920898, 0.7189061641693115, 0.04091920703649521)","(0.557779848575592, 0.816260039806366, 0.0208111759275198)","(0.5499666929244995, 0.7848713994026184, 0.04866189509630203)","(0.5547343492507935, 0.7453155517578125, 0.05281958729028702)","(0.56160569190979, 0.721076488494873, 0.049079254269599915)","(0.5931099057197571, 0.8115806579589844, 0.022521162405610085)","(0.5814237594604492, 0.7975684404373169, 0.04089444503188133)","(0.5822728872299194, 0.7609178423881531, 0.04126319661736488)","(0.5881675481796265, 0.7291999459266663, 0.03661030903458595)","(0.6260107755661011, 0.7926948070526123, 0.02608640491962433)","(0.624144434928894, 0.8390966653823853, 0.0367557518184185)","(0.6170129179954529, 0.8402950763702393, 0.04215758293867111)","(0.6129088401794434, 0.8268526196479797, 0.044710759073495865)",Grasp
2588,"(0.6086552143096924, 0.5933951139450073, -2.8465672130550956e-07)","(0.5451574921607971, 0.5962137579917908, 0.021404296159744263)","(0.516423761844635, 0.6520876884460449, 0.040873292833566666)","(0.5153053402900696, 0.707786500453949, 0.059560783207416534)","(0.5330880880355835, 0.7347416281700134, 0.07688798755407333)","(0.5249513387680054, 0.7951281070709229, 0.03391696885228157)","(0.5166529417037964, 0.7685735821723938, 0.05674083158373833)","(0.5219656825065613, 0.734673023223877, 0.061139702796936035)","(0.530448317527771, 0.7192577123641968, 0.06089093163609505)","(0.5586963295936584, 0.8174058794975281, 0.032253000885248184)","(0.547229528427124, 0.7847254872322083, 0.06658978015184402)","(0.5516267418861389, 0.7453798055648804, 0.07102025300264359)","(0.559283435344696, 0.7227358222007751, 0.06617987155914307)","(0.5934115648269653, 0.812999963760376, 0.03366102650761604)","(0.5771570205688477, 0.7989884614944458, 0.05849060043692589)","(0.5775617957115173, 0.7630646824836731, 0.058928232640028)","(0.583998441696167, 0.7331182956695557, 0.05277173966169357)","(0.624901533126831, 0.7962539196014404, 0.03744116798043251)","(0.6207801699638367, 0.8397243618965149, 0.05311465635895729)","(0.6147138476371765, 0.8347903490066528, 0.05951657146215439)","(0.6117820739746094, 0.8179918527603149, 0.06169258430600166)",Grasp
2589,"(0.6099387407302856, 0.5932260751724243, -3.121225518043502e-07)","(0.5468740463256836, 0.5931876301765442, 0.020772038027644157)","(0.5177650451660156, 0.6397376656532288, 0.04124552384018898)","(0.5114625692367554, 0.6877803206443787, 0.0622120201587677)","(0.5261344909667969, 0.7149894833564758, 0.08222044259309769)","(0.5232084393501282, 0.7971279621124268, 0.03159105405211449)","(0.5165627002716064, 0.7594760060310364, 0.054887555539608)","(0.5225340127944946, 0.7241105437278748, 0.05869903787970543)","(0.5313058495521545, 0.7107996344566345, 0.05815541371703148)","(0.5571961998939514, 0.8179976940155029, 0.031814925372600555)","(0.5467588305473328, 0.7783930897712708, 0.06731680780649185)","(0.5518844723701477, 0.7369242310523987, 0.07197549194097519)","(0.5604382753372192, 0.7152043581008911, 0.06695860624313354)","(0.5932928919792175, 0.8134405016899109, 0.035439543426036835)","(0.5792111754417419, 0.7940276861190796, 0.06155337765812874)","(0.58098965883255, 0.7558053731918335, 0.061981238424777985)","(0.587794303894043, 0.7260273098945618, 0.05561409890651703)","(0.626282811164856, 0.7972545027732849, 0.04151133447885513)","(0.6223532557487488, 0.8431307077407837, 0.05741111934185028)","(0.6173216104507446, 0.8438127040863037, 0.06325484812259674)","(0.6149708032608032, 0.8319383859634399, 0.06490782648324966)",Grasp
2590,"(0.6103410720825195, 0.5937496423721313, -3.031244091289409e-07)","(0.5474244952201843, 0.598760724067688, 0.01737019792199135)","(0.5170211791992188, 0.6413986682891846, 0.0344700925052166)","(0.5092452764511108, 0.6881567239761353, 0.05213336646556854)","(0.5250634551048279, 0.7140989899635315, 0.06892148405313492)","(0.525976300239563, 0.7987427711486816, 0.02565871737897396)","(0.5170061588287354, 0.7597112655639648, 0.04477379843592644)","(0.5234127044677734, 0.7227137088775635, 0.0467149093747139)","(0.5333901047706604, 0.7085985541343689, 0.0454278364777565)","(0.5607480406761169, 0.8203020095825195, 0.02622048370540142)","(0.5474722981452942, 0.7801671028137207, 0.05624958127737045)","(0.5528476238250732, 0.7378886342048645, 0.058808859437704086)","(0.5619252324104309, 0.7142015695571899, 0.05318869277834892)","(0.5967540740966797, 0.8155173659324646, 0.03001476638019085)","(0.580079972743988, 0.7991240620613098, 0.05230846256017685)","(0.5813465714454651, 0.7595605850219727, 0.05187791958451271)","(0.5878771543502808, 0.7273390293121338, 0.04561127722263336)","(0.6291965246200562, 0.7991276979446411, 0.03607512265443802)","(0.6241945028305054, 0.8443588614463806, 0.049724459648132324)","(0.6188710927963257, 0.8408748507499695, 0.055110905319452286)","(0.6157855987548828, 0.8247681856155396, 0.05684467777609825)",Grasp
2591,"(0.6108390092849731, 0.5956488251686096, -2.842562878413446e-07)","(0.5471685528755188, 0.601416826248169, 0.012261226773262024)","(0.5168881416320801, 0.6422393321990967, 0.023932885378599167)","(0.508328914642334, 0.6876490116119385, 0.03660881891846657)","(0.52311110496521, 0.7117889523506165, 0.04885962978005409)","(0.5273112654685974, 0.7996731400489807, 0.012578105553984642)","(0.5160751938819885, 0.7631784081459045, 0.024910906329751015)","(0.5213029384613037, 0.7263339757919312, 0.024837061762809753)","(0.5313173532485962, 0.7113320231437683, 0.02258564531803131)","(0.5624926686286926, 0.8206680417060852, 0.012783030048012733)","(0.5456783771514893, 0.7853047251701355, 0.03506718575954437)","(0.5491715669631958, 0.7448136210441589, 0.0379345528781414)","(0.5581178069114685, 0.7219310998916626, 0.03342482075095177)","(0.5980703830718994, 0.8151077628135681, 0.01575007662177086)","(0.5782845616340637, 0.802881121635437, 0.03186485171318054)","(0.5780859589576721, 0.7666889429092407, 0.032279063016176224)","(0.5850090980529785, 0.7363162040710449, 0.027356570586562157)","(0.6299887895584106, 0.7980096936225891, 0.020489824935793877)","(0.6245773434638977, 0.8413059711456299, 0.029285186901688576)","(0.6182849407196045, 0.839330792427063, 0.03325452655553818)","(0.6149314641952515, 0.8251627683639526, 0.03443899005651474)",Grasp
2592,"(0.6108452677726746, 0.6020926237106323, -2.667300691427954e-07)","(0.548393726348877, 0.602995753288269, 0.012490402907133102)","(0.5169941782951355, 0.6402518153190613, 0.025011640042066574)","(0.5074265003204346, 0.6802238821983337, 0.038192931562662125)","(0.5192193388938904, 0.7041774988174438, 0.0510067455470562)","(0.5276117920875549, 0.8061593174934387, 0.016414418816566467)","(0.5170230865478516, 0.7674325704574585, 0.02898329123854637)","(0.521623432636261, 0.7309076189994812, 0.02878422476351261)","(0.530981719493866, 0.7147929668426514, 0.0264582596719265)","(0.563075602054596, 0.8250572681427002, 0.01630415953695774)","(0.5470945239067078, 0.7886895537376404, 0.03780430927872658)","(0.5500635504722595, 0.7477776408195496, 0.04057042673230171)","(0.5580371618270874, 0.7240722179412842, 0.03639696165919304)","(0.5993586182594299, 0.8176121711730957, 0.018535207957029343)","(0.5804659724235535, 0.8046181201934814, 0.03239740803837776)","(0.5800628066062927, 0.768230676651001, 0.03289594501256943)","(0.5860512852668762, 0.7376653552055359, 0.028967740014195442)","(0.6319689154624939, 0.7995999455451965, 0.022570159286260605)","(0.6249825358390808, 0.8422929048538208, 0.02930651232600212)","(0.6187926530838013, 0.8406348824501038, 0.03301690146327019)","(0.6152955293655396, 0.8262998461723328, 0.034548480063676834)",Move
2593,"(0.612628161907196, 0.5983206033706665, -3.181623924319865e-07)","(0.5506086349487305, 0.6027383804321289, 0.013280718587338924)","(0.5185297131538391, 0.6413037776947021, 0.027376050129532814)","(0.5074859261512756, 0.6808910369873047, 0.04206495359539986)","(0.5192679762840271, 0.7048588991165161, 0.05608677864074707)","(0.5288615226745605, 0.8068358898162842, 0.019128749147057533)","(0.5192522406578064, 0.7619253396987915, 0.03208010271191597)","(0.5243713855743408, 0.7258636355400085, 0.030129291117191315)","(0.5342175960540771, 0.7126447558403015, 0.026333006098866463)","(0.5638048052787781, 0.8250482082366943, 0.018743451684713364)","(0.5491753816604614, 0.7816129326820374, 0.04132107272744179)","(0.5532329082489014, 0.7405403852462769, 0.0417448990046978)","(0.5623893141746521, 0.7189022302627563, 0.035426367074251175)","(0.5996423959732056, 0.8171419501304626, 0.020790113136172295)","(0.582243800163269, 0.7995310425758362, 0.03507528826594353)","(0.5826420783996582, 0.7609116435050964, 0.033144332468509674)","(0.5888426303863525, 0.7300631999969482, 0.02729065716266632)","(0.632419228553772, 0.7989457845687866, 0.02479388751089573)","(0.627753734588623, 0.8459799885749817, 0.030601564794778824)","(0.6217769980430603, 0.851066529750824, 0.03265286237001419)","(0.6175744533538818, 0.8431487679481506, 0.03293367475271225)",Move
2594,"(0.615199625492096, 0.5960257053375244, -3.2187742249334406e-07)","(0.5506047010421753, 0.6056504249572754, 0.01777731068432331)","(0.5187563896179199, 0.6430104374885559, 0.0363084077835083)","(0.5078720450401306, 0.6805260181427002, 0.05568557605147362)","(0.5196424722671509, 0.7023264765739441, 0.07462459057569504)","(0.5318157076835632, 0.8086434602737427, 0.026927953585982323)","(0.5204479098320007, 0.764257550239563, 0.04596034437417984)","(0.5249769687652588, 0.7254177927970886, 0.047487854957580566)","(0.5344751477241516, 0.7106948494911194, 0.04568122327327728)","(0.5681779384613037, 0.8239815831184387, 0.02729533240199089)","(0.5503331422805786, 0.7850101590156555, 0.05573612451553345)","(0.5542164444923401, 0.7404070496559143, 0.057447340339422226)","(0.5637409090995789, 0.7170408964157104, 0.0514044463634491)","(0.6045013666152954, 0.8143337965011597, 0.03075370192527771)","(0.5843098163604736, 0.8023284673690796, 0.051097266376018524)","(0.5842708945274353, 0.7613124251365662, 0.049773141741752625)","(0.5903844833374023, 0.7287271022796631, 0.043342188000679016)","(0.6362541317939758, 0.795375406742096, 0.036616820842027664)","(0.6302604675292969, 0.8463608026504517, 0.04681006819009781)","(0.623049795627594, 0.8495922684669495, 0.04973677918314934)","(0.6177476644515991, 0.8394804000854492, 0.05008607357740402)",Move
2595,"(0.6161719560623169, 0.5962820053100586, -2.9023684078310907e-07)","(0.5518834590911865, 0.6063209176063538, 0.01289565209299326)","(0.5181939005851746, 0.6432567834854126, 0.02574012614786625)","(0.5067265629768372, 0.6820133924484253, 0.03919386863708496)","(0.5196561813354492, 0.7013487815856934, 0.05231769010424614)","(0.533742368221283, 0.8102428317070007, 0.01685566082596779)","(0.5181622505187988, 0.770227313041687, 0.02919343113899231)","(0.521938681602478, 0.7298932671546936, 0.027996789664030075)","(0.53218674659729, 0.7135761976242065, 0.024562060832977295)","(0.5699103474617004, 0.8266514539718628, 0.016439341008663177)","(0.5488999485969543, 0.791286826133728, 0.036954302340745926)","(0.5510495901107788, 0.7480912208557129, 0.03741481527686119)","(0.5602521300315857, 0.7248357534408569, 0.03138686716556549)","(0.6055616736412048, 0.8174460530281067, 0.018521206453442574)","(0.582603394985199, 0.810566782951355, 0.03210985288023949)","(0.5813177824020386, 0.7730380296707153, 0.03039565682411194)","(0.5876829028129578, 0.7422688603401184, 0.024617694318294525)","(0.6369965076446533, 0.7993777990341187, 0.022587817162275314)","(0.6303242444992065, 0.8487396240234375, 0.028054671362042427)","(0.6246048808097839, 0.847443163394928, 0.02988232858479023)","(0.6212686896324158, 0.8337875604629517, 0.0299677774310112)",Move
2596,"(0.6178019046783447, 0.5984290838241577, -2.8738520541082835e-07)","(0.5520150661468506, 0.6090018153190613, 0.011116273701190948)","(0.5170395970344543, 0.646836519241333, 0.023037105798721313)","(0.5060713887214661, 0.6890589594841003, 0.03620527312159538)","(0.5220742225646973, 0.7070893049240112, 0.049246646463871)","(0.5363602042198181, 0.8122592568397522, 0.013137570582330227)","(0.518706202507019, 0.7734944224357605, 0.02481062337756157)","(0.5227838754653931, 0.7322015166282654, 0.023800481110811234)","(0.5332050919532776, 0.716103196144104, 0.020502613857388496)","(0.572697639465332, 0.829337477684021, 0.013360802084207535)","(0.5492955446243286, 0.7943205833435059, 0.0332806259393692)","(0.5513833165168762, 0.7505630850791931, 0.03421657904982567)","(0.5607104897499084, 0.7280415892601013, 0.0285188015550375)","(0.6078540086746216, 0.8204036355018616, 0.016070015728473663)","(0.5827726125717163, 0.8115384578704834, 0.029446588829159737)","(0.580560028553009, 0.7740299105644226, 0.027902599424123764)","(0.5865644216537476, 0.7433971166610718, 0.02211017534136772)","(0.6389375329017639, 0.8024422526359558, 0.020602552220225334)","(0.6316499710083008, 0.8480053544044495, 0.026283036917448044)","(0.6252095103263855, 0.8460921049118042, 0.028119873255491257)","(0.6215916872024536, 0.8324658274650574, 0.02803010866045952)",Move
2597,"(0.619770884513855, 0.5986962914466858, -2.963244583042979e-07)","(0.5541622042655945, 0.6099390387535095, 0.010505610145628452)","(0.5193296670913696, 0.6457129120826721, 0.02153065986931324)","(0.5071187019348145, 0.6854287385940552, 0.03404887393116951)","(0.5214475393295288, 0.7026761770248413, 0.04650368541479111)","(0.5385815501213074, 0.8153713941574097, 0.011147292330861092)","(0.5201167464256287, 0.7726473808288574, 0.02225637435913086)","(0.5237627029418945, 0.7319205403327942, 0.02074161171913147)","(0.5340558290481567, 0.7156332731246948, 0.017077114433050156)","(0.5748028755187988, 0.8301833271980286, 0.011578135192394257)","(0.5508570671081543, 0.7906996607780457, 0.030832506716251373)","(0.5527093410491943, 0.7471698522567749, 0.030876096338033676)","(0.5621959567070007, 0.7251549363136292, 0.024466969072818756)","(0.6094030737876892, 0.8197169303894043, 0.014671440236270428)","(0.5846937894821167, 0.8061917424201965, 0.027947181835770607)","(0.5820539593696594, 0.7693486213684082, 0.02585720084607601)","(0.5879004001617432, 0.739260196685791, 0.01952068693935871)","(0.6401440501213074, 0.8009716272354126, 0.019566716626286507)","(0.6344298124313354, 0.8428041934967041, 0.024938132613897324)","(0.627977728843689, 0.8464758992195129, 0.025930993258953094)","(0.6235811114311218, 0.8397232890129089, 0.025120887905359268)",Move
2598,"(0.62253737449646, 0.6008428335189819, -2.805840040309704e-07)","(0.5556463003158569, 0.6137279868125916, 0.008557154797017574)","(0.519145131111145, 0.6506333351135254, 0.017746493220329285)","(0.5078420639038086, 0.6893526315689087, 0.028457270935177803)","(0.5213707089424133, 0.7010212540626526, 0.039085496217012405)","(0.541243314743042, 0.8167939186096191, 0.006925486959517002)","(0.5208926796913147, 0.7734845876693726, 0.015481195412576199)","(0.523992657661438, 0.730469286441803, 0.012880204245448112)","(0.5348618626594543, 0.7125731706619263, 0.008468253538012505)","(0.5782897472381592, 0.831876814365387, 0.0071625192649662495)","(0.5519962906837463, 0.7934954762458801, 0.02415846846997738)","(0.5537062287330627, 0.7490314841270447, 0.024440312758088112)","(0.5645272135734558, 0.7268121242523193, 0.01831809990108013)","(0.6126970648765564, 0.8222439289093018, 0.009866390377283096)","(0.5859037041664124, 0.8072336912155151, 0.021611817181110382)","(0.584092378616333, 0.7691153883934021, 0.020526351407170296)","(0.5919753313064575, 0.7393272519111633, 0.01497560739517212)","(0.6429684162139893, 0.805429220199585, 0.014037344604730606)","(0.6337529420852661, 0.8425889015197754, 0.017428889870643616)","(0.6267738342285156, 0.8372501730918884, 0.018462423235177994)","(0.6234961152076721, 0.8229849338531494, 0.018022308126091957)",Move
2599,"(0.6243293285369873, 0.6027971506118774, -2.4171987433874165e-07)","(0.5581228733062744, 0.6165031790733337, -0.0008488128078170121)","(0.5204322338104248, 0.6536455154418945, 0.0013692235806956887)","(0.5090303421020508, 0.6898742914199829, 0.006468934938311577)","(0.5228201150894165, 0.6986467838287354, 0.011628201231360435)","(0.5479929447174072, 0.821966826915741, -0.009301121346652508)","(0.5207278728485107, 0.7779428362846375, -0.008163291029632092)","(0.5208898782730103, 0.7309889197349548, -0.014528924599289894)","(0.531622052192688, 0.7079906463623047, -0.020754370838403702)","(0.5846511721611023, 0.833385169506073, -0.007183372974395752)","(0.5529992580413818, 0.798647403717041, 0.0021279556676745415)","(0.5518558621406555, 0.7516281604766846, 0.0003855646646115929)","(0.5626118183135986, 0.7255417704582214, -0.006350014358758926)","(0.6186920404434204, 0.8210250735282898, -0.0032071522437036037)","(0.5885484218597412, 0.8108524084091187, 0.0019441955955699086)","(0.5842874050140381, 0.7713252305984497, -0.00041631844942457974)","(0.5916431546211243, 0.7378339171409607, -0.005956233013421297)","(0.6483110785484314, 0.8021261096000671, 0.0016105188988149166)","(0.6395268440246582, 0.8476866483688354, -0.0009146066731773317)","(0.6310566067695618, 0.8476742506027222, -0.002468336373567581)","(0.6265744566917419, 0.8361525535583496, -0.004394502844661474)",Move
2600,"(0.6264746785163879, 0.604268491268158, -2.4150645572262874e-07)","(0.5599216818809509, 0.619176983833313, 0.0012614033184945583)","(0.5219919681549072, 0.656772792339325, 0.005056997295469046)","(0.5093767046928406, 0.6919252276420593, 0.011260900646448135)","(0.5190487504005432, 0.6969518065452576, 0.017590003088116646)","(0.5500165820121765, 0.8241850733757019, -0.004989107139408588)","(0.5237462520599365, 0.7874836325645447, -0.001770350500009954)","(0.5219442248344421, 0.7404757142066956, -0.0059135835617780685)","(0.530997633934021, 0.7128311991691589, -0.0103865135461092)","(0.5864619016647339, 0.83599853515625, -0.0031890803948044777)","(0.5556705594062805, 0.8071273565292358, 0.007762503810226917)","(0.5529388189315796, 0.7616191506385803, 0.006667803041636944)","(0.5621583461761475, 0.7334210276603699, 0.0005715946899726987)","(0.6198301315307617, 0.8236068487167358, 0.0005417114589363337)","(0.5906354188919067, 0.8157533407211304, 0.007194222416728735)","(0.5852766036987305, 0.7778746485710144, 0.004445713944733143)","(0.5912413597106934, 0.7445119023323059, -0.0014007430290803313)","(0.6489045023918152, 0.8040087223052979, 0.00527932308614254)","(0.6414470076560974, 0.8453376293182373, 0.004629490431398153)","(0.6336977481842041, 0.8419539332389832, 0.0034261122345924377)","(0.62969970703125, 0.8271869421005249, 0.001704988768324256)",Move
2601,"(0.6286290884017944, 0.6041743755340576, -1.506067945911127e-07)","(0.5610291957855225, 0.6196425557136536, -0.0008940895204432309)","(0.5224000811576843, 0.6586591005325317, 0.0008525983430445194)","(0.5099679827690125, 0.6958491802215576, 0.005534682888537645)","(0.522102952003479, 0.6993466019630432, 0.010773938149213791)","(0.5536788105964661, 0.8236031532287598, -0.01010818313807249)","(0.528271496295929, 0.8052844405174255, -0.007441941648721695)","(0.5231021642684937, 0.7575170993804932, -0.009000145830214024)","(0.5299185514450073, 0.7241358160972595, -0.011167572811245918)","(0.5899799466133118, 0.8373403549194336, -0.007507090922445059)","(0.5593987703323364, 0.8260638117790222, 0.0015220368513837457)","(0.5534259676933289, 0.7831876277923584, 0.0023915276397019625)","(0.5602993965148926, 0.7524321675300598, -0.001547449384815991)","(0.6235485076904297, 0.8272168040275574, -0.0030116939451545477)","(0.5930842757225037, 0.8299646973609924, 0.0031223539263010025)","(0.5852671265602112, 0.7971893548965454, 0.001885363133624196)","(0.5900309681892395, 0.7638077139854431, -0.002670868067070842)","(0.6531028747558594, 0.8078771829605103, 0.0022410510573536158)","(0.6425639986991882, 0.8463664650917053, 0.0017038629157468677)","(0.6327328085899353, 0.8326030969619751, 0.0012695400509983301)","(0.6284631490707397, 0.806705892086029, 0.00037762796273455024)",Move
2602,"(0.6304528117179871, 0.602993369102478, -5.963605786973858e-08)","(0.5620014071464539, 0.620215654373169, -0.003788237925618887)","(0.5214126706123352, 0.6625072956085205, -0.002767973579466343)","(0.509474515914917, 0.703912079334259, 0.0015368619933724403)","(0.521910548210144, 0.7054593563079834, 0.006990687921643257)","(0.5588210821151733, 0.8252725005149841, -0.009382751770317554)","(0.5326600670814514, 0.823752760887146, -0.00501212477684021)","(0.5244437456130981, 0.7765712738037109, -0.0038597185630351305)","(0.5287286639213562, 0.7377974390983582, -0.0033930069766938686)","(0.595693826675415, 0.8396691083908081, -0.004797786939889193)","(0.5633494853973389, 0.8413265943527222, 0.004295543767511845)","(0.5528159141540527, 0.79988032579422, 0.00573233375325799)","(0.5558273792266846, 0.7625517845153809, 0.0034046948421746492)","(0.6280796527862549, 0.8300296664237976, 0.001416024868376553)","(0.5958760976791382, 0.842151403427124, 0.008185184560716152)","(0.5837054252624512, 0.8101926445960999, 0.0062642451375722885)","(0.5850808024406433, 0.7706802487373352, 0.0020467897411435843)","(0.656120777130127, 0.8109623789787292, 0.008111866191029549)","(0.6445350050926208, 0.8500096797943115, 0.009393949061632156)","(0.633696436882019, 0.8334432244300842, 0.009151089936494827)","(0.6288052201271057, 0.8012894988059998, 0.008761689998209476)",Move
2603,"(0.6322238445281982, 0.6010007262229919, -5.671062552892181e-08)","(0.5636324286460876, 0.6165847778320312, -0.004505242686718702)","(0.5240358114242554, 0.6610816717147827, -0.005078580230474472)","(0.5095790028572083, 0.7009633183479309, -0.0025809125509113073)","(0.5145113468170166, 0.7011557817459106, 0.0009895928669720888)","(0.5605283975601196, 0.8250861763954163, -0.01316519733518362)","(0.534031093120575, 0.8330661058425903, -0.0123156001791358)","(0.5234386920928955, 0.785820484161377, -0.013215315528213978)","(0.5259920358657837, 0.7432661056518555, -0.013594789430499077)","(0.5978485345840454, 0.8399716019630432, -0.009281282313168049)","(0.5657778382301331, 0.8491199612617493, -0.0026918575167655945)","(0.5532151460647583, 0.8081184029579163, -0.0015628575347363949)","(0.5546965003013611, 0.7686053514480591, -0.003689138451591134)","(0.6307157874107361, 0.8305102586746216, -0.003920858725905418)","(0.5993162393569946, 0.8483004570007324, 0.001037630601786077)","(0.5856987833976746, 0.8173072338104248, -0.0005311569548211992)","(0.5857994556427002, 0.7767109274864197, -0.004223673604428768)","(0.6587175130844116, 0.8105025291442871, 0.0017626708140596747)","(0.6470686793327332, 0.8499417304992676, 0.0015783592825755477)","(0.6341267228126526, 0.8312041163444519, 0.0014763681683689356)","(0.6277220249176025, 0.7956541776657104, 0.0015476845437660813)",Move
2604,"(0.6342759728431702, 0.5952490568161011, -7.665038048720874e-10)","(0.5655749440193176, 0.6140933036804199, -0.007149993441998959)","(0.5254606604576111, 0.6614574193954468, -0.008364391513168812)","(0.5082887411117554, 0.7014885544776917, -0.005268720909953117)","(0.5092173218727112, 0.700975239276886, -0.0008142621954903007)","(0.5650969743728638, 0.8251810073852539, -0.017932862043380737)","(0.5355888605117798, 0.8389578461647034, -0.015690241008996964)","(0.521814227104187, 0.7926767468452454, -0.014546467922627926)","(0.5216046571731567, 0.7500074505805969, -0.01342274434864521)","(0.6033778190612793, 0.8388617634773254, -0.011468113400042057)","(0.5675385594367981, 0.8556650280952454, -0.004767579026520252)","(0.5507326722145081, 0.813420832157135, -0.0026386489626020193)","(0.5488014817237854, 0.770506739616394, -0.0036183656193315983)","(0.6358998417854309, 0.8285408020019531, -0.0032495325431227684)","(0.6014624238014221, 0.8538773655891418, 0.002433222020044923)","(0.5828680396080017, 0.82210773229599, 0.00059907091781497)","(0.5789857506752014, 0.7778568267822266, -0.0031123938970267773)","(0.6628418564796448, 0.8078593611717224, 0.005250793416053057)","(0.6497023701667786, 0.8519908785820007, 0.005466677248477936)","(0.6341419219970703, 0.8346128463745117, 0.00452758464962244)","(0.6248770356178284, 0.7984628081321716, 0.0040668584406375885)",Move
2605,"(0.6383496522903442, 0.5961044430732727, 4.135059583632028e-08)","(0.5691449642181396, 0.6131373643875122, -0.012156634591519833)","(0.5285483598709106, 0.659163236618042, -0.017343292012810707)","(0.5089669823646545, 0.69721919298172, -0.018035637214779854)","(0.5045842528343201, 0.7016451358795166, -0.017374517396092415)","(0.5661486983299255, 0.8264421224594116, -0.024339312687516212)","(0.5348798036575317, 0.8424936532974243, -0.02715934067964554)","(0.5197228789329529, 0.7968893647193909, -0.029542667791247368)","(0.517603874206543, 0.7529462575912476, -0.0302373468875885)","(0.6047820448875427, 0.8412855267524719, -0.017542876303195953)","(0.569151759147644, 0.8590255379676819, -0.0158686563372612)","(0.5502493977546692, 0.8191316723823547, -0.016226807609200478)","(0.5457781553268433, 0.7748901844024658, -0.01805434748530388)","(0.6382599472999573, 0.8314741253852844, -0.009509129449725151)","(0.6040374040603638, 0.8560431003570557, -0.007905085571110249)","(0.5837116241455078, 0.8265460729598999, -0.010576135478913784)","(0.5777570009231567, 0.7823656797409058, -0.01394872460514307)","(0.6659000515937805, 0.8102260231971741, -0.0017219842411577702)","(0.6531456708908081, 0.8523705005645752, -0.00426091905683279)","(0.6365736722946167, 0.8364262580871582, -0.005387334618717432)","(0.6258939504623413, 0.7996095418930054, -0.005232298281043768)",Move
2606,"(0.6430439352989197, 0.5847544074058533, 6.364504656630743e-08)","(0.5744183659553528, 0.606106162071228, -0.015956157818436623)","(0.5317600965499878, 0.6571335792541504, -0.021988168358802795)","(0.5075138211250305, 0.6966596245765686, -0.022557610645890236)","(0.49645477533340454, 0.6980305910110474, -0.02131427824497223)","(0.5722361207008362, 0.8302189707756042, -0.02408202923834324)","(0.5360817313194275, 0.8457210659980774, -0.024576298892498016)","(0.5186231136322021, 0.796109139919281, -0.025111878290772438)","(0.5152676105499268, 0.7497541904449463, -0.025041406974196434)","(0.611126184463501, 0.8433611989021301, -0.014687913469970226)","(0.5686277151107788, 0.8565911054611206, -0.012215673923492432)","(0.5475295782089233, 0.8077273964881897, -0.012836665846407413)","(0.54241943359375, 0.7565996646881104, -0.014683165587484837)","(0.6434862017631531, 0.8309388756752014, -0.004343538079410791)","(0.6040122509002686, 0.851829469203949, -0.002498660469427705)","(0.5813432931900024, 0.8163476586341858, -0.006763442885130644)","(0.5744346380233765, 0.7654066681861877, -0.011128352023661137)","(0.6696110367774963, 0.8077535033226013, 0.00549322972074151)","(0.6506175994873047, 0.8428316712379456, 0.001517074997536838)","(0.6322360634803772, 0.8224538564682007, -0.0022420878522098064)","(0.6215186715126038, 0.7843011617660522, -0.0037399479188024998)",Move
2607,"(0.6484695076942444, 0.5726926326751709, 8.181450539268553e-08)","(0.5787991881370544, 0.6012007594108582, -0.017758622765541077)","(0.5319928526878357, 0.6572802066802979, -0.023131592199206352)","(0.5044679045677185, 0.6967331171035767, -0.021890519186854362)","(0.4919624328613281, 0.700063943862915, -0.018369702622294426)","(0.5770026445388794, 0.8327921628952026, -0.023733865469694138)","(0.5344573259353638, 0.8442785739898682, -0.02161579206585884)","(0.5151552557945251, 0.7928873300552368, -0.02046569436788559)","(0.5097256898880005, 0.7465278506278992, -0.019319280982017517)","(0.616118848323822, 0.8447397351264954, -0.011580328457057476)","(0.5659006237983704, 0.8475737571716309, -0.007136368192732334)","(0.5421440005302429, 0.7927152514457703, -0.00747240986675024)","(0.5345414280891418, 0.7377930879592896, -0.008928327821195126)","(0.6470475196838379, 0.8305566906929016, 0.0017526127630844712)","(0.5999907851219177, 0.8394960761070251, 0.006078553386032581)","(0.5739322304725647, 0.7971495389938354, 0.0017323243664577603)","(0.5637393593788147, 0.7415132522583008, -0.00269304309040308)","(0.6707741022109985, 0.8066689968109131, 0.014417912811040878)","(0.6420392990112305, 0.8308236598968506, 0.012497822754085064)","(0.6217831969261169, 0.8048259615898132, 0.008713535964488983)","(0.6101858615875244, 0.7650237083435059, 0.007265682332217693)",Move
2608,"(0.6483743190765381, 0.5644569993019104, 1.2411540240009344e-07)","(0.5767091512680054, 0.5965428948402405, -0.01603090390563011)","(0.5292115807533264, 0.6529354453086853, -0.01788758672773838)","(0.5010451078414917, 0.6926906704902649, -0.012839098460972309)","(0.490719199180603, 0.6977930665016174, -0.0056488304398953915)","(0.5790567398071289, 0.8313126564025879, -0.01561050582677126)","(0.5315256118774414, 0.8393597602844238, -0.007793528493493795)","(0.5106609463691711, 0.7898899912834167, -0.004479123279452324)","(0.5028797388076782, 0.7458539009094238, -0.0021698467899113894)","(0.6189420223236084, 0.8397114872932434, -0.0010884759249165654)","(0.5631958842277527, 0.8371318578720093, 0.00891058798879385)","(0.5365011096000671, 0.7815549373626709, 0.008080298081040382)","(0.5250571966171265, 0.7257312536239624, 0.005693939048796892)","(0.6487650871276855, 0.8213074207305908, 0.015000611543655396)","(0.5972244739532471, 0.8249306678771973, 0.024709118530154228)","(0.5673127174377441, 0.7821528315544128, 0.018171845003962517)","(0.5529331564903259, 0.7248542904853821, 0.011502510868012905)","(0.6706528663635254, 0.7964575886726379, 0.03068678453564644)","(0.6395413875579834, 0.8186850547790527, 0.03261620178818703)","(0.6176736950874329, 0.7941303849220276, 0.027889616787433624)","(0.6027538776397705, 0.7546718716621399, 0.02535916678607464)",Move
2609,"(0.6498644351959229, 0.5553476810455322, 1.1530953969440816e-07)","(0.5752602815628052, 0.585817277431488, -0.010586561635136604)","(0.5269979238510132, 0.6477845907211304, -0.005467059090733528)","(0.4975495934486389, 0.6880243420600891, 0.006791232153773308)","(0.48590388894081116, 0.6933532953262329, 0.021228086203336716)","(0.5796026587486267, 0.8299788236618042, -0.003548603504896164)","(0.5301564931869507, 0.837126612663269, 0.01375119760632515)","(0.5074639320373535, 0.7861025333404541, 0.021368667483329773)","(0.4984036386013031, 0.7427230477333069, 0.0257724579423666)","(0.6202177405357361, 0.8346498608589172, 0.012994994409382343)","(0.5620014667510986, 0.8307432532310486, 0.03396697714924812)","(0.5335107445716858, 0.7738534808158875, 0.035043951123952866)","(0.520194411277771, 0.718725323677063, 0.03232143819332123)","(0.6490687131881714, 0.8121062517166138, 0.03190607950091362)","(0.5962502956390381, 0.8146929740905762, 0.05181238427758217)","(0.5653091073036194, 0.7708972692489624, 0.04439103230834007)","(0.5497374534606934, 0.7138782143592834, 0.035095371305942535)","(0.6695440411567688, 0.7866157293319702, 0.05092413350939751)","(0.6347153186798096, 0.8051053285598755, 0.06002328544855118)","(0.6126270294189453, 0.7787913084030151, 0.05537276342511177)","(0.5974637866020203, 0.7394159436225891, 0.051702167838811874)",Move
2610,"(0.6514811515808105, 0.5435484647750854, 1.6421103055108688e-07)","(0.576462984085083, 0.572964608669281, -0.014382832683622837)","(0.5269654393196106, 0.6391071081161499, -0.00901429820805788)","(0.493719220161438, 0.6805969476699829, 0.00484800711274147)","(0.477992981672287, 0.6880001425743103, 0.021094996482133865)","(0.5811625719070435, 0.8248748779296875, -0.005985673516988754)","(0.5262308120727539, 0.8290077447891235, 0.01314772479236126)","(0.5010662078857422, 0.7762822508811951, 0.02193588949739933)","(0.4902400076389313, 0.7332566380500793, 0.027016423642635345)","(0.621574878692627, 0.8293257355690002, 0.014165746048092842)","(0.558194637298584, 0.8168622255325317, 0.037247318774461746)","(0.5271287560462952, 0.7587767839431763, 0.03850947692990303)","(0.510858416557312, 0.7030750513076782, 0.03568398207426071)","(0.6493011116981506, 0.8042879104614258, 0.03677808493375778)","(0.5918878316879272, 0.7963888645172119, 0.05876115337014198)","(0.558406412601471, 0.7525350451469421, 0.05054374411702156)","(0.539866030216217, 0.6954240202903748, 0.04050406068563461)","(0.66832035779953, 0.7769898772239685, 0.05922504886984825)","(0.6263347268104553, 0.7840873003005981, 0.06958110630512238)","(0.6025234460830688, 0.7554398775100708, 0.06411726772785187)","(0.5860233902931213, 0.7154672741889954, 0.05984266474843025)",Move
2611,"(0.6535239815711975, 0.5262683033943176, 1.7518146933070966e-07)","(0.5743851065635681, 0.5604819655418396, -0.01067307684570551)","(0.5242681503295898, 0.6306596994400024, 0.0016758088022470474)","(0.4909122586250305, 0.6683502793312073, 0.023617282509803772)","(0.47493717074394226, 0.6758333444595337, 0.04864197596907616)","(0.5797775387763977, 0.8181320428848267, 0.00478829862549901)","(0.5225387215614319, 0.8225644826889038, 0.03390185534954071)","(0.4961436688899994, 0.7687580585479736, 0.04759350046515465)","(0.4851703643798828, 0.7270349860191345, 0.0551619827747345)","(0.6204233169555664, 0.8184529542922974, 0.02815057896077633)","(0.5546899437904358, 0.8090183734893799, 0.06206327676773071)","(0.5214620232582092, 0.7515228986740112, 0.06523850560188293)","(0.5043632984161377, 0.695175290107727, 0.062318336218595505)","(0.647962749004364, 0.7911381721496582, 0.054659273475408554)","(0.5887396335601807, 0.7864094972610474, 0.08733606338500977)","(0.5531415343284607, 0.7431725859642029, 0.07880009710788727)","(0.5328274369239807, 0.6872233152389526, 0.06675601750612259)","(0.6655715107917786, 0.7629522085189819, 0.0812855213880539)","(0.6218106746673584, 0.7706387639045715, 0.09993886947631836)","(0.5966817736625671, 0.7426458597183228, 0.09492813050746918)","(0.5790562629699707, 0.7036601901054382, 0.08974214643239975)",Move
2612,"(0.6519608497619629, 0.513020396232605, 1.9471694656658656e-07)","(0.5743663907051086, 0.5494824647903442, -0.017672214657068253)","(0.5193961262702942, 0.6161637902259827, -0.014056154526770115)","(0.48490214347839355, 0.6583915948867798, -0.001682918518781662)","(0.47164663672447205, 0.674658477306366, 0.01358050387352705)","(0.5803136229515076, 0.8069465160369873, -0.008684935048222542)","(0.518415093421936, 0.8117071390151978, 0.00529722822830081)","(0.49015888571739197, 0.7568327784538269, 0.010752089321613312)","(0.4776158034801483, 0.7125439643859863, 0.01450537983328104)","(0.620898962020874, 0.8107798099517822, 0.011365496553480625)","(0.5507711172103882, 0.7962988018989563, 0.029403388500213623)","(0.515337347984314, 0.7389007210731506, 0.028965232893824577)","(0.4965161085128784, 0.6824575066566467, 0.026158086955547333)","(0.6475943326950073, 0.7837862968444824, 0.033160507678985596)","(0.5841777324676514, 0.7744840979576111, 0.05012427270412445)","(0.5465248227119446, 0.731142520904541, 0.041976720094680786)","(0.5250738263130188, 0.6732428073883057, 0.03370140492916107)","(0.6648765802383423, 0.752994954586029, 0.05443275719881058)","(0.6189618706703186, 0.760794997215271, 0.06092410162091255)","(0.5925260186195374, 0.7341166734695435, 0.05538857355713844)","(0.5742570161819458, 0.6951116919517517, 0.05246039479970932)",Move
2613,"(0.6513906121253967, 0.4997830390930176, 2.119994064742059e-07)","(0.5716369152069092, 0.5372136831283569, -0.016987785696983337)","(0.5151195526123047, 0.6043635606765747, -0.011137770488858223)","(0.47900277376174927, 0.6432218551635742, 0.0036389443557709455)","(0.46543335914611816, 0.6591771841049194, 0.02150293067097664)","(0.5759598612785339, 0.7971436977386475, -0.0009227438131347299)","(0.5130262970924377, 0.7993779182434082, 0.017845667898654938)","(0.48522454500198364, 0.7445095181465149, 0.025226175785064697)","(0.4730389714241028, 0.7008141279220581, 0.029792699962854385)","(0.6171333193778992, 0.7975888252258301, 0.02035333402454853)","(0.5454521179199219, 0.7823435664176941, 0.04257357865571976)","(0.5094664692878723, 0.7244530916213989, 0.04150766506791115)","(0.48967698216438293, 0.6667932271957397, 0.037866201251745224)","(0.6442045569419861, 0.768106997013092, 0.043444305658340454)","(0.5793684124946594, 0.758744478225708, 0.06453802436590195)","(0.5402716398239136, 0.7165558338165283, 0.05501992255449295)","(0.51699298620224, 0.6587997674942017, 0.04524650424718857)","(0.6603915095329285, 0.7344017028808594, 0.0660487562417984)","(0.6128988265991211, 0.7424047589302063, 0.07623095065355301)","(0.5847376585006714, 0.7158424854278564, 0.07064341753721237)","(0.5645184516906738, 0.6762751936912537, 0.0671558752655983)",Move
2614,"(0.6482048034667969, 0.484854519367218, 2.2189622939094988e-07)","(0.5694541931152344, 0.5199925899505615, -0.018451755866408348)","(0.5134585499763489, 0.5885190963745117, -0.011903024278581142)","(0.47612547874450684, 0.6296907663345337, 0.004128718748688698)","(0.458465576171875, 0.6484973430633545, 0.02345496416091919)","(0.5717689394950867, 0.7824984788894653, -0.00032687667408026755)","(0.5087090730667114, 0.7900000810623169, 0.020417705178260803)","(0.4797472655773163, 0.7368009090423584, 0.02984011545777321)","(0.46639660000801086, 0.6917418241500854, 0.03620590269565582)","(0.6125657558441162, 0.7857661247253418, 0.022936204448342323)","(0.5405284762382507, 0.7680550813674927, 0.04796292632818222)","(0.5042022466659546, 0.7100460529327393, 0.048268772661685944)","(0.48418253660202026, 0.6526892781257629, 0.04522831737995148)","(0.6389608979225159, 0.7574748992919922, 0.04779946804046631)","(0.5748645663261414, 0.7475318908691406, 0.07050802558660507)","(0.5364501476287842, 0.7041903138160706, 0.06101737171411514)","(0.5133525133132935, 0.6461816430091858, 0.050977498292922974)","(0.6552496552467346, 0.7248807549476624, 0.07207503914833069)","(0.6088579893112183, 0.7332927584648132, 0.08340081572532654)","(0.5812769532203674, 0.706601083278656, 0.07790804654359818)","(0.5612883567810059, 0.6671025156974792, 0.07440479844808578)",Move
2615,"(0.6482797861099243, 0.4732726216316223, 2.544459505315899e-07)","(0.5683166980743408, 0.5078448057174683, -0.02053619734942913)","(0.5112344622612, 0.5753093957901001, -0.0163483414798975)","(0.47151702642440796, 0.6149765253067017, -0.00331647926941514)","(0.4507671296596527, 0.6298884153366089, 0.012665164656937122)","(0.5690741539001465, 0.7685272097587585, -0.00012687571870628744)","(0.5051798224449158, 0.7763620018959045, 0.015602488070726395)","(0.4747083783149719, 0.7271849513053894, 0.02105693332850933)","(0.4597030580043793, 0.6829788088798523, 0.024934621527791023)","(0.6086547374725342, 0.7723640203475952, 0.021697528660297394)","(0.535926878452301, 0.7541473507881165, 0.04212779924273491)","(0.4984903037548065, 0.697892427444458, 0.040412649512290955)","(0.47694113850593567, 0.6419203281402588, 0.03643161430954933)","(0.634723424911499, 0.7440034747123718, 0.044068675488233566)","(0.5694574117660522, 0.732168436050415, 0.062009673565626144)","(0.5300242900848389, 0.6913974285125732, 0.05151284486055374)","(0.50566166639328, 0.6351898908615112, 0.041634608060121536)","(0.6501654386520386, 0.7091524004936218, 0.06551448255777359)","(0.6026325225830078, 0.7154515981674194, 0.07357808947563171)","(0.5739228129386902, 0.689845085144043, 0.06726958602666855)","(0.5532360076904297, 0.6509086489677429, 0.06360330432653427)",Move
2616,"(0.6465737223625183, 0.4664139747619629, 2.885937817609374e-07)","(0.5656231045722961, 0.4971478581428528, -0.023576833307743073)","(0.5071091651916504, 0.5648820400238037, -0.021909505128860474)","(0.465506374835968, 0.6050177216529846, -0.011552553623914719)","(0.444380521774292, 0.6186012625694275, 0.0016874163411557674)","(0.5668008923530579, 0.7557124495506287, -0.0025260699912905693)","(0.4986799955368042, 0.7659429311752319, 0.010396961122751236)","(0.4675057530403137, 0.7141819596290588, 0.014292418956756592)","(0.4530394673347473, 0.6674959659576416, 0.017281461507081985)","(0.6049669981002808, 0.7597147822380066, 0.019400300458073616)","(0.5292186141014099, 0.742999255657196, 0.03744439408183098)","(0.49152421951293945, 0.68506920337677, 0.036111801862716675)","(0.4700930714607239, 0.6297525763511658, 0.03262002766132355)","(0.6298603415489197, 0.7303342819213867, 0.04113222658634186)","(0.5629194378852844, 0.7182859182357788, 0.056085556745529175)","(0.5228784084320068, 0.6780325174331665, 0.04610169306397438)","(0.4985068440437317, 0.6226913928985596, 0.037045229226350784)","(0.6440213918685913, 0.6930738687515259, 0.06167760491371155)","(0.5952686071395874, 0.7010073661804199, 0.06698639690876007)","(0.5650781393051147, 0.6759546399116516, 0.06052567809820175)","(0.544055700302124, 0.6357724070549011, 0.057049110531806946)",Move
2617,"(0.6413915753364563, 0.45315849781036377, 3.170069362568029e-07)","(0.5602441430091858, 0.4857245087623596, -0.02380421757698059)","(0.5024522542953491, 0.5514758229255676, -0.021470170468091965)","(0.46034371852874756, 0.5892201662063599, -0.01021534763276577)","(0.43681204319000244, 0.6013957858085632, 0.004032555501908064)","(0.5625235438346863, 0.7464255690574646, 0.0012789327884092927)","(0.49207377433776855, 0.7494295239448547, 0.017359759658575058)","(0.46049007773399353, 0.6942982077598572, 0.02222447842359543)","(0.4460696876049042, 0.6466684341430664, 0.0254109725356102)","(0.5999901294708252, 0.7473891973495483, 0.024163691326975822)","(0.5229091644287109, 0.727660059928894, 0.0447559580206871)","(0.4847365915775299, 0.6711623668670654, 0.042858537286520004)","(0.4628857970237732, 0.6148649454116821, 0.03857647255063057)","(0.6246799230575562, 0.7163353562355042, 0.046897515654563904)","(0.5575222969055176, 0.7040867805480957, 0.06474937498569489)","(0.5174769759178162, 0.6654558777809143, 0.054190248250961304)","(0.4930934011936188, 0.6096816062927246, 0.0442064069211483)","(0.6388362050056458, 0.6787518858909607, 0.06837517768144608)","(0.5912909507751465, 0.6877716183662415, 0.07576517015695572)","(0.5618250966072083, 0.6646353006362915, 0.0694546028971672)","(0.5408396124839783, 0.6252076029777527, 0.06581602990627289)",Move
2618,"(0.6373386383056641, 0.44512492418289185, 3.022875034730532e-07)","(0.5545474290847778, 0.4733641743659973, -0.024287529289722443)","(0.4956272840499878, 0.5393547415733337, -0.022257810458540916)","(0.4536927342414856, 0.5740603804588318, -0.011416750028729439)","(0.4295662045478821, 0.5779753923416138, 0.00249030371196568)","(0.5549950003623962, 0.7370103001594543, 0.0005331822321750224)","(0.48583289980888367, 0.7407430410385132, 0.016108794137835503)","(0.4559447467327118, 0.6821379065513611, 0.020453322678804398)","(0.44376105070114136, 0.6330801248550415, 0.023118551820516586)","(0.593181312084198, 0.7367861270904541, 0.023311538621783257)","(0.517339825630188, 0.7196247577667236, 0.04272640496492386)","(0.47927260398864746, 0.6603023409843445, 0.04004673659801483)","(0.45815321803092957, 0.6014442443847656, 0.035383887588977814)","(0.6184884905815125, 0.705299973487854, 0.04600135609507561)","(0.5526601672172546, 0.6941097974777222, 0.06337764859199524)","(0.5115224719047546, 0.6537302732467651, 0.05213577672839165)","(0.4870421290397644, 0.5957310199737549, 0.04170640558004379)","(0.6327031254768372, 0.6663392186164856, 0.06736287474632263)","(0.5848903059959412, 0.6746963262557983, 0.0744563564658165)","(0.5546482801437378, 0.6507155299186707, 0.06735412031412125)","(0.5331573486328125, 0.6102357506752014, 0.06291422247886658)",Move
2619,"(0.6353479623794556, 0.43161800503730774, 3.352527642164205e-07)","(0.5507568717002869, 0.45955872535705566, -0.023173341527581215)","(0.49090465903282166, 0.5263550877571106, -0.018126606941223145)","(0.4480286240577698, 0.560585618019104, -0.004031269811093807)","(0.42417988181114197, 0.5634639859199524, 0.013416140340268612)","(0.549171507358551, 0.7267814874649048, 0.009353803470730782)","(0.47814905643463135, 0.7319331765174866, 0.030220255255699158)","(0.448544979095459, 0.6698692440986633, 0.03698959946632385)","(0.4379059076309204, 0.6208068132400513, 0.04109758138656616)","(0.5868731737136841, 0.7260690927505493, 0.034033097326755524)","(0.5097964406013489, 0.7093145847320557, 0.05885150656104088)","(0.47122296690940857, 0.6501071453094482, 0.05712427198886871)","(0.4504670798778534, 0.5891789197921753, 0.05303295701742172)","(0.6122351884841919, 0.6934989094734192, 0.05856860801577568)","(0.5454152822494507, 0.6839958429336548, 0.0811719298362732)","(0.503571629524231, 0.6448472142219543, 0.07034286856651306)","(0.47895684838294983, 0.586353063583374, 0.0599939227104187)","(0.6265267729759216, 0.6539161205291748, 0.08177587389945984)","(0.5775814056396484, 0.6629817485809326, 0.09357254952192307)","(0.5476385951042175, 0.640471875667572, 0.0874205231666565)","(0.526428759098053, 0.600305438041687, 0.08340147137641907)",Move
2620,"(0.6308515667915344, 0.4232487678527832, 3.6516254908747214e-07)","(0.5461892485618591, 0.4544640779495239, -0.02427978627383709)","(0.48779207468032837, 0.5164729356765747, -0.017744341865181923)","(0.44511187076568604, 0.5476053357124329, -0.0012062409659847617)","(0.42041558027267456, 0.5539403557777405, 0.01919468492269516)","(0.5429674983024597, 0.7179431319236755, 0.012022752314805984)","(0.4735294580459595, 0.7232011556625366, 0.0381074920296669)","(0.44268882274627686, 0.6634794473648071, 0.048784904181957245)","(0.430164098739624, 0.6138016581535339, 0.055495332926511765)","(0.5808232426643372, 0.7145546078681946, 0.040171366184949875)","(0.5041199922561646, 0.7004433870315552, 0.07015348970890045)","(0.46591728925704956, 0.6419472694396973, 0.07123252004384995)","(0.44505205750465393, 0.5789579749107361, 0.06858823448419571)","(0.6060582995414734, 0.682035505771637, 0.06822451204061508)","(0.5390781760215759, 0.6754834055900574, 0.09550391137599945)","(0.49981218576431274, 0.6354768872261047, 0.08620678633451462)","(0.47592201828956604, 0.576147735118866, 0.07635413855314255)","(0.6193598508834839, 0.6443476676940918, 0.09474882483482361)","(0.5701638460159302, 0.6532276272773743, 0.1104695275425911)","(0.5409805178642273, 0.6295179724693298, 0.10531172901391983)","(0.5190872550010681, 0.5890157222747803, 0.10153239965438843)",Move
2621,"(0.6262487769126892, 0.4180065393447876, 3.931034200377326e-07)","(0.5435445308685303, 0.44772136211395264, -0.027772560715675354)","(0.4839707612991333, 0.5079351663589478, -0.02146950177848339)","(0.43857431411743164, 0.5369805693626404, -0.004199932795017958)","(0.4136740267276764, 0.5473508238792419, 0.017061704769730568)","(0.5388378500938416, 0.7080928683280945, 0.01019812747836113)","(0.4677608013153076, 0.7119043469429016, 0.03556516021490097)","(0.43540874123573303, 0.652415931224823, 0.045054856687784195)","(0.4212789535522461, 0.6047717928886414, 0.05073382332921028)","(0.574715256690979, 0.7045270204544067, 0.04050564393401146)","(0.49627673625946045, 0.6888077259063721, 0.0695524662733078)","(0.45740556716918945, 0.6311179399490356, 0.06947821378707886)","(0.4360401928424835, 0.5684843063354492, 0.0658261701464653)","(0.5989428758621216, 0.6722285151481628, 0.07033449411392212)","(0.5291669964790344, 0.6618581414222717, 0.0964474231004715)","(0.49034634232521057, 0.6232088208198547, 0.08589529246091843)","(0.46610116958618164, 0.5653391480445862, 0.07525941729545593)","(0.6107168197631836, 0.6341323852539062, 0.09834112972021103)","(0.5584297180175781, 0.6381227374076843, 0.11285439133644104)","(0.5287318229675293, 0.6144075989723206, 0.10615499317646027)","(0.5058675408363342, 0.5745528340339661, 0.1012548953294754)",Move
2622,"(0.6240320205688477, 0.40968161821365356, 3.9722829114907654e-07)","(0.5405869483947754, 0.44102323055267334, -0.027746442705392838)","(0.48044553399086, 0.5021432042121887, -0.021292487159371376)","(0.4348979592323303, 0.5302096009254456, -0.004112801980227232)","(0.40963470935821533, 0.5406168699264526, 0.016490120440721512)","(0.5346048474311829, 0.7011934518814087, 0.012091359123587608)","(0.4616028368473053, 0.693647563457489, 0.036967989057302475)","(0.4275062680244446, 0.6336809396743774, 0.043593645095825195)","(0.4113844931125641, 0.5886997580528259, 0.04633430391550064)","(0.5702224373817444, 0.696915864944458, 0.041401948779821396)","(0.49102115631103516, 0.6707594394683838, 0.06994953751564026)","(0.4522261619567871, 0.6126200556755066, 0.06642994284629822)","(0.4307059645652771, 0.5515946745872498, 0.059335216879844666)","(0.5949779748916626, 0.664129376411438, 0.07015404105186462)","(0.5247281193733215, 0.6452143788337708, 0.09588444232940674)","(0.48658064007759094, 0.6052588224411011, 0.08201547712087631)","(0.46267935633659363, 0.5484452247619629, 0.06826464831829071)","(0.6070751547813416, 0.6248849034309387, 0.09709639847278595)","(0.5552396774291992, 0.6219693422317505, 0.11108506470918655)","(0.5263493061065674, 0.5984864830970764, 0.10279659926891327)","(0.5042650699615479, 0.5611518025398254, 0.09600470960140228)",Move
2623,"(0.6226585507392883, 0.4086415767669678, 4.2050737647514325e-07)","(0.539151132106781, 0.4335516691207886, -0.028385290876030922)","(0.4767335057258606, 0.4932856857776642, -0.023676084354519844)","(0.4294138550758362, 0.5201697945594788, -0.009103651158511639)","(0.40434959530830383, 0.532944917678833, 0.008237112313508987)","(0.5281704068183899, 0.6920963525772095, 0.010551453568041325)","(0.45428961515426636, 0.6800596714019775, 0.032937467098236084)","(0.4205597937107086, 0.6224903464317322, 0.037704046815633774)","(0.4034426808357239, 0.5795968770980835, 0.03883419558405876)","(0.5632708072662354, 0.6889349222183228, 0.03763316944241524)","(0.48521512746810913, 0.6534932255744934, 0.06274750828742981)","(0.4451555013656616, 0.596251904964447, 0.05724034830927849)","(0.421793133020401, 0.5357077121734619, 0.04878256469964981)","(0.5882479548454285, 0.6546604633331299, 0.06391867995262146)","(0.5169105529785156, 0.6252712607383728, 0.08541083335876465)","(0.4753970503807068, 0.5849589109420776, 0.07001230865716934)","(0.44931480288505554, 0.5284110903739929, 0.055634502321481705)","(0.6000704169273376, 0.6111446022987366, 0.08839333057403564)","(0.544800877571106, 0.6016212105751038, 0.09891476482152939)","(0.5136458277702332, 0.5772467255592346, 0.08954174071550369)","(0.4909101128578186, 0.5384417176246643, 0.0821937546133995)",Move
2624,"(0.6214261054992676, 0.40262168645858765, 4.159519448876381e-07)","(0.5352998971939087, 0.4270511865615845, -0.025629688054323196)","(0.47252681851387024, 0.48357558250427246, -0.017804335802793503)","(0.4262555241584778, 0.5096407532691956, 3.497557554510422e-05)","(0.39978867769241333, 0.5242947936058044, 0.020942147821187973)","(0.5217380523681641, 0.6824159622192383, 0.016418708488345146)","(0.44887030124664307, 0.6664996147155762, 0.04294954612851143)","(0.4150788486003876, 0.6068670749664307, 0.049408987164497375)","(0.39806070923805237, 0.5627353191375732, 0.05112440139055252)","(0.5568643808364868, 0.6787990927696228, 0.0442773774266243)","(0.47942522168159485, 0.6408229470252991, 0.0730074867606163)","(0.4394397437572479, 0.5807411074638367, 0.06780233979225159)","(0.4178069233894348, 0.5181668400764465, 0.0588332898914814)","(0.5822787880897522, 0.6451326608657837, 0.07174240797758102)","(0.5116329789161682, 0.6142981648445129, 0.09677695482969284)","(0.4709082543849945, 0.5699184536933899, 0.08177819103002548)","(0.44624367356300354, 0.510847806930542, 0.0668923407793045)","(0.5949101448059082, 0.6025852560997009, 0.09766347706317902)","(0.5402628779411316, 0.5911534428596497, 0.11136631667613983)","(0.5094873309135437, 0.5643138289451599, 0.10273698717355728)","(0.4873180091381073, 0.523965060710907, 0.09525246918201447)",Move
2625,"(0.6188165545463562, 0.3968393802642822, 4.384417593428225e-07)","(0.5321083664894104, 0.41873615980148315, -0.025705544278025627)","(0.46978315711021423, 0.47177672386169434, -0.017822060734033585)","(0.4242686629295349, 0.5001255869865417, -6.95628477842547e-05)","(0.3918676972389221, 0.5187620520591736, 0.020783664658665657)","(0.5161269903182983, 0.6721307039260864, 0.017644038423895836)","(0.44206658005714417, 0.6512442231178284, 0.04391888901591301)","(0.4075520932674408, 0.5921546220779419, 0.04990777000784874)","(0.3888578414916992, 0.5471160411834717, 0.05135561525821686)","(0.5515134930610657, 0.6710416674613953, 0.04569153115153313)","(0.47431719303131104, 0.6281711459159851, 0.07417592406272888)","(0.4345572888851166, 0.5678451061248779, 0.06852924823760986)","(0.412320077419281, 0.5049002170562744, 0.05919434875249863)","(0.577252984046936, 0.6389334201812744, 0.07319363951683044)","(0.507259726524353, 0.6040050387382507, 0.0975784957408905)","(0.46691882610321045, 0.5594784617424011, 0.08241325616836548)","(0.4420192241668701, 0.49961766600608826, 0.06743017584085464)","(0.5905029773712158, 0.5977622866630554, 0.09915047883987427)","(0.5363395810127258, 0.5824764966964722, 0.11216043680906296)","(0.5054389238357544, 0.5543695688247681, 0.10336476564407349)","(0.4827170968055725, 0.5134028196334839, 0.09591910988092422)",Move
2626,"(0.6157430410385132, 0.3959617614746094, 4.543765044218162e-07)","(0.5309971570968628, 0.4150822162628174, -0.025532960891723633)","(0.4677824079990387, 0.46715235710144043, -0.01889849454164505)","(0.42153429985046387, 0.4937412142753601, -0.0026341250631958246)","(0.38857436180114746, 0.5109106302261353, 0.016412852331995964)","(0.5105373859405518, 0.6654592156410217, 0.014481505379080772)","(0.4374980926513672, 0.6360126733779907, 0.03740832209587097)","(0.40304359793663025, 0.5795472860336304, 0.04084576293826103)","(0.3827264606952667, 0.5358834862709045, 0.04065652936697006)","(0.5458861589431763, 0.6655992865562439, 0.04097887501120567)","(0.47014835476875305, 0.61515212059021, 0.06707112491130829)","(0.4308112859725952, 0.5563324689865112, 0.060550034046173096)","(0.40751194953918457, 0.4949136972427368, 0.050623971968889236)","(0.5719345211982727, 0.6349387764930725, 0.06689988821744919)","(0.5023360848426819, 0.5929211378097534, 0.08920137584209442)","(0.46206608414649963, 0.5480698943138123, 0.0742061659693718)","(0.4363575577735901, 0.4887336194515228, 0.059480439871549606)","(0.5856072306632996, 0.5948700308799744, 0.09122228622436523)","(0.5315231084823608, 0.574387788772583, 0.10258404165506363)","(0.5009921789169312, 0.545345664024353, 0.09404591470956802)","(0.4785292148590088, 0.5043883919715881, 0.08706646412611008)",Move
2627,"(0.615565836429596, 0.39248669147491455, 4.7053737262103823e-07)","(0.5301481485366821, 0.4088580012321472, -0.025690605863928795)","(0.4669699966907501, 0.46109533309936523, -0.018033266067504883)","(0.42026787996292114, 0.4886085093021393, -0.0005717988242395222)","(0.3867618143558502, 0.5026136040687561, 0.019589100033044815)","(0.5068539381027222, 0.6561456918716431, 0.0186514500528574)","(0.4357212781906128, 0.6244807243347168, 0.043659526854753494)","(0.40143993496894836, 0.5695188641548157, 0.04707179591059685)","(0.38156431913375854, 0.5270379185676575, 0.04636073112487793)","(0.5418117046356201, 0.6562855243682861, 0.045814398676157)","(0.4677134156227112, 0.6063262224197388, 0.07452689856290817)","(0.4291777014732361, 0.5476280450820923, 0.0677800178527832)","(0.406804621219635, 0.4865751266479492, 0.05730853229761124)","(0.5680891871452332, 0.6276923418045044, 0.07218232750892639)","(0.5004178285598755, 0.5873090624809265, 0.0971745029091835)","(0.46166759729385376, 0.5415171384811401, 0.0820741057395935)","(0.43622463941574097, 0.48318198323249817, 0.06666877120733261)","(0.5821158289909363, 0.5895299911499023, 0.0968090072274208)","(0.5294714570045471, 0.5704311728477478, 0.11023914068937302)","(0.5003325343132019, 0.5401489734649658, 0.10207095742225647)","(0.47842681407928467, 0.4999137818813324, 0.0948980376124382)",Move
2628,"(0.6112992167472839, 0.3949117064476013, 4.4997494796916726e-07)","(0.5268951058387756, 0.40429356694221497, -0.026109153404831886)","(0.46379363536834717, 0.45559370517730713, -0.020491639152169228)","(0.4180953800678253, 0.48756033182144165, -0.005238247569650412)","(0.38190576434135437, 0.4960325360298157, 0.012465544044971466)","(0.5017102956771851, 0.6498416066169739, 0.010902962647378445)","(0.4306710660457611, 0.614375650882721, 0.031447529792785645)","(0.398614764213562, 0.5596216320991516, 0.033824678510427475)","(0.380121648311615, 0.5160501599311829, 0.033416759222745895)","(0.5374444127082825, 0.65693199634552, 0.03733508288860321)","(0.46484091877937317, 0.6016802787780762, 0.06242324411869049)","(0.4309733211994171, 0.5394865870475769, 0.05690298601984978)","(0.4124612510204315, 0.47932806611061096, 0.048303812742233276)","(0.5638281106948853, 0.6326795816421509, 0.06312164664268494)","(0.4991266429424286, 0.5887593030929565, 0.08520209044218063)","(0.46599605679512024, 0.5394414663314819, 0.07155809551477432)","(0.44670993089675903, 0.4804673194885254, 0.05816710367798805)","(0.5789864659309387, 0.5991501808166504, 0.08723046630620956)","(0.5288674831390381, 0.576519250869751, 0.09946879744529724)","(0.503170907497406, 0.5429071187973022, 0.09239737689495087)","(0.48579615354537964, 0.5006656050682068, 0.08673056215047836)",Move
2629,"(0.6087244153022766, 0.3922615647315979, 4.216012143842818e-07)","(0.5280501842498779, 0.39733970165252686, -0.028003616258502007)","(0.4639476537704468, 0.44815593957901, -0.025724107399582863)","(0.4173247218132019, 0.4821176826953888, -0.013937801122665405)","(0.3801668584346771, 0.4883047938346863, 0.00018711034499574453)","(0.49733826518058777, 0.6431702375411987, 0.0020133459474891424)","(0.42658138275146484, 0.6037524342536926, 0.017684875056147575)","(0.3967934250831604, 0.5489880442619324, 0.01983092539012432)","(0.37903717160224915, 0.5054489374160767, 0.019836245104670525)","(0.5327568650245667, 0.6563657522201538, 0.026842620223760605)","(0.4595577120780945, 0.5929314494132996, 0.04608997330069542)","(0.42838162183761597, 0.5299561619758606, 0.04139289632439613)","(0.41081172227859497, 0.4718984365463257, 0.034556977450847626)","(0.5591578483581543, 0.6337289214134216, 0.050901759415864944)","(0.49273398518562317, 0.5800778865814209, 0.06683453172445297)","(0.4597688913345337, 0.5309967994689941, 0.05370317026972771)","(0.4407506585121155, 0.4731064438819885, 0.042004890739917755)","(0.5752219557762146, 0.5993186235427856, 0.07321812212467194)","(0.5233832597732544, 0.5697777271270752, 0.08063299208879471)","(0.49708616733551025, 0.5351547598838806, 0.07269178330898285)","(0.4798116087913513, 0.49319005012512207, 0.06733421981334686)",Move
2630,"(0.6066078543663025, 0.39456605911254883, 3.9908266558086325e-07)","(0.5270677208900452, 0.3944060802459717, -0.028021706268191338)","(0.46274352073669434, 0.442409873008728, -0.02876261994242668)","(0.41635724902153015, 0.47769156098365784, -0.020842768251895905)","(0.3791607916355133, 0.481283575296402, -0.01107192412018776)","(0.4934961199760437, 0.6367050409317017, -0.004681993741542101)","(0.42323291301727295, 0.5935106873512268, 0.006358115002512932)","(0.3943178057670593, 0.5377192497253418, 0.007665587123483419)","(0.37724003195762634, 0.4925425052642822, 0.0077458955347537994)","(0.5277941823005676, 0.6546751260757446, 0.017389118671417236)","(0.4560984969139099, 0.584446907043457, 0.03201378509402275)","(0.4266168773174286, 0.5209168791770935, 0.02853456325829029)","(0.41043972969055176, 0.46448802947998047, 0.023537665605545044)","(0.553913950920105, 0.6343216300010681, 0.03861343488097191)","(0.4894680082798004, 0.5726024508476257, 0.04942285269498825)","(0.45878496766090393, 0.5230767130851746, 0.03781530633568764)","(0.4428005516529083, 0.466664582490921, 0.028426937758922577)","(0.570732831954956, 0.6005192995071411, 0.058118321001529694)","(0.5193657279014587, 0.5659301280975342, 0.06140376999974251)","(0.4939505159854889, 0.5295773148536682, 0.054083313792943954)","(0.4793647229671478, 0.48662716150283813, 0.05022817477583885)",Move
2631,"(0.6028263568878174, 0.39312422275543213, 4.0793588595988695e-07)","(0.5238507390022278, 0.3917831778526306, -0.02841639705002308)","(0.4603128731250763, 0.43780553340911865, -0.028343284502625465)","(0.41477683186531067, 0.47235894203186035, -0.019280141219496727)","(0.377882719039917, 0.4753682315349579, -0.008123010396957397)","(0.48877671360969543, 0.6309519410133362, -0.0011925575090572238)","(0.41898274421691895, 0.5858932137489319, 0.012200683355331421)","(0.39145082235336304, 0.5288159251213074, 0.014423942193388939)","(0.37568145990371704, 0.4831666052341461, 0.014920191839337349)","(0.5232729315757751, 0.6488299369812012, 0.022206956520676613)","(0.45285800099372864, 0.5773579478263855, 0.03887993469834328)","(0.42548513412475586, 0.5114248394966125, 0.034968301653862)","(0.4117412567138672, 0.4541759788990021, 0.029631271958351135)","(0.5499653220176697, 0.6287700533866882, 0.04482564702630043)","(0.4867016077041626, 0.5683979988098145, 0.05816618725657463)","(0.45662906765937805, 0.5165885090827942, 0.04644075408577919)","(0.4418189227581024, 0.4588434398174286, 0.036719948053359985)","(0.567696750164032, 0.595406174659729, 0.0656806230545044)","(0.5177492499351501, 0.5625044107437134, 0.07100249826908112)","(0.49261942505836487, 0.5254303812980652, 0.06396961212158203)","(0.4785532057285309, 0.4818859100341797, 0.0601067841053009)",Move
2632,"(0.597109854221344, 0.3939133882522583, 3.8589914197473263e-07)","(0.5189192295074463, 0.3896760940551758, -0.028185132890939713)","(0.4559500217437744, 0.43399351835250854, -0.029477844014763832)","(0.4120793342590332, 0.47018876671791077, -0.02225731685757637)","(0.37684717774391174, 0.4739384949207306, -0.013058418408036232)","(0.4853444993495941, 0.6251246333122253, -0.006837503984570503)","(0.415684312582016, 0.5836403369903564, 0.0028460745234042406)","(0.3890470564365387, 0.5263722538948059, 0.00444716215133667)","(0.37445494532585144, 0.47933414578437805, 0.005158233921974897)","(0.519706666469574, 0.6451975107192993, 0.015036486089229584)","(0.4505668878555298, 0.5757981538772583, 0.027710799127817154)","(0.42469269037246704, 0.509818971157074, 0.024670002982020378)","(0.412509560585022, 0.45299041271209717, 0.02076762355864048)","(0.5465716123580933, 0.6267024278640747, 0.03616984188556671)","(0.4853018522262573, 0.5670823454856873, 0.04559163749217987)","(0.4574929177761078, 0.5155354738235474, 0.03544844314455986)","(0.4452797770500183, 0.4578210413455963, 0.02771204151213169)","(0.5651572942733765, 0.5945765972137451, 0.055599380284547806)","(0.5169519186019897, 0.5619547963142395, 0.05790302902460098)","(0.4928905665874481, 0.5246732831001282, 0.05140379071235657)","(0.48049452900886536, 0.4803570806980133, 0.048565302044153214)",Move
2633,"(0.5916651487350464, 0.390861451625824, 3.778354482619761e-07)","(0.5143025517463684, 0.3834521174430847, -0.023281263187527657)","(0.4513944089412689, 0.42608094215393066, -0.023729940876364708)","(0.4075506329536438, 0.4663928151130676, -0.016893308609724045)","(0.3715345561504364, 0.471684992313385, -0.008332956582307816)","(0.4766038656234741, 0.6179746389389038, 0.00110009650234133)","(0.4106655418872833, 0.5755083560943604, 0.014638499356806278)","(0.3867729604244232, 0.5176751613616943, 0.017965028062462807)","(0.37545859813690186, 0.47213804721832275, 0.019480016082525253)","(0.5111315250396729, 0.6409856677055359, 0.020504362881183624)","(0.44704630970954895, 0.5794336199760437, 0.036700986325740814)","(0.4217420816421509, 0.5175479650497437, 0.03476126119494438)","(0.41005566716194153, 0.46321552991867065, 0.03164568915963173)","(0.539338231086731, 0.6278860569000244, 0.03961336985230446)","(0.48429954051971436, 0.578889787197113, 0.053479619324207306)","(0.45813801884651184, 0.5275967121124268, 0.0460820198059082)","(0.4465639591217041, 0.4709189832210541, 0.03970753774046898)","(0.559463620185852, 0.6008886098861694, 0.05718076229095459)","(0.5174303650856018, 0.5804215669631958, 0.06377735733985901)","(0.49571651220321655, 0.5453118681907654, 0.06072380766272545)","(0.4846932590007782, 0.50211101770401, 0.060097284615039825)",Move
2634,"(0.5860534310340881, 0.38859987258911133, 3.6446985518523434e-07)","(0.508594274520874, 0.37940117716789246, -0.023997725918889046)","(0.4469851553440094, 0.41957443952560425, -0.025847990065813065)","(0.4044142961502075, 0.4621143639087677, -0.02028409019112587)","(0.36928293108940125, 0.4660157263278961, -0.012906068935990334)","(0.47189298272132874, 0.6100358963012695, -0.00569208525121212)","(0.40672099590301514, 0.5704747438430786, 0.004468644969165325)","(0.38283348083496094, 0.513214647769928, 0.007140007335692644)","(0.3718770146369934, 0.4664045572280884, 0.008637255057692528)","(0.5064949989318848, 0.6344957947731018, 0.013218001462519169)","(0.44295015931129456, 0.5779974460601807, 0.025752626359462738)","(0.4186387062072754, 0.5165521502494812, 0.024073388427495956)","(0.4083837866783142, 0.46259579062461853, 0.021533796563744545)","(0.5347240567207336, 0.6232205629348755, 0.031928714364767075)","(0.4803045094013214, 0.5776889324188232, 0.04241063445806503)","(0.45626261830329895, 0.5261722207069397, 0.03554246202111244)","(0.44722282886505127, 0.46922314167022705, 0.030001068487763405)","(0.555509090423584, 0.5984475612640381, 0.04915458336472511)","(0.5138505101203918, 0.5793125033378601, 0.05301414430141449)","(0.49291157722473145, 0.5442256331443787, 0.049472875893116)","(0.48289403319358826, 0.501625657081604, 0.04875741899013519)",Move
2635,"(0.5827482342720032, 0.38366326689720154, 3.5081251326118945e-07)","(0.5060892105102539, 0.37299662828445435, -0.023549851030111313)","(0.4446919560432434, 0.41438692808151245, -0.024851461872458458)","(0.4015340805053711, 0.45572593808174133, -0.01886645331978798)","(0.3658289313316345, 0.45963913202285767, -0.011046567000448704)","(0.46590039134025574, 0.6036517024040222, -0.003426529932767153)","(0.4016267657279968, 0.5651655793190002, 0.00739939883351326)","(0.37942346930503845, 0.5063103437423706, 0.01042051799595356)","(0.3701705038547516, 0.4594418704509735, 0.012172809801995754)","(0.5001795291900635, 0.6284061074256897, 0.015570665709674358)","(0.4375813603401184, 0.5719205141067505, 0.028709834441542625)","(0.4138988256454468, 0.5081506967544556, 0.027394302189350128)","(0.4037799835205078, 0.45294731855392456, 0.02543378435075283)","(0.5287762880325317, 0.6174559593200684, 0.0342840850353241)","(0.47485020756721497, 0.5702369213104248, 0.04558121785521507)","(0.4501323401927948, 0.5174688696861267, 0.03901875391602516)","(0.440448135137558, 0.45995277166366577, 0.0337984673678875)","(0.5503110885620117, 0.5926811099052429, 0.05150999501347542)","(0.5089687705039978, 0.5723254680633545, 0.055957041680812836)","(0.48797279596328735, 0.5362734794616699, 0.052496347576379776)","(0.4778728187084198, 0.4927605986595154, 0.051941320300102234)",Move
2636,"(0.5785496830940247, 0.38166818022727966, 3.2639215419294487e-07)","(0.5020833015441895, 0.36972904205322266, -0.022553948685526848)","(0.4405471086502075, 0.41301465034484863, -0.021789364516735077)","(0.3973470628261566, 0.45490381121635437, -0.013532059267163277)","(0.36443209648132324, 0.45906639099121094, -0.0032844285015016794)","(0.46190470457077026, 0.6007599234580994, -0.002284610876813531)","(0.39746853709220886, 0.5607582926750183, 0.01075050700455904)","(0.3754987120628357, 0.5016000866889954, 0.015073949471116066)","(0.36609017848968506, 0.4549523890018463, 0.017472144216299057)","(0.4964629113674164, 0.6242762207984924, 0.017435288056731224)","(0.4337215721607208, 0.5664446353912354, 0.033696211874485016)","(0.4109787344932556, 0.5011983513832092, 0.034204769879579544)","(0.40213945508003235, 0.4461444616317749, 0.03292238712310791)","(0.5248406529426575, 0.61212158203125, 0.037060029804706573)","(0.4720030128955841, 0.565402626991272, 0.05107812210917473)","(0.4481810927391052, 0.511949360370636, 0.04585368186235428)","(0.43983978033065796, 0.4533902108669281, 0.040899790823459625)","(0.5460308790206909, 0.5865219831466675, 0.05517861992120743)","(0.5062513947486877, 0.5671566724777222, 0.061263032257556915)","(0.4855177700519562, 0.5305280685424805, 0.0584259070456028)","(0.4758128821849823, 0.48541194200515747, 0.057988423854112625)",Move
2637,"(0.5727981328964233, 0.3773356080055237, 3.2333991839550436e-07)","(0.4968833923339844, 0.3647227883338928, -0.021605266258120537)","(0.43722090125083923, 0.4077368974685669, -0.02100980654358864)","(0.39485830068588257, 0.450868159532547, -0.013009213842451572)","(0.36270302534103394, 0.45575574040412903, -0.002862187335267663)","(0.4582242965698242, 0.5920905470848083, -0.004234783351421356)","(0.394781231880188, 0.5594794750213623, 0.007981514558196068)","(0.3733173608779907, 0.5025097727775574, 0.01252164039760828)","(0.3642103970050812, 0.4570262134075165, 0.015445959754288197)","(0.49302881956100464, 0.6179131865501404, 0.01507557462900877)","(0.43117016553878784, 0.5664072036743164, 0.030638718977570534)","(0.4083160161972046, 0.5031118392944336, 0.032218754291534424)","(0.3991485834121704, 0.4498257637023926, 0.032097358256578445)","(0.5214364528656006, 0.6078661680221558, 0.034468770027160645)","(0.46982908248901367, 0.5686222314834595, 0.04856356233358383)","(0.4452211856842041, 0.5177649259567261, 0.04496355354785919)","(0.4361796975135803, 0.46076634526252747, 0.041287269443273544)","(0.5430010557174683, 0.5841951370239258, 0.0524030402302742)","(0.5045734643936157, 0.5717787742614746, 0.059109970927238464)","(0.48350611329078674, 0.5385082364082336, 0.05762576311826706)","(0.47345128655433655, 0.4952821135520935, 0.058328598737716675)",Move
2638,"(0.571291983127594, 0.37606850266456604, 2.693421947697061e-07)","(0.49469059705734253, 0.361017644405365, -0.019624385982751846)","(0.4341675043106079, 0.4037846326828003, -0.017969070002436638)","(0.39188140630722046, 0.44801560044288635, -0.00883486494421959)","(0.36195051670074463, 0.45133906602859497, 0.0025953829754143953)","(0.4527132511138916, 0.5868235230445862, -0.005457842256873846)","(0.38979077339172363, 0.5549713969230652, 0.007784827146679163)","(0.36960577964782715, 0.49737435579299927, 0.013944048434495926)","(0.36173781752586365, 0.4514136016368866, 0.017883367836475372)","(0.48718786239624023, 0.6148228645324707, 0.013496313244104385)","(0.42465177178382874, 0.5616569519042969, 0.030339794233441353)","(0.403560608625412, 0.4977790415287018, 0.03313613682985306)","(0.3961472511291504, 0.44607648253440857, 0.033396460115909576)","(0.51529860496521, 0.6064887046813965, 0.03299057111144066)","(0.4625374972820282, 0.5649533867835999, 0.04822222515940666)","(0.4398121237754822, 0.5122262239456177, 0.044689860194921494)","(0.43267732858657837, 0.4556513726711273, 0.04051920771598816)","(0.5364750027656555, 0.5853798985481262, 0.05132604017853737)","(0.4967272877693176, 0.5701002478599548, 0.05875400826334953)","(0.4773789048194885, 0.5345007181167603, 0.056858886033296585)","(0.46887707710266113, 0.490779846906662, 0.05687485635280609)",Move
2639,"(0.5661638379096985, 0.36958247423171997, 2.713674405185884e-07)","(0.49105334281921387, 0.3572506904602051, -0.018888019025325775)","(0.4313303232192993, 0.4001416862010956, -0.016031254082918167)","(0.389401376247406, 0.443370521068573, -0.005824703723192215)","(0.35875698924064636, 0.4450131952762604, 0.006861070636659861)","(0.44887182116508484, 0.5824303030967712, -0.0016373940743505955)","(0.3864075541496277, 0.5517749786376953, 0.012196475639939308)","(0.3663388788700104, 0.4944413900375366, 0.018223637714982033)","(0.3581622838973999, 0.447355180978775, 0.022289946675300598)","(0.48289361596107483, 0.6105717420578003, 0.0174707043915987)","(0.421354204416275, 0.5538034439086914, 0.03602305054664612)","(0.3999641537666321, 0.4898916482925415, 0.03888685628771782)","(0.3910646140575409, 0.43823519349098206, 0.03899992257356644)","(0.510492742061615, 0.6017241477966309, 0.03684655949473381)","(0.4582817554473877, 0.5574454665184021, 0.05304329842329025)","(0.4343368411064148, 0.5052376985549927, 0.04906180128455162)","(0.42520686984062195, 0.4487000107765198, 0.04449547454714775)","(0.5317609310150146, 0.5812891721725464, 0.05504389479756355)","(0.4930631220340729, 0.5668983459472656, 0.0627732127904892)","(0.47296276688575745, 0.5319869518280029, 0.060663238167762756)","(0.4628083407878876, 0.48805686831474304, 0.06070844456553459)",Move
2640,"(0.563579797744751, 0.36640405654907227, 2.280283553091067e-07)","(0.48761919140815735, 0.3540576696395874, -0.017911845818161964)","(0.42812761664390564, 0.39565613865852356, -0.013710255734622478)","(0.38661038875579834, 0.43721112608909607, -0.0022216227371245623)","(0.3579889237880707, 0.4390413165092468, 0.011871169321238995)","(0.44522860646247864, 0.5786088705062866, 0.00033224147045984864)","(0.3837777376174927, 0.5475237369537354, 0.014827718958258629)","(0.3648327589035034, 0.48878100514411926, 0.021149028092622757)","(0.3576038181781769, 0.440857470035553, 0.02563958801329136)","(0.47948160767555237, 0.6068508625030518, 0.019771086052060127)","(0.41848844289779663, 0.547864556312561, 0.039172787219285965)","(0.3986860513687134, 0.4822315275669098, 0.04167741909623146)","(0.39123865962028503, 0.4293174147605896, 0.041566211730241776)","(0.5069022178649902, 0.5983315110206604, 0.03954856097698212)","(0.45489364862442017, 0.5515681505203247, 0.05647595226764679)","(0.4327131509780884, 0.4975127577781677, 0.05168591067194939)","(0.425370991230011, 0.44015440344810486, 0.04666300490498543)","(0.5282253623008728, 0.5795990824699402, 0.058254364877939224)","(0.49064916372299194, 0.5632706880569458, 0.06675102561712265)","(0.4722750186920166, 0.527443528175354, 0.06416258215904236)","(0.46334370970726013, 0.4833665192127228, 0.06384586542844772)",Move
2641,"(0.5600196123123169, 0.3629052937030792, 1.921906971347198e-07)","(0.4856700599193573, 0.3481573462486267, -0.01801113598048687)","(0.42559513449668884, 0.3890131115913391, -0.015435418114066124)","(0.38538897037506104, 0.432091623544693, -0.00608624005690217)","(0.35706716775894165, 0.43368467688560486, 0.00554268853738904)","(0.4432821571826935, 0.5691252946853638, -0.005360296927392483)","(0.38247251510620117, 0.5443145632743835, 0.004585889168083668)","(0.3635205626487732, 0.4880877137184143, 0.00889940932393074)","(0.35629183053970337, 0.43997499346733093, 0.01245898474007845)","(0.47706547379493713, 0.5982252359390259, 0.012182923965156078)","(0.41821813583374023, 0.5454313158988953, 0.02783636562526226)","(0.39889341592788696, 0.4825606346130371, 0.030638791620731354)","(0.3916173577308655, 0.4314405024051666, 0.030898839235305786)","(0.5044080018997192, 0.5906585454940796, 0.029949313029646873)","(0.45485466718673706, 0.5496490001678467, 0.04256454110145569)","(0.43372756242752075, 0.4971785247325897, 0.039023589342832565)","(0.427185595035553, 0.4414936602115631, 0.035407088696956635)","(0.5261099338531494, 0.5729207992553711, 0.04665610194206238)","(0.4909175634384155, 0.5664554834365845, 0.05146925151348114)","(0.4726429581642151, 0.5332361459732056, 0.0494372621178627)","(0.463883638381958, 0.4898613393306732, 0.04999128356575966)",Move
2642,"(0.5567685961723328, 0.3563781976699829, 1.8905053877915634e-07)","(0.48258447647094727, 0.3407973647117615, -0.014722643420100212)","(0.4235660433769226, 0.3825668692588806, -0.00967393722385168)","(0.38368934392929077, 0.42625078558921814, 0.002264532260596752)","(0.3560331463813782, 0.4253728985786438, 0.01686386577785015)","(0.44068798422813416, 0.5627055168151855, -0.0010931231081485748)","(0.38026249408721924, 0.5377404093742371, 0.012963750399649143)","(0.3621557354927063, 0.4821879267692566, 0.01962602138519287)","(0.35637757182121277, 0.43618738651275635, 0.024370232596993446)","(0.4742090702056885, 0.5912620425224304, 0.01622033677995205)","(0.41511380672454834, 0.5455604195594788, 0.035579681396484375)","(0.39610031247138977, 0.4856865704059601, 0.03952747583389282)","(0.38958653807640076, 0.43684399127960205, 0.04011308401823044)","(0.5013284683227539, 0.5847614407539368, 0.03425735980272293)","(0.45111018419265747, 0.5520983338356018, 0.05141900107264519)","(0.43058642745018005, 0.5025129318237305, 0.048671480268239975)","(0.42464858293533325, 0.45031511783599854, 0.04460108280181885)","(0.5221058130264282, 0.5680543184280396, 0.051482874900102615)","(0.4869248569011688, 0.5676960349082947, 0.061000749468803406)","(0.46967828273773193, 0.5371032357215881, 0.06046333163976669)","(0.46172234416007996, 0.49679481983184814, 0.06111496686935425)",Move
2643,"(0.5528690814971924, 0.3510065972805023, 1.8655893541108526e-07)","(0.4802352786064148, 0.33517569303512573, -0.016247618943452835)","(0.42077207565307617, 0.3765171468257904, -0.012351800687611103)","(0.38175147771835327, 0.4202960729598999, -0.0012264029355719686)","(0.35593998432159424, 0.41924163699150085, 0.012495756149291992)","(0.4386317729949951, 0.5555025339126587, -0.0055000437423586845)","(0.38078412413597107, 0.5314992070198059, 0.007506175432354212)","(0.3622729182243347, 0.4768238961696625, 0.014113590121269226)","(0.3561726212501526, 0.430654376745224, 0.018877167254686356)","(0.4717397391796112, 0.5837383270263672, 0.011740866117179394)","(0.4142003655433655, 0.5407056212425232, 0.02950173243880272)","(0.39408716559410095, 0.48204469680786133, 0.033348605036735535)","(0.38706400990486145, 0.43221694231033325, 0.034015532582998276)","(0.4989294409751892, 0.5775520205497742, 0.02973765693604946)","(0.45031726360321045, 0.5477105379104614, 0.045318782329559326)","(0.4284845292568207, 0.49922144412994385, 0.042695555835962296)","(0.42154884338378906, 0.44709938764572144, 0.0388941764831543)","(0.5203074812889099, 0.560981035232544, 0.04681374132633209)","(0.4874694049358368, 0.5643049478530884, 0.05557087063789368)","(0.4702606499195099, 0.5366227626800537, 0.05507964268326759)","(0.4621126651763916, 0.4983590543270111, 0.05564015358686447)",Move
2644,"(0.548772931098938, 0.3482510447502136, 1.4848748719487048e-07)","(0.47766754031181335, 0.3293842077255249, -0.01420090813189745)","(0.41915878653526306, 0.36852332949638367, -0.011883238330483437)","(0.3812026381492615, 0.4123222231864929, -0.0035583770368248224)","(0.35655874013900757, 0.41318219900131226, 0.0071132006123661995)","(0.4325319826602936, 0.5440242886543274, -0.005995885003358126)","(0.37763744592666626, 0.5245879888534546, 0.003723947796970606)","(0.36204037070274353, 0.47125643491744995, 0.008278065361082554)","(0.35868149995803833, 0.42708516120910645, 0.011814477853477001)","(0.4649733006954193, 0.5737388134002686, 0.007843236438930035)","(0.40843892097473145, 0.5447677373886108, 0.021097837015986443)","(0.3904637098312378, 0.48751646280288696, 0.024126455187797546)","(0.38619524240493774, 0.4392034113407135, 0.025195136666297913)","(0.49280548095703125, 0.5708690881729126, 0.022340143099427223)","(0.44406455755233765, 0.5576399564743042, 0.03444613143801689)","(0.4220230281352997, 0.5119324922561646, 0.03303461894392967)","(0.41541820764541626, 0.46354758739471436, 0.03071770817041397)","(0.5158259868621826, 0.5559026002883911, 0.03607774153351784)","(0.4859643578529358, 0.5775017738342285, 0.04379253089427948)","(0.46822693943977356, 0.5576719045639038, 0.04492504149675369)","(0.45957159996032715, 0.5251251459121704, 0.04658355191349983)",Move
2645,"(0.5428950786590576, 0.3406270742416382, 1.6677439873546973e-07)","(0.4762764871120453, 0.3226819634437561, -0.013122210279107094)","(0.4193454384803772, 0.36381039023399353, -0.01242106407880783)","(0.3821312487125397, 0.4076918065547943, -0.006569962948560715)","(0.3585505187511444, 0.4068838357925415, 0.0015293573960661888)","(0.43390047550201416, 0.5269802212715149, -0.009786967188119888)","(0.3780859112739563, 0.5177018642425537, -0.005256984382867813)","(0.36206158995628357, 0.4681640565395355, -0.0026578165125101805)","(0.35895606875419617, 0.42528945207595825, 0.00030782463727518916)","(0.464163213968277, 0.5614917874336243, 0.0016799975419417024)","(0.40861690044403076, 0.5498980283737183, 0.011367055587470531)","(0.3908138573169708, 0.4986020028591156, 0.01590825244784355)","(0.3866604268550873, 0.4549850821495056, 0.01850750483572483)","(0.4913164973258972, 0.5633370280265808, 0.013455325737595558)","(0.443839967250824, 0.56474769115448, 0.02241509035229683)","(0.4225243628025055, 0.5249000191688538, 0.023841701447963715)","(0.4161826968193054, 0.4824891984462738, 0.023924613371491432)","(0.5142691135406494, 0.550429105758667, 0.02438434585928917)","(0.4862458109855652, 0.582349419593811, 0.030298739671707153)","(0.46762245893478394, 0.5641958713531494, 0.03324282541871071)","(0.45867806673049927, 0.5326833128929138, 0.036480121314525604)",Move
2646,"(0.5404717922210693, 0.3383808135986328, 1.3149660560429766e-07)","(0.4748792052268982, 0.3183824419975281, -0.011672548949718475)","(0.4189471900463104, 0.35989928245544434, -0.01090115588158369)","(0.38350892066955566, 0.40540334582328796, -0.005303501151502132)","(0.3592507243156433, 0.40367910265922546, 0.002518631750717759)","(0.4313608407974243, 0.5188632607460022, -0.011321481317281723)","(0.3782477080821991, 0.5132347345352173, -0.00727330194786191)","(0.36389386653900146, 0.4656705856323242, -0.0032599649857729673)","(0.36242780089378357, 0.4242059886455536, 0.0009758664527907968)","(0.4611189067363739, 0.5547609925270081, -0.0012065446935594082)","(0.40807974338531494, 0.554443359375, 0.007701766211539507)","(0.391815185546875, 0.5078797936439514, 0.01413380354642868)","(0.3896799087524414, 0.4663815498352051, 0.018517112359404564)","(0.4883754253387451, 0.5589290857315063, 0.009335269220173359)","(0.44308921694755554, 0.568888783454895, 0.016477348282933235)","(0.4225332736968994, 0.5318766236305237, 0.019126782193779945)","(0.4176604151725769, 0.4907902479171753, 0.02083078771829605)","(0.5122013688087463, 0.5481852293014526, 0.019296808168292046)","(0.4876568615436554, 0.5896680355072021, 0.02349174953997135)","(0.4695838987827301, 0.572437047958374, 0.026891430839896202)","(0.46168753504753113, 0.5393020510673523, 0.031013907864689827)",Move
2647,"(0.5393571853637695, 0.33519601821899414, 1.028861191798569e-07)","(0.4729326665401459, 0.3167722821235657, -0.010263611562550068)","(0.41971349716186523, 0.3585169017314911, -0.00973279494792223)","(0.38508370518684387, 0.40434134006500244, -0.004751013126224279)","(0.36186483502388, 0.40403395891189575, 0.002368641085922718)","(0.4309724271297455, 0.5140148997306824, -0.01166959572583437)","(0.3770510256290436, 0.508979320526123, -0.0069960057735443115)","(0.3634699583053589, 0.4603389501571655, -0.0023044815752655268)","(0.36416712403297424, 0.42083343863487244, 0.0021406470332294703)","(0.4600679576396942, 0.5505826473236084, -0.002759756753221154)","(0.40542733669281006, 0.5473670959472656, 0.006210489198565483)","(0.3903622627258301, 0.4977969825267792, 0.012005981057882309)","(0.39094746112823486, 0.457620233297348, 0.015612333081662655)","(0.4871511459350586, 0.5555494427680969, 0.006888095289468765)","(0.440760999917984, 0.5647580027580261, 0.014637855812907219)","(0.42106354236602783, 0.5249533653259277, 0.01677282340824604)","(0.41793742775917053, 0.48451751470565796, 0.017454788088798523)","(0.5109788775444031, 0.5451123118400574, 0.016155235469341278)","(0.48734748363494873, 0.588053286075592, 0.021170862019062042)","(0.4708479344844818, 0.5737482309341431, 0.02456844411790371)","(0.4644920527935028, 0.5450887084007263, 0.02806338109076023)",Move
2648,"(0.5388457179069519, 0.3315560221672058, 9.715941473587009e-08)","(0.4720613360404968, 0.3141218423843384, -0.011245000176131725)","(0.41999298334121704, 0.356344610452652, -0.012395935133099556)","(0.38636255264282227, 0.4019802212715149, -0.009140199050307274)","(0.36430490016937256, 0.4033558964729309, -0.003845640690997243)","(0.43209320306777954, 0.5090441703796387, -0.015791090205311775)","(0.3776248097419739, 0.504828929901123, -0.013854695484042168)","(0.3639315068721771, 0.45669659972190857, -0.01084804441779852)","(0.3653516173362732, 0.41760164499282837, -0.007543571759015322)","(0.46090835332870483, 0.5466644167900085, -0.007614596281200647)","(0.4054027497768402, 0.544513463973999, -0.001370851299725473)","(0.3904523551464081, 0.4943890869617462, 0.0030417863745242357)","(0.39186984300613403, 0.4543989896774292, 0.005545895081013441)","(0.4880000352859497, 0.553526759147644, 0.001288523548282683)","(0.4406404197216034, 0.5635068416595459, 0.006750057451426983)","(0.42127037048339844, 0.5235685110092163, 0.00776468263939023)","(0.4192674458026886, 0.4837849736213684, 0.007560268975794315)","(0.5118748545646667, 0.5444943904876709, 0.00978563167154789)","(0.48819175362586975, 0.5874346494674683, 0.01256669033318758)","(0.47158393263816833, 0.5718706846237183, 0.014809361658990383)","(0.4659252166748047, 0.542580246925354, 0.017394164577126503)",Move
2649,"(0.5379124879837036, 0.32885661721229553, 7.3694977231753e-08)","(0.4709526300430298, 0.31209802627563477, -0.008067906834185123)","(0.41995465755462646, 0.35441043972969055, -0.007993251085281372)","(0.3876432180404663, 0.39928022027015686, -0.004035106394439936)","(0.3643242120742798, 0.39996206760406494, 0.0017268884694203734)","(0.43059447407722473, 0.5042455792427063, -0.013909216038882732)","(0.3792025148868561, 0.5017362833023071, -0.010879447683691978)","(0.3654472827911377, 0.4557032883167267, -0.00706922123208642)","(0.3657330274581909, 0.41664496064186096, -0.003377493703737855)","(0.45961514115333557, 0.5411465167999268, -0.006936776451766491)","(0.40617287158966064, 0.5449654459953308, 0.0009649692219682038)","(0.39199602603912354, 0.49771445989608765, 0.006779643706977367)","(0.39308401942253113, 0.45910581946372986, 0.00984017364680767)","(0.48699644207954407, 0.5481314063072205, 0.0010769260115921497)","(0.4409126341342926, 0.5606725811958313, 0.007722767535597086)","(0.4225419759750366, 0.5218689441680908, 0.009884747676551342)","(0.42083245515823364, 0.48304396867752075, 0.010120677761733532)","(0.511414647102356, 0.5392358303070068, 0.008959163911640644)","(0.4888862669467926, 0.5858089923858643, 0.012689359486103058)","(0.47193899750709534, 0.5694785118103027, 0.01590179093182087)","(0.4657633304595947, 0.5388108491897583, 0.018983351066708565)",Move
2650,"(0.5381928086280823, 0.3262600004673004, 8.553908514841169e-08)","(0.47130805253982544, 0.3104029893875122, -0.008227748796343803)","(0.4210353493690491, 0.3523343801498413, -0.008924000896513462)","(0.3886789083480835, 0.39911016821861267, -0.006137019954621792)","(0.36559152603149414, 0.39885276556015015, -0.0015169678954407573)","(0.43090569972991943, 0.5008448958396912, -0.01224930863827467)","(0.37881407141685486, 0.49980270862579346, -0.010744130238890648)","(0.36598050594329834, 0.45406150817871094, -0.008639650419354439)","(0.3672281503677368, 0.41598260402679443, -0.006163450889289379)","(0.45938897132873535, 0.5380712747573853, -0.006027668714523315)","(0.40609487891197205, 0.542319118976593, -0.00011039437231374905)","(0.39213457703590393, 0.49563103914260864, 0.004159381613135338)","(0.3933333456516266, 0.4573154151439667, 0.006436442956328392)","(0.486750990152359, 0.5464405417442322, 0.0009609544067643583)","(0.44079840183258057, 0.5600395202636719, 0.006251088809221983)","(0.4227452874183655, 0.5225271582603455, 0.007936378009617329)","(0.4213593602180481, 0.4841970205307007, 0.008077037520706654)","(0.5116368532180786, 0.5387699604034424, 0.007710373029112816)","(0.48747408390045166, 0.5832134485244751, 0.010608413256704807)","(0.470981627702713, 0.5661757588386536, 0.013671918772161007)","(0.46549683809280396, 0.5358087420463562, 0.016779132187366486)",Move
2651,"(0.5392450094223022, 0.3222399353981018, 6.880097913608552e-08)","(0.47170037031173706, 0.30616700649261475, -0.008131155744194984)","(0.4210423529148102, 0.3494858145713806, -0.008552770130336285)","(0.38895565271377563, 0.3976471424102783, -0.005344919394701719)","(0.3661363124847412, 0.3972524106502533, -0.0004560109809972346)","(0.4308989942073822, 0.49947255849838257, -0.012714043259620667)","(0.3788045644760132, 0.4965517818927765, -0.0092789176851511)","(0.366504043340683, 0.45039528608322144, -0.0058480254374444485)","(0.3683600127696991, 0.4138184189796448, -0.002842060523107648)","(0.4599713683128357, 0.5358724594116211, -0.00637750094756484)","(0.4055570065975189, 0.5388612151145935, 0.0014080378459766507)","(0.39251989126205444, 0.49056607484817505, 0.006398575846105814)","(0.39522939920425415, 0.45342034101486206, 0.008705168962478638)","(0.4878634512424469, 0.5431123971939087, 0.0009734198683872819)","(0.44121691584587097, 0.5568309426307678, 0.007397990673780441)","(0.4241795837879181, 0.5173914432525635, 0.008939585648477077)","(0.4245990216732025, 0.47954604029655457, 0.008586530573666096)","(0.5130724906921387, 0.5348042249679565, 0.00822061114013195)","(0.4897818863391876, 0.5836881399154663, 0.011610010638833046)","(0.47358015179634094, 0.567166268825531, 0.014664366841316223)","(0.4687833786010742, 0.537286639213562, 0.017462149262428284)",Move
2652,"(0.53871750831604, 0.3200693726539612, 5.3315904580131246e-08)","(0.4716062545776367, 0.303702712059021, -0.006540744565427303)","(0.4212969243526459, 0.347345769405365, -0.005395090207457542)","(0.39074650406837463, 0.3975035548210144, -0.0005645191995427012)","(0.36846718192100525, 0.3975784480571747, 0.006113516632467508)","(0.4316600263118744, 0.4966523051261902, -0.011123540811240673)","(0.3796813189983368, 0.495180606842041, -0.006735429633408785)","(0.3674605190753937, 0.4491022527217865, -0.0024462947621941566)","(0.36941540241241455, 0.4124404788017273, 0.0013320143334567547)","(0.4609774351119995, 0.5336951017379761, -0.004650331102311611)","(0.4065994918346405, 0.5363802313804626, 0.0038566063158214092)","(0.39422664046287537, 0.48790132999420166, 0.00915242824703455)","(0.39690539240837097, 0.45155033469200134, 0.011934664100408554)","(0.4886777997016907, 0.5412341356277466, 0.0030265015084296465)","(0.44225290417671204, 0.554081916809082, 0.01054646261036396)","(0.42560097575187683, 0.5150116682052612, 0.012204567901790142)","(0.4253782629966736, 0.4788057804107666, 0.011985963210463524)","(0.5133910179138184, 0.5330535769462585, 0.01080404594540596)","(0.49107885360717773, 0.5804480910301208, 0.01581019163131714)","(0.47592687606811523, 0.5678836703300476, 0.019123729318380356)","(0.4707968533039093, 0.5431625843048096, 0.02199162170290947)",Move
2653,"(0.5374817252159119, 0.31620457768440247, 6.518485662354578e-08)","(0.4713404178619385, 0.3010234832763672, -0.006113875657320023)","(0.42171141505241394, 0.3456820845603943, -0.004788273014128208)","(0.3910897374153137, 0.39581796526908875, -6.441089226427721e-06)","(0.3684937357902527, 0.3968532085418701, 0.006569871213287115)","(0.4327945411205292, 0.4913795590400696, -0.010060320608317852)","(0.3813968598842621, 0.4928286075592041, -0.005593691486865282)","(0.3683141767978668, 0.44901615381240845, -0.001007754821330309)","(0.36915141344070435, 0.4130675792694092, 0.003041913965716958)","(0.46209660172462463, 0.5282688140869141, -0.003951028920710087)","(0.40754902362823486, 0.5353257060050964, 0.004630350973457098)","(0.3947373628616333, 0.4891705811023712, 0.01049144845455885)","(0.39708662033081055, 0.4537106454372406, 0.013959597796201706)","(0.4896293878555298, 0.53581702709198, 0.003253777278587222)","(0.4429066777229309, 0.5539940595626831, 0.010848253965377808)","(0.4252164959907532, 0.5174595713615417, 0.013348694890737534)","(0.42367973923683167, 0.4825361371040344, 0.01391731109470129)","(0.5140568614006042, 0.5274317264556885, 0.010532493703067303)","(0.49345633387565613, 0.5794957876205444, 0.015458447858691216)","(0.47768276929855347, 0.5694345831871033, 0.019090812653303146)","(0.4711463749408722, 0.545879065990448, 0.022427331656217575)",Move
2654,"(0.5380833745002747, 0.31452667713165283, 4.470416214985562e-08)","(0.4707769751548767, 0.30082452297210693, -0.006055168341845274)","(0.4215068221092224, 0.34517475962638855, -0.004864748567342758)","(0.39100489020347595, 0.3937232792377472, -0.00018120081222150475)","(0.36789557337760925, 0.3945082128047943, 0.006270260084420443)","(0.4334760010242462, 0.4909505248069763, -0.01107820775359869)","(0.3815760910511017, 0.48936927318573, -0.0064768302254378796)","(0.368696928024292, 0.44540050625801086, -0.001479690195992589)","(0.3695998787879944, 0.4096260070800781, 0.0030080119613558054)","(0.4623029828071594, 0.5263682007789612, -0.0050997622311115265)","(0.4072060286998749, 0.5293236374855042, 0.003659648122265935)","(0.39458078145980835, 0.4826679527759552, 0.009622015058994293)","(0.3970992863178253, 0.44751566648483276, 0.01323273591697216)","(0.48972299695014954, 0.5330596566200256, 0.0020693012047559023)","(0.44368577003479004, 0.5494503974914551, 0.009527399204671383)","(0.4260307550430298, 0.512627899646759, 0.011826236732304096)","(0.424533486366272, 0.47808921337127686, 0.012460296973586082)","(0.5143721699714661, 0.5248863697052002, 0.009411660023033619)","(0.49490073323249817, 0.5811364054679871, 0.01443746779114008)","(0.4787764549255371, 0.5775628089904785, 0.01799706183373928)","(0.4718681573867798, 0.5601667761802673, 0.02128446474671364)",Move
2655,"(0.5366353392601013, 0.3119262158870697, 2.7989516482307408e-08)","(0.47021302580833435, 0.2989615201950073, -0.005263802129775286)","(0.42158544063568115, 0.3428472876548767, -0.0031535406596958637)","(0.3921792507171631, 0.39141303300857544, 0.0027116842102259398)","(0.37066566944122314, 0.3931032419204712, 0.010315177030861378)","(0.4328843951225281, 0.48826825618743896, -0.012357826344668865)","(0.38274291157722473, 0.48628780245780945, -0.006760993506759405)","(0.3696579933166504, 0.442671000957489, -0.00022092345170676708)","(0.37055546045303345, 0.4073474705219269, 0.00541932787746191)","(0.46234944462776184, 0.5234152674674988, -0.006215344183146954)","(0.40814462304115295, 0.5286785364151001, 0.0028663042467087507)","(0.3956124484539032, 0.4820529520511627, 0.00985714327543974)","(0.3991588354110718, 0.44629746675491333, 0.01437708642333746)","(0.49038493633270264, 0.5294460654258728, 0.0014084074646234512)","(0.4440871775150299, 0.5484702587127686, 0.008632507175207138)","(0.42676621675491333, 0.510589599609375, 0.010974405333399773)","(0.42646971344947815, 0.4750419855117798, 0.011877138167619705)","(0.5157603621482849, 0.5202099084854126, 0.009452921338379383)","(0.49786701798439026, 0.581751823425293, 0.013309335336089134)","(0.48261523246765137, 0.5818851590156555, 0.015822136774659157)","(0.4768703281879425, 0.5665472745895386, 0.01863264851272106)",Move
2656,"(0.5362380146980286, 0.31081485748291016, 5.6801056302902e-08)","(0.47072091698646545, 0.2971188724040985, -0.0071014161221683025)","(0.42183467745780945, 0.34233057498931885, -0.006510842125862837)","(0.39020836353302, 0.3917121887207031, -0.0022892379201948643)","(0.36729878187179565, 0.39544200897216797, 0.003354993648827076)","(0.4339335858821869, 0.48692137002944946, -0.01210668496787548)","(0.3833908140659332, 0.4853176176548004, -0.007125515956431627)","(0.3698278069496155, 0.4430209696292877, -0.0020909954328089952)","(0.36966410279273987, 0.4079742729663849, 0.0020675736013799906)","(0.46297940611839294, 0.5225033164024353, -0.005951499566435814)","(0.40794840455055237, 0.5261191129684448, 0.0027413200587034225)","(0.3955279588699341, 0.4787951707839966, 0.008107216097414494)","(0.398086816072464, 0.4427169859409332, 0.01095755584537983)","(0.49067896604537964, 0.5288773775100708, 0.0014220650773495436)","(0.4435778856277466, 0.5455377101898193, 0.00806503091007471)","(0.4261399507522583, 0.5074482560157776, 0.009341618977487087)","(0.42523473501205444, 0.47053262591362, 0.009092302992939949)","(0.5159858465194702, 0.5205613970756531, 0.008930002339184284)","(0.49656954407691956, 0.5763524174690247, 0.01245091948658228)","(0.47988030314445496, 0.5678216814994812, 0.014990867115557194)","(0.47247830033302307, 0.5440831780433655, 0.017501380294561386)",Move
2657,"(0.5347709059715271, 0.30799156427383423, 5.174404549279643e-08)","(0.4693955183029175, 0.29541516304016113, -0.006304232869297266)","(0.4210074841976166, 0.3409026563167572, -0.005083143711090088)","(0.39038386940956116, 0.39076703786849976, -0.00019513649749569595)","(0.3683493733406067, 0.3950512111186981, 0.006126451306045055)","(0.43357300758361816, 0.4842590391635895, -0.012578406371176243)","(0.3829629421234131, 0.4833797216415405, -0.007112864870578051)","(0.36957889795303345, 0.4407787322998047, -0.0010975140612572432)","(0.3695596754550934, 0.40573346614837646, 0.004094977397471666)","(0.46312251687049866, 0.5193142294883728, -0.006197300273925066)","(0.4085649251937866, 0.5250319242477417, 0.0035184172447770834)","(0.39559465646743774, 0.47842466831207275, 0.010451906360685825)","(0.39834102988243103, 0.4423556327819824, 0.014647746458649635)","(0.49132123589515686, 0.5252355933189392, 0.0015431168721988797)","(0.4445950984954834, 0.543816864490509, 0.00878322683274746)","(0.4270365834236145, 0.5053519606590271, 0.01105683296918869)","(0.42669713497161865, 0.46820542216300964, 0.011851112358272076)","(0.5168592929840088, 0.5171015858650208, 0.00958411954343319)","(0.4991571009159088, 0.5786207914352417, 0.01305339951068163)","(0.4829676151275635, 0.5720805525779724, 0.015904206782579422)","(0.4764060378074646, 0.5488187670707703, 0.01909950003027916)",Move
2658,"(0.5339712500572205, 0.30674219131469727, 5.454703710938702e-08)","(0.46883028745651245, 0.2936660945415497, -0.008055788464844227)","(0.4198168218135834, 0.3400816321372986, -0.0075215003453195095)","(0.3882281184196472, 0.3889073133468628, -0.003062884323298931)","(0.3652370572090149, 0.39167922735214233, 0.002848045201972127)","(0.43383172154426575, 0.48519542813301086, -0.013604691252112389)","(0.38279205560684204, 0.4814939498901367, -0.009046883322298527)","(0.36848509311676025, 0.44022056460380554, -0.0037626016419380903)","(0.36746570467948914, 0.4046919643878937, 0.0009072994580492377)","(0.46318283677101135, 0.5187740325927734, -0.006921711377799511)","(0.4078335464000702, 0.522880494594574, 0.001359150861389935)","(0.3949141502380371, 0.4772282540798187, 0.007217202335596085)","(0.39690691232681274, 0.4425003230571747, 0.010919982567429543)","(0.49124738574028015, 0.5229969620704651, 0.0008885531569831073)","(0.44515350461006165, 0.5422657132148743, 0.006948123220354319)","(0.42688629031181335, 0.5073409676551819, 0.008232750929892063)","(0.42459115386009216, 0.4731540083885193, 0.00846239272505045)","(0.5169116854667664, 0.5127461552619934, 0.008869762532413006)","(0.5004473924636841, 0.5744110941886902, 0.011851202696561813)","(0.4843863546848297, 0.5791938900947571, 0.013739250600337982)","(0.4766557514667511, 0.5684542655944824, 0.01597609370946884)",Move
2659,"(0.5322441458702087, 0.3028870224952698, 5.148843840174777e-08)","(0.467363178730011, 0.2904421091079712, -0.007895159535109997)","(0.41853010654449463, 0.3354836106300354, -0.007632125169038773)","(0.3866957426071167, 0.3824197053909302, -0.0032736475113779306)","(0.36424699425697327, 0.38595885038375854, 0.0024165769573301077)","(0.43307217955589294, 0.48113155364990234, -0.01644517295062542)","(0.38263949751853943, 0.47781088948249817, -0.012529558502137661)","(0.36793261766433716, 0.43622711300849915, -0.007157239131629467)","(0.3663971424102783, 0.40021592378616333, -0.002407792489975691)","(0.4624355435371399, 0.5161211490631104, -0.009798901155591011)","(0.4072343707084656, 0.523429274559021, -0.001848967163823545)","(0.39438337087631226, 0.47723349928855896, 0.0047538429498672485)","(0.39659708738327026, 0.4410807192325592, 0.008847231045365334)","(0.4905112683773041, 0.5220488905906677, -0.0018016984686255455)","(0.44382038712501526, 0.5415045022964478, 0.003620437579229474)","(0.42606934905052185, 0.5048730373382568, 0.005340534262359142)","(0.42486920952796936, 0.4683917760848999, 0.005887489765882492)","(0.5164983868598938, 0.5132764577865601, 0.006417866796255112)","(0.49954110383987427, 0.5719307065010071, 0.007849162444472313)","(0.48307326436042786, 0.5661068558692932, 0.0094748605042696)","(0.4758281409740448, 0.5440182685852051, 0.011844959110021591)",Move
2660,"(0.5326883792877197, 0.299596905708313, 3.57705047804302e-08)","(0.4655688405036926, 0.2882653474807739, -0.007559886202216148)","(0.4143722653388977, 0.3327275514602661, -0.006572076119482517)","(0.38173335790634155, 0.3811495304107666, -0.0010101962834596634)","(0.3628949522972107, 0.3883967101573944, 0.006148047279566526)","(0.4329690635204315, 0.48119133710861206, -0.016663603484630585)","(0.3811146020889282, 0.47627514600753784, -0.010837104171514511)","(0.3670364022254944, 0.4320429563522339, -0.00407857820391655)","(0.36582088470458984, 0.3957580327987671, 0.0013827754883095622)","(0.46324941515922546, 0.5158552527427673, -0.009211613796651363)","(0.40618330240249634, 0.5217737555503845, 3.0013517971383408e-05)","(0.3931904435157776, 0.47308215498924255, 0.0073799146339297295)","(0.39594656229019165, 0.4354597330093384, 0.011967562139034271)","(0.4914240539073944, 0.5206714868545532, -6.175055023049936e-05)","(0.44286149740219116, 0.542468786239624, 0.006959997583180666)","(0.4246077835559845, 0.5041682124137878, 0.009392035193741322)","(0.4238854944705963, 0.46585798263549805, 0.010209514759480953)","(0.5166483521461487, 0.5105703473091125, 0.009409476071596146)","(0.4994443655014038, 0.5708650946617126, 0.01203598640859127)","(0.4837365448474884, 0.5660339593887329, 0.014060898683965206)","(0.47763267159461975, 0.5446922183036804, 0.016625382006168365)",Move
2661,"(0.5305617451667786, 0.297599732875824, 6.487472603566857e-08)","(0.46362942457199097, 0.2887738347053528, -0.008878719992935658)","(0.41285282373428345, 0.331209659576416, -0.008372441865503788)","(0.38005560636520386, 0.37835848331451416, -0.0028738626278936863)","(0.3631057143211365, 0.38874226808547974, 0.004487934056669474)","(0.4327452778816223, 0.4820636808872223, -0.01757558435201645)","(0.3812107443809509, 0.4737929105758667, -0.011564716696739197)","(0.3665606379508972, 0.4294295907020569, -0.005046722013503313)","(0.36426055431365967, 0.39305558800697327, 0.00034146493999287486)","(0.4632423520088196, 0.5158320069313049, -0.009108752012252808)","(0.4079326093196869, 0.5188851952552795, 0.000994052505120635)","(0.3932771384716034, 0.47429415583610535, 0.008405579254031181)","(0.3940294086933136, 0.43736809492111206, 0.01278572715818882)","(0.4916561245918274, 0.520294189453125, 0.0010161149548366666)","(0.44450220465660095, 0.5372762084007263, 0.009284166619181633)","(0.426265150308609, 0.5011661052703857, 0.012017718516290188)","(0.42443811893463135, 0.46393242478370667, 0.012797023169696331)","(0.5163022875785828, 0.5099717378616333, 0.011266577057540417)","(0.49966681003570557, 0.5638869404792786, 0.015501046553254128)","(0.48524010181427, 0.5605201721191406, 0.01830882951617241)","(0.47945767641067505, 0.5416142344474792, 0.021294688805937767)",Move
2662,"(0.5298178195953369, 0.295521080493927, 8.62442632865168e-08)","(0.4632587432861328, 0.2870400547981262, -0.009727110154926777)","(0.41168150305747986, 0.33057940006256104, -0.009154721163213253)","(0.37808549404144287, 0.37933582067489624, -0.0031802488956600428)","(0.3641324043273926, 0.3956398069858551, 0.004491782747209072)","(0.4319474399089813, 0.484184592962265, -0.01773485541343689)","(0.38056397438049316, 0.47326424717903137, -0.009976409375667572)","(0.3661949038505554, 0.4277815818786621, -0.002766335615888238)","(0.3637586236000061, 0.3921854496002197, 0.002820767229422927)","(0.4630168378353119, 0.5176701545715332, -0.008561328984797001)","(0.40803393721580505, 0.5179020166397095, 0.0027327497955411673)","(0.3927153944969177, 0.4723014235496521, 0.010067167691886425)","(0.3929677903652191, 0.43433019518852234, 0.014106039889156818)","(0.4920561611652374, 0.5217511653900146, 0.0024161466863006353)","(0.44432851672172546, 0.5369235873222351, 0.011658617295324802)","(0.4254438877105713, 0.49903547763824463, 0.014543931931257248)","(0.42343249917030334, 0.4595722556114197, 0.01525107305496931)","(0.5172160267829895, 0.511629581451416, 0.013449402526021004)","(0.49812179803848267, 0.5651559829711914, 0.019066667184233665)","(0.48249340057373047, 0.555902898311615, 0.023173851892352104)","(0.4760468602180481, 0.530248761177063, 0.026895474642515182)",Move
2663,"(0.5289177894592285, 0.2942102253437042, 6.327574197939612e-08)","(0.4620700478553772, 0.28664296865463257, -0.008425277657806873)","(0.41165250539779663, 0.32892173528671265, -0.008148105815052986)","(0.37912651896476746, 0.37555187940597534, -0.0028737850952893496)","(0.36342161893844604, 0.38942596316337585, 0.004105183761566877)","(0.4316159188747406, 0.48240914940834045, -0.01851915940642357)","(0.38026753067970276, 0.4719765782356262, -0.01275579072535038)","(0.36585354804992676, 0.425115704536438, -0.006616370286792517)","(0.36385348439216614, 0.38836824893951416, -0.0015528128715232015)","(0.46255040168762207, 0.5161702632904053, -0.010367017239332199)","(0.4074779152870178, 0.5160055160522461, -0.0003485706401988864)","(0.3931046426296234, 0.470775306224823, 0.006812096107751131)","(0.39402949810028076, 0.43486112356185913, 0.010625813156366348)","(0.4914330244064331, 0.5209355354309082, -0.0003487483481876552)","(0.44359150528907776, 0.5371463894844055, 0.007785688620060682)","(0.4255913496017456, 0.5005710124969482, 0.010915187187492847)","(0.42417120933532715, 0.4621068239212036, 0.01182872150093317)","(0.516559898853302, 0.5117069482803345, 0.009831955656409264)","(0.49669045209884644, 0.5637893676757812, 0.014300682581961155)","(0.4809606373310089, 0.5513114929199219, 0.018435679376125336)","(0.47481226921081543, 0.5228664875030518, 0.022397689521312714)",Position
2664,"(0.5281120538711548, 0.2949182093143463, 7.732111129143959e-08)","(0.4613837003707886, 0.28808414936065674, -0.00891492236405611)","(0.4105979800224304, 0.3291129469871521, -0.008435564115643501)","(0.37740737199783325, 0.3750181794166565, -0.0027412879280745983)","(0.3647322654724121, 0.3911975026130676, 0.004745388403534889)","(0.43080228567123413, 0.48287710547447205, -0.017747247591614723)","(0.3808153569698334, 0.4712379574775696, -0.010567908175289631)","(0.3665778934955597, 0.42479830980300903, -0.003485822817310691)","(0.36374494433403015, 0.3880867063999176, 0.002184821292757988)","(0.4615810811519623, 0.5163681507110596, -0.00892513059079647)","(0.40828344225883484, 0.5152233242988586, 0.0022311490029096603)","(0.3935202658176422, 0.47139355540275574, 0.009662722237408161)","(0.3929494619369507, 0.43465399742126465, 0.0137292155995965)","(0.4907160997390747, 0.5209660530090332, 0.0017813534941524267)","(0.44378986954689026, 0.535253643989563, 0.011175316758453846)","(0.4252631962299347, 0.49956536293029785, 0.014446338638663292)","(0.42245373129844666, 0.4606487452983856, 0.015384494327008724)","(0.5161553025245667, 0.5119128227233887, 0.012550506740808487)","(0.49788758158683777, 0.5626927614212036, 0.018314383924007416)","(0.4824695587158203, 0.5535657405853271, 0.0226961188018322)","(0.4755089282989502, 0.5278980135917664, 0.026749184355139732)",Position
2665,"(0.5279465317726135, 0.29387933015823364, 8.090044900654902e-08)","(0.46104374527931213, 0.2876790761947632, -0.009116645902395248)","(0.4106006920337677, 0.32850050926208496, -0.008719093166291714)","(0.37773382663726807, 0.3743203282356262, -0.0029553265776485205)","(0.36661389470100403, 0.3914134204387665, 0.004637499339878559)","(0.4313179850578308, 0.4826824963092804, -0.01782052218914032)","(0.381350576877594, 0.47004321217536926, -0.010835704393684864)","(0.3672187924385071, 0.4230350852012634, -0.004284241236746311)","(0.3647677004337311, 0.38629990816116333, 0.0009853015653789043)","(0.46236109733581543, 0.5144665837287903, -0.008871519938111305)","(0.409216046333313, 0.5145816802978516, 0.0016369576333090663)","(0.39478757977485657, 0.4717855751514435, 0.008038562722504139)","(0.3945379853248596, 0.43575674295425415, 0.011392924003303051)","(0.49154531955718994, 0.5184075236320496, 0.0020000303629785776)","(0.4453100264072418, 0.5340867638587952, 0.011239763349294662)","(0.42677587270736694, 0.4994177520275116, 0.013482010923326015)","(0.4237985610961914, 0.4608474373817444, 0.013698700815439224)","(0.5166399478912354, 0.5091280341148376, 0.012964792549610138)","(0.49870187044143677, 0.5623377561569214, 0.01913629099726677)","(0.4830687940120697, 0.5559816956520081, 0.02312219887971878)","(0.4755758047103882, 0.5320338010787964, 0.02666027657687664)",Position
2666,"(0.5273334383964539, 0.29359591007232666, 8.862644307328083e-08)","(0.4601086378097534, 0.28859978914260864, -0.008588366210460663)","(0.4093218743801117, 0.3300100266933441, -0.007979098707437515)","(0.3762434720993042, 0.376636266708374, -0.001975200604647398)","(0.3683852255344391, 0.3964560925960541, 0.00572424428537488)","(0.43124645948410034, 0.48343026638031006, -0.017717979848384857)","(0.38188600540161133, 0.46945318579673767, -0.010022221133112907)","(0.36747294664382935, 0.4237055778503418, -0.003305034479126334)","(0.3643300533294678, 0.3884100317955017, 0.001796369906514883)","(0.4627642035484314, 0.5141904354095459, -0.00908432062715292)","(0.4099842607975006, 0.5142702460289001, 0.0015237913466989994)","(0.3956295847892761, 0.47184619307518005, 0.007851246744394302)","(0.3956349790096283, 0.4358116090297699, 0.011063806712627411)","(0.49239376187324524, 0.517486572265625, 0.001633522566407919)","(0.4464065730571747, 0.5346391201019287, 0.011287788860499859)","(0.42790138721466064, 0.5005508065223694, 0.01376070361584425)","(0.4247647225856781, 0.46288132667541504, 0.013983398675918579)","(0.5174652338027954, 0.5074898600578308, 0.01248901803046465)","(0.4985541105270386, 0.5619999170303345, 0.01965433731675148)","(0.4827626943588257, 0.5587480664253235, 0.024171367287635803)","(0.4750973582267761, 0.5385693907737732, 0.02776450477540493)",Position
2667,"(0.5271264910697937, 0.29789018630981445, 9.420399038617688e-08)","(0.4602886140346527, 0.29056093096733093, -0.008571208454668522)","(0.40864747762680054, 0.3314577341079712, -0.0075797997415065765)","(0.374281108379364, 0.37924811244010925, -0.0012268166756257415)","(0.3697318136692047, 0.4026736319065094, 0.006561947520822287)","(0.42998912930488586, 0.48547884821891785, -0.015347261913120747)","(0.3816998600959778, 0.4686819612979889, -0.005693749990314245)","(0.3678135871887207, 0.4236733615398407, 0.001482787192799151)","(0.364605188369751, 0.38983824849128723, 0.006538450717926025)","(0.4613491892814636, 0.5165885090827942, -0.00637394655495882)","(0.41011202335357666, 0.5131931304931641, 0.006048548500984907)","(0.3959100842475891, 0.4712164103984833, 0.011962873861193657)","(0.39550620317459106, 0.4346747100353241, 0.014553298242390156)","(0.4912693500518799, 0.5204792022705078, 0.004751275759190321)","(0.4464554488658905, 0.5334501266479492, 0.01582724042236805)","(0.428733766078949, 0.4988499879837036, 0.017758140340447426)","(0.42603611946105957, 0.46077507734298706, 0.017293578013777733)","(0.5163971781730652, 0.5114991068840027, 0.01601417176425457)","(0.4968058466911316, 0.5618790984153748, 0.0246223546564579)","(0.4824219048023224, 0.5598915815353394, 0.029443953186273575)","(0.4761355519294739, 0.5421766042709351, 0.03292382135987282)",Position
2668,"(0.5258674621582031, 0.2997094392776489, 9.69029230191154e-08)","(0.45952659845352173, 0.2916017174720764, -0.00945348385721445)","(0.40831977128982544, 0.3321199417114258, -0.008881136775016785)","(0.3745099902153015, 0.378446489572525, -0.0028705745935440063)","(0.370131254196167, 0.40021440386772156, 0.004486399702727795)","(0.42887601256370544, 0.4874451756477356, -0.01611422374844551)","(0.38165122270584106, 0.4694974720478058, -0.0081414133310318)","(0.3688913583755493, 0.4233466684818268, -0.0024721522349864244)","(0.36618131399154663, 0.3880709707736969, 0.0015276288613677025)","(0.4606930911540985, 0.5187144875526428, -0.00713000912219286)","(0.40994328260421753, 0.5143911838531494, 0.0033682119101285934)","(0.3961470127105713, 0.4712500274181366, 0.008188174106180668)","(0.39543819427490234, 0.43305692076683044, 0.010177560150623322)","(0.4909776449203491, 0.5225716233253479, 0.0037802879232913256)","(0.44643434882164, 0.5321758389472961, 0.013218697160482407)","(0.42878207564353943, 0.49703481793403625, 0.014089634642004967)","(0.4254820942878723, 0.45789045095443726, 0.013007689267396927)","(0.5164893269538879, 0.5128749012947083, 0.014731093309819698)","(0.4964630603790283, 0.5574095845222473, 0.02160339057445526)","(0.48192423582077026, 0.5497570037841797, 0.025257110595703125)","(0.47511565685272217, 0.5267928838729858, 0.028016550466418266)",Position
2669,"(0.5257807970046997, 0.29949522018432617, 9.699667202767159e-08)","(0.45970943570137024, 0.2912670373916626, -0.010867790319025517)","(0.408588707447052, 0.3318697512149811, -0.011080254800617695)","(0.3744314908981323, 0.37820619344711304, -0.00543634919449687)","(0.36821556091308594, 0.40020281076431274, 0.00159418152179569)","(0.4294983148574829, 0.48563122749328613, -0.01940220408141613)","(0.3819618821144104, 0.4693881869316101, -0.011774511076509953)","(0.3684621751308441, 0.4240158796310425, -0.005442413967102766)","(0.3651413321495056, 0.3891471028327942, -0.0009441131842322648)","(0.46097037196159363, 0.5172741413116455, -0.009845473803579807)","(0.4096278250217438, 0.5142248272895813, 2.314610537723638e-05)","(0.3952200412750244, 0.4703235626220703, 0.005323979537934065)","(0.3940383195877075, 0.43168050050735474, 0.0077638509683310986)","(0.4910472333431244, 0.5207073092460632, 0.0016604018164798617)","(0.4460327923297882, 0.5318813323974609, 0.010320594534277916)","(0.42721670866012573, 0.49653273820877075, 0.011265984736382961)","(0.42321979999542236, 0.45683929324150085, 0.010355962440371513)","(0.5164812207221985, 0.5103303790092468, 0.013148776255548)","(0.497546523809433, 0.5572915077209473, 0.018844205886125565)","(0.48222678899765015, 0.551478385925293, 0.021726403385400772)","(0.47481679916381836, 0.5291770100593567, 0.024076499044895172)",Position
2670,"(0.5234778523445129, 0.29961493611335754, 9.273596646153237e-08)","(0.4562418460845947, 0.2922018766403198, -0.010707801207900047)","(0.405373215675354, 0.3315250873565674, -0.010524996556341648)","(0.3721296191215515, 0.37885117530822754, -0.004546892363578081)","(0.36966726183891296, 0.4043084681034088, 0.002875686390325427)","(0.42847612500190735, 0.4847342371940613, -0.019432662054896355)","(0.38166117668151855, 0.4709288775920868, -0.011749833822250366)","(0.3680623769760132, 0.42564040422439575, -0.005163772031664848)","(0.36485040187835693, 0.3904682695865631, -0.00038301432505249977)","(0.46030715107917786, 0.5162580609321594, -0.0099444929510355)","(0.40808653831481934, 0.5139071941375732, 0.000404861057177186)","(0.39349672198295593, 0.46965622901916504, 0.006164998281747103)","(0.39249688386917114, 0.4302231967449188, 0.008857663720846176)","(0.4904453754425049, 0.5190907120704651, 0.001456571975722909)","(0.44415947794914246, 0.5309270024299622, 0.010413793846964836)","(0.42553049325942993, 0.4953836500644684, 0.011744729243218899)","(0.4219000041484833, 0.45490607619285583, 0.011006731539964676)","(0.5157934427261353, 0.5077075958251953, 0.01282306294888258)","(0.49709561467170715, 0.5558391809463501, 0.018427420407533646)","(0.4820745885372162, 0.5509375333786011, 0.021136730909347534)","(0.4747866690158844, 0.5281697511672974, 0.02334599755704403)",Position
2671,"(0.5227086544036865, 0.29813626408576965, 8.251438288198187e-08)","(0.4555181860923767, 0.2896512448787689, -0.01032322645187378)","(0.40441662073135376, 0.33108314871788025, -0.00951195415109396)","(0.3712310791015625, 0.38034966588020325, -0.0026743062771856785)","(0.3684174120426178, 0.4062769412994385, 0.005681649781763554)","(0.42775675654411316, 0.4836493134498596, -0.019760169088840485)","(0.38033968210220337, 0.4701537787914276, -0.010747483000159264)","(0.366607666015625, 0.42454254627227783, -0.003074775682762265)","(0.36328014731407166, 0.38921162486076355, 0.0023366149980574846)","(0.4593642055988312, 0.5155598521232605, -0.009860798716545105)","(0.4070543348789215, 0.5132541656494141, 0.001801057136617601)","(0.3921269178390503, 0.4695465862751007, 0.008178440853953362)","(0.39077165722846985, 0.4297918975353241, 0.011179122142493725)","(0.48929089307785034, 0.5182958841323853, 0.0021741758100688457)","(0.44254425168037415, 0.5286669135093689, 0.012403236702084541)","(0.423883318901062, 0.4934394359588623, 0.013792530633509159)","(0.4204252064228058, 0.4531310200691223, 0.012840327806770802)","(0.5145146250724792, 0.506226122379303, 0.014279275201261044)","(0.49632275104522705, 0.5524992346763611, 0.021021800115704536)","(0.4823651909828186, 0.5496789216995239, 0.02381177805364132)","(0.4758368730545044, 0.5295884013175964, 0.025866376236081123)",Position
2672,"(0.5217463374137878, 0.2957525849342346, 6.622113346566039e-08)","(0.4549953043460846, 0.2876833975315094, -0.00892866961658001)","(0.40482333302497864, 0.3288511633872986, -0.008909338153898716)","(0.3713669180870056, 0.3784310817718506, -0.0032823465298861265)","(0.36584722995758057, 0.405605286359787, 0.0038966871798038483)","(0.4258989989757538, 0.4781641364097595, -0.021092183887958527)","(0.3794354796409607, 0.46865925192832947, -0.013088090345263481)","(0.36676687002182007, 0.4229844808578491, -0.0052335625514388084)","(0.36437904834747314, 0.3879843056201935, 0.0005061296978965402)","(0.4575883150100708, 0.5118322968482971, -0.012349073775112629)","(0.40595942735671997, 0.5136194229125977, -0.001420356216840446)","(0.39244040846824646, 0.469478577375412, 0.005834073759615421)","(0.3922368884086609, 0.4315824806690216, 0.009424131363630295)","(0.48784175515174866, 0.5164020657539368, -0.001286394544877112)","(0.4415643513202667, 0.5285784006118774, 0.008281059563159943)","(0.4239000976085663, 0.4923420548439026, 0.010825946927070618)","(0.42189013957977295, 0.45270994305610657, 0.010678887367248535)","(0.5137323141098022, 0.5061368346214294, 0.010005589574575424)","(0.49536049365997314, 0.5548887252807617, 0.016627434641122818)","(0.48072418570518494, 0.5473871231079102, 0.020670969039201736)","(0.474388062953949, 0.5229570865631104, 0.02370520867407322)",Position
2673,"(0.5211451649665833, 0.2917996048927307, 6.771968230623315e-08)","(0.4546736478805542, 0.28447017073631287, -0.008251789957284927)","(0.40470951795578003, 0.32780539989471436, -0.006745508871972561)","(0.3718359172344208, 0.378132700920105, 0.00035144720459356904)","(0.36623406410217285, 0.40258273482322693, 0.009351348504424095)","(0.42709147930145264, 0.4769636392593384, -0.01671876572072506)","(0.37920260429382324, 0.4668310880661011, -0.007327340543270111)","(0.3665145933628082, 0.4217711389064789, 0.0009356343653053045)","(0.36421340703964233, 0.3870043158531189, 0.0069531542249023914)","(0.4577414095401764, 0.5104357004165649, -0.00745804188773036)","(0.40642717480659485, 0.5113189220428467, 0.005113293416798115)","(0.39259642362594604, 0.4680998921394348, 0.012553833425045013)","(0.3918614387512207, 0.4317992031574249, 0.016276920214295387)","(0.48709094524383545, 0.5149832963943481, 0.003936811815947294)","(0.4423447549343109, 0.5293970108032227, 0.015263853594660759)","(0.4240419268608093, 0.4938504099845886, 0.017962560057640076)","(0.4207382798194885, 0.4557850658893585, 0.017806226387619972)","(0.512191891670227, 0.5050536394119263, 0.015507755801081657)","(0.49493056535720825, 0.5561056137084961, 0.023809734731912613)","(0.4808291792869568, 0.5512183904647827, 0.028328031301498413)","(0.47447991371154785, 0.530527651309967, 0.03160152956843376)",Position
2674,"(0.52083820104599, 0.28985220193862915, 6.635261229348544e-08)","(0.45385628938674927, 0.28288331627845764, -0.006817598827183247)","(0.40378081798553467, 0.3270888328552246, -0.004917028825730085)","(0.3717727065086365, 0.3796719014644623, 0.002133267931640148)","(0.36704063415527344, 0.4079510569572449, 0.01096893660724163)","(0.42607754468917847, 0.4746326208114624, -0.014804860576987267)","(0.3792232275009155, 0.466450035572052, -0.005599006544798613)","(0.36661046743392944, 0.42270535230636597, 0.0023872791789472103)","(0.3640819489955902, 0.388954222202301, 0.00823985505849123)","(0.45760875940322876, 0.5075709819793701, -0.00653753662481904)","(0.4071376323699951, 0.5105330944061279, 0.005633558612316847)","(0.39322763681411743, 0.4683394134044647, 0.013189617544412613)","(0.39203140139579773, 0.43305516242980957, 0.017128609120845795)","(0.48760563135147095, 0.5123400688171387, 0.003834301372990012)","(0.4429258704185486, 0.5275229811668396, 0.014703755266964436)","(0.4249880909919739, 0.4928712844848633, 0.018125323578715324)","(0.42193013429641724, 0.4562937319278717, 0.018659353256225586)","(0.5130752325057983, 0.5025707483291626, 0.014476068317890167)","(0.49474525451660156, 0.5543000102043152, 0.023055631667375565)","(0.48088163137435913, 0.5490943193435669, 0.02858981490135193)","(0.47499188780784607, 0.5287447571754456, 0.0326581746339798)",Position
2675,"(0.5216658115386963, 0.287983775138855, 5.216729803692033e-08)","(0.45493990182876587, 0.28119635581970215, -0.006359599530696869)","(0.4050191044807434, 0.32641637325286865, -0.004099458456039429)","(0.37256234884262085, 0.3810509443283081, 0.003464188426733017)","(0.3679322302341461, 0.41027578711509705, 0.012925696559250355)","(0.4265274703502655, 0.47356823086738586, -0.013972519896924496)","(0.3790450990200043, 0.4653553068637848, -0.00297681731171906)","(0.3672846257686615, 0.4219234883785248, 0.006095308810472488)","(0.3656671643257141, 0.38934195041656494, 0.012422843836247921)","(0.45806246995925903, 0.5068035125732422, -0.0052699921652674675)","(0.4072599709033966, 0.5087429881095886, 0.00840228982269764)","(0.39466357231140137, 0.46585655212402344, 0.016056112945079803)","(0.394910603761673, 0.4311058819293976, 0.019716156646609306)","(0.48797014355659485, 0.5118259787559509, 0.0057867965660989285)","(0.44328972697257996, 0.525760293006897, 0.01807941123843193)","(0.42695266008377075, 0.4900660514831543, 0.021108433604240417)","(0.425701767206192, 0.45352718234062195, 0.020947741344571114)","(0.5131978392601013, 0.5025686621665955, 0.017255106940865517)","(0.49487897753715515, 0.5538791418075562, 0.02701275423169136)","(0.4821659326553345, 0.551045835018158, 0.032395899295806885)","(0.47755521535873413, 0.5344356298446655, 0.03599502146244049)",Position
2676,"(0.522790253162384, 0.2867717146873474, 6.72109194965742e-08)","(0.45533740520477295, 0.28038209676742554, -0.005179746076464653)","(0.4063643217086792, 0.3255060911178589, -0.001891736057586968)","(0.37490811944007874, 0.3781754970550537, 0.006480774376541376)","(0.3671618700027466, 0.4016803205013275, 0.016690319404006004)","(0.4268604516983032, 0.47179654240608215, -0.012221062555909157)","(0.37997597455978394, 0.46381834149360657, -0.0006983636412769556)","(0.3670462667942047, 0.4221847653388977, 0.008975837379693985)","(0.3642408847808838, 0.3899276554584503, 0.015688108280301094)","(0.4584418833255768, 0.5044143795967102, -0.003937345929443836)","(0.40817877650260925, 0.5076819658279419, 0.009459915570914745)","(0.39386123418807983, 0.4655417501926422, 0.01741284877061844)","(0.3925260901451111, 0.43024882674217224, 0.02170088328421116)","(0.4884927272796631, 0.5086127519607544, 0.006693752016872168)","(0.44475170969963074, 0.5256118178367615, 0.018727371469140053)","(0.4264538586139679, 0.49184495210647583, 0.02196168527007103)","(0.4228271543979645, 0.4560409486293793, 0.022293033078312874)","(0.5142189264297485, 0.49829840660095215, 0.017817562445998192)","(0.4972941279411316, 0.5521379709243774, 0.027169253677129745)","(0.48383456468582153, 0.551658034324646, 0.032305069267749786)","(0.47787585854530334, 0.5363767147064209, 0.03598853573203087)",Position
2677,"(0.5244303345680237, 0.28237172961235046, 6.136846764093207e-08)","(0.4568900465965271, 0.27660703659057617, -0.006240856368094683)","(0.40755051374435425, 0.3242024779319763, -0.00321289524435997)","(0.3758530616760254, 0.38090991973876953, 0.005402413662523031)","(0.37054139375686646, 0.4063350260257721, 0.01581885851919651)","(0.4292726218700409, 0.4698725640773773, -0.01452006958425045)","(0.3803204894065857, 0.463532030582428, -0.001840324024669826)","(0.36770525574684143, 0.4209023118019104, 0.008891136385500431)","(0.3655443787574768, 0.388389527797699, 0.016135387122631073)","(0.4611113667488098, 0.5028592944145203, -0.0053573427721858025)","(0.4084271788597107, 0.506000816822052, 0.0094216363504529)","(0.39488711953163147, 0.46138668060302734, 0.017947036772966385)","(0.39501240849494934, 0.4248388111591339, 0.022195788100361824)","(0.49112626910209656, 0.5066157579421997, 0.0063503943383693695)","(0.44517311453819275, 0.521695613861084, 0.019327476620674133)","(0.4281153976917267, 0.48409900069236755, 0.022130347788333893)","(0.4265215992927551, 0.44581371545791626, 0.02173071727156639)","(0.5164716839790344, 0.4959907531738281, 0.018601009622216225)","(0.4995725154876709, 0.5505127906799316, 0.028126880526542664)","(0.485617458820343, 0.5477215647697449, 0.03255452215671539)","(0.47918352484703064, 0.5294996500015259, 0.03545022010803223)",Position
2678,"(0.5251363515853882, 0.2780218720436096, 3.7560123899993414e-08)","(0.4575330913066864, 0.27216219902038574, -0.004234657622873783)","(0.4079114496707916, 0.3201405107975006, -0.0006954396376386285)","(0.3764558434486389, 0.3764541447162628, 0.007790707517415285)","(0.3701712489128113, 0.4038562476634979, 0.01800151728093624)","(0.42969566583633423, 0.46410825848579407, -0.013640088960528374)","(0.38122937083244324, 0.4613867998123169, -0.0017541185952723026)","(0.368484228849411, 0.41902056336402893, 0.009422753006219864)","(0.36673399806022644, 0.38622164726257324, 0.017528986558318138)","(0.4614444077014923, 0.4993765652179718, -0.005643265787512064)","(0.40847623348236084, 0.5054482817649841, 0.008906475268304348)","(0.3955305516719818, 0.4597061276435852, 0.018396733328700066)","(0.39642059803009033, 0.42264750599861145, 0.023733144626021385)","(0.49119988083839417, 0.5047459006309509, 0.004976826719939709)","(0.4444127678871155, 0.5203999876976013, 0.017175910994410515)","(0.4279012382030487, 0.480766624212265, 0.02079620026051998)","(0.4275449812412262, 0.44084638357162476, 0.021484803408384323)","(0.5172479748725891, 0.4956451654434204, 0.01633353903889656)","(0.5003125071525574, 0.5496408939361572, 0.025019438937306404)","(0.4852011799812317, 0.539423942565918, 0.03011683188378811)","(0.4782640337944031, 0.5127183198928833, 0.03411594033241272)",Position
2679,"(0.5256098508834839, 0.2711712121963501, 2.876053528666489e-08)","(0.459133118391037, 0.2671787142753601, -0.004238770809024572)","(0.41038188338279724, 0.31655198335647583, -0.0012423169100657105)","(0.3795861601829529, 0.37332257628440857, 0.00669304933398962)","(0.3699309229850769, 0.3971901535987854, 0.01640530675649643)","(0.4311886429786682, 0.4588415324687958, -0.01588231883943081)","(0.38249748945236206, 0.45832714438438416, -0.005658304784446955)","(0.3688831925392151, 0.41656553745269775, 0.004896444734185934)","(0.36668336391448975, 0.38374873995780945, 0.012826977297663689)","(0.46338850259780884, 0.4945819675922394, -0.008379667066037655)","(0.4097048342227936, 0.5056718587875366, 0.004432701971381903)","(0.39784616231918335, 0.4591412842273712, 0.013926486484706402)","(0.40025070309638977, 0.42251506447792053, 0.019522933289408684)","(0.49312448501586914, 0.5011152029037476, 0.0017892180476337671)","(0.44540998339653015, 0.5211912989616394, 0.012095672078430653)","(0.42954424023628235, 0.47998836636543274, 0.015852872282266617)","(0.43040531873703003, 0.43988001346588135, 0.017117293551564217)","(0.5192597508430481, 0.4930766224861145, 0.012757507152855396)","(0.5012155175209045, 0.5525069236755371, 0.019631046801805496)","(0.485647588968277, 0.5369455218315125, 0.024759406223893166)","(0.47911813855171204, 0.5048065185546875, 0.029170265421271324)",Position
2680,"(0.5271822214126587, 0.2651185393333435, 1.7101475791037046e-09)","(0.45939406752586365, 0.26360511779785156, -0.0018884442979469895)","(0.41016489267349243, 0.31447136402130127, 0.0006958466256037354)","(0.378791481256485, 0.37247440218925476, 0.007255334872752428)","(0.36841174960136414, 0.39671778678894043, 0.015158822759985924)","(0.4326540529727936, 0.4549942910671234, -0.014389033429324627)","(0.3838152587413788, 0.4557725191116333, -0.00538792135193944)","(0.37072086334228516, 0.41534507274627686, 0.0033747965935617685)","(0.3691213130950928, 0.38461798429489136, 0.009671692736446857)","(0.4651448130607605, 0.48949381709098816, -0.009184212423861027)","(0.4100247323513031, 0.5032156705856323, 0.002563338028267026)","(0.3990655839443207, 0.4560064673423767, 0.010894116014242172)","(0.40287142992019653, 0.4203384518623352, 0.01529710553586483)","(0.4953080415725708, 0.49549633264541626, -0.001192983123473823)","(0.44786757230758667, 0.5193194150924683, 0.008167612366378307)","(0.43386173248291016, 0.47721177339553833, 0.011847380548715591)","(0.43660953640937805, 0.4375019073486328, 0.012749740853905678)","(0.5218896269798279, 0.4866756796836853, 0.007792232558131218)","(0.5031514167785645, 0.5506982207298279, 0.01415794063359499)","(0.4872620403766632, 0.5357404351234436, 0.019614610821008682)","(0.4809890687465668, 0.5043025612831116, 0.02389666624367237)",Position
2681,"(0.5280227065086365, 0.260028600692749, -7.083979625122083e-09)","(0.460783451795578, 0.26020538806915283, -0.0006928499205969274)","(0.4126322269439697, 0.3109801113605499, 0.0026000651996582747)","(0.38160449266433716, 0.3679368197917938, 0.009429661557078362)","(0.36721324920654297, 0.3912457823753357, 0.017497064545750618)","(0.4330485761165619, 0.45118075609207153, -0.012156990356743336)","(0.38513508439064026, 0.4512272775173187, -0.00296326563693583)","(0.3713049292564392, 0.41310667991638184, 0.005830064415931702)","(0.36849042773246765, 0.3829435706138611, 0.012303504161536694)","(0.4650416970252991, 0.48495110869407654, -0.007484418340027332)","(0.4123901128768921, 0.5002288818359375, 0.004616297781467438)","(0.4006379246711731, 0.4553113877773285, 0.013149548321962357)","(0.4030541479587555, 0.419598251581192, 0.017910359427332878)","(0.4950868785381317, 0.4893198311328888, -0.00010996701894327998)","(0.4508329927921295, 0.5155520439147949, 0.00900869071483612)","(0.4358157217502594, 0.47492167353630066, 0.012699092738330364)","(0.4372141361236572, 0.43527838587760925, 0.013990748673677444)","(0.5219671130180359, 0.4792196750640869, 0.008356839418411255)","(0.5066995620727539, 0.5488370656967163, 0.014211091212928295)","(0.49037155508995056, 0.539555013179779, 0.019402263686060905)","(0.4830455780029297, 0.5117525458335876, 0.02383197657763958)",Position
2682,"(0.5284208059310913, 0.2561379671096802, 3.166698547829583e-08)","(0.46025550365448, 0.2576104402542114, -0.0015971350949257612)","(0.4125661849975586, 0.30858680605888367, 0.0010086407419294119)","(0.38235896825790405, 0.3668810725212097, 0.007448732387274504)","(0.36792391538619995, 0.3908107280731201, 0.015256304293870926)","(0.4354706406593323, 0.44485634565353394, -0.01531248539686203)","(0.3868311941623688, 0.450452595949173, -0.007478327956050634)","(0.371297150850296, 0.41522592306137085, 0.0015839338302612305)","(0.36782681941986084, 0.3852629065513611, 0.008732234127819538)","(0.46757030487060547, 0.4801768362522125, -0.010159363970160484)","(0.4136888086795807, 0.5000798106193542, 0.00043883538455702364)","(0.40026944875717163, 0.4567239582538605, 0.009412223473191261)","(0.40184879302978516, 0.42088574171066284, 0.014987628906965256)","(0.49708694219589233, 0.48666447401046753, -0.0022780781146138906)","(0.45071280002593994, 0.5136489868164062, 0.006029843352735043)","(0.4344879388809204, 0.47507143020629883, 0.01047473307698965)","(0.43517786264419556, 0.43614086508750916, 0.012655076570808887)","(0.5235710144042969, 0.4780813157558441, 0.00658915052190423)","(0.5064335465431213, 0.5438786745071411, 0.01187064964324236)","(0.48901310563087463, 0.5317011475563049, 0.01710592582821846)","(0.4808656573295593, 0.5011333227157593, 0.02196146361529827)",Position
2683,"(0.5284912586212158, 0.251151442527771, -3.605993947886077e-09)","(0.4607250690460205, 0.2553013563156128, 0.0012012578081339598)","(0.4134199321269989, 0.3067448139190674, 0.005581171717494726)","(0.3847816586494446, 0.3648234009742737, 0.013618839904665947)","(0.3705202341079712, 0.3889617323875427, 0.023008443415164948)","(0.4356731176376343, 0.44243505597114563, -0.013149604201316833)","(0.387807160615921, 0.4469917416572571, -0.003939214162528515)","(0.37304097414016724, 0.4114408791065216, 0.006089954171329737)","(0.3699861168861389, 0.38299301266670227, 0.013732695952057838)","(0.46799081563949585, 0.47657227516174316, -0.008722592145204544)","(0.41467034816741943, 0.4983786642551422, 0.0031043451745063066)","(0.40221017599105835, 0.4556201100349426, 0.01296637300401926)","(0.40454620122909546, 0.421134352684021, 0.01902557536959648)","(0.4977134168148041, 0.4824919104576111, -0.0012669782154262066)","(0.45264574885368347, 0.514350175857544, 0.007917549461126328)","(0.43711036443710327, 0.4767491817474365, 0.012708044610917568)","(0.43803712725639343, 0.43877094984054565, 0.015010192058980465)","(0.5244406461715698, 0.47386378049850464, 0.007519084494560957)","(0.508756160736084, 0.545085072517395, 0.013111132197082043)","(0.491180419921875, 0.5339459180831909, 0.018475765362381935)","(0.48252418637275696, 0.5038068294525146, 0.023412151262164116)",Position
2684,"(0.5309978127479553, 0.24928301572799683, 9.55231804766754e-09)","(0.4619118273258209, 0.2535255551338196, -6.803393625887111e-05)","(0.41358891129493713, 0.3051375150680542, 0.002967091044411063)","(0.3837340474128723, 0.3634123206138611, 0.009672039188444614)","(0.37083345651626587, 0.3908989727497101, 0.017663924023509026)","(0.43910688161849976, 0.43963897228240967, -0.015140307135879993)","(0.38980692625045776, 0.4482113718986511, -0.008361858315765858)","(0.37386754155158997, 0.41441676020622253, -0.000581267464440316)","(0.36987772583961487, 0.3858696222305298, 0.005562295205891132)","(0.47172778844833374, 0.47532135248184204, -0.010836015455424786)","(0.4165377914905548, 0.49907901883125305, -0.0013239923864603043)","(0.40379953384399414, 0.45544013381004333, 0.006958712358027697)","(0.4062919318675995, 0.4204535186290741, 0.011963591910898685)","(0.5010766983032227, 0.4837537407875061, -0.003648341167718172)","(0.45368441939353943, 0.5106838345527649, 0.004449294414371252)","(0.43936970829963684, 0.4716120958328247, 0.008980668149888515)","(0.442030131816864, 0.4340909421443939, 0.010989272966980934)","(0.5267776250839233, 0.4767722487449646, 0.004628520458936691)","(0.5082537531852722, 0.540982723236084, 0.010654998011887074)","(0.49220508337020874, 0.5279425382614136, 0.016476169228553772)","(0.4859022796154022, 0.49806272983551025, 0.021380899474024773)",Position
2685,"(0.5306028723716736, 0.24551519751548767, -3.031015793908409e-08)","(0.46184080839157104, 0.25080811977386475, 0.004094109870493412)","(0.41462016105651855, 0.30350735783576965, 0.010456562973558903)","(0.3858928680419922, 0.36278918385505676, 0.020302914083003998)","(0.37320631742477417, 0.39143040776252747, 0.031509507447481155)","(0.43726474046707153, 0.43741685152053833, -0.00978023000061512)","(0.39008769392967224, 0.444280207157135, 0.0018619601614773273)","(0.3754897713661194, 0.4096001088619232, 0.013048293069005013)","(0.3723152279853821, 0.3824428915977478, 0.0211429875344038)","(0.47038352489471436, 0.4721859395503998, -0.005808383226394653)","(0.41699904203414917, 0.4960744082927704, 0.008471326902508736)","(0.40515825152397156, 0.4526284337043762, 0.019155874848365784)","(0.40837937593460083, 0.41909101605415344, 0.025343792513012886)","(0.5008103251457214, 0.47871124744415283, 0.0015275557525455952)","(0.4555636942386627, 0.5103864073753357, 0.013309694826602936)","(0.44145074486732483, 0.4717455208301544, 0.018744440749287605)","(0.4442775845527649, 0.43558329343795776, 0.020798731595277786)","(0.5275751352310181, 0.46988198161125183, 0.010470164008438587)","(0.5113524198532104, 0.5432809591293335, 0.01870531029999256)","(0.49529698491096497, 0.5376743078231812, 0.025006718933582306)","(0.4884328544139862, 0.5146337151527405, 0.029975783079862595)",Position
2686,"(0.5320357084274292, 0.24296823143959045, -2.808621779593068e-08)","(0.4628235697746277, 0.24737456440925598, 0.0020145068410784006)","(0.4151301383972168, 0.30124521255493164, 0.0066034747287631035)","(0.385898619890213, 0.36245962977409363, 0.01475018635392189)","(0.37399178743362427, 0.39367184042930603, 0.024121984839439392)","(0.43886682391166687, 0.435673326253891, -0.012714100070297718)","(0.3914119601249695, 0.444574236869812, -0.003207729896530509)","(0.37673717737197876, 0.41082215309143066, 0.006469592917710543)","(0.37367311120033264, 0.383484810590744, 0.013635857030749321)","(0.47165676951408386, 0.4706801772117615, -0.008717568591237068)","(0.41684266924858093, 0.4954826235771179, 0.003335361136123538)","(0.40524816513061523, 0.45111143589019775, 0.01263409573584795)","(0.4090240001678467, 0.4169464111328125, 0.01801138184964657)","(0.5014020800590515, 0.4782213866710663, -0.0015007768524810672)","(0.45444318652153015, 0.5095999836921692, 0.008347689174115658)","(0.4408855438232422, 0.46933713555336, 0.012939185835421085)","(0.444476842880249, 0.4316948652267456, 0.014577709138393402)","(0.5276547074317932, 0.4700962007045746, 0.00711563928052783)","(0.5109750628471375, 0.5426628589630127, 0.01363181322813034)","(0.49455976486206055, 0.5350852608680725, 0.019117964431643486)","(0.48751309514045715, 0.5096381902694702, 0.02360730618238449)",Position
2687,"(0.5323799252510071, 0.23983676731586456, -5.664638891289542e-08)","(0.4634426236152649, 0.24380464851856232, 0.00424982002004981)","(0.41650164127349854, 0.2972716689109802, 0.010098811239004135)","(0.387968510389328, 0.3586689829826355, 0.019150083884596825)","(0.3734986484050751, 0.3882763087749481, 0.02941744215786457)","(0.43752238154411316, 0.43070662021636963, -0.010454768314957619)","(0.39113473892211914, 0.43970924615859985, -0.0006073709228076041)","(0.3770851492881775, 0.40670162439346313, 0.009234129451215267)","(0.37437161803245544, 0.37975558638572693, 0.016453739255666733)","(0.470101922750473, 0.4671858847141266, -0.0073166643269360065)","(0.41635072231292725, 0.49370187520980835, 0.004562058486044407)","(0.40518486499786377, 0.4508797824382782, 0.013544164597988129)","(0.4089660346508026, 0.41699233651161194, 0.0187973789870739)","(0.4998043179512024, 0.4764443337917328, -0.0008021708345040679)","(0.4538705050945282, 0.5074000954627991, 0.008853618055582047)","(0.440826952457428, 0.4682418704032898, 0.012659909203648567)","(0.44446584582328796, 0.43138179183006287, 0.013850404880940914)","(0.526287317276001, 0.46968328952789307, 0.007362820208072662)","(0.5101509094238281, 0.5403509140014648, 0.013854451477527618)","(0.4945034384727478, 0.531668484210968, 0.01890825666487217)","(0.48799583315849304, 0.505229115486145, 0.023100676015019417)",Position
2688,"(0.5331515669822693, 0.237849622964859, -6.231709903659066e-08)","(0.4636619985103607, 0.24019278585910797, 0.005884211510419846)","(0.41664057970046997, 0.29233551025390625, 0.0120667340233922)","(0.3886900544166565, 0.3545217216014862, 0.021166907623410225)","(0.37334150075912476, 0.38626307249069214, 0.03152471408247948)","(0.43665316700935364, 0.42487865686416626, -0.009865257889032364)","(0.3910934627056122, 0.4357318878173828, 0.0008830266888253391)","(0.37740182876586914, 0.40438318252563477, 0.01192676741629839)","(0.37472760677337646, 0.37822189927101135, 0.01972687803208828)","(0.4688344895839691, 0.4622841477394104, -0.007458700332790613)","(0.41492336988449097, 0.4884617328643799, 0.0056068189442157745)","(0.40399056673049927, 0.447401762008667, 0.0157025009393692)","(0.40752407908439636, 0.41532987356185913, 0.02124926820397377)","(0.49855735898017883, 0.47271928191185, -0.0014935181243345141)","(0.4524497389793396, 0.5068334341049194, 0.009118661284446716)","(0.4394989311695099, 0.46915340423583984, 0.014146997593343258)","(0.44294217228889465, 0.43284159898757935, 0.015704115852713585)","(0.5255876183509827, 0.4669468402862549, 0.00624427106231451)","(0.5090669989585876, 0.5403334498405457, 0.01318288967013359)","(0.4933539628982544, 0.5334144830703735, 0.018832450732588768)","(0.48681148886680603, 0.5092343091964722, 0.02330765686929226)",Position
2689,"(0.5327682495117188, 0.23772549629211426, -4.9661153411761916e-08)","(0.46375492215156555, 0.23733074963092804, 0.004531316924840212)","(0.41687852144241333, 0.2887439727783203, 0.00998576357960701)","(0.3893476128578186, 0.3527405560016632, 0.01901235058903694)","(0.3745557963848114, 0.3864839971065521, 0.029274947941303253)","(0.4355626404285431, 0.421527236700058, -0.014165856875479221)","(0.3901310861110687, 0.432522714138031, -0.0022325164172798395)","(0.37672364711761475, 0.4011244475841522, 0.010500524193048477)","(0.3745073974132538, 0.37562835216522217, 0.019376834854483604)","(0.46794393658638, 0.46078988909721375, -0.010715690441429615)","(0.4134707748889923, 0.4876677095890045, 0.003229150315746665)","(0.40306639671325684, 0.44468656182289124, 0.014456161297857761)","(0.40770643949508667, 0.41132891178131104, 0.020597470924258232)","(0.49790388345718384, 0.4727821350097656, -0.0033092687372118235)","(0.45045337080955505, 0.5052193403244019, 0.008175821974873543)","(0.43884313106536865, 0.4647020101547241, 0.014002691023051739)","(0.4445902705192566, 0.4274479150772095, 0.01586172915995121)","(0.5255078673362732, 0.4679332673549652, 0.005833611823618412)","(0.5068278908729553, 0.5411124229431152, 0.0134968226775527)","(0.4908064901828766, 0.5258068442344666, 0.020148172974586487)","(0.4854985773563385, 0.49309927225112915, 0.025230007246136665)",Position
2690,"(0.5330680012702942, 0.23596446216106415, -6.571183774894962e-08)","(0.46349459886550903, 0.23417781293392181, 0.0058698575012385845)","(0.4172302782535553, 0.2857903242111206, 0.01290990225970745)","(0.39034146070480347, 0.3502257466316223, 0.02335199899971485)","(0.37376895546913147, 0.3850140869617462, 0.03516536206007004)","(0.43373414874076843, 0.41926172375679016, -0.010748213157057762)","(0.38948988914489746, 0.4311037063598633, 0.0025609913282096386)","(0.37686407566070557, 0.4002479314804077, 0.0162727702409029)","(0.3750779926776886, 0.3751806318759918, 0.025885695591568947)","(0.465997576713562, 0.45879602432250977, -0.007311697117984295)","(0.41269969940185547, 0.4857625365257263, 0.008694560267031193)","(0.4028599262237549, 0.44327980279922485, 0.020803537219762802)","(0.40747255086898804, 0.4109305143356323, 0.027303269132971764)","(0.4962795078754425, 0.4711224436759949, 4.769888164446456e-06)","(0.4502273201942444, 0.5033696293830872, 0.012470604851841927)","(0.4395985007286072, 0.46160992980003357, 0.01853945665061474)","(0.44601255655288696, 0.42465221881866455, 0.020560361444950104)","(0.5239887833595276, 0.4666871726512909, 0.009180702269077301)","(0.5051938891410828, 0.5432961583137512, 0.017195982858538628)","(0.48921525478363037, 0.5279366374015808, 0.024131471291184425)","(0.48410969972610474, 0.4955804646015167, 0.02953444980084896)",Position
2691,"(0.5331807136535645, 0.2372056543827057, -7.062751450348514e-08)","(0.4634334444999695, 0.23095360398292542, 0.007042868994176388)","(0.4177370071411133, 0.2803247272968292, 0.01364533044397831)","(0.3917742371559143, 0.34584614634513855, 0.02347123622894287)","(0.37589073181152344, 0.38103872537612915, 0.0346907377243042)","(0.43234819173812866, 0.41106465458869934, -0.014024734497070312)","(0.3878563642501831, 0.42913055419921875, -0.0023605956230312586)","(0.37494614720344543, 0.3991047441959381, 0.011805900372564793)","(0.3737297058105469, 0.3739919364452362, 0.02198789454996586)","(0.4648457467556, 0.45271554589271545, -0.011495771817862988)","(0.41093939542770386, 0.48473066091537476, 0.002603062428534031)","(0.402229368686676, 0.4422139823436737, 0.015908004716038704)","(0.40838587284088135, 0.4109669327735901, 0.023547079414129257)","(0.4954473078250885, 0.4680595397949219, -0.004813497886061668)","(0.44884544610977173, 0.5024586915969849, 0.006292963400483131)","(0.43983444571495056, 0.4609566032886505, 0.01468989159911871)","(0.448025643825531, 0.42608872056007385, 0.01867189258337021)","(0.5235860347747803, 0.4651945233345032, 0.003838849952444434)","(0.5010794997215271, 0.5419967174530029, 0.011468589305877686)","(0.4863530099391937, 0.5215612053871155, 0.020313970744609833)","(0.4835602045059204, 0.48603516817092896, 0.02734961546957493)",Position
2692,"(0.5337707996368408, 0.2376197725534439, -7.58749862939112e-08)","(0.4642487168312073, 0.2275242954492569, 0.00849402230232954)","(0.419960618019104, 0.2741856873035431, 0.0166433397680521)","(0.39499038457870483, 0.33981966972351074, 0.02789466455578804)","(0.3768147826194763, 0.3747945725917816, 0.04085858166217804)","(0.42964968085289, 0.4064878523349762, -0.009350956417620182)","(0.3862047791481018, 0.4271649718284607, 0.0043999613262712955)","(0.3744899332523346, 0.3971748352050781, 0.02049170807003975)","(0.3742355406284332, 0.37222397327423096, 0.03202657029032707)","(0.46156179904937744, 0.4511551558971405, -0.006464961916208267)","(0.4089144468307495, 0.48292630910873413, 0.008883117698132992)","(0.401314914226532, 0.4398769736289978, 0.023368390277028084)","(0.4079740047454834, 0.40871402621269226, 0.03227519616484642)","(0.49235573410987854, 0.46784862875938416, 0.0005009846645407379)","(0.44752246141433716, 0.5004351139068604, 0.012279544956982136)","(0.439400851726532, 0.4590917229652405, 0.021458392962813377)","(0.4478652775287628, 0.42527976632118225, 0.0264295544475317)","(0.520869791507721, 0.46563875675201416, 0.009579467587172985)","(0.49982500076293945, 0.5425053834915161, 0.01772688329219818)","(0.48636358976364136, 0.5226681232452393, 0.026783766224980354)","(0.48385387659072876, 0.48836731910705566, 0.03434831276535988)",Position
2693,"(0.5341715812683105, 0.23479263484477997, -8.652621374949376e-08)","(0.46444568037986755, 0.22426462173461914, 0.012341276742517948)","(0.42210468649864197, 0.26852115988731384, 0.021876074373722076)","(0.3987354040145874, 0.3344365954399109, 0.033767737448215485)","(0.38010522723197937, 0.3715772032737732, 0.047342751175165176)","(0.430355966091156, 0.39774447679519653, -0.007973231375217438)","(0.38670623302459717, 0.42680981755256653, 0.004850339610129595)","(0.3740132451057434, 0.3987443447113037, 0.02159269154071808)","(0.3731163740158081, 0.37222546339035034, 0.034287262707948685)","(0.46129563450813293, 0.44408154487609863, -0.006500581745058298)","(0.407895565032959, 0.4817092716693878, 0.008197208866477013)","(0.4007837474346161, 0.43926602602005005, 0.024018971249461174)","(0.40752947330474854, 0.40844014286994934, 0.034781791269779205)","(0.4915107786655426, 0.46277934312820435, -0.0006219779024831951)","(0.44609788060188293, 0.4977278709411621, 0.010585556738078594)","(0.4395666718482971, 0.45677289366722107, 0.02197815291583538)","(0.44843295216560364, 0.42405784130096436, 0.029435301199555397)","(0.5196048617362976, 0.46194279193878174, 0.0077796257100999355)","(0.5005500912666321, 0.5443596243858337, 0.015583174303174019)","(0.4863222539424896, 0.5266918540000916, 0.025732271373271942)","(0.48163631558418274, 0.49294647574424744, 0.03502463549375534)",Position
2694,"(0.5341389775276184, 0.23424994945526123, -1.3502989304470248e-07)","(0.46258580684661865, 0.22270072996616364, 0.011471876874566078)","(0.42060622572898865, 0.2647521495819092, 0.019372371956706047)","(0.39657145738601685, 0.3319816291332245, 0.030145246535539627)","(0.37827396392822266, 0.3719364106655121, 0.0424836240708828)","(0.42565715312957764, 0.3910979628562927, -0.013624929822981358)","(0.3817577064037323, 0.4198189079761505, 0.00016949791461229324)","(0.3736926019191742, 0.38820990920066833, 0.01818258874118328)","(0.37813079357147217, 0.3625677824020386, 0.03130926564335823)","(0.45774132013320923, 0.43785956501960754, -0.011920365504920483)","(0.4037898778915405, 0.47657302021980286, 0.0036207556258887053)","(0.399295449256897, 0.43214523792266846, 0.019763771444559097)","(0.4089058041572571, 0.4000008702278137, 0.029673302546143532)","(0.4889335632324219, 0.4574502110481262, -0.005362232215702534)","(0.44289276003837585, 0.49498122930526733, 0.007123833056539297)","(0.43695521354675293, 0.45346298813819885, 0.017823409289121628)","(0.4468429386615753, 0.42051050066947937, 0.023341424763202667)","(0.5179251432418823, 0.45855912566185, 0.003847928484901786)","(0.49785593152046204, 0.5444298386573792, 0.012157519347965717)","(0.4827710688114166, 0.5289315581321716, 0.02156718634068966)","(0.47687333822250366, 0.49735236167907715, 0.029206566512584686)",Position
2695,"(0.5330319404602051, 0.23472146689891815, -1.3285925604122895e-07)","(0.463672935962677, 0.21748633682727814, 0.012659947387874126)","(0.4219099283218384, 0.2582088112831116, 0.020372241735458374)","(0.3972390294075012, 0.3275856375694275, 0.030505331233143806)","(0.37633559107780457, 0.367238312959671, 0.04231734573841095)","(0.4221772849559784, 0.3828790783882141, -0.011243712157011032)","(0.3786817193031311, 0.4161384701728821, 0.002251064870506525)","(0.37213119864463806, 0.38590767979621887, 0.02006681263446808)","(0.37817665934562683, 0.3607878088951111, 0.03308963030576706)","(0.45353496074676514, 0.43237724900245667, -0.01062798872590065)","(0.4006325602531433, 0.4734894037246704, 0.004521552007645369)","(0.3982493281364441, 0.4295015037059784, 0.020704856142401695)","(0.4087519943714142, 0.39891955256462097, 0.030677562579512596)","(0.48504361510276794, 0.4553534686565399, -0.005286301486194134)","(0.44015103578567505, 0.4930429458618164, 0.007149766199290752)","(0.43614712357521057, 0.45183902978897095, 0.018616965040564537)","(0.44721922278404236, 0.42236068844795227, 0.024621812626719475)","(0.5152055025100708, 0.45900893211364746, 0.002718067727982998)","(0.491595983505249, 0.5434173941612244, 0.012460644356906414)","(0.47764652967453003, 0.5240596532821655, 0.02371334098279476)","(0.4737301468849182, 0.49190258979797363, 0.032380737364292145)",Position
2696,"(0.5345412492752075, 0.2326122224330902, -1.443342654283697e-07)","(0.46608105301856995, 0.213856041431427, 0.015674768015742302)","(0.424432635307312, 0.2541659474372864, 0.02511042170226574)","(0.39988863468170166, 0.32143667340278625, 0.03683473542332649)","(0.3785645365715027, 0.3596532344818115, 0.05022311210632324)","(0.419997900724411, 0.37664973735809326, -0.009683831594884396)","(0.3772481381893158, 0.4151626527309418, 0.004995730705559254)","(0.3705216348171234, 0.38958871364593506, 0.024628043174743652)","(0.37659531831741333, 0.3658974766731262, 0.03923625499010086)","(0.4503098130226135, 0.42757588624954224, -0.009452598169445992)","(0.398457407951355, 0.47073474526405334, 0.006576911546289921)","(0.39703503251075745, 0.4284536838531494, 0.024511190131306648)","(0.40792950987815857, 0.39938682317733765, 0.03620535507798195)","(0.48153358697891235, 0.4529615342617035, -0.004109688103199005)","(0.4378766119480133, 0.49038612842559814, 0.008932058699429035)","(0.4349076449871063, 0.4483918249607086, 0.02194327488541603)","(0.44622957706451416, 0.41952842473983765, 0.02949555777013302)","(0.5118359327316284, 0.4595404267311096, 0.004231245256960392)","(0.48550736904144287, 0.5428317785263062, 0.014193649403750896)","(0.4721282124519348, 0.5191702842712402, 0.02650517225265503)","(0.4693685472011566, 0.4842435121536255, 0.03651174530386925)",Position
2697,"(0.534293532371521, 0.2329024374485016, -1.6949415737599338e-07)","(0.4663083553314209, 0.2123696506023407, 0.0158601813018322)","(0.4227779805660248, 0.25213056802749634, 0.024281729012727737)","(0.396677166223526, 0.3235667943954468, 0.034627899527549744)","(0.3765893578529358, 0.3647229075431824, 0.04656067490577698)","(0.4162556529045105, 0.36995989084243774, -0.009804250672459602)","(0.37401309609413147, 0.41300076246261597, 0.00374216353520751)","(0.3727901577949524, 0.3852202594280243, 0.021682357415556908)","(0.3829997181892395, 0.3624562621116638, 0.03482571989297867)","(0.4463195204734802, 0.4223431944847107, -0.011034933850169182)","(0.3941723108291626, 0.46860677003860474, 0.004211371298879385)","(0.3955073952674866, 0.4268379211425781, 0.020779067650437355)","(0.40857994556427, 0.39924123883247375, 0.030936475843191147)","(0.47752106189727783, 0.4503040909767151, -0.007227509748190641)","(0.43461674451828003, 0.4883810877799988, 0.006193178240209818)","(0.4325326085090637, 0.44677335023880005, 0.018443260341882706)","(0.44445791840553284, 0.41939863562583923, 0.024523405358195305)","(0.5087653398513794, 0.459534227848053, -0.0005680043832398951)","(0.47985875606536865, 0.5403910279273987, 0.010835980996489525)","(0.46834200620651245, 0.5150355100631714, 0.023883000016212463)","(0.4677143692970276, 0.4807838499546051, 0.03339914232492447)",Position
2698,"(0.5329853296279907, 0.23205797374248505, -2.0007448142678186e-07)","(0.4645073711872101, 0.21163742244243622, 0.016614379361271858)","(0.4199189841747284, 0.2510744631290436, 0.025973837822675705)","(0.3956049680709839, 0.3231433033943176, 0.037053171545267105)","(0.3797817528247833, 0.3685162663459778, 0.04977300763130188)","(0.41362127661705017, 0.3639546036720276, -0.008489735424518585)","(0.37145504355430603, 0.4115649461746216, 0.005350317806005478)","(0.37415996193885803, 0.38170257210731506, 0.023110920563340187)","(0.3871971368789673, 0.3575659990310669, 0.03606860339641571)","(0.4426533579826355, 0.41732057929039, -0.010141003876924515)","(0.39069050550460815, 0.4671776294708252, 0.006267670542001724)","(0.39465975761413574, 0.42501017451286316, 0.022694263607263565)","(0.40962478518486023, 0.3966026306152344, 0.03228643164038658)","(0.4730376899242401, 0.44715315103530884, -0.00680267158895731)","(0.43100374937057495, 0.48579543828964233, 0.008405466563999653)","(0.4299366772174835, 0.44507864117622375, 0.019903264939785004)","(0.4426306188106537, 0.41857656836509705, 0.024594727903604507)","(0.5038532614707947, 0.4582662284374237, -0.0006189741543494165)","(0.47504860162734985, 0.5393669605255127, 0.011742065660655499)","(0.46374768018722534, 0.5152862668037415, 0.02416253089904785)","(0.46353018283843994, 0.4821033477783203, 0.03269927576184273)",Position
2699,"(0.5311006307601929, 0.231978178024292, -2.0724012017581117e-07)","(0.46251606941223145, 0.2112579047679901, 0.015285803936421871)","(0.41752350330352783, 0.24986255168914795, 0.023409012705087662)","(0.3966588079929352, 0.3204297125339508, 0.03249729797244072)","(0.38953202962875366, 0.36662429571151733, 0.042778920382261276)","(0.4104159474372864, 0.3586757779121399, -0.007587951608002186)","(0.3684339225292206, 0.4113522171974182, 0.002888541668653488)","(0.3738904297351837, 0.3823883533477783, 0.017065217718482018)","(0.3886781930923462, 0.3573267161846161, 0.0277523435652256)","(0.43835362792015076, 0.4129529297351837, -0.010418899357318878)","(0.38829293847084045, 0.4648686945438385, 0.005130738019943237)","(0.39398035407066345, 0.42504557967185974, 0.019934041425585747)","(0.409602552652359, 0.39720815420150757, 0.027946308255195618)","(0.46854734420776367, 0.44454270601272583, -0.00894091185182333)","(0.4290509819984436, 0.4823417663574219, 0.005274743773043156)","(0.4298343360424042, 0.44326651096343994, 0.01570584811270237)","(0.44315823912620544, 0.41781139373779297, 0.019289126619696617)","(0.49932923913002014, 0.4582938253879547, -0.005003198049962521)","(0.46944746375083923, 0.5371986627578735, 0.005443876143544912)","(0.4604282081127167, 0.5123304128646851, 0.017157630994915962)","(0.4623880088329315, 0.4793391227722168, 0.025091104209423065)",Position
2700,"(0.5295379757881165, 0.2317231297492981, -2.173886315404161e-07)","(0.46026888489723206, 0.21377573907375336, 0.015451266430318356)","(0.4159831404685974, 0.25262168049812317, 0.02349439449608326)","(0.3968914747238159, 0.32266607880592346, 0.031987324357032776)","(0.39396700263023376, 0.36942484974861145, 0.04167157784104347)","(0.4068734347820282, 0.356986939907074, -0.005453922785818577)","(0.3647981882095337, 0.41112256050109863, 0.002896644175052643)","(0.37378647923469543, 0.37857678532600403, 0.01474086008965969)","(0.3903495669364929, 0.3511774241924286, 0.02410365268588066)","(0.434067964553833, 0.4110645651817322, -0.009072331711649895)","(0.3845369219779968, 0.464271605014801, 0.004998344462364912)","(0.39237821102142334, 0.4230925738811493, 0.01840602606534958)","(0.40801313519477844, 0.39441967010498047, 0.02577214315533638)","(0.4642185568809509, 0.4433078169822693, -0.008758786134421825)","(0.42500147223472595, 0.48164522647857666, 0.004464109428226948)","(0.42695772647857666, 0.44184136390686035, 0.014133291319012642)","(0.4398822486400604, 0.4158714711666107, 0.017519276589155197)","(0.4954589009284973, 0.4576181173324585, -0.006080353632569313)","(0.46597957611083984, 0.5376476645469666, 0.0038661446887999773)","(0.45751893520355225, 0.5124017000198364, 0.015373599715530872)","(0.45938578248023987, 0.47868800163269043, 0.023322539404034615)",Position
2701,"(0.5284338593482971, 0.23202663660049438, -2.250430668482295e-07)","(0.4596257507801056, 0.21310357749462128, 0.019446484744548798)","(0.41614916920661926, 0.2528384029865265, 0.030711496248841286)","(0.3980201482772827, 0.32250645756721497, 0.0421658456325531)","(0.39783477783203125, 0.37005946040153503, 0.05501773580908775)","(0.40567952394485474, 0.35471442341804504, 0.0003509217931423336)","(0.36425840854644775, 0.40922218561172485, 0.012170220725238323)","(0.3735111355781555, 0.3799659311771393, 0.02688189223408699)","(0.3900262415409088, 0.35445961356163025, 0.038054898381233215)","(0.43231701850891113, 0.40866509079933167, -0.0036511332727968693)","(0.382489949464798, 0.4642481803894043, 0.011729617603123188)","(0.39108166098594666, 0.4244072139263153, 0.026828229427337646)","(0.40695247054100037, 0.3965098261833191, 0.03592058643698692)","(0.4619928300380707, 0.44178590178489685, -0.003360163187608123)","(0.4221513867378235, 0.4808616042137146, 0.011675087735056877)","(0.4248843193054199, 0.44180288910865784, 0.022850172594189644)","(0.437860369682312, 0.4179918169975281, 0.027576614171266556)","(0.49305546283721924, 0.45721888542175293, -0.00032101068063639104)","(0.4613719880580902, 0.535637617111206, 0.012804978527128696)","(0.4542079269886017, 0.5099682807922363, 0.02634856477379799)","(0.45732441544532776, 0.4765077531337738, 0.0356413796544075)",Position
2702,"(0.5287831425666809, 0.233139768242836, -2.202145452656623e-07)","(0.4609757363796234, 0.21311193704605103, 0.022042011842131615)","(0.4181664288043976, 0.2511010766029358, 0.035650234669446945)","(0.3993578851222992, 0.3204260766506195, 0.049610722810029984)","(0.3975972831249237, 0.3681498169898987, 0.06543485820293427)","(0.40550708770751953, 0.3525597155094147, 0.0042327940464019775)","(0.3645504117012024, 0.4095669388771057, 0.019287647679448128)","(0.3720393776893616, 0.3825157880783081, 0.03742629289627075)","(0.3877984583377838, 0.3568037748336792, 0.05121695250272751)","(0.4313150644302368, 0.40639469027519226, 0.0009096989524550736)","(0.38116055727005005, 0.46493083238601685, 0.017216265201568604)","(0.3891582190990448, 0.4261572062969208, 0.03384259343147278)","(0.4049617350101471, 0.3984348475933075, 0.04493432492017746)","(0.46079927682876587, 0.44016554951667786, 0.002279236214235425)","(0.4216621518135071, 0.48016873002052307, 0.01847766526043415)","(0.4246829152107239, 0.4411032199859619, 0.031009044498205185)","(0.4373641908168793, 0.41729632019996643, 0.03746018931269646)","(0.4921765923500061, 0.4557943642139435, 0.006783080752938986)","(0.45927146077156067, 0.5330376625061035, 0.022236773744225502)","(0.4519164264202118, 0.5078516602516174, 0.037186749279499054)","(0.4550546705722809, 0.47487616539001465, 0.04784621670842171)",Position
2703,"(0.5294635891914368, 0.23545525968074799, -2.1286068374593015e-07)","(0.46088969707489014, 0.21481703221797943, 0.018869148567318916)","(0.41802141070365906, 0.2531450390815735, 0.029775118455290794)","(0.39980295300483704, 0.3222043216228485, 0.04058988392353058)","(0.39718571305274963, 0.3689066469669342, 0.05268305540084839)","(0.40573447942733765, 0.35388946533203125, 0.0023604887537658215)","(0.36477237939834595, 0.40999293327331543, 0.013483023270964622)","(0.372660756111145, 0.3795168399810791, 0.02700589969754219)","(0.38882601261138916, 0.3539959788322449, 0.03760182484984398)","(0.43129292130470276, 0.40862059593200684, -0.0012898192508146167)","(0.38190996646881104, 0.46243739128112793, 0.013861611485481262)","(0.3894229829311371, 0.4222969114780426, 0.027680886909365654)","(0.40511783957481384, 0.3948932886123657, 0.03599497303366661)","(0.46050775051116943, 0.4421079754829407, -0.0008857780485413969)","(0.4214414954185486, 0.4810294806957245, 0.013885959051549435)","(0.42382392287254333, 0.4418735206127167, 0.02426237054169178)","(0.4365665316581726, 0.41782623529434204, 0.028618860989809036)","(0.49146994948387146, 0.458075612783432, 0.002204082440584898)","(0.4580920934677124, 0.5333872437477112, 0.015184164047241211)","(0.4510136544704437, 0.5072405338287354, 0.028361281380057335)","(0.45448970794677734, 0.47436439990997314, 0.03752095252275467)",Position
2704,"(0.5294972062110901, 0.23725339770317078, -2.047155192030914e-07)","(0.4629538953304291, 0.21404686570167542, 0.01946314051747322)","(0.41979435086250305, 0.2517777681350708, 0.031398117542266846)","(0.4003938138484955, 0.32254037261009216, 0.04349179565906525)","(0.39579054713249207, 0.3700629770755768, 0.05741892755031586)","(0.40604326128959656, 0.35092300176620483, 0.00325605901889503)","(0.36450695991516113, 0.40966343879699707, 0.015840882435441017)","(0.3734157383441925, 0.38082727789878845, 0.03156488016247749)","(0.3897687792778015, 0.35412269830703735, 0.04386996850371361)","(0.4310779869556427, 0.40583139657974243, 6.915593257872388e-05)","(0.3808287978172302, 0.4639245569705963, 0.014430150389671326)","(0.3892276883125305, 0.42542558908462524, 0.029537258669734)","(0.40531125664711, 0.39800140261650085, 0.03977314010262489)","(0.4598808288574219, 0.440632164478302, 0.0010808920487761497)","(0.42107832431793213, 0.47973188757896423, 0.015740636736154556)","(0.42439019680023193, 0.4413115978240967, 0.02766181156039238)","(0.43723276257514954, 0.41852644085884094, 0.03395594656467438)","(0.490835040807724, 0.4572266638278961, 0.0048520672135055065)","(0.45671918988227844, 0.5327026844024658, 0.019471270963549614)","(0.45013391971588135, 0.5066903829574585, 0.03436033055186272)","(0.45425501465797424, 0.47328856587409973, 0.04503410682082176)",Position
2705,"(0.5301172137260437, 0.23458647727966309, -2.0260995370335877e-07)","(0.46294236183166504, 0.21178238093852997, 0.020226724445819855)","(0.4197695255279541, 0.2492971271276474, 0.03219091519713402)","(0.40023237466812134, 0.3175736665725708, 0.04350544512271881)","(0.39580678939819336, 0.3646376132965088, 0.0562916062772274)","(0.40455853939056396, 0.3476027548313141, 0.006847419776022434)","(0.3645614683628082, 0.4084521532058716, 0.017969902604818344)","(0.3742959797382355, 0.3798629343509674, 0.03071514330804348)","(0.3895615339279175, 0.3532818853855133, 0.04069085419178009)","(0.42947444319725037, 0.4019980728626251, 0.0025017408188432455)","(0.3810158967971802, 0.461490660905838, 0.016035253182053566)","(0.389557421207428, 0.42377322912216187, 0.029393283650279045)","(0.4047027826309204, 0.39627885818481445, 0.03825240954756737)","(0.4584580659866333, 0.4368727505207062, 0.002020834479480982)","(0.4207380712032318, 0.4770539402961731, 0.016245920211076736)","(0.42456141114234924, 0.43937620520591736, 0.02772638201713562)","(0.43688666820526123, 0.416366308927536, 0.033599961549043655)","(0.48927822709083557, 0.4541037380695343, 0.0041601029224693775)","(0.4551650583744049, 0.5250933170318604, 0.01879015564918518)","(0.44994011521339417, 0.49944615364074707, 0.03393511474132538)","(0.45460882782936096, 0.467322438955307, 0.04463855177164078)",Position
2706,"(0.5297656059265137, 0.23524209856987, -2.1782327053188055e-07)","(0.4637968838214874, 0.2110850214958191, 0.022255660966038704)","(0.4208582043647766, 0.2462751269340515, 0.03524462878704071)","(0.3984544575214386, 0.3132449686527252, 0.04762762784957886)","(0.3895769417285919, 0.3589079678058624, 0.061551861464977264)","(0.4046251177787781, 0.3457602858543396, 0.006467986851930618)","(0.3635767698287964, 0.4054328203201294, 0.019025679677724838)","(0.3725334405899048, 0.3785853683948517, 0.03372711315751076)","(0.3878364861011505, 0.35463231801986694, 0.04512589052319527)","(0.429174542427063, 0.3994397819042206, 0.00226059602573514)","(0.38054582476615906, 0.45668911933898926, 0.017094723880290985)","(0.3888823688030243, 0.41946011781692505, 0.031819555908441544)","(0.4037506878376007, 0.393719881772995, 0.04135367274284363)","(0.4579879343509674, 0.43424519896507263, 0.0024027253966778517)","(0.4200989603996277, 0.474247008562088, 0.01784241758286953)","(0.42402613162994385, 0.43699002265930176, 0.030396711081266403)","(0.43672555685043335, 0.41493722796440125, 0.03675958141684532)","(0.4892226755619049, 0.4515347480773926, 0.005420560482889414)","(0.4542525112628937, 0.525485634803772, 0.02092581056058407)","(0.4481316804885864, 0.5004227757453918, 0.03653488680720329)","(0.45251500606536865, 0.4682338237762451, 0.04752347618341446)",Position
2707,"(0.5298371911048889, 0.23277518153190613, -2.2986144188053004e-07)","(0.46372896432876587, 0.2088574767112732, 0.02503015287220478)","(0.4213000237941742, 0.24554085731506348, 0.04108664020895958)","(0.3993968963623047, 0.3112240135669708, 0.056682366877794266)","(0.39119839668273926, 0.35621607303619385, 0.07427602261304855)","(0.4042799770832062, 0.34127116203308105, 0.011032048612833023)","(0.36301231384277344, 0.4032268822193146, 0.027379807084798813)","(0.3728265166282654, 0.3784480094909668, 0.04542303830385208)","(0.3880954086780548, 0.35385000705718994, 0.05894356593489647)","(0.4283449351787567, 0.3955862522125244, 0.007319209165871143)","(0.37916579842567444, 0.4558122158050537, 0.023893434554338455)","(0.38865089416503906, 0.41929543018341064, 0.040296848863363266)","(0.4035678505897522, 0.39297765493392944, 0.05153433233499527)","(0.45693475008010864, 0.4320996403694153, 0.008229403756558895)","(0.41895321011543274, 0.4720507860183716, 0.02526409924030304)","(0.4236440658569336, 0.4348333477973938, 0.038182105869054794)","(0.4360591471195221, 0.41274988651275635, 0.045061785727739334)","(0.4876832365989685, 0.4511856436729431, 0.012384125031530857)","(0.4534452259540558, 0.5235376358032227, 0.028976280242204666)","(0.44767794013023376, 0.49829190969467163, 0.04416661709547043)","(0.4518367052078247, 0.46549707651138306, 0.05500894784927368)",Position
2708,"(0.5306206345558167, 0.23229503631591797, -2.330464639044294e-07)","(0.4627893269062042, 0.20753540098667145, 0.02718227170407772)","(0.42117244005203247, 0.24309073388576508, 0.04371855407953262)","(0.3968971371650696, 0.30631378293037415, 0.05939153581857681)","(0.3872968852519989, 0.35114407539367676, 0.07700663805007935)","(0.40288957953453064, 0.338847815990448, 0.01284477673470974)","(0.36326777935028076, 0.40097522735595703, 0.03030291013419628)","(0.37354692816734314, 0.3751275837421417, 0.04829653352499008)","(0.38818758726119995, 0.3502337336540222, 0.06147374212741852)","(0.4275941848754883, 0.3932153880596161, 0.008709016256034374)","(0.3804575204849243, 0.4505371153354645, 0.02699200063943863)","(0.39004120230674744, 0.4142788052558899, 0.04359014704823494)","(0.40428391098976135, 0.38886940479278564, 0.054243799299001694)","(0.4567311108112335, 0.4297655522823334, 0.009542614221572876)","(0.4191606044769287, 0.46821749210357666, 0.028766509145498276)","(0.4246782660484314, 0.43186888098716736, 0.042905088514089584)","(0.43755146861076355, 0.4104923605918884, 0.04981081187725067)","(0.48728740215301514, 0.448761522769928, 0.013675706461071968)","(0.45126357674598694, 0.5160123109817505, 0.0326092354953289)","(0.4474842846393585, 0.4903792142868042, 0.04951878637075424)","(0.4531732201576233, 0.45863908529281616, 0.06106424704194069)",Position
2709,"(0.5291035175323486, 0.23064157366752625, -2.299173189612702e-07)","(0.4631848931312561, 0.2060871720314026, 0.026336543262004852)","(0.42124366760253906, 0.24201218783855438, 0.04213007539510727)","(0.3963792622089386, 0.30424320697784424, 0.05669518560171127)","(0.38553059101104736, 0.3476009964942932, 0.0728801041841507)","(0.4028943181037903, 0.33487001061439514, 0.012803573161363602)","(0.3621845245361328, 0.39830222725868225, 0.027956319972872734)","(0.3740716278553009, 0.3758757412433624, 0.044240254908800125)","(0.3895018398761749, 0.35099491477012634, 0.056621938943862915)","(0.4266831576824188, 0.3897935748100281, 0.007992834784090519)","(0.37902218103408813, 0.44872573018074036, 0.023968061432242393)","(0.3900967240333557, 0.41508445143699646, 0.03952126204967499)","(0.4045717716217041, 0.3893032670021057, 0.05016717687249184)","(0.45541059970855713, 0.4274885356426239, 0.00771963968873024)","(0.41957995295524597, 0.4659893810749054, 0.02476767636835575)","(0.4264114499092102, 0.4309001863002777, 0.03780343756079674)","(0.43878138065338135, 0.4096314609050751, 0.0446377657353878)","(0.4859870374202728, 0.4475971460342407, 0.010634275153279305)","(0.45099949836730957, 0.5145856142044067, 0.027665287256240845)","(0.4477805197238922, 0.48948246240615845, 0.043350595980882645)","(0.45310112833976746, 0.4572164714336395, 0.05439259484410286)",Position
2710,"(0.5298020839691162, 0.23128825426101685, -2.1999062482791487e-07)","(0.4642036259174347, 0.20536395907402039, 0.023166073486208916)","(0.4212905764579773, 0.24070510268211365, 0.03706076741218567)","(0.3965723514556885, 0.30302703380584717, 0.049787964671850204)","(0.38650548458099365, 0.34657302498817444, 0.06393888592720032)","(0.4026029706001282, 0.3363824486732483, 0.011124317534267902)","(0.3623008131980896, 0.3964847922325134, 0.024058852344751358)","(0.3738987445831299, 0.3728940486907959, 0.03777074068784714)","(0.3895237147808075, 0.34778672456741333, 0.048418812453746796)","(0.42631423473358154, 0.39122429490089417, 0.0066921827383339405)","(0.3799095153808594, 0.44584083557128906, 0.021926598623394966)","(0.39006295800209045, 0.41197821497917175, 0.03571837395429611)","(0.40435895323753357, 0.38594135642051697, 0.0447022020816803)","(0.4547854959964752, 0.4279196560382843, 0.006280825007706881)","(0.4194451570510864, 0.4643232524394989, 0.02232993207871914)","(0.42548274993896484, 0.4290097951889038, 0.033811066299676895)","(0.43798211216926575, 0.407241553068161, 0.03930988162755966)","(0.4851272702217102, 0.4476197063922882, 0.008653602562844753)","(0.45153024792671204, 0.5127547979354858, 0.024452026933431625)","(0.4480894207954407, 0.4886065423488617, 0.03887220844626427)","(0.4532366693019867, 0.45754116773605347, 0.04884137958288193)",Position
2711,"(0.5293706059455872, 0.23190882802009583, -2.1361574908951297e-07)","(0.464474618434906, 0.20618335902690887, 0.021965723484754562)","(0.42149507999420166, 0.2419254630804062, 0.03559612110257149)","(0.39639151096343994, 0.3050038814544678, 0.04845582693815231)","(0.38483795523643494, 0.34878969192504883, 0.06295382976531982)","(0.40253978967666626, 0.3357735574245453, 0.009731997735798359)","(0.36191272735595703, 0.39766544103622437, 0.022324657067656517)","(0.3739593029022217, 0.37333422899246216, 0.03645327314734459)","(0.39015311002731323, 0.3472464382648468, 0.047662846744060516)","(0.4263143241405487, 0.39088478684425354, 0.005913625005632639)","(0.3791036009788513, 0.448872834444046, 0.01978970877826214)","(0.38965556025505066, 0.4144304096698761, 0.03354952111840248)","(0.40465909242630005, 0.38690319657325745, 0.04324148967862129)","(0.4548179507255554, 0.42776820063591003, 0.006027754861861467)","(0.4196854829788208, 0.4653399884700775, 0.020707273855805397)","(0.4256735146045685, 0.4294147491455078, 0.03185391053557396)","(0.4381272792816162, 0.4066803455352783, 0.03787148371338844)","(0.485129714012146, 0.4474753439426422, 0.008925407193601131)","(0.45165303349494934, 0.514286994934082, 0.02358360029757023)","(0.44739916920661926, 0.49008944630622864, 0.037377260625362396)","(0.4518175423145294, 0.4580937922000885, 0.04734225198626518)",Position
2712,"(0.528812050819397, 0.229936882853508, -2.295504941685067e-07)","(0.4626524746417999, 0.20536890625953674, 0.025745047256350517)","(0.4207307696342468, 0.24280811846256256, 0.04037146642804146)","(0.3941176235675812, 0.3036963939666748, 0.05351235345005989)","(0.3834742605686188, 0.3482292592525482, 0.06805986911058426)","(0.4016573131084442, 0.33131998777389526, 0.01043638214468956)","(0.3609224557876587, 0.39755934476852417, 0.02429051697254181)","(0.37376582622528076, 0.3748909831047058, 0.03969091176986694)","(0.38922566175460815, 0.3488702178001404, 0.05140526592731476)","(0.4255034923553467, 0.3868349492549896, 0.004992798436433077)","(0.37798285484313965, 0.44670480489730835, 0.019889293238520622)","(0.3898898959159851, 0.4128904640674591, 0.034886110574007034)","(0.4046561121940613, 0.3864300549030304, 0.04509017616510391)","(0.4543055295944214, 0.4258027672767639, 0.004072953946888447)","(0.4184790253639221, 0.4631551206111908, 0.0201274361461401)","(0.4256563186645508, 0.42765510082244873, 0.03251025825738907)","(0.438139945268631, 0.406049907207489, 0.03891221433877945)","(0.48492443561553955, 0.44826656579971313, 0.006291669327765703)","(0.45005449652671814, 0.5141040682792664, 0.022344175726175308)","(0.4473816752433777, 0.4883024990558624, 0.03762738034129143)","(0.4531078636646271, 0.45525622367858887, 0.04839503765106201)",Position
2713,"(0.528296947479248, 0.23007594048976898, -2.3613203836703178e-07)","(0.4624840319156647, 0.20521630346775055, 0.02568640559911728)","(0.42059949040412903, 0.2427682876586914, 0.040528636425733566)","(0.39332258701324463, 0.3021826148033142, 0.053709693253040314)","(0.38170748949050903, 0.3453159034252167, 0.06811726838350296)","(0.3998800814151764, 0.3320024609565735, 0.01217599306255579)","(0.35995548963546753, 0.39783570170402527, 0.026081394404172897)","(0.3734423518180847, 0.3755573332309723, 0.040679868310689926)","(0.38868406414985657, 0.3490943908691406, 0.051760487258434296)","(0.42365095019340515, 0.38758817315101624, 0.0067771561443805695)","(0.376861035823822, 0.44703203439712524, 0.022481253370642662)","(0.3894084095954895, 0.4134511351585388, 0.036840882152318954)","(0.40438616275787354, 0.386260986328125, 0.04636576399207115)","(0.4527985453605652, 0.42605680227279663, 0.005746264010667801)","(0.4181671738624573, 0.46396148204803467, 0.022252678871154785)","(0.42565998435020447, 0.4283822178840637, 0.03365429863333702)","(0.4381270110607147, 0.4056658148765564, 0.03916197642683983)","(0.4835510551929474, 0.4483185112476349, 0.007818176411092281)","(0.44964301586151123, 0.5153135061264038, 0.023250393569469452)","(0.44580748677253723, 0.4907665252685547, 0.03730257228016853)","(0.45036956667900085, 0.4581739604473114, 0.04718586057424545)",Position
2714,"(0.5272612571716309, 0.23025953769683838, -2.756988521923631e-07)","(0.46211424469947815, 0.206319659948349, 0.03246471285820007)","(0.4215053915977478, 0.2418830692768097, 0.05139944329857826)","(0.39329537749290466, 0.3001519441604614, 0.06831614673137665)","(0.37900426983833313, 0.34242957830429077, 0.0869109183549881)","(0.39839595556259155, 0.32966169714927673, 0.017845263704657555)","(0.3593582808971405, 0.3970201015472412, 0.03714299574494362)","(0.37315037846565247, 0.37574681639671326, 0.05677715688943863)","(0.38763636350631714, 0.34911543130874634, 0.07100369781255722)","(0.4219094514846802, 0.38529860973358154, 0.011496894992887974)","(0.37512335181236267, 0.447035551071167, 0.030338753014802933)","(0.3885401487350464, 0.41386380791664124, 0.048408977687358856)","(0.4034217596054077, 0.38688021898269653, 0.06063693016767502)","(0.45061102509498596, 0.4244120717048645, 0.010393294505774975)","(0.41600409150123596, 0.4631929099559784, 0.030619360506534576)","(0.4247557520866394, 0.42735007405281067, 0.04545476660132408)","(0.43732309341430664, 0.40504008531570435, 0.05295102298259735)","(0.4809480905532837, 0.4467543065547943, 0.012980648316442966)","(0.4460368752479553, 0.5131070017814636, 0.0325198657810688)","(0.4444180428981781, 0.4875733554363251, 0.04919203743338585)","(0.45058760046958923, 0.45421308279037476, 0.0605647899210453)",Position
2715,"(0.5266852378845215, 0.23142637312412262, -2.471901723311021e-07)","(0.4607161581516266, 0.20719598233699799, 0.027498364448547363)","(0.4194464683532715, 0.24377170205116272, 0.04362107440829277)","(0.3916480541229248, 0.3015468716621399, 0.0580943301320076)","(0.37978821992874146, 0.344730943441391, 0.07395434379577637)","(0.3973005712032318, 0.33057647943496704, 0.013830984942615032)","(0.35784968733787537, 0.3967442214488983, 0.02883201651275158)","(0.3721837103366852, 0.374456524848938, 0.04452494531869888)","(0.3876541256904602, 0.34781625866889954, 0.056394610553979874)","(0.4206964373588562, 0.3869594633579254, 0.008272326551377773)","(0.37389421463012695, 0.44758859276771545, 0.024042434990406036)","(0.3873790502548218, 0.41425228118896484, 0.03930671513080597)","(0.4023728668689728, 0.38691505789756775, 0.04982117563486099)","(0.4494597315788269, 0.4266241192817688, 0.007259179372340441)","(0.41504818201065063, 0.46495819091796875, 0.023842746391892433)","(0.42370134592056274, 0.42849528789520264, 0.03596530854701996)","(0.43605440855026245, 0.40606093406677246, 0.04232983663678169)","(0.4800279438495636, 0.44984591007232666, 0.009577690623700619)","(0.4445502460002899, 0.5160624384880066, 0.02569521963596344)","(0.44265300035476685, 0.4890293478965759, 0.04068200662732124)","(0.4485574960708618, 0.4547433853149414, 0.05133834481239319)",Position
2716,"(0.5256056785583496, 0.2325500100851059, -2.401214374003757e-07)","(0.459859699010849, 0.20775698125362396, 0.026874177157878876)","(0.41920748353004456, 0.24447785317897797, 0.04212586581707001)","(0.3910398781299591, 0.3017634153366089, 0.055244624614715576)","(0.37874507904052734, 0.34516626596450806, 0.06956089287996292)","(0.3960559666156769, 0.33074653148651123, 0.014614653773605824)","(0.35773420333862305, 0.39754390716552734, 0.028439704328775406)","(0.3722993731498718, 0.3751273453235626, 0.04226360842585564)","(0.38726991415023804, 0.3482044041156769, 0.052714813500642776)","(0.4193907082080841, 0.3871656656265259, 0.008488219231367111)","(0.37448740005493164, 0.44730010628700256, 0.02381158247590065)","(0.3877871036529541, 0.4141838550567627, 0.03794263303279877)","(0.4022009074687958, 0.3866381347179413, 0.04739256203174591)","(0.44835320115089417, 0.4272520840167999, 0.00664041843265295)","(0.4148198664188385, 0.4643104374408722, 0.02289237082004547)","(0.4239163398742676, 0.4283882677555084, 0.03494521602988243)","(0.43624240159988403, 0.40621745586395264, 0.041051506996154785)","(0.479147344827652, 0.45115721225738525, 0.00790464784950018)","(0.4436652958393097, 0.5145481824874878, 0.024014923721551895)","(0.44297757744789124, 0.4877966642379761, 0.03946313261985779)","(0.4495429992675781, 0.4540219306945801, 0.05031176656484604)",Position
2717,"(0.5253636240959167, 0.23314280807971954, -2.5384622404089896e-07)","(0.4598011374473572, 0.2087087333202362, 0.02672269567847252)","(0.4188309609889984, 0.24670442938804626, 0.04160163179039955)","(0.39070460200309753, 0.3038104474544525, 0.05408580228686333)","(0.37892740964889526, 0.3464089035987854, 0.0674896240234375)","(0.3952963352203369, 0.32944488525390625, 0.01447444036602974)","(0.3567463755607605, 0.39702972769737244, 0.027325617149472237)","(0.37198176980018616, 0.37553277611732483, 0.040251292288303375)","(0.387859970331192, 0.3484218418598175, 0.050233982503414154)","(0.4184522032737732, 0.38599225878715515, 0.008024138398468494)","(0.3736117482185364, 0.44620639085769653, 0.023432595655322075)","(0.38786381483078003, 0.413725882768631, 0.03675124794244766)","(0.40317413210868835, 0.38591599464416504, 0.045432571321725845)","(0.4471162259578705, 0.4267646372318268, 0.005739527754485607)","(0.41428661346435547, 0.46327537298202515, 0.021847140043973923)","(0.42422282695770264, 0.42737409472465515, 0.032286595553159714)","(0.43740707635879517, 0.40440961718559265, 0.03708105534315109)","(0.4773451089859009, 0.4525375962257385, 0.0065619139932096004)","(0.4430083930492401, 0.5164656639099121, 0.021418055519461632)","(0.44208449125289917, 0.48969483375549316, 0.03502636402845383)","(0.4485461711883545, 0.45526933670043945, 0.044541824609041214)",Position
2718,"(0.5258533358573914, 0.23321329057216644, -2.725969920902571e-07)","(0.4603993594646454, 0.20949363708496094, 0.033043429255485535)","(0.4199444651603699, 0.24382854998111725, 0.052174266427755356)","(0.39186277985572815, 0.3001909852027893, 0.06888840347528458)","(0.3799203634262085, 0.34360548853874207, 0.0870470479130745)","(0.39550483226776123, 0.3277997672557831, 0.020058266818523407)","(0.35768553614616394, 0.3962446451187134, 0.03955291211605072)","(0.37264567613601685, 0.37481066584587097, 0.05807293951511383)","(0.3872891366481781, 0.3481113910675049, 0.0713849738240242)","(0.41883453726768494, 0.3835647702217102, 0.013587862253189087)","(0.37392717599868774, 0.443988561630249, 0.0332174189388752)","(0.3882977366447449, 0.4112180471420288, 0.05014634504914284)","(0.4031415283679962, 0.38420772552490234, 0.061182357370853424)","(0.4472951292991638, 0.42413708567619324, 0.01234657596796751)","(0.41391855478286743, 0.4599843919277191, 0.03340529277920723)","(0.42449289560317993, 0.4244343340396881, 0.04724558815360069)","(0.4377376437187195, 0.4028363823890686, 0.05367136746644974)","(0.4771329462528229, 0.4497207701206207, 0.014806552790105343)","(0.4413459897041321, 0.5114848613739014, 0.03487280383706093)","(0.44249579310417175, 0.4840525686740875, 0.051499832421541214)","(0.4503982961177826, 0.44980016350746155, 0.06263307482004166)",Position
2719,"(0.5262520909309387, 0.23312689363956451, -2.6580551093502436e-07)","(0.4612864851951599, 0.20754516124725342, 0.031268488615751266)","(0.42074790596961975, 0.2423052042722702, 0.04950207471847534)","(0.3916262984275818, 0.2969857156276703, 0.0653301477432251)","(0.37867292761802673, 0.33758118748664856, 0.08241815865039825)","(0.39660578966140747, 0.3265092670917511, 0.019443778321146965)","(0.3577480912208557, 0.39139845967292786, 0.035643570125103)","(0.371761292219162, 0.371358186006546, 0.05123983696103096)","(0.3874499499797821, 0.34473347663879395, 0.06303271651268005)","(0.4195007085800171, 0.38322532176971436, 0.013187560252845287)","(0.3747886121273041, 0.4412594437599182, 0.03077046386897564)","(0.3879055678844452, 0.4095342755317688, 0.04606932774186134)","(0.40223535895347595, 0.3830828070640564, 0.056125208735466)","(0.44787904620170593, 0.4246155917644501, 0.011599400080740452)","(0.4144778847694397, 0.46049824357032776, 0.030079031363129616)","(0.4238959848880768, 0.4252459704875946, 0.042507354170084)","(0.43655434250831604, 0.4029254615306854, 0.048561111092567444)","(0.47783163189888, 0.4499122202396393, 0.01358315534889698)","(0.4422365128993988, 0.511347770690918, 0.031386278569698334)","(0.441576212644577, 0.485048770904541, 0.04674014449119568)","(0.4482915997505188, 0.4518507719039917, 0.05733523890376091)",Position
2720,"(0.5256631374359131, 0.23349370062351227, -2.578591988822154e-07)","(0.4616847634315491, 0.20792275667190552, 0.03106933832168579)","(0.4207186698913574, 0.24245315790176392, 0.04902733489871025)","(0.39222338795661926, 0.2974027395248413, 0.0646018534898758)","(0.38037675619125366, 0.3387853503227234, 0.08138371258974075)","(0.3970889747142792, 0.32655876874923706, 0.01896127127110958)","(0.35750654339790344, 0.3923580050468445, 0.0355030857026577)","(0.37135544419288635, 0.37227410078048706, 0.05173826962709427)","(0.38718563318252563, 0.3456493616104126, 0.06407593935728073)","(0.41955527663230896, 0.3831220269203186, 0.012631711550056934)","(0.37431615591049194, 0.4431770443916321, 0.03066885471343994)","(0.3873937427997589, 0.41151750087738037, 0.04607638716697693)","(0.4019605815410614, 0.3843080699443817, 0.05632997676730156)","(0.4479447901248932, 0.4240291714668274, 0.011032731272280216)","(0.4155149459838867, 0.4604560136795044, 0.03002440370619297)","(0.42450037598609924, 0.4252643883228302, 0.04195547103881836)","(0.436910480260849, 0.40248286724090576, 0.04766276478767395)","(0.4781000018119812, 0.4491514563560486, 0.01301676593720913)","(0.44422900676727295, 0.5122680068016052, 0.030995912849903107)","(0.4418448209762573, 0.48701176047325134, 0.04571482911705971)","(0.447302907705307, 0.45380163192749023, 0.05588425695896149)",Position
2721,"(0.5262637734413147, 0.2322819083929062, -2.7193451046514383e-07)","(0.4614982604980469, 0.2077977955341339, 0.032573334872722626)","(0.4211210310459137, 0.2416088581085205, 0.05128292739391327)","(0.39187324047088623, 0.29656586050987244, 0.06777871400117874)","(0.3793007731437683, 0.3376913368701935, 0.08570825308561325)","(0.3966240882873535, 0.3263453543186188, 0.018990982323884964)","(0.358847439289093, 0.3923489451408386, 0.03734175115823746)","(0.37232062220573425, 0.3713577091693878, 0.05516912415623665)","(0.38770920038223267, 0.3446468710899353, 0.0683385357260704)","(0.4195525050163269, 0.3825666606426239, 0.012810315936803818)","(0.3756486177444458, 0.4419878423213959, 0.031994499266147614)","(0.3881961703300476, 0.4093957543373108, 0.04837096482515335)","(0.40248674154281616, 0.3818672299385071, 0.05895262956619263)","(0.4479129910469055, 0.42350178956985474, 0.011758130043745041)","(0.4151633679866791, 0.45889055728912354, 0.03215057775378227)","(0.4241722822189331, 0.4234471023082733, 0.04490714892745018)","(0.43705040216445923, 0.40083611011505127, 0.05071404576301575)","(0.4777580797672272, 0.4491269886493683, 0.014434139244258404)","(0.44390836358070374, 0.510513961315155, 0.03377271443605423)","(0.44317203760147095, 0.4841882586479187, 0.04916458576917648)","(0.44989076256752014, 0.4506792426109314, 0.05949775502085686)",Position
2722,"(0.526086151599884, 0.23407357931137085, -2.2734917592970305e-07)","(0.46205461025238037, 0.20913486182689667, 0.025382444262504578)","(0.42148977518081665, 0.24585536122322083, 0.04020470380783081)","(0.3940879702568054, 0.30137214064598083, 0.05281851813197136)","(0.3806419372558594, 0.34189677238464355, 0.06650543957948685)","(0.39787399768829346, 0.3306051790714264, 0.01440532598644495)","(0.3585508465766907, 0.39634332060813904, 0.02495284378528595)","(0.3718581795692444, 0.3755190968513489, 0.03630252927541733)","(0.3880932927131653, 0.3472353219985962, 0.0458206944167614)","(0.42099499702453613, 0.3855786919593811, 0.008651583455502987)","(0.3765023946762085, 0.4454370439052582, 0.021304041147232056)","(0.3882029950618744, 0.41410109400749207, 0.033790141344070435)","(0.40255364775657654, 0.3859284520149231, 0.042595818638801575)","(0.4499272108078003, 0.42524856328964233, 0.006627297960221767)","(0.4172596335411072, 0.46394258737564087, 0.020248543471097946)","(0.42536661028862, 0.42839309573173523, 0.031070977449417114)","(0.4376170039176941, 0.4041035771369934, 0.037071410566568375)","(0.4805951416492462, 0.4488314390182495, 0.007543863262981176)","(0.4451329708099365, 0.511789858341217, 0.020983250811696053)","(0.44310593605041504, 0.486455500125885, 0.03468968719244003)","(0.4493141174316406, 0.45293378829956055, 0.044812679290771484)",Position
2723,"(0.5265164375305176, 0.2360571324825287, -2.224064701294992e-07)","(0.46167871356010437, 0.21117720007896423, 0.02332185208797455)","(0.42106708884239197, 0.2487529218196869, 0.03675380349159241)","(0.3946290910243988, 0.30565565824508667, 0.04793299734592438)","(0.3839142322540283, 0.34801480174064636, 0.05987384170293808)","(0.3982696831226349, 0.3339817225933075, 0.013266175054013729)","(0.3610503077507019, 0.39839059114456177, 0.02275681495666504)","(0.374153196811676, 0.37613916397094727, 0.03253414109349251)","(0.38966062664985657, 0.3482617437839508, 0.040759168565273285)","(0.42125746607780457, 0.38872769474983215, 0.007421595510095358)","(0.3783092796802521, 0.4468305706977844, 0.019780315458774567)","(0.3900749981403351, 0.4148159325122833, 0.031066223978996277)","(0.4045233726501465, 0.3870691657066345, 0.03879932314157486)","(0.4501967132091522, 0.4276427626609802, 0.005051136016845703)","(0.41847652196884155, 0.4655769169330597, 0.017815740779042244)","(0.4265754222869873, 0.4299582540988922, 0.027499590069055557)","(0.43880727887153625, 0.4063794016838074, 0.03264972195029259)","(0.48092740774154663, 0.45069602131843567, 0.00541625265032053)","(0.4463457763195038, 0.5143455862998962, 0.017820103093981743)","(0.4448723793029785, 0.48824724555015564, 0.031068701297044754)","(0.45134490728378296, 0.45464664697647095, 0.040853895246982574)",Position
2724,"(0.528056800365448, 0.23720529675483704, -2.026553289624644e-07)","(0.4634292721748352, 0.210636705160141, 0.019631026312708855)","(0.42217332124710083, 0.24987393617630005, 0.03108467534184456)","(0.3967634439468384, 0.310863196849823, 0.04058647155761719)","(0.3864651322364807, 0.3542952835559845, 0.05084513872861862)","(0.39949414134025574, 0.338358610868454, 0.011850993148982525)","(0.36244097352027893, 0.39989015460014343, 0.020047809928655624)","(0.3751116096973419, 0.37627047300338745, 0.02803139202296734)","(0.3909444510936737, 0.3488777279853821, 0.03500073030591011)","(0.4226917624473572, 0.3934698700904846, 0.0068606906570494175)","(0.38008585572242737, 0.4482623338699341, 0.019575005397200584)","(0.39143866300582886, 0.41522642970085144, 0.029324503615498543)","(0.4059832990169525, 0.3875965476036072, 0.03547688573598862)","(0.4517769515514374, 0.43155109882354736, 0.004864394664764404)","(0.42015382647514343, 0.4663017988204956, 0.0171658955514431)","(0.4278760552406311, 0.42993760108947754, 0.025131706148386)","(0.4406915605068207, 0.4056882858276367, 0.028858961537480354)","(0.48212286829948425, 0.4541303515434265, 0.005225824192166328)","(0.4486654996871948, 0.5175226926803589, 0.016590427607297897)","(0.44605782628059387, 0.49149081110954285, 0.028469165787100792)","(0.4515981376171112, 0.45813947916030884, 0.037182167172431946)",Position
2725,"(0.5300847291946411, 0.24013374745845795, -2.044583595761651e-07)","(0.46542149782180786, 0.21285058557987213, 0.01987730897963047)","(0.4236977994441986, 0.25026246905326843, 0.031676024198532104)","(0.39705920219421387, 0.3130509555339813, 0.04193645715713501)","(0.38584890961647034, 0.35718855261802673, 0.053227998316287994)","(0.4016449749469757, 0.34129345417022705, 0.012154600583016872)","(0.36428970098495483, 0.4002421200275421, 0.022028839215636253)","(0.37706810235977173, 0.3760412931442261, 0.03138333559036255)","(0.39324507117271423, 0.3495500981807709, 0.03910355269908905)","(0.4247131049633026, 0.39710867404937744, 0.007765847258269787)","(0.3821585774421692, 0.4494953751564026, 0.021642610430717468)","(0.39343497157096863, 0.4164161682128906, 0.03212759643793106)","(0.40799635648727417, 0.3897939920425415, 0.03859170898795128)","(0.45347416400909424, 0.43514740467071533, 0.0065757641568779945)","(0.42144450545310974, 0.4683549404144287, 0.02008083648979664)","(0.4287567734718323, 0.43261879682540894, 0.028687603771686554)","(0.4416300356388092, 0.40917864441871643, 0.03254730626940727)","(0.4836902618408203, 0.45734691619873047, 0.007793558295816183)","(0.4506010413169861, 0.5187960863113403, 0.020645923912525177)","(0.448899507522583, 0.4924735426902771, 0.033291082829236984)","(0.45505422353744507, 0.45958197116851807, 0.042295292019844055)",Position
2726,"(0.5315362811088562, 0.24099580943584442, -1.789913000038723e-07)","(0.4672941267490387, 0.21479323506355286, 0.016928400844335556)","(0.4251813292503357, 0.2517174482345581, 0.027151666581630707)","(0.4008265435695648, 0.31621941924095154, 0.03628476709127426)","(0.39013606309890747, 0.3603571355342865, 0.046583812683820724)","(0.4044317603111267, 0.3455284833908081, 0.009940695948898792)","(0.36567947268486023, 0.4021097421646118, 0.01860884390771389)","(0.3776143789291382, 0.37549299001693726, 0.02724481374025345)","(0.39433252811431885, 0.34958818554878235, 0.03473897650837898)","(0.42708513140678406, 0.4004584550857544, 0.006297034211456776)","(0.38361674547195435, 0.4514164328575134, 0.020344695076346397)","(0.3940623700618744, 0.41693630814552307, 0.030365804210305214)","(0.4085809290409088, 0.39053577184677124, 0.036310214549303055)","(0.45538535714149475, 0.4369710683822632, 0.00550001859664917)","(0.4235454797744751, 0.46882879734039307, 0.018739216029644012)","(0.43061378598213196, 0.43180033564567566, 0.02664037048816681)","(0.4434671103954315, 0.40843766927719116, 0.029953081160783768)","(0.4851526618003845, 0.4581083655357361, 0.0068567972630262375)","(0.452656090259552, 0.5193317532539368, 0.019153987988829613)","(0.4505755305290222, 0.49213820695877075, 0.03133460134267807)","(0.4564807415008545, 0.4595404267311096, 0.040031857788562775)",Position
2727,"(0.5321927070617676, 0.24178378283977509, -1.685961024122662e-07)","(0.46727222204208374, 0.21578672528266907, 0.014110244810581207)","(0.4234395921230316, 0.25156447291374207, 0.022733774036169052)","(0.40271899104118347, 0.3181104063987732, 0.030594363808631897)","(0.3956167697906494, 0.36411601305007935, 0.039291929453611374)","(0.4061942994594574, 0.3477668762207031, 0.006304032169282436)","(0.36751464009284973, 0.4029221832752228, 0.012524085119366646)","(0.37787050008773804, 0.3751969635486603, 0.019245265051722527)","(0.3939916789531708, 0.349107027053833, 0.02559441514313221)","(0.4291173219680786, 0.4028605818748474, 0.002947421045973897)","(0.38509291410446167, 0.45270437002182007, 0.015543581917881966)","(0.39416033029556274, 0.417951762676239, 0.024478090927004814)","(0.40915438532829285, 0.39089152216911316, 0.02963118813931942)","(0.457272469997406, 0.43928277492523193, 0.0021250396966934204)","(0.4257602393627167, 0.4713599681854248, 0.013585973531007767)","(0.431820809841156, 0.4336722493171692, 0.020372867584228516)","(0.4447733461856842, 0.40872594714164734, 0.023052087053656578)","(0.4867563247680664, 0.46012020111083984, 0.003231229493394494)","(0.45525845885276794, 0.5218684077262878, 0.013148507103323936)","(0.45191943645477295, 0.4945133626461029, 0.023960381746292114)","(0.4570886492729187, 0.46169960498809814, 0.03190915659070015)",Position
2728,"(0.5343510508537292, 0.24071432650089264, -1.4731949704582803e-07)","(0.46848347783088684, 0.2156604379415512, 0.012758942320942879)","(0.42414385080337524, 0.25024768710136414, 0.020118605345487595)","(0.4041374623775482, 0.3164004981517792, 0.02738763391971588)","(0.3992787301540375, 0.363646924495697, 0.03529351204633713)","(0.4080139696598053, 0.3491057753562927, 0.001427522161975503)","(0.3691530227661133, 0.40163251757621765, 0.007858273573219776)","(0.37618374824523926, 0.3753887414932251, 0.015451006591320038)","(0.39092063903808594, 0.349051833152771, 0.022438503801822662)","(0.4324948191642761, 0.4068484306335449, -0.0011794561287388206)","(0.3868487477302551, 0.452160120010376, 0.011912097223103046)","(0.3940983712673187, 0.4164358675479889, 0.02124481275677681)","(0.4093049168586731, 0.38827207684516907, 0.026365844532847404)","(0.4615539014339447, 0.44284167885780334, -0.0009389714105054736)","(0.42872345447540283, 0.4703470766544342, 0.010921268723905087)","(0.43357735872268677, 0.43074271082878113, 0.0171440951526165)","(0.4469163119792938, 0.40376293659210205, 0.019060613587498665)","(0.49060407280921936, 0.4619915187358856, 0.0012758341617882252)","(0.4590989947319031, 0.5234135985374451, 0.01080482080578804)","(0.453077107667923, 0.4980350732803345, 0.020568132400512695)","(0.4560810923576355, 0.4667258560657501, 0.02761344611644745)",Position
2729,"(0.5354965329170227, 0.24231989681720734, -1.4216485055840167e-07)","(0.4689980149269104, 0.21813014149665833, 0.011870454996824265)","(0.4240646958351135, 0.2514179050922394, 0.018546083942055702)","(0.4034152030944824, 0.31769466400146484, 0.02582288347184658)","(0.3977721333503723, 0.36600080132484436, 0.03407031297683716)","(0.4098038673400879, 0.35371673107147217, -0.001063603674992919)","(0.3708162009716034, 0.4037506878376007, 0.006821868475526571)","(0.3761100172996521, 0.3755868375301361, 0.01625015027821064)","(0.39036843180656433, 0.34894219040870667, 0.02448023296892643)","(0.43515682220458984, 0.4118817448616028, -0.0027202123310416937)","(0.3886094093322754, 0.4547271728515625, 0.011783464811742306)","(0.395571768283844, 0.4164561927318573, 0.021718066185712814)","(0.4111219048500061, 0.3881385922431946, 0.026945315301418304)","(0.46426594257354736, 0.4471442401409149, -0.0011812926968559623)","(0.42969638109207153, 0.473874568939209, 0.01204609964042902)","(0.43455055356025696, 0.43247687816619873, 0.01852404512465)","(0.44857126474380493, 0.4046451151371002, 0.020182320848107338)","(0.49299323558807373, 0.4647504687309265, 0.0023901022505015135)","(0.46091341972351074, 0.5275699496269226, 0.012887144461274147)","(0.4540483057498932, 0.5018357634544373, 0.02286837249994278)","(0.4566218852996826, 0.4702417254447937, 0.029873933643102646)",Position
2730,"(0.537038266658783, 0.24381141364574432, -1.3051410974185274e-07)","(0.47051677107810974, 0.21977461874485016, 0.009896032512187958)","(0.4256070554256439, 0.25299859046936035, 0.01497780904173851)","(0.4026486873626709, 0.3173220157623291, 0.02093852497637272)","(0.39340439438819885, 0.3641505539417267, 0.027893081307411194)","(0.4127727746963501, 0.3575548827648163, -0.005335901398211718)","(0.37256568670272827, 0.40596330165863037, 0.0012329013552516699)","(0.3779281973838806, 0.3782498836517334, 0.010290928184986115)","(0.3917448818683624, 0.35202181339263916, 0.018198063597083092)","(0.43846946954727173, 0.4158949553966522, -0.00668659433722496)","(0.38989633321762085, 0.4565207064151764, 0.005902239121496677)","(0.39720118045806885, 0.41804319620132446, 0.015989026054739952)","(0.4133407473564148, 0.3905024826526642, 0.021570350974798203)","(0.46798866987228394, 0.45111167430877686, -0.004866481758654118)","(0.43186843395233154, 0.48010826110839844, 0.006690887734293938)","(0.43643999099731445, 0.4380083382129669, 0.014063802547752857)","(0.45057621598243713, 0.409654438495636, 0.016532687470316887)","(0.4968726634979248, 0.46758612990379333, -0.0011963840806856751)","(0.4633018970489502, 0.5303124785423279, 0.007624057587236166)","(0.4569605886936188, 0.5027920603752136, 0.0178811214864254)","(0.4601918160915375, 0.47115039825439453, 0.025268597528338432)",Position
2731,"(0.5369312167167664, 0.24580298364162445, -1.254543775530692e-07)","(0.47211840748786926, 0.22009937465190887, 0.010788331739604473)","(0.42747828364372253, 0.25356078147888184, 0.01799297332763672)","(0.4010782837867737, 0.3170833885669708, 0.02637438476085663)","(0.38497069478034973, 0.36005860567092896, 0.036167144775390625)","(0.41521257162094116, 0.36306503415107727, -0.0010895582381635904)","(0.37384670972824097, 0.4086301624774933, 0.0088474340736866)","(0.3767138421535492, 0.382182776927948, 0.020638804882764816)","(0.38912904262542725, 0.35742396116256714, 0.030345184728503227)","(0.44097670912742615, 0.41910919547080994, -0.0010654325596988201)","(0.39182448387145996, 0.45988816022872925, 0.012645096518099308)","(0.39795535802841187, 0.4212099313735962, 0.02329106070101261)","(0.41327449679374695, 0.3931099772453308, 0.0297541581094265)","(0.4695707857608795, 0.4523501396179199, 0.0022287415340542793)","(0.4331229031085968, 0.48240700364112854, 0.014472013339400291)","(0.43686288595199585, 0.4398755431175232, 0.02141612023115158)","(0.4505644738674164, 0.41125765442848206, 0.02419315092265606)","(0.49771982431411743, 0.46751394867897034, 0.00759358424693346)","(0.46489614248275757, 0.5331391096115112, 0.01805858127772808)","(0.45829683542251587, 0.5063736438751221, 0.02832622267305851)","(0.46141543984413147, 0.4736472964286804, 0.0358540341258049)",Position
2732,"(0.5374276638031006, 0.24462418258190155, -1.039867001395578e-07)","(0.4724460542201996, 0.2211412638425827, 0.010737027041614056)","(0.42770442366600037, 0.255576491355896, 0.018829725682735443)","(0.4021650552749634, 0.3181476891040802, 0.028168896213173866)","(0.38687387108802795, 0.36047080159187317, 0.038741953670978546)","(0.41669416427612305, 0.36824414134025574, 0.0009834704687818885)","(0.37628740072250366, 0.4100368320941925, 0.012486391700804234)","(0.37617576122283936, 0.3827444016933441, 0.02489025890827179)","(0.3862896263599396, 0.3575197756290436, 0.03486406058073044)","(0.44297951459884644, 0.42156434059143066, 0.0016718496335670352)","(0.39428967237472534, 0.4605244994163513, 0.016309987753629684)","(0.39819836616516113, 0.4201146364212036, 0.02674710564315319)","(0.4127109944820404, 0.39026692509651184, 0.03319275751709938)","(0.4720519781112671, 0.4514368772506714, 0.005620538257062435)","(0.43518903851509094, 0.48409032821655273, 0.018384892493486404)","(0.4367855489253998, 0.44054633378982544, 0.024463821202516556)","(0.44980883598327637, 0.41027170419692993, 0.026802141219377518)","(0.500583291053772, 0.4636537730693817, 0.011695259250700474)","(0.4691331386566162, 0.5324624180793762, 0.022226907312870026)","(0.46089696884155273, 0.5062702894210815, 0.03175807744264603)","(0.46306705474853516, 0.4728829860687256, 0.038857050240039825)",Position
2733,"(0.5368394255638123, 0.24686618149280548, -1.1232497598712143e-07)","(0.4720723032951355, 0.22282470762729645, 0.011832528747618198)","(0.42800652980804443, 0.25571635365486145, 0.020828109234571457)","(0.4034630060195923, 0.3191435933113098, 0.03095868229866028)","(0.38825637102127075, 0.36292940378189087, 0.042258016765117645)","(0.4150754511356354, 0.3682684302330017, 0.003073741914704442)","(0.37637650966644287, 0.4096577763557434, 0.01608036272227764)","(0.374818354845047, 0.3844388723373413, 0.029454797506332397)","(0.38379284739494324, 0.3602030873298645, 0.039820682257413864)","(0.4407976567745209, 0.4227644205093384, 0.0032341363839805126)","(0.39411094784736633, 0.46179935336112976, 0.018967926502227783)","(0.39793840050697327, 0.42230135202407837, 0.02958397939801216)","(0.4119291305541992, 0.3929498791694641, 0.03604171797633171)","(0.46960967779159546, 0.4526623785495758, 0.006749291904270649)","(0.43421974778175354, 0.4812859296798706, 0.020127329975366592)","(0.4364002048969269, 0.43801847100257874, 0.025863438844680786)","(0.4489902853965759, 0.40917617082595825, 0.027838023379445076)","(0.4986145794391632, 0.4655264616012573, 0.01252501830458641)","(0.4692007005214691, 0.5321360230445862, 0.023796390742063522)","(0.46178358793258667, 0.506489634513855, 0.03346385061740875)","(0.4641179144382477, 0.47465813159942627, 0.04053831472992897)",Position
2734,"(0.5398402214050293, 0.24639052152633667, -8.054719558003853e-08)","(0.4748486876487732, 0.22208072245121002, 0.014847763814032078)","(0.42946308851242065, 0.2554004192352295, 0.02629227191209793)","(0.40396609902381897, 0.3177674114704132, 0.03928377479314804)","(0.3900321125984192, 0.36065128445625305, 0.053522881120443344)","(0.4196535646915436, 0.3684559464454651, 0.0032736407592892647)","(0.378513365983963, 0.4079745411872864, 0.019398055970668793)","(0.3738795518875122, 0.38574767112731934, 0.036121442914009094)","(0.3803696036338806, 0.36346322298049927, 0.04872293770313263)","(0.44597411155700684, 0.4221199154853821, 0.0043063899502158165)","(0.396506130695343, 0.4609946012496948, 0.021283522248268127)","(0.39762502908706665, 0.4223155975341797, 0.034480392932891846)","(0.4103506803512573, 0.39312776923179626, 0.043091580271720886)","(0.4749060273170471, 0.45137089490890503, 0.009463203139603138)","(0.43657368421554565, 0.4844640791416168, 0.024438662454485893)","(0.437000036239624, 0.44048604369163513, 0.032576095312833786)","(0.4492109715938568, 0.41083085536956787, 0.03643776848912239)","(0.5035097002983093, 0.461800754070282, 0.017276104539632797)","(0.4710741937160492, 0.5295543074607849, 0.030356450006365776)","(0.46281394362449646, 0.5020250082015991, 0.041587699204683304)","(0.4652053117752075, 0.4681905508041382, 0.04990992695093155)",Position
2735,"(0.5408759713172913, 0.24875806272029877, -9.433951930759576e-08)","(0.4773200750350952, 0.2242119461297989, 0.014700501225888729)","(0.4308682978153229, 0.25654441118240356, 0.026740506291389465)","(0.4049006700515747, 0.3204270601272583, 0.04061479493975639)","(0.38879168033599854, 0.36109477281570435, 0.05592672526836395)","(0.42117074131965637, 0.37314316630363464, 0.005107110366225243)","(0.3794509768486023, 0.4090087413787842, 0.023249084129929543)","(0.375631183385849, 0.38413742184638977, 0.04118308424949646)","(0.38278526067733765, 0.3616367280483246, 0.05434557422995567)","(0.44744953513145447, 0.42629337310791016, 0.006757110822945833)","(0.3967651426792145, 0.4609367847442627, 0.02558375895023346)","(0.3988560736179352, 0.42031732201576233, 0.03896249085664749)","(0.41212865710258484, 0.3919762969017029, 0.047422878444194794)","(0.47566089034080505, 0.4533357322216034, 0.012571737170219421)","(0.4355694055557251, 0.48337095975875854, 0.028879793360829353)","(0.4357895851135254, 0.4390130937099457, 0.03662937879562378)","(0.44793227314949036, 0.4093831181526184, 0.03996402770280838)","(0.5036793947219849, 0.4621955156326294, 0.021081382408738136)","(0.4716566503047943, 0.5299059748649597, 0.035294294357299805)","(0.4633171856403351, 0.5030786395072937, 0.046366266906261444)","(0.4655323922634125, 0.4699198603630066, 0.05430358275771141)",Position
2736,"(0.5416395664215088, 0.24832920730113983, -5.032701366758374e-08)","(0.4768533706665039, 0.22469063103199005, 0.013774573802947998)","(0.4301452338695526, 0.25848180055618286, 0.02478342317044735)","(0.40428221225738525, 0.3226368725299835, 0.03805599734187126)","(0.3881652355194092, 0.3630448877811432, 0.052769459784030914)","(0.4235803484916687, 0.3739871382713318, 0.001788927591405809)","(0.38161763548851013, 0.4098203182220459, 0.019793575629591942)","(0.3741222620010376, 0.3875756561756134, 0.03775925934314728)","(0.37834444642066956, 0.366199254989624, 0.05067727714776993)","(0.45040977001190186, 0.42797011137008667, 0.004011853598058224)","(0.39998599886894226, 0.46137210726737976, 0.023008188232779503)","(0.39956867694854736, 0.4218975603580475, 0.03674321994185448)","(0.41129106283187866, 0.39404019713401794, 0.04500998184084892)","(0.4787764847278595, 0.4552993178367615, 0.010622472502291203)","(0.43965017795562744, 0.4890587329864502, 0.027774011716246605)","(0.43847671151161194, 0.4454634189605713, 0.03642479330301285)","(0.44981858134269714, 0.41513559222221375, 0.03972527012228966)","(0.5061101913452148, 0.46285122632980347, 0.019787374883890152)","(0.4738401770591736, 0.526974618434906, 0.03435711935162544)","(0.4652286171913147, 0.4991638660430908, 0.0457763634622097)","(0.46758586168289185, 0.46642976999282837, 0.053712379187345505)",Position
2737,"(0.543280839920044, 0.2511286735534668, -5.641985367788038e-08)","(0.4791466295719147, 0.2243986427783966, 0.011905859224498272)","(0.4323580265045166, 0.258661150932312, 0.02194950170814991)","(0.40352728962898254, 0.32197365164756775, 0.034248236566782)","(0.384385883808136, 0.3613336682319641, 0.04805363714694977)","(0.4217377305030823, 0.3745326101779938, 0.0008601567824371159)","(0.37930426001548767, 0.41019073128700256, 0.017987960949540138)","(0.37260252237319946, 0.38450348377227783, 0.035655464977025986)","(0.3771502375602722, 0.3616427779197693, 0.04845414310693741)","(0.44871875643730164, 0.42892903089523315, 0.0032700696028769016)","(0.39726465940475464, 0.4613846242427826, 0.020213210955262184)","(0.39843469858169556, 0.4185980260372162, 0.03354640305042267)","(0.4112381935119629, 0.3900233507156372, 0.04237276688218117)","(0.47752609848976135, 0.4565277099609375, 0.009771237149834633)","(0.4371545910835266, 0.48652389645576477, 0.024471770972013474)","(0.4368472695350647, 0.4412524402141571, 0.0327429324388504)","(0.44902878999710083, 0.41063085198402405, 0.03677865117788315)","(0.5055250525474548, 0.4642588198184967, 0.018737521022558212)","(0.4742608964443207, 0.527312695980072, 0.031535472720861435)","(0.46586334705352783, 0.4983406066894531, 0.04256057366728783)","(0.4683758020401001, 0.4639437198638916, 0.05083831399679184)",Position
2738,"(0.544730544090271, 0.2500644326210022, 5.278409931364081e-10)","(0.4799456298351288, 0.22540134191513062, 0.01407605316489935)","(0.4328221082687378, 0.26057714223861694, 0.0251232348382473)","(0.40371173620224, 0.3242446184158325, 0.03859786316752434)","(0.38362398743629456, 0.3639245331287384, 0.05339210852980614)","(0.42590680718421936, 0.3715883493423462, 0.0008499171235598624)","(0.3813939690589905, 0.4096483588218689, 0.019846897572278976)","(0.3703937828540802, 0.3938954472541809, 0.03923635929822922)","(0.3709719777107239, 0.3754497170448303, 0.053073152899742126)","(0.4532800018787384, 0.42698514461517334, 0.0035920077934861183)","(0.3996417820453644, 0.46489018201828003, 0.022275710478425026)","(0.398299902677536, 0.4256414771080017, 0.03751177713274956)","(0.4093678593635559, 0.39726173877716064, 0.04756147041916847)","(0.4818190634250641, 0.45605480670928955, 0.010940048843622208)","(0.4410385191440582, 0.4921753704547882, 0.028380904346704483)","(0.44005289673805237, 0.4477241337299347, 0.03850090876221657)","(0.45150843262672424, 0.41744139790534973, 0.04328232258558273)","(0.5088769197463989, 0.4655575752258301, 0.020932583138346672)","(0.4756897985935211, 0.52854323387146, 0.03655264154076576)","(0.46680721640586853, 0.49945151805877686, 0.04897763207554817)","(0.4692213237285614, 0.4666888117790222, 0.05785401910543442)",Position
2739,"(0.5437414050102234, 0.2506064176559448, -1.977573127476262e-08)","(0.4791751801967621, 0.22730214893817902, 0.011699325405061245)","(0.43076586723327637, 0.2602691948413849, 0.02107991836965084)","(0.4024571180343628, 0.32600629329681396, 0.033029720187187195)","(0.3831632137298584, 0.36508700251579285, 0.046473488211631775)","(0.4249192774295807, 0.37407419085502625, -0.003270472167059779)","(0.38086628913879395, 0.41392427682876587, 0.013383441604673862)","(0.3716827929019928, 0.38959747552871704, 0.031852561980485916)","(0.3739384710788727, 0.3669337332248688, 0.04539364203810692)","(0.45194756984710693, 0.42910197377204895, -0.0008145811734721065)","(0.3975822925567627, 0.4635046422481537, 0.015098142437636852)","(0.3965248167514801, 0.4213045835494995, 0.02909727580845356)","(0.4078112244606018, 0.39232486486434937, 0.03864249587059021)","(0.47990936040878296, 0.457009494304657, 0.00604279525578022)","(0.43636223673820496, 0.48475417494773865, 0.020543545484542847)","(0.43407782912254333, 0.43998557329177856, 0.029666360467672348)","(0.4450336694717407, 0.4103184938430786, 0.03439133241772652)","(0.5077807307243347, 0.4652671217918396, 0.01541786640882492)","(0.47510942816734314, 0.528428852558136, 0.029308732599020004)","(0.4659743309020996, 0.500143826007843, 0.041463013738393784)","(0.4682638645172119, 0.46606773138046265, 0.05046261101961136)",Position
2740,"(0.5470494031906128, 0.252420574426651, -2.3061426546178154e-08)","(0.48179182410240173, 0.2275702804327011, 0.01629914715886116)","(0.43514880537986755, 0.26146388053894043, 0.027454106137156487)","(0.4054066836833954, 0.32614439725875854, 0.04100541025400162)","(0.3824732303619385, 0.3638518452644348, 0.05613090470433235)","(0.42853739857673645, 0.369437038898468, -0.0016668657772243023)","(0.38108882308006287, 0.4099196195602417, 0.016294430941343307)","(0.36996224522590637, 0.3955571949481964, 0.036365095525979996)","(0.3712131679058075, 0.3781566917896271, 0.051178038120269775)","(0.45550668239593506, 0.4263138771057129, 0.0005290352855809033)","(0.3990771472454071, 0.4654514193534851, 0.0181081872433424)","(0.39911776781082153, 0.42541220784187317, 0.03465060144662857)","(0.4110127389431, 0.39843666553497314, 0.04598846286535263)","(0.483395516872406, 0.45725587010383606, 0.007835885509848595)","(0.4410543441772461, 0.4896899163722992, 0.025210682302713394)","(0.44227588176727295, 0.44375312328338623, 0.03758587688207626)","(0.4547841250896454, 0.4154963791370392, 0.04420448839664459)","(0.510272741317749, 0.46804434061050415, 0.01804373227059841)","(0.4750455617904663, 0.5324599146842957, 0.03554043546319008)","(0.4673207998275757, 0.5028591752052307, 0.05039867386221886)","(0.47044822573661804, 0.4707311987876892, 0.06097359210252762)",Position
2741,"(0.5481937527656555, 0.25044745206832886, -1.9068261636334682e-08)","(0.48334425687789917, 0.2278393805027008, 0.011994614265859127)","(0.43582940101623535, 0.26271963119506836, 0.02093280851840973)","(0.4059488773345947, 0.3283730447292328, 0.03226326033473015)","(0.3834986686706543, 0.3649274706840515, 0.045038867741823196)","(0.429187148809433, 0.3732697367668152, -0.003866959363222122)","(0.38093599677085876, 0.4131023585796356, 0.011084537953138351)","(0.37075215578079224, 0.3931007981300354, 0.028232328593730927)","(0.3729710578918457, 0.37219950556755066, 0.04115855693817139)","(0.4558442234992981, 0.42875462770462036, -0.0015071416273713112)","(0.39824432134628296, 0.46543365716934204, 0.013390202075242996)","(0.398024320602417, 0.42323535680770874, 0.02716081216931343)","(0.41046059131622314, 0.39400970935821533, 0.03674030676484108)","(0.48341187834739685, 0.4576437473297119, 0.005184182897210121)","(0.43859753012657166, 0.48555389046669006, 0.018748456612229347)","(0.4383886754512787, 0.438530296087265, 0.02789066918194294)","(0.4506538212299347, 0.40837156772613525, 0.03294685482978821)","(0.5102514028549194, 0.4676884114742279, 0.014447527937591076)","(0.475582093000412, 0.5315569639205933, 0.027741409838199615)","(0.46713194251060486, 0.5011953115463257, 0.03974965959787369)","(0.4697132110595703, 0.4664415121078491, 0.04873526468873024)",Release
2742,"(0.5519744753837585, 0.24859382212162018, 1.6422648130287598e-08)","(0.48548465967178345, 0.22676897048950195, 0.009464592672884464)","(0.4373365342617035, 0.2646607756614685, 0.016670597717165947)","(0.4061209559440613, 0.33126100897789, 0.02599143795669079)","(0.3807745575904846, 0.36728644371032715, 0.03621687367558479)","(0.4302462935447693, 0.37373268604278564, -0.0027305150870233774)","(0.3838638961315155, 0.4145554006099701, 0.011040085926651955)","(0.37096741795539856, 0.4010951817035675, 0.025501584634184837)","(0.3695814609527588, 0.3845592737197876, 0.03602558374404907)","(0.4573272466659546, 0.42925968766212463, -0.0005986173637211323)","(0.40160268545150757, 0.4689030349254608, 0.014196217060089111)","(0.4003872871398926, 0.42848458886146545, 0.026021422818303108)","(0.4118524491786957, 0.3992091417312622, 0.03366502746939659)","(0.4858805537223816, 0.4586300551891327, 0.005352561362087727)","(0.44272372126579285, 0.4919831454753876, 0.018561000004410744)","(0.44282564520835876, 0.44518592953681946, 0.026746749877929688)","(0.45513156056404114, 0.4147164821624756, 0.030551180243492126)","(0.5134549140930176, 0.4693659842014313, 0.013453952036798)","(0.4777697026729584, 0.5345515608787537, 0.025178663432598114)","(0.46926334500312805, 0.5036909580230713, 0.036346014589071274)","(0.4721528887748718, 0.4701094925403595, 0.04453082010149956)",Release
2743,"(0.5542141795158386, 0.24965490400791168, 3.5371204631928777e-08)","(0.48813822865486145, 0.23000890016555786, 0.011593516916036606)","(0.43974432349205017, 0.26505815982818604, 0.019740434363484383)","(0.4093017280101776, 0.33219486474990845, 0.03040471486747265)","(0.3848723769187927, 0.3703553378582001, 0.04187536984682083)","(0.4337678551673889, 0.37406349182128906, -0.0048414901830255985)","(0.3873049020767212, 0.41811975836753845, 0.011979532428085804)","(0.37126922607421875, 0.40638601779937744, 0.029901407659053802)","(0.3662617802619934, 0.3910464942455292, 0.042590104043483734)","(0.4606058597564697, 0.4305185079574585, -0.0022865538485348225)","(0.40350645780563354, 0.47177502512931824, 0.014918993227183819)","(0.4017154574394226, 0.4312029182910919, 0.02930823527276516)","(0.4128153324127197, 0.4012756645679474, 0.03855441138148308)","(0.4889849126338959, 0.4596264958381653, 0.004894184414297342)","(0.4449930489063263, 0.4951222836971283, 0.020266879349946976)","(0.4445267915725708, 0.44778573513031006, 0.030100630596280098)","(0.4563787281513214, 0.41629669070243835, 0.03471061959862709)","(0.5167606472969055, 0.46971362829208374, 0.014615192078053951)","(0.48123699426651, 0.5364287495613098, 0.028406133875250816)","(0.4719200134277344, 0.5049134492874146, 0.04072558879852295)","(0.47429409623146057, 0.47022753953933716, 0.04950536787509918)",Release
2744,"(0.5583512783050537, 0.2524259388446808, 3.92344325916838e-08)","(0.49223434925079346, 0.2324158400297165, 0.007448993157595396)","(0.4431439936161041, 0.2695627212524414, 0.01303197257220745)","(0.41244155168533325, 0.3382720649242401, 0.020585602149367332)","(0.3869774341583252, 0.3771733045578003, 0.028616871684789658)","(0.43676260113716125, 0.38062846660614014, -0.004597944673150778)","(0.39083796739578247, 0.426279753446579, 0.007020235992968082)","(0.3739645481109619, 0.4131331145763397, 0.019227270036935806)","(0.3677469789981842, 0.3967391848564148, 0.028166018426418304)","(0.46339404582977295, 0.43588531017303467, -0.0025491619016975164)","(0.4067712426185608, 0.47658073902130127, 0.011208049021661282)","(0.40529805421829224, 0.43454408645629883, 0.021558251231908798)","(0.41687849164009094, 0.402455598115921, 0.027990706264972687)","(0.4919204115867615, 0.4644467830657959, 0.003040366806089878)","(0.44807055592536926, 0.4990120828151703, 0.01409399788826704)","(0.44777774810791016, 0.4520491659641266, 0.0207864660769701)","(0.460213303565979, 0.4187515079975128, 0.023799944669008255)","(0.5197601914405823, 0.47507572174072266, 0.010663226246833801)","(0.4851047396659851, 0.542868971824646, 0.019536221399903297)","(0.47602352499961853, 0.5101165771484375, 0.029225768521428108)","(0.4789259433746338, 0.4725640118122101, 0.036690838634967804)",Release
2745,"(0.5627351999282837, 0.25329506397247314, 5.0600796441813145e-08)","(0.496404767036438, 0.23547962307929993, 0.005948894191533327)","(0.44681498408317566, 0.2742939889431, 0.010662141256034374)","(0.41600191593170166, 0.3449346125125885, 0.017760062590241432)","(0.38971954584121704, 0.38383418321609497, 0.02553231082856655)","(0.44137972593307495, 0.38498613238334656, -0.006155205890536308)","(0.39526987075805664, 0.4347328841686249, 0.00529114156961441)","(0.37829074263572693, 0.42150190472602844, 0.017699552699923515)","(0.3720513582229614, 0.4041477143764496, 0.026770204305648804)","(0.46814867854118347, 0.4400418996810913, -0.00336019741371274)","(0.41162604093551636, 0.4828914403915405, 0.010322737507522106)","(0.4097978472709656, 0.44163456559181213, 0.02090124785900116)","(0.42082926630973816, 0.4095376133918762, 0.027404343709349632)","(0.49653059244155884, 0.4692003130912781, 0.0028835241682827473)","(0.4527965784072876, 0.5041530132293701, 0.014237107709050179)","(0.45230528712272644, 0.45805537700653076, 0.021359479054808617)","(0.4645933508872986, 0.42460858821868896, 0.02439896948635578)","(0.5243995785713196, 0.4812096059322357, 0.010957909747958183)","(0.4898116886615753, 0.5456830263137817, 0.019891442731022835)","(0.4819202721118927, 0.5121451020240784, 0.0295576024800539)","(0.4857563376426697, 0.47501057386398315, 0.03690274804830551)",Release
2746,"(0.5675063729286194, 0.2599094808101654, 4.231630512663287e-08)","(0.50152987241745, 0.24150340259075165, 0.00569178769364953)","(0.4516245424747467, 0.2785883843898773, 0.00960869062691927)","(0.42088958621025085, 0.351215124130249, 0.015641629695892334)","(0.3936835527420044, 0.3905792832374573, 0.022196462377905846)","(0.4465818405151367, 0.3896946907043457, -0.007079150527715683)","(0.4008674621582031, 0.4437457323074341, 0.002751178340986371)","(0.38335394859313965, 0.4314033091068268, 0.013927333988249302)","(0.3764757513999939, 0.41400226950645447, 0.022336680442094803)","(0.4727868437767029, 0.44490259885787964, -0.004681620746850967)","(0.41649922728538513, 0.48900413513183594, 0.00834607519209385)","(0.4143834710121155, 0.44954636693000793, 0.018566805869340897)","(0.4254074990749359, 0.41792285442352295, 0.02469581365585327)","(0.5007297396659851, 0.47391292452812195, 0.0010341362794861197)","(0.45571646094322205, 0.5077743530273438, 0.011365538462996483)","(0.4547680914402008, 0.4635283946990967, 0.018046678975224495)","(0.4671659767627716, 0.4300680458545685, 0.020906347781419754)","(0.528693437576294, 0.48624324798583984, 0.008590011857450008)","(0.4951709806919098, 0.5517652034759521, 0.01659850962460041)","(0.4859998822212219, 0.5196492671966553, 0.025763923302292824)","(0.48900625109672546, 0.48139703273773193, 0.032914578914642334)",Reach
2747,"(0.5751178860664368, 0.26572203636169434, 6.739742985928387e-08)","(0.507598876953125, 0.24918010830879211, 0.0036271747667342424)","(0.45711833238601685, 0.2881503105163574, 0.006635237485170364)","(0.4256378412246704, 0.36235398054122925, 0.012378205545246601)","(0.3970387578010559, 0.3987221121788025, 0.018943263217806816)","(0.4548848867416382, 0.400059312582016, -0.010663200169801712)","(0.40659356117248535, 0.45327112078666687, -0.00014220642333384603)","(0.3886410892009735, 0.43772298097610474, 0.012097934260964394)","(0.38221678137779236, 0.4177407920360565, 0.021178074181079865)","(0.4807448983192444, 0.4552568197250366, -0.006903372704982758)","(0.422416627407074, 0.49358198046684265, 0.006986577995121479)","(0.4181864261627197, 0.45498237013816833, 0.017083989456295967)","(0.4281049370765686, 0.4245961606502533, 0.022648099809885025)","(0.5075756907463074, 0.484454870223999, 0.00031383184250444174)","(0.4604029059410095, 0.5112274885177612, 0.011963020078837872)","(0.459130197763443, 0.4671878218650818, 0.018032291904091835)","(0.4718727767467499, 0.43340417742729187, 0.01990663632750511)","(0.5342081785202026, 0.4973035454750061, 0.009172874502837658)","(0.501156747341156, 0.5571825504302979, 0.01761089637875557)","(0.4918188452720642, 0.5253298878669739, 0.025793351233005524)","(0.494708389043808, 0.487021803855896, 0.03210405632853508)",Reach
2748,"(0.5806228518486023, 0.27283960580825806, 7.806477952954083e-08)","(0.5130307674407959, 0.25599294900894165, 0.0016757120611146092)","(0.4609226882457733, 0.29625260829925537, 0.002959571313112974)","(0.42953094840049744, 0.3719387948513031, 0.007315537426620722)","(0.40147751569747925, 0.41154944896698, 0.012316945940256119)","(0.4601854383945465, 0.4103182554244995, -0.016408823430538177)","(0.4110078811645508, 0.4625573456287384, -0.007574073038995266)","(0.39209115505218506, 0.4477587938308716, 0.004199516493827105)","(0.3846502900123596, 0.4283997416496277, 0.013007059693336487)","(0.48736757040023804, 0.46472907066345215, -0.01276272814720869)","(0.4278486967086792, 0.5039891004562378, -0.00013234243670012802)","(0.42381933331489563, 0.4647459089756012, 0.010423013009130955)","(0.4336772859096527, 0.4342898428440094, 0.016128886491060257)","(0.5149866938591003, 0.4937668442726135, -0.0056349001824855804)","(0.4666222333908081, 0.5190896987915039, 0.00489674462005496)","(0.4654468894004822, 0.4742071330547333, 0.011780389584600925)","(0.4782857894897461, 0.4406844675540924, 0.01396866049617529)","(0.5420385003089905, 0.5067679286003113, 0.002942335791885853)","(0.5069780945777893, 0.5653607845306396, 0.01043850090354681)","(0.4980834424495697, 0.5321130156517029, 0.01900799758732319)","(0.5015894174575806, 0.49428030848503113, 0.025367561727762222)",Reach
2749,"(0.5876186490058899, 0.2792643904685974, 8.947594665187353e-08)","(0.5199869275093079, 0.26257678866386414, 0.0015407437458634377)","(0.4687357246875763, 0.3041665554046631, 0.0025849861558526754)","(0.43708336353302, 0.3798721134662628, 0.006841394584625959)","(0.407964289188385, 0.4181474447250366, 0.011712195351719856)","(0.46840211749076843, 0.41666609048843384, -0.01727098412811756)","(0.4176292419433594, 0.47044768929481506, -0.009272302500903606)","(0.39765632152557373, 0.45788976550102234, 0.001739462255500257)","(0.3889233469963074, 0.4414922893047333, 0.00997568666934967)","(0.4954066276550293, 0.472145676612854, -0.013466783799231052)","(0.4346020817756653, 0.5128365755081177, -0.0015312840696424246)","(0.4304278492927551, 0.4743582606315613, 0.009119848720729351)","(0.4403095245361328, 0.4440489411354065, 0.014941521920263767)","(0.522890567779541, 0.5025609731674194, -0.006217144895344973)","(0.4730428159236908, 0.5285944938659668, 0.003581227967515588)","(0.47228342294692993, 0.48501771688461304, 0.010889244265854359)","(0.48526227474212646, 0.45201101899147034, 0.013516534119844437)","(0.5494768023490906, 0.5166659355163574, 0.002511930651962757)","(0.5129378437995911, 0.5732324719429016, 0.009833049960434437)","(0.5045373439788818, 0.5403825640678406, 0.01875065639615059)","(0.508224368095398, 0.5036849975585938, 0.025367962196469307)",Reach
2750,"(0.5950798392295837, 0.2834091782569885, 1.1904710817134401e-07)","(0.5266715288162231, 0.26693853735923767, 0.0003167518007103354)","(0.47566577792167664, 0.3100389838218689, 0.00044959955266676843)","(0.4424698054790497, 0.38433384895324707, 0.0038870153948664665)","(0.413385808467865, 0.42548608779907227, 0.007860023528337479)","(0.47445380687713623, 0.4261009991168976, -0.017099207267165184)","(0.4248889982700348, 0.47595638036727905, -0.00956834014505148)","(0.40485280752182007, 0.46658504009246826, 8.197168062906712e-05)","(0.39516255259513855, 0.45412611961364746, 0.006957906298339367)","(0.5029997825622559, 0.48100194334983826, -0.013710912317037582)","(0.44303715229034424, 0.5234552621841431, -0.0023435791954398155)","(0.4375922679901123, 0.486646443605423, 0.0076325275003910065)","(0.44627639651298523, 0.4575897753238678, 0.01281428150832653)","(0.5324032306671143, 0.5102953314781189, -0.0071134925819933414)","(0.48364773392677307, 0.5440713167190552, 0.0019400569144636393)","(0.4811513423919678, 0.5020400285720825, 0.009236445650458336)","(0.4925571084022522, 0.469389945268631, 0.0117442412301898)","(0.5601149797439575, 0.5223034620285034, 0.0007872206624597311)","(0.5220665335655212, 0.5831845998764038, 0.007059156894683838)","(0.513503909111023, 0.5504174828529358, 0.01630697026848793)","(0.5170994400978088, 0.514338493347168, 0.023141637444496155)",Reach
2751,"(0.6011967658996582, 0.2860519289970398, 1.6458146490094805e-07)","(0.532092809677124, 0.2732495069503784, -0.00018328212900087237)","(0.4810541272163391, 0.3186091482639313, -0.001147620496340096)","(0.4462957978248596, 0.3937475085258484, 0.0016473022988066077)","(0.4153432548046112, 0.43387460708618164, 0.005242900922894478)","(0.48242732882499695, 0.4345245361328125, -0.020050344988703728)","(0.43126752972602844, 0.48563051223754883, -0.012050696648657322)","(0.4106566309928894, 0.47623130679130554, -0.0008675245335325599)","(0.40136435627937317, 0.46292799711227417, 0.007198995910584927)","(0.5123372673988342, 0.4884145259857178, -0.01631293073296547)","(0.4492984414100647, 0.534758985042572, -0.005353138782083988)","(0.4409903883934021, 0.49767792224884033, 0.005956246517598629)","(0.44820207357406616, 0.4679562449455261, 0.012436315417289734)","(0.5423584580421448, 0.5159099102020264, -0.00910766888409853)","(0.4917042851448059, 0.5604291558265686, 0.0007882053032517433)","(0.4852535128593445, 0.5189337134361267, 0.00990575086325407)","(0.4944646656513214, 0.4847925901412964, 0.013452841900289059)","(0.5706254243850708, 0.5245331525802612, -0.0006364769651554525)","(0.530862033367157, 0.5897207260131836, 0.006323313806205988)","(0.5204046368598938, 0.5585440993309021, 0.016556231305003166)","(0.5230644941329956, 0.5240334272384644, 0.024047577753663063)",Reach
2752,"(0.6079041361808777, 0.29146894812583923, 1.689035684648843e-07)","(0.5386368036270142, 0.2790127694606781, -0.0022094782907515764)","(0.4879383146762848, 0.3248342275619507, -0.005198486149311066)","(0.45234304666519165, 0.4010694622993469, -0.004364061634987593)","(0.4188650846481323, 0.4409632384777069, -0.002704667393118143)","(0.4902660548686981, 0.4389324188232422, -0.022918934002518654)","(0.4390559494495392, 0.49591055512428284, -0.018475890159606934)","(0.41795042157173157, 0.48839497566223145, -0.009270050562918186)","(0.40853428840637207, 0.47488415241241455, -0.0020783713553100824)","(0.5204145908355713, 0.49284183979034424, -0.019173042848706245)","(0.4553722143173218, 0.5448758602142334, -0.012298770248889923)","(0.44582509994506836, 0.5072066783905029, -0.0023034214973449707)","(0.4522818922996521, 0.47450193762779236, 0.004174065310508013)","(0.5504313707351685, 0.521147608757019, -0.012260223738849163)","(0.4990527927875519, 0.5693628191947937, -0.00590911041945219)","(0.4915832579135895, 0.5285791158676147, 0.002781133633106947)","(0.499514639377594, 0.4931158423423767, 0.007015595678240061)","(0.5784821510314941, 0.5302964448928833, -0.004197651986032724)","(0.5382487773895264, 0.5976402759552002, 0.0006918594008311629)","(0.5258209109306335, 0.567699670791626, 0.010562783107161522)","(0.5261427760124207, 0.5334950685501099, 0.01827445812523365)",Reach
2753,"(0.6142080426216125, 0.294806569814682, 1.6571911487517355e-07)","(0.5435521602630615, 0.2869390845298767, 0.0012328897137194872)","(0.4931815266609192, 0.3341197073459625, 0.0005105062737129629)","(0.4575938284397125, 0.40878379344940186, 0.0036250969860702753)","(0.42515498399734497, 0.44698506593704224, 0.0077635194174945354)","(0.49656736850738525, 0.44683733582496643, -0.021116681396961212)","(0.4445323050022125, 0.5031284689903259, -0.012845750898122787)","(0.423714280128479, 0.4966457188129425, -0.0005437876679934561)","(0.41446876525878906, 0.483883261680603, 0.008443603292107582)","(0.5279607772827148, 0.49994993209838867, -0.017524387687444687)","(0.4630533456802368, 0.5518316030502319, -0.007067488506436348)","(0.45280200242996216, 0.5163285136222839, 0.004685995634645224)","(0.4580881893634796, 0.4849255084991455, 0.011699956841766834)","(0.558718204498291, 0.526740312576294, -0.010052861645817757)","(0.5080298781394958, 0.5735869407653809, 0.0004619054088834673)","(0.5008963942527771, 0.5340450406074524, 0.010241472162306309)","(0.508873462677002, 0.4996439218521118, 0.014251370914280415)","(0.5868715643882751, 0.534247875213623, -0.0011820950312539935)","(0.5482193827629089, 0.6039559245109558, 0.007458137348294258)","(0.5364686846733093, 0.5766869783401489, 0.018434608355164528)","(0.5366049408912659, 0.5430997014045715, 0.026347437873482704)",Reach
2754,"(0.6195823550224304, 0.2985893487930298, 1.6182585227397794e-07)","(0.5478208065032959, 0.293636292219162, 0.0023943502455949783)","(0.4975760877132416, 0.34298503398895264, 0.002535248873755336)","(0.4632229804992676, 0.4188222289085388, 0.006538493558764458)","(0.4301255941390991, 0.45427951216697693, 0.011553562246263027)","(0.5028778910636902, 0.4553154706954956, -0.02006608620285988)","(0.449471116065979, 0.5105902552604675, -0.010407259687781334)","(0.4291325807571411, 0.5042883157730103, 0.0026269983500242233)","(0.41987353563308716, 0.49333518743515015, 0.011764314956963062)","(0.534338116645813, 0.5087856650352478, -0.016518056392669678)","(0.46909111738204956, 0.5580436587333679, -0.004566864110529423)","(0.4586184322834015, 0.5229077339172363, 0.007538747973740101)","(0.4630538821220398, 0.4932345747947693, 0.01436745747923851)","(0.5647139549255371, 0.5356642603874207, -0.008923384360969067)","(0.5127394199371338, 0.5809910297393799, 0.003156558144837618)","(0.5035779476165771, 0.5433233380317688, 0.012530434876680374)","(0.5099420547485352, 0.5106260776519775, 0.01572239398956299)","(0.5928673148155212, 0.543343186378479, 0.00017389599815942347)","(0.5542433261871338, 0.6125028729438782, 0.009591120295226574)","(0.5410477519035339, 0.5861262679100037, 0.020077595487236977)","(0.5400398373603821, 0.5533435344696045, 0.027409669011831284)",Reach
2755,"(0.6258082985877991, 0.3025122284889221, 1.276819148188224e-07)","(0.5528243184089661, 0.30205070972442627, 0.004566282033920288)","(0.5012911558151245, 0.3540997803211212, 0.005749343894422054)","(0.46704959869384766, 0.4290156960487366, 0.0104057053104043)","(0.43405836820602417, 0.46235838532447815, 0.015896255150437355)","(0.50833660364151, 0.46279045939445496, -0.01910756342113018)","(0.4554489850997925, 0.5182235836982727, -0.010019064880907536)","(0.43526792526245117, 0.5127933025360107, 0.0022641627583652735)","(0.4254276752471924, 0.5026675462722778, 0.01100150402635336)","(0.5406691431999207, 0.5142495632171631, -0.016530057415366173)","(0.4754330515861511, 0.5658358931541443, -0.004917085636407137)","(0.46552956104278564, 0.5296063423156738, 0.007164045237004757)","(0.47025424242019653, 0.4988546669483185, 0.014124236069619656)","(0.5714078545570374, 0.5409297943115234, -0.009747197851538658)","(0.5182827115058899, 0.5837668776512146, 0.0017930739559233189)","(0.5097616910934448, 0.5430728197097778, 0.01098733302205801)","(0.5165925025939941, 0.508869469165802, 0.014376950450241566)","(0.5999503135681152, 0.5496687889099121, -0.0012219755444675684)","(0.5608857870101929, 0.6200423240661621, 0.008363320492208004)","(0.5476477146148682, 0.5913919806480408, 0.019183628261089325)","(0.5465768575668335, 0.5567964911460876, 0.026767166331410408)",Reach
2756,"(0.6318193078041077, 0.3066191077232361, 1.5544033260539436e-07)","(0.5582076907157898, 0.30759552121162415, 0.0017595136305317283)","(0.5067691802978516, 0.36105695366859436, 0.001453378121368587)","(0.472248911857605, 0.4372307360172272, 0.004581002984195948)","(0.43905535340309143, 0.4718301594257355, 0.008434542454779148)","(0.5149725079536438, 0.4698353409767151, -0.020679596811532974)","(0.46188127994537354, 0.5238595604896545, -0.013942034915089607)","(0.4410628080368042, 0.5197715759277344, -0.00346472323872149)","(0.43074357509613037, 0.5098363757133484, 0.004253849852830172)","(0.5472163558006287, 0.5209120512008667, -0.017958039417862892)","(0.48181861639022827, 0.5745840668678284, -0.009209861978888512)","(0.4695177376270294, 0.5409318208694458, 0.0008065315196290612)","(0.47241395711898804, 0.5096098184585571, 0.006825873628258705)","(0.5781117081642151, 0.5474081039428711, -0.011495529673993587)","(0.5241617560386658, 0.5868978500366211, -0.003060021670535207)","(0.5151674747467041, 0.5467854738235474, 0.004359295591711998)","(0.5220418572425842, 0.5110350847244263, 0.0074287825264036655)","(0.6066868305206299, 0.5564438104629517, -0.0035378800239413977)","(0.5690428018569946, 0.6258283257484436, 0.003509743371978402)","(0.5540897250175476, 0.5995365381240845, 0.012687187641859055)","(0.5513426065444946, 0.5642117261886597, 0.01964624971151352)",Reach
2757,"(0.6382841467857361, 0.30886441469192505, 1.4514070301174797e-07)","(0.5640720129013062, 0.30966001749038696, 0.0012202814687043428)","(0.5133762955665588, 0.3654962182044983, 0.0011262439657002687)","(0.47875234484672546, 0.44296956062316895, 0.0046226163394749165)","(0.4446265399456024, 0.4781905710697174, 0.008847538381814957)","(0.5212663412094116, 0.4772425889968872, -0.02109961397945881)","(0.46671751141548157, 0.5316786170005798, -0.013776160776615143)","(0.4454614520072937, 0.5273590683937073, -0.0023792830761522055)","(0.4351710081100464, 0.5175671577453613, 0.006017612759023905)","(0.553849458694458, 0.5277658104896545, -0.01786140538752079)","(0.48655983805656433, 0.5834171772003174, -0.009069833904504776)","(0.4744792878627777, 0.546697199344635, 0.0012374477228149772)","(0.4781143069267273, 0.5129760503768921, 0.007706476841121912)","(0.5850148797035217, 0.5529232025146484, -0.010872864164412022)","(0.5289670825004578, 0.5951086282730103, -0.0031396092381328344)","(0.5189794301986694, 0.5525476932525635, 0.0036314274184405804)","(0.5255422592163086, 0.5147212743759155, 0.006614285986870527)","(0.6140807867050171, 0.5612689256668091, -0.002256070962175727)","(0.5775834321975708, 0.6357545852661133, 0.003636501729488373)","(0.5610705614089966, 0.6081862449645996, 0.011901715770363808)","(0.556911826133728, 0.5698275566101074, 0.0184526015073061)",Reach
2758,"(0.6454777717590332, 0.3140249252319336, 1.6633710231417353e-07)","(0.5710285305976868, 0.3150549530982971, 0.0005743560614064336)","(0.5190004706382751, 0.3704681396484375, 0.000179802838829346)","(0.4845925271511078, 0.4478051960468292, 0.0038116713985800743)","(0.45162731409072876, 0.48711103200912476, 0.008288116194307804)","(0.5285176634788513, 0.4870811998844147, -0.023547284305095673)","(0.472752183675766, 0.5408446788787842, -0.015169515274465084)","(0.45019352436065674, 0.5338436365127563, -0.0024974860716611147)","(0.43870413303375244, 0.5210329294204712, 0.006853992119431496)","(0.5615071058273315, 0.5376482009887695, -0.019571514800190926)","(0.4932798743247986, 0.5924617052078247, -0.009053695015609264)","(0.4793919622898102, 0.5550575852394104, 0.0026364244986325502)","(0.48130476474761963, 0.519765317440033, 0.009695147164165974)","(0.5930522680282593, 0.5612011551856995, -0.011606045998632908)","(0.5363518595695496, 0.6047679781913757, -0.0019918696489185095)","(0.5248784422874451, 0.5617846846580505, 0.006151874084025621)","(0.5302878022193909, 0.5229259133338928, 0.009544868022203445)","(0.6218632459640503, 0.567182719707489, -0.0021393036004155874)","(0.5842461585998535, 0.6415842771530151, 0.005416585132479668)","(0.566586971282959, 0.6150485873222351, 0.014870776794850826)","(0.5618149638175964, 0.5772536396980286, 0.02198377624154091)",Reach
2759,"(0.6529996395111084, 0.31943434476852417, 1.7510033956114057e-07)","(0.5779734253883362, 0.3218696117401123, -0.0005716167506761849)","(0.5249027013778687, 0.3789447844028473, -0.0018194998847320676)","(0.49088674783706665, 0.45894911885261536, 0.00038844620576128364)","(0.45728304982185364, 0.49876171350479126, 0.0031561418436467648)","(0.536846935749054, 0.4981655478477478, -0.020892126485705376)","(0.4810478091239929, 0.5519852042198181, -0.013816826976835728)","(0.4570233225822449, 0.5454052090644836, -0.003662308445200324)","(0.443936824798584, 0.5346752405166626, 0.0035832091234624386)","(0.5698931813240051, 0.5474344491958618, -0.017726775258779526)","(0.5011232495307922, 0.6019028425216675, -0.008066845126450062)","(0.4881334900856018, 0.5646607279777527, 0.0018092211103066802)","(0.4913897216320038, 0.5321399569511414, 0.007461572531610727)","(0.6011639833450317, 0.5691335201263428, -0.01108517311513424)","(0.5447040796279907, 0.6158788204193115, -0.0027252635918557644)","(0.5333293676376343, 0.5741211771965027, 0.004909835290163755)","(0.5390318036079407, 0.5366886258125305, 0.00797527190297842)","(0.6299692988395691, 0.5730847120285034, -0.0031916184816509485)","(0.5919300317764282, 0.6491672992706299, 0.0030170532409101725)","(0.5742675065994263, 0.6224479675292969, 0.012320323847234249)","(0.5702704787254333, 0.5849131345748901, 0.019390609115362167)",Reach
2760,"(0.6594328880310059, 0.32449543476104736, 1.8663492085124744e-07)","(0.5829351544380188, 0.3295647203922272, 0.0004961215890944004)","(0.5297388434410095, 0.3899043798446655, -0.00013092445442453027)","(0.4964759945869446, 0.4710179269313812, 0.0021770321764051914)","(0.4618832468986511, 0.5087384581565857, 0.004826718010008335)","(0.5450429320335388, 0.5077052712440491, -0.017527993768453598)","(0.48924964666366577, 0.5616763830184937, -0.011254502460360527)","(0.4636261463165283, 0.5580695867538452, -0.002841933397576213)","(0.44846275448799133, 0.5498297810554504, 0.003072535851970315)","(0.5780210494995117, 0.5556540489196777, -0.015122862532734871)","(0.5094400644302368, 0.6141969561576843, -0.006369123235344887)","(0.49567994475364685, 0.5787681341171265, 0.002091172616928816)","(0.4981842637062073, 0.5468693971633911, 0.006991502363234758)","(0.6087983250617981, 0.5770519971847534, -0.009396175853908062)","(0.5522692799568176, 0.6251615881919861, -0.002258528955280781)","(0.5405494570732117, 0.5829736590385437, 0.004430274944752455)","(0.5460906624794006, 0.5448116064071655, 0.007349974010139704)","(0.6372238993644714, 0.5814589262008667, -0.0023090841714292765)","(0.5996622443199158, 0.6583884358406067, 0.0032660719007253647)","(0.5821653008460999, 0.6316466927528381, 0.012254150584340096)","(0.5783229470252991, 0.5937873125076294, 0.019308945164084435)",Reach
2761,"(0.6666246652603149, 0.3304661512374878, 2.071225395638976e-07)","(0.5888264775276184, 0.33876651525497437, 0.00021057850972283632)","(0.5362661480903625, 0.4011765122413635, -0.0006727154832333326)","(0.5025953650474548, 0.4810822010040283, 0.0009625599486753345)","(0.4677903652191162, 0.5177609920501709, 0.002865895861759782)","(0.5534815192222595, 0.5188069343566895, -0.01692177541553974)","(0.4972113370895386, 0.5725260376930237, -0.012650363147258759)","(0.4705854058265686, 0.5679373145103455, -0.006389688700437546)","(0.45421600341796875, 0.5572793483734131, -0.0016445028595626354)","(0.5872402191162109, 0.5648357272148132, -0.014870461076498032)","(0.5194939374923706, 0.6250474452972412, -0.006771728862076998)","(0.503181517124176, 0.5933215618133545, 0.0008066206355579197)","(0.5031278133392334, 0.5628473162651062, 0.004958540666848421)","(0.618602454662323, 0.5844002962112427, -0.009821551851928234)","(0.5626527070999146, 0.6336175203323364, -0.0033116014674305916)","(0.5498576760292053, 0.592175304889679, 0.003123318310827017)","(0.5544370412826538, 0.553157389163971, 0.006062260363250971)","(0.6466398239135742, 0.5870292782783508, -0.0035755042918026447)","(0.6093918681144714, 0.6660026907920837, 0.0017894287593662739)","(0.5910854935646057, 0.6410975456237793, 0.010943803004920483)","(0.5865671038627625, 0.6034479737281799, 0.018270574510097504)",Reach
2762,"(0.6732997298240662, 0.33631032705307007, 1.9204880175038852e-07)","(0.5956747531890869, 0.3445277214050293, 0.0003736172802746296)","(0.5434202551841736, 0.41069531440734863, 0.0001526090782135725)","(0.509824275970459, 0.4931633174419403, 0.0029180862475186586)","(0.4744507372379303, 0.5285707712173462, 0.006124416366219521)","(0.5626354813575745, 0.5276163220405579, -0.0197546798735857)","(0.5041307210922241, 0.58487868309021, -0.01436534058302641)","(0.4782980680465698, 0.5814443826675415, -0.005784998647868633)","(0.4632108807563782, 0.5712466239929199, 0.0007144027622416615)","(0.597195565700531, 0.5724247694015503, -0.01694934070110321)","(0.5264616012573242, 0.6370254755020142, -0.00892289076000452)","(0.5110071301460266, 0.6020936965942383, 0.0003630706632975489)","(0.5122167468070984, 0.5693880915641785, 0.006238238885998726)","(0.6284626126289368, 0.5910596251487732, -0.010752493515610695)","(0.5707287192344666, 0.6386185884475708, -0.003925468772649765)","(0.5598539710044861, 0.5947381854057312, 0.003308534622192383)","(0.5664712190628052, 0.55539870262146, 0.007203469518572092)","(0.6560521721839905, 0.5929549932479858, -0.003189284121617675)","(0.6194192171096802, 0.6739017963409424, 0.002864343114197254)","(0.6013178825378418, 0.6486173868179321, 0.012198994867503643)","(0.5967137813568115, 0.6104848980903625, 0.01971307583153248)",Reach
2763,"(0.6794407367706299, 0.34197700023651123, 2.1656303772488172e-07)","(0.6012619137763977, 0.35327357053756714, 0.00040878684376366436)","(0.5492534637451172, 0.41960275173187256, -0.00011080773401772603)","(0.5157179832458496, 0.5025655627250671, 0.0022228271700441837)","(0.4800109565258026, 0.5379051566123962, 0.0050197783857584)","(0.5701796412467957, 0.5389620065689087, -0.018878864124417305)","(0.5137293934822083, 0.5944976806640625, -0.013347652740776539)","(0.48781782388687134, 0.588793933391571, -0.004887854214757681)","(0.47194647789001465, 0.5765601396560669, 0.0014492623740807176)","(0.6048780679702759, 0.5826219916343689, -0.016589751467108727)","(0.5340994596481323, 0.6491149663925171, -0.009163916110992432)","(0.5151481628417969, 0.6150200963020325, -0.00017166916222777218)","(0.513113796710968, 0.5814437866210938, 0.005773859564214945)","(0.636243999004364, 0.5996243357658386, -0.01093204040080309)","(0.5787826776504517, 0.6513444781303406, -0.004043332766741514)","(0.565840482711792, 0.6086726188659668, 0.00390248722396791)","(0.5706413984298706, 0.5684729218482971, 0.008421412669122219)","(0.6640320420265198, 0.5992518067359924, -0.004096540622413158)","(0.6275085210800171, 0.6813265681266785, 0.0024848419707268476)","(0.6085585951805115, 0.6571449637413025, 0.012751556001603603)","(0.6029378771781921, 0.6186267733573914, 0.02102736383676529)",Reach
2764,"(0.6865906119346619, 0.3468850553035736, 2.308264868133847e-07)","(0.6077083349227905, 0.3621472120285034, 0.001260176650248468)","(0.5552917718887329, 0.43152275681495667, 0.0016377221327275038)","(0.5227288007736206, 0.5154598951339722, 0.0042864494025707245)","(0.48734331130981445, 0.5504000782966614, 0.007135317195206881)","(0.5794845819473267, 0.5517379641532898, -0.015093673951923847)","(0.5221740007400513, 0.6066598892211914, -0.00890183262526989)","(0.49601829051971436, 0.6023813486099243, -0.0013256106758490205)","(0.4793888032436371, 0.5919457077980042, 0.0040348065085709095)","(0.6149977445602417, 0.5924991369247437, -0.01339734997600317)","(0.5440187454223633, 0.6579210162162781, -0.004450983367860317)","(0.5227765440940857, 0.6258376240730286, 0.004031529650092125)","(0.5185198783874512, 0.5937685966491699, 0.008913758210837841)","(0.6463520526885986, 0.6059821248054504, -0.00855343323200941)","(0.588498592376709, 0.6596304774284363, -0.00034117617178708315)","(0.57316654920578, 0.6197992563247681, 0.006994827650487423)","(0.576202929019928, 0.5803622007369995, 0.010396793484687805)","(0.6733841300010681, 0.6029912233352661, -0.0026798846665769815)","(0.6364747881889343, 0.6863187551498413, 0.004430321976542473)","(0.6161145567893982, 0.6645399332046509, 0.014172011986374855)","(0.6094186902046204, 0.6269468069076538, 0.0216392632573843)",Reach
2765,"(0.6916135549545288, 0.351510226726532, 2.4833238398969115e-07)","(0.6125077605247498, 0.3704407215118408, 0.0005308562540449202)","(0.5601516962051392, 0.44182103872299194, 0.00017165037570521235)","(0.5274006128311157, 0.5282970666885376, 0.002354478230699897)","(0.4920712113380432, 0.569663405418396, 0.004877264611423016)","(0.5880042314529419, 0.5612185597419739, -0.015295282006263733)","(0.5317913293838501, 0.6185962557792664, -0.008344922214746475)","(0.5052843689918518, 0.614115834236145, -0.0003808798501268029)","(0.48831707239151, 0.6045213937759399, 0.005149409640580416)","(0.6239239573478699, 0.6010342836380005, -0.01299374271184206)","(0.5545793175697327, 0.6675935983657837, -0.0024443306028842926)","(0.5320096015930176, 0.6369116306304932, 0.006526739802211523)","(0.5262201428413391, 0.6064885258674622, 0.011152131482958794)","(0.6554563641548157, 0.6138609647750854, -0.007608932908624411)","(0.5963671207427979, 0.6690211296081543, 0.0021745169069617987)","(0.5787368416786194, 0.6326756477355957, 0.009735217317938805)","(0.5797063708305359, 0.595903217792511, 0.012531514279544353)","(0.6824934482574463, 0.6109272241592407, -0.0012740765232592821)","(0.6448740363121033, 0.6932584643363953, 0.007441658992320299)","(0.6245595216751099, 0.672493577003479, 0.017824599519371986)","(0.6179893016815186, 0.6370484828948975, 0.025222724303603172)",Reach
2766,"(0.6980729103088379, 0.35558557510375977, 2.601049402528588e-07)","(0.6189518570899963, 0.3764030337333679, -0.001635544584132731)","(0.566612720489502, 0.4516334533691406, -0.0033657196909189224)","(0.5343993306159973, 0.5396026968955994, -0.0021526808850467205)","(0.49837732315063477, 0.5797724723815918, -0.0006203582161106169)","(0.5970784425735474, 0.5696616768836975, -0.01972792111337185)","(0.5398129820823669, 0.63016277551651, -0.015374395996332169)","(0.512044370174408, 0.6262305974960327, -0.00878649577498436)","(0.49372464418411255, 0.6164987087249756, -0.004140266217291355)","(0.6337137818336487, 0.6085255146026611, -0.017091957852244377)","(0.5627219080924988, 0.6793519854545593, -0.010060816071927547)","(0.5387527942657471, 0.6465665102005005, -0.0018814153736457229)","(0.5320563912391663, 0.6134929656982422, 0.002872651442885399)","(0.664997935295105, 0.6207240223884583, -0.011450656689703465)","(0.6043633222579956, 0.6807203888893127, -0.004493471700698137)","(0.5852272510528564, 0.6433385610580444, 0.003156549297273159)","(0.5848660469055176, 0.6046203374862671, 0.0066069639287889)","(0.691489040851593, 0.6159336566925049, -0.0049903737381100655)","(0.6528976559638977, 0.6984682083129883, 0.001441293628886342)","(0.6316288709640503, 0.6768437027931213, 0.011332333087921143)","(0.6241974234580994, 0.6410294771194458, 0.01874382235109806)",Reach
2767,"(0.703615665435791, 0.36079248785972595, 2.753826890966593e-07)","(0.6247235536575317, 0.3841300904750824, -0.0008162440499290824)","(0.5735956430435181, 0.4606296718120575, -0.002815771149471402)","(0.5411022901535034, 0.5497745275497437, -0.0019396492280066013)","(0.5039851665496826, 0.5893785357475281, -0.0007405522046610713)","(0.604408860206604, 0.5782557725906372, -0.020076123997569084)","(0.546650230884552, 0.6431280970573425, -0.015745803713798523)","(0.5187397003173828, 0.6392621994018555, -0.008734995499253273)","(0.5006159543991089, 0.6287455558776855, -0.003605804406106472)","(0.6416509747505188, 0.6155461072921753, -0.017671171575784683)","(0.570243239402771, 0.6913048028945923, -0.010606414638459682)","(0.5449926853179932, 0.659376323223114, -0.0017487041186541319)","(0.536996066570282, 0.626128613948822, 0.0035910322330892086)","(0.6731744408607483, 0.6266098618507385, -0.012114248238503933)","(0.612522542476654, 0.6896200180053711, -0.004346703179180622)","(0.5925792455673218, 0.6537026762962341, 0.00424146419391036)","(0.591164767742157, 0.6159883141517639, 0.008198044262826443)","(0.6994243860244751, 0.6207587122917175, -0.005724437069147825)","(0.6603427529335022, 0.7039532661437988, 0.0022310579661279917)","(0.6387887597084045, 0.6844850778579712, 0.013086055405437946)","(0.6307237148284912, 0.6506689786911011, 0.02097986452281475)",Reach
2768,"(0.7078233957290649, 0.3656502962112427, 2.6002749109466095e-07)","(0.6290276050567627, 0.393252968788147, 0.00020713184494525194)","(0.5784775018692017, 0.4697912037372589, -0.0003804081352427602)","(0.5472732782363892, 0.5587550401687622, 0.0023562745191156864)","(0.5119264125823975, 0.5992924571037292, 0.005703649949282408)","(0.6128139495849609, 0.5909832715988159, -0.020019806921482086)","(0.5543606877326965, 0.6541354060173035, -0.012489126063883305)","(0.5267515182495117, 0.6489747762680054, -0.0026060205418616533)","(0.5092355608940125, 0.637459397315979, 0.004390789195895195)","(0.6508233547210693, 0.6264217495918274, -0.01658877730369568)","(0.578975260257721, 0.6997698545455933, -0.006979506462812424)","(0.554451584815979, 0.6656702756881714, 0.0031890873797237873)","(0.5470044612884521, 0.63199383020401, 0.00909037422388792)","(0.6820657253265381, 0.6351850032806396, -0.00948988925665617)","(0.62123703956604, 0.6949223279953003, 0.0008746852399781346)","(0.6027342081069946, 0.6572274565696716, 0.009906945750117302)","(0.6026598811149597, 0.6190903186798096, 0.013660091906785965)","(0.7075358033180237, 0.627960741519928, -0.001384950359351933)","(0.6681995987892151, 0.7088976502418518, 0.009002817794680595)","(0.6478954553604126, 0.6897315979003906, 0.02024972066283226)","(0.6405269503593445, 0.6567044854164124, 0.028022747486829758)",Reach
2769,"(0.7138884663581848, 0.36913174390792847, 2.6795302687787625e-07)","(0.6357512474060059, 0.39740997552871704, -0.00010131474118679762)","(0.5848504900932312, 0.4779244065284729, -4.394740699353861e-06)","(0.5529330968856812, 0.5675761103630066, 0.00317295640707016)","(0.5182380080223083, 0.6079807877540588, 0.0071254814974963665)","(0.622254490852356, 0.6023581027984619, -0.016931353136897087)","(0.5628212690353394, 0.6665453314781189, -0.009992788545787334)","(0.5347919464111328, 0.6601383686065674, -0.0014623402385041118)","(0.5171913504600525, 0.6463409662246704, 0.004593771416693926)","(0.6605727076530457, 0.6362398862838745, -0.013533382676541805)","(0.588472306728363, 0.7084456086158752, -0.004365460015833378)","(0.5620338916778564, 0.6749105453491211, 0.004924999549984932)","(0.5530116558074951, 0.6410996913909912, 0.010370454750955105)","(0.6913113594055176, 0.6428725719451904, -0.0069205742329359055)","(0.6299247741699219, 0.7031673789024353, 0.0031249471940100193)","(0.6087023019790649, 0.6678539514541626, 0.011503349989652634)","(0.6059130430221558, 0.6301020979881287, 0.01492130383849144)","(0.7156590819358826, 0.6337536573410034, 0.0004941732040606439)","(0.6765949726104736, 0.7100158929824829, 0.010615147650241852)","(0.6548721194267273, 0.694062352180481, 0.021087097004055977)","(0.6458956003189087, 0.663776159286499, 0.0283964816480875)",Reach
2770,"(0.7192730903625488, 0.371589720249176, 2.8192033596496913e-07)","(0.6416690945625305, 0.4042283892631531, -0.0016812245594337583)","(0.5910914540290833, 0.48883143067359924, -0.0011693600099533796)","(0.5586724877357483, 0.5788553953170776, 0.0032330395188182592)","(0.524354875087738, 0.6222468018531799, 0.00882847048342228)","(0.6322251558303833, 0.6110201478004456, -0.017801498994231224)","(0.5721457004547119, 0.6780399680137634, -0.009834696538746357)","(0.5436704754829407, 0.6708443760871887, -0.0006143396603874862)","(0.5259159803390503, 0.6562831997871399, 0.005992578342556953)","(0.6712455749511719, 0.6424371004104614, -0.012480941601097584)","(0.5995092988014221, 0.7187448740005493, -0.0018147894879803061)","(0.5716657042503357, 0.6856892704963684, 0.007977941073477268)","(0.5614084601402283, 0.651676595211029, 0.013539421372115612)","(0.701609194278717, 0.6465581059455872, -0.003977683838456869)","(0.6402693390846252, 0.7086326479911804, 0.007944697514176369)","(0.6182349920272827, 0.673689603805542, 0.01635151170194149)","(0.6147741079330444, 0.6361292600631714, 0.019389396533370018)","(0.7248775362968445, 0.6360518336296082, 0.005167851690202951)","(0.6857141256332397, 0.7117149829864502, 0.016672488301992416)","(0.6637692451477051, 0.6967332363128662, 0.026988254860043526)","(0.6543506383895874, 0.6678894758224487, 0.03390694782137871)",Reach
2771,"(0.7243047952651978, 0.3761228322982788, 3.0592147481911525e-07)","(0.6479890942573547, 0.4121611714363098, -0.005242499057203531)","(0.5980159044265747, 0.49821147322654724, -0.006347107235342264)","(0.5675447583198547, 0.5893006920814514, -0.003115812549367547)","(0.533531665802002, 0.6341297626495361, 0.0013219051761552691)","(0.6452770829200745, 0.6232593655586243, -0.0203191377222538)","(0.5836011171340942, 0.6913204193115234, -0.014178816229104996)","(0.5538007616996765, 0.6832792162895203, -0.006628662347793579)","(0.5352346301078796, 0.6691473722457886, -0.0010849046520888805)","(0.684700608253479, 0.6511557102203369, -0.013875394128262997)","(0.611616849899292, 0.7296831607818604, -0.004618423990905285)","(0.5816347002983093, 0.6971940994262695, 0.0043488373048603535)","(0.5699682235717773, 0.6629982590675354, 0.00940985232591629)","(0.7140324115753174, 0.6515012979507446, -0.004699253011494875)","(0.6518462896347046, 0.7176718711853027, 0.005745151545852423)","(0.6268926858901978, 0.6849275231361389, 0.013618932105600834)","(0.6209331750869751, 0.6481063961982727, 0.016405688598752022)","(0.7356824278831482, 0.6381077170372009, 0.004743375349789858)","(0.6959989666938782, 0.7145950198173523, 0.014476132579147816)","(0.6727940440177917, 0.6999959945678711, 0.024076201021671295)","(0.6625194549560547, 0.6717262268066406, 0.03061269037425518)",Reach
2772,"(0.7315856218338013, 0.37620294094085693, 3.3316194958388223e-07)","(0.6554178595542908, 0.4163827896118164, -0.007711164653301239)","(0.6055304408073425, 0.5072245597839355, -0.00880422443151474)","(0.5746687650680542, 0.5973578095436096, -0.005096994340419769)","(0.540347695350647, 0.6405626535415649, 0.0003081132599618286)","(0.6577818989753723, 0.6313919425010681, -0.018557732924818993)","(0.5973368287086487, 0.7007390856742859, -0.014176099561154842)","(0.5653471946716309, 0.6925033330917358, -0.00875147432088852)","(0.5441816449165344, 0.6766206622123718, -0.004459735471755266)","(0.6972566843032837, 0.6575504541397095, -0.011177537962794304)","(0.6253216862678528, 0.7426390051841736, -0.004792866297066212)","(0.5928784608840942, 0.7092922925949097, 0.0023252193350344896)","(0.5790547728538513, 0.6715710759162903, 0.007362091448158026)","(0.7257256507873535, 0.6564865708351135, -0.0016127071576192975)","(0.6642506122589111, 0.7238260507583618, 0.007082788273692131)","(0.6379876136779785, 0.6902461051940918, 0.014277885667979717)","(0.6308944225311279, 0.6527026891708374, 0.017698803916573524)","(0.7458067536354065, 0.641486406326294, 0.007841775193810463)","(0.7060924768447876, 0.7132294178009033, 0.016979016363620758)","(0.6827493906021118, 0.6987774968147278, 0.026270095258951187)","(0.6719719171524048, 0.6719170808792114, 0.033144187182188034)",Reach
2773,"(0.7379066348075867, 0.3769870400428772, 3.134609585231374e-07)","(0.6605413556098938, 0.4204116463661194, -0.006554179359227419)","(0.6124958992004395, 0.5176074504852295, -0.006322668865323067)","(0.5820351839065552, 0.6102021336555481, -0.0010827777441591024)","(0.5479276776313782, 0.6511181592941284, 0.006013588979840279)","(0.668859601020813, 0.6364309787750244, -0.019303537905216217)","(0.606453537940979, 0.7114223837852478, -0.01441138330847025)","(0.5731645226478577, 0.7000851631164551, -0.007953436113893986)","(0.5513899922370911, 0.6812145709991455, -0.002849329961463809)","(0.7095118761062622, 0.660538911819458, -0.011386909522116184)","(0.6359160542488098, 0.7511907815933228, -0.004452364519238472)","(0.6026557087898254, 0.7148210406303406, 0.003805370070040226)","(0.588649570941925, 0.6752109527587891, 0.009687262587249279)","(0.7377360463142395, 0.6573047637939453, -0.0009714697953313589)","(0.677300214767456, 0.7316100597381592, 0.009318322874605656)","(0.6490920782089233, 0.6992454528808594, 0.01754837855696678)","(0.640000581741333, 0.6615314483642578, 0.021277379244565964)","(0.7567787170410156, 0.6394956111907959, 0.00939683523029089)","(0.7177289724349976, 0.712425172328949, 0.02034260891377926)","(0.6944535374641418, 0.6982795596122742, 0.030171172693371773)","(0.683590829372406, 0.6715277433395386, 0.03699531406164169)",Reach
2774,"(0.7451462149620056, 0.37709200382232666, 3.800873855652753e-07)","(0.6677948832511902, 0.42591381072998047, -0.011493617668747902)","(0.6210519671440125, 0.5273789763450623, -0.012003281153738499)","(0.5906397104263306, 0.6239720582962036, -0.006498640403151512)","(0.5555148124694824, 0.6650100946426392, 0.0013404600322246552)","(0.6856580972671509, 0.6449276804924011, -0.019239621236920357)","(0.6211835741996765, 0.7219119071960449, -0.014427595771849155)","(0.5861709713935852, 0.7116957306861877, -0.009378802962601185)","(0.5626953840255737, 0.6943961381912231, -0.005272987764328718)","(0.7258739471435547, 0.6648780703544617, -0.008141293190419674)","(0.6533225178718567, 0.7588425874710083, -0.0011537711834535003)","(0.6169831156730652, 0.7277861833572388, 0.006016748957335949)","(0.5991466641426086, 0.6920618414878845, 0.011271337047219276)","(0.7518447041511536, 0.6576458215713501, 0.004830994177609682)","(0.693865180015564, 0.7349715828895569, 0.015525604598224163)","(0.6636912822723389, 0.7096759676933289, 0.02233767695724964)","(0.6514058709144592, 0.6762014031410217, 0.025255896151065826)","(0.7680937647819519, 0.6381598114967346, 0.017180878669023514)","(0.7299098968505859, 0.7075618505477905, 0.02856452763080597)","(0.7059475183486938, 0.6979484558105469, 0.03727147728204727)","(0.6930860877037048, 0.6754900813102722, 0.043366435915231705)",Reach
2775,"(0.7538759112358093, 0.3730480670928955, 4.3971809304821363e-07)","(0.6784003973007202, 0.42539411783218384, -0.02007317915558815)","(0.6328116059303284, 0.5324703454971313, -0.02402537874877453)","(0.6015843749046326, 0.6324231624603271, -0.02057364024221897)","(0.5654703378677368, 0.6838945150375366, -0.014445174485445023)","(0.7047454714775085, 0.6515217423439026, -0.022445976734161377)","(0.6368897557258606, 0.7313070297241211, -0.019915662705898285)","(0.5988385677337646, 0.7235397100448608, -0.017998451367020607)","(0.5725607872009277, 0.7086867690086365, -0.016195207834243774)","(0.7439701557159424, 0.668060839176178, -0.007867545820772648)","(0.6700654029846191, 0.7630784511566162, -0.003047262318432331)","(0.6289510726928711, 0.7347613573074341, 0.00143907789606601)","(0.6058675646781921, 0.6988426446914673, 0.004959441721439362)","(0.7672881484031677, 0.6567177772521973, 0.007476617582142353)","(0.7077329158782959, 0.7367233037948608, 0.01559948455542326)","(0.6727730631828308, 0.7169108986854553, 0.019991133362054825)","(0.6546470522880554, 0.6858710646629333, 0.021539142355322838)","(0.7800007462501526, 0.6336880326271057, 0.021375713869929314)","(0.740992546081543, 0.7000850439071655, 0.02898600697517395)","(0.7128037810325623, 0.6942604184150696, 0.03473404422402382)","(0.6949216723442078, 0.6751248836517334, 0.03919212147593498)",Reach
2776,"(0.7620730400085449, 0.365039587020874, 4.775976663040638e-07)","(0.6898231506347656, 0.4263058304786682, -0.026040559634566307)","(0.6467472314834595, 0.5382788181304932, -0.03485177829861641)","(0.6139119863510132, 0.6394639611244202, -0.03636459633708)","(0.5756843090057373, 0.6942841410636902, -0.0352027527987957)","(0.7248977422714233, 0.649006187915802, -0.02775309421122074)","(0.6576862335205078, 0.7384669184684753, -0.031967587769031525)","(0.615574061870575, 0.7334868311882019, -0.035004112869501114)","(0.5862062573432922, 0.7194328308105469, -0.03638274595141411)","(0.7637055516242981, 0.6641982197761536, -0.013351066038012505)","(0.6912488341331482, 0.7661936283111572, -0.014433342963457108)","(0.6473190188407898, 0.7396997213363647, -0.012735558673739433)","(0.6218813061714172, 0.7037939429283142, -0.010964191518723965)","(0.7850369215011597, 0.6526457071304321, 0.0006376553792506456)","(0.7235373258590698, 0.7413444519042969, 0.0024981291498988867)","(0.6839438080787659, 0.725918173789978, 0.005186968483030796)","(0.6603841781616211, 0.6972277164459229, 0.006105014588683844)","(0.7941516637802124, 0.6286115050315857, 0.012456506490707397)","(0.7506841421127319, 0.6961498260498047, 0.013234292156994343)","(0.7181179523468018, 0.692741870880127, 0.01608414761722088)","(0.696815013885498, 0.6770318150520325, 0.01906302385032177)",Reach
2777,"(0.7700660228729248, 0.3595544695854187, 5.274197292237659e-07)","(0.6994988322257996, 0.4266057014465332, -0.036517493426799774)","(0.6626147031784058, 0.5433336496353149, -0.04792072996497154)","(0.6317236423492432, 0.6455284357070923, -0.049085989594459534)","(0.5925115942955017, 0.6986676454544067, -0.04682999476790428)","(0.7517750263214111, 0.6444908976554871, -0.03960299864411354)","(0.6833750009536743, 0.7409670352935791, -0.04443761706352234)","(0.6366514563560486, 0.74178147315979, -0.046892017126083374)","(0.6043189167976379, 0.7320343255996704, -0.04769162833690643)","(0.787858784198761, 0.6595348715782166, -0.018160546198487282)","(0.7147473096847534, 0.7688583731651306, -0.02177894115447998)","(0.6675861477851868, 0.7456306219100952, -0.020664744079113007)","(0.6406199336051941, 0.7122679948806763, -0.018479332327842712)","(0.8035818338394165, 0.65128493309021, 0.002715170383453369)","(0.7413813471794128, 0.7468317151069641, 0.0021850764751434326)","(0.7007613182067871, 0.7341773509979248, 0.002712197368964553)","(0.6766098141670227, 0.7076422572135925, 0.0030327276326715946)","(0.8059937953948975, 0.63142329454422, 0.020791471004486084)","(0.7592478394508362, 0.6987702250480652, 0.018737558275461197)","(0.725640594959259, 0.6967983245849609, 0.018287988379597664)","(0.703707754611969, 0.6820598840713501, 0.019524039700627327)",Reach
2778,"(0.7821690440177917, 0.3479827642440796, 5.152771223038144e-07)","(0.7134814858436584, 0.41864013671875, -0.04687393829226494)","(0.6801780462265015, 0.5412320494651794, -0.06144242733716965)","(0.650191068649292, 0.6487420797348022, -0.06381843984127045)","(0.6101921796798706, 0.7078255414962769, -0.062298376113176346)","(0.7778925895690918, 0.638796865940094, -0.046274520456790924)","(0.7077845335006714, 0.7415769100189209, -0.0537855327129364)","(0.6563184857368469, 0.7457894682884216, -0.058272507041692734)","(0.6214133501052856, 0.7390964031219482, -0.06020882725715637)","(0.8115313053131104, 0.6517795920372009, -0.02005135267972946)","(0.7376348376274109, 0.7648319005966187, -0.02748793363571167)","(0.6874791383743286, 0.7385622262954712, -0.028078537434339523)","(0.6601933240890503, 0.7012461423873901, -0.026031550019979477)","(0.8236797451972961, 0.6437340974807739, 0.004589879419654608)","(0.7611309289932251, 0.7428797483444214, -0.0012366501614451408)","(0.718986451625824, 0.7257484793663025, -0.0023723053745925426)","(0.6943312287330627, 0.694108247756958, -0.0012216034810990095)","(0.8218099474906921, 0.6249635219573975, 0.02576635032892227)","(0.775597333908081, 0.6970983743667603, 0.018682315945625305)","(0.740860641002655, 0.6935391426086426, 0.01610216312110424)","(0.718299388885498, 0.6766611337661743, 0.0172246266156435)",Reach
2779,"(0.7939833402633667, 0.32871386408805847, 5.094836410535208e-07)","(0.7313635349273682, 0.4042772650718689, -0.05087140575051308)","(0.7028115391731262, 0.5346777439117432, -0.06610909104347229)","(0.6729366779327393, 0.6493393778800964, -0.06893784552812576)","(0.6354478001594543, 0.7204182744026184, -0.06730028986930847)","(0.8099702596664429, 0.6213550567626953, -0.046177010983228683)","(0.7387454509735107, 0.737911581993103, -0.05692187696695328)","(0.6829861402511597, 0.7454766035079956, -0.06346071511507034)","(0.6444655060768127, 0.7408199310302734, -0.066119484603405)","(0.8398281931877136, 0.6323985457420349, -0.01861293613910675)","(0.7679582834243774, 0.7576680779457092, -0.03024062141776085)","(0.7180392742156982, 0.7271280884742737, -0.03219467028975487)","(0.6905274391174316, 0.6827143430709839, -0.0295463427901268)","(0.8478679656982422, 0.6253111362457275, 0.006475193426012993)","(0.7821669578552246, 0.7318431735038757, -0.0036208229139447212)","(0.7419648170471191, 0.7075528502464294, -0.004723965190351009)","(0.7196702361106873, 0.6687702536582947, -0.0015356132062152028)","(0.8411993980407715, 0.6092147827148438, 0.027703771367669106)","(0.790856659412384, 0.6859747767448425, 0.01790902204811573)","(0.7578325867652893, 0.6769580841064453, 0.015094823203980923)","(0.7385476231575012, 0.6556965112686157, 0.017359554767608643)",Reach
2780,"(0.803765058517456, 0.3029867112636566, 5.209507776271494e-07)","(0.7455832362174988, 0.3920726776123047, -0.052128586918115616)","(0.7243675589561462, 0.5277915596961975, -0.0668201670050621)","(0.6998313665390015, 0.6456331610679626, -0.06905177235603333)","(0.6656064987182617, 0.7210534811019897, -0.06678978353738785)","(0.8387680649757385, 0.5994291305541992, -0.04364052042365074)","(0.7738375663757324, 0.7286880016326904, -0.05436429753899574)","(0.7165345549583435, 0.7409564256668091, -0.06195005401968956)","(0.6766566038131714, 0.735144317150116, -0.06475965678691864)","(0.8660075664520264, 0.6003484725952148, -0.014621151611208916)","(0.7979010939598083, 0.7275431156158447, -0.024059295654296875)","(0.7443194389343262, 0.7131859064102173, -0.027761681005358696)","(0.7106714248657227, 0.6786919236183167, -0.02722436748445034)","(0.870998203754425, 0.5880414843559265, 0.011445817537605762)","(0.8063244223594666, 0.6947551369667053, 0.0025209293235093355)","(0.7627255320549011, 0.6832442283630371, -0.002024108776822686)","(0.7340236902236938, 0.6520134806632996, -0.0015502468449994922)","(0.8620027899742126, 0.5723949670791626, 0.033643972128629684)","(0.8147256374359131, 0.6536268591880798, 0.02462509460747242)","(0.7796832919120789, 0.6530041694641113, 0.020317215472459793)","(0.7553964853286743, 0.6358616948127747, 0.02152937464416027)",Reach
2781,"(0.8157254457473755, 0.2753986418247223, 5.57759960884141e-07)","(0.7647510170936584, 0.3770290017127991, -0.05769610404968262)","(0.749152660369873, 0.5189517140388489, -0.07129029929637909)","(0.7260598540306091, 0.6365059614181519, -0.07069246470928192)","(0.6939047574996948, 0.7154406905174255, -0.06570112705230713)","(0.8684186935424805, 0.5752002000808716, -0.04191671684384346)","(0.8058520555496216, 0.7076421976089478, -0.04956714063882828)","(0.7458682060241699, 0.7278079390525818, -0.05680302530527115)","(0.7034109830856323, 0.7257102727890015, -0.059598520398139954)","(0.8890785574913025, 0.5649906396865845, -0.007538941223174334)","(0.818540096282959, 0.6816848516464233, -0.011557193472981453)","(0.762441098690033, 0.675857663154602, -0.016413748264312744)","(0.7252645492553711, 0.6495280265808105, -0.018590642139315605)","(0.888282299041748, 0.5441687107086182, 0.023109758272767067)","(0.8202947378158569, 0.6413087844848633, 0.018007999286055565)","(0.776273250579834, 0.6397638916969299, 0.009140949696302414)","(0.7448802590370178, 0.6168376803398132, 0.0053473226726055145)","(0.8768938183784485, 0.5247058272361755, 0.049604110419750214)","(0.8270795345306396, 0.6015280485153198, 0.04247341305017471)","(0.7924048900604248, 0.6066572666168213, 0.03495298698544502)","(0.7665791511535645, 0.5932931303977966, 0.03320910781621933)",Reach
2782,"(0.8239220380783081, 0.24613583087921143, 5.356861834115989e-07)","(0.7866597175598145, 0.35606247186660767, -0.06121189892292023)","(0.7765409350395203, 0.4964039623737335, -0.07312825322151184)","(0.7532109022140503, 0.6120908260345459, -0.07025481015443802)","(0.7234153151512146, 0.6904276013374329, -0.06263355910778046)","(0.8953269124031067, 0.5383393168449402, -0.036643724888563156)","(0.836854100227356, 0.6703293323516846, -0.044997453689575195)","(0.7788808941841125, 0.7010589838027954, -0.05315776541829109)","(0.7364169955253601, 0.7059616446495056, -0.05666099861264229)","(0.9034069776535034, 0.526007890701294, -0.0007061551441438496)","(0.836418092250824, 0.6312426924705505, -0.006386344786733389)","(0.7860206365585327, 0.6257424354553223, -0.013157128356397152)","(0.7541035413742065, 0.6025058031082153, -0.016179900616407394)","(0.8927891850471497, 0.5045626759529114, 0.03014792501926422)","(0.8271529078483582, 0.5967645049095154, 0.020482925698161125)","(0.7899580001831055, 0.5913496613502502, 0.007910624146461487)","(0.764778196811676, 0.5710510015487671, 0.0030014629010111094)","(0.8752323389053345, 0.4850010573863983, 0.056787703186273575)","(0.8238220810890198, 0.5569745898246765, 0.044379107654094696)","(0.7935653924942017, 0.5560749173164368, 0.03312566876411438)","(0.772050142288208, 0.5421961545944214, 0.029931511729955673)",Reach
2783,"(0.8416121602058411, 0.21506893634796143, 6.272005634855304e-07)","(0.8057718276977539, 0.3222091794013977, -0.06004278361797333)","(0.8000738024711609, 0.4629007875919342, -0.07243567705154419)","(0.7840403318405151, 0.5820662379264832, -0.06963800638914108)","(0.7590456604957581, 0.6637614369392395, -0.062017399817705154)","(0.9188321828842163, 0.5003904104232788, -0.039437003433704376)","(0.8610592484474182, 0.6340571641921997, -0.04638097435235977)","(0.8059622049331665, 0.6705201268196106, -0.05419960245490074)","(0.7648676633834839, 0.6814877986907959, -0.058284319937229156)","(0.9252737164497375, 0.48964962363243103, -0.0041723959147930145)","(0.8615056872367859, 0.6029240489006042, -0.00622433191165328)","(0.8093048334121704, 0.6221784949302673, -0.01169210858643055)","(0.7698482275009155, 0.6234886646270752, -0.015868037939071655)","(0.9125624895095825, 0.4707944989204407, 0.026507647708058357)","(0.850892186164856, 0.5688492059707642, 0.021463120356202126)","(0.8118913173675537, 0.5902259945869446, 0.009608433581888676)","(0.779872477054596, 0.5930097699165344, 0.0025033378042280674)","(0.8928564190864563, 0.45306894183158875, 0.052868474274873734)","(0.8448238372802734, 0.5318160653114319, 0.043105706572532654)","(0.8129040598869324, 0.5509932637214661, 0.0322929322719574)","(0.7861146926879883, 0.5548485517501831, 0.028040869161486626)",Reach
2784,"(0.8477835059165955, 0.1806890368461609, 6.88727880060469e-07)","(0.8210873603820801, 0.28423821926116943, -0.06172898784279823)","(0.8223766088485718, 0.42171382904052734, -0.0740005299448967)","(0.8073870539665222, 0.5404969453811646, -0.07061325013637543)","(0.7840121388435364, 0.6229324340820312, -0.06206660345196724)","(0.9399476051330566, 0.44660720229148865, -0.03811594843864441)","(0.888074517250061, 0.5851162075996399, -0.04494224116206169)","(0.8344435691833496, 0.6295754909515381, -0.05384063720703125)","(0.7934457063674927, 0.6464210748672485, -0.05896574258804321)","(0.9410021305084229, 0.44137251377105713, -0.0018225229578092694)","(0.8850981593132019, 0.5622544288635254, -0.003198071848601103)","(0.8344341516494751, 0.5973672866821289, -0.009231580421328545)","(0.7935777306556702, 0.6146745085716248, -0.01421364489942789)","(0.9240583777427673, 0.4281023144721985, 0.029398011043667793)","(0.8705801963806152, 0.532885730266571, 0.025092605501413345)","(0.8331661820411682, 0.5688234567642212, 0.012436910532414913)","(0.7994149923324585, 0.5875294208526611, 0.004157199990004301)","(0.9011237025260925, 0.4145030379295349, 0.05605778470635414)","(0.8604152798652649, 0.4984453022480011, 0.0459885410964489)","(0.8303753137588501, 0.5285440683364868, 0.03427770733833313)","(0.8025771975517273, 0.5448970794677734, 0.029080595821142197)",Reach
2785,"(0.8586991429328918, 0.14074641466140747, 6.34948548849934e-07)","(0.8369044065475464, 0.24413377046585083, -0.06019272282719612)","(0.8435493111610413, 0.37774983048439026, -0.07209780812263489)","(0.8328067064285278, 0.49579405784606934, -0.06862974166870117)","(0.8116830587387085, 0.5803987383842468, -0.06018734723329544)","(0.9548871517181396, 0.3944314122200012, -0.0370841845870018)","(0.9107434749603271, 0.5301001071929932, -0.04368910938501358)","(0.8610416054725647, 0.5780885815620422, -0.05254852771759033)","(0.821694552898407, 0.5995885729789734, -0.05795031413435936)","(0.9538556933403015, 0.3932490050792694, -0.0018338821828365326)","(0.9061289429664612, 0.5107977390289307, -0.0026305459905415773)","(0.8587411642074585, 0.5517441034317017, -0.008618035353720188)","(0.8197494745254517, 0.5766828060150146, -0.013908297754824162)","(0.9352109432220459, 0.38436585664749146, 0.028446540236473083)","(0.8896476626396179, 0.4868156313896179, 0.024395622313022614)","(0.8552411794662476, 0.5278634428977966, 0.011720673181116581)","(0.8232783079147339, 0.5528073310852051, 0.0030593948904424906)","(0.9108776450157166, 0.37389475107192993, 0.05422922968864441)","(0.8754948377609253, 0.4561070501804352, 0.04406232386827469)","(0.8476967811584473, 0.4885939061641693, 0.032268233597278595)","(0.8213447332382202, 0.5085099339485168, 0.026807723566889763)",Reach
2786,"(0.8673396706581116, 0.10518449544906616, 6.199704216669488e-07)","(0.8516795039176941, 0.20019669830799103, -0.05781592056155205)","(0.8597059845924377, 0.329110711812973, -0.06870882958173752)","(0.8506373763084412, 0.4480007290840149, -0.06557519733905792)","(0.8321192264556885, 0.5351439714431763, -0.057176172733306885)","(0.9690764546394348, 0.3387242555618286, -0.028158333152532578)","(0.9329373240470886, 0.4734061360359192, -0.035313840955495834)","(0.8867303729057312, 0.5255999565124512, -0.045380592346191406)","(0.8487709760665894, 0.5508201718330383, -0.05156930536031723)","(0.9646994471549988, 0.3456254005432129, 0.005061754025518894)","(0.9271751642227173, 0.4645330011844635, 0.0018793316558003426)","(0.8834903240203857, 0.5098297595977783, -0.0063185798935592175)","(0.8458378911018372, 0.5394257307052612, -0.012234503403306007)","(0.9455375671386719, 0.3459887206554413, 0.03277945518493652)","(0.910280704498291, 0.4500909149646759, 0.025788839906454086)","(0.8776972889900208, 0.4940493106842041, 0.012076095677912235)","(0.8461900949478149, 0.5234185457229614, 0.0038978145457804203)","(0.9216803908348083, 0.3436177968978882, 0.056202348321676254)","(0.8943532109260559, 0.4289810061454773, 0.043951719999313354)","(0.8682706356048584, 0.46433955430984497, 0.0317901074886322)","(0.8424866199493408, 0.48907217383384705, 0.026749983429908752)",Reach
2787,"(0.8737754821777344, 0.06673184037208557, 5.478582352225203e-07)","(0.8681285977363586, 0.15457995235919952, -0.05772459879517555)","(0.8770758509635925, 0.2801937162876129, -0.06771707534790039)","(0.8666504621505737, 0.39518237113952637, -0.06342276185750961)","(0.8493707180023193, 0.4795148968696594, -0.053823500871658325)","(0.9763520956039429, 0.2771809697151184, -0.027908872812986374)","(0.9473775029182434, 0.40992972254753113, -0.035554978996515274)","(0.9059293270111084, 0.4649580419063568, -0.04613300412893295)","(0.8685240745544434, 0.4922107756137848, -0.05276570841670036)","(0.9615352153778076, 0.29601868987083435, 0.005701473448425531)","(0.9365271329879761, 0.4092220067977905, 0.002777388086542487)","(0.9001466631889343, 0.45895078778266907, -0.0067401425912976265)","(0.8674096465110779, 0.4976743459701538, -0.014349971897900105)","(0.9361895322799683, 0.3065550625324249, 0.03377698361873627)","(0.9137083292007446, 0.402871698141098, 0.027585556730628014)","(0.8875516653060913, 0.450351744890213, 0.013464354909956455)","(0.8602472543716431, 0.4860875606536865, 0.004045377019792795)","(0.9096760153770447, 0.31151726841926575, 0.05749665945768356)","(0.8923904895782471, 0.389162540435791, 0.046719472855329514)","(0.8725252151489258, 0.42420411109924316, 0.03489171341061592)","(0.8520810604095459, 0.450370192527771, 0.029063494876027107)",Reach
2788,"(0.8785789608955383, 0.026428312063217163, 5.740126880482421e-07)","(0.8748921155929565, 0.11409865319728851, -0.053770482540130615)","(0.8866221308708191, 0.2351314276456833, -0.062042172998189926)","(0.8785157799720764, 0.3453449010848999, -0.05717165023088455)","(0.862546443939209, 0.4310276508331299, -0.04716247320175171)","(0.9810803532600403, 0.2229917347431183, -0.018921494483947754)","(0.9594290256500244, 0.35427895188331604, -0.022246036678552628)","(0.9201371073722839, 0.40917056798934937, -0.031020130962133408)","(0.8846478462219238, 0.4335218667984009, -0.0367157869040966)","(0.9659836292266846, 0.2369929403066635, 0.013979737646877766)","(0.9463282227516174, 0.35063788294792175, 0.01632203347980976)","(0.9120845198631287, 0.40175023674964905, 0.006973326206207275)","(0.8802341818809509, 0.44083505868911743, -0.0018226737156510353)","(0.9422279000282288, 0.2451469898223877, 0.04165530204772949)","(0.9239611029624939, 0.34113985300064087, 0.04174211248755455)","(0.9001361727714539, 0.3895038664340973, 0.02904188260436058)","(0.8740329146385193, 0.426844984292984, 0.018708674237132072)","(0.915973424911499, 0.2502729296684265, 0.06506040692329407)","(0.902761697769165, 0.3304179012775421, 0.0609300471842289)","(0.8841705322265625, 0.3658279776573181, 0.05225754529237747)","(0.8647663593292236, 0.3914548456668854, 0.047122467309236526)",Reach
2789,"(0.8818807005882263, -0.015538856387138367, 5.624263508252625e-07)","(0.886720597743988, 0.0683993548154831, -0.055104874074459076)","(0.8982765078544617, 0.18488632142543793, -0.06500779092311859)","(0.8898701071739197, 0.2954804301261902, -0.06178881973028183)","(0.8782315254211426, 0.38073211908340454, -0.05344141647219658)","(0.9839972853660583, 0.17129787802696228, -0.02154329977929592)","(0.9662166833877563, 0.30003267526626587, -0.02635304071009159)","(0.9302495718002319, 0.356273889541626, -0.03525857999920845)","(0.8955984711647034, 0.3854464590549469, -0.040746185928583145)","(0.9666426181793213, 0.18651366233825684, 0.011295142583549023)","(0.9503635764122009, 0.2923637926578522, 0.011042729020118713)","(0.919314980506897, 0.3375282883644104, 0.0004832975973840803)","(0.8897322416305542, 0.3734016418457031, -0.008423160761594772)","(0.9409776926040649, 0.19700244069099426, 0.03898176550865173)","(0.9270647764205933, 0.28213536739349365, 0.03672242909669876)","(0.905819296836853, 0.3225696086883545, 0.02338785119354725)","(0.8820595145225525, 0.3539068102836609, 0.013394178822636604)","(0.9150056838989258, 0.2041408121585846, 0.06237110495567322)","(0.9043285250663757, 0.2690259516239166, 0.05771229416131973)","(0.88796067237854, 0.2914660573005676, 0.049474604427814484)","(0.8699548840522766, 0.30718404054641724, 0.04509197920560837)",Reach
2790,"(0.886214554309845, -0.05454936623573303, 5.094335051580856e-07)","(0.8995880484580994, 0.028406351804733276, -0.048584867268800735)","(0.909601092338562, 0.13668401539325714, -0.05473602935671806)","(0.8988516926765442, 0.24657708406448364, -0.049734391272068024)","(0.8869804739952087, 0.33107155561447144, -0.04016576707363129)","(0.9840865731239319, 0.133872389793396, -0.00678824819624424)","(0.9707198143005371, 0.24603554606437683, -0.00696272449567914)","(0.9414575099945068, 0.30465784668922424, -0.014788378030061722)","(0.9101137518882751, 0.3402448296546936, -0.020730208605527878)","(0.9651358723640442, 0.14972718060016632, 0.022465277463197708)","(0.9519883394241333, 0.2367023229598999, 0.026136549189686775)","(0.9248027205467224, 0.2789495885372162, 0.014548726379871368)","(0.8973603844642639, 0.31346625089645386, 0.004568091128021479)","(0.9383515119552612, 0.1592915803194046, 0.04661334678530693)","(0.9278886318206787, 0.2324272096157074, 0.046000171452760696)","(0.9077538251876831, 0.26793238520622253, 0.03121437132358551)","(0.8856041431427002, 0.29760444164276123, 0.02009647525846958)","(0.9107523560523987, 0.16448605060577393, 0.06686882674694061)","(0.9027174711227417, 0.21508504450321198, 0.061739109456539154)","(0.8873037695884705, 0.22745473682880402, 0.05265320464968681)","(0.8702738285064697, 0.2366589903831482, 0.04786422848701477)",Reach
2791,"(0.8976277112960815, -0.11767959594726562, 6.177309614940896e-07)","(0.905087411403656, -0.017038777470588684, -0.037305060774087906)","(0.9120510220527649, 0.09155135601758957, -0.0413486622273922)","(0.9032605290412903, 0.18991784751415253, -0.03891951963305473)","(0.8951929807662964, 0.2692456841468811, -0.03319535776972771)","(0.9743223786354065, 0.1080455332994461, 0.018665118142962456)","(0.9687281847000122, 0.20188389718532562, 0.021388253197073936)","(0.9444060325622559, 0.25845837593078613, 0.01073234248906374)","(0.919505774974823, 0.2971952557563782, 0.001694378792308271)","(0.9523476362228394, 0.10170601308345795, 0.03829069435596466)","(0.9460849761962891, 0.1897018551826477, 0.04605644568800926)","(0.9270460605621338, 0.25184446573257446, 0.03042789176106453)","(0.9042961597442627, 0.30252981185913086, 0.015985533595085144)","(0.926673948764801, 0.08749036490917206, 0.05211852490901947)","(0.9187695980072021, 0.16333666443824768, 0.05849740654230118)","(0.9059189558029175, 0.21998900175094604, 0.04424451291561127)","(0.8884715437889099, 0.266956090927124, 0.03121219016611576)","(0.8973774313926697, 0.06835079193115234, 0.06179217994213104)","(0.8891193866729736, 0.11860159039497375, 0.06765524297952652)","(0.8832964301109314, 0.1437332034111023, 0.06432469934225082)","(0.8746918439865112, 0.16180320084095, 0.06045321747660637)",Reach
2792,"(0.9214829802513123, -0.1448724865913391, 6.505957799163298e-07)","(0.924896776676178, -0.02646186202764511, -0.03653145208954811)","(0.9213396906852722, 0.07754005491733551, -0.03749002888798714)","(0.9111015200614929, 0.16304714977741241, -0.03330402076244354)","(0.9026786684989929, 0.24070124328136444, -0.0267683956772089)","(0.9700615406036377, 0.09648896753787994, 0.03472272306680679)","(0.9623197317123413, 0.1748170107603073, 0.050245072692632675)","(0.9405397772789001, 0.2221229076385498, 0.048948194831609726)","(0.9205991625785828, 0.25513577461242676, 0.046472448855638504)","(0.9464045166969299, 0.07528136670589447, 0.057852230966091156)","(0.9369767308235168, 0.14462684094905853, 0.08039439469575882)","(0.9218204021453857, 0.18751205503940582, 0.07284585386514664)","(0.9063407182693481, 0.21276289224624634, 0.06372039765119553)","(0.923845112323761, 0.04836200550198555, 0.07479298859834671)","(0.9114711880683899, 0.09925446659326553, 0.09185902774333954)","(0.9031707048416138, 0.10356809198856354, 0.08322596549987793)","(0.8963142037391663, 0.10479703545570374, 0.07486788928508759)","(0.9008435010910034, 0.025315266102552414, 0.08748003840446472)","(0.8927923440933228, 0.06659300625324249, 0.10407689958810806)","(0.8883528113365173, 0.07458965480327606, 0.10608020424842834)","(0.8847938776016235, 0.07468104362487793, 0.10572466254234314)",Reach
2793,"(0, 0, 0)","(0, 0, 0)","(0, 0, 0)","(0, 0, 0)","(0, 0, 0)","(0, 0, 0)","(0, 0, 0)","(0, 0, 0)","(0, 0, 0)","(0, 0, 0)","(0, 0, 0)","(0, 0, 0)","(0, 0, 0)","(0, 0, 0)","(0, 0, 0)","(0, 0, 0)","(0, 0, 0)","(0, 0, 0)","(0, 0, 0)","(0, 0, 0)","(0, 0, 0)",Negative
2794,"(0, 0, 0)","(0, 0, 0)","(0, 0, 0)","(0, 0, 0)","(0, 0, 0)","(0, 0, 0)","(0, 0, 0)","(0, 0, 0)","(0, 0, 0)","(0, 0, 0)","(0, 0, 0)","(0, 0, 0)","(0, 0, 0)","(0, 0, 0)","(0, 0, 0)","(0, 0, 0)","(0, 0, 0)","(0, 0, 0)","(0, 0, 0)","(0, 0, 0)","(0, 0, 0)",Negative
2795,"(0, 0, 0)","(0, 0, 0)","(0, 0, 0)","(0, 0, 0)","(0, 0, 0)","(0, 0, 0)","(0, 0, 0)","(0, 0, 0)","(0, 0, 0)","(0, 0, 0)","(0, 0, 0)","(0, 0, 0)","(0, 0, 0)","(0, 0, 0)","(0, 0, 0)","(0, 0, 0)","(0, 0, 0)","(0, 0, 0)","(0, 0, 0)","(0, 0, 0)","(0, 0, 0)",Negative
2796,"(0, 0, 0)","(0, 0, 0)","(0, 0, 0)","(0, 0, 0)","(0, 0, 0)","(0, 0, 0)","(0, 0, 0)","(0, 0, 0)","(0, 0, 0)","(0, 0, 0)","(0, 0, 0)","(0, 0, 0)","(0, 0, 0)","(0, 0, 0)","(0, 0, 0)","(0, 0, 0)","(0, 0, 0)","(0, 0, 0)","(0, 0, 0)","(0, 0, 0)","(0, 0, 0)",Negative
2797,"(0, 0, 0)","(0, 0, 0)","(0, 0, 0)","(0, 0, 0)","(0, 0, 0)","(0, 0, 0)","(0, 0, 0)","(0, 0, 0)","(0, 0, 0)","(0, 0, 0)","(0, 0, 0)","(0, 0, 0)","(0, 0, 0)","(0, 0, 0)","(0, 0, 0)","(0, 0, 0)","(0, 0, 0)","(0, 0, 0)","(0, 0, 0)","(0, 0, 0)","(0, 0, 0)",Negative
2798,"(0, 0, 0)","(0, 0, 0)","(0, 0, 0)","(0, 0, 0)","(0, 0, 0)","(0, 0, 0)","(0, 0, 0)","(0, 0, 0)","(0, 0, 0)","(0, 0, 0)","(0, 0, 0)","(0, 0, 0)","(0, 0, 0)","(0, 0, 0)","(0, 0, 0)","(0, 0, 0)","(0, 0, 0)","(0, 0, 0)","(0, 0, 0)","(0, 0, 0)","(0, 0, 0)",Negative
2799,"(0, 0, 0)","(0, 0, 0)","(0, 0, 0)","(0, 0, 0)","(0, 0, 0)","(0, 0, 0)","(0, 0, 0)","(0, 0, 0)","(0, 0, 0)","(0, 0, 0)","(0, 0, 0)","(0, 0, 0)","(0, 0, 0)","(0, 0, 0)","(0, 0, 0)","(0, 0, 0)","(0, 0, 0)","(0, 0, 0)","(0, 0, 0)","(0, 0, 0)","(0, 0, 0)",Negative
2800,"(0, 0, 0)","(0, 0, 0)","(0, 0, 0)","(0, 0, 0)","(0, 0, 0)","(0, 0, 0)","(0, 0, 0)","(0, 0, 0)","(0, 0, 0)","(0, 0, 0)","(0, 0, 0)","(0, 0, 0)","(0, 0, 0)","(0, 0, 0)","(0, 0, 0)","(0, 0, 0)","(0, 0, 0)","(0, 0, 0)","(0, 0, 0)","(0, 0, 0)","(0, 0, 0)",Negative
2801,"(0, 0, 0)","(0, 0, 0)","(0, 0, 0)","(0, 0, 0)","(0, 0, 0)","(0, 0, 0)","(0, 0, 0)","(0, 0, 0)","(0, 0, 0)","(0, 0, 0)","(0, 0, 0)","(0, 0, 0)","(0, 0, 0)","(0, 0, 0)","(0, 0, 0)","(0, 0, 0)","(0, 0, 0)","(0, 0, 0)","(0, 0, 0)","(0, 0, 0)","(0, 0, 0)",Negative
2802,"(0, 0, 0)","(0, 0, 0)","(0, 0, 0)","(0, 0, 0)","(0, 0, 0)","(0, 0, 0)","(0, 0, 0)","(0, 0, 0)","(0, 0, 0)","(0, 0, 0)","(0, 0, 0)","(0, 0, 0)","(0, 0, 0)","(0, 0, 0)","(0, 0, 0)","(0, 0, 0)","(0, 0, 0)","(0, 0, 0)","(0, 0, 0)","(0, 0, 0)","(0, 0, 0)",Negative
2803,"(0, 0, 0)","(0, 0, 0)","(0, 0, 0)","(0, 0, 0)","(0, 0, 0)","(0, 0, 0)","(0, 0, 0)","(0, 0, 0)","(0, 0, 0)","(0, 0, 0)","(0, 0, 0)","(0, 0, 0)","(0, 0, 0)","(0, 0, 0)","(0, 0, 0)","(0, 0, 0)","(0, 0, 0)","(0, 0, 0)","(0, 0, 0)","(0, 0, 0)","(0, 0, 0)",Negative
2804,"(0, 0, 0)","(0, 0, 0)","(0, 0, 0)","(0, 0, 0)","(0, 0, 0)","(0, 0, 0)","(0, 0, 0)","(0, 0, 0)","(0, 0, 0)","(0, 0, 0)","(0, 0, 0)","(0, 0, 0)","(0, 0, 0)","(0, 0, 0)","(0, 0, 0)","(0, 0, 0)","(0, 0, 0)","(0, 0, 0)","(0, 0, 0)","(0, 0, 0)","(0, 0, 0)",Negative
2805,"(0, 0, 0)","(0, 0, 0)","(0, 0, 0)","(0, 0, 0)","(0, 0, 0)","(0, 0, 0)","(0, 0, 0)","(0, 0, 0)","(0, 0, 0)","(0, 0, 0)","(0, 0, 0)","(0, 0, 0)","(0, 0, 0)","(0, 0, 0)","(0, 0, 0)","(0, 0, 0)","(0, 0, 0)","(0, 0, 0)","(0, 0, 0)","(0, 0, 0)","(0, 0, 0)",Negative
2806,"(0, 0, 0)","(0, 0, 0)","(0, 0, 0)","(0, 0, 0)","(0, 0, 0)","(0, 0, 0)","(0, 0, 0)","(0, 0, 0)","(0, 0, 0)","(0, 0, 0)","(0, 0, 0)","(0, 0, 0)","(0, 0, 0)","(0, 0, 0)","(0, 0, 0)","(0, 0, 0)","(0, 0, 0)","(0, 0, 0)","(0, 0, 0)","(0, 0, 0)","(0, 0, 0)",Negative
2807,"(0, 0, 0)","(0, 0, 0)","(0, 0, 0)","(0, 0, 0)","(0, 0, 0)","(0, 0, 0)","(0, 0, 0)","(0, 0, 0)","(0, 0, 0)","(0, 0, 0)","(0, 0, 0)","(0, 0, 0)","(0, 0, 0)","(0, 0, 0)","(0, 0, 0)","(0, 0, 0)","(0, 0, 0)","(0, 0, 0)","(0, 0, 0)","(0, 0, 0)","(0, 0, 0)",Negative
2808,"(0, 0, 0)","(0, 0, 0)","(0, 0, 0)","(0, 0, 0)","(0, 0, 0)","(0, 0, 0)","(0, 0, 0)","(0, 0, 0)","(0, 0, 0)","(0, 0, 0)","(0, 0, 0)","(0, 0, 0)","(0, 0, 0)","(0, 0, 0)","(0, 0, 0)","(0, 0, 0)","(0, 0, 0)","(0, 0, 0)","(0, 0, 0)","(0, 0, 0)","(0, 0, 0)",Negative
2809,"(0, 0, 0)","(0, 0, 0)","(0, 0, 0)","(0, 0, 0)","(0, 0, 0)","(0, 0, 0)","(0, 0, 0)","(0, 0, 0)","(0, 0, 0)","(0, 0, 0)","(0, 0, 0)","(0, 0, 0)","(0, 0, 0)","(0, 0, 0)","(0, 0, 0)","(0, 0, 0)","(0, 0, 0)","(0, 0, 0)","(0, 0, 0)","(0, 0, 0)","(0, 0, 0)",Negative
2810,"(0, 0, 0)","(0, 0, 0)","(0, 0, 0)","(0, 0, 0)","(0, 0, 0)","(0, 0, 0)","(0, 0, 0)","(0, 0, 0)","(0, 0, 0)","(0, 0, 0)","(0, 0, 0)","(0, 0, 0)","(0, 0, 0)","(0, 0, 0)","(0, 0, 0)","(0, 0, 0)","(0, 0, 0)","(0, 0, 0)","(0, 0, 0)","(0, 0, 0)","(0, 0, 0)",Negative
2811,"(0, 0, 0)","(0, 0, 0)","(0, 0, 0)","(0, 0, 0)","(0, 0, 0)","(0, 0, 0)","(0, 0, 0)","(0, 0, 0)","(0, 0, 0)","(0, 0, 0)","(0, 0, 0)","(0, 0, 0)","(0, 0, 0)","(0, 0, 0)","(0, 0, 0)","(0, 0, 0)","(0, 0, 0)","(0, 0, 0)","(0, 0, 0)","(0, 0, 0)","(0, 0, 0)",Negative
2812,"(0, 0, 0)","(0, 0, 0)","(0, 0, 0)","(0, 0, 0)","(0, 0, 0)","(0, 0, 0)","(0, 0, 0)","(0, 0, 0)","(0, 0, 0)","(0, 0, 0)","(0, 0, 0)","(0, 0, 0)","(0, 0, 0)","(0, 0, 0)","(0, 0, 0)","(0, 0, 0)","(0, 0, 0)","(0, 0, 0)","(0, 0, 0)","(0, 0, 0)","(0, 0, 0)",Negative
2813,"(0, 0, 0)","(0, 0, 0)","(0, 0, 0)","(0, 0, 0)","(0, 0, 0)","(0, 0, 0)","(0, 0, 0)","(0, 0, 0)","(0, 0, 0)","(0, 0, 0)","(0, 0, 0)","(0, 0, 0)","(0, 0, 0)","(0, 0, 0)","(0, 0, 0)","(0, 0, 0)","(0, 0, 0)","(0, 0, 0)","(0, 0, 0)","(0, 0, 0)","(0, 0, 0)",Negative
2814,"(0, 0, 0)","(0, 0, 0)","(0, 0, 0)","(0, 0, 0)","(0, 0, 0)","(0, 0, 0)","(0, 0, 0)","(0, 0, 0)","(0, 0, 0)","(0, 0, 0)","(0, 0, 0)","(0, 0, 0)","(0, 0, 0)","(0, 0, 0)","(0, 0, 0)","(0, 0, 0)","(0, 0, 0)","(0, 0, 0)","(0, 0, 0)","(0, 0, 0)","(0, 0, 0)",Negative
2815,"(0, 0, 0)","(0, 0, 0)","(0, 0, 0)","(0, 0, 0)","(0, 0, 0)","(0, 0, 0)","(0, 0, 0)","(0, 0, 0)","(0, 0, 0)","(0, 0, 0)","(0, 0, 0)","(0, 0, 0)","(0, 0, 0)","(0, 0, 0)","(0, 0, 0)","(0, 0, 0)","(0, 0, 0)","(0, 0, 0)","(0, 0, 0)","(0, 0, 0)","(0, 0, 0)",Negative
2816,"(0, 0, 0)","(0, 0, 0)","(0, 0, 0)","(0, 0, 0)","(0, 0, 0)","(0, 0, 0)","(0, 0, 0)","(0, 0, 0)","(0, 0, 0)","(0, 0, 0)","(0, 0, 0)","(0, 0, 0)","(0, 0, 0)","(0, 0, 0)","(0, 0, 0)","(0, 0, 0)","(0, 0, 0)","(0, 0, 0)","(0, 0, 0)","(0, 0, 0)","(0, 0, 0)",Negative
2817,"(0, 0, 0)","(0, 0, 0)","(0, 0, 0)","(0, 0, 0)","(0, 0, 0)","(0, 0, 0)","(0, 0, 0)","(0, 0, 0)","(0, 0, 0)","(0, 0, 0)","(0, 0, 0)","(0, 0, 0)","(0, 0, 0)","(0, 0, 0)","(0, 0, 0)","(0, 0, 0)","(0, 0, 0)","(0, 0, 0)","(0, 0, 0)","(0, 0, 0)","(0, 0, 0)",Negative
2818,"(0, 0, 0)","(0, 0, 0)","(0, 0, 0)","(0, 0, 0)","(0, 0, 0)","(0, 0, 0)","(0, 0, 0)","(0, 0, 0)","(0, 0, 0)","(0, 0, 0)","(0, 0, 0)","(0, 0, 0)","(0, 0, 0)","(0, 0, 0)","(0, 0, 0)","(0, 0, 0)","(0, 0, 0)","(0, 0, 0)","(0, 0, 0)","(0, 0, 0)","(0, 0, 0)",Negative
2819,"(0, 0, 0)","(0, 0, 0)","(0, 0, 0)","(0, 0, 0)","(0, 0, 0)","(0, 0, 0)","(0, 0, 0)","(0, 0, 0)","(0, 0, 0)","(0, 0, 0)","(0, 0, 0)","(0, 0, 0)","(0, 0, 0)","(0, 0, 0)","(0, 0, 0)","(0, 0, 0)","(0, 0, 0)","(0, 0, 0)","(0, 0, 0)","(0, 0, 0)","(0, 0, 0)",Negative
2820,"(0, 0, 0)","(0, 0, 0)","(0, 0, 0)","(0, 0, 0)","(0, 0, 0)","(0, 0, 0)","(0, 0, 0)","(0, 0, 0)","(0, 0, 0)","(0, 0, 0)","(0, 0, 0)","(0, 0, 0)","(0, 0, 0)","(0, 0, 0)","(0, 0, 0)","(0, 0, 0)","(0, 0, 0)","(0, 0, 0)","(0, 0, 0)","(0, 0, 0)","(0, 0, 0)",Negative
2821,"(0, 0, 0)","(0, 0, 0)","(0, 0, 0)","(0, 0, 0)","(0, 0, 0)","(0, 0, 0)","(0, 0, 0)","(0, 0, 0)","(0, 0, 0)","(0, 0, 0)","(0, 0, 0)","(0, 0, 0)","(0, 0, 0)","(0, 0, 0)","(0, 0, 0)","(0, 0, 0)","(0, 0, 0)","(0, 0, 0)","(0, 0, 0)","(0, 0, 0)","(0, 0, 0)",Negative
2822,"(0, 0, 0)","(0, 0, 0)","(0, 0, 0)","(0, 0, 0)","(0, 0, 0)","(0, 0, 0)","(0, 0, 0)","(0, 0, 0)","(0, 0, 0)","(0, 0, 0)","(0, 0, 0)","(0, 0, 0)","(0, 0, 0)","(0, 0, 0)","(0, 0, 0)","(0, 0, 0)","(0, 0, 0)","(0, 0, 0)","(0, 0, 0)","(0, 0, 0)","(0, 0, 0)",Negative
2823,"(0, 0, 0)","(0, 0, 0)","(0, 0, 0)","(0, 0, 0)","(0, 0, 0)","(0, 0, 0)","(0, 0, 0)","(0, 0, 0)","(0, 0, 0)","(0, 0, 0)","(0, 0, 0)","(0, 0, 0)","(0, 0, 0)","(0, 0, 0)","(0, 0, 0)","(0, 0, 0)","(0, 0, 0)","(0, 0, 0)","(0, 0, 0)","(0, 0, 0)","(0, 0, 0)",Negative
2824,"(0, 0, 0)","(0, 0, 0)","(0, 0, 0)","(0, 0, 0)","(0, 0, 0)","(0, 0, 0)","(0, 0, 0)","(0, 0, 0)","(0, 0, 0)","(0, 0, 0)","(0, 0, 0)","(0, 0, 0)","(0, 0, 0)","(0, 0, 0)","(0, 0, 0)","(0, 0, 0)","(0, 0, 0)","(0, 0, 0)","(0, 0, 0)","(0, 0, 0)","(0, 0, 0)",Negative
2825,"(0, 0, 0)","(0, 0, 0)","(0, 0, 0)","(0, 0, 0)","(0, 0, 0)","(0, 0, 0)","(0, 0, 0)","(0, 0, 0)","(0, 0, 0)","(0, 0, 0)","(0, 0, 0)","(0, 0, 0)","(0, 0, 0)","(0, 0, 0)","(0, 0, 0)","(0, 0, 0)","(0, 0, 0)","(0, 0, 0)","(0, 0, 0)","(0, 0, 0)","(0, 0, 0)",Negative
2826,"(0, 0, 0)","(0, 0, 0)","(0, 0, 0)","(0, 0, 0)","(0, 0, 0)","(0, 0, 0)","(0, 0, 0)","(0, 0, 0)","(0, 0, 0)","(0, 0, 0)","(0, 0, 0)","(0, 0, 0)","(0, 0, 0)","(0, 0, 0)","(0, 0, 0)","(0, 0, 0)","(0, 0, 0)","(0, 0, 0)","(0, 0, 0)","(0, 0, 0)","(0, 0, 0)",Negative
2827,"(0, 0, 0)","(0, 0, 0)","(0, 0, 0)","(0, 0, 0)","(0, 0, 0)","(0, 0, 0)","(0, 0, 0)","(0, 0, 0)","(0, 0, 0)","(0, 0, 0)","(0, 0, 0)","(0, 0, 0)","(0, 0, 0)","(0, 0, 0)","(0, 0, 0)","(0, 0, 0)","(0, 0, 0)","(0, 0, 0)","(0, 0, 0)","(0, 0, 0)","(0, 0, 0)",Negative
2828,"(0, 0, 0)","(0, 0, 0)","(0, 0, 0)","(0, 0, 0)","(0, 0, 0)","(0, 0, 0)","(0, 0, 0)","(0, 0, 0)","(0, 0, 0)","(0, 0, 0)","(0, 0, 0)","(0, 0, 0)","(0, 0, 0)","(0, 0, 0)","(0, 0, 0)","(0, 0, 0)","(0, 0, 0)","(0, 0, 0)","(0, 0, 0)","(0, 0, 0)","(0, 0, 0)",Negative
2829,"(0, 0, 0)","(0, 0, 0)","(0, 0, 0)","(0, 0, 0)","(0, 0, 0)","(0, 0, 0)","(0, 0, 0)","(0, 0, 0)","(0, 0, 0)","(0, 0, 0)","(0, 0, 0)","(0, 0, 0)","(0, 0, 0)","(0, 0, 0)","(0, 0, 0)","(0, 0, 0)","(0, 0, 0)","(0, 0, 0)","(0, 0, 0)","(0, 0, 0)","(0, 0, 0)",Negative
2830,"(0, 0, 0)","(0, 0, 0)","(0, 0, 0)","(0, 0, 0)","(0, 0, 0)","(0, 0, 0)","(0, 0, 0)","(0, 0, 0)","(0, 0, 0)","(0, 0, 0)","(0, 0, 0)","(0, 0, 0)","(0, 0, 0)","(0, 0, 0)","(0, 0, 0)","(0, 0, 0)","(0, 0, 0)","(0, 0, 0)","(0, 0, 0)","(0, 0, 0)","(0, 0, 0)",Negative
2831,"(0, 0, 0)","(0, 0, 0)","(0, 0, 0)","(0, 0, 0)","(0, 0, 0)","(0, 0, 0)","(0, 0, 0)","(0, 0, 0)","(0, 0, 0)","(0, 0, 0)","(0, 0, 0)","(0, 0, 0)","(0, 0, 0)","(0, 0, 0)","(0, 0, 0)","(0, 0, 0)","(0, 0, 0)","(0, 0, 0)","(0, 0, 0)","(0, 0, 0)","(0, 0, 0)",Negative
2832,"(0, 0, 0)","(0, 0, 0)","(0, 0, 0)","(0, 0, 0)","(0, 0, 0)","(0, 0, 0)","(0, 0, 0)","(0, 0, 0)","(0, 0, 0)","(0, 0, 0)","(0, 0, 0)","(0, 0, 0)","(0, 0, 0)","(0, 0, 0)","(0, 0, 0)","(0, 0, 0)","(0, 0, 0)","(0, 0, 0)","(0, 0, 0)","(0, 0, 0)","(0, 0, 0)",Negative
2833,"(0, 0, 0)","(0, 0, 0)","(0, 0, 0)","(0, 0, 0)","(0, 0, 0)","(0, 0, 0)","(0, 0, 0)","(0, 0, 0)","(0, 0, 0)","(0, 0, 0)","(0, 0, 0)","(0, 0, 0)","(0, 0, 0)","(0, 0, 0)","(0, 0, 0)","(0, 0, 0)","(0, 0, 0)","(0, 0, 0)","(0, 0, 0)","(0, 0, 0)","(0, 0, 0)",Negative
2834,"(0, 0, 0)","(0, 0, 0)","(0, 0, 0)","(0, 0, 0)","(0, 0, 0)","(0, 0, 0)","(0, 0, 0)","(0, 0, 0)","(0, 0, 0)","(0, 0, 0)","(0, 0, 0)","(0, 0, 0)","(0, 0, 0)","(0, 0, 0)","(0, 0, 0)","(0, 0, 0)","(0, 0, 0)","(0, 0, 0)","(0, 0, 0)","(0, 0, 0)","(0, 0, 0)",Negative
2835,"(0, 0, 0)","(0, 0, 0)","(0, 0, 0)","(0, 0, 0)","(0, 0, 0)","(0, 0, 0)","(0, 0, 0)","(0, 0, 0)","(0, 0, 0)","(0, 0, 0)","(0, 0, 0)","(0, 0, 0)","(0, 0, 0)","(0, 0, 0)","(0, 0, 0)","(0, 0, 0)","(0, 0, 0)","(0, 0, 0)","(0, 0, 0)","(0, 0, 0)","(0, 0, 0)",Negative
2836,"(0, 0, 0)","(0, 0, 0)","(0, 0, 0)","(0, 0, 0)","(0, 0, 0)","(0, 0, 0)","(0, 0, 0)","(0, 0, 0)","(0, 0, 0)","(0, 0, 0)","(0, 0, 0)","(0, 0, 0)","(0, 0, 0)","(0, 0, 0)","(0, 0, 0)","(0, 0, 0)","(0, 0, 0)","(0, 0, 0)","(0, 0, 0)","(0, 0, 0)","(0, 0, 0)",Negative
2837,"(0, 0, 0)","(0, 0, 0)","(0, 0, 0)","(0, 0, 0)","(0, 0, 0)","(0, 0, 0)","(0, 0, 0)","(0, 0, 0)","(0, 0, 0)","(0, 0, 0)","(0, 0, 0)","(0, 0, 0)","(0, 0, 0)","(0, 0, 0)","(0, 0, 0)","(0, 0, 0)","(0, 0, 0)","(0, 0, 0)","(0, 0, 0)","(0, 0, 0)","(0, 0, 0)",Negative
2838,"(0, 0, 0)","(0, 0, 0)","(0, 0, 0)","(0, 0, 0)","(0, 0, 0)","(0, 0, 0)","(0, 0, 0)","(0, 0, 0)","(0, 0, 0)","(0, 0, 0)","(0, 0, 0)","(0, 0, 0)","(0, 0, 0)","(0, 0, 0)","(0, 0, 0)","(0, 0, 0)","(0, 0, 0)","(0, 0, 0)","(0, 0, 0)","(0, 0, 0)","(0, 0, 0)",Negative
2839,"(0, 0, 0)","(0, 0, 0)","(0, 0, 0)","(0, 0, 0)","(0, 0, 0)","(0, 0, 0)","(0, 0, 0)","(0, 0, 0)","(0, 0, 0)","(0, 0, 0)","(0, 0, 0)","(0, 0, 0)","(0, 0, 0)","(0, 0, 0)","(0, 0, 0)","(0, 0, 0)","(0, 0, 0)","(0, 0, 0)","(0, 0, 0)","(0, 0, 0)","(0, 0, 0)",Negative
2840,"(0, 0, 0)","(0, 0, 0)","(0, 0, 0)","(0, 0, 0)","(0, 0, 0)","(0, 0, 0)","(0, 0, 0)","(0, 0, 0)","(0, 0, 0)","(0, 0, 0)","(0, 0, 0)","(0, 0, 0)","(0, 0, 0)","(0, 0, 0)","(0, 0, 0)","(0, 0, 0)","(0, 0, 0)","(0, 0, 0)","(0, 0, 0)","(0, 0, 0)","(0, 0, 0)",Negative
2841,"(0, 0, 0)","(0, 0, 0)","(0, 0, 0)","(0, 0, 0)","(0, 0, 0)","(0, 0, 0)","(0, 0, 0)","(0, 0, 0)","(0, 0, 0)","(0, 0, 0)","(0, 0, 0)","(0, 0, 0)","(0, 0, 0)","(0, 0, 0)","(0, 0, 0)","(0, 0, 0)","(0, 0, 0)","(0, 0, 0)","(0, 0, 0)","(0, 0, 0)","(0, 0, 0)",Negative
2842,"(0, 0, 0)","(0, 0, 0)","(0, 0, 0)","(0, 0, 0)","(0, 0, 0)","(0, 0, 0)","(0, 0, 0)","(0, 0, 0)","(0, 0, 0)","(0, 0, 0)","(0, 0, 0)","(0, 0, 0)","(0, 0, 0)","(0, 0, 0)","(0, 0, 0)","(0, 0, 0)","(0, 0, 0)","(0, 0, 0)","(0, 0, 0)","(0, 0, 0)","(0, 0, 0)",Negative
2843,"(0, 0, 0)","(0, 0, 0)","(0, 0, 0)","(0, 0, 0)","(0, 0, 0)","(0, 0, 0)","(0, 0, 0)","(0, 0, 0)","(0, 0, 0)","(0, 0, 0)","(0, 0, 0)","(0, 0, 0)","(0, 0, 0)","(0, 0, 0)","(0, 0, 0)","(0, 0, 0)","(0, 0, 0)","(0, 0, 0)","(0, 0, 0)","(0, 0, 0)","(0, 0, 0)",Negative
2844,"(0, 0, 0)","(0, 0, 0)","(0, 0, 0)","(0, 0, 0)","(0, 0, 0)","(0, 0, 0)","(0, 0, 0)","(0, 0, 0)","(0, 0, 0)","(0, 0, 0)","(0, 0, 0)","(0, 0, 0)","(0, 0, 0)","(0, 0, 0)","(0, 0, 0)","(0, 0, 0)","(0, 0, 0)","(0, 0, 0)","(0, 0, 0)","(0, 0, 0)","(0, 0, 0)",Negative
2845,"(0, 0, 0)","(0, 0, 0)","(0, 0, 0)","(0, 0, 0)","(0, 0, 0)","(0, 0, 0)","(0, 0, 0)","(0, 0, 0)","(0, 0, 0)","(0, 0, 0)","(0, 0, 0)","(0, 0, 0)","(0, 0, 0)","(0, 0, 0)","(0, 0, 0)","(0, 0, 0)","(0, 0, 0)","(0, 0, 0)","(0, 0, 0)","(0, 0, 0)","(0, 0, 0)",Negative
2846,"(0, 0, 0)","(0, 0, 0)","(0, 0, 0)","(0, 0, 0)","(0, 0, 0)","(0, 0, 0)","(0, 0, 0)","(0, 0, 0)","(0, 0, 0)","(0, 0, 0)","(0, 0, 0)","(0, 0, 0)","(0, 0, 0)","(0, 0, 0)","(0, 0, 0)","(0, 0, 0)","(0, 0, 0)","(0, 0, 0)","(0, 0, 0)","(0, 0, 0)","(0, 0, 0)",Negative
2847,"(0, 0, 0)","(0, 0, 0)","(0, 0, 0)","(0, 0, 0)","(0, 0, 0)","(0, 0, 0)","(0, 0, 0)","(0, 0, 0)","(0, 0, 0)","(0, 0, 0)","(0, 0, 0)","(0, 0, 0)","(0, 0, 0)","(0, 0, 0)","(0, 0, 0)","(0, 0, 0)","(0, 0, 0)","(0, 0, 0)","(0, 0, 0)","(0, 0, 0)","(0, 0, 0)",Negative
2848,"(0, 0, 0)","(0, 0, 0)","(0, 0, 0)","(0, 0, 0)","(0, 0, 0)","(0, 0, 0)","(0, 0, 0)","(0, 0, 0)","(0, 0, 0)","(0, 0, 0)","(0, 0, 0)","(0, 0, 0)","(0, 0, 0)","(0, 0, 0)","(0, 0, 0)","(0, 0, 0)","(0, 0, 0)","(0, 0, 0)","(0, 0, 0)","(0, 0, 0)","(0, 0, 0)",Negative
2849,"(0, 0, 0)","(0, 0, 0)","(0, 0, 0)","(0, 0, 0)","(0, 0, 0)","(0, 0, 0)","(0, 0, 0)","(0, 0, 0)","(0, 0, 0)","(0, 0, 0)","(0, 0, 0)","(0, 0, 0)","(0, 0, 0)","(0, 0, 0)","(0, 0, 0)","(0, 0, 0)","(0, 0, 0)","(0, 0, 0)","(0, 0, 0)","(0, 0, 0)","(0, 0, 0)",Negative
2850,"(0, 0, 0)","(0, 0, 0)","(0, 0, 0)","(0, 0, 0)","(0, 0, 0)","(0, 0, 0)","(0, 0, 0)","(0, 0, 0)","(0, 0, 0)","(0, 0, 0)","(0, 0, 0)","(0, 0, 0)","(0, 0, 0)","(0, 0, 0)","(0, 0, 0)","(0, 0, 0)","(0, 0, 0)","(0, 0, 0)","(0, 0, 0)","(0, 0, 0)","(0, 0, 0)",Negative
2851,"(0, 0, 0)","(0, 0, 0)","(0, 0, 0)","(0, 0, 0)","(0, 0, 0)","(0, 0, 0)","(0, 0, 0)","(0, 0, 0)","(0, 0, 0)","(0, 0, 0)","(0, 0, 0)","(0, 0, 0)","(0, 0, 0)","(0, 0, 0)","(0, 0, 0)","(0, 0, 0)","(0, 0, 0)","(0, 0, 0)","(0, 0, 0)","(0, 0, 0)","(0, 0, 0)",Negative
2852,"(0, 0, 0)","(0, 0, 0)","(0, 0, 0)","(0, 0, 0)","(0, 0, 0)","(0, 0, 0)","(0, 0, 0)","(0, 0, 0)","(0, 0, 0)","(0, 0, 0)","(0, 0, 0)","(0, 0, 0)","(0, 0, 0)","(0, 0, 0)","(0, 0, 0)","(0, 0, 0)","(0, 0, 0)","(0, 0, 0)","(0, 0, 0)","(0, 0, 0)","(0, 0, 0)",Negative
2853,"(0, 0, 0)","(0, 0, 0)","(0, 0, 0)","(0, 0, 0)","(0, 0, 0)","(0, 0, 0)","(0, 0, 0)","(0, 0, 0)","(0, 0, 0)","(0, 0, 0)","(0, 0, 0)","(0, 0, 0)","(0, 0, 0)","(0, 0, 0)","(0, 0, 0)","(0, 0, 0)","(0, 0, 0)","(0, 0, 0)","(0, 0, 0)","(0, 0, 0)","(0, 0, 0)",Negative
2854,"(0, 0, 0)","(0, 0, 0)","(0, 0, 0)","(0, 0, 0)","(0, 0, 0)","(0, 0, 0)","(0, 0, 0)","(0, 0, 0)","(0, 0, 0)","(0, 0, 0)","(0, 0, 0)","(0, 0, 0)","(0, 0, 0)","(0, 0, 0)","(0, 0, 0)","(0, 0, 0)","(0, 0, 0)","(0, 0, 0)","(0, 0, 0)","(0, 0, 0)","(0, 0, 0)",Negative
2855,"(0, 0, 0)","(0, 0, 0)","(0, 0, 0)","(0, 0, 0)","(0, 0, 0)","(0, 0, 0)","(0, 0, 0)","(0, 0, 0)","(0, 0, 0)","(0, 0, 0)","(0, 0, 0)","(0, 0, 0)","(0, 0, 0)","(0, 0, 0)","(0, 0, 0)","(0, 0, 0)","(0, 0, 0)","(0, 0, 0)","(0, 0, 0)","(0, 0, 0)","(0, 0, 0)",Negative
2856,"(0, 0, 0)","(0, 0, 0)","(0, 0, 0)","(0, 0, 0)","(0, 0, 0)","(0, 0, 0)","(0, 0, 0)","(0, 0, 0)","(0, 0, 0)","(0, 0, 0)","(0, 0, 0)","(0, 0, 0)","(0, 0, 0)","(0, 0, 0)","(0, 0, 0)","(0, 0, 0)","(0, 0, 0)","(0, 0, 0)","(0, 0, 0)","(0, 0, 0)","(0, 0, 0)",Negative
