Unnamed: 0,WRIST,THUMB_CMC,THUMB_MCP,THUMB_IP,THUMB_TIP,INDEX_FINGER_MCP,INDEX_FINGER_PIP,INDEX_FINGER_DIP,INDEX_FINGER_TIP,MIDDLE_FINGER_MCP,MIDDLE_FINGER_PIP,MIDDLE_FINGER_DIP,MIDDLE_FINGER_TIP,RING_FINGER_MCP,RING_FINGER_PIP,RING_FINGER_DIP,RING_FINGER_TIP,PINKY_MCP,PINKY_PIP,PINKY_DIP,PINKY_TIP,LABEL
1527,"(0.4911411702632904, 0.7288782000541687, -2.8351288960948295e-07)","(0.5464417338371277, 0.7804329991340637, 0.04930710420012474)","(0.5752917528152466, 0.7817448973655701, 0.084951251745224)","(0.5901304483413696, 0.7685471177101135, 0.11613045632839203)","(0.5850830674171448, 0.7588338851928711, 0.14773167669773102)","(0.6173093318939209, 0.6203131675720215, 0.0824473574757576)","(0.6077378988265991, 0.6326879262924194, 0.12047303467988968)","(0.5937848091125488, 0.6656660437583923, 0.13206209242343903)","(0.5846173763275146, 0.6833954453468323, 0.13610465824604034)","(0.5887905359268188, 0.5752414464950562, 0.07573631405830383)","(0.5871317386627197, 0.5926555395126343, 0.12347742170095444)","(0.5712519884109497, 0.6264777779579163, 0.12981560826301575)","(0.559235692024231, 0.6458151936531067, 0.12584412097930908)","(0.5552737712860107, 0.5492068529129028, 0.07352074980735779)","(0.5646714568138123, 0.5566002130508423, 0.11330725252628326)","(0.5551589131355286, 0.5834318399429321, 0.11447185277938843)","(0.5453197956085205, 0.6092798113822937, 0.10736962407827377)","(0.523679792881012, 0.5392153263092041, 0.07571990042924881)","(0.5302625894546509, 0.5383333563804626, 0.10644332319498062)","(0.5243386626243591, 0.5662710070610046, 0.11566755175590515)","(0.5176327228546143, 0.5881738066673279, 0.11839766800403595)",Grasp
1528,"(0.49162179231643677, 0.7266619801521301, -2.9990638950039283e-07)","(0.5479336977005005, 0.7813867330551147, 0.0577261783182621)","(0.576415479183197, 0.7831377387046814, 0.09940624237060547)","(0.5911330580711365, 0.7702369093894958, 0.13599428534507751)","(0.5842326283454895, 0.756137490272522, 0.1730434000492096)","(0.6175844073295593, 0.622347891330719, 0.09714341908693314)","(0.60899418592453, 0.6371095776557922, 0.1421116441488266)","(0.5952536463737488, 0.672252893447876, 0.1570301353931427)","(0.5861769914627075, 0.6861332654953003, 0.1629829853773117)","(0.5887175798416138, 0.5792984962463379, 0.09044457226991653)","(0.5891789197921753, 0.5961436629295349, 0.14361043274402618)","(0.5735373497009277, 0.6313332915306091, 0.15282653272151947)","(0.5599504113197327, 0.647934079170227, 0.1512051671743393)","(0.5561540722846985, 0.5526769757270813, 0.08893600851297379)","(0.5662962198257446, 0.5569944381713867, 0.13592511415481567)","(0.5581329464912415, 0.5846931338310242, 0.14075060188770294)","(0.5490099191665649, 0.6079217791557312, 0.13598844408988953)","(0.523837685585022, 0.5406630039215088, 0.09242276847362518)","(0.532267689704895, 0.5336934328079224, 0.13093313574790955)","(0.5279986262321472, 0.5592722296714783, 0.14479362964630127)","(0.5216525197029114, 0.5794814229011536, 0.15025556087493896)",Grasp
1529,"(0.4923478364944458, 0.7252697944641113, -2.733201256432949e-07)","(0.5477923154830933, 0.7782518863677979, 0.05078698322176933)","(0.5770798921585083, 0.7827940583229065, 0.08729752898216248)","(0.5920986533164978, 0.7698956727981567, 0.11955138295888901)","(0.5845872163772583, 0.754170298576355, 0.15217378735542297)","(0.6180232763290405, 0.6215076446533203, 0.08512691408395767)","(0.6101269721984863, 0.6341192126274109, 0.1259814202785492)","(0.5963680148124695, 0.6688482761383057, 0.1385783702135086)","(0.5870038270950317, 0.6849943995475769, 0.14304421842098236)","(0.5896012187004089, 0.5768997669219971, 0.07932230085134506)","(0.5903273820877075, 0.5945037603378296, 0.12926910817623138)","(0.574856698513031, 0.6288109421730042, 0.1354535073041916)","(0.5618552565574646, 0.6469129323959351, 0.13122184574604034)","(0.5569376349449158, 0.5499652624130249, 0.07852011173963547)","(0.5677087903022766, 0.5554805994033813, 0.12199721485376358)","(0.5594168305397034, 0.5826170444488525, 0.12361668050289154)","(0.549771249294281, 0.6073418855667114, 0.11630067974328995)","(0.5258045792579651, 0.5384867191314697, 0.0822935402393341)","(0.5336499810218811, 0.5339726209640503, 0.11708899587392807)","(0.5290026068687439, 0.5605015754699707, 0.128239706158638)","(0.5223772525787354, 0.5812479257583618, 0.1317584067583084)",Grasp
1530,"(0.49598997831344604, 0.7214156985282898, -2.7633419108497037e-07)","(0.549629807472229, 0.7753000855445862, 0.055927831679582596)","(0.5771448612213135, 0.7821006774902344, 0.09662366658449173)","(0.5916802883148193, 0.7705888152122498, 0.13207688927650452)","(0.5850149989128113, 0.7527222633361816, 0.1676628738641739)","(0.6181688904762268, 0.622082531452179, 0.09759034961462021)","(0.6081945896148682, 0.6270838379859924, 0.14248402416706085)","(0.5947898626327515, 0.6612424850463867, 0.1572328805923462)","(0.585754930973053, 0.6790014505386353, 0.16328859329223633)","(0.590753972530365, 0.5766071081161499, 0.09077472239732742)","(0.588089108467102, 0.5881802439689636, 0.14323657751083374)","(0.572190523147583, 0.622754693031311, 0.15003325045108795)","(0.5596393346786499, 0.6422339677810669, 0.14657306671142578)","(0.559116542339325, 0.5472113490104675, 0.08890929073095322)","(0.5666605830192566, 0.547029972076416, 0.13486677408218384)","(0.5574541091918945, 0.5751952528953552, 0.13701868057250977)","(0.5489757061004639, 0.6009697914123535, 0.13024592399597168)","(0.5273316502571106, 0.5328656435012817, 0.0919484943151474)","(0.5328540802001953, 0.5214799046516418, 0.13000760972499847)","(0.5278444290161133, 0.5451499819755554, 0.1427925080060959)","(0.5221421718597412, 0.5637458562850952, 0.14716924726963043)",Grasp
1531,"(0.49409589171409607, 0.7239927649497986, -3.189651067714294e-07)","(0.5485283732414246, 0.7753468751907349, 0.0601966418325901)","(0.5759276151657104, 0.7807210087776184, 0.10254503041505814)","(0.590711772441864, 0.7678642868995667, 0.13913831114768982)","(0.5866374373435974, 0.7523401975631714, 0.1757717877626419)","(0.6184454560279846, 0.6231394410133362, 0.09954608231782913)","(0.6081423759460449, 0.6229904890060425, 0.14585340023040771)","(0.5938618779182434, 0.6575804352760315, 0.16180798411369324)","(0.5844814777374268, 0.6762830018997192, 0.16851677000522614)","(0.590830385684967, 0.5783371925354004, 0.09134282171726227)","(0.5885478258132935, 0.5839124917984009, 0.14487260580062866)","(0.5715422034263611, 0.6187421083450317, 0.1527356207370758)","(0.5591285228729248, 0.6386463046073914, 0.14969199895858765)","(0.559170663356781, 0.5491063594818115, 0.08866327255964279)","(0.5667201280593872, 0.5464086532592773, 0.13603752851486206)","(0.5559610724449158, 0.5756126046180725, 0.13958796858787537)","(0.5468060970306396, 0.6015037298202515, 0.13326220214366913)","(0.5272613763809204, 0.5347678661346436, 0.09130235016345978)","(0.5343326330184937, 0.517956018447876, 0.1306265890598297)","(0.5290303826332092, 0.5411097407341003, 0.14479675889015198)","(0.5235354900360107, 0.5599647760391235, 0.1498361974954605)",Grasp
1532,"(0.49390050768852234, 0.7189397811889648, -3.1352018936559034e-07)","(0.5499538779258728, 0.7714507579803467, 0.06713234633207321)","(0.5766789317131042, 0.7803377509117126, 0.1147235557436943)","(0.5895280241966248, 0.770557701587677, 0.15551356971263885)","(0.5852738618850708, 0.7563911080360413, 0.19592902064323425)","(0.6173069477081299, 0.6226856708526611, 0.11655084043741226)","(0.6048645377159119, 0.6218298673629761, 0.16867956519126892)","(0.5899162888526917, 0.6596408486366272, 0.18579557538032532)","(0.5812301635742188, 0.6776412725448608, 0.19362947344779968)","(0.589438796043396, 0.5798500180244446, 0.10882589966058731)","(0.586368203163147, 0.5856664180755615, 0.16713322699069977)","(0.5678962469100952, 0.6224417686462402, 0.17363858222961426)","(0.5524370074272156, 0.6412935256958008, 0.17071028053760529)","(0.5581945180892944, 0.5513280630111694, 0.10732526332139969)","(0.5642096996307373, 0.5450772047042847, 0.16167743504047394)","(0.5553704500198364, 0.574248194694519, 0.16615146398544312)","(0.5464950799942017, 0.5993195176124573, 0.16088978946208954)","(0.5260055661201477, 0.5338960289955139, 0.1116076409816742)","(0.5343553423881531, 0.5076665282249451, 0.15992951393127441)","(0.5340700745582581, 0.5136515498161316, 0.1788547933101654)","(0.5330166816711426, 0.5175296068191528, 0.18671824038028717)",Grasp
1533,"(0.49757304787635803, 0.7253562808036804, -2.771400886558695e-07)","(0.549338698387146, 0.7755362391471863, 0.04513544589281082)","(0.5774491429328918, 0.7844294309616089, 0.07771950215101242)","(0.593132495880127, 0.7720882892608643, 0.10561743378639221)","(0.5895920395851135, 0.7595964670181274, 0.13305191695690155)","(0.6187889575958252, 0.6241490244865417, 0.07923534512519836)","(0.6088676452636719, 0.6148783564567566, 0.11639350652694702)","(0.5943716764450073, 0.6444862484931946, 0.12677618861198425)","(0.5855013728141785, 0.6658775210380554, 0.1302952617406845)","(0.592899739742279, 0.5752105712890625, 0.07267875224351883)","(0.5864670276641846, 0.5790010690689087, 0.1179882287979126)","(0.568915843963623, 0.6100003719329834, 0.11994422227144241)","(0.5587135553359985, 0.6324549913406372, 0.11327804625034332)","(0.5603416562080383, 0.545364499092102, 0.07046859711408615)","(0.5664979219436646, 0.5374664068222046, 0.10881464928388596)","(0.5562012791633606, 0.5630826950073242, 0.10702201724052429)","(0.549127995967865, 0.5912203788757324, 0.09785011410713196)","(0.5281211137771606, 0.5312402844429016, 0.07249109447002411)","(0.5319420099258423, 0.502701997756958, 0.10370182245969772)","(0.5287905335426331, 0.5124759674072266, 0.11354750394821167)","(0.5269229412078857, 0.5231564044952393, 0.11625002324581146)",Grasp
1534,"(0.49864307045936584, 0.7243976593017578, -2.862775829726161e-07)","(0.5498852729797363, 0.7764424085617065, 0.05012171342968941)","(0.5782304406166077, 0.7898778915405273, 0.08456927537918091)","(0.5945249795913696, 0.7741910815238953, 0.11290571093559265)","(0.5879398584365845, 0.7561112642288208, 0.1403658092021942)","(0.6179835796356201, 0.6272109150886536, 0.08846151828765869)","(0.6092123985290527, 0.608160674571991, 0.12672317028045654)","(0.5945972204208374, 0.6353602409362793, 0.13637302815914154)","(0.5855914950370789, 0.6591185331344604, 0.13956604897975922)","(0.5929316282272339, 0.5763415098190308, 0.0807136595249176)","(0.5835212469100952, 0.5765264630317688, 0.1287677139043808)","(0.5654330253601074, 0.6067302227020264, 0.1296217292547226)","(0.5572247505187988, 0.6303908228874207, 0.12154216319322586)","(0.5609453916549683, 0.5452667474746704, 0.07761090248823166)","(0.5629059672355652, 0.5387176871299744, 0.12012878060340881)","(0.5500900149345398, 0.5655092597007751, 0.11839904636144638)","(0.5436864495277405, 0.5948423743247986, 0.10836780071258545)","(0.5289703607559204, 0.5293756723403931, 0.07897970080375671)","(0.529578447341919, 0.507259726524353, 0.11555474251508713)","(0.5236961841583252, 0.5244958400726318, 0.12777189910411835)","(0.5205603837966919, 0.5413084030151367, 0.13144657015800476)",Grasp
1535,"(0.4978560507297516, 0.7274342775344849, -3.0054815169933136e-07)","(0.5489344000816345, 0.7776507139205933, 0.046911656856536865)","(0.5771331787109375, 0.7886813879013062, 0.07987400889396667)","(0.5939987301826477, 0.7753753066062927, 0.10728643834590912)","(0.5897558331489563, 0.7623224258422852, 0.13403892517089844)","(0.616630494594574, 0.6271661520004272, 0.08183242380619049)","(0.6100363731384277, 0.6065577268600464, 0.11924221366643906)","(0.5960144400596619, 0.6318567395210266, 0.13018099963665009)","(0.587114155292511, 0.6552323698997498, 0.1345057338476181)","(0.5918864607810974, 0.5765434503555298, 0.07449664175510406)","(0.5835512280464172, 0.5750389695167542, 0.12071351706981659)","(0.5660591721534729, 0.6039263606071472, 0.12293466180562973)","(0.5576912760734558, 0.6265876889228821, 0.11634011566638947)","(0.5594751834869385, 0.546245813369751, 0.071617491543293)","(0.5632489323616028, 0.5351127982139587, 0.11111325025558472)","(0.5501709580421448, 0.5613366961479187, 0.11027718335390091)","(0.5429742336273193, 0.589788556098938, 0.10157586634159088)","(0.526862621307373, 0.531906008720398, 0.07311233878135681)","(0.5297024250030518, 0.49532997608184814, 0.10638315975666046)","(0.5260613560676575, 0.4942070543766022, 0.11781063675880432)","(0.5246559977531433, 0.4952698349952698, 0.12135796248912811)",Grasp
1536,"(0.5000501871109009, 0.7290451526641846, -3.0985435728325683e-07)","(0.5488719344139099, 0.7777991890907288, 0.032183971256017685)","(0.5782513618469238, 0.7893050909042358, 0.05408154055476189)","(0.5952204465866089, 0.7772116661071777, 0.07124510407447815)","(0.589702308177948, 0.7618674039840698, 0.08697811514139175)","(0.6151308417320251, 0.6245602369308472, 0.055968765169382095)","(0.6046660542488098, 0.6044247150421143, 0.08002153784036636)","(0.5896655917167664, 0.6302465796470642, 0.08321629464626312)","(0.5807240009307861, 0.6582203507423401, 0.08363807946443558)","(0.5901246070861816, 0.573775589466095, 0.04817686229944229)","(0.5787961483001709, 0.5750077962875366, 0.08255498856306076)","(0.5618579983711243, 0.6020095944404602, 0.0800694078207016)","(0.5548146367073059, 0.6259909272193909, 0.07102204859256744)","(0.5566891431808472, 0.546257734298706, 0.043611884117126465)","(0.5574989318847656, 0.5356149077415466, 0.06972987204790115)","(0.5436206459999084, 0.5635525584220886, 0.06481436640024185)","(0.5366897583007812, 0.5926936864852905, 0.0549866259098053)","(0.5231517553329468, 0.5326966643333435, 0.04241481050848961)","(0.5293903946876526, 0.4830540418624878, 0.0627901628613472)","(0.529442310333252, 0.4611411690711975, 0.06951238214969635)","(0.5319916009902954, 0.4446696639060974, 0.07101908326148987)",Grasp
1537,"(0.49504706263542175, 0.7329599857330322, -3.6127042335465376e-07)","(0.5444555282592773, 0.7771819829940796, 0.03812757134437561)","(0.5753237009048462, 0.7866443395614624, 0.06271206587553024)","(0.5941475033760071, 0.7769989967346191, 0.08221013844013214)","(0.5904039740562439, 0.767182469367981, 0.09985536336898804)","(0.6134241819381714, 0.6246098279953003, 0.061919204890728)","(0.6010926961898804, 0.6069822311401367, 0.08721805363893509)","(0.586871325969696, 0.6356562376022339, 0.08767887949943542)","(0.5783050060272217, 0.6641620397567749, 0.08630269765853882)","(0.5878238677978516, 0.5773753523826599, 0.05257934331893921)","(0.5753469467163086, 0.580981969833374, 0.09094815701246262)","(0.5576905608177185, 0.6097171902656555, 0.08529926836490631)","(0.5510455369949341, 0.632980465888977, 0.07265360653400421)","(0.5541896820068359, 0.5498302578926086, 0.04750713333487511)","(0.5544357895851135, 0.5437319278717041, 0.07792036235332489)","(0.5400853753089905, 0.5755163431167603, 0.07239414751529694)","(0.5342391133308411, 0.6071228981018066, 0.06102406606078148)","(0.521285891532898, 0.5347678661346436, 0.046510256826877594)","(0.535831868648529, 0.47377967834472656, 0.07149435579776764)","(0.5441063046455383, 0.4461705982685089, 0.0813436433672905)","(0.5559960007667542, 0.42642509937286377, 0.08427843451499939)",Grasp
1538,"(0.4969656765460968, 0.7238132357597351, -2.9575824100902537e-07)","(0.5464578866958618, 0.772400975227356, 0.032478295266628265)","(0.5749264359474182, 0.7833822965621948, 0.0555875226855278)","(0.5936939716339111, 0.7739366292953491, 0.0738588199019432)","(0.5932073593139648, 0.7737702131271362, 0.09106592833995819)","(0.6121699213981628, 0.6189215779304504, 0.058517713099718094)","(0.6003273129463196, 0.6089707612991333, 0.08317617326974869)","(0.586878776550293, 0.6353294253349304, 0.0867656022310257)","(0.5796511173248291, 0.6607289910316467, 0.08682526648044586)","(0.5853612422943115, 0.5678033828735352, 0.05112644284963608)","(0.5721287727355957, 0.5779517889022827, 0.08656251430511475)","(0.5566638708114624, 0.6062946319580078, 0.0856521800160408)","(0.5504426956176758, 0.628457248210907, 0.07740862667560577)","(0.5513622760772705, 0.5433048009872437, 0.046600162982940674)","(0.5481824278831482, 0.545550525188446, 0.07302220165729523)","(0.5366026759147644, 0.5736492276191711, 0.06789259612560272)","(0.5302973985671997, 0.5993771553039551, 0.05788472667336464)","(0.5192022919654846, 0.5304457545280457, 0.045237768441438675)","(0.5186126232147217, 0.5032265782356262, 0.06521415710449219)","(0.5139412879943848, 0.5037198066711426, 0.07067038118839264)","(0.51140958070755, 0.505711555480957, 0.07145258039236069)",Grasp
1539,"(0.49337342381477356, 0.7253868579864502, -2.455826972891373e-07)","(0.5440624356269836, 0.7697826623916626, 0.028915928676724434)","(0.5735122561454773, 0.7772676348686218, 0.049361225217580795)","(0.5928428173065186, 0.7686030864715576, 0.06555608659982681)","(0.5914846062660217, 0.771725058555603, 0.08078522980213165)","(0.6085362434387207, 0.6126771569252014, 0.05092360079288483)","(0.6003088355064392, 0.6085622310638428, 0.07305517047643661)","(0.5877540707588196, 0.6343756914138794, 0.0773228332400322)","(0.5803762078285217, 0.656514585018158, 0.07763688266277313)","(0.5812569260597229, 0.5633530616760254, 0.04493238031864166)","(0.5712187886238098, 0.5755923986434937, 0.07768566161394119)","(0.5572298765182495, 0.6031376719474792, 0.07884684205055237)","(0.5502261519432068, 0.625815749168396, 0.07245054095983505)","(0.5478987693786621, 0.5424668192863464, 0.04146537929773331)","(0.5446622967720032, 0.5533183217048645, 0.06611999869346619)","(0.5350463390350342, 0.578623354434967, 0.06108979880809784)","(0.5276188254356384, 0.6026899814605713, 0.051524464040994644)","(0.5169114470481873, 0.5315584540367126, 0.040689703077077866)","(0.5121933817863464, 0.5355363488197327, 0.05757613107562065)","(0.5053386092185974, 0.5609927177429199, 0.06017662584781647)","(0.5002390146255493, 0.5845162272453308, 0.05971282348036766)",Grasp
1540,"(0.48628905415534973, 0.7254951596260071, -2.833075427588483e-07)","(0.5450389385223389, 0.769917368888855, 0.05670209601521492)","(0.5732150077819824, 0.775240421295166, 0.0993683859705925)","(0.5903722643852234, 0.7643876075744629, 0.13636140525341034)","(0.5879155397415161, 0.7636494040489197, 0.17380978167057037)","(0.6052852869033813, 0.6134308576583862, 0.10340338945388794)","(0.5971031785011292, 0.6093230247497559, 0.15066984295845032)","(0.5867117047309875, 0.6404958963394165, 0.16763480007648468)","(0.5799884796142578, 0.6610342860221863, 0.1748938411474228)","(0.5765615105628967, 0.5725400447845459, 0.09670737385749817)","(0.5690596103668213, 0.5756945610046387, 0.15078158676624298)","(0.5552703738212585, 0.610585629940033, 0.15758667886257172)","(0.5471031069755554, 0.6341110467910767, 0.154009610414505)","(0.54389888048172, 0.5498835444450378, 0.09456360340118408)","(0.5406613349914551, 0.5568640828132629, 0.14160677790641785)","(0.5320898294448853, 0.5851997137069702, 0.14010746777057648)","(0.5277724862098694, 0.6117271780967712, 0.13051758706569672)","(0.5134151577949524, 0.5410922765731812, 0.09727995842695236)","(0.5109050869941711, 0.5454210042953491, 0.1348041445016861)","(0.5043997764587402, 0.5749454498291016, 0.1434304267168045)","(0.5007779598236084, 0.5994765162467957, 0.14463140070438385)",Grasp
1541,"(0.488081693649292, 0.7193738222122192, -2.0037069248246553e-07)","(0.5479307174682617, 0.7690927386283875, 0.05396057292819023)","(0.5751903653144836, 0.7705771923065186, 0.10077117383480072)","(0.5889687538146973, 0.764447808265686, 0.1432541161775589)","(0.5883273482322693, 0.7640204429626465, 0.18727369606494904)","(0.6040095686912537, 0.6062906980514526, 0.10991200804710388)","(0.5985136032104492, 0.6187296509742737, 0.1604960411787033)","(0.58888840675354, 0.6510025262832642, 0.18035061657428741)","(0.5821967124938965, 0.6666433215141296, 0.190212681889534)","(0.5747066140174866, 0.5680969953536987, 0.1068301647901535)","(0.5733457207679749, 0.5795125961303711, 0.16616445779800415)","(0.5625571012496948, 0.6109786629676819, 0.18104897439479828)","(0.5532373785972595, 0.6320785880088806, 0.18422771990299225)","(0.5425801277160645, 0.5478945374488831, 0.10669103264808655)","(0.5463474988937378, 0.552791953086853, 0.1549721509218216)","(0.5398072004318237, 0.5783010125160217, 0.16040606796741486)","(0.5339488983154297, 0.6021761894226074, 0.15792804956436157)","(0.5114742517471313, 0.5401194095611572, 0.11083377152681351)","(0.5151334404945374, 0.5400607585906982, 0.14763706922531128)","(0.5108227133750916, 0.5650807619094849, 0.1589672863483429)","(0.5058178305625916, 0.5859535932540894, 0.16389796137809753)",Grasp
1542,"(0.4868125319480896, 0.7168364524841309, -2.5499397793282697e-07)","(0.548309326171875, 0.7684215903282166, 0.058863382786512375)","(0.5759441256523132, 0.7751260995864868, 0.1070912554860115)","(0.5892435908317566, 0.7655742764472961, 0.15015725791454315)","(0.5861563682556152, 0.7585213780403137, 0.1933605670928955)","(0.6038097739219666, 0.609906017780304, 0.11743533611297607)","(0.5962629318237305, 0.6198593378067017, 0.17182260751724243)","(0.5868361592292786, 0.6540486812591553, 0.19040422141551971)","(0.5803801417350769, 0.6686086654663086, 0.19864751398563385)","(0.575200617313385, 0.573259174823761, 0.11338859796524048)","(0.5718346238136292, 0.5860650539398193, 0.1738646775484085)","(0.5576185584068298, 0.6211687922477722, 0.18052271008491516)","(0.5457452535629272, 0.6400324106216431, 0.17700588703155518)","(0.5434138774871826, 0.549909234046936, 0.11394303292036057)","(0.5455291867256165, 0.5569177269935608, 0.16618475317955017)","(0.5363545417785645, 0.5864749550819397, 0.16549263894557953)","(0.5288815498352051, 0.6111913919448853, 0.1569984257221222)","(0.5122953057289124, 0.5366689562797546, 0.11964718252420425)","(0.5180943608283997, 0.5234710574150085, 0.16385164856910706)","(0.5169504284858704, 0.536251425743103, 0.17688608169555664)","(0.5146588683128357, 0.5472297668457031, 0.1805117279291153)",Grasp
1543,"(0.48766860365867615, 0.7210298776626587, -2.388905500083638e-07)","(0.545599639415741, 0.7712888717651367, 0.05727534368634224)","(0.5737105011940002, 0.7764996886253357, 0.10400757938623428)","(0.5891425609588623, 0.7665615677833557, 0.1454680860042572)","(0.5879886150360107, 0.7605991959571838, 0.18765529990196228)","(0.6035028696060181, 0.614597737789154, 0.11427426338195801)","(0.5971855521202087, 0.6142134070396423, 0.16560722887516022)","(0.5871068835258484, 0.6439997553825378, 0.18414022028446198)","(0.5802925825119019, 0.6607983708381653, 0.19296219944953918)","(0.5759769678115845, 0.5739716291427612, 0.10935055464506149)","(0.571729302406311, 0.5786662101745605, 0.16684532165527344)","(0.5577725172042847, 0.6104366183280945, 0.17600342631340027)","(0.5479435324668884, 0.6310679912567139, 0.17500373721122742)","(0.5447328686714172, 0.5480784773826599, 0.10829813778400421)","(0.5467947125434875, 0.5470312833786011, 0.1565285474061966)","(0.5368024110794067, 0.5728095173835754, 0.1589166522026062)","(0.5304745435714722, 0.5975427627563477, 0.1537250578403473)","(0.513774037361145, 0.5353392958641052, 0.11211242526769638)","(0.5202527046203613, 0.5173366665840149, 0.1524083912372589)","(0.5170162320137024, 0.5328425765037537, 0.16603386402130127)","(0.5139197111129761, 0.5482913851737976, 0.1713680922985077)",Grasp
1544,"(0.4876710772514343, 0.7233366370201111, -2.596680133137852e-07)","(0.5432568192481995, 0.7724533081054688, 0.051575493067502975)","(0.5729822516441345, 0.7782950401306152, 0.09319479763507843)","(0.5903457403182983, 0.766786515712738, 0.1296311467885971)","(0.5890614986419678, 0.7584011554718018, 0.16613252460956573)","(0.6020790338516235, 0.6163092255592346, 0.1027323305606842)","(0.5976561903953552, 0.6113576889038086, 0.1488000452518463)","(0.5870872735977173, 0.6368163824081421, 0.16425782442092896)","(0.5789548754692078, 0.6555017232894897, 0.1713237315416336)","(0.5760888457298279, 0.5741324424743652, 0.0967659279704094)","(0.5699434280395508, 0.5800343751907349, 0.14842712879180908)","(0.5553837418556213, 0.6094812154769897, 0.1529160588979721)","(0.5469257831573486, 0.6300743818283081, 0.1485040783882141)","(0.5444408655166626, 0.5473712682723999, 0.09463644027709961)","(0.5448300242424011, 0.547531247138977, 0.1362799108028412)","(0.5336215496063232, 0.5745500326156616, 0.1359487771987915)","(0.5277968645095825, 0.6009555459022522, 0.1290144920349121)","(0.5128992199897766, 0.5344388484954834, 0.09719813615083694)","(0.5207158327102661, 0.50383061170578, 0.13199248909950256)","(0.5212705135345459, 0.5023977160453796, 0.14369918406009674)","(0.522908091545105, 0.5042051076889038, 0.14762602746486664)",Grasp
1545,"(0.4904939532279968, 0.7242840528488159, -2.2943788735574344e-07)","(0.5408756136894226, 0.7681334018707275, 0.03008137457072735)","(0.5714167952537537, 0.77655029296875, 0.05331577733159065)","(0.5915822982788086, 0.7644357681274414, 0.07271802425384521)","(0.589762270450592, 0.760342538356781, 0.09174704551696777)","(0.6001254320144653, 0.6198322176933289, 0.05559771507978439)","(0.6005541682243347, 0.6034224033355713, 0.08068181574344635)","(0.5878934860229492, 0.62171870470047, 0.08899573981761932)","(0.5779063701629639, 0.6460152268409729, 0.09269912540912628)","(0.575951337814331, 0.5686841011047363, 0.05150868371129036)","(0.5663757920265198, 0.575090229511261, 0.08434513211250305)","(0.5520362257957458, 0.6018223166465759, 0.08709925413131714)","(0.5461843609809875, 0.6255651116371155, 0.0829550102353096)","(0.5449331402778625, 0.5440754294395447, 0.04992501065135002)","(0.540227472782135, 0.5509345531463623, 0.07508581876754761)","(0.5310397148132324, 0.5757601261138916, 0.07148348540067673)","(0.5251752734184265, 0.6002519130706787, 0.06367028504610062)","(0.5152767300605774, 0.5303058624267578, 0.05127270519733429)","(0.5117301940917969, 0.5303044319152832, 0.06954719126224518)","(0.505309522151947, 0.554660439491272, 0.07304088771343231)","(0.5009768605232239, 0.578267514705658, 0.07354487478733063)",Grasp
1546,"(0.4844074547290802, 0.7317559719085693, -2.961165819215239e-07)","(0.5369056463241577, 0.772121787071228, 0.03817051649093628)","(0.568747341632843, 0.778287410736084, 0.0670352578163147)","(0.5902215242385864, 0.7643463015556335, 0.09195604175329208)","(0.58812415599823, 0.7549902200698853, 0.11718076467514038)","(0.5990366339683533, 0.6229926943778992, 0.06419383734464645)","(0.601497232913971, 0.6002305150032043, 0.09297660738229752)","(0.5896191596984863, 0.6157300472259521, 0.1045355424284935)","(0.5787907242774963, 0.6393536329269409, 0.1104692742228508)","(0.5758583545684814, 0.5730190277099609, 0.05918833613395691)","(0.5675386190414429, 0.5759473443031311, 0.09492597728967667)","(0.5525975227355957, 0.6052728891372681, 0.10001526027917862)","(0.5458042025566101, 0.6291819214820862, 0.09768442064523697)","(0.5451505780220032, 0.5474592447280884, 0.05731331929564476)","(0.5409876704216003, 0.5567139387130737, 0.0862862691283226)","(0.5306907892227173, 0.5815502405166626, 0.08471572399139404)","(0.5246367454528809, 0.6064850687980652, 0.07783162593841553)","(0.5157128572463989, 0.5352084636688232, 0.0589970126748085)","(0.5097941160202026, 0.5431044101715088, 0.08092264831066132)","(0.5026454329490662, 0.5701755285263062, 0.08501911163330078)","(0.4987611174583435, 0.5945265889167786, 0.08562742918729782)",Grasp
1547,"(0.4850006699562073, 0.7269125580787659, -2.6003564812526747e-07)","(0.5378879904747009, 0.7684973478317261, 0.039788343012332916)","(0.5675271153450012, 0.7754411697387695, 0.07030431181192398)","(0.5879451036453247, 0.7637959122657776, 0.09635185450315475)","(0.5871098637580872, 0.7569168210029602, 0.12269844114780426)","(0.5982969999313354, 0.6225088238716125, 0.07078004628419876)","(0.5997880101203918, 0.5999420881271362, 0.10158489644527435)","(0.5876869559288025, 0.6156681776046753, 0.11364012211561203)","(0.5773524641990662, 0.6384703516960144, 0.11967694759368896)","(0.5746634006500244, 0.5742579698562622, 0.06569322198629379)","(0.5666038393974304, 0.5774548649787903, 0.1034657284617424)","(0.5525354743003845, 0.6057441830635071, 0.10832104086875916)","(0.5458499789237976, 0.630329430103302, 0.10567536950111389)","(0.5435775518417358, 0.5497853755950928, 0.06358545273542404)","(0.5396773219108582, 0.5615549087524414, 0.0944170355796814)","(0.5301487445831299, 0.5864623785018921, 0.09228697419166565)","(0.5245399475097656, 0.6121308207511902, 0.08487493544816971)","(0.5129737257957458, 0.5381472110748291, 0.06503714621067047)","(0.5074901580810547, 0.5484620332717896, 0.08822698891162872)","(0.5010122060775757, 0.5760321617126465, 0.0919155478477478)","(0.49763399362564087, 0.600746750831604, 0.09204909950494766)",Grasp
1548,"(0.48602667450904846, 0.7269824743270874, -2.4702001155674225e-07)","(0.5386381149291992, 0.7687434554100037, 0.036303769797086716)","(0.5687866806983948, 0.7741844654083252, 0.06409178674221039)","(0.5890948176383972, 0.7625952363014221, 0.08777938783168793)","(0.5863252282142639, 0.7563825845718384, 0.11160466074943542)","(0.5983232855796814, 0.6205490827560425, 0.06420937180519104)","(0.5988768935203552, 0.6019579172134399, 0.0923171266913414)","(0.5866185426712036, 0.6199127435684204, 0.10253332555294037)","(0.5766293406486511, 0.6430972218513489, 0.10726793855428696)","(0.5737960934638977, 0.5736514925956726, 0.05952528119087219)","(0.5652762055397034, 0.5800211429595947, 0.09522628039121628)","(0.5512117743492126, 0.6084631681442261, 0.09927155822515488)","(0.5446944832801819, 0.6323807835578918, 0.0959283709526062)","(0.542186975479126, 0.5504953861236572, 0.05765889585018158)","(0.5384120345115662, 0.5645667910575867, 0.08626686036586761)","(0.5293753743171692, 0.5893757939338684, 0.08343019336462021)","(0.5235110521316528, 0.6150424480438232, 0.07562381029129028)","(0.5117751955986023, 0.5395012497901917, 0.05910755321383476)","(0.5062653422355652, 0.5518880486488342, 0.07995996624231339)","(0.4995037019252777, 0.5790419578552246, 0.08271010965108871)","(0.49579155445098877, 0.603108823299408, 0.08234911412000656)",Grasp
1549,"(0.4845327138900757, 0.7299627065658569, -2.610999274565984e-07)","(0.5379276275634766, 0.7705579996109009, 0.03335515037178993)","(0.5692740082740784, 0.7741674780845642, 0.05913647264242172)","(0.5890558958053589, 0.7639550566673279, 0.08164259791374207)","(0.5854432582855225, 0.7578504681587219, 0.10435006022453308)","(0.5992797613143921, 0.616707980632782, 0.05665171518921852)","(0.5974030494689941, 0.6143147945404053, 0.08219140022993088)","(0.5856313109397888, 0.6369919180870056, 0.08973903208971024)","(0.5759707093238831, 0.6578069925308228, 0.09231940656900406)","(0.5730014443397522, 0.5721185207366943, 0.05211220309138298)","(0.5655811429023743, 0.5876637697219849, 0.08611877262592316)","(0.5520301461219788, 0.617123544216156, 0.08893284201622009)","(0.5442065596580505, 0.6373409032821655, 0.08420094102621078)","(0.5407898426055908, 0.5505706071853638, 0.05044098198413849)","(0.5386872887611389, 0.5692713856697083, 0.07724077999591827)","(0.5297825336456299, 0.5944688320159912, 0.07371951639652252)","(0.5223948955535889, 0.6172225475311279, 0.06522087752819061)","(0.5111859440803528, 0.5404510498046875, 0.05189511179924011)","(0.5082748532295227, 0.5548007488250732, 0.07043671607971191)","(0.5017145872116089, 0.5814944505691528, 0.07244492322206497)","(0.49685829877853394, 0.6036697030067444, 0.07155492156744003)",Grasp
1550,"(0.48732972145080566, 0.7307455539703369, -2.1958418017220538e-07)","(0.5405766367912292, 0.7709308862686157, 0.027470774948596954)","(0.5716594457626343, 0.7740830183029175, 0.047800932079553604)","(0.5906060934066772, 0.7651340961456299, 0.06475649774074554)","(0.5842827558517456, 0.7611187100410461, 0.08144164085388184)","(0.5998865365982056, 0.6156077980995178, 0.04662197455763817)","(0.5978162884712219, 0.6206037998199463, 0.06554331630468369)","(0.5861957669258118, 0.6465400457382202, 0.06839138269424438)","(0.5759332180023193, 0.6673021912574768, 0.0681871622800827)","(0.5731430053710938, 0.571108341217041, 0.04198820888996124)","(0.5670347213745117, 0.5928536653518677, 0.07061345130205154)","(0.5546067953109741, 0.6227195262908936, 0.07111668586730957)","(0.5458979606628418, 0.6429010033607483, 0.06509396433830261)","(0.5407151579856873, 0.5516037940979004, 0.03969256207346916)","(0.5384925603866577, 0.574833869934082, 0.06239878758788109)","(0.5303412675857544, 0.6008219122886658, 0.058079708367586136)","(0.5222219228744507, 0.623099148273468, 0.04937410354614258)","(0.5107272267341614, 0.5416879057884216, 0.03988787904381752)","(0.5086438059806824, 0.5606637597084045, 0.0552826002240181)","(0.5023074150085449, 0.5870445966720581, 0.05655984953045845)","(0.4966726005077362, 0.6083760261535645, 0.055349286645650864)",Grasp
1551,"(0.48644739389419556, 0.7332696318626404, -2.2928047371806315e-07)","(0.5386242270469666, 0.7731503844261169, 0.026113538071513176)","(0.5696361064910889, 0.7754560708999634, 0.045460060238838196)","(0.5903061032295227, 0.7678309082984924, 0.06179044395685196)","(0.5864554047584534, 0.7636195421218872, 0.07788413017988205)","(0.5998109579086304, 0.6168770790100098, 0.04224928468465805)","(0.5992064476013184, 0.6190736293792725, 0.06075814738869667)","(0.5874515771865845, 0.6427383422851562, 0.06457697600126266)","(0.5771914720535278, 0.6624789834022522, 0.06517224758863449)","(0.5739104747772217, 0.5717319250106812, 0.03802640363574028)","(0.5678324699401855, 0.5937599539756775, 0.06600072234869003)","(0.5554834008216858, 0.6235721707344055, 0.06793517619371414)","(0.5470043420791626, 0.6436017155647278, 0.06309796124696732)","(0.5419492721557617, 0.5519378781318665, 0.03614430874586105)","(0.5400214195251465, 0.5760711431503296, 0.058373577892780304)","(0.5316522717475891, 0.6022539138793945, 0.055065762251615524)","(0.5233054757118225, 0.623794436454773, 0.047166477888822556)","(0.511734664440155, 0.5413457751274109, 0.03661874681711197)","(0.5102877616882324, 0.5603335499763489, 0.051419947296381)","(0.504145085811615, 0.5868088006973267, 0.052831050008535385)","(0.49838942289352417, 0.6081758737564087, 0.05188978835940361)",Grasp
1552,"(0.48872891068458557, 0.7312387824058533, -2.0522681154488964e-07)","(0.5396195650100708, 0.7708104252815247, 0.024692151695489883)","(0.5709896087646484, 0.774183988571167, 0.04263727366924286)","(0.5911238193511963, 0.767623782157898, 0.05742211267352104)","(0.5877031087875366, 0.7660562992095947, 0.07178381830453873)","(0.6009188890457153, 0.6134216785430908, 0.041252702474594116)","(0.598084568977356, 0.6129366159439087, 0.05847187340259552)","(0.5861149430274963, 0.6362531185150146, 0.06144585832953453)","(0.5765408277511597, 0.657747745513916, 0.06168030574917793)","(0.5745158791542053, 0.5683437585830688, 0.03690647706389427)","(0.5657839179039001, 0.5869543552398682, 0.06375595927238464)","(0.5533667802810669, 0.6169261336326599, 0.06493895500898361)","(0.5457009077072144, 0.6399071216583252, 0.059792984277009964)","(0.5424220561981201, 0.5486960411071777, 0.034692052751779556)","(0.5371110439300537, 0.5706228017807007, 0.05571305751800537)","(0.5288921594619751, 0.5968677997589111, 0.05182122439146042)","(0.5214884281158447, 0.6205035448074341, 0.043842460960149765)","(0.5121840834617615, 0.5381872057914734, 0.03468121588230133)","(0.507840633392334, 0.5558458566665649, 0.048744551837444305)","(0.5015719532966614, 0.5823252201080322, 0.04988455772399902)","(0.49675866961479187, 0.6040691137313843, 0.048932939767837524)",Grasp
1553,"(0.4898020923137665, 0.7241755723953247, -2.4085238692350686e-07)","(0.5409529805183411, 0.7652484178543091, 0.028186382725834846)","(0.5715628862380981, 0.768836259841919, 0.04848374426364899)","(0.5918702483177185, 0.7612345218658447, 0.0656101331114769)","(0.590285062789917, 0.7624444961547852, 0.08258920907974243)","(0.6043697595596313, 0.6032667756080627, 0.04685727506875992)","(0.597013533115387, 0.6154605746269226, 0.06592241674661636)","(0.5844640135765076, 0.6441786289215088, 0.06793998181819916)","(0.575477123260498, 0.6649614572525024, 0.06696712225675583)","(0.5765217542648315, 0.560355007648468, 0.04202788323163986)","(0.5669991970062256, 0.584941029548645, 0.0721856877207756)","(0.5544158220291138, 0.6172765493392944, 0.07303085178136826)","(0.5468227863311768, 0.6387312412261963, 0.06665405631065369)","(0.543505072593689, 0.5414272546768188, 0.03966996818780899)","(0.5384027361869812, 0.5670913457870483, 0.06358115375041962)","(0.5302465558052063, 0.5949867963790894, 0.059738095849752426)","(0.5232721567153931, 0.6187867522239685, 0.05097126215696335)","(0.5131919384002686, 0.5329453349113464, 0.03982260823249817)","(0.5095105171203613, 0.5535080432891846, 0.05629687011241913)","(0.5029447078704834, 0.5818262696266174, 0.05834462493658066)","(0.49810975790023804, 0.603175699710846, 0.05750318989157677)",Grasp
1554,"(0.4876893162727356, 0.7182607054710388, -2.6589077606331557e-07)","(0.5427953004837036, 0.760408341884613, 0.033706095069646835)","(0.5733649730682373, 0.7657591104507446, 0.058435991406440735)","(0.5944421291351318, 0.7576268911361694, 0.07983563095331192)","(0.5880997776985168, 0.7506074905395508, 0.10139710456132889)","(0.6043733954429626, 0.5991846919059753, 0.05600695312023163)","(0.6006982326507568, 0.6121437549591064, 0.07988683879375458)","(0.588635265827179, 0.6417325735092163, 0.08381737768650055)","(0.5791527628898621, 0.6605048179626465, 0.08364305645227432)","(0.5758367776870728, 0.5572974681854248, 0.05139723792672157)","(0.5708317160606384, 0.5808337330818176, 0.08632031083106995)","(0.5581520795822144, 0.6142516136169434, 0.08815312385559082)","(0.549149751663208, 0.6337777376174927, 0.08174622803926468)","(0.5422382354736328, 0.538963794708252, 0.04983225464820862)","(0.5420499444007874, 0.5642813444137573, 0.07866981625556946)","(0.5337076783180237, 0.5926638841629028, 0.07593124359846115)","(0.5259577035903931, 0.6162933707237244, 0.06707067787647247)","(0.5125524401664734, 0.5312517881393433, 0.05129522457718849)","(0.513306736946106, 0.5510756969451904, 0.07225022464990616)","(0.5064000487327576, 0.5794757604598999, 0.07589150965213776)","(0.5006479024887085, 0.6010125279426575, 0.07544106990098953)",Grasp
1555,"(0.4879329800605774, 0.7175189852714539, -2.469679714067752e-07)","(0.5417744517326355, 0.7584220170974731, 0.029022902250289917)","(0.5722190141677856, 0.7638517618179321, 0.05021039396524429)","(0.593917191028595, 0.7558552026748657, 0.06850045174360275)","(0.588970422744751, 0.7515484094619751, 0.08682220429182053)","(0.6034032106399536, 0.6002586483955383, 0.04487164691090584)","(0.6025344133377075, 0.6029296517372131, 0.0649578869342804)","(0.5900228023529053, 0.6289414167404175, 0.06919840723276138)","(0.5798921585083008, 0.6494605541229248, 0.06994186341762543)","(0.5755617022514343, 0.5559417605400085, 0.04086959362030029)","(0.5713033080101013, 0.5735488533973694, 0.07159758359193802)","(0.5587025880813599, 0.6050930023193359, 0.07428877055644989)","(0.5502858757972717, 0.6261754631996155, 0.06924745440483093)","(0.5426934361457825, 0.5369753837585449, 0.03967604786157608)","(0.5421781539916992, 0.558234691619873, 0.06514686346054077)","(0.5335507392883301, 0.5856953263282776, 0.0624505914747715)","(0.5258241295814514, 0.6091086864471436, 0.05412555858492851)","(0.5131531953811646, 0.5277560949325562, 0.04114739969372749)","(0.5127225518226624, 0.5458152294158936, 0.05905350670218468)","(0.505746603012085, 0.5733726620674133, 0.0614645816385746)","(0.5007711052894592, 0.5954122543334961, 0.06061381474137306)",Grasp
1556,"(0.4893629550933838, 0.7154356241226196, -2.4136755882864236e-07)","(0.5420198440551758, 0.7566198110580444, 0.030008060857653618)","(0.5720919966697693, 0.7629244327545166, 0.051493991166353226)","(0.5932525992393494, 0.7548063397407532, 0.06971945613622665)","(0.5893806219100952, 0.7495173215866089, 0.08782141655683517)","(0.6038627028465271, 0.5998218655586243, 0.047422561794519424)","(0.6023381352424622, 0.5991876125335693, 0.06830255687236786)","(0.589890718460083, 0.6243666410446167, 0.07281449437141418)","(0.5797562003135681, 0.6455538272857666, 0.07375102490186691)","(0.5771374106407166, 0.5548635721206665, 0.04307074844837189)","(0.5704874396324158, 0.5706120729446411, 0.07510387152433395)","(0.5578144192695618, 0.601872980594635, 0.07783050835132599)","(0.5502919554710388, 0.6241723895072937, 0.07259123772382736)","(0.5446343421936035, 0.5354491472244263, 0.041490741074085236)","(0.5413165092468262, 0.5566940903663635, 0.06793908029794693)","(0.5327112674713135, 0.5848909020423889, 0.06508802622556686)","(0.5257912874221802, 0.6094762682914734, 0.05643196403980255)","(0.5150384902954102, 0.525712251663208, 0.04261412471532822)","(0.5124115943908691, 0.5440530180931091, 0.061310265213251114)","(0.5052569508552551, 0.5724841952323914, 0.06382530927658081)","(0.500519871711731, 0.5954132080078125, 0.06289619952440262)",Grasp
1557,"(0.4918524920940399, 0.7128442525863647, -2.9496067099898937e-07)","(0.5439786911010742, 0.7548273205757141, 0.03779169172048569)","(0.5728291273117065, 0.7617053985595703, 0.06475761532783508)","(0.5917050242424011, 0.752501368522644, 0.08799730986356735)","(0.5879321694374084, 0.747645378112793, 0.11083152145147324)","(0.6095429062843323, 0.5981813073158264, 0.06015225872397423)","(0.5998103618621826, 0.6120535731315613, 0.08795762062072754)","(0.5874788165092468, 0.6426504850387573, 0.09390973299741745)","(0.5797401070594788, 0.6619462966918945, 0.09459909796714783)","(0.581851065158844, 0.5564368963241577, 0.054441552609205246)","(0.572491466999054, 0.581962525844574, 0.09425785392522812)","(0.5584670305252075, 0.6145962476730347, 0.09668444842100143)","(0.5508524775505066, 0.6334654688835144, 0.08950375020503998)","(0.5489382147789001, 0.5371879935264587, 0.0524241141974926)","(0.5445702075958252, 0.5632818937301636, 0.0850006565451622)","(0.5353153347969055, 0.592014491558075, 0.0816829651594162)","(0.5285507440567017, 0.6150935292243958, 0.07123684883117676)","(0.5196424126625061, 0.5266810655593872, 0.05384356155991554)","(0.5164921879768372, 0.5455970168113708, 0.07697255164384842)","(0.5091279149055481, 0.575425386428833, 0.08081024140119553)","(0.5041709542274475, 0.5970876216888428, 0.07987569272518158)",Grasp
1558,"(0.49596840143203735, 0.7122822999954224, -2.643205050389952e-07)","(0.55086350440979, 0.7600268721580505, 0.03842471167445183)","(0.5801047682762146, 0.7678762078285217, 0.06683795154094696)","(0.5956874489784241, 0.7511303424835205, 0.09153484553098679)","(0.5865300297737122, 0.7370991706848145, 0.11570044606924057)","(0.610926628112793, 0.6014007925987244, 0.06500621140003204)","(0.6024214029312134, 0.6145671606063843, 0.09639644622802734)","(0.5908111333847046, 0.6479774713516235, 0.10406796634197235)","(0.583136796951294, 0.6662091016769409, 0.10556376725435257)","(0.5821689963340759, 0.5625999569892883, 0.060068290680646896)","(0.5748806595802307, 0.5864275097846985, 0.10262701660394669)","(0.561622142791748, 0.6184841394424438, 0.10461518168449402)","(0.5533047914505005, 0.6349225044250488, 0.0967613235116005)","(0.5489514470100403, 0.54414963722229, 0.059002332389354706)","(0.5476171374320984, 0.568915605545044, 0.0939471498131752)","(0.5385433435440063, 0.5968437790870667, 0.09050867706537247)","(0.5314958095550537, 0.6183508038520813, 0.07971587032079697)","(0.5196283459663391, 0.5339710712432861, 0.06152617931365967)","(0.5192142724990845, 0.5490174293518066, 0.08761603385210037)","(0.5127460956573486, 0.5773322582244873, 0.09286239743232727)","(0.507820188999176, 0.5976690053939819, 0.09239508211612701)",Grasp
1559,"(0.495968759059906, 0.7145301699638367, -2.652852515439008e-07)","(0.5511080622673035, 0.7608335614204407, 0.039497509598731995)","(0.5800053477287292, 0.766876220703125, 0.06925609707832336)","(0.5950018763542175, 0.7503823637962341, 0.09531189501285553)","(0.585936963558197, 0.7368384003639221, 0.12103080004453659)","(0.6117644906044006, 0.6043186783790588, 0.0668259784579277)","(0.6052709221839905, 0.6158943176269531, 0.09916859865188599)","(0.5940511226654053, 0.6477459669113159, 0.10791722685098648)","(0.5859286189079285, 0.6656350493431091, 0.11004984378814697)","(0.5828166007995605, 0.5649529695510864, 0.06187709793448448)","(0.5763171911239624, 0.5874882936477661, 0.10449723899364471)","(0.5633907318115234, 0.6188854575157166, 0.10712635517120361)","(0.5550802946090698, 0.6352630853652954, 0.09989230334758759)","(0.5495877265930176, 0.5464649796485901, 0.06077460199594498)","(0.5488730072975159, 0.5697004795074463, 0.0957207903265953)","(0.540607213973999, 0.5972223877906799, 0.09254729002714157)","(0.5337742567062378, 0.6182495355606079, 0.08207406848669052)","(0.5200101733207703, 0.5369518995285034, 0.06337413191795349)","(0.52073073387146, 0.552105724811554, 0.0892416387796402)","(0.5146896839141846, 0.5800306797027588, 0.09419959783554077)","(0.5095919966697693, 0.6003395318984985, 0.09361637383699417)",Grasp
1560,"(0.4944614768028259, 0.7148213386535645, -2.5640102307988855e-07)","(0.5510630011558533, 0.7609792351722717, 0.03688207268714905)","(0.5797548294067383, 0.7628135681152344, 0.06573937833309174)","(0.59480881690979, 0.7465766668319702, 0.09111999720335007)","(0.5867815017700195, 0.7333157062530518, 0.1164901927113533)","(0.6108509302139282, 0.6007475256919861, 0.06447960436344147)","(0.6036381721496582, 0.6164431571960449, 0.09364987164735794)","(0.5922374129295349, 0.6481075286865234, 0.10072921216487885)","(0.5837092399597168, 0.666660726070404, 0.10204547643661499)","(0.5808869004249573, 0.561977744102478, 0.05945199355483055)","(0.5737879872322083, 0.5851424336433411, 0.09851987659931183)","(0.5611687898635864, 0.6166871786117554, 0.10069386661052704)","(0.552823543548584, 0.6338891983032227, 0.09390439093112946)","(0.5464693903923035, 0.5445194244384766, 0.05766512453556061)","(0.5458665490150452, 0.5675053596496582, 0.0884566679596901)","(0.5378694534301758, 0.5945674180984497, 0.08515835553407669)","(0.5307146310806274, 0.6160603761672974, 0.07571302354335785)","(0.5159164667129517, 0.5379565954208374, 0.05931789427995682)","(0.5160992741584778, 0.5532134771347046, 0.08114784210920334)","(0.5103251338005066, 0.5801721811294556, 0.08489441126585007)","(0.5051773190498352, 0.600006639957428, 0.08432497084140778)",Release
1561,"(0.4887876510620117, 0.7101818323135376, -2.4843154733389383e-07)","(0.5482382774353027, 0.7594077587127686, 0.042902253568172455)","(0.5777304172515869, 0.7624601721763611, 0.07818763703107834)","(0.5941824913024902, 0.7469147443771362, 0.10937727242708206)","(0.5868322849273682, 0.7351474761962891, 0.14095574617385864)","(0.6038209795951843, 0.6012809872627258, 0.08190552145242691)","(0.6026248931884766, 0.6068218946456909, 0.11863120645284653)","(0.5931000709533691, 0.6366378664970398, 0.13080231845378876)","(0.5840845704078674, 0.6563370227813721, 0.13554249703884125)","(0.5744006037712097, 0.5632822513580322, 0.07740765064954758)","(0.5708097219467163, 0.5803927779197693, 0.12209802865982056)","(0.5593768358230591, 0.6123592853546143, 0.12661771476268768)","(0.5507023930549622, 0.6312575936317444, 0.12201172858476639)","(0.5411115884780884, 0.5457899570465088, 0.07602664083242416)","(0.540266752243042, 0.5662093162536621, 0.11234015971422195)","(0.533221960067749, 0.5942039489746094, 0.10964526236057281)","(0.5277419090270996, 0.6158462762832642, 0.1006891056895256)","(0.5103536248207092, 0.5401331782341003, 0.0784604623913765)","(0.5109546184539795, 0.5532141923904419, 0.1054820567369461)","(0.5064920783042908, 0.580893874168396, 0.11029528081417084)","(0.5028064250946045, 0.6025952696800232, 0.11007422208786011)",Release
1562,"(0.481105238199234, 0.7045160531997681, -2.0898396257962304e-07)","(0.5457836985588074, 0.7535899877548218, 0.04646621271967888)","(0.5765329003334045, 0.7534802556037903, 0.08661289513111115)","(0.591858983039856, 0.7405163049697876, 0.1229177713394165)","(0.5858874320983887, 0.7286267876625061, 0.15972788631916046)","(0.6009400486946106, 0.5894249677658081, 0.09391792863607407)","(0.5995506048202515, 0.6118332147598267, 0.13905461132526398)","(0.5911192893981934, 0.6483995318412781, 0.15323330461978912)","(0.583707869052887, 0.663981556892395, 0.1578405201435089)","(0.5684601664543152, 0.5565570592880249, 0.09055357426404953)","(0.5712814927101135, 0.586495578289032, 0.14513888955116272)","(0.5612130165100098, 0.6223577857017517, 0.15064877271652222)","(0.5504518151283264, 0.6403043866157532, 0.1449834406375885)","(0.5343830585479736, 0.5431249737739563, 0.09075555205345154)","(0.5404378771781921, 0.5688538551330566, 0.13582955300807953)","(0.5349633097648621, 0.5991172790527344, 0.1333763152360916)","(0.5282515287399292, 0.6211791634559631, 0.12294795364141464)","(0.5034123659133911, 0.539862334728241, 0.09485944360494614)","(0.5110428929328918, 0.5539506077766418, 0.12769681215286255)","(0.5080937743186951, 0.5812552571296692, 0.1338450312614441)","(0.5034135580062866, 0.602125346660614, 0.1333884745836258)",Release
1563,"(0.4717591404914856, 0.7008605599403381, -1.4804130898937728e-07)","(0.5443066358566284, 0.7496395707130432, 0.04645273834466934)","(0.5775774121284485, 0.7447203397750854, 0.08731534332036972)","(0.5915608406066895, 0.7290598750114441, 0.12559649348258972)","(0.5796734094619751, 0.7130855321884155, 0.16454170644283295)","(0.5948780179023743, 0.5810315012931824, 0.09323207288980484)","(0.6000565886497498, 0.6137494444847107, 0.1449597328901291)","(0.5918184518814087, 0.6578462719917297, 0.16288357973098755)","(0.5847083330154419, 0.6725133657455444, 0.16936735808849335)","(0.5619215965270996, 0.5524476170539856, 0.09423430263996124)","(0.5754034519195557, 0.5836811065673828, 0.15695594251155853)","(0.5681145787239075, 0.6231505870819092, 0.16669771075248718)","(0.5562693476676941, 0.6418766379356384, 0.1631108522415161)","(0.5279833078384399, 0.5440487861633301, 0.09996408224105835)","(0.5441715121269226, 0.5683474540710449, 0.1554359793663025)","(0.5402246117591858, 0.601736307144165, 0.15712369978427887)","(0.5313302874565125, 0.6258469223976135, 0.1478094756603241)","(0.4984472393989563, 0.5430320501327515, 0.10950221866369247)","(0.5137220621109009, 0.5545746088027954, 0.1506403684616089)","(0.5133311152458191, 0.5820779800415039, 0.15987974405288696)","(0.5085620880126953, 0.601996660232544, 0.1604057401418686)",Release
1564,"(0.46488484740257263, 0.6993802785873413, -1.279268388998389e-07)","(0.5413814783096313, 0.7478270530700684, 0.04242759570479393)","(0.5745820999145508, 0.7381936311721802, 0.08387661725282669)","(0.5876613855361938, 0.7249821424484253, 0.12370489537715912)","(0.5753990411758423, 0.7085338830947876, 0.16414408385753632)","(0.5895407199859619, 0.5748220682144165, 0.09013930708169937)","(0.5950011014938354, 0.6179267168045044, 0.1418367475271225)","(0.5882167816162109, 0.6677425503730774, 0.15913619101047516)","(0.5812718272209167, 0.6845734119415283, 0.16519291698932648)","(0.5529525876045227, 0.5478108525276184, 0.09288395941257477)","(0.5695062279701233, 0.5904080867767334, 0.1556558758020401)","(0.5641141533851624, 0.632908821105957, 0.16296586394309998)","(0.5515133738517761, 0.653034508228302, 0.157485231757164)","(0.5178759694099426, 0.5447502732276917, 0.10016083717346191)","(0.5374050736427307, 0.5734923481941223, 0.15457256138324738)","(0.5362292528152466, 0.6119164824485779, 0.15387816727161407)","(0.5269642472267151, 0.6385580897331238, 0.14316067099571228)","(0.4889541566371918, 0.5478866100311279, 0.110895074903965)","(0.5067498087882996, 0.5618481636047363, 0.14957231283187866)","(0.5092787146568298, 0.589794933795929, 0.15641173720359802)","(0.5047309994697571, 0.6097878813743591, 0.15540987253189087)",Release
1565,"(0.4630797505378723, 0.7001997232437134, -1.5227983851673343e-07)","(0.5380558967590332, 0.7485668659210205, 0.03642597422003746)","(0.5724971294403076, 0.7396222352981567, 0.0743846669793129)","(0.5861487984657288, 0.7248740792274475, 0.11175661534070969)","(0.5732895135879517, 0.7084144949913025, 0.14979666471481323)","(0.5879654288291931, 0.572784423828125, 0.08080717921257019)","(0.5912967920303345, 0.6268355250358582, 0.12803927063941956)","(0.5841705799102783, 0.6749930381774902, 0.14080408215522766)","(0.5778722763061523, 0.6888919472694397, 0.1431477963924408)","(0.5512052178382874, 0.5471624732017517, 0.08420400321483612)","(0.5664449334144592, 0.596067488193512, 0.14269787073135376)","(0.5612027049064636, 0.6372787952423096, 0.14608034491539001)","(0.549376368522644, 0.6561056971549988, 0.1368807852268219)","(0.5158388614654541, 0.5445039868354797, 0.09185955673456192)","(0.5361577272415161, 0.5789478421211243, 0.1418963223695755)","(0.5344191789627075, 0.6162545084953308, 0.1384262889623642)","(0.5246391892433167, 0.6426661014556885, 0.12528735399246216)","(0.487429678440094, 0.5488803386688232, 0.10259811580181122)","(0.504622220993042, 0.5645327568054199, 0.13722458481788635)","(0.5064986348152161, 0.5922490954399109, 0.14176568388938904)","(0.5019150376319885, 0.6117324829101562, 0.13872960209846497)",Release
1566,"(0.46522393822669983, 0.7061299085617065, -8.611548452108764e-08)","(0.534956693649292, 0.7607302665710449, 0.0336109884083271)","(0.5716234445571899, 0.7513797879219055, 0.066102534532547)","(0.5853549838066101, 0.728222131729126, 0.09721910953521729)","(0.5703340172767639, 0.7067058086395264, 0.12884549796581268)","(0.5873352289199829, 0.5781417489051819, 0.07661209255456924)","(0.5924475193023682, 0.6291043162345886, 0.11641465872526169)","(0.5860403180122375, 0.6729715466499329, 0.12483534961938858)","(0.5778650641441345, 0.6876475811004639, 0.12544015049934387)","(0.5536309480667114, 0.550417423248291, 0.07851314544677734)","(0.5674847364425659, 0.5911645293235779, 0.1302143931388855)","(0.5647430419921875, 0.630128026008606, 0.13379564881324768)","(0.5541099309921265, 0.6510193943977356, 0.12652988731861115)","(0.5190280675888062, 0.5429595708847046, 0.08384552597999573)","(0.5362771153450012, 0.5701686143875122, 0.1285860687494278)","(0.5351652503013611, 0.6046314239501953, 0.1288936883211136)","(0.5271009802818298, 0.6333630084991455, 0.12004537135362625)","(0.4895455837249756, 0.5455839037895203, 0.09187030792236328)","(0.5056301951408386, 0.5590503811836243, 0.1243455782532692)","(0.5058364272117615, 0.5851736068725586, 0.13194802403450012)","(0.5014228224754333, 0.6054179668426514, 0.13240960240364075)",Release
1567,"(0.46909043192863464, 0.7088900804519653, -1.6453911655389675e-07)","(0.5358238220214844, 0.7663499116897583, 0.039580583572387695)","(0.5715159773826599, 0.7625328302383423, 0.07422145456075668)","(0.5861334204673767, 0.7387340068817139, 0.10620303452014923)","(0.5719254016876221, 0.7184708714485168, 0.138710156083107)","(0.5914326906204224, 0.5889002084732056, 0.08296006172895432)","(0.5956535935401917, 0.6355922222137451, 0.12281407415866852)","(0.5872153043746948, 0.674180269241333, 0.13237857818603516)","(0.5767399668693542, 0.6857383847236633, 0.13421836495399475)","(0.5598359107971191, 0.5570583343505859, 0.08223723620176315)","(0.570834219455719, 0.5904978513717651, 0.13315148651599884)","(0.5639289021492004, 0.6262696981430054, 0.13761359453201294)","(0.5526878833770752, 0.6437776684761047, 0.13117718696594238)","(0.5260418653488159, 0.5438622236251831, 0.08501112461090088)","(0.540061354637146, 0.5701190829277039, 0.12864291667938232)","(0.53395676612854, 0.6003480553627014, 0.1282895803451538)","(0.524875283241272, 0.6247837543487549, 0.11904353648424149)","(0.4964071214199066, 0.541429877281189, 0.09111705422401428)","(0.5093766450881958, 0.5553123950958252, 0.12418503314256668)","(0.5054821968078613, 0.5814937353134155, 0.13188301026821136)","(0.49974292516708374, 0.6002708673477173, 0.13206419348716736)",Release
1568,"(0.46791788935661316, 0.7161433696746826, -1.3148390110018227e-07)","(0.5362643003463745, 0.7738279104232788, 0.048288341611623764)","(0.57020103931427, 0.7666208744049072, 0.09012669324874878)","(0.5824456810951233, 0.7393748760223389, 0.12834523618221283)","(0.5717140436172485, 0.7097941637039185, 0.16700434684753418)","(0.5908658504486084, 0.6002834439277649, 0.09936124086380005)","(0.5988694429397583, 0.6285759210586548, 0.15010401606559753)","(0.5934869050979614, 0.6672395467758179, 0.17147307097911835)","(0.5844910144805908, 0.6844191551208496, 0.18284304440021515)","(0.5601133108139038, 0.5654628872871399, 0.09965229034423828)","(0.5738828182220459, 0.5949873328208923, 0.15959760546684265)","(0.5679688453674316, 0.6342660784721375, 0.1736944615840912)","(0.5554354786872864, 0.658959686756134, 0.1765938550233841)","(0.527816891670227, 0.5503228306770325, 0.10371669381856918)","(0.5422424077987671, 0.5794107913970947, 0.15577653050422668)","(0.5356642007827759, 0.6155551671981812, 0.1605994999408722)","(0.5262021422386169, 0.6425482034683228, 0.15654709935188293)","(0.49629393219947815, 0.5449678301811218, 0.11175526678562164)","(0.509009838104248, 0.5559592247009277, 0.1525065153837204)","(0.5055108666419983, 0.5829935669898987, 0.1640622615814209)","(0.5001952052116394, 0.6042284965515137, 0.168059840798378)",Release
1569,"(0.4671489894390106, 0.7276115417480469, 7.091227161026836e-08)","(0.5385950207710266, 0.782431423664093, 0.0413835309445858)","(0.5747686624526978, 0.7663558721542358, 0.08012328296899796)","(0.5854858160018921, 0.7370964288711548, 0.11706072092056274)","(0.5695693492889404, 0.7074293494224548, 0.1563536822795868)","(0.5884691476821899, 0.6009758114814758, 0.09036778658628464)","(0.6046284437179565, 0.6113691329956055, 0.14122158288955688)","(0.6024920344352722, 0.6490211486816406, 0.1695052534341812)","(0.5927342772483826, 0.677145779132843, 0.18818293511867523)","(0.5555973052978516, 0.563983678817749, 0.09575154632329941)","(0.578495442867279, 0.5760988593101501, 0.15476079285144806)","(0.5802995562553406, 0.6114133596420288, 0.17875516414642334)","(0.5719841122627258, 0.642765998840332, 0.19248157739639282)","(0.5228863954544067, 0.5517383217811584, 0.10418245941400528)","(0.5454771518707275, 0.5619919300079346, 0.15578514337539673)","(0.5456056594848633, 0.5942890644073486, 0.1695607304573059)","(0.5392624735832214, 0.6249199509620667, 0.17501667141914368)","(0.49231886863708496, 0.5499026775360107, 0.11579079180955887)","(0.5098215937614441, 0.5563077330589294, 0.15705229341983795)","(0.5106770396232605, 0.5835980176925659, 0.17250898480415344)","(0.5079973936080933, 0.607742965221405, 0.18192142248153687)",Reach
1570,"(0.466534823179245, 0.7387164831161499, 1.3591090919362614e-07)","(0.5350805521011353, 0.7886407375335693, 0.026054712012410164)","(0.5765225887298584, 0.763426661491394, 0.054857514798641205)","(0.5896320343017578, 0.7310261726379395, 0.08418717235326767)","(0.5736182928085327, 0.7016236782073975, 0.11642555892467499)","(0.5858113765716553, 0.5940498113632202, 0.06282826513051987)","(0.6104390621185303, 0.5953637361526489, 0.10260782390832901)","(0.6109077334403992, 0.6348379850387573, 0.12399054318666458)","(0.6028411984443665, 0.6688662171363831, 0.13819114863872528)","(0.5526487827301025, 0.5567440986633301, 0.0706600546836853)","(0.5797626376152039, 0.5571916103363037, 0.1189669743180275)","(0.5858960747718811, 0.5912830829620361, 0.13693591952323914)","(0.580868124961853, 0.6278291940689087, 0.14633263647556305)","(0.5184025168418884, 0.548443078994751, 0.08115328848361969)","(0.5455793142318726, 0.5497255921363831, 0.12315227836370468)","(0.5508174896240234, 0.5833247303962708, 0.13360273838043213)","(0.5478963255882263, 0.6200932860374451, 0.13711735606193542)","(0.48881950974464417, 0.5569800734519958, 0.09382439404726028)","(0.5095799565315247, 0.5550844073295593, 0.12729215621948242)","(0.5154394507408142, 0.5843013525009155, 0.14012505114078522)","(0.5158973336219788, 0.6150646209716797, 0.14811699092388153)",Reach
1571,"(0.46474260091781616, 0.7423923015594482, 4.1088991764581806e-08)","(0.5280837416648865, 0.7864303588867188, 0.007875406183302402)","(0.5754836797714233, 0.7563316822052002, 0.02245091274380684)","(0.5916431546211243, 0.7069458961486816, 0.03969172015786171)","(0.574388325214386, 0.6768674850463867, 0.05862271413207054)","(0.5804529190063477, 0.589432418346405, 0.021157540380954742)","(0.6105537414550781, 0.5799370408058167, 0.040629301220178604)","(0.613838791847229, 0.6170200705528259, 0.048954032361507416)","(0.6078023910522461, 0.6515153646469116, 0.05366649851202965)","(0.5500598549842834, 0.5451443195343018, 0.027402052655816078)","(0.5810117125511169, 0.5446522235870361, 0.053197503089904785)","(0.5845338702201843, 0.583656370639801, 0.059032682329416275)","(0.5774468779563904, 0.6169925928115845, 0.05934148654341698)","(0.517693817615509, 0.5348657965660095, 0.035742826759815216)","(0.5475963354110718, 0.5290939807891846, 0.05689164623618126)","(0.5538339614868164, 0.5655260682106018, 0.057075753808021545)","(0.5491366386413574, 0.6021510362625122, 0.052993856370449066)","(0.49161773920059204, 0.5427733063697815, 0.04539893567562103)","(0.512370765209198, 0.5451163053512573, 0.059935953468084335)","(0.5194693803787231, 0.5769481062889099, 0.06343048065900803)","(0.518316924571991, 0.6093754768371582, 0.06471709907054901)",Reach
1572,"(0.4557579755783081, 0.7477902173995972, 2.1562593488511084e-08)","(0.5212112069129944, 0.7784695625305176, 0.009645377285778522)","(0.5690855979919434, 0.7449379563331604, 0.02424835041165352)","(0.58549964427948, 0.6923039555549622, 0.04278211668133736)","(0.5753066539764404, 0.6595455408096313, 0.06395076215267181)","(0.571051299571991, 0.5822162628173828, 0.011770369485020638)","(0.603249192237854, 0.5742790699005127, 0.033532463014125824)","(0.60840904712677, 0.6079617142677307, 0.04872669652104378)","(0.6032267212867737, 0.6403430104255676, 0.05851627513766289)","(0.5377925634384155, 0.5405566096305847, 0.018033530563116074)","(0.5742672085762024, 0.5358171463012695, 0.04326248914003372)","(0.5818806886672974, 0.574545681476593, 0.05449797958135605)","(0.5774568319320679, 0.6087648868560791, 0.059007544070482254)","(0.5041539669036865, 0.531480610370636, 0.027412956580519676)","(0.5379010438919067, 0.5222360491752625, 0.04802355915307999)","(0.5463974475860596, 0.5579151511192322, 0.0507771372795105)","(0.5428411960601807, 0.5938955545425415, 0.04863869026303291)","(0.47718775272369385, 0.5406408309936523, 0.03857831656932831)","(0.5020610094070435, 0.5378369688987732, 0.05366157367825508)","(0.5120415091514587, 0.5653209090232849, 0.058188892900943756)","(0.5136163234710693, 0.5942254066467285, 0.06002859026193619)",Reach
1573,"(0.4472214877605438, 0.7555446624755859, 8.390878963870918e-11)","(0.5131050944328308, 0.7796046733856201, 0.0115660410374403)","(0.5619628429412842, 0.745815098285675, 0.026769673451781273)","(0.5828106999397278, 0.6927242279052734, 0.04652142897248268)","(0.5767271518707275, 0.6592879891395569, 0.06914518773555756)","(0.5634861588478088, 0.5838752388954163, 0.008496837690472603)","(0.5924086570739746, 0.5794646143913269, 0.0351431742310524)","(0.5959352850914001, 0.6175983548164368, 0.05456799641251564)","(0.5915277004241943, 0.6473993062973022, 0.06624536961317062)","(0.5297083258628845, 0.5416711568832397, 0.01532531064003706)","(0.5677652359008789, 0.5363402962684631, 0.04193953052163124)","(0.5755184888839722, 0.5764156579971313, 0.05465377867221832)","(0.5711181163787842, 0.6096718311309814, 0.06012957543134689)","(0.4962586760520935, 0.5303162932395935, 0.026624998077750206)","(0.5324171781539917, 0.5165523290634155, 0.05047900602221489)","(0.5424209237098694, 0.5524996519088745, 0.05578872561454773)","(0.5398098230361938, 0.5891411304473877, 0.05463755130767822)","(0.4683971405029297, 0.5366056561470032, 0.040019866079092026)","(0.49557751417160034, 0.5284432768821716, 0.05912944674491882)","(0.5052521228790283, 0.5549583435058594, 0.06665220856666565)","(0.5060813426971436, 0.583951473236084, 0.07012087106704712)",Reach
1574,"(0.43649670481681824, 0.7660044431686401, 3.215086152863478e-08)","(0.5023470520973206, 0.7862187623977661, 0.0113995261490345)","(0.5482625961303711, 0.7482269406318665, 0.026375647634267807)","(0.5710494518280029, 0.7037038207054138, 0.04402540996670723)","(0.5787050724029541, 0.6744931936264038, 0.06461680680513382)","(0.5489625334739685, 0.5856472849845886, 0.0193313155323267)","(0.5807346105575562, 0.5851938724517822, 0.04138392210006714)","(0.5856496691703796, 0.6185528635978699, 0.05400042608380318)","(0.5824149250984192, 0.6445242166519165, 0.0613035149872303)","(0.5159795880317688, 0.5474761128425598, 0.02405349165201187)","(0.5543245673179626, 0.5405945777893066, 0.046509407460689545)","(0.5646651387214661, 0.5740812420845032, 0.05515741556882858)","(0.5634483098983765, 0.6041681170463562, 0.058955103158950806)","(0.4835522770881653, 0.5375394821166992, 0.031529758125543594)","(0.5217787027359009, 0.520294189453125, 0.05064801871776581)","(0.5355591177940369, 0.5463429689407349, 0.05428893864154816)","(0.53748619556427, 0.5765253305435181, 0.05385519564151764)","(0.4571252763271332, 0.5440330505371094, 0.04068642854690552)","(0.4858545660972595, 0.5309891104698181, 0.05598923936486244)","(0.4981985092163086, 0.54991614818573, 0.06259475648403168)","(0.5019783973693848, 0.5739223957061768, 0.06672181934118271)",Reach
1575,"(0.4253953695297241, 0.783798098564148, 8.213499569365013e-08)","(0.49064216017723083, 0.8020886182785034, 0.005270865745842457)","(0.5383947491645813, 0.7484983205795288, 0.01623738557100296)","(0.5609020590782166, 0.6898824572563171, 0.029198259115219116)","(0.5749400854110718, 0.6652924418449402, 0.04449106380343437)","(0.5345868468284607, 0.5949121713638306, 0.016612915322184563)","(0.5685737133026123, 0.5869924426078796, 0.03008272312581539)","(0.5760550498962402, 0.6190856695175171, 0.035306062549352646)","(0.5758827328681946, 0.6447861194610596, 0.03771092742681503)","(0.5010926723480225, 0.5591775178909302, 0.020203951746225357)","(0.5414465069770813, 0.5451605319976807, 0.03617668151855469)","(0.554482102394104, 0.5729236006736755, 0.0415760837495327)","(0.5565688610076904, 0.5997283458709717, 0.04343312978744507)","(0.46936774253845215, 0.5524112582206726, 0.024863647297024727)","(0.5073097348213196, 0.528525173664093, 0.03731197863817215)","(0.5241085290908813, 0.5479560494422913, 0.03979409858584404)","(0.5299451351165771, 0.5734667778015137, 0.039301905781030655)","(0.44301000237464905, 0.563200056552887, 0.03025260753929615)","(0.4732038676738739, 0.5412061810493469, 0.04008852690458298)","(0.48894986510276794, 0.5544077754020691, 0.04550938680768013)","(0.4960269033908844, 0.5752823352813721, 0.049130186438560486)",Reach
1576,"(0.4152427315711975, 0.806835412979126, -3.5924951902188695e-09)","(0.48309361934661865, 0.8207089900970459, 0.012109458446502686)","(0.5298926830291748, 0.7623053789138794, 0.02827146090567112)","(0.5511600375175476, 0.6984571218490601, 0.046515610069036484)","(0.56651371717453, 0.6735728979110718, 0.0678076297044754)","(0.5242381691932678, 0.6070809960365295, 0.0213013906031847)","(0.5598715543746948, 0.5957731008529663, 0.04137047380208969)","(0.5671278834342957, 0.6307294368743896, 0.053455814719200134)","(0.5644754767417908, 0.6605392694473267, 0.06124281883239746)","(0.48790499567985535, 0.5719621777534485, 0.025958804413676262)","(0.5276872515678406, 0.5563337206840515, 0.04889414459466934)","(0.5383610725402832, 0.5923707485198975, 0.059001896530389786)","(0.5366023778915405, 0.6245863437652588, 0.0642305538058281)","(0.45523694157600403, 0.5685551166534424, 0.03311856836080551)","(0.4922946095466614, 0.5512456893920898, 0.05321209505200386)","(0.505018949508667, 0.5793942809104919, 0.05836291238665581)","(0.5049123764038086, 0.612400233745575, 0.059222035109996796)","(0.4290311932563782, 0.5831998586654663, 0.04177963733673096)","(0.45839589834213257, 0.570448100566864, 0.058783963322639465)","(0.47122788429260254, 0.5912898778915405, 0.06639890372753143)","(0.47466033697128296, 0.6185781955718994, 0.0714775025844574)",Reach
1577,"(0.40818244218826294, 0.8331431746482849, 2.9426452385905577e-08)","(0.47651588916778564, 0.8386120200157166, 0.014926156960427761)","(0.5216923952102661, 0.7772500514984131, 0.03467797860503197)","(0.540015459060669, 0.7133731245994568, 0.05697189271450043)","(0.5554800629615784, 0.6836752891540527, 0.08319886773824692)","(0.511475682258606, 0.6280860304832458, 0.02513086423277855)","(0.5490632057189941, 0.6037362813949585, 0.049610432237386703)","(0.5589591860771179, 0.6347026228904724, 0.06754786521196365)","(0.5576406121253967, 0.6657394766807556, 0.08021479845046997)","(0.47535240650177, 0.594862699508667, 0.031277645379304886)","(0.515367865562439, 0.5701029896736145, 0.058397892862558365)","(0.5299986600875854, 0.6020641922950745, 0.07341419905424118)","(0.532082736492157, 0.6332859992980957, 0.08272062987089157)","(0.44298774003982544, 0.5931158661842346, 0.040131714195013046)","(0.4772948920726776, 0.5729939937591553, 0.06372570246458054)","(0.4923444390296936, 0.5984200835227966, 0.07195694744586945)","(0.49483752250671387, 0.6314553022384644, 0.07542356103658676)","(0.4171203374862671, 0.6088464856147766, 0.05071995034813881)","(0.4452091455459595, 0.5928865671157837, 0.07022330909967422)","(0.4604017734527588, 0.6117900609970093, 0.07911108434200287)","(0.46628689765930176, 0.6393950581550598, 0.08580198138952255)",Reach
1578,"(0.4046805500984192, 0.8614755868911743, 1.062440659893582e-07)","(0.471347838640213, 0.8603020310401917, 0.01194552332162857)","(0.5140995979309082, 0.7954487800598145, 0.028854450210928917)","(0.5299255847930908, 0.7306994199752808, 0.048797279596328735)","(0.5452443361282349, 0.6975144743919373, 0.07215484976768494)","(0.49953755736351013, 0.6478984355926514, 0.016551939770579338)","(0.5369380712509155, 0.6197177171707153, 0.038208018988370895)","(0.55313640832901, 0.6459250450134277, 0.05498024821281433)","(0.5586205720901489, 0.6760990023612976, 0.06677079945802689)","(0.4626769721508026, 0.6179801225662231, 0.022658806294202805)","(0.5032308101654053, 0.5841043591499329, 0.04582900553941727)","(0.5213708877563477, 0.6117417216300964, 0.06033220514655113)","(0.5270134210586548, 0.6418962478637695, 0.06956452131271362)","(0.42983514070510864, 0.6195563673973083, 0.031542833894491196)","(0.4641217589378357, 0.5859838724136353, 0.05124211683869362)","(0.48168766498565674, 0.606393039226532, 0.059556059539318085)","(0.4875568151473999, 0.6363338232040405, 0.06345772743225098)","(0.4039817452430725, 0.6387052536010742, 0.042079489678144455)","(0.43198180198669434, 0.6139360666275024, 0.05853237584233284)","(0.449025958776474, 0.6286475658416748, 0.06734659522771835)","(0.4570608139038086, 0.6532777547836304, 0.07414994388818741)",Reach
1579,"(0.398676335811615, 0.8957286477088928, 7.491330933362406e-08)","(0.4688217341899872, 0.8839925527572632, 0.017194535583257675)","(0.5085517764091492, 0.8141316771507263, 0.038154538720846176)","(0.5233171582221985, 0.7463482022285461, 0.06272449344396591)","(0.5400513410568237, 0.7106730937957764, 0.09159810096025467)","(0.49028411507606506, 0.6747159957885742, 0.019092926755547523)","(0.5256702303886414, 0.6383104920387268, 0.0495142787694931)","(0.542434573173523, 0.6579070091247559, 0.07671386003494263)","(0.5478622913360596, 0.6828423142433167, 0.09593505412340164)","(0.4520372152328491, 0.6465429663658142, 0.027211762964725494)","(0.4936232268810272, 0.6037530303001404, 0.05725117027759552)","(0.5108485817909241, 0.6295897960662842, 0.08114688098430634)","(0.5151216983795166, 0.6547098755836487, 0.09787210822105408)","(0.4201691746711731, 0.6493125557899475, 0.0392809621989727)","(0.4553855061531067, 0.6061757206916809, 0.06567757576704025)","(0.4726574122905731, 0.6242453455924988, 0.08242329210042953)","(0.47878527641296387, 0.6505286693572998, 0.09249816834926605)","(0.39503759145736694, 0.6681172847747803, 0.05353255197405815)","(0.42418602108955383, 0.6318638324737549, 0.07636982947587967)","(0.44152188301086426, 0.6440311670303345, 0.09068583697080612)","(0.4508863389492035, 0.6666799187660217, 0.10187019407749176)",Reach
1580,"(0.39312514662742615, 0.9284142851829529, 3.747521759578376e-08)","(0.4622207581996918, 0.9176045656204224, 0.007748936768621206)","(0.5054187178611755, 0.838503360748291, 0.01999465562403202)","(0.5226214528083801, 0.7589375376701355, 0.035254377871751785)","(0.5409209728240967, 0.7187323570251465, 0.053671468049287796)","(0.480441153049469, 0.7032751441001892, 0.007284883409738541)","(0.5160132646560669, 0.6546458601951599, 0.02466701902449131)","(0.5332889556884766, 0.6720717549324036, 0.040798820555210114)","(0.5390725135803223, 0.7000437378883362, 0.052335359156131744)","(0.4414512515068054, 0.677993893623352, 0.01275149267166853)","(0.482076495885849, 0.624423623085022, 0.03193049877882004)","(0.4983799457550049, 0.6537829041481018, 0.046125028282403946)","(0.5013375878334045, 0.6848616003990173, 0.05482307821512222)","(0.409686803817749, 0.682138204574585, 0.020741334185004234)","(0.4440477788448334, 0.6288281679153442, 0.03747565299272537)","(0.46170541644096375, 0.6511761546134949, 0.04670202359557152)","(0.46609222888946533, 0.6837530136108398, 0.050524987280368805)","(0.38497552275657654, 0.7018778324127197, 0.030096346512436867)","(0.4117283523082733, 0.6546839475631714, 0.04409325495362282)","(0.42973053455352783, 0.6668142676353455, 0.053193870931863785)","(0.43826383352279663, 0.6895501017570496, 0.05962559953331947)",Reach
1581,"(0.39592403173446655, 0.962769627571106, 5.798576196980321e-08)","(0.46495622396469116, 0.9370174407958984, 0.007781489286571741)","(0.5048187971115112, 0.8580080270767212, 0.02109931968152523)","(0.5198649764060974, 0.7794685959815979, 0.03824034333229065)","(0.5334897637367249, 0.7387912273406982, 0.05889013037085533)","(0.47223034501075745, 0.7248914837837219, 0.00874303001910448)","(0.5085744857788086, 0.6774183511734009, 0.02975362353026867)","(0.5261741876602173, 0.6938420534133911, 0.04781772941350937)","(0.5322966575622559, 0.7191373705863953, 0.06006880849599838)","(0.43278035521507263, 0.7051599025726318, 0.015527418814599514)","(0.4759157598018646, 0.6490722894668579, 0.036712463945150375)","(0.49410173296928406, 0.6786572337150574, 0.05140193924307823)","(0.49778568744659424, 0.7096721529960632, 0.06027652695775032)","(0.4017079472541809, 0.7124080061912537, 0.025120195001363754)","(0.43793678283691406, 0.6545069217681885, 0.04368304833769798)","(0.4577265977859497, 0.676911473274231, 0.05254027619957924)","(0.46423113346099854, 0.7080621719360352, 0.055952880531549454)","(0.3788316547870636, 0.7336944341659546, 0.036212701350450516)","(0.4043746292591095, 0.6784486770629883, 0.051215555518865585)","(0.4237256348133087, 0.6893264651298523, 0.060052838176488876)","(0.4345288872718811, 0.7125040888786316, 0.06612011790275574)",Reach
1582,"(0.39778614044189453, 0.9951087236404419, 8.133659434861329e-08)","(0.4665965139865875, 0.9632964134216309, 0.0044171796180307865)","(0.5039697289466858, 0.8805173635482788, 0.013555814512073994)","(0.5178242325782776, 0.7973988056182861, 0.02608179673552513)","(0.5320982336997986, 0.7515841126441956, 0.041597798466682434)","(0.4653383195400238, 0.760275661945343, 0.002205845434218645)","(0.5056291818618774, 0.7029969692230225, 0.01604854129254818)","(0.5250358581542969, 0.7190576791763306, 0.02840459533035755)","(0.532377302646637, 0.7416054606437683, 0.03683767467737198)","(0.42458707094192505, 0.740993320941925, 0.007496281061321497)","(0.4712946116924286, 0.6678032875061035, 0.02080213464796543)","(0.490005224943161, 0.7005902528762817, 0.031077487394213676)","(0.4919654130935669, 0.734651505947113, 0.03768042102456093)","(0.3939654231071472, 0.7458236813545227, 0.01532951183617115)","(0.4337269067764282, 0.6834860444068909, 0.028491239994764328)","(0.4521068036556244, 0.7115776538848877, 0.035563889890909195)","(0.45529910922050476, 0.7438355684280396, 0.03832215443253517)","(0.3718714118003845, 0.7640314698219299, 0.02440595254302025)","(0.39998507499694824, 0.7070859670639038, 0.03680751100182533)","(0.417560338973999, 0.721638023853302, 0.0457070954144001)","(0.42537721991539, 0.7461395859718323, 0.051769036799669266)",Reach
1583,"(0.40714386105537415, 1.03395414352417, 1.1399411192769549e-07)","(0.46790215373039246, 0.9866853356361389, 0.007460462395101786)","(0.502714991569519, 0.9037635326385498, 0.015321887098252773)","(0.5158542394638062, 0.8238469362258911, 0.025876104831695557)","(0.5312396287918091, 0.773922860622406, 0.03906602784991264)","(0.4599805772304535, 0.8009136319160461, 0.00014835959882475436)","(0.4945673644542694, 0.7354262471199036, 0.013406251557171345)","(0.5161402225494385, 0.7413654923439026, 0.02707335725426674)","(0.5275537371635437, 0.7584830522537231, 0.037185996770858765)","(0.4207633435726166, 0.785692572593689, 0.003655035747215152)","(0.4623870551586151, 0.7098093032836914, 0.017895538359880447)","(0.48585107922554016, 0.7292197346687317, 0.030056042596697807)","(0.4953634440898895, 0.7552757263183594, 0.038376349955797195)","(0.39158403873443604, 0.7921118140220642, 0.010132662020623684)","(0.42471209168434143, 0.7195152044296265, 0.025549311190843582)","(0.4486693739891052, 0.7327675819396973, 0.036090001463890076)","(0.46080589294433594, 0.7551190853118896, 0.041220564395189285)","(0.36966612935066223, 0.8111264705657959, 0.017910219728946686)","(0.39106324315071106, 0.7443078756332397, 0.03202998638153076)","(0.41205060482025146, 0.7460824847221375, 0.04357820749282837)","(0.42562970519065857, 0.7622165679931641, 0.05225240811705589)",Reach
1584,"(0.41343235969543457, 1.0693445205688477, 1.5050093793433916e-07)","(0.4716823101043701, 1.0173624753952026, 0.006981897633522749)","(0.5015142560005188, 0.9309381246566772, 0.014781801030039787)","(0.5151140689849854, 0.8518396019935608, 0.02412140555679798)","(0.5299005508422852, 0.7976792454719543, 0.0358421616256237)","(0.4556848406791687, 0.8301281929016113, 0.01102403923869133)","(0.4917891025543213, 0.7643585801124573, 0.02687903493642807)","(0.5120216608047485, 0.7705788016319275, 0.03898391127586365)","(0.520651638507843, 0.7876999974250793, 0.04715704917907715)","(0.41618967056274414, 0.821078360080719, 0.013734627515077591)","(0.45749881863594055, 0.7391206622123718, 0.03115457110106945)","(0.4798353314399719, 0.7614715099334717, 0.04063240811228752)","(0.48614126443862915, 0.7874444127082825, 0.04601432755589485)","(0.38723868131637573, 0.8322715759277344, 0.018546877428889275)","(0.422120600938797, 0.7526384592056274, 0.03539922088384628)","(0.44458383321762085, 0.7719954252243042, 0.04323225095868111)","(0.4526662528514862, 0.7964444160461426, 0.045671526342630386)","(0.3662239611148834, 0.853504478931427, 0.024499576538801193)","(0.38876375555992126, 0.778712809085846, 0.03941159322857857)","(0.40948840975761414, 0.7822389602661133, 0.05012207850813866)","(0.42077958583831787, 0.7983515858650208, 0.05713938921689987)",Reach
1585,"(0.4163106083869934, 1.1063835620880127, 2.3189410569557367e-07)","(0.4703543484210968, 1.0503015518188477, -0.00022594688925892115)","(0.4998486042022705, 0.9640273451805115, 0.0009433634113520384)","(0.51527339220047, 0.8846815228462219, 0.003605968551710248)","(0.5321787595748901, 0.8289389610290527, 0.0072282422333955765)","(0.4507077634334564, 0.8730875253677368, 0.002166095655411482)","(0.4849368631839752, 0.8063588738441467, 0.008596288040280342)","(0.5072799324989319, 0.7993484139442444, 0.012166790664196014)","(0.5208699107170105, 0.8029265403747559, 0.0142756262794137)","(0.41217562556266785, 0.866133451461792, 0.003960120026022196)","(0.44843295216560364, 0.7817543148994446, 0.012161746621131897)","(0.4745651185512543, 0.7901597619056702, 0.016255324706435204)","(0.48758071660995483, 0.8111778497695923, 0.01843809150159359)","(0.38292548060417175, 0.8799145817756653, 0.006820050999522209)","(0.4115762412548065, 0.7993050813674927, 0.014783245511353016)","(0.43774884939193726, 0.8035475015640259, 0.019666004925966263)","(0.45300984382629395, 0.8201174139976501, 0.02120334282517433)","(0.36383071541786194, 0.9027553796768188, 0.010102498345077038)","(0.38352927565574646, 0.8296380043029785, 0.01701035536825657)","(0.4053148925304413, 0.8232959508895874, 0.02498406544327736)","(0.42000284790992737, 0.8317047357559204, 0.030932823196053505)",Reach
1586,"(0.4106999635696411, 1.12422513961792, 1.8350633013142215e-07)","(0.4678211510181427, 1.0759975910186768, -0.004373121540993452)","(0.49928781390190125, 0.9921503067016602, -0.005771723110228777)","(0.5153418779373169, 0.9120066165924072, -0.004930233117192984)","(0.5331751108169556, 0.8549426198005676, -0.0030572214163839817)","(0.45336589217185974, 0.9028943777084351, -0.006316842511296272)","(0.4887114465236664, 0.8366384506225586, -0.003398358589038253)","(0.5093185305595398, 0.8303412199020386, -0.0013394607231020927)","(0.5192492008209229, 0.8316444158554077, -0.0004249208723194897)","(0.4159422814846039, 0.894233226776123, -0.004249966237694025)","(0.45166438817977905, 0.8037422895431519, -0.00015080076991580427)","(0.4777199923992157, 0.818214476108551, 0.003870408982038498)","(0.4859578013420105, 0.8453453779220581, 0.006348227150738239)","(0.38732269406318665, 0.9051676988601685, -0.0012936986749991775)","(0.4155457317829132, 0.8219401240348816, 0.002014739438891411)","(0.43968525528907776, 0.8384044170379639, 0.007856464013457298)","(0.44757065176963806, 0.8650844693183899, 0.010990994982421398)","(0.36741316318511963, 0.9247329235076904, 0.0018765338463708758)","(0.3858533799648285, 0.8508933782577515, 0.004956637043505907)","(0.40575850009918213, 0.8562731146812439, 0.012949305586516857)","(0.4148710370063782, 0.8751770257949829, 0.019343098625540733)",Reach
1587,"(0.41064542531967163, 1.1552538871765137, 3.0064154543651966e-07)","(0.46837174892425537, 1.1034293174743652, -5.204529588809237e-05)","(0.49958816170692444, 1.017622470855713, 0.0030651455745100975)","(0.5165809392929077, 0.9367029666900635, 0.009247065521776676)","(0.5330920219421387, 0.8720338940620422, 0.017153209075331688)","(0.45416656136512756, 0.9424448013305664, 0.0022998147178441286)","(0.48595887422561646, 0.8637259602546692, 0.01867704465985298)","(0.5062463283538818, 0.8439892530441284, 0.03330787643790245)","(0.5170345902442932, 0.836886465549469, 0.043351270258426666)","(0.4154733717441559, 0.9336559176445007, 0.008281455375254154)","(0.45124050974845886, 0.8303490281105042, 0.024498838931322098)","(0.47859299182891846, 0.8436070680618286, 0.037797290831804276)","(0.48920977115631104, 0.869489848613739, 0.048396896570920944)","(0.38783591985702515, 0.9409475326538086, 0.016263386234641075)","(0.41750696301460266, 0.8486455678939819, 0.03301316872239113)","(0.4440867602825165, 0.8631185293197632, 0.04684670269489288)","(0.4540800452232361, 0.8855084180831909, 0.05547492578625679)","(0.368814080953598, 0.9573236107826233, 0.024699144065380096)","(0.38537028431892395, 0.8779739737510681, 0.04008537158370018)","(0.40733444690704346, 0.8784069418907166, 0.05390385910868645)","(0.4190593361854553, 0.8941360116004944, 0.06484875828027725)",Reach
1588,"(0.41230830550193787, 1.174127221107483, 3.6248312085263024e-07)","(0.47093912959098816, 1.1158556938171387, 0.0010517446789890528)","(0.49948570132255554, 1.0296188592910767, 0.005997364409267902)","(0.5141494870185852, 0.9503530263900757, 0.015150228515267372)","(0.5321025848388672, 0.885849118232727, 0.026369454339146614)","(0.4545719623565674, 0.9573901891708374, 0.002060364466160536)","(0.4855983257293701, 0.8764998316764832, 0.025274839252233505)","(0.5058838725090027, 0.8532424569129944, 0.04722128435969353)","(0.5168625116348267, 0.8444764614105225, 0.06296151876449585)","(0.4162697494029999, 0.9552806615829468, 0.011029751971364021)","(0.44652023911476135, 0.8464747667312622, 0.033922478556632996)","(0.4742925763130188, 0.8530014753341675, 0.054674047976732254)","(0.4860527813434601, 0.8771107792854309, 0.07140811532735825)","(0.3883969783782959, 0.9678313136100769, 0.022748563438653946)","(0.4129765033721924, 0.8709537386894226, 0.04568837210536003)","(0.44002777338027954, 0.8795160055160522, 0.06655729562044144)","(0.4513545632362366, 0.899978518486023, 0.08067658543586731)","(0.3695821464061737, 0.9876102209091187, 0.034963373094797134)","(0.3809828758239746, 0.9022104740142822, 0.054713670164346695)","(0.4027712941169739, 0.896879255771637, 0.0724954903125763)","(0.4158046245574951, 0.9095962643623352, 0.08725692331790924)",Reach
1589,"(0.42149871587753296, 1.1781158447265625, 4.0056767147689243e-07)","(0.4727660119533539, 1.1127078533172607, -0.0017891618190333247)","(0.4990836977958679, 1.0248607397079468, -0.0003696643398143351)","(0.5129035115242004, 0.9460298418998718, 0.005883372854441404)","(0.5280022621154785, 0.8808742165565491, 0.014167635701596737)","(0.44992515444755554, 0.9720141887664795, -0.010323625057935715)","(0.47974011301994324, 0.8841007351875305, 0.005865202751010656)","(0.49966228008270264, 0.8565314412117004, 0.02311934530735016)","(0.5118086934089661, 0.8421801328659058, 0.03596877679228783)","(0.41295191645622253, 0.9706874489784241, -0.001896982197649777)","(0.44200584292411804, 0.8592854142189026, 0.016475914046168327)","(0.4701800048351288, 0.859157383441925, 0.03496971353888512)","(0.48347797989845276, 0.8787044882774353, 0.04924992471933365)","(0.3870158791542053, 0.9830057621002197, 0.009443413466215134)","(0.40771403908729553, 0.8826013803482056, 0.029738157987594604)","(0.4348890781402588, 0.8856253623962402, 0.049904823303222656)","(0.4481951594352722, 0.9039729833602905, 0.06262080371379852)","(0.37057173252105713, 1.0019718408584595, 0.021003205329179764)","(0.3786964416503906, 0.9181171655654907, 0.03871751204133034)","(0.39998188614845276, 0.9087267518043518, 0.05562954396009445)","(0.4140811860561371, 0.9191077947616577, 0.06936254352331161)",Reach
1590,"(0.42044851183891296, 1.1802289485931396, 4.44744699734656e-07)","(0.47448888421058655, 1.1118619441986084, -0.006735119502991438)","(0.4971561133861542, 1.0225777626037598, -0.008195223286747932)","(0.5087430477142334, 0.9431707262992859, -0.0026429484132677317)","(0.5248894095420837, 0.8738127946853638, 0.004998787306249142)","(0.44723278284072876, 0.9739206433296204, -0.022789224982261658)","(0.47772499918937683, 0.8861077427864075, -0.006457536481320858)","(0.4982549846172333, 0.8563734889030457, 0.013446396216750145)","(0.511053740978241, 0.8422260880470276, 0.028466561809182167)","(0.4102892577648163, 0.9788023829460144, -0.010548059828579426)","(0.4361344873905182, 0.8591472506523132, 0.006197720300406218)","(0.46609821915626526, 0.8579714298248291, 0.02761881798505783)","(0.48071062564849854, 0.8811172842979431, 0.04514731466770172)","(0.38537102937698364, 0.9963884353637695, 0.005213303491473198)","(0.40326207876205444, 0.8919115662574768, 0.02443045750260353)","(0.43166860938072205, 0.8910627365112305, 0.047393880784511566)","(0.44485923647880554, 0.9075527191162109, 0.06307411193847656)","(0.370494544506073, 1.0177339315414429, 0.021251080557703972)","(0.37845948338508606, 0.9308240413665771, 0.039984799921512604)","(0.40039390325546265, 0.9171686172485352, 0.05929845571517944)","(0.4140697717666626, 0.9243541955947876, 0.07496710121631622)",Reach
1591,"(0.4247077703475952, 1.18265962600708, 4.0827495695339167e-07)","(0.4764580726623535, 1.1088345050811768, -0.006005094386637211)","(0.49716728925704956, 1.0165774822235107, -0.008492838591337204)","(0.5081679821014404, 0.936248779296875, -0.00351840746589005)","(0.5237019658088684, 0.8679031729698181, 0.003280747216194868)","(0.44885194301605225, 0.975119948387146, -0.032683372497558594)","(0.4783761203289032, 0.8840531706809998, -0.01748143509030342)","(0.49755024909973145, 0.8509148359298706, 0.0038192197680473328)","(0.5093170404434204, 0.8331499099731445, 0.020111948251724243)","(0.41246911883354187, 0.980430006980896, -0.020607970654964447)","(0.43784648180007935, 0.8600136637687683, -0.0032457865308970213)","(0.46677207946777344, 0.8586924076080322, 0.021636445075273514)","(0.4801013469696045, 0.8801395297050476, 0.041079677641391754)","(0.3876202702522278, 0.9970259666442871, -0.004323784727603197)","(0.40534865856170654, 0.8905900120735168, 0.015579401515424252)","(0.43324679136276245, 0.8912009596824646, 0.04064090922474861)","(0.4454638957977295, 0.908385157585144, 0.057151321321725845)","(0.37201765179634094, 1.0170515775680542, 0.012378603219985962)","(0.37999656796455383, 0.928340494632721, 0.03064543567597866)","(0.4018199145793915, 0.9162279963493347, 0.050090987235307693)","(0.4154209494590759, 0.9247078895568848, 0.06568063795566559)",Reach
1592,"(0.4333110451698303, 1.1797685623168945, 4.2446038150956156e-07)","(0.4801647961139679, 1.1059266328811646, -0.009174586273729801)","(0.5003796815872192, 1.0114655494689941, -0.012870603241026402)","(0.509529709815979, 0.9276413321495056, -0.009955164045095444)","(0.5234267115592957, 0.8588464260101318, -0.005407795310020447)","(0.4468015134334564, 0.9749382138252258, -0.0263815950602293)","(0.4762170910835266, 0.8789764642715454, -0.017584996297955513)","(0.4957221746444702, 0.8431638479232788, -0.0056433361023664474)","(0.5083263516426086, 0.8216277360916138, 0.0034026415087282658)","(0.410733163356781, 0.9798597693443298, -0.01632883958518505)","(0.4361465275287628, 0.8553845882415771, -0.00603854563087225)","(0.4663083255290985, 0.8523576259613037, 0.008322441950440407)","(0.4814828336238861, 0.8731199502944946, 0.01953050121665001)","(0.3865461051464081, 0.9977124929428101, -0.0033591140527278185)","(0.4048382341861725, 0.8879575729370117, 0.00989196915179491)","(0.43350714445114136, 0.8874285221099854, 0.025907699018716812)","(0.4472390115261078, 0.9045522212982178, 0.03574405238032341)","(0.3727244436740875, 1.0192135572433472, 0.009657781571149826)","(0.38011834025382996, 0.9278134703636169, 0.02224349044263363)","(0.4023768901824951, 0.9158892631530762, 0.03641756623983383)","(0.41672512888908386, 0.9244500398635864, 0.047409143298864365)",Reach
1593,"(0.4336596429347992, 1.1808229684829712, 3.9089502479328075e-07)","(0.48231035470962524, 1.1042211055755615, -0.009193550795316696)","(0.5006252527236938, 1.00217604637146, -0.00946007575839758)","(0.5073124170303345, 0.9163424372673035, -0.003493484342470765)","(0.5227566361427307, 0.8509750366210938, 0.004456428345292807)","(0.4450017809867859, 0.9686985611915588, -0.0157075896859169)","(0.47366413474082947, 0.8708260655403137, -0.003523874096572399)","(0.4942707121372223, 0.8384542465209961, 0.008109242655336857)","(0.5081963539123535, 0.8196442127227783, 0.016123920679092407)","(0.4091738164424896, 0.9764726161956787, -0.004445586819201708)","(0.4331146776676178, 0.8525024652481079, 0.009060509502887726)","(0.46493497490882874, 0.8484127521514893, 0.021253293380141258)","(0.48201602697372437, 0.8673145771026611, 0.03017411381006241)","(0.3869916796684265, 0.9952713251113892, 0.009077342227101326)","(0.40582600235939026, 0.8873504400253296, 0.0248295646160841)","(0.4353852868080139, 0.8849957585334778, 0.03698037564754486)","(0.4502086341381073, 0.9003412127494812, 0.04352351650595665)","(0.37570133805274963, 1.0159873962402344, 0.022511273622512817)","(0.38205012679100037, 0.9271977543830872, 0.03688640892505646)","(0.40388765931129456, 0.9142515659332275, 0.0488465316593647)","(0.41849038004875183, 0.9216273427009583, 0.057554442435503006)",Reach
1594,"(0.43532639741897583, 1.1760886907577515, 3.953711029680562e-07)","(0.4847191274166107, 1.0958796739578247, -0.011762917973101139)","(0.5028210282325745, 0.9914910793304443, -0.012417919933795929)","(0.5088644623756409, 0.9064399003982544, -0.0060043116100132465)","(0.5249137878417969, 0.8420147895812988, 0.002524453680962324)","(0.44474318623542786, 0.9634228348731995, -0.01898319274187088)","(0.4735511839389801, 0.8663876056671143, -0.006792102474719286)","(0.4952927827835083, 0.8342773914337158, 0.004736411850899458)","(0.5103974938392639, 0.815203070640564, 0.012512806802988052)","(0.4091600477695465, 0.9721460938453674, -0.006095853168517351)","(0.43409642577171326, 0.848209798336029, 0.007682511117309332)","(0.46607425808906555, 0.8438532948493958, 0.019618121907114983)","(0.4833463132381439, 0.8620724081993103, 0.027881696820259094)","(0.3875645101070404, 0.9910851120948792, 0.008969239890575409)","(0.4072364270687103, 0.8848624229431152, 0.025106368586421013)","(0.43631768226623535, 0.8823432326316833, 0.036611124873161316)","(0.45111268758773804, 0.8962060213088989, 0.04215747117996216)","(0.3766811490058899, 1.011307954788208, 0.023737961426377296)","(0.3828612267971039, 0.9253184795379639, 0.038564153015613556)","(0.403685063123703, 0.9131289124488831, 0.04999755695462227)","(0.41780444979667664, 0.9191907644271851, 0.05777416750788689)",Reach
1595,"(0.43803730607032776, 1.169000267982483, 3.7223350091153407e-07)","(0.48684990406036377, 1.0881658792495728, -0.0078376904129982)","(0.5044968128204346, 0.9834591746330261, -0.007646267302334309)","(0.5100314021110535, 0.8979392051696777, -0.0014679130399599671)","(0.5265328288078308, 0.8359369039535522, 0.006407479755580425)","(0.44653481245040894, 0.9584593772888184, -0.016597477719187737)","(0.47525501251220703, 0.8610367178916931, -0.005908534396439791)","(0.4959668517112732, 0.8278924822807312, 0.0037184306420385838)","(0.510285496711731, 0.8067634105682373, 0.009898047894239426)","(0.4103035628795624, 0.9672166109085083, -0.006583854556083679)","(0.43430957198143005, 0.842095673084259, 0.005813125055283308)","(0.4660734236240387, 0.8379207849502563, 0.016084499657154083)","(0.4832870662212372, 0.8556379079818726, 0.022803472355008125)","(0.3885384798049927, 0.9862235188484192, 0.005864960141479969)","(0.40785759687423706, 0.8785020112991333, 0.02064320258796215)","(0.43692806363105774, 0.8765392899513245, 0.0307480338960886)","(0.4514208734035492, 0.8911256790161133, 0.035080306231975555)","(0.37754011154174805, 1.0059794187545776, 0.018390867859125137)","(0.3836873173713684, 0.9184296727180481, 0.03226499259471893)","(0.4047550559043884, 0.9072403907775879, 0.043150220066308975)","(0.4187878668308258, 0.9145867824554443, 0.050233762711286545)",Reach
1596,"(0.44078123569488525, 1.1625678539276123, 3.504922858610371e-07)","(0.49038389325141907, 1.081037163734436, -0.007740921340882778)","(0.5073398947715759, 0.976287841796875, -0.0057188235223293304)","(0.5116899609565735, 0.8927100896835327, 0.00262835412286222)","(0.527485191822052, 0.8311631679534912, 0.012855758890509605)","(0.4492066502571106, 0.9444711804389954, -0.013280939310789108)","(0.47772324085235596, 0.8503576517105103, 0.001554499613121152)","(0.4981183707714081, 0.8213520646095276, 0.01434461958706379)","(0.5121461153030396, 0.8040428161621094, 0.022525520995259285)","(0.4132070243358612, 0.9550994634628296, -0.0018608961254358292)","(0.4379462003707886, 0.8343643546104431, 0.014444397762417793)","(0.4691654443740845, 0.8321096897125244, 0.027216127142310143)","(0.486205518245697, 0.8499755263328552, 0.035511936992406845)","(0.3921031951904297, 0.9759801030158997, 0.01187332533299923)","(0.41260597109794617, 0.8727573156356812, 0.02924204245209694)","(0.44157931208610535, 0.8720517158508301, 0.039793841540813446)","(0.4558464586734772, 0.8856070041656494, 0.04431135952472687)","(0.38152068853378296, 0.9977356195449829, 0.025710416957736015)","(0.38684749603271484, 0.9127554297447205, 0.041556693613529205)","(0.40736663341522217, 0.9025634527206421, 0.05274011567234993)","(0.4212014675140381, 0.9093815088272095, 0.05986122414469719)",Reach
1597,"(0.4442640542984009, 1.1607491970062256, 3.287948970864818e-07)","(0.4930543899536133, 1.0786572694778442, -0.004757853224873543)","(0.5105342864990234, 0.9712761044502258, -0.0019663088023662567)","(0.5140172243118286, 0.8858916759490967, 0.005976474843919277)","(0.5297896862030029, 0.8243346810340881, 0.01538513321429491)","(0.45184850692749023, 0.9397005438804626, -0.008110001683235168)","(0.48040062189102173, 0.8459545969963074, 0.005065004341304302)","(0.5002294778823853, 0.8157075643539429, 0.015273788012564182)","(0.5140691995620728, 0.7956711053848267, 0.02151806838810444)","(0.4154759347438812, 0.950310230255127, 0.0007522432133555412)","(0.44070693850517273, 0.8286037445068359, 0.015788501128554344)","(0.47106093168258667, 0.8278726935386658, 0.026238951832056046)","(0.487591952085495, 0.8461742401123047, 0.032788801938295364)","(0.3941386640071869, 0.9719207286834717, 0.011777358129620552)","(0.4152384400367737, 0.8677842617034912, 0.02758338302373886)","(0.4435439109802246, 0.8694269061088562, 0.03669818863272667)","(0.45718860626220703, 0.8846616744995117, 0.040334347635507584)","(0.38331639766693115, 0.9949437379837036, 0.023117851465940475)","(0.3879418671131134, 0.90690016746521, 0.03786651790142059)","(0.40866631269454956, 0.8987261056900024, 0.04865827038884163)","(0.42274951934814453, 0.9071506261825562, 0.055480144917964935)",Reach
1598,"(0.4494653344154358, 1.1559042930603027, 3.483420698557893e-07)","(0.4967159032821655, 1.0731079578399658, -0.005984881892800331)","(0.5133243203163147, 0.9664626121520996, -0.0031525285448879004)","(0.516401469707489, 0.8812040090560913, 0.005094211548566818)","(0.5316430926322937, 0.8190298080444336, 0.014872042462229729)","(0.4535005986690521, 0.9333013296127319, -0.006535290740430355)","(0.48215898871421814, 0.838725209236145, 0.007898661307990551)","(0.5027897357940674, 0.8077313899993896, 0.018183154985308647)","(0.5170580148696899, 0.7882936596870422, 0.024516379460692406)","(0.417836457490921, 0.9461783766746521, 0.003432357683777809)","(0.4432523250579834, 0.8254074454307556, 0.020110875368118286)","(0.4738176167011261, 0.8229432702064514, 0.029961075633764267)","(0.49034371972084045, 0.8408703804016113, 0.03584909439086914)","(0.39704036712646484, 0.9694811105728149, 0.015451437793672085)","(0.417691707611084, 0.8668593168258667, 0.033230897039175034)","(0.4457879066467285, 0.8644141554832458, 0.0416957251727581)","(0.4596884548664093, 0.8776306509971619, 0.04443575069308281)","(0.3870314955711365, 0.993274450302124, 0.02759288251399994)","(0.39068740606307983, 0.9072539210319519, 0.04387764632701874)","(0.41073742508888245, 0.8949265480041504, 0.05452961102128029)","(0.4244726896286011, 0.9001561403274536, 0.06097669154405594)",Reach
1599,"(0.4439426362514496, 1.1473017930984497, 3.014276614976552e-07)","(0.4970227777957916, 1.0623117685317993, -0.0013766830088570714)","(0.512298583984375, 0.9599380493164062, 0.003954291343688965)","(0.5174789428710938, 0.882828950881958, 0.016731329262256622)","(0.5313236713409424, 0.8177385926246643, 0.0316333994269371)","(0.4625615179538727, 0.916233479976654, -0.017268795520067215)","(0.485806405544281, 0.8333578109741211, 0.007218056824058294)","(0.5051960945129395, 0.8053098917007446, 0.03236483782529831)","(0.5184615850448608, 0.7913966178894043, 0.05067645013332367)","(0.42741429805755615, 0.9316956996917725, -0.0025322255678474903)","(0.446690171957016, 0.8233497142791748, 0.02631751261651516)","(0.4749514162540436, 0.8214295506477356, 0.05456123501062393)","(0.48963236808776855, 0.8376322984695435, 0.0744357705116272)","(0.4050142467021942, 0.9539558291435242, 0.016109338030219078)","(0.4221702218055725, 0.8647163510322571, 0.04491538554430008)","(0.4485671818256378, 0.8645310997962952, 0.06758733093738556)","(0.46022090315818787, 0.8762093782424927, 0.08061113208532333)","(0.3908669650554657, 0.975538969039917, 0.03551219403743744)","(0.3954924941062927, 0.9015494585037231, 0.0616011843085289)","(0.41316860914230347, 0.8913926482200623, 0.08082083612680435)","(0.4244198501110077, 0.8959200382232666, 0.09434937685728073)",Reach
1600,"(0.45001524686813354, 1.1356587409973145, 3.609742975640984e-07)","(0.5010566711425781, 1.0508745908737183, -0.000969281536526978)","(0.5155190229415894, 0.9527418613433838, 0.004602041095495224)","(0.5199269652366638, 0.8797444701194763, 0.01745254173874855)","(0.5327267050743103, 0.8173190951347351, 0.032480720430612564)","(0.46482667326927185, 0.9094284176826477, -0.014288918115198612)","(0.48853957653045654, 0.831091046333313, 0.010352278128266335)","(0.5063077211380005, 0.8020964860916138, 0.03528325632214546)","(0.5174840688705444, 0.7860652208328247, 0.05369685962796211)","(0.42925187945365906, 0.9268224239349365, 6.113679410191253e-05)","(0.44977685809135437, 0.818657398223877, 0.028806161135435104)","(0.47640830278396606, 0.8167302012443542, 0.057092487812042236)","(0.490486204624176, 0.8334358930587769, 0.07772068679332733)","(0.4070741534233093, 0.9508212208747864, 0.018191158771514893)","(0.4253349304199219, 0.8614867925643921, 0.047584015876054764)","(0.45161381363868713, 0.8611167669296265, 0.07200504094362259)","(0.46427226066589355, 0.8725324273109436, 0.08671282231807709)","(0.39333295822143555, 0.97476726770401, 0.036913126707077026)","(0.3979734778404236, 0.9000511765480042, 0.0638415738940239)","(0.41605329513549805, 0.8875414133071899, 0.08436152338981628)","(0.42842257022857666, 0.8892468810081482, 0.09922095388174057)",Reach
1601,"(0.44671741127967834, 1.1306719779968262, 3.172704623466416e-07)","(0.5016828179359436, 1.04267156124115, 0.0046502468176186085)","(0.5160679817199707, 0.946340024471283, 0.013167443685233593)","(0.5200183987617493, 0.8769548535346985, 0.028259510174393654)","(0.5330424904823303, 0.8160445690155029, 0.04506012797355652)","(0.4709266126155853, 0.9013673067092896, -0.008920984342694283)","(0.4914019703865051, 0.8301877379417419, 0.018184715881943703)","(0.5089048743247986, 0.8009125590324402, 0.04426030442118645)","(0.5201926827430725, 0.7826859951019287, 0.0637374147772789)","(0.43563544750213623, 0.9197793006896973, 0.00549431424587965)","(0.45160341262817383, 0.8195452690124512, 0.04032835364341736)","(0.4770049452781677, 0.8175063133239746, 0.0728818029165268)","(0.49050307273864746, 0.8322865962982178, 0.0957983061671257)","(0.41241371631622314, 0.943913459777832, 0.02401953935623169)","(0.42900118231773376, 0.8642120957374573, 0.05969087406992912)","(0.45452871918678284, 0.8643158674240112, 0.08762779831886292)","(0.4656637907028198, 0.8744930028915405, 0.10385762155056)","(0.3961949646472931, 0.9673386216163635, 0.043445806950330734)","(0.3996436893939972, 0.9008802175521851, 0.0755934789776802)","(0.41568511724472046, 0.8879746198654175, 0.09889249503612518)","(0.42580127716064453, 0.8871985077857971, 0.11523240804672241)",Reach
1602,"(0.45370957255363464, 1.1290472745895386, 3.30375854673548e-07)","(0.5027345418930054, 1.0521541833877563, 0.002214483916759491)","(0.5194660425186157, 0.9549474120140076, 0.009321529418230057)","(0.5215125679969788, 0.8789077401161194, 0.02207414247095585)","(0.5332902073860168, 0.8194046020507812, 0.036623768508434296)","(0.4685232639312744, 0.9139965772628784, -0.006406240165233612)","(0.49110639095306396, 0.8315313458442688, 0.013882538303732872)","(0.5065900683403015, 0.7989705801010132, 0.0323125422000885)","(0.5171010494232178, 0.7774193286895752, 0.04557409510016441)","(0.4313206672668457, 0.9249308705329895, 0.00409155897796154)","(0.45270857214927673, 0.8149937987327576, 0.028313150629401207)","(0.4777931869029999, 0.8138388395309448, 0.04979037865996361)","(0.4912707507610321, 0.8310234546661377, 0.06511776149272919)","(0.40859857201576233, 0.9456740617752075, 0.017928391695022583)","(0.42949897050857544, 0.8548416495323181, 0.04234033077955246)","(0.4555988609790802, 0.8585351705551147, 0.06110254302620888)","(0.46768254041671753, 0.8735308051109314, 0.07208522409200668)","(0.39518481492996216, 0.96938157081604, 0.03263439983129501)","(0.4016783833503723, 0.8904298543930054, 0.05551367625594139)","(0.4217861294746399, 0.8815286159515381, 0.07270147651433945)","(0.4354981780052185, 0.8887513279914856, 0.08502214401960373)",Reach
1603,"(0.45523330569267273, 1.12398099899292, 2.8977203214708425e-07)","(0.5040410757064819, 1.0405490398406982, 0.004380655940622091)","(0.5167709589004517, 0.9453420639038086, 0.011788520030677319)","(0.5204803943634033, 0.8750945925712585, 0.025189511477947235)","(0.5323710441589355, 0.8151686787605286, 0.03983142226934433)","(0.4703500270843506, 0.9054389595985413, -0.010205436497926712)","(0.49078086018562317, 0.8289453387260437, 0.015198306180536747)","(0.5069060325622559, 0.7983424067497253, 0.03948840871453285)","(0.5168132781982422, 0.7796619534492493, 0.05726677179336548)","(0.4354088306427002, 0.9215300679206848, 0.002543132985010743)","(0.45272403955459595, 0.8193817734718323, 0.035276446491479874)","(0.4777390658855438, 0.819995105266571, 0.06468281149864197)","(0.48968350887298584, 0.8361994624137878, 0.08465760946273804)","(0.4127773642539978, 0.9434840083122253, 0.01938820257782936)","(0.43089744448661804, 0.8614059090614319, 0.05262988433241844)","(0.4565146565437317, 0.8661396503448486, 0.0770050659775734)","(0.46682754158973694, 0.8800236582756042, 0.09018084406852722)","(0.3974572420120239, 0.9648586511611938, 0.037218090146780014)","(0.4011096954345703, 0.895687997341156, 0.06671856343746185)","(0.4185647666454315, 0.8861867189407349, 0.08734945952892303)","(0.4294654130935669, 0.8899100422859192, 0.10127363353967667)",Reach
1604,"(0.45473912358283997, 1.1213983297348022, 3.031838673450693e-07)","(0.5031452178955078, 1.0414329767227173, 0.002812364138662815)","(0.5172919631004333, 0.9475075602531433, 0.008426130749285221)","(0.5201345682144165, 0.8760772347450256, 0.02015276998281479)","(0.5329274535179138, 0.8153433799743652, 0.03323713690042496)","(0.46996286511421204, 0.907980740070343, -0.01322372816503048)","(0.4889608323574066, 0.8302971124649048, 0.009599138051271439)","(0.5031871199607849, 0.7985703945159912, 0.0319419726729393)","(0.5117742419242859, 0.7786736488342285, 0.04818538576364517)","(0.4346942901611328, 0.9230470061302185, -0.001579382224008441)","(0.45386236906051636, 0.8198241591453552, 0.027640869840979576)","(0.4778950810432434, 0.8188117146492004, 0.05478891730308533)","(0.4891350269317627, 0.8332170248031616, 0.07334718853235245)","(0.41209787130355835, 0.9443995356559753, 0.014035135507583618)","(0.43198221921920776, 0.8613454103469849, 0.043600358068943024)","(0.4569181501865387, 0.865154504776001, 0.06690476089715958)","(0.4667104482650757, 0.8785229325294495, 0.07986823469400406)","(0.3974398672580719, 0.9658159017562866, 0.030542904511094093)","(0.4034215211868286, 0.8945351839065552, 0.05738260596990585)","(0.42169421911239624, 0.8854844570159912, 0.07738526165485382)","(0.4329262971878052, 0.8903527855873108, 0.09113354980945587)",Reach
1605,"(0.4590110182762146, 1.1199541091918945, 3.060478093175334e-07)","(0.5031567215919495, 1.0435786247253418, 0.002386031672358513)","(0.5183987021446228, 0.9490964412689209, 0.006531253457069397)","(0.5201034545898438, 0.8731257915496826, 0.015129528008401394)","(0.5344100594520569, 0.814966082572937, 0.02449163608253002)","(0.4672548770904541, 0.915249228477478, -0.007366402540355921)","(0.48727381229400635, 0.8308614492416382, 0.009932360611855984)","(0.5002936124801636, 0.7959468364715576, 0.02459053508937359)","(0.5077347755432129, 0.7718464732170105, 0.0342777818441391)","(0.4316196143627167, 0.928166925907135, -0.000267713243374601)","(0.45190078020095825, 0.8169374465942383, 0.020346183329820633)","(0.4756537675857544, 0.8175976276397705, 0.03658974543213844)","(0.48642194271087646, 0.8353585600852966, 0.04699404537677765)","(0.40929341316223145, 0.9501873850822449, 0.010169838555157185)","(0.4300834834575653, 0.8600854277610779, 0.031196201220154762)","(0.45451727509498596, 0.8671614527702332, 0.04551437124609947)","(0.4636840522289276, 0.8851816058158875, 0.05233828350901604)","(0.39597347378730774, 0.9741393327713013, 0.021609753370285034)","(0.4003135561943054, 0.8938841223716736, 0.0415201336145401)","(0.4197598099708557, 0.8869300484657288, 0.05635111406445503)","(0.4321194291114807, 0.8960738778114319, 0.06585093587636948)",Reach
1606,"(0.45866450667381287, 1.1262197494506836, 2.972975323700666e-07)","(0.5038148760795593, 1.0500105619430542, -0.0006731140892952681)","(0.5178484916687012, 0.9535556435585022, 0.0018042789306491613)","(0.5202221870422363, 0.8732253909111023, 0.008310196921229362)","(0.5349920988082886, 0.8137624263763428, 0.015245351940393448)","(0.467500239610672, 0.919059693813324, -0.006563282106071711)","(0.4889484643936157, 0.8288015723228455, 0.008903225883841515)","(0.5024208426475525, 0.7918665409088135, 0.02112843655049801)","(0.5093680024147034, 0.7675138711929321, 0.028830470517277718)","(0.43128806352615356, 0.9328731298446655, 0.0004276499676052481)","(0.4518813490867615, 0.8202439546585083, 0.018373703584074974)","(0.4770103394985199, 0.8231307864189148, 0.030134275555610657)","(0.48855873942375183, 0.8444806933403015, 0.03741287440061569)","(0.4085051119327545, 0.9552871584892273, 0.010257893241941929)","(0.4294099509716034, 0.8630428910255432, 0.029147464781999588)","(0.4544503688812256, 0.8697969913482666, 0.038670871406793594)","(0.46413901448249817, 0.8889990448951721, 0.04206289350986481)","(0.39550235867500305, 0.9787446856498718, 0.020801590755581856)","(0.3977433443069458, 0.8984504342079163, 0.038087163120508194)","(0.41695868968963623, 0.8899825811386108, 0.04930375888943672)","(0.4299110472202301, 0.8988755941390991, 0.05603102222084999)",Reach
1607,"(0.46075084805488586, 1.1283875703811646, 2.954100466467935e-07)","(0.5034821629524231, 1.053135871887207, -0.002580800326541066)","(0.5183042883872986, 0.9526886940002441, -0.001510632922872901)","(0.5200564861297607, 0.8684980273246765, 0.0033933594822883606)","(0.5364896059036255, 0.8107784986495972, 0.008801767602562904)","(0.4659099578857422, 0.9251723289489746, -0.008407010696828365)","(0.486558198928833, 0.832951545715332, 0.002304814290255308)","(0.49916860461235046, 0.7940896153450012, 0.01054846215993166)","(0.5056877136230469, 0.7664461731910706, 0.015376897528767586)","(0.4298435151576996, 0.9362831115722656, -0.0026733607519418)","(0.45079177618026733, 0.8213844895362854, 0.009531133808195591)","(0.47620904445648193, 0.8221116662025452, 0.017099546268582344)","(0.4886699318885803, 0.8427727818489075, 0.02166842296719551)","(0.40735313296318054, 0.9565575122833252, 0.005504987668246031)","(0.42859673500061035, 0.8619081974029541, 0.019370369613170624)","(0.45362037420272827, 0.8663123250007629, 0.026429718360304832)","(0.46417176723480225, 0.8861531019210815, 0.02849528379738331)","(0.3945850729942322, 0.9793034195899963, 0.014189434237778187)","(0.39834555983543396, 0.9001918435096741, 0.027342414483428)","(0.41747987270355225, 0.8929796814918518, 0.03657005727291107)","(0.4302978217601776, 0.9030643105506897, 0.04206613078713417)",Reach
1608,"(0.4633454978466034, 1.1285836696624756, 2.9913996968389256e-07)","(0.5060984492301941, 1.0512306690216064, -0.0011712100822478533)","(0.5189617872238159, 0.9541457891464233, 0.001354852574877441)","(0.5208346247673035, 0.8722185492515564, 0.007848722860217094)","(0.5366858839988708, 0.8144795894622803, 0.015008796006441116)","(0.4664057493209839, 0.9253205060958862, -0.005727118346840143)","(0.48899489641189575, 0.8332629799842834, 0.0076261255890131)","(0.5022482872009277, 0.7929332256317139, 0.017698926851153374)","(0.5086519718170166, 0.763786792755127, 0.02373974211513996)","(0.43029510974884033, 0.9379139542579651, 0.0008253906853497028)","(0.45106837153434753, 0.8233038783073425, 0.015817245468497276)","(0.47713494300842285, 0.8253347277641296, 0.025379352271556854)","(0.488963782787323, 0.8470544815063477, 0.03138116002082825)","(0.4084051251411438, 0.959782600402832, 0.010040126740932465)","(0.4296569526195526, 0.8651941418647766, 0.026669640094041824)","(0.45528730750083923, 0.8692266345024109, 0.03511573374271393)","(0.4657612144947052, 0.8881851434707642, 0.03806328400969505)","(0.39647176861763, 0.9836908578872681, 0.019896771758794785)","(0.39889955520629883, 0.9056559205055237, 0.035949595272541046)","(0.4176032841205597, 0.8976521492004395, 0.04658849164843559)","(0.42996394634246826, 0.9067824482917786, 0.052974116057157516)",Reach
1609,"(0.4619036018848419, 1.129896640777588, 3.149634721921757e-07)","(0.5054524540901184, 1.050723910331726, -0.0025437702424824238)","(0.518670380115509, 0.9535955786705017, -9.237378435500432e-06)","(0.5218686461448669, 0.8727819919586182, 0.0068359714932739735)","(0.5397005081176758, 0.8146741390228271, 0.014479669742286205)","(0.46472686529159546, 0.9225490689277649, -0.004417234566062689)","(0.488774836063385, 0.8340699076652527, 0.011425646021962166)","(0.5021044611930847, 0.7960894703865051, 0.022875262424349785)","(0.5084103345870972, 0.7684044241905212, 0.029438331723213196)","(0.4296609163284302, 0.9362744688987732, 0.003382326103746891)","(0.4524274170398712, 0.8285263180732727, 0.021279310807585716)","(0.47691649198532104, 0.8297446966171265, 0.03185577690601349)","(0.48727715015411377, 0.849496066570282, 0.03794141113758087)","(0.40849077701568604, 0.9598938226699829, 0.013655178248882294)","(0.4290012717247009, 0.8717594146728516, 0.032800741493701935)","(0.45397767424583435, 0.8734095692634583, 0.041601426899433136)","(0.4645305573940277, 0.8892468214035034, 0.04419884830713272)","(0.39729514718055725, 0.984748125076294, 0.02432403527200222)","(0.40091919898986816, 0.9110960960388184, 0.041973281651735306)","(0.41903260350227356, 0.9018190503120422, 0.0526847168803215)","(0.4305567145347595, 0.9087695479393005, 0.05880114808678627)",Reach
1610,"(0.456780344247818, 1.1326260566711426, 3.3211640015906596e-07)","(0.5006908178329468, 1.0546950101852417, -0.008413535542786121)","(0.5157696008682251, 0.9555883407592773, -0.00898449495434761)","(0.520610511302948, 0.8725131750106812, -0.004598531872034073)","(0.5393928289413452, 0.8150026798248291, 0.0005720871849916875)","(0.4594961702823639, 0.9285459518432617, -0.01168107520788908)","(0.48597678542137146, 0.8379615545272827, -0.0012291963212192059)","(0.5011242032051086, 0.7977368235588074, 0.006363807711750269)","(0.5089985728263855, 0.7677367925643921, 0.010330072604119778)","(0.4259938597679138, 0.9387228488922119, -0.002794446889311075)","(0.4518755376338959, 0.8311707377433777, 0.009063409641385078)","(0.4778214991092682, 0.8326146602630615, 0.016303546726703644)","(0.4890477657318115, 0.8519566059112549, 0.0201884675770998)","(0.40634581446647644, 0.9602157473564148, 0.008001667447388172)","(0.42891207337379456, 0.8724086284637451, 0.021293798461556435)","(0.4545306861400604, 0.8730347752571106, 0.027932481840252876)","(0.4658331274986267, 0.8895770907402039, 0.029516298323869705)","(0.39670130610466003, 0.9840880036354065, 0.018677275627851486)","(0.4029638469219208, 0.9108068943023682, 0.03115297667682171)","(0.42254751920700073, 0.902216374874115, 0.03945385664701462)","(0.4354184865951538, 0.9114575386047363, 0.044046442955732346)",Reach
1611,"(0.46145644783973694, 1.13533353805542, 3.7228994642646285e-07)","(0.5029181241989136, 1.051926851272583, -0.012395467609167099)","(0.5143842697143555, 0.9498069286346436, -0.01142617966979742)","(0.5183741450309753, 0.8683554530143738, -0.004376254044473171)","(0.5373553037643433, 0.8120611906051636, 0.004021923057734966)","(0.45112982392311096, 0.9287406802177429, -0.008825032040476799)","(0.4806515872478485, 0.8376258611679077, 0.005668614059686661)","(0.4985903203487396, 0.8009706735610962, 0.014727653004229069)","(0.5094440579414368, 0.7750031352043152, 0.01948152296245098)","(0.4186946153640747, 0.9443340301513672, 0.004211891908198595)","(0.44552263617515564, 0.8385514616966248, 0.02229156903922558)","(0.47129061818122864, 0.8368828296661377, 0.03027718886733055)","(0.4830799698829651, 0.8517352938652039, 0.033506590873003006)","(0.4021866023540497, 0.9691078066825867, 0.018604334443807602)","(0.42470428347587585, 0.8839142322540283, 0.037165604531764984)","(0.44929343461990356, 0.8869383931159973, 0.04259108752012253)","(0.45993101596832275, 0.9044665694236755, 0.04220382124185562)","(0.39608699083328247, 0.9923413395881653, 0.03238629549741745)","(0.39967283606529236, 0.9237171411514282, 0.047323018312454224)","(0.4164603352546692, 0.9148640036582947, 0.05380875989794731)","(0.4277975559234619, 0.921169102191925, 0.05662311986088753)",Reach
1612,"(0.46678799390792847, 1.1344411373138428, 3.5288618960294116e-07)","(0.5038642883300781, 1.0468881130218506, -0.016101762652397156)","(0.5117266178131104, 0.9454975724220276, -0.016684366390109062)","(0.5169585347175598, 0.8657875657081604, -0.009986021555960178)","(0.5346899628639221, 0.8088120222091675, -0.0019574277102947235)","(0.4458845853805542, 0.927367091178894, -0.014958791434764862)","(0.47712212800979614, 0.8351088762283325, -0.0020466968417167664)","(0.49712270498275757, 0.7982627749443054, 0.005558705423027277)","(0.5100409388542175, 0.7726267576217651, 0.009335743263363838)","(0.4160204529762268, 0.9464945197105408, 0.00010040898632723838)","(0.44230762124061584, 0.8374185562133789, 0.015802962705492973)","(0.4696092903614044, 0.8381718993186951, 0.02288232184946537)","(0.48305588960647583, 0.8563035726547241, 0.025831136852502823)","(0.40182870626449585, 0.9726970791816711, 0.01639847829937935)","(0.42408326268196106, 0.8859475255012512, 0.03307646885514259)","(0.44895294308662415, 0.8865038156509399, 0.03740723431110382)","(0.46041053533554077, 0.902332603931427, 0.036539044231176376)","(0.3972434103488922, 0.996536135673523, 0.031854379922151566)","(0.3996589481830597, 0.9321821928024292, 0.045074719935655594)","(0.41459518671035767, 0.919492244720459, 0.049630433320999146)","(0.42466166615486145, 0.9199560284614563, 0.051037292927503586)",Reach
1613,"(0.46456679701805115, 1.1424736976623535, 3.4485051969568303e-07)","(0.5019045472145081, 1.0541529655456543, -0.014466503635048866)","(0.509633481502533, 0.9498555660247803, -0.014338343404233456)","(0.5165090560913086, 0.8669692873954773, -0.008154002949595451)","(0.5365899801254272, 0.8103032112121582, -0.0005022590048611164)","(0.4451911449432373, 0.9302268624305725, -0.008339262567460537)","(0.4753675162792206, 0.8353151082992554, 0.0036360754165798426)","(0.4967297911643982, 0.8000630736351013, 0.010414130054414272)","(0.5115612149238586, 0.7778351306915283, 0.014023525640368462)","(0.41460031270980835, 0.9482932686805725, 0.005281080026179552)","(0.4421192705631256, 0.837431013584137, 0.019598595798015594)","(0.47136086225509644, 0.8348195552825928, 0.025612277910113335)","(0.4871314465999603, 0.8509411811828613, 0.028689377009868622)","(0.39964038133621216, 0.9731929898262024, 0.01963924430310726)","(0.42337626218795776, 0.883815586566925, 0.035516005009412766)","(0.4486493766307831, 0.8806249499320984, 0.03927987068891525)","(0.46197542548179626, 0.8949379920959473, 0.038800325244665146)","(0.39462006092071533, 0.9957436919212341, 0.033043067902326584)","(0.40018606185913086, 0.9299718737602234, 0.046471044421195984)","(0.41502174735069275, 0.9194526672363281, 0.05156717449426651)","(0.4251076877117157, 0.922978401184082, 0.0538361594080925)",Reach
1614,"(0.46577373147010803, 1.1462386846542358, 3.7571805933112046e-07)","(0.5023846626281738, 1.0535831451416016, -0.016903618350625038)","(0.5100247263908386, 0.9468712210655212, -0.017549820244312286)","(0.51756352186203, 0.8642670512199402, -0.011745065450668335)","(0.5369918942451477, 0.807729959487915, -0.0044278306886553764)","(0.4424517750740051, 0.9290852546691895, -0.009799566119909286)","(0.473941832780838, 0.8335182070732117, 0.0021120943129062653)","(0.49665236473083496, 0.7983525991439819, 0.00831951666623354)","(0.5130007863044739, 0.776043713092804, 0.011461753398180008)","(0.4130007028579712, 0.948328971862793, 0.004850292112678289)","(0.44254353642463684, 0.8390809893608093, 0.0191882885992527)","(0.4716058075428009, 0.8333806991577148, 0.02421371079981327)","(0.4878554940223694, 0.8479353189468384, 0.02650843746960163)","(0.3991318643093109, 0.9745849370956421, 0.020036354660987854)","(0.42339253425598145, 0.8862924575805664, 0.03583068773150444)","(0.448265016078949, 0.8791657090187073, 0.03861292824149132)","(0.4616300165653229, 0.8902430534362793, 0.037478093057870865)","(0.39510583877563477, 0.9983839392662048, 0.03405309095978737)","(0.4007083475589752, 0.9339934587478638, 0.04700794443488121)","(0.41448891162872314, 0.9214248061180115, 0.05150189995765686)","(0.4240590035915375, 0.9229066371917725, 0.053469136357307434)",Reach
1615,"(0.46579599380493164, 1.1490647792816162, 3.9690269204584183e-07)","(0.5033712387084961, 1.051867961883545, -0.019065730273723602)","(0.5095317959785461, 0.9462651014328003, -0.01842328906059265)","(0.5179656744003296, 0.8640947937965393, -0.010444567538797855)","(0.5349979400634766, 0.803575873374939, -0.0007691469509154558)","(0.43947091698646545, 0.9256252646446228, -0.006997551303356886)","(0.47281745076179504, 0.8300521373748779, 0.010361004620790482)","(0.4980689287185669, 0.7984879016876221, 0.019290698692202568)","(0.5162442922592163, 0.7806867361068726, 0.023945264518260956)","(0.41216424107551575, 0.9474089741706848, 0.011272522620856762)","(0.44354447722435, 0.8422461152076721, 0.032094281166791916)","(0.47391751408576965, 0.8340614438056946, 0.03806566819548607)","(0.4923069179058075, 0.8477823734283447, 0.03971150517463684)","(0.4000559151172638, 0.9757391810417175, 0.030066216364502907)","(0.4242495596408844, 0.889898955821991, 0.05157284066081047)","(0.4494475722312927, 0.88270103931427, 0.05363748222589493)","(0.4641781747341156, 0.8941177129745483, 0.050776928663253784)","(0.3974616825580597, 1.0001178979873657, 0.04749942198395729)","(0.40175363421440125, 0.9373005032539368, 0.06468130648136139)","(0.41384366154670715, 0.9248828887939453, 0.06919212639331818)","(0.42271873354911804, 0.9257301688194275, 0.0702972412109375)",Reach
1616,"(0.4643939137458801, 1.149199366569519, 4.142071361457056e-07)","(0.5027335286140442, 1.0557411909103394, -0.019066741690039635)","(0.509858250617981, 0.9492245316505432, -0.01934584602713585)","(0.5192152261734009, 0.8657248020172119, -0.01299877930432558)","(0.5353646874427795, 0.8040388822555542, -0.00493641197681427)","(0.43773502111434937, 0.927660346031189, -0.009796427562832832)","(0.4717351198196411, 0.8292438387870789, 0.0035190279595553875)","(0.4993588924407959, 0.8021266460418701, 0.01137709803879261)","(0.5191120505332947, 0.7887595891952515, 0.015750505030155182)","(0.4121142029762268, 0.9461492896080017, 0.0065042078495025635)","(0.4489925503730774, 0.8424321413040161, 0.02190479077398777)","(0.4808182716369629, 0.8300654888153076, 0.02571929059922695)","(0.5008710026741028, 0.8393018245697021, 0.026290297508239746)","(0.40079790353775024, 0.9726939797401428, 0.02319471538066864)","(0.42950859665870667, 0.885751485824585, 0.038407858461141586)","(0.4556775987148285, 0.8796647787094116, 0.039087019860744476)","(0.4718446135520935, 0.8929678201675415, 0.03649565204977989)","(0.3988719582557678, 0.9977432489395142, 0.03869444504380226)","(0.40827739238739014, 0.9349782466888428, 0.050461091101169586)","(0.4221774935722351, 0.9278088808059692, 0.05376690253615379)","(0.43318313360214233, 0.9345557689666748, 0.05506651848554611)",Reach
1617,"(0.46395689249038696, 1.1407324075698853, 4.393097299271176e-07)","(0.5025822520256042, 1.046229362487793, -0.022340940311551094)","(0.5116845965385437, 0.9436213374137878, -0.021839691326022148)","(0.5222246050834656, 0.8623098134994507, -0.014071174897253513)","(0.5392872095108032, 0.8023411631584167, -0.004466554149985313)","(0.43844538927078247, 0.9182268977165222, -0.004652857314795256)","(0.47438275814056396, 0.8238756656646729, 0.011511477641761303)","(0.502686619758606, 0.7991037368774414, 0.019109342247247696)","(0.5224215388298035, 0.7865078449249268, 0.023079954087734222)","(0.4129852056503296, 0.9395877718925476, 0.014930986799299717)","(0.45082440972328186, 0.8422141671180725, 0.033773403614759445)","(0.4825977087020874, 0.8312222361564636, 0.03684399649500847)","(0.5027544498443604, 0.8412253856658936, 0.03642665594816208)","(0.40239417552948, 0.9682093262672424, 0.034334391355514526)","(0.4327777326107025, 0.8869739174842834, 0.05234486237168312)","(0.45825207233428955, 0.882891058921814, 0.05117931589484215)","(0.47447583079338074, 0.8967375755310059, 0.04705969989299774)","(0.40077024698257446, 0.9941014051437378, 0.052140288054943085)","(0.4111986756324768, 0.9320103526115417, 0.0657162144780159)","(0.42482390999794006, 0.9242489337921143, 0.06794638186693192)","(0.4361320436000824, 0.9303513169288635, 0.06828474253416061)",Reach
1618,"(0.46084773540496826, 1.1355139017105103, 4.09478730034607e-07)","(0.5008014440536499, 1.046284556388855, -0.0222998708486557)","(0.5129063725471497, 0.9422217607498169, -0.024321507662534714)","(0.5234116315841675, 0.8601751923561096, -0.019201001152396202)","(0.5418528914451599, 0.8014364242553711, -0.012290985323488712)","(0.44131794571876526, 0.9204140901565552, -0.013420546427369118)","(0.47685617208480835, 0.8234255313873291, -0.004518492147326469)","(0.5048245787620544, 0.7966039776802063, -0.0005223288317210972)","(0.5245789885520935, 0.7828715443611145, 0.0016060349298641086)","(0.4143463373184204, 0.9404520988464355, 0.003969571087509394)","(0.448805570602417, 0.8383126854896545, 0.015304126776754856)","(0.47972172498703003, 0.8324018120765686, 0.017320146784186363)","(0.497447669506073, 0.8452129364013672, 0.01725500449538231)","(0.40294554829597473, 0.9666640162467957, 0.021368760615587234)","(0.43245309591293335, 0.8822202086448669, 0.03269001096487045)","(0.4578005075454712, 0.8790571689605713, 0.032170288264751434)","(0.47290587425231934, 0.8936073184013367, 0.02973775565624237)","(0.4015296399593353, 0.9901668429374695, 0.03736400976777077)","(0.4151616394519806, 0.9266042709350586, 0.04621359705924988)","(0.4313310384750366, 0.9195296764373779, 0.04822298139333725)","(0.4434169828891754, 0.9274869561195374, 0.04920905455946922)",Reach
1619,"(0.4608183801174164, 1.1331783533096313, 3.91133426091983e-07)","(0.5014053583145142, 1.0455377101898193, -0.02008967101573944)","(0.5140630006790161, 0.9415541887283325, -0.022385109215974808)","(0.5231941938400269, 0.8599652051925659, -0.01811506412923336)","(0.5417101383209229, 0.8023969531059265, -0.012311725877225399)","(0.44528692960739136, 0.9201051592826843, -0.014358065091073513)","(0.4799167811870575, 0.8235334157943726, -0.006419234909117222)","(0.5062850713729858, 0.7954005599021912, -0.0026058482471853495)","(0.525080144405365, 0.7808395028114319, -0.0006695791380479932)","(0.4171667993068695, 0.9397996664047241, 0.0007735793478786945)","(0.450173556804657, 0.8338216543197632, 0.011134016327559948)","(0.4807029366493225, 0.8288258910179138, 0.013551105745136738)","(0.49774330854415894, 0.8429545164108276, 0.013900082558393478)","(0.40450239181518555, 0.9665621519088745, 0.01613163948059082)","(0.4317352771759033, 0.8794058561325073, 0.027171455323696136)","(0.45708516240119934, 0.8764476776123047, 0.02787471003830433)","(0.4717295467853546, 0.8911411762237549, 0.026089031249284744)","(0.40190085768699646, 0.9915018677711487, 0.03021976724267006)","(0.41102153062820435, 0.9278514385223389, 0.039252884685993195)","(0.4264964461326599, 0.9208719730377197, 0.04217755049467087)","(0.43854495882987976, 0.9287718534469604, 0.04353399574756622)",Reach
1620,"(0.4639587104320526, 1.1285663843154907, 3.828294836694113e-07)","(0.504776120185852, 1.0402593612670898, -0.02070952020585537)","(0.5159826278686523, 0.9391817450523376, -0.022214697673916817)","(0.5238598585128784, 0.8578091263771057, -0.016374779865145683)","(0.5415716767311096, 0.7993018627166748, -0.00884659681469202)","(0.44675514101982117, 0.9164556264877319, -0.01354920119047165)","(0.4811234474182129, 0.8231924176216125, -0.0023690045345574617)","(0.5072712898254395, 0.79457688331604, 0.0035466563422232866)","(0.5257682204246521, 0.7785788774490356, 0.006815117318183184)","(0.41822153329849243, 0.9358221292495728, 0.0034671009052544832)","(0.44991859793663025, 0.8296303153038025, 0.01666591502726078)","(0.4808806777000427, 0.8276921510696411, 0.019862579181790352)","(0.4979776442050934, 0.8438646197319031, 0.020690424367785454)","(0.40534985065460205, 0.9618083834648132, 0.02100040391087532)","(0.4338693618774414, 0.8789421916007996, 0.03518667072057724)","(0.4603530764579773, 0.8778809905052185, 0.03584813326597214)","(0.475015789270401, 0.8928862810134888, 0.03365771472454071)","(0.4016883969306946, 0.9853036999702454, 0.03727053105831146)","(0.4083375334739685, 0.9207164645195007, 0.04926110431551933)","(0.42426708340644836, 0.9106597304344177, 0.05264958739280701)","(0.4371296465396881, 0.915083110332489, 0.05395155027508736)",Reach
1621,"(0.46450552344322205, 1.1296031475067139, 3.6813838732996373e-07)","(0.5046974420547485, 1.0409806966781616, -0.02104039676487446)","(0.5159112811088562, 0.9388564229011536, -0.022610364481806755)","(0.5241318941116333, 0.856395423412323, -0.017036881297826767)","(0.5411407947540283, 0.7972093820571899, -0.009713079780340195)","(0.44548577070236206, 0.9137446880340576, -0.010883173905313015)","(0.4809134602546692, 0.8220087885856628, 0.0003547070373315364)","(0.5080209970474243, 0.7965841889381409, 0.005414431914687157)","(0.5272465944290161, 0.7829696536064148, 0.007913761772215366)","(0.4177648723125458, 0.934296190738678, 0.005889332387596369)","(0.4509984850883484, 0.8297802805900574, 0.019222237169742584)","(0.48245060443878174, 0.8274640440940857, 0.021473441272974014)","(0.500417947769165, 0.8434396982192993, 0.021546609699726105)","(0.405424028635025, 0.9618832468986511, 0.022886190563440323)","(0.43275225162506104, 0.8781194686889648, 0.03722333908081055)","(0.4593068063259125, 0.8742229342460632, 0.037328943610191345)","(0.47528085112571716, 0.8877580165863037, 0.03473615646362305)","(0.40242210030555725, 0.9871668815612793, 0.03844328969717026)","(0.40765580534935, 0.9228726029396057, 0.050340987741947174)","(0.423461377620697, 0.9110468029975891, 0.053445640951395035)","(0.437118262052536, 0.9140327572822571, 0.054535191506147385)",Reach
1622,"(0.46365872025489807, 1.130191683769226, 3.522174552017532e-07)","(0.5036771297454834, 1.0415512323379517, -0.021133629605174065)","(0.5176207423210144, 0.9373915195465088, -0.02315938100218773)","(0.5270705819129944, 0.8551488518714905, -0.018295612186193466)","(0.5425220131874084, 0.7965772747993469, -0.011828364804387093)","(0.44698864221572876, 0.9162355661392212, -0.012182206846773624)","(0.4820074439048767, 0.8213932514190674, -0.0025872879195958376)","(0.509050190448761, 0.7946827411651611, 0.0015376540832221508)","(0.5281611084938049, 0.7798188924789429, 0.0035467587877064943)","(0.4188130497932434, 0.9335205554962158, 0.004147170577198267)","(0.452560156583786, 0.8277690410614014, 0.01550313364714384)","(0.48316213488578796, 0.8280631303787231, 0.01700262352824211)","(0.4993721842765808, 0.8460777997970581, 0.016825594007968903)","(0.40536919236183167, 0.9573066234588623, 0.020680319517850876)","(0.43425196409225464, 0.8710073232650757, 0.03283121436834335)","(0.4604569673538208, 0.8702959418296814, 0.032400600612163544)","(0.47483524680137634, 0.8865200877189636, 0.029884064570069313)","(0.40073829889297485, 0.9799364805221558, 0.03585894778370857)","(0.4079904556274414, 0.9116166830062866, 0.04538337141275406)","(0.4251980185508728, 0.902249813079834, 0.04781097173690796)","(0.4393076002597809, 0.9087269306182861, 0.048911552876234055)",Reach
1623,"(0.4650425314903259, 1.13176691532135, 3.293899055734073e-07)","(0.5055307745933533, 1.0433012247085571, -0.015192495658993721)","(0.5201430320739746, 0.9375638365745544, -0.01695283129811287)","(0.5295781493186951, 0.8550285696983337, -0.013778752647340298)","(0.545319676399231, 0.7973528504371643, -0.009416953660547733)","(0.4527931213378906, 0.9171093702316284, -0.008254501037299633)","(0.4863640367984772, 0.8223819732666016, -0.00013440380280371755)","(0.5109160542488098, 0.794720470905304, 0.0037253403570502996)","(0.5286735892295837, 0.7792547941207886, 0.00559187913313508)","(0.4239194989204407, 0.9334582686424255, 0.002920408034697175)","(0.45859524607658386, 0.8267226815223694, 0.012511327862739563)","(0.48699823021888733, 0.8281425833702087, 0.014225413091480732)","(0.5013625025749207, 0.8460524678230286, 0.01464009564369917)","(0.4084448218345642, 0.9571913480758667, 0.014460470527410507)","(0.43680185079574585, 0.8693446516990662, 0.025264346972107887)","(0.4620485305786133, 0.8675279021263123, 0.0262686125934124)","(0.47529223561286926, 0.8821867108345032, 0.024940963834524155)","(0.4020432233810425, 0.9822602868080139, 0.025031177327036858)","(0.4046458601951599, 0.9147234559059143, 0.03392861783504486)","(0.42124438285827637, 0.9019463658332825, 0.03774575889110565)","(0.4359229505062103, 0.9060560464859009, 0.040036894381046295)",Reach
1624,"(0.4646935760974884, 1.1380995512008667, 3.929449690076581e-07)","(0.5103057026863098, 1.0486088991165161, -0.014214127324521542)","(0.5240588188171387, 0.9415028691291809, -0.011387101374566555)","(0.5319731831550598, 0.8616339564323425, -0.00375520926900208)","(0.5482017993927002, 0.8014349937438965, 0.004998327698558569)","(0.4572640061378479, 0.9165714383125305, 0.007269745692610741)","(0.4879622757434845, 0.8272343277931213, 0.02488083206117153)","(0.5127024054527283, 0.797673225402832, 0.0325886569917202)","(0.5298941731452942, 0.7805243134498596, 0.03630863502621651)","(0.4283895492553711, 0.934552788734436, 0.021162575110793114)","(0.461250901222229, 0.838013768196106, 0.040986835956573486)","(0.4903876781463623, 0.8316057324409485, 0.043690621852874756)","(0.5068865418434143, 0.843157172203064, 0.04354081675410271)","(0.4125039875507355, 0.9602037072181702, 0.03499662131071091)","(0.43817609548568726, 0.8807724714279175, 0.05491000786423683)","(0.46377649903297424, 0.8738903999328613, 0.05554265156388283)","(0.4788914918899536, 0.8809258937835693, 0.05245930701494217)","(0.40645965933799744, 0.986603856086731, 0.047660768032073975)","(0.40735432505607605, 0.9217085838317871, 0.06388389319181442)","(0.4225948452949524, 0.9062900543212891, 0.06893836706876755)","(0.436897873878479, 0.9055573344230652, 0.07097505033016205)",Reach
1625,"(0.4707705080509186, 1.1272493600845337, 3.6970607197872596e-07)","(0.512627363204956, 1.0456922054290771, -0.012172057293355465)","(0.5283639430999756, 0.9452146887779236, -0.01297958754003048)","(0.5356259346008301, 0.8628246188163757, -0.009505590423941612)","(0.551534116268158, 0.8038288354873657, -0.005206689704209566)","(0.4652461111545563, 0.9231669902801514, -0.004661478102207184)","(0.49738022685050964, 0.8313053846359253, 0.0038086746353656054)","(0.5196314454078674, 0.7990682125091553, 0.008082020096480846)","(0.5346774458885193, 0.7793423533439636, 0.010236688889563084)","(0.4342893958091736, 0.9363280534744263, 0.004724050406366587)","(0.46659961342811584, 0.8305085301399231, 0.013697170652449131)","(0.4957520365715027, 0.8301128149032593, 0.015390614047646523)","(0.5104565024375916, 0.846798300743103, 0.015992840752005577)","(0.4159528315067291, 0.9579691886901855, 0.014595639891922474)","(0.4403625726699829, 0.8680281639099121, 0.023873168975114822)","(0.46661126613616943, 0.8653087615966797, 0.02532065100967884)","(0.48054420948028564, 0.8796612024307251, 0.02466089464724064)","(0.4071076810359955, 0.9819504022598267, 0.023941725492477417)","(0.4073341488838196, 0.907223641872406, 0.03149643912911415)","(0.42475923895835876, 0.8942853808403015, 0.03598138317465782)","(0.4399239122867584, 0.900534451007843, 0.03899114578962326)",Reach
1626,"(0.47173309326171875, 1.123440146446228, 3.1513209819422627e-07)","(0.5141561031341553, 1.044501781463623, -0.009192781522870064)","(0.5324454307556152, 0.946853518486023, -0.010810671374201775)","(0.5405340790748596, 0.8654992580413818, -0.009007560089230537)","(0.5561879873275757, 0.8062007427215576, -0.006753628607839346)","(0.47430911660194397, 0.9195666313171387, -0.005955202970653772)","(0.5072397589683533, 0.8310372233390808, 0.0002519960980862379)","(0.5280441641807556, 0.7975342869758606, 0.004097951576113701)","(0.5429253578186035, 0.7753381729125977, 0.0062898448668420315)","(0.44294172525405884, 0.9292915463447571, 0.00055698148207739)","(0.473021000623703, 0.8192188739776611, 0.006455599330365658)","(0.5010376572608948, 0.8243451118469238, 0.009108096361160278)","(0.5151463747024536, 0.8464084267616272, 0.011664003133773804)","(0.4225693941116333, 0.9492480158805847, 0.0078048305585980415)","(0.4465683102607727, 0.8537160158157349, 0.014404205605387688)","(0.472734659910202, 0.8560581207275391, 0.017513729631900787)","(0.4854752719402313, 0.875904381275177, 0.01915569044649601)","(0.410430371761322, 0.9746525287628174, 0.014842642471194267)","(0.40636199712753296, 0.8987876176834106, 0.020894579589366913)","(0.4240291118621826, 0.8846761584281921, 0.02638106234371662)","(0.43922895193099976, 0.8919649720191956, 0.030781010165810585)",Reach
1627,"(0.47435417771339417, 1.1217169761657715, 3.143136950711778e-07)","(0.5203960537910461, 1.041046380996704, -0.0008290829719044268)","(0.53554767370224, 0.9420331716537476, 0.0038071461021900177)","(0.5417968034744263, 0.8612572550773621, 0.010576553642749786)","(0.5598635673522949, 0.8046362400054932, 0.017448676750063896)","(0.48003989458084106, 0.9125601053237915, 0.010443905368447304)","(0.5092945098876953, 0.8309391736984253, 0.025997724384069443)","(0.5297505855560303, 0.7989547252655029, 0.03412660211324692)","(0.544060468673706, 0.7771716117858887, 0.038591206073760986)","(0.44668808579444885, 0.922348141670227, 0.015998924151062965)","(0.47521552443504333, 0.8200520277023315, 0.03346111252903938)","(0.5018219351768494, 0.8250803351402283, 0.03891178220510483)","(0.5145530700683594, 0.8448385000228882, 0.04189203307032585)","(0.4246545732021332, 0.9436045289039612, 0.02278877981007099)","(0.4467684328556061, 0.8560189008712769, 0.04004407301545143)","(0.4728900194168091, 0.8571913242340088, 0.0439876914024353)","(0.4859007000923157, 0.8721544146537781, 0.04410594701766968)","(0.41103988885879517, 0.9701349139213562, 0.029877660796046257)","(0.4045511782169342, 0.896331787109375, 0.04428432881832123)","(0.42252105474472046, 0.8825016021728516, 0.051903825253248215)","(0.438339501619339, 0.8876488208770752, 0.05655159056186676)",Reach
1628,"(0.4747300446033478, 1.1182928085327148, 2.8830046971961565e-07)","(0.5206310153007507, 1.0403282642364502, 0.0002983715385198593)","(0.5372583270072937, 0.9431028366088867, 0.0045850020833313465)","(0.5428961515426636, 0.8622577786445618, 0.010670964606106281)","(0.560723066329956, 0.8044826984405518, 0.016723034903407097)","(0.4844401478767395, 0.9136550426483154, 0.007722099311649799)","(0.5121297240257263, 0.8311664462089539, 0.02019081450998783)","(0.5313750505447388, 0.794783353805542, 0.027002546936273575)","(0.5450869798660278, 0.7689776420593262, 0.030750097706913948)","(0.450922429561615, 0.9202004671096802, 0.011768581345677376)","(0.47836974263191223, 0.8172773718833923, 0.025029396638274193)","(0.503468930721283, 0.8243139982223511, 0.02934224344789982)","(0.5149790048599243, 0.8466541171073914, 0.03211279213428497)","(0.4279170036315918, 0.9387626647949219, 0.017258591949939728)","(0.44941937923431396, 0.8502064347267151, 0.030312348157167435)","(0.47419577836990356, 0.8542371988296509, 0.03397424891591072)","(0.48563119769096375, 0.8721831440925598, 0.03475155681371689)","(0.4127662777900696, 0.9652278423309326, 0.023340757936239243)","(0.40563932061195374, 0.8896583914756775, 0.03452359512448311)","(0.4241434335708618, 0.8775763511657715, 0.041611332446336746)","(0.44039982557296753, 0.8857606649398804, 0.04644285514950752)",Reach
1629,"(0.47410303354263306, 1.1108427047729492, 2.8369461801958096e-07)","(0.5204230546951294, 1.0391430854797363, -0.004088719841092825)","(0.5408226847648621, 0.9444994330406189, -0.0022751283831894398)","(0.545365035533905, 0.8622894883155823, 0.002150757471099496)","(0.563235342502594, 0.8044945597648621, 0.0068222228437662125)","(0.4881950616836548, 0.9138906598091125, 6.038799256202765e-05)","(0.5152249932289124, 0.8292030096054077, 0.007776044309139252)","(0.5346599817276001, 0.7934145331382751, 0.012775502167642117)","(0.5484024286270142, 0.7686727046966553, 0.01581992208957672)","(0.4547901153564453, 0.9190201759338379, 0.004697053227573633)","(0.4829060137271881, 0.8162431716918945, 0.010091699659824371)","(0.506324827671051, 0.8225853443145752, 0.01121542975306511)","(0.5162803530693054, 0.8455617427825928, 0.013239116407930851)","(0.4313509166240692, 0.9345380663871765, 0.010584894567728043)","(0.4533446431159973, 0.8506302833557129, 0.01568971574306488)","(0.4761267304420471, 0.8516632914543152, 0.016730209812521935)","(0.4858798682689667, 0.8674811720848083, 0.017679154872894287)","(0.415454626083374, 0.9581490755081177, 0.017064517363905907)","(0.40830081701278687, 0.8859237432479858, 0.021776538342237473)","(0.4239596724510193, 0.872272789478302, 0.026046350598335266)","(0.4387272000312805, 0.8774226903915405, 0.03010275959968567)",Reach
1630,"(0.474338173866272, 1.1040688753128052, 2.6857964030568837e-07)","(0.5201879143714905, 1.0383665561676025, -0.004713431466370821)","(0.5415632128715515, 0.9482718110084534, -0.004948552697896957)","(0.5475622415542603, 0.8646726608276367, -0.002265756716951728)","(0.5655409693717957, 0.8089173436164856, 0.0005476985243149102)","(0.49124062061309814, 0.9129645824432373, -0.006792627740651369)","(0.518384575843811, 0.8322163224220276, -0.0019183626864105463)","(0.5374256372451782, 0.7969449758529663, 0.001965485280379653)","(0.5499923825263977, 0.7720279693603516, 0.004239894915372133)","(0.45652809739112854, 0.9142868518829346, -0.0030557983554899693)","(0.484966903924942, 0.8133858442306519, 0.00013133215543348342)","(0.5083132982254028, 0.8225840926170349, 0.0021102630998939276)","(0.5171255469322205, 0.8468915224075317, 0.004586110822856426)","(0.43230128288269043, 0.9281553626060486, 0.0021745548583567142)","(0.45466333627700806, 0.8464536666870117, 0.005311076529324055)","(0.4776749908924103, 0.8502118587493896, 0.007678490597754717)","(0.48659783601760864, 0.8679726719856262, 0.009463363327085972)","(0.4165327847003937, 0.9513029456138611, 0.007985591888427734)","(0.41334348917007446, 0.8795856833457947, 0.01106211170554161)","(0.42955881357192993, 0.8695977926254272, 0.015879569575190544)","(0.4426684081554413, 0.8776704668998718, 0.020252134650945663)",Reach
1631,"(0.47908446192741394, 1.1010822057724, 2.6450894097251876e-07)","(0.5241599082946777, 1.0382494926452637, -0.006948412396013737)","(0.5458724498748779, 0.949722170829773, -0.007560502737760544)","(0.5512628555297852, 0.864006757736206, -0.004879496525973082)","(0.5677285194396973, 0.8074164390563965, -0.001845284947194159)","(0.495394766330719, 0.9107604622840881, -0.0062559181824326515)","(0.5234496593475342, 0.8299141526222229, -0.0010991876479238272)","(0.5420816540718079, 0.7952853441238403, 0.0029920560773462057)","(0.5536708235740662, 0.7703730463981628, 0.00544603168964386)","(0.4602126181125641, 0.9112794995307922, -0.0013410048559308052)","(0.4895242154598236, 0.8103997111320496, 0.0012491397792473435)","(0.511124849319458, 0.8255779147148132, 0.002829961711540818)","(0.5174679160118103, 0.8536630272865295, 0.00561524648219347)","(0.4354128837585449, 0.9244029521942139, 0.004838218912482262)","(0.4598279595375061, 0.8438359498977661, 0.006485939957201481)","(0.48132938146591187, 0.8560315370559692, 0.008661633357405663)","(0.4872533679008484, 0.8795835971832275, 0.011181146837770939)","(0.4189262092113495, 0.9461529850959778, 0.011514712125062943)","(0.41821348667144775, 0.8722520470619202, 0.012937291525304317)","(0.4345981776714325, 0.8675623536109924, 0.01749442331492901)","(0.4465360939502716, 0.8798274397850037, 0.022341571748256683)",Reach
1632,"(0.4784116744995117, 1.1030715703964233, 1.9489800706651295e-07)","(0.5249459743499756, 1.039724349975586, -0.005363213364034891)","(0.5486412048339844, 0.954311192035675, -0.009328046813607216)","(0.5580652952194214, 0.8716868758201599, -0.011171313934028149)","(0.576479434967041, 0.8146890997886658, -0.013401202857494354)","(0.5041319727897644, 0.9128936529159546, -0.013935447670519352)","(0.5327185988426208, 0.82713782787323, -0.012922924943268299)","(0.5508873462677002, 0.7904037833213806, -0.010027526877820492)","(0.5623792409896851, 0.7656252384185791, -0.008180254139006138)","(0.4683545231819153, 0.9104129672050476, -0.011860634200274944)","(0.4989500343799591, 0.8082395792007446, -0.011224922724068165)","(0.5196661949157715, 0.8303782939910889, -0.007804365828633308)","(0.5248186588287354, 0.8632155656814575, -0.004334842320531607)","(0.44151657819747925, 0.921521008014679, -0.008320164866745472)","(0.4689536690711975, 0.8378563523292542, -0.008595295250415802)","(0.48898181319236755, 0.859887957572937, -0.004235180094838142)","(0.4933193027973175, 0.8911983966827393, -0.0006078636506572366)","(0.4219633638858795, 0.9426302909851074, -0.004220400471240282)","(0.42158758640289307, 0.8630045056343079, -0.004027998074889183)","(0.4398190975189209, 0.8594251871109009, 0.0014719526516273618)","(0.45264625549316406, 0.8757619261741638, 0.006657200865447521)",Reach
1633,"(0.4780859351158142, 1.1056808233261108, 1.744870417041966e-07)","(0.5271681547164917, 1.0460705757141113, -0.006501606199890375)","(0.5544536113739014, 0.9635043740272522, -0.011165022850036621)","(0.5661107301712036, 0.8809043765068054, -0.013162358663976192)","(0.5849939584732056, 0.8258115649223328, -0.01566925458610058)","(0.5133445262908936, 0.9143513441085815, -0.018954219296574593)","(0.5435498356819153, 0.8294116258621216, -0.01856992393732071)","(0.5617541074752808, 0.7916285395622253, -0.016015125438570976)","(0.5724354982376099, 0.7645791172981262, -0.014684729278087616)","(0.47671616077423096, 0.908768355846405, -0.016311081126332283)","(0.5080830454826355, 0.813073992729187, -0.016255130991339684)","(0.5271950364112854, 0.8382176756858826, -0.012972214259207249)","(0.5303536653518677, 0.8728546500205994, -0.010294358246028423)","(0.44876977801322937, 0.9188124537467957, -0.011926711536943913)","(0.4758855104446411, 0.8401278853416443, -0.013224047608673573)","(0.4942837655544281, 0.8646894097328186, -0.009183170273900032)","(0.4969569146633148, 0.8976384401321411, -0.006233392748981714)","(0.4280264377593994, 0.9380388855934143, -0.0069587393663823605)","(0.42926546931266785, 0.8578392863273621, -0.00832455512136221)","(0.44689786434173584, 0.8557627201080322, -0.003883593948557973)","(0.45848947763442993, 0.8726475238800049, 0.00028997857589274645)",Reach
1634,"(0.485055148601532, 1.1002663373947144, 1.8837096149582067e-07)","(0.5331552028656006, 1.045128583908081, -0.007200405467301607)","(0.5612958669662476, 0.9666317105293274, -0.01274967473000288)","(0.5720981955528259, 0.8842910528182983, -0.015409435145556927)","(0.5909519791603088, 0.8309862017631531, -0.018817011266946793)","(0.5210098624229431, 0.9208787679672241, -0.024362845346331596)","(0.5488331913948059, 0.8326249122619629, -0.024221407249569893)","(0.5651769042015076, 0.7918162941932678, -0.020966777577996254)","(0.5744578838348389, 0.7621874213218689, -0.019500374794006348)","(0.4845027029514313, 0.9119735956192017, -0.021684197708964348)","(0.5163944959640503, 0.8208702802658081, -0.021637536585330963)","(0.5325479507446289, 0.8434224128723145, -0.017432712018489838)","(0.5338181257247925, 0.8774645924568176, -0.014898978173732758)","(0.4556792676448822, 0.9189031720161438, -0.01702241599559784)","(0.4835842549800873, 0.8409433364868164, -0.01728953793644905)","(0.49976712465286255, 0.8648726940155029, -0.012078540399670601)","(0.501222550868988, 0.8979858160018921, -0.009429536759853363)","(0.4329358637332916, 0.9354033470153809, -0.011957061477005482)","(0.435579776763916, 0.8573731184005737, -0.013613943941891193)","(0.45330318808555603, 0.8584896326065063, -0.009717698208987713)","(0.46483781933784485, 0.8786837458610535, -0.006328107789158821)",Reach
1635,"(0.4836340844631195, 1.0909606218338013, 2.079832199797238e-07)","(0.5321449041366577, 1.045878291130066, -0.01200067438185215)","(0.563356876373291, 0.9664650559425354, -0.019341109320521355)","(0.5749600529670715, 0.8827853202819824, -0.023617636412382126)","(0.594464898109436, 0.8281380534172058, -0.028624683618545532)","(0.5236460566520691, 0.9153287410736084, -0.025335637852549553)","(0.5502856373786926, 0.8302379846572876, -0.027953576296567917)","(0.5656681656837463, 0.7853438854217529, -0.02667284570634365)","(0.5747548937797546, 0.7518950700759888, -0.026456648483872414)","(0.4871799349784851, 0.9064633250236511, -0.021986160427331924)","(0.5182718634605408, 0.8220866322517395, -0.026008160784840584)","(0.5327886343002319, 0.847388744354248, -0.024041039869189262)","(0.5329087972640991, 0.8822831511497498, -0.022125454619526863)","(0.4583809971809387, 0.9133526086807251, -0.017471222206950188)","(0.4878087639808655, 0.8412933349609375, -0.022207483649253845)","(0.5019590258598328, 0.8672217130661011, -0.01823646016418934)","(0.501691460609436, 0.9003334641456604, -0.015167253091931343)","(0.4352027177810669, 0.928978681564331, -0.013033084571361542)","(0.44126051664352417, 0.8544164299964905, -0.017961658537387848)","(0.4575559198856354, 0.8568053245544434, -0.015093663707375526)","(0.46705782413482666, 0.8768694400787354, -0.011764606460928917)",Reach
1636,"(0.48731622099876404, 1.0869204998016357, 2.1077796930057957e-07)","(0.5368360877037048, 1.0444145202636719, -0.011145011521875858)","(0.5666841864585876, 0.9648755788803101, -0.017908401787281036)","(0.5778748393058777, 0.8819250464439392, -0.021674441173672676)","(0.5977462530136108, 0.8292906880378723, -0.02626698836684227)","(0.5287513732910156, 0.9133840203285217, -0.02388630621135235)","(0.5542194843292236, 0.8276455402374268, -0.02614990808069706)","(0.568575918674469, 0.7790182828903198, -0.024762742221355438)","(0.5763514041900635, 0.7434535622596741, -0.02437206730246544)","(0.4917745888233185, 0.9044271111488342, -0.020171862095594406)","(0.5225759744644165, 0.8229849934577942, -0.023682935163378716)","(0.5374507308006287, 0.8495050668716431, -0.021029794588685036)","(0.5371590852737427, 0.8865253925323486, -0.018401093780994415)","(0.462078332901001, 0.9112404584884644, -0.015275065787136555)","(0.49132710695266724, 0.8423494100570679, -0.019336476922035217)","(0.5057342648506165, 0.8680503964424133, -0.01500425674021244)","(0.5050683617591858, 0.9017277956008911, -0.011686950922012329)","(0.4380664527416229, 0.9257757663726807, -0.010378818027675152)","(0.44423791766166687, 0.8544518947601318, -0.015066470950841904)","(0.46133169531822205, 0.8593586683273315, -0.012312160804867744)","(0.4707275629043579, 0.8815337419509888, -0.008926896378397942)",Reach
1637,"(0.48671194911003113, 1.0801457166671753, 2.0006315537557384e-07)","(0.5381022691726685, 1.041133999824524, -0.011072863824665546)","(0.5692285895347595, 0.9641448259353638, -0.018148615956306458)","(0.5816830396652222, 0.8835007548332214, -0.022298283874988556)","(0.6008819341659546, 0.8299444317817688, -0.027317270636558533)","(0.533859372138977, 0.9123656153678894, -0.02452298067510128)","(0.5580800771713257, 0.8242248296737671, -0.02706640586256981)","(0.5722669959068298, 0.7752144932746887, -0.025881703943014145)","(0.5797116160392761, 0.7387052178382874, -0.025758085772395134)","(0.4968908131122589, 0.9029229283332825, -0.021223580464720726)","(0.5277330875396729, 0.8244832158088684, -0.0252993144094944)","(0.5412245988845825, 0.8532126545906067, -0.02258981205523014)","(0.5388669371604919, 0.8902637958526611, -0.02013995312154293)","(0.46606019139289856, 0.908611536026001, -0.01680394448339939)","(0.4963545501232147, 0.8410580158233643, -0.020924407988786697)","(0.5088022947311401, 0.8680639266967773, -0.01565288007259369)","(0.5057994723320007, 0.9007328152656555, -0.012080336920917034)","(0.4412112236022949, 0.920906126499176, -0.012482909485697746)","(0.449845552444458, 0.8488218188285828, -0.017051728442311287)","(0.4664180874824524, 0.8575221300125122, -0.013388825580477715)","(0.47395917773246765, 0.8815733194351196, -0.009609621949493885)",Reach
1638,"(0.49121928215026855, 1.0758237838745117, 1.9669360540319758e-07)","(0.5439369082450867, 1.0379753112792969, -0.004619653802365065)","(0.5748214721679688, 0.961798369884491, -0.006378413178026676)","(0.5870499610900879, 0.8820031881332397, -0.006090384442359209)","(0.6065782308578491, 0.8297614455223083, -0.006826347205787897)","(0.5400895476341248, 0.9073768854141235, -0.011630160734057426)","(0.5636351108551025, 0.818739116191864, -0.007182333618402481)","(0.5774240493774414, 0.7700564861297607, -0.0027579311281442642)","(0.5850220322608948, 0.7328131198883057, -0.0008742496138438582)","(0.5020774602890015, 0.8973308801651001, -0.00829362403601408)","(0.5330320000648499, 0.8227763175964355, -0.003592022927477956)","(0.5469352602958679, 0.852961540222168, 0.0014868078287690878)","(0.545111894607544, 0.8896470069885254, 0.004503968637436628)","(0.4712791442871094, 0.9041967988014221, -0.003495234763249755)","(0.5012394785881042, 0.8379910588264465, 0.0003455174155533314)","(0.513707160949707, 0.8689047694206238, 0.006291416473686695)","(0.5104212164878845, 0.9013466238975525, 0.008885098621249199)","(0.44659125804901123, 0.9161788821220398, 0.0016778414137661457)","(0.45485955476760864, 0.8433211445808411, 0.003295806935057044)","(0.47088098526000977, 0.8542681932449341, 0.008281976915895939)","(0.47829335927963257, 0.8778233528137207, 0.012106669135391712)",Reach
1639,"(0.5007379055023193, 1.0819430351257324, 2.077485845575211e-07)","(0.5524344444274902, 1.03334641456604, 0.0021856767125427723)","(0.5797927379608154, 0.9592621922492981, 0.004071079194545746)","(0.59148108959198, 0.8841161727905273, 0.007779263891279697)","(0.6107633709907532, 0.8304592370986938, 0.010406576097011566)","(0.5453850626945496, 0.9077851176261902, -0.003049880964681506)","(0.5697162747383118, 0.8157370686531067, 0.009991268627345562)","(0.5823449492454529, 0.7698632478713989, 0.019653698429465294)","(0.5893287658691406, 0.7333388328552246, 0.024849994108080864)","(0.5067160725593567, 0.8983097076416016, 0.0009871914517134428)","(0.5387925505638123, 0.8252223134040833, 0.01938658021390438)","(0.5528990030288696, 0.8541675209999084, 0.030750872567296028)","(0.5518265962600708, 0.8878337144851685, 0.03608487546443939)","(0.47631457448005676, 0.9056088328361511, 0.007058022078126669)","(0.5067291855812073, 0.8383145332336426, 0.02446061745285988)","(0.5202667713165283, 0.8715806007385254, 0.03309851139783859)","(0.5176605582237244, 0.9011937975883484, 0.0344814732670784)","(0.4517844319343567, 0.916161298751831, 0.01390079502016306)","(0.4598041772842407, 0.8407017588615417, 0.02523135207593441)","(0.476694792509079, 0.8503801822662354, 0.03199620172381401)","(0.4849940836429596, 0.870702862739563, 0.035490915179252625)",Reach
1640,"(0.5005228519439697, 1.0802052021026611, 1.4747254795111076e-07)","(0.5536350011825562, 1.0358079671859741, -0.004594163037836552)","(0.582964301109314, 0.9633927941322327, -0.007159806787967682)","(0.5945174694061279, 0.8840969800949097, -0.007351485546678305)","(0.6142266392707825, 0.8322040438652039, -0.008192293345928192)","(0.5514951944351196, 0.9074106216430664, -0.015228991396725178)","(0.57509446144104, 0.816224992275238, -0.011953648179769516)","(0.5868517160415649, 0.7675920724868774, -0.00769010279327631)","(0.5925056338310242, 0.7279538512229919, -0.0059734731912612915)","(0.5133374929428101, 0.8954948782920837, -0.012064407579600811)","(0.5442581176757812, 0.8225419521331787, -0.007600987795740366)","(0.5562642216682434, 0.8537080883979797, -0.0012262327363714576)","(0.5538377165794373, 0.8887256383895874, 0.0021518277935683727)","(0.48137226700782776, 0.899907648563385, -0.007382553070783615)","(0.5112518072128296, 0.8337072730064392, -0.00464043440297246)","(0.5234596729278564, 0.8653393387794495, 0.0021890385542064905)","(0.520218551158905, 0.8972724080085754, 0.005259063094854355)","(0.4557020366191864, 0.9102010130882263, -0.0022764899767935276)","(0.4640224575996399, 0.8312795758247375, -0.0016971613513305783)","(0.4805501103401184, 0.843920111656189, 0.00392715260386467)","(0.4885123074054718, 0.8691743612289429, 0.00820931512862444)",Reach
1641,"(0.5054225921630859, 1.0761945247650146, 1.2661713810757647e-07)","(0.5590062737464905, 1.0323196649551392, 0.0064701600931584835)","(0.5877301692962646, 0.9610476493835449, 0.011243407614529133)","(0.5991946458816528, 0.8862053155899048, 0.018026523292064667)","(0.6171525120735168, 0.8321905732154846, 0.023679127916693687)","(0.5576754808425903, 0.9023140668869019, -0.0031946408562362194)","(0.581207811832428, 0.8095139265060425, 0.012071766890585423)","(0.5928788781166077, 0.7640358209609985, 0.023254189640283585)","(0.599094569683075, 0.7255251407623291, 0.029345758259296417)","(0.5188131928443909, 0.8893716335296631, 0.0005775234894827008)","(0.5494642853736877, 0.8206610679626465, 0.02276722528040409)","(0.5613507032394409, 0.8535057902336121, 0.03608667105436325)","(0.5591853857040405, 0.8877708911895752, 0.041560955345630646)","(0.48752447962760925, 0.8946459293365479, 0.007172129116952419)","(0.5163615345954895, 0.8315516114234924, 0.027680329978466034)","(0.5287899374961853, 0.8686439990997314, 0.037235766649246216)","(0.5252243280410767, 0.8983492851257324, 0.038098350167274475)","(0.4616365134716034, 0.9039275050163269, 0.015080810524523258)","(0.4696528911590576, 0.8274529576301575, 0.029882166534662247)","(0.4858892261981964, 0.8423251509666443, 0.03877151012420654)","(0.49274539947509766, 0.8664904832839966, 0.04284989461302757)",Reach
1642,"(0.5034053921699524, 1.0711308717727661, 1.1600679528100954e-07)","(0.5582162737846375, 1.0291247367858887, -0.0016140833031386137)","(0.5910068154335022, 0.9592989087104797, -0.001805017702281475)","(0.6035580635070801, 0.881860613822937, 0.00028956300229765475)","(0.6208565831184387, 0.8291114568710327, 0.0015399541007354856)","(0.5603935718536377, 0.9024677276611328, -0.012633995153009892)","(0.5836896300315857, 0.8097016215324402, -0.006861547008156776)","(0.5951045155525208, 0.7614083290100098, -0.001565181533806026)","(0.6013398766517639, 0.7212660312652588, 0.0006847978802397847)","(0.5226918458938599, 0.887860894203186, -0.009713315404951572)","(0.5549642443656921, 0.8217785954475403, -0.0014411518350243568)","(0.5662744641304016, 0.853435754776001, 0.005452122539281845)","(0.5631809830665588, 0.8876732587814331, 0.008221952244639397)","(0.4907876253128052, 0.8909717798233032, -0.0048563820309937)","(0.52156662940979, 0.8304362297058105, 0.0023078888189047575)","(0.5324764251708984, 0.8639026880264282, 0.009190190583467484)","(0.5283410549163818, 0.895068347454071, 0.011018023826181889)","(0.46440234780311584, 0.9002055525779724, 0.0005928039317950606)","(0.4748230278491974, 0.8248641490936279, 0.004962909501045942)","(0.4892925024032593, 0.8396592736244202, 0.011337099596858025)","(0.49468305706977844, 0.8659890294075012, 0.015368479304015636)",Reach
1643,"(0.5102612972259521, 1.065948724746704, 1.2442775698673358e-07)","(0.5629488825798035, 1.0247758626937866, 0.0016052324790507555)","(0.5958037972450256, 0.9556057453155518, 0.0038220295682549477)","(0.6063582897186279, 0.8793020248413086, 0.008010686375200748)","(0.6229061484336853, 0.8243205547332764, 0.011074995622038841)","(0.5656594634056091, 0.8959645628929138, -0.006033913232386112)","(0.5880016088485718, 0.804804801940918, 0.004453067667782307)","(0.5984185338020325, 0.7572560906410217, 0.012117359787225723)","(0.6041586995124817, 0.7186698913574219, 0.015772854909300804)","(0.5278034210205078, 0.882170557975769, -0.0030650340486317873)","(0.5578673481941223, 0.8166012167930603, 0.011727405712008476)","(0.5695065855979919, 0.8477580547332764, 0.020524051040410995)","(0.5670831203460693, 0.8826751708984375, 0.023683879524469376)","(0.495905339717865, 0.8865224123001099, 0.0019486795645207167)","(0.5248178839683533, 0.8253759145736694, 0.015476319938898087)","(0.5354499816894531, 0.8610580563545227, 0.02273346297442913)","(0.5313078165054321, 0.8915879726409912, 0.023316366598010063)","(0.4689370393753052, 0.8954386115074158, 0.00770951434969902)","(0.4782930016517639, 0.8194085955619812, 0.016398588195443153)","(0.4927379786968231, 0.8328518867492676, 0.022702831774950027)","(0.4982571601867676, 0.8559725284576416, 0.025738559663295746)",Reach
1644,"(0.5148433446884155, 1.0631234645843506, 7.042795857614692e-08)","(0.5676243901252747, 1.0191230773925781, 0.006975678727030754)","(0.5988247990608215, 0.9480925798416138, 0.01257353462278843)","(0.6089180707931519, 0.8752252459526062, 0.02056669257581234)","(0.6242700815200806, 0.8211188316345215, 0.027348864823579788)","(0.5708939433097839, 0.8929141759872437, -0.006905293092131615)","(0.591883659362793, 0.8006428480148315, 0.007252078503370285)","(0.6014958024024963, 0.7546823024749756, 0.01760214939713478)","(0.6073426008224487, 0.7160715460777283, 0.022917795926332474)","(0.5325498580932617, 0.8790703415870667, -0.0037721004337072372)","(0.5617440938949585, 0.8145501017570496, 0.018025735393166542)","(0.5714252591133118, 0.8458858132362366, 0.03107452765107155)","(0.5680849552154541, 0.878685474395752, 0.035408392548561096)","(0.5005432963371277, 0.8823100924491882, 0.002304238034412265)","(0.5281620621681213, 0.8222138285636902, 0.022958803921937943)","(0.5378480553627014, 0.8588230013847351, 0.0324760302901268)","(0.5329281091690063, 0.886509120464325, 0.03238377720117569)","(0.47319847345352173, 0.8894993662834167, 0.009617278352379799)","(0.48296236991882324, 0.814803421497345, 0.02414974942803383)","(0.49677619338035583, 0.8298325538635254, 0.03239688277244568)","(0.5010563731193542, 0.8521243929862976, 0.035330500453710556)",Reach
1645,"(0.5152261853218079, 1.0589019060134888, 6.466792967785295e-08)","(0.5687359571456909, 1.0166748762130737, 0.005056573543697596)","(0.6014003157615662, 0.9461365342140198, 0.008546060882508755)","(0.6114427447319031, 0.8723011612892151, 0.014334671199321747)","(0.6241490840911865, 0.817181408405304, 0.01901344768702984)","(0.5748723149299622, 0.8939424157142639, -0.013240354135632515)","(0.5956302285194397, 0.8024289011955261, -0.0042413040064275265)","(0.6062044501304626, 0.7560303807258606, 0.003610396757721901)","(0.6126944422721863, 0.7163186073303223, 0.007518963888287544)","(0.5372178554534912, 0.877251148223877, -0.011724468320608139)","(0.5667948722839355, 0.8112758994102478, 0.003321283496916294)","(0.5762321352958679, 0.8408916592597961, 0.014240531250834465)","(0.573022723197937, 0.8741152882575989, 0.017975814640522003)","(0.504452109336853, 0.8776423931121826, -0.007294908165931702)","(0.5329562425613403, 0.8174901008605957, 0.0066103809513151646)","(0.541937530040741, 0.8515342473983765, 0.015870114788413048)","(0.5369997620582581, 0.879757821559906, 0.017111539840698242)","(0.47660204768180847, 0.8843708038330078, -0.0016968939453363419)","(0.48797592520713806, 0.8083307147026062, 0.008512726053595543)","(0.5015127658843994, 0.8243486881256104, 0.01729295216500759)","(0.5052939057350159, 0.8488512635231018, 0.02140919677913189)",Reach
1646,"(0.5202192068099976, 1.0498685836791992, 5.095161270673998e-08)","(0.5720489025115967, 1.0092101097106934, 0.004997610114514828)","(0.6051016449928284, 0.940540075302124, 0.007742069195955992)","(0.6136435270309448, 0.867551326751709, 0.013581980019807816)","(0.6266741752624512, 0.8115251660346985, 0.018275557085871696)","(0.5810537934303284, 0.8888627886772156, -0.018499556928873062)","(0.6000429391860962, 0.7985369563102722, -0.008968036621809006)","(0.6100578904151917, 0.7536140084266663, -9.200502972817048e-05)","(0.6160387992858887, 0.7152820825576782, 0.004683396779000759)","(0.5433288812637329, 0.8726268410682678, -0.01656314544379711)","(0.5701572895050049, 0.8070229887962341, 0.0008746108505874872)","(0.5777880549430847, 0.8364216089248657, 0.014027313329279423)","(0.5735281705856323, 0.8698710203170776, 0.018540184944868088)","(0.5101189613342285, 0.8727577924728394, -0.011365081183612347)","(0.5362653136253357, 0.8129286766052246, 0.004581694025546312)","(0.5443334579467773, 0.8470214605331421, 0.014896515756845474)","(0.5390903353691101, 0.8744665384292603, 0.016051936894655228)","(0.4814240634441376, 0.8780539035797119, -0.004894917365163565)","(0.49229955673217773, 0.8028753399848938, 0.006645773071795702)","(0.5058454871177673, 0.8190715909004211, 0.015889538452029228)","(0.5092859268188477, 0.843049168586731, 0.01986263319849968)",Reach
1647,"(0.5224215388298035, 1.0407264232635498, 2.979101232369885e-08)","(0.5732704997062683, 1.001152753829956, 0.004786400124430656)","(0.606643557548523, 0.9321786165237427, 0.006324118468910456)","(0.6160564422607422, 0.860118567943573, 0.011691249907016754)","(0.6299970746040344, 0.8041591644287109, 0.015861542895436287)","(0.5858448147773743, 0.8828020691871643, -0.026653075590729713)","(0.6035196185112, 0.7914546728134155, -0.01776137202978134)","(0.613740086555481, 0.748664379119873, -0.007385835982859135)","(0.6200551390647888, 0.7124102711677551, -0.0011412047315388918)","(0.548582136631012, 0.8671579957008362, -0.024418679997324944)","(0.5732012987136841, 0.8021947741508484, -0.005216207820922136)","(0.578976035118103, 0.8313212394714355, 0.01202396024018526)","(0.5738981366157532, 0.8637838959693909, 0.01854449324309826)","(0.5149241089820862, 0.8660029768943787, -0.018780773505568504)","(0.5400943756103516, 0.8090821504592896, -0.0019381573656573892)","(0.5466994643211365, 0.8438254594802856, 0.010245976969599724)","(0.5407530069351196, 0.8701742887496948, 0.011925434693694115)","(0.4859884977340698, 0.8692619204521179, -0.011751906014978886)","(0.4977049231529236, 0.7964732646942139, 0.0006448748172260821)","(0.5101596713066101, 0.814439058303833, 0.010798339731991291)","(0.5117340683937073, 0.8379629850387573, 0.014745603315532207)",Reach
1648,"(0.5275212526321411, 1.038748860359192, 3.254185543255517e-08)","(0.5780966281890869, 0.9929884076118469, 0.0052275871858000755)","(0.6089681386947632, 0.9193722009658813, 0.006014078855514526)","(0.6195806860923767, 0.8479764461517334, 0.011339557357132435)","(0.6342746615409851, 0.7930812239646912, 0.015774879604578018)","(0.5893828272819519, 0.8777568936347961, -0.03383906930685043)","(0.6072810888290405, 0.7869035601615906, -0.022979922592639923)","(0.6176468133926392, 0.7468207478523254, -0.008184976875782013)","(0.6236454844474792, 0.7154639959335327, 0.0014561651041731238)","(0.551711916923523, 0.8630735278129578, -0.03117072395980358)","(0.5761029720306396, 0.7978143095970154, -0.00820351205766201)","(0.5811582803726196, 0.8256005048751831, 0.014388172887265682)","(0.576396644115448, 0.8555434346199036, 0.023699773475527763)","(0.5173413157463074, 0.8606442809104919, -0.024745887145400047)","(0.543372631072998, 0.802710771560669, -0.004654857330024242)","(0.5501248836517334, 0.8373662233352661, 0.010053612291812897)","(0.5445702075958252, 0.8632212281227112, 0.012299452908337116)","(0.48800235986709595, 0.8622605204582214, -0.016831088811159134)","(0.500996470451355, 0.7898886203765869, -0.0022131316363811493)","(0.5143877267837524, 0.8071030974388123, 0.008750727400183678)","(0.5156475901603699, 0.8302890062332153, 0.012512424029409885)",Reach
1649,"(0.5315698981285095, 1.0332533121109009, 4.975234446646937e-08)","(0.5807713270187378, 0.9835041165351868, 0.005721392575651407)","(0.6111621260643005, 0.9101013541221619, 0.005453251767903566)","(0.6227673888206482, 0.8379598259925842, 0.0098080700263381)","(0.635826587677002, 0.7826110124588013, 0.013538137078285217)","(0.5927690863609314, 0.8709617853164673, -0.038039665669202805)","(0.6110796332359314, 0.7820053100585938, -0.025019269436597824)","(0.6220136880874634, 0.7472207546234131, -0.005851249676197767)","(0.6274579167366028, 0.7204480767250061, 0.006913961376994848)","(0.5551984310150146, 0.8557982444763184, -0.03560372814536095)","(0.5787416696548462, 0.787950873374939, -0.012229472398757935)","(0.5834652781486511, 0.815093994140625, 0.012912253849208355)","(0.5791751742362976, 0.8439493179321289, 0.024228129535913467)","(0.5205144882202148, 0.8512148857116699, -0.02879251167178154)","(0.5457733869552612, 0.793097198009491, -0.008332758210599422)","(0.5519226789474487, 0.8269028067588806, 0.008357231505215168)","(0.5463594198226929, 0.8524000644683838, 0.01194640714675188)","(0.49119505286216736, 0.8505039811134338, -0.020280510187149048)","(0.5047164559364319, 0.7789291739463806, -0.005609937012195587)","(0.5169152021408081, 0.7972723841667175, 0.006491527892649174)","(0.5182424187660217, 0.8200138211250305, 0.011238986626267433)",Grasp
1650,"(0.5321863889694214, 1.026964545249939, 5.350764809008979e-08)","(0.5825930237770081, 0.9768116474151611, 0.005935502704232931)","(0.6123945116996765, 0.9018344283103943, 0.004596990533173084)","(0.6233842372894287, 0.8277734518051147, 0.008165503852069378)","(0.6360130906105042, 0.7714046835899353, 0.011004156433045864)","(0.5936770439147949, 0.8647376298904419, -0.04382116720080376)","(0.6127730011940002, 0.7766963243484497, -0.03165851905941963)","(0.6250160336494446, 0.7412921786308289, -0.011242461390793324)","(0.630976676940918, 0.7154057025909424, 0.0028649140149354935)","(0.5559729933738708, 0.8492330312728882, -0.04158088564872742)","(0.5812878012657166, 0.7777448892593384, -0.01774469204246998)","(0.5861855745315552, 0.8062717318534851, 0.010560930706560612)","(0.5817575454711914, 0.8354024887084961, 0.024048181250691414)","(0.5216168165206909, 0.8434430956840515, -0.03476528450846672)","(0.5475642085075378, 0.7824618816375732, -0.013970015570521355)","(0.554034411907196, 0.8172067403793335, 0.0044475761242210865)","(0.5482522249221802, 0.8427512645721436, 0.00898008979856968)","(0.49303826689720154, 0.8418537378311157, -0.026128185912966728)","(0.507680356502533, 0.768046498298645, -0.010643050074577332)","(0.5199640989303589, 0.7875117063522339, 0.002577340928837657)","(0.5201783776283264, 0.8106932640075684, 0.0077330581843853)",Grasp
1651,"(0.534052848815918, 1.0197734832763672, 4.580589774150212e-08)","(0.5849729776382446, 0.9697758555412292, 0.010186868719756603)","(0.6136034727096558, 0.8936541080474854, 0.01116203609853983)","(0.6237002611160278, 0.8195229768753052, 0.01682618446648121)","(0.6352783441543579, 0.7642200589179993, 0.022019624710083008)","(0.5958223342895508, 0.8549878001213074, -0.042059656232595444)","(0.6149337291717529, 0.7687572240829468, -0.0261393990367651)","(0.627126157283783, 0.7348619699478149, -0.0014042333932593465)","(0.632617175579071, 0.7113873362541199, 0.015839748084545135)","(0.5579665303230286, 0.8377201557159424, -0.040474072098731995)","(0.5834245085716248, 0.7650136947631836, -0.013677634298801422)","(0.5896394848823547, 0.7925338745117188, 0.01770053617656231)","(0.5863260626792908, 0.8216075897216797, 0.033729203045368195)","(0.5238726735115051, 0.8311018943786621, -0.03355046361684799)","(0.5499095916748047, 0.7719942331314087, -0.009149988181889057)","(0.5579392313957214, 0.8069580793380737, 0.01111794076859951)","(0.552901029586792, 0.8326612114906311, 0.016758695244789124)","(0.4953092932701111, 0.8306220769882202, -0.024423792958259583)","(0.5100051760673523, 0.7595277428627014, -0.005150167271494865)","(0.5231313109397888, 0.7789855003356934, 0.009730878286063671)","(0.5236067771911621, 0.8031985759735107, 0.015952199697494507)",Grasp
1652,"(0.5356998443603516, 1.0119131803512573, 6.688865283877021e-08)","(0.5857358574867249, 0.967097818851471, 0.009924117475748062)","(0.6136236190795898, 0.8882555961608887, 0.013044209219515324)","(0.6232356429100037, 0.8132905960083008, 0.01892096921801567)","(0.6334083080291748, 0.7613739967346191, 0.02399870753288269)","(0.5954014658927917, 0.8458104729652405, -0.02504017949104309)","(0.6159948706626892, 0.7597282528877258, -0.014189290814101696)","(0.6275919079780579, 0.7265371084213257, 0.0010926744434982538)","(0.6326565742492676, 0.7020633220672607, 0.011475862935185432)","(0.5577883720397949, 0.8269184231758118, -0.02484746091067791)","(0.5829726457595825, 0.7535110116004944, -0.0073498017154634)","(0.5909525156021118, 0.779367208480835, 0.011180371977388859)","(0.5883519649505615, 0.8093944787979126, 0.02009480632841587)","(0.5238673686981201, 0.8217087388038635, -0.02021907828748226)","(0.550376296043396, 0.7605711221694946, -0.0036790096201002598)","(0.5589966177940369, 0.7918250560760498, 0.009599125944077969)","(0.5545352697372437, 0.8189218640327454, 0.013078738935291767)","(0.49586623907089233, 0.8237217664718628, -0.01347299199551344)","(0.5112186670303345, 0.7516765594482422, 0.0008298889733850956)","(0.5231865644454956, 0.7699324488639832, 0.013275185599923134)","(0.5239998698234558, 0.7945952415466309, 0.01937573216855526)",Grasp
1653,"(0.5359248518943787, 1.005735993385315, 3.762518474559329e-08)","(0.588834285736084, 0.9588402509689331, 0.015061554498970509)","(0.6141507625579834, 0.8802915215492249, 0.020919039845466614)","(0.6230064630508423, 0.8066800236701965, 0.02810991182923317)","(0.6296300292015076, 0.7573561668395996, 0.03451160341501236)","(0.5998128652572632, 0.8383108973503113, -0.016939500346779823)","(0.6185798048973083, 0.7539061903953552, -0.004205604549497366)","(0.6284607648849487, 0.7233730554580688, 0.012027116492390633)","(0.6320480108261108, 0.7010418772697449, 0.02273653633892536)","(0.5625098943710327, 0.8175347447395325, -0.019091831520199776)","(0.5863689184188843, 0.7429037094116211, -0.0018271062290295959)","(0.5936070084571838, 0.7684559226036072, 0.01584727317094803)","(0.5908035039901733, 0.7984122633934021, 0.02496393956243992)","(0.5282251834869385, 0.8106967806816101, -0.016415629535913467)","(0.5530264377593994, 0.7484679222106934, 0.0012029641075059772)","(0.5621013045310974, 0.778616189956665, 0.014916346408426762)","(0.5583323240280151, 0.8070476651191711, 0.019060011953115463)","(0.49953994154930115, 0.8125600218772888, -0.01129892561584711)","(0.5127460360527039, 0.7425646185874939, 0.003891820553690195)","(0.5242094993591309, 0.7596985697746277, 0.016809852793812752)","(0.5256912708282471, 0.7838507890701294, 0.023773154243826866)",Grasp
1654,"(0.5353007316589355, 0.9985636472702026, 4.2669277888762736e-08)","(0.5876100063323975, 0.9538119435310364, 0.012100327759981155)","(0.6141153573989868, 0.8741800785064697, 0.016337446868419647)","(0.622596025466919, 0.8019160628318787, 0.02090689353644848)","(0.6296045780181885, 0.7532364130020142, 0.0244800616055727)","(0.5999453067779541, 0.8307627439498901, -0.013049937784671783)","(0.6186443567276001, 0.746134877204895, -0.005845435429364443)","(0.6282678246498108, 0.7148765921592712, 0.005137030966579914)","(0.631538987159729, 0.6945861577987671, 0.012936204671859741)","(0.5630548000335693, 0.8093850612640381, -0.01620948128402233)","(0.5870465040206909, 0.7329460382461548, -0.005284882616251707)","(0.5948626399040222, 0.7580264210700989, 0.006902767810970545)","(0.5917422771453857, 0.7908327579498291, 0.013626531697809696)","(0.5282015204429626, 0.8022356629371643, -0.015553988516330719)","(0.5531521439552307, 0.738632321357727, -0.004710481036454439)","(0.5625591278076172, 0.7661492228507996, 0.005613916553556919)","(0.5590093731880188, 0.7963623404502869, 0.009519069455564022)","(0.49835607409477234, 0.8046813011169434, -0.012855708599090576)","(0.5099851489067078, 0.7276008725166321, -0.003740644082427025)","(0.5238098502159119, 0.7389403581619263, 0.006507994141429663)","(0.5282566547393799, 0.7634486556053162, 0.012976502999663353)",Grasp
1655,"(0.5344630479812622, 0.9930171370506287, -1.2561031104141307e-09)","(0.5893868207931519, 0.9470729827880859, 0.017975090071558952)","(0.6137866973876953, 0.8673173785209656, 0.026246139779686928)","(0.6238055229187012, 0.7966464161872864, 0.0348580963909626)","(0.6300777196884155, 0.7490613460540771, 0.04268524423241615)","(0.6023886799812317, 0.8211612701416016, -0.010266367346048355)","(0.6201996207237244, 0.7384676933288574, 0.003677759552374482)","(0.6293958425521851, 0.7110267281532288, 0.020622234791517258)","(0.6319739818572998, 0.6918396353721619, 0.0319218784570694)","(0.5657173991203308, 0.7992175221443176, -0.01378727238625288)","(0.5897679924964905, 0.7262137532234192, 0.003577591385692358)","(0.5967676639556885, 0.7517396807670593, 0.020692624151706696)","(0.5933228135108948, 0.782976508140564, 0.03000936284661293)","(0.5310567617416382, 0.79158616065979, -0.01252475380897522)","(0.5564168691635132, 0.7310038805007935, 0.004293528385460377)","(0.5651987791061401, 0.7602419257164001, 0.017398715019226074)","(0.5610214471817017, 0.7900606393814087, 0.021960627287626266)","(0.5017368793487549, 0.7934314012527466, -0.008656042627990246)","(0.5145482420921326, 0.7181497812271118, 0.004123657941818237)","(0.5278410315513611, 0.730351448059082, 0.015537011437118053)","(0.5323199033737183, 0.7550417184829712, 0.022356878966093063)",Grasp
1656,"(0.5351095199584961, 0.9891695976257324, -4.134803077704419e-08)","(0.5905097723007202, 0.9460112452507019, 0.020032403990626335)","(0.6158618927001953, 0.8692399859428406, 0.02978767827153206)","(0.6242297887802124, 0.7977275252342224, 0.038592372089624405)","(0.6228606104850769, 0.7538894414901733, 0.046759720891714096)","(0.6052066087722778, 0.8174540400505066, -0.0026934491470456123)","(0.6225753426551819, 0.7330821752548218, 0.010428830049932003)","(0.6298559904098511, 0.7148622870445251, 0.02627350576221943)","(0.6304048895835876, 0.705350399017334, 0.03658037260174751)","(0.5697155594825745, 0.7924691438674927, -0.00845368392765522)","(0.5930874943733215, 0.7185559272766113, 0.0052359080873429775)","(0.5997755527496338, 0.7459051609039307, 0.019692756235599518)","(0.5960875153541565, 0.777032732963562, 0.028057044371962547)","(0.5349224209785461, 0.7824507355690002, -0.009745197370648384)","(0.5597488284111023, 0.7213053703308105, 0.003523916704580188)","(0.5683838129043579, 0.7521233558654785, 0.016044089570641518)","(0.5644544363021851, 0.782452404499054, 0.021149935200810432)","(0.5050585865974426, 0.7843314409255981, -0.008347815833985806)","(0.518054187297821, 0.7120524048805237, 0.0016364145558327436)","(0.5277122855186462, 0.727503776550293, 0.012837443500757217)","(0.5300509929656982, 0.7536436915397644, 0.020092422142624855)",Grasp
1657,"(0.5334018468856812, 0.9848412275314331, -1.1703571800580903e-07)","(0.5855466723442078, 0.941423773765564, 0.020284250378608704)","(0.6113162636756897, 0.8711935877799988, 0.031387876719236374)","(0.616985023021698, 0.8067362904548645, 0.0406058132648468)","(0.610651969909668, 0.7666205167770386, 0.04955562949180603)","(0.5989513993263245, 0.8069778680801392, 0.0042397817596793175)","(0.6145436763763428, 0.7279503345489502, 0.017044611275196075)","(0.6207062602043152, 0.7292301654815674, 0.03187995031476021)","(0.6204041838645935, 0.7367307543754578, 0.041445910930633545)","(0.5679169297218323, 0.7818502187728882, -0.0024245930835604668)","(0.5897226333618164, 0.7130355834960938, 0.009966468438506126)","(0.5963298678398132, 0.7431214451789856, 0.022285930812358856)","(0.592370331287384, 0.7758580446243286, 0.029469534754753113)","(0.5362710356712341, 0.7716466188430786, -0.005298280157148838)","(0.5602045059204102, 0.7092962265014648, 0.0051315599121153355)","(0.5700482726097107, 0.7421919107437134, 0.015838507562875748)","(0.5673242807388306, 0.7747824192047119, 0.02042386867105961)","(0.5089646577835083, 0.7731283903121948, -0.005454045720398426)","(0.5216119289398193, 0.7041192054748535, -4.516600529314019e-05)","(0.5303257703781128, 0.7175855040550232, 0.008754155598580837)","(0.5319883823394775, 0.7414488792419434, 0.015099472366273403)",Grasp
1658,"(0.5338233709335327, 0.978481113910675, -1.1923283693704434e-07)","(0.5899372100830078, 0.9369198679924011, 0.0206774789839983)","(0.6144415736198425, 0.862615704536438, 0.03220698982477188)","(0.6184653639793396, 0.7938931584358215, 0.04200262948870659)","(0.609519898891449, 0.7550442218780518, 0.05162559449672699)","(0.6073887348175049, 0.7957337498664856, 0.00624561682343483)","(0.6186533570289612, 0.7156709432601929, 0.019941698759794235)","(0.6217486262321472, 0.7189306020736694, 0.033858880400657654)","(0.6193227767944336, 0.72759610414505, 0.04264077916741371)","(0.5730729103088379, 0.7718062996864319, 0.00016929667617660016)","(0.59013432264328, 0.7059206962585449, 0.015578879043459892)","(0.5941601395606995, 0.7355599403381348, 0.027828771620988846)","(0.589499294757843, 0.7653799653053284, 0.03402607515454292)","(0.538243293762207, 0.763595700263977, -0.0021037014666944742)","(0.5584169626235962, 0.7041486501693726, 0.011449553072452545)","(0.5660582780838013, 0.7356223464012146, 0.0218830369412899)","(0.5621545314788818, 0.7658621668815613, 0.025430751964449883)","(0.5078273415565491, 0.7672924995422363, -0.0017199154244735837)","(0.5192521810531616, 0.6973321437835693, 0.00796868558973074)","(0.5266851782798767, 0.7168766856193542, 0.018920648843050003)","(0.5272019505500793, 0.7446447610855103, 0.025978900492191315)",Grasp
1659,"(0.5285434126853943, 0.9748061299324036, -9.031987957541787e-08)","(0.5876927375793457, 0.9340641498565674, 0.021158313378691673)","(0.6111207008361816, 0.8582428097724915, 0.03271394968032837)","(0.6159262657165527, 0.78843754529953, 0.04391526058316231)","(0.6121395230293274, 0.743876576423645, 0.054957300424575806)","(0.6058837175369263, 0.7914367318153381, 0.0015629242407158017)","(0.616889476776123, 0.7067200541496277, 0.02034485712647438)","(0.6209848523139954, 0.6963416337966919, 0.03906535357236862)","(0.6197922229766846, 0.6947911977767944, 0.05092688277363777)","(0.5704774856567383, 0.7667132616043091, -0.0020198849961161613)","(0.5874403715133667, 0.7001603245735168, 0.020599156618118286)","(0.5903916358947754, 0.7275574207305908, 0.03746405616402626)","(0.5862089991569519, 0.7559665441513062, 0.045146483927965164)","(0.5348648428916931, 0.7580671906471252, -0.0009580590995028615)","(0.555030345916748, 0.7005932331085205, 0.019959431141614914)","(0.5611080527305603, 0.7319213151931763, 0.032070986926555634)","(0.5572187304496765, 0.7600524425506592, 0.034476276487112045)","(0.5039663910865784, 0.7610375285148621, 0.0028833404649049044)","(0.515315592288971, 0.6890639662742615, 0.018731746822595596)","(0.5250352025032043, 0.7050881385803223, 0.030428433790802956)","(0.5286240577697754, 0.7295210361480713, 0.03653772175312042)",Grasp
1660,"(0.5271028876304626, 0.9719071984291077, -1.1915782494043015e-07)","(0.5857304930686951, 0.9289054870605469, 0.023077139630913734)","(0.6075255870819092, 0.8517639636993408, 0.03506258875131607)","(0.6110883951187134, 0.7788925766944885, 0.046534452587366104)","(0.6079353094100952, 0.7306932210922241, 0.05797233060002327)","(0.6051945090293884, 0.7853242754936218, 0.0016185209387913346)","(0.6145418286323547, 0.6999307870864868, 0.021664340049028397)","(0.6169103384017944, 0.689832866191864, 0.04214419052004814)","(0.6145188212394714, 0.6880939602851868, 0.0553874671459198)","(0.569190502166748, 0.7612285614013672, -0.002439881907775998)","(0.5837879776954651, 0.6947783827781677, 0.021785197779536247)","(0.5855901837348938, 0.7231373190879822, 0.0403677299618721)","(0.5815420150756836, 0.7515852451324463, 0.04906367510557175)","(0.5329627394676208, 0.7539727091789246, -0.0015166501980274916)","(0.552566409111023, 0.6968154907226562, 0.021458778530359268)","(0.5570498108863831, 0.7290375828742981, 0.03535272553563118)","(0.5522580146789551, 0.7560683488845825, 0.0386754535138607)","(0.5008276700973511, 0.7580651640892029, 0.002213753294199705)","(0.5112778544425964, 0.6850166320800781, 0.020536335185170174)","(0.5196677446365356, 0.7035719752311707, 0.03395763784646988)","(0.5223330855369568, 0.7297156453132629, 0.04111457243561745)",Grasp
1661,"(0.527033805847168, 0.9691145420074463, -1.4180416485487513e-07)","(0.5846803188323975, 0.9235413074493408, 0.02515510655939579)","(0.6058972477912903, 0.848074734210968, 0.03901025280356407)","(0.6089036464691162, 0.7814626693725586, 0.052188992500305176)","(0.6047831177711487, 0.7362229228019714, 0.06563691794872284)","(0.6024073362350464, 0.7790533304214478, 0.0037680536042898893)","(0.613491415977478, 0.6912685036659241, 0.023946208879351616)","(0.61582350730896, 0.6828792691230774, 0.04531329497694969)","(0.6130820512771606, 0.6857922077178955, 0.05979713797569275)","(0.5664082169532776, 0.7560586929321289, -0.00032554063363932073)","(0.5827681422233582, 0.6895335912704468, 0.02484820783138275)","(0.5852600336074829, 0.7189816832542419, 0.044534288346767426)","(0.5812283754348755, 0.7491044998168945, 0.05441192165017128)","(0.5302941203117371, 0.7507409453392029, 0.0006718122167512774)","(0.550979495048523, 0.6913022398948669, 0.02377278171479702)","(0.5564504265785217, 0.7230135202407837, 0.03845079988241196)","(0.5518481731414795, 0.7518705725669861, 0.04296465218067169)","(0.498722642660141, 0.7567211389541626, 0.00471125403419137)","(0.5082976818084717, 0.6802501082420349, 0.021609153598546982)","(0.5195180177688599, 0.694961428642273, 0.03459373861551285)","(0.5245429277420044, 0.7207592725753784, 0.042397793382406235)",Grasp
1662,"(0.5267030000686646, 0.9660847187042236, -1.7399210605617554e-07)","(0.5845767259597778, 0.9201564192771912, 0.02935182675719261)","(0.6046426296234131, 0.8486082553863525, 0.04469678923487663)","(0.6073744297027588, 0.7832245826721191, 0.05920974537730217)","(0.603746771812439, 0.7396240830421448, 0.07443968206644058)","(0.602304995059967, 0.7739231586456299, 0.004668613895773888)","(0.6116772294044495, 0.6863585710525513, 0.02900555543601513)","(0.6144701838493347, 0.6856652498245239, 0.055054955184459686)","(0.6127204895019531, 0.6945748925209045, 0.07255759090185165)","(0.5668410062789917, 0.7515851855278015, -7.32008702470921e-05)","(0.5829790234565735, 0.6860337257385254, 0.027967171743512154)","(0.5853230357170105, 0.7172221541404724, 0.051534462720155716)","(0.5814891457557678, 0.7455994486808777, 0.06410328298807144)","(0.5308209657669067, 0.7466806173324585, 0.0011031068861484528)","(0.5512820482254028, 0.6888158321380615, 0.02753680944442749)","(0.5566394329071045, 0.7216161489486694, 0.045608293265104294)","(0.5517885088920593, 0.748749315738678, 0.05207224190235138)","(0.4988289177417755, 0.7537921071052551, 0.005694682709872723)","(0.5086266994476318, 0.6790712475776672, 0.026471374556422234)","(0.519505500793457, 0.6961442232131958, 0.04255205765366554)","(0.5237086415290833, 0.7229897975921631, 0.05225787311792374)",Grasp
1663,"(0.5246120691299438, 0.9633725881576538, -1.3894479877762933e-07)","(0.5825804471969604, 0.9184976816177368, 0.02936457097530365)","(0.6028349995613098, 0.8474723100662231, 0.045122284442186356)","(0.6059485673904419, 0.782273530960083, 0.05978354066610336)","(0.603406548500061, 0.73740553855896, 0.0748290941119194)","(0.6001026630401611, 0.7722350358963013, 0.008918005041778088)","(0.6110687255859375, 0.6859604120254517, 0.03336015343666077)","(0.6146786212921143, 0.6734730005264282, 0.05765007436275482)","(0.6133749485015869, 0.6701173186302185, 0.07369112968444824)","(0.5643951296806335, 0.7479622960090637, 0.004273208789527416)","(0.5820372104644775, 0.6834586262702942, 0.03303072601556778)","(0.5846821069717407, 0.7135946154594421, 0.0556439608335495)","(0.5811485052108765, 0.7417106032371521, 0.0675492137670517)","(0.528407871723175, 0.7426250576972961, 0.005217718426138163)","(0.5504639744758606, 0.6861421465873718, 0.03171456605195999)","(0.5553038716316223, 0.7188807129859924, 0.04905098304152489)","(0.550454318523407, 0.7455665469169617, 0.05516102537512779)","(0.49696770310401917, 0.7488680481910706, 0.00952532235532999)","(0.5078590512275696, 0.6735154390335083, 0.030397538095712662)","(0.5187480449676514, 0.6893941760063171, 0.04609796404838562)","(0.523318350315094, 0.7150598168373108, 0.05553390085697174)",Grasp
1664,"(0.5212429165840149, 0.9580085277557373, -7.396803880510561e-08)","(0.5802189707756042, 0.9177064299583435, 0.01741218939423561)","(0.6036674380302429, 0.8421866297721863, 0.02777954377233982)","(0.6064384579658508, 0.7703664898872375, 0.03740592673420906)","(0.6029341220855713, 0.7221722602844238, 0.046541836112737656)","(0.5977895259857178, 0.7682062983512878, 0.0052658081986010075)","(0.6095447540283203, 0.6838309168815613, 0.02086852490901947)","(0.6141836047172546, 0.663648247718811, 0.035097621381282806)","(0.6133623123168945, 0.6528956890106201, 0.04404884949326515)","(0.561211884021759, 0.7432210445404053, 0.0019408356165513396)","(0.5789651274681091, 0.6780516505241394, 0.022056084126234055)","(0.5817335844039917, 0.7071021199226379, 0.03490479663014412)","(0.5778157114982605, 0.7375710010528564, 0.040389396250247955)","(0.5252590179443359, 0.7389311790466309, 0.002277832478284836)","(0.5469008088111877, 0.6827939748764038, 0.019533885642886162)","(0.5517657995223999, 0.71439528465271, 0.02825910411775112)","(0.5472051501274109, 0.7429491281509399, 0.02963000163435936)","(0.49330031871795654, 0.7450926303863525, 0.004910863935947418)","(0.504317045211792, 0.6694484949111938, 0.01785840094089508)","(0.5155916810035706, 0.6844781637191772, 0.027705393731594086)","(0.5204047560691833, 0.7099858522415161, 0.03329993039369583)",Grasp
1665,"(0.5208984613418579, 0.9520884156227112, -7.652956668380284e-08)","(0.5795460343360901, 0.9108412265777588, 0.02205423265695572)","(0.6042132377624512, 0.8332697749137878, 0.035035450011491776)","(0.6109998226165771, 0.7592833638191223, 0.046978920698165894)","(0.6143614053726196, 0.7080960869789124, 0.05869446322321892)","(0.5944010019302368, 0.7612029910087585, 0.008060058578848839)","(0.6075977087020874, 0.6730297207832336, 0.027638819068670273)","(0.6129485964775085, 0.6545578241348267, 0.046091362833976746)","(0.6126537322998047, 0.6483173370361328, 0.05817541852593422)","(0.5579828023910522, 0.7383332848548889, 0.004387003369629383)","(0.5748955607414246, 0.6733984351158142, 0.02923867292702198)","(0.5785622000694275, 0.7001413106918335, 0.04561614990234375)","(0.5758017301559448, 0.7303087115287781, 0.052879251539707184)","(0.5221916437149048, 0.7353652715682983, 0.004988749977201223)","(0.5428802371025085, 0.680516242980957, 0.02704206295311451)","(0.5481212735176086, 0.7120341062545776, 0.0384657196700573)","(0.5439884662628174, 0.7408251762390137, 0.04061625152826309)","(0.49064886569976807, 0.742306113243103, 0.008213735185563564)","(0.5012677907943726, 0.6692067980766296, 0.025084156543016434)","(0.5123125910758972, 0.6863410472869873, 0.036810144782066345)","(0.5164840221405029, 0.7136409878730774, 0.04322762042284012)",Grasp
1666,"(0.5185758471488953, 0.950993537902832, -8.274940199726188e-08)","(0.577916145324707, 0.9105268120765686, 0.023400772362947464)","(0.6046891808509827, 0.8327340483665466, 0.037623606622219086)","(0.6142498254776001, 0.7582511305809021, 0.05091579258441925)","(0.6212072372436523, 0.7052754163742065, 0.06400825083255768)","(0.5924680233001709, 0.7571415305137634, 0.010545476339757442)","(0.6038601994514465, 0.6698214411735535, 0.031759392470121384)","(0.6104497313499451, 0.6504491567611694, 0.050603944808244705)","(0.612472414970398, 0.6431325674057007, 0.06279203295707703)","(0.5556291341781616, 0.7363250255584717, 0.007465180475264788)","(0.5720611214637756, 0.6697962880134583, 0.034269001334905624)","(0.577580988407135, 0.6958131194114685, 0.05149568244814873)","(0.576077401638031, 0.7251306772232056, 0.05910142511129379)","(0.5193110108375549, 0.7347831130027771, 0.008795750327408314)","(0.5403981804847717, 0.6765927672386169, 0.03169833868741989)","(0.5461580157279968, 0.7089260220527649, 0.04382753372192383)","(0.542056679725647, 0.737735390663147, 0.0465071015059948)","(0.48739078640937805, 0.7427451610565186, 0.012981889769434929)","(0.49764660000801086, 0.6654468178749084, 0.03091108426451683)","(0.5091060996055603, 0.6825745105743408, 0.04358762875199318)","(0.5129730105400085, 0.709280788898468, 0.05054609477519989)",Grasp
1667,"(0.5172103643417358, 0.951519250869751, -7.103865584667801e-08)","(0.5774756073951721, 0.9122306108474731, 0.022372933104634285)","(0.6026545166969299, 0.8369117379188538, 0.03681537136435509)","(0.6133378744125366, 0.7667505145072937, 0.05021725222468376)","(0.6234280467033386, 0.7189683318138123, 0.06371043622493744)","(0.5908923149108887, 0.7523188591003418, 0.013857056386768818)","(0.6027301549911499, 0.6667637228965759, 0.03377280756831169)","(0.6092221736907959, 0.6468515396118164, 0.05079885572195053)","(0.6113418340682983, 0.640927255153656, 0.061669301241636276)","(0.5537692308425903, 0.732663631439209, 0.010993125848472118)","(0.5702490210533142, 0.6677742004394531, 0.03442826122045517)","(0.5765805244445801, 0.6924957036972046, 0.04905480891466141)","(0.5758669376373291, 0.7202416062355042, 0.05562091991305351)","(0.5171876549720764, 0.7330904006958008, 0.012190712615847588)","(0.5373690724372864, 0.6748316287994385, 0.03150539845228195)","(0.5435093641281128, 0.7064161896705627, 0.04212299734354019)","(0.5400683879852295, 0.7351841330528259, 0.04495913162827492)","(0.4852712154388428, 0.7442070245742798, 0.0161899346858263)","(0.49432817101478577, 0.6653198003768921, 0.030713127925992012)","(0.5061437487602234, 0.6794342994689941, 0.04193255305290222)","(0.511077880859375, 0.7051589488983154, 0.04871702566742897)",Reach
1668,"(0.5149720907211304, 0.9515398740768433, -8.979593246749573e-08)","(0.5748546123504639, 0.9187301993370056, 0.02703401818871498)","(0.6006628274917603, 0.848089873790741, 0.046786777675151825)","(0.6088027954101562, 0.7802466750144958, 0.06520093977451324)","(0.6222232580184937, 0.7367235422134399, 0.08404427021741867)","(0.5893115997314453, 0.7496280074119568, 0.02657775767147541)","(0.6017217040061951, 0.6687586903572083, 0.05052479729056358)","(0.6077174544334412, 0.6464177966117859, 0.0690406858921051)","(0.610749363899231, 0.6384716033935547, 0.08089014142751694)","(0.5525920391082764, 0.727413535118103, 0.02446206472814083)","(0.5684633255004883, 0.6657750606536865, 0.05164467170834541)","(0.5752517580986023, 0.6858119368553162, 0.06806091964244843)","(0.5757446885108948, 0.709774374961853, 0.07656506448984146)","(0.5163143277168274, 0.7276950478553772, 0.026212384924292564)","(0.5359296202659607, 0.6723121404647827, 0.04826865345239639)","(0.5421513915061951, 0.7022007703781128, 0.06014416739344597)","(0.5395094752311707, 0.7296933531761169, 0.06471966207027435)","(0.4837602972984314, 0.7384241223335266, 0.03106657974421978)","(0.4913867712020874, 0.6651707887649536, 0.04771057888865471)","(0.5024392008781433, 0.6765844225883484, 0.05919714644551277)","(0.5074492692947388, 0.6998568773269653, 0.06689576059579849)",Reach
1669,"(0.5144874453544617, 0.952921986579895, -1.5528408425780071e-07)","(0.5730990767478943, 0.9155703186988831, 0.04176200181245804)","(0.5988951921463013, 0.8525993824005127, 0.07146947830915451)","(0.605948269367218, 0.7898284196853638, 0.09912606328725815)","(0.6183012127876282, 0.7471721768379211, 0.12803296744823456)","(0.5884931683540344, 0.7475579380989075, 0.04479558765888214)","(0.5993112325668335, 0.6700848340988159, 0.08078597486019135)","(0.6038490533828735, 0.6500684022903442, 0.10937457531690598)","(0.6065003275871277, 0.6430010795593262, 0.12833119928836823)","(0.5523772835731506, 0.7253827452659607, 0.042254336178302765)","(0.5660207867622375, 0.6675732135772705, 0.08220192790031433)","(0.5713104605674744, 0.6893433332443237, 0.11035966128110886)","(0.5707924962043762, 0.7114861011505127, 0.12740503251552582)","(0.5164034366607666, 0.7260989546775818, 0.04463432729244232)","(0.5347845554351807, 0.674872636795044, 0.07834846526384354)","(0.5396058559417725, 0.7064035534858704, 0.10049424320459366)","(0.5361964106559753, 0.7316568493843079, 0.11196356266736984)","(0.4838623106479645, 0.7369771003723145, 0.05113598331809044)","(0.4911004602909088, 0.6668152809143066, 0.07637689262628555)","(0.5009199380874634, 0.6800898313522339, 0.09370578825473785)","(0.5052129626274109, 0.7032411694526672, 0.10602131485939026)",Reach
1670,"(0.5147274136543274, 0.9547058939933777, -2.658593132309761e-07)","(0.5716463923454285, 0.9199354648590088, 0.04417749121785164)","(0.5971649289131165, 0.8600566983222961, 0.07472009211778641)","(0.6037088632583618, 0.7962060570716858, 0.10271253436803818)","(0.6152422428131104, 0.756512463092804, 0.13285166025161743)","(0.5875625610351562, 0.7448408007621765, 0.046288251876831055)","(0.5987562537193298, 0.659661054611206, 0.07987672835588455)","(0.6001670360565186, 0.6580168604850769, 0.1078387126326561)","(0.6004132032394409, 0.6748331785202026, 0.1270388513803482)","(0.5524358749389648, 0.7244380712509155, 0.04293603077530861)","(0.5647758841514587, 0.6695215702056885, 0.08008009940385818)","(0.5661804676055908, 0.7023603916168213, 0.10715287178754807)","(0.5644466280937195, 0.7285434603691101, 0.12354002147912979)","(0.5162572264671326, 0.7258713841438293, 0.04466864839196205)","(0.5335860252380371, 0.6803983449935913, 0.07664620131254196)","(0.5359458327293396, 0.7146357893943787, 0.09866982698440552)","(0.5318891406059265, 0.740845263004303, 0.1101255938410759)","(0.48357534408569336, 0.7385255098342896, 0.050819773226976395)","(0.49149131774902344, 0.6694263219833374, 0.07589847594499588)","(0.5002531409263611, 0.6843806505203247, 0.09378962218761444)","(0.5047568678855896, 0.7088712453842163, 0.1064978763461113)",Reach
1671,"(0.5130940079689026, 0.9578129053115845, -3.9731094148010015e-07)","(0.5716599225997925, 0.9212812781333923, 0.04651474580168724)","(0.5967712998390198, 0.8604930639266968, 0.07816961407661438)","(0.6034265756607056, 0.7950378060340881, 0.10703705251216888)","(0.6101293563842773, 0.7540364861488342, 0.13821081817150116)","(0.5884410738945007, 0.744340181350708, 0.04747968167066574)","(0.5976619720458984, 0.6634998321533203, 0.0802430659532547)","(0.5949516296386719, 0.685397744178772, 0.10551869869232178)","(0.5911725759506226, 0.717034637928009, 0.12288742512464523)","(0.5530497431755066, 0.7250804901123047, 0.043310366570949554)","(0.5633608102798462, 0.675204336643219, 0.08099671453237534)","(0.5629638433456421, 0.7139499187469482, 0.10486137866973877)","(0.5601234436035156, 0.7407876253128052, 0.11763689666986465)","(0.5163491368293762, 0.7256020307540894, 0.044661637395620346)","(0.5312746167182922, 0.6852791905403137, 0.07865585386753082)","(0.5334084630012512, 0.7207177877426147, 0.09746615588665009)","(0.529522180557251, 0.7481057047843933, 0.10519755631685257)","(0.48406675457954407, 0.7364855408668518, 0.050708603113889694)","(0.4909166097640991, 0.6694446206092834, 0.07802655547857285)","(0.49835479259490967, 0.6855136156082153, 0.09532025456428528)","(0.5024154186248779, 0.7110893130302429, 0.10635492205619812)",Reach
1672,"(0.5140969753265381, 0.9573222398757935, -3.9310864963226777e-07)","(0.5727011561393738, 0.9171284437179565, 0.05178475007414818)","(0.597289502620697, 0.8544926047325134, 0.0863596647977829)","(0.6017783880233765, 0.7912008166313171, 0.11777013540267944)","(0.6029053330421448, 0.7500059008598328, 0.151316836476326)","(0.5895686745643616, 0.7357304692268372, 0.051835838705301285)","(0.5975226759910583, 0.6654829978942871, 0.09118514508008957)","(0.5955068469047546, 0.6885802149772644, 0.12163770943880081)","(0.59124755859375, 0.7186617255210876, 0.1421688348054886)","(0.5545681715011597, 0.7165781855583191, 0.04618275538086891)","(0.5642516016960144, 0.6755371689796448, 0.09142225235700607)","(0.5645779371261597, 0.714173436164856, 0.12060951441526413)","(0.5615428686141968, 0.7405297756195068, 0.13663560152053833)","(0.5182083249092102, 0.7178602814674377, 0.04673843830823898)","(0.5321696400642395, 0.6857492327690125, 0.08723676204681396)","(0.5350579619407654, 0.7239455580711365, 0.10988136380910873)","(0.5309398174285889, 0.7507739067077637, 0.11946365237236023)","(0.4860776662826538, 0.7295888662338257, 0.052246373146772385)","(0.49201419949531555, 0.6661540865898132, 0.08384551852941513)","(0.5000587701797485, 0.6844702959060669, 0.10431727766990662)","(0.5036905407905579, 0.712372899055481, 0.11751817911863327)",Reach
1673,"(0.5167743563652039, 0.9510543346405029, -3.814512581357121e-07)","(0.5751394629478455, 0.9134788513183594, 0.045126136392354965)","(0.5992887616157532, 0.8458540439605713, 0.07813021540641785)","(0.6016753911972046, 0.781134843826294, 0.10846972465515137)","(0.5980116128921509, 0.7405835390090942, 0.14065246284008026)","(0.5906366109848022, 0.7255759835243225, 0.05228164419531822)","(0.5983331799507141, 0.6570085287094116, 0.09100791811943054)","(0.59642493724823, 0.679506242275238, 0.11909207701683044)","(0.592468798160553, 0.7126800417900085, 0.13786008954048157)","(0.5556733012199402, 0.7060328125953674, 0.047969404608011246)","(0.564582347869873, 0.6747178435325623, 0.09297661483287811)","(0.5646973848342896, 0.7153080701828003, 0.1168111115694046)","(0.5624496340751648, 0.7444277405738831, 0.12854820489883423)","(0.5195754170417786, 0.7089942097663879, 0.04895559698343277)","(0.5338117480278015, 0.6818352937698364, 0.08644561469554901)","(0.5361531376838684, 0.7233507037162781, 0.10236351937055588)","(0.5322639346122742, 0.751940131187439, 0.10733424127101898)","(0.4883710741996765, 0.7225977182388306, 0.05455275997519493)","(0.4937245547771454, 0.6563162803649902, 0.08349889516830444)","(0.5018008351325989, 0.6765304207801819, 0.10066478699445724)","(0.5056747198104858, 0.7059311866760254, 0.1111992597579956)",Reach
1674,"(0.5179523229598999, 0.9470467567443848, -4.3214453171458445e-07)","(0.5768721699714661, 0.9084540009498596, 0.047978490591049194)","(0.5996013283729553, 0.8417712450027466, 0.08293522894382477)","(0.6003693342208862, 0.7794740200042725, 0.11523527652025223)","(0.5940136909484863, 0.7377086281776428, 0.14871451258659363)","(0.5914860367774963, 0.717675507068634, 0.05375523120164871)","(0.598788857460022, 0.6560199856758118, 0.09697070717811584)","(0.5967312455177307, 0.677937924861908, 0.12722806632518768)","(0.59206622838974, 0.7094672322273254, 0.14670619368553162)","(0.5558791160583496, 0.6984182596206665, 0.04987456649541855)","(0.5643975138664246, 0.6784241199493408, 0.10082335025072098)","(0.5634033679962158, 0.7235650420188904, 0.12568938732147217)","(0.560779333114624, 0.7512415647506714, 0.13627471029758453)","(0.5199885368347168, 0.7031223773956299, 0.052162811160087585)","(0.5340230464935303, 0.683390200138092, 0.0952121764421463)","(0.5356046557426453, 0.7290592789649963, 0.11054791510105133)","(0.5310395956039429, 0.7567264437675476, 0.11298567801713943)","(0.48893219232559204, 0.7180742621421814, 0.0594622865319252)","(0.49331530928611755, 0.6519535779953003, 0.09202458709478378)","(0.5016433596611023, 0.6695789098739624, 0.10954705625772476)","(0.5061477422714233, 0.6970496773719788, 0.11898253858089447)",Reach
1675,"(0.5199864506721497, 0.9419786930084229, -5.261317710392177e-07)","(0.5768219232559204, 0.8927464485168457, 0.05327797308564186)","(0.5978897213935852, 0.8289870023727417, 0.09208916872739792)","(0.597771942615509, 0.7750453352928162, 0.12978754937648773)","(0.5937384366989136, 0.7314205169677734, 0.1672363579273224)","(0.5940033197402954, 0.7131540179252625, 0.04535401239991188)","(0.5979801416397095, 0.6561862230300903, 0.09815265238285065)","(0.5947140455245972, 0.6736934185028076, 0.13319289684295654)","(0.5913476943969727, 0.6934458613395691, 0.15319347381591797)","(0.5575858354568481, 0.7015690803527832, 0.04097701236605644)","(0.5631352066993713, 0.6837681531906128, 0.10206004232168198)","(0.5583764314651489, 0.7338342070579529, 0.1264217048883438)","(0.554370105266571, 0.7624027132987976, 0.13172781467437744)","(0.5210317969322205, 0.7056545615196228, 0.04528791084885597)","(0.5342032313346863, 0.6887110471725464, 0.09920807927846909)","(0.5345523357391357, 0.7442650198936462, 0.10959502309560776)","(0.5295532941818237, 0.771764874458313, 0.1026095598936081)","(0.4901346266269684, 0.7141138315200806, 0.055478986352682114)","(0.4939495921134949, 0.6521798968315125, 0.09406459331512451)","(0.5023586750030518, 0.669866681098938, 0.10867253690958023)","(0.5061827301979065, 0.6948650479316711, 0.11172473430633545)",Reach
1676,"(0.5192870497703552, 0.9402626156806946, -5.744250870520773e-07)","(0.576530933380127, 0.8965718746185303, 0.05458175390958786)","(0.5973643660545349, 0.8377387523651123, 0.09616639465093613)","(0.5970664024353027, 0.7885590195655823, 0.13738621771335602)","(0.5933356881141663, 0.7487053275108337, 0.17910102009773254)","(0.5939046144485474, 0.7123754620552063, 0.04747648537158966)","(0.5975774526596069, 0.6538971066474915, 0.09909474849700928)","(0.5936940908432007, 0.6759366989135742, 0.1328730434179306)","(0.5905035734176636, 0.6974769830703735, 0.15239734947681427)","(0.5575366020202637, 0.7024550437927246, 0.044299423694610596)","(0.5633032321929932, 0.6833000779151917, 0.10411178320646286)","(0.5570576190948486, 0.7362393736839294, 0.1281542032957077)","(0.5519858598709106, 0.764303982257843, 0.1337721049785614)","(0.5205426216125488, 0.7072167992591858, 0.04982902109622955)","(0.5335091352462769, 0.6913230419158936, 0.10207653790712357)","(0.5326715111732483, 0.7485641837120056, 0.11233901232481003)","(0.5273536443710327, 0.7751487493515015, 0.10643589496612549)","(0.48938798904418945, 0.7173816561698914, 0.061602771282196045)","(0.4934150278568268, 0.6519492268562317, 0.09935837984085083)","(0.5021161437034607, 0.6686606407165527, 0.11437748372554779)","(0.5062764883041382, 0.6938040256500244, 0.11846525222063065)",Reach
1677,"(0.5180757641792297, 0.94044029712677, -5.965443961031269e-07)","(0.5747422575950623, 0.8986855745315552, 0.06131000071763992)","(0.5958922505378723, 0.8432168960571289, 0.10663938522338867)","(0.5959482192993164, 0.7995758652687073, 0.1503966599702835)","(0.5923212766647339, 0.7680311799049377, 0.194568932056427)","(0.5946993231773376, 0.712916374206543, 0.05714014172554016)","(0.5984302759170532, 0.6511178016662598, 0.11075492948293686)","(0.5926096439361572, 0.6717420220375061, 0.1447390913963318)","(0.5884723663330078, 0.6919930577278137, 0.16433070600032806)","(0.5582495927810669, 0.7032564878463745, 0.05200667306780815)","(0.5608068704605103, 0.6890497207641602, 0.11391386389732361)","(0.5529456734657288, 0.7450164556503296, 0.1376851201057434)","(0.5482136607170105, 0.7732341885566711, 0.1432035118341446)","(0.521407961845398, 0.7074461579322815, 0.056032780557870865)","(0.530120313167572, 0.6948441863059998, 0.1114330068230629)","(0.5286290645599365, 0.754605770111084, 0.12169060856103897)","(0.5244723558425903, 0.7807794213294983, 0.11564040929079056)","(0.48888474702835083, 0.7167479991912842, 0.06677187234163284)","(0.4923798143863678, 0.6557945609092712, 0.10814328491687775)","(0.5003747344017029, 0.6730820536613464, 0.12478972971439362)","(0.5049511790275574, 0.698088526725769, 0.1298667937517166)",Reach
1678,"(0.51725172996521, 0.943029522895813, -5.548819785872183e-07)","(0.5722436308860779, 0.9117699861526489, 0.06915439665317535)","(0.5939663052558899, 0.8617243766784668, 0.11888398975133896)","(0.5949046611785889, 0.8165026307106018, 0.16298653185367584)","(0.5946356654167175, 0.787057638168335, 0.20731030404567719)","(0.5936213731765747, 0.7233664393424988, 0.08642836660146713)","(0.5976751446723938, 0.6530181765556335, 0.13812515139579773)","(0.5898441076278687, 0.6628493070602417, 0.16951265931129456)","(0.5844341516494751, 0.682488739490509, 0.18917684257030487)","(0.5586869120597839, 0.7063834071159363, 0.07828035205602646)","(0.5518794059753418, 0.6969131231307983, 0.13494546711444855)","(0.5442621111869812, 0.7505397796630859, 0.1551867425441742)","(0.542684018611908, 0.7816239595413208, 0.16233524680137634)","(0.5222282409667969, 0.7068860530853271, 0.07797208428382874)","(0.5200017690658569, 0.7029368877410889, 0.12921150028705597)","(0.5171456336975098, 0.7609087228775024, 0.13882438838481903)","(0.5172042846679688, 0.7889503240585327, 0.13659799098968506)","(0.4867374300956726, 0.7155520915985107, 0.08468899875879288)","(0.4877513647079468, 0.6633086800575256, 0.12666679918766022)","(0.4924343228340149, 0.6797177195549011, 0.14496493339538574)","(0.49855685234069824, 0.7036036849021912, 0.1535893827676773)",Reach
1679,"(0.5117146372795105, 0.952193021774292, -5.575798240897711e-07)","(0.567366898059845, 0.9239115715026855, 0.071957066655159)","(0.5892217755317688, 0.876251220703125, 0.12222742289304733)","(0.5925818681716919, 0.8362083435058594, 0.16600319743156433)","(0.5968247056007385, 0.8124592304229736, 0.2099381536245346)","(0.5882949829101562, 0.7322580814361572, 0.08940690010786057)","(0.5927996635437012, 0.6638182401657104, 0.1384303867816925)","(0.5880993008613586, 0.6697400212287903, 0.1677996665239334)","(0.5844288468360901, 0.6860106587409973, 0.1861153393983841)","(0.552007257938385, 0.7139861583709717, 0.08121245354413986)","(0.5513333678245544, 0.7013835310935974, 0.1354718804359436)","(0.5451726913452148, 0.7575976252555847, 0.15770968794822693)","(0.5431874990463257, 0.7884491682052612, 0.16700932383537292)","(0.5162710547447205, 0.7155998945236206, 0.0806531310081482)","(0.5182090401649475, 0.7079954147338867, 0.12939466536045074)","(0.5155012011528015, 0.7643439769744873, 0.1428823322057724)","(0.5140812993049622, 0.7926796674728394, 0.1444251984357834)","(0.4810326397418976, 0.7250401377677917, 0.08728686720132828)","(0.48503580689430237, 0.6694917678833008, 0.12540991604328156)","(0.48943567276000977, 0.6858954429626465, 0.14381736516952515)","(0.49565646052360535, 0.7097862362861633, 0.15369823575019836)",Reach
1680,"(0.507492184638977, 0.9559405446052551, -5.932194540037017e-07)","(0.5599623918533325, 0.9286626577377319, 0.07335841655731201)","(0.583217203617096, 0.8836217522621155, 0.1255553513765335)","(0.586449921131134, 0.8441576361656189, 0.1706548035144806)","(0.5927739143371582, 0.8238393068313599, 0.21621938049793243)","(0.58189857006073, 0.7364618182182312, 0.09514863044023514)","(0.5860553979873657, 0.6665759682655334, 0.14370353519916534)","(0.5772138237953186, 0.67496258020401, 0.17253020405769348)","(0.5721395015716553, 0.6950980424880981, 0.19095857441425323)","(0.5466000437736511, 0.7179133892059326, 0.08506461977958679)","(0.5401087999343872, 0.7096956372261047, 0.1397414356470108)","(0.5315977931022644, 0.7658728957176208, 0.16130663454532623)","(0.5305224061012268, 0.7968071103096008, 0.17012564837932587)","(0.5107004046440125, 0.7190441489219666, 0.08207639306783676)","(0.5061565041542053, 0.7135628461837769, 0.13089081645011902)","(0.5014423131942749, 0.7695446014404297, 0.1441694051027298)","(0.5012688040733337, 0.7975031733512878, 0.14565983414649963)","(0.473432719707489, 0.7289257049560547, 0.08613152801990509)","(0.47473615407943726, 0.6740356683731079, 0.12486134469509125)","(0.47711843252182007, 0.6870949864387512, 0.143677219748497)","(0.4823281466960907, 0.7089155912399292, 0.1538742333650589)",Reach
1681,"(0.5003073215484619, 0.9596714377403259, -5.086769760964671e-07)","(0.5524179339408875, 0.9398037195205688, 0.059403564780950546)","(0.5754091739654541, 0.8908106088638306, 0.10411665588617325)","(0.5783911347389221, 0.847278892993927, 0.14263993501663208)","(0.5838561654090881, 0.8266604542732239, 0.18128740787506104)","(0.5720499157905579, 0.7440406084060669, 0.08319403976202011)","(0.5747465491294861, 0.6629685759544373, 0.1230577826499939)","(0.5666820406913757, 0.6600161194801331, 0.1451687067747116)","(0.5617610216140747, 0.6789233088493347, 0.15985117852687836)","(0.5364996194839478, 0.7240266799926758, 0.07584826648235321)","(0.5271552205085754, 0.7213419675827026, 0.12042238563299179)","(0.5196405649185181, 0.7714135050773621, 0.13306854665279388)","(0.5203549861907959, 0.8022717237472534, 0.1369001865386963)","(0.5007270574569702, 0.7274879217147827, 0.0742979645729065)","(0.4941580295562744, 0.7257720828056335, 0.11192672699689865)","(0.48884084820747375, 0.7752282619476318, 0.11737477034330368)","(0.4901787340641022, 0.8032589554786682, 0.11588390171527863)","(0.4640459716320038, 0.7401704788208008, 0.07889964431524277)","(0.4642777442932129, 0.6861797571182251, 0.11091744154691696)","(0.4665052890777588, 0.6901096105575562, 0.12530942261219025)","(0.47314178943634033, 0.7061245441436768, 0.1333712786436081)",Reach
1682,"(0.4898437261581421, 0.9673378467559814, -4.459066360595898e-07)","(0.5449655055999756, 0.9482543468475342, 0.0390690453350544)","(0.5691232085227966, 0.8961691856384277, 0.0701850950717926)","(0.5721352100372314, 0.8515808582305908, 0.09684176743030548)","(0.5734891295433044, 0.8318058848381042, 0.12356771528720856)","(0.5593616962432861, 0.749794065952301, 0.05554542317986488)","(0.5666438937187195, 0.6705532073974609, 0.08225855231285095)","(0.5595681071281433, 0.6892876029014587, 0.09680043160915375)","(0.5549495816230774, 0.7298990488052368, 0.10779524594545364)","(0.5228436589241028, 0.7283264994621277, 0.05191633477807045)","(0.5193765163421631, 0.7270479202270508, 0.08560982346534729)","(0.5140113830566406, 0.7748071551322937, 0.09310431033372879)","(0.5158194899559021, 0.8042870759963989, 0.09421693533658981)","(0.4872469902038574, 0.7354428768157959, 0.05236846208572388)","(0.48587438464164734, 0.7345969080924988, 0.07844527810811996)","(0.48304733633995056, 0.7816634178161621, 0.07885247468948364)","(0.48352301120758057, 0.8111231923103333, 0.07559896260499954)","(0.453382670879364, 0.7511626482009888, 0.05749347805976868)","(0.45257312059402466, 0.7019715309143066, 0.07940302044153214)","(0.457145094871521, 0.7074661254882812, 0.08901606500148773)","(0.464941143989563, 0.7235333323478699, 0.09513778984546661)",Reach
1683,"(0.47822844982147217, 0.9740564823150635, -4.874512455899094e-07)","(0.5333682894706726, 0.9511809349060059, 0.056423794478178024)","(0.5558983683586121, 0.9022345542907715, 0.10113620012998581)","(0.5590080618858337, 0.8598389625549316, 0.14055949449539185)","(0.5651922821998596, 0.8386752605438232, 0.1812599152326584)","(0.5465757846832275, 0.7512174248695374, 0.08432742953300476)","(0.5511024594306946, 0.6731503009796143, 0.1242237538099289)","(0.5478478074073792, 0.6857466697692871, 0.14684386551380157)","(0.5472380518913269, 0.719078779220581, 0.16256019473075867)","(0.507899284362793, 0.7346774339675903, 0.07977170497179031)","(0.5142675042152405, 0.7286025881767273, 0.12608127295970917)","(0.5114938020706177, 0.778715193271637, 0.14107540249824524)","(0.511917769908905, 0.8059040307998657, 0.14697664976119995)","(0.47238534688949585, 0.7421875596046448, 0.08028499037027359)","(0.4805876910686493, 0.7419449090957642, 0.11859940737485886)","(0.4782014787197113, 0.7916712760925293, 0.12531937658786774)","(0.4779728651046753, 0.8175554275512695, 0.12534943222999573)","(0.4387454390525818, 0.7596455812454224, 0.08665846288204193)","(0.44301196932792664, 0.7068331837654114, 0.11876720190048218)","(0.4479975700378418, 0.7107139229774475, 0.1334097534418106)","(0.4565606713294983, 0.7238428592681885, 0.14219264686107635)",Reach
1684,"(0.4669837951660156, 0.9829145669937134, -4.6489839178320835e-07)","(0.5222213268280029, 0.9514714479446411, 0.05966057628393173)","(0.5439409613609314, 0.9019691944122314, 0.10630413889884949)","(0.5466523766517639, 0.8598356246948242, 0.1479138731956482)","(0.5537822842597961, 0.8376662135124207, 0.19039301574230194)","(0.5330093502998352, 0.7504504919052124, 0.09100163727998734)","(0.5368596911430359, 0.6821752190589905, 0.13735158741474152)","(0.5342955589294434, 0.6932884454727173, 0.16171979904174805)","(0.5344521403312683, 0.716124415397644, 0.17724822461605072)","(0.4940628707408905, 0.7376430034637451, 0.0871277004480362)","(0.49895140528678894, 0.7340940833091736, 0.14003391563892365)","(0.4964435398578644, 0.7854334712028503, 0.15479029715061188)","(0.49595606327056885, 0.8150177597999573, 0.1592518538236618)","(0.4577394127845764, 0.7461217641830444, 0.08914261311292648)","(0.46447885036468506, 0.74859219789505, 0.13435646891593933)","(0.462729275226593, 0.8007453680038452, 0.14019909501075745)","(0.4622326195240021, 0.8280709981918335, 0.13797765970230103)","(0.4239943027496338, 0.7650865316390991, 0.0972694456577301)","(0.42851486802101135, 0.7170760631561279, 0.1356828659772873)","(0.43423134088516235, 0.7196908593177795, 0.15159298479557037)","(0.44268661737442017, 0.7275526523590088, 0.15977750718593597)",Reach
1685,"(0.45549479126930237, 0.9809414148330688, -5.163312266631692e-07)","(0.5090123414993286, 0.9464702606201172, 0.06482847779989243)","(0.5320932269096375, 0.8972675204277039, 0.11816826462745667)","(0.5345034003257751, 0.8583407402038574, 0.1676219403743744)","(0.5421341061592102, 0.8371571898460388, 0.21854135394096375)","(0.5217554569244385, 0.7478586435317993, 0.09501439332962036)","(0.526691198348999, 0.6763170957565308, 0.14938172698020935)","(0.5196568369865417, 0.6772100925445557, 0.18204903602600098)","(0.5168679356575012, 0.693278431892395, 0.20366120338439941)","(0.4843476712703705, 0.7378060221672058, 0.09226123243570328)","(0.4841722846031189, 0.7372727990150452, 0.15188026428222656)","(0.4788073003292084, 0.7919890284538269, 0.17233769595623016)","(0.47790467739105225, 0.8246268033981323, 0.18121804296970367)","(0.4477362334728241, 0.744868278503418, 0.09634637087583542)","(0.4498436450958252, 0.7482221722602844, 0.14728455245494843)","(0.44878411293029785, 0.8033961653709412, 0.1559366136789322)","(0.4494401514530182, 0.8283048272132874, 0.15560747683048248)","(0.41220390796661377, 0.7623270750045776, 0.10714758932590485)","(0.41583487391471863, 0.7140787243843079, 0.149984672665596)","(0.4221358597278595, 0.7090073823928833, 0.16803330183029175)","(0.4299798607826233, 0.70818030834198, 0.17766498029232025)",Reach
1686,"(0.44033050537109375, 0.9847200512886047, -5.093534127809107e-07)","(0.49767807126045227, 0.9520633816719055, 0.05632845684885979)","(0.520950973033905, 0.9006769061088562, 0.10574749857187271)","(0.5236805081367493, 0.8557887077331543, 0.1534423977136612)","(0.5312911868095398, 0.8274261355400085, 0.2038862407207489)","(0.5084077715873718, 0.7508325576782227, 0.08037623018026352)","(0.5141136050224304, 0.6753323078155518, 0.1292528510093689)","(0.5097578167915344, 0.6834913492202759, 0.16124488413333893)","(0.5092501044273376, 0.7131126523017883, 0.1833469271659851)","(0.46952924132347107, 0.7399109601974487, 0.08125552535057068)","(0.47593221068382263, 0.7273836731910706, 0.13658426702022552)","(0.4742024838924408, 0.7759565114974976, 0.16119243204593658)","(0.47393402457237244, 0.8070962429046631, 0.17349112033843994)","(0.43223705887794495, 0.7485700249671936, 0.0879986360669136)","(0.44248178601264954, 0.7405608892440796, 0.13376449048519135)","(0.4435126781463623, 0.7868792414665222, 0.14754152297973633)","(0.44350430369377136, 0.8135511875152588, 0.1516103446483612)","(0.3985767066478729, 0.767880380153656, 0.10062732547521591)","(0.4066814184188843, 0.7137119770050049, 0.13571864366531372)","(0.4168745279312134, 0.7046727538108826, 0.15194667875766754)","(0.4275771677494049, 0.7017525434494019, 0.16174273192882538)",Reach
1687,"(0.4296075999736786, 0.9890309572219849, -4.78824745187012e-07)","(0.48801422119140625, 0.9536199569702148, 0.05557416006922722)","(0.5104873776435852, 0.8982238173484802, 0.10232264548540115)","(0.513995885848999, 0.8457581400871277, 0.1471657156944275)","(0.5206477642059326, 0.8122730851173401, 0.1954973340034485)","(0.49614495038986206, 0.7491812109947205, 0.07282821089029312)","(0.5018781423568726, 0.6650692820549011, 0.11514778435230255)","(0.49976497888565063, 0.6620503664016724, 0.14626860618591309)","(0.5010423064231873, 0.6876846551895142, 0.1688293069601059)","(0.4567888677120209, 0.737372875213623, 0.07358385622501373)","(0.4663168787956238, 0.71666419506073, 0.12520942091941833)","(0.46739906072616577, 0.7623876333236694, 0.15666784346103668)","(0.46713393926620483, 0.7946662902832031, 0.1751035451889038)","(0.4198949337005615, 0.7475664019584656, 0.07939933240413666)","(0.43316587805747986, 0.7307863235473633, 0.12326075881719589)","(0.43594783544540405, 0.7726551294326782, 0.1450992077589035)","(0.4355355501174927, 0.7996715307235718, 0.15566480159759521)","(0.3862670958042145, 0.7698399424552917, 0.09041997790336609)","(0.3937782347202301, 0.727623701095581, 0.12415853142738342)","(0.403050035238266, 0.7391071915626526, 0.1426183432340622)","(0.41159385442733765, 0.7562505006790161, 0.1554085612297058)",Reach
1688,"(0.41817808151245117, 0.9919759035110474, -4.29485339736857e-07)","(0.47845155000686646, 0.9545158743858337, 0.0486999973654747)","(0.49971455335617065, 0.8961300849914551, 0.09079310297966003)","(0.5034377574920654, 0.83936607837677, 0.1318138986825943)","(0.5122074484825134, 0.8050128221511841, 0.17628800868988037)","(0.4820924401283264, 0.7470763921737671, 0.06342927366495132)","(0.49000346660614014, 0.663416862487793, 0.10317522287368774)","(0.4912501573562622, 0.6697777509689331, 0.13197501003742218)","(0.49379944801330566, 0.698657751083374, 0.15252026915550232)","(0.44242966175079346, 0.7376241683959961, 0.06523396074771881)","(0.4554864466190338, 0.7096124291419983, 0.113802969455719)","(0.4594089984893799, 0.7551308274269104, 0.1431063413619995)","(0.4599531590938568, 0.7842587232589722, 0.15969912707805634)","(0.40572935342788696, 0.7505320310592651, 0.07182170450687408)","(0.420995831489563, 0.7269349694252014, 0.11311148852109909)","(0.4268537759780884, 0.7681328058242798, 0.13380207121372223)","(0.4268445074558258, 0.7952625155448914, 0.14354340732097626)","(0.3734102249145508, 0.7748498320579529, 0.08310264348983765)","(0.3833440840244293, 0.7234850525856018, 0.11597108840942383)","(0.3947802186012268, 0.7332983016967773, 0.13500455021858215)","(0.40276455879211426, 0.7511685490608215, 0.14792674779891968)",Reach
1689,"(0.4059428870677948, 0.9984329342842102, -3.470566412033804e-07)","(0.4654819369316101, 0.9592666625976562, 0.03521119803190231)","(0.4873698651790619, 0.8938103914260864, 0.0666930302977562)","(0.4919511079788208, 0.8303496241569519, 0.09864151477813721)","(0.5018088817596436, 0.7912108898162842, 0.13379573822021484)","(0.46566179394721985, 0.7535451054573059, 0.03755742684006691)","(0.4750854969024658, 0.6589900255203247, 0.06540632247924805)","(0.4823959171772003, 0.6614253520965576, 0.08754551410675049)","(0.48896345496177673, 0.6918441653251648, 0.10409603267908096)","(0.4257596731185913, 0.743604838848114, 0.04030609503388405)","(0.44373568892478943, 0.7123568058013916, 0.07689683884382248)","(0.4508592188358307, 0.7548996210098267, 0.09966228157281876)","(0.4529865086078644, 0.7852728962898254, 0.11193147301673889)","(0.3899614214897156, 0.7582463026046753, 0.04735681042075157)","(0.408189058303833, 0.7288382649421692, 0.07748743146657944)","(0.41526323556900024, 0.7697271108627319, 0.09358026832342148)","(0.41540274024009705, 0.7998971939086914, 0.10091828554868698)","(0.35938841104507446, 0.7823978662490845, 0.0582803338766098)","(0.36633938550949097, 0.7253711819648743, 0.08196001499891281)","(0.3781612813472748, 0.7379746437072754, 0.0968276634812355)","(0.3868440091609955, 0.7613266706466675, 0.10752645879983902)",Reach
1690,"(0.3929644525051117, 1.0018842220306396, -3.506132486563729e-07)","(0.45401740074157715, 0.9516797065734863, 0.04551558941602707)","(0.4750002324581146, 0.8846794962882996, 0.08407188951969147)","(0.4782308042049408, 0.8225162029266357, 0.1227603629231453)","(0.49012190103530884, 0.7829040884971619, 0.16488631069660187)","(0.4520363211631775, 0.7498690485954285, 0.04946552589535713)","(0.4615497887134552, 0.6634640097618103, 0.08739954978227615)","(0.4677762985229492, 0.6620457768440247, 0.11822093278169632)","(0.47306886315345764, 0.6852027177810669, 0.14082147181034088)","(0.41193848848342896, 0.743009626865387, 0.05302371084690094)","(0.43097132444381714, 0.7070894837379456, 0.10265443474054337)","(0.43984758853912354, 0.7471174597740173, 0.1377127766609192)","(0.4412451386451721, 0.7763515114784241, 0.15875104069709778)","(0.3765393793582916, 0.7588680386543274, 0.06171179562807083)","(0.39454370737075806, 0.7252078652381897, 0.10403326898813248)","(0.40424633026123047, 0.7650251984596252, 0.13057009875774384)","(0.4044024348258972, 0.7936165928840637, 0.1446084827184677)","(0.3451673686504364, 0.7836737632751465, 0.0748191624879837)","(0.35376450419425964, 0.7245373129844666, 0.10620835423469543)","(0.36592355370521545, 0.7344637513160706, 0.1269528865814209)","(0.3735995888710022, 0.7552065849304199, 0.1422523409128189)",Reach
1691,"(0.3802351653575897, 1.0033329725265503, -2.3036490404138021e-07)","(0.4410093426704407, 0.9527096152305603, 0.025920629501342773)","(0.4640313982963562, 0.8707132339477539, 0.04881853237748146)","(0.46614518761634827, 0.7996091246604919, 0.07179422676563263)","(0.48170897364616394, 0.7557948231697083, 0.09636706858873367)","(0.4330344796180725, 0.7497974038124084, 0.025854747742414474)","(0.4432874619960785, 0.6565737128257751, 0.05096888542175293)","(0.45561712980270386, 0.6600161194801331, 0.07050799578428268)","(0.4650479555130005, 0.6866388320922852, 0.0846119225025177)","(0.39270639419555664, 0.7438234686851501, 0.027740204706788063)","(0.4143458902835846, 0.7102839350700378, 0.06205369904637337)","(0.4246603548526764, 0.7483198046684265, 0.07987109571695328)","(0.42755821347236633, 0.7783315181732178, 0.0876079648733139)","(0.3584301769733429, 0.7642646431922913, 0.03360547125339508)","(0.37950795888900757, 0.7318302989006042, 0.06062756106257439)","(0.39037370681762695, 0.7707165479660034, 0.07082270085811615)","(0.39129164814949036, 0.8030489087104797, 0.07310076802968979)","(0.32874512672424316, 0.7905909419059753, 0.04273293912410736)","(0.33290529251098633, 0.7257770895957947, 0.0624072439968586)","(0.34740227460861206, 0.7294248938560486, 0.0736333504319191)","(0.35735541582107544, 0.748039722442627, 0.0810658410191536)",Reach
1692,"(0.36359816789627075, 1.0081086158752441, -1.9728604172541964e-07)","(0.4249306321144104, 0.9571459293365479, 0.021932462230324745)","(0.44884276390075684, 0.8712137937545776, 0.04504123702645302)","(0.44616666436195374, 0.7982476949691772, 0.06961141526699066)","(0.45877188444137573, 0.7530509829521179, 0.09649307280778885)","(0.41188791394233704, 0.7439751625061035, 0.024536436423659325)","(0.4226221740245819, 0.6548959016799927, 0.05027208477258682)","(0.4393491744995117, 0.6627993583679199, 0.0695662647485733)","(0.45119696855545044, 0.6916059255599976, 0.08354375511407852)","(0.37176254391670227, 0.7437360286712646, 0.0296590905636549)","(0.39762794971466064, 0.7056202292442322, 0.06563984602689743)","(0.4129660427570343, 0.7421675324440002, 0.08439996093511581)","(0.4167208969593048, 0.7714362740516663, 0.09301002323627472)","(0.33921191096305847, 0.7680167555809021, 0.03839944303035736)","(0.3625985383987427, 0.7302713394165039, 0.06670933961868286)","(0.3774316906929016, 0.7668583393096924, 0.07748816162347794)","(0.3794284760951996, 0.7991697788238525, 0.08070432394742966)","(0.3118351399898529, 0.7968159914016724, 0.04999569058418274)","(0.3159576654434204, 0.7273479104042053, 0.07052913308143616)","(0.3315671682357788, 0.7290577292442322, 0.08228553086519241)","(0.34188035130500793, 0.7481750845909119, 0.0904870256781578)",Reach
1693,"(0.3486400246620178, 1.0095405578613281, -2.3413264216287644e-07)","(0.41037383675575256, 0.9481712579727173, 0.02734852209687233)","(0.4325098395347595, 0.8610287308692932, 0.056947480887174606)","(0.4282180964946747, 0.7889592051506042, 0.08873302489519119)","(0.4377059042453766, 0.741086483001709, 0.12281442433595657)","(0.3937988877296448, 0.737682044506073, 0.033681146800518036)","(0.40480080246925354, 0.6547966599464417, 0.07214640825986862)","(0.4175359606742859, 0.6615349650382996, 0.10045003890991211)","(0.4262429475784302, 0.6864778995513916, 0.11963862180709839)","(0.35343271493911743, 0.7414731979370117, 0.040805842727422714)","(0.37806621193885803, 0.7045401334762573, 0.09004034101963043)","(0.3924013376235962, 0.7411861419677734, 0.1155734658241272)","(0.39585769176483154, 0.7723472714424133, 0.1273680478334427)","(0.3211900591850281, 0.7681172490119934, 0.05249766632914543)","(0.34455758333206177, 0.7295678853988647, 0.09160356223583221)","(0.3590731620788574, 0.766996443271637, 0.10532674193382263)","(0.3603535294532776, 0.7988526225090027, 0.1086411252617836)","(0.2945612668991089, 0.7992029786109924, 0.06758473068475723)","(0.2978774905204773, 0.7274014353752136, 0.09527982026338577)","(0.3129955530166626, 0.7275368571281433, 0.10944563150405884)","(0.32262200117111206, 0.744013249874115, 0.1181398332118988)",Reach
1694,"(0.3343014419078827, 1.0081110000610352, -1.037156138750106e-07)","(0.3951604664325714, 0.9430966377258301, 0.02149169333279133)","(0.41438034176826477, 0.8459926843643188, 0.050051040947437286)","(0.4090654253959656, 0.771788477897644, 0.08223160356283188)","(0.4135536551475525, 0.7209465503692627, 0.11667226254940033)","(0.3716816008090973, 0.7326048016548157, 0.028349991887807846)","(0.3847865164279938, 0.6489903926849365, 0.07208734005689621)","(0.39873912930488586, 0.6581600904464722, 0.10472181439399719)","(0.4078802168369293, 0.6813948154449463, 0.1265837848186493)","(0.33073824644088745, 0.7414106130599976, 0.04058527946472168)","(0.35767999291419983, 0.7050266265869141, 0.09547064453363419)","(0.37584188580513, 0.7356053590774536, 0.123331718146801)","(0.38284769654273987, 0.7643433213233948, 0.13599857687950134)","(0.3007965385913849, 0.7720513343811035, 0.05763375014066696)","(0.32678720355033875, 0.7376047968864441, 0.10376187413930893)","(0.34559166431427, 0.7695236206054688, 0.11760421842336655)","(0.34941065311431885, 0.7978527545928955, 0.11975423246622086)","(0.27611243724823, 0.8067663908004761, 0.07748640328645706)","(0.281516432762146, 0.7397201061248779, 0.11278221756219864)","(0.29710865020751953, 0.7387515902519226, 0.1288113296031952)","(0.30753597617149353, 0.754711389541626, 0.13748647272586823)",Reach
1695,"(0.3172619938850403, 1.0168142318725586, -2.1797612248519727e-07)","(0.37748485803604126, 0.9489482641220093, 0.021661829203367233)","(0.3969607949256897, 0.8523877859115601, 0.046162646263837814)","(0.38838160037994385, 0.7723004221916199, 0.07321003079414368)","(0.3958170413970947, 0.7180005311965942, 0.10226907581090927)","(0.3511735796928406, 0.737479567527771, 0.023566246032714844)","(0.3595774173736572, 0.6455835700035095, 0.05741651728749275)","(0.37439897656440735, 0.6543270349502563, 0.08239780366420746)","(0.38433870673179626, 0.6774842143058777, 0.09865798056125641)","(0.3098633587360382, 0.7449401617050171, 0.030418021604418755)","(0.33512255549430847, 0.7009487152099609, 0.07532559335231781)","(0.351921409368515, 0.7357858419418335, 0.0970938578248024)","(0.3564060628414154, 0.7646588683128357, 0.1051025390625)","(0.27933603525161743, 0.7761090993881226, 0.041572242975234985)","(0.305002361536026, 0.7337775826454163, 0.07821952551603317)","(0.32222917675971985, 0.7687158584594727, 0.08896289765834808)","(0.32452520728111267, 0.8005056977272034, 0.08864346146583557)","(0.2546982765197754, 0.8112934827804565, 0.05557262524962425)","(0.25782981514930725, 0.7402998805046082, 0.08119519799947739)","(0.2728109359741211, 0.7418874502182007, 0.09266882389783859)","(0.282520055770874, 0.7582602500915527, 0.09824807196855545)",Reach
1696,"(0.30332669615745544, 1.020531415939331, -1.0756046009419151e-07)","(0.36325329542160034, 0.947178065776825, 0.019990816712379456)","(0.3810499608516693, 0.8465364575386047, 0.0429910309612751)","(0.3711529076099396, 0.7647440433502197, 0.06793598085641861)","(0.37761810421943665, 0.708437442779541, 0.09474959969520569)","(0.3319268822669983, 0.7372100949287415, 0.024109644815325737)","(0.34072408080101013, 0.6493173837661743, 0.056154701858758926)","(0.3610254228115082, 0.6522992849349976, 0.08001932501792908)","(0.3755967617034912, 0.6762083768844604, 0.09656709432601929)","(0.2898324429988861, 0.7487431764602661, 0.030944030731916428)","(0.31473177671432495, 0.6953356862068176, 0.07274618744850159)","(0.3366314172744751, 0.7221497297286987, 0.09290820360183716)","(0.34585481882095337, 0.7528027296066284, 0.10149972140789032)","(0.2599380612373352, 0.7821613550186157, 0.04177826642990112)","(0.28622928261756897, 0.7339707612991333, 0.07669852674007416)","(0.3063552975654602, 0.7651780247688293, 0.08637187629938126)","(0.31133121252059937, 0.798211395740509, 0.08667405694723129)","(0.2366100400686264, 0.8189520239830017, 0.0552322193980217)","(0.24201524257659912, 0.7476515173912048, 0.08148891478776932)","(0.2588513195514679, 0.7517258524894714, 0.09364937245845795)","(0.2702784836292267, 0.7719305753707886, 0.10028166323900223)",Reach
1697,"(0.28929436206817627, 1.008700966835022, -9.866706562888794e-08)","(0.3478284180164337, 0.9308186173439026, 0.02752951718866825)","(0.36239880323410034, 0.8374131321907043, 0.057984694838523865)","(0.35030895471572876, 0.761139988899231, 0.08986197412014008)","(0.35913607478141785, 0.7070068120956421, 0.12416716665029526)","(0.3144263029098511, 0.727974534034729, 0.04294278100132942)","(0.3191055655479431, 0.6448509097099304, 0.08249200135469437)","(0.33572348952293396, 0.6471705436706543, 0.1106598973274231)","(0.3495114743709564, 0.662690281867981, 0.1299213171005249)","(0.2726651430130005, 0.7422938942909241, 0.05093035474419594)","(0.29448211193084717, 0.6944655179977417, 0.10182410478591919)","(0.3164001703262329, 0.7119808197021484, 0.12881137430667877)","(0.32734137773513794, 0.7328459024429321, 0.14256437122821808)","(0.24396443367004395, 0.7773921489715576, 0.06258033215999603)","(0.26745086908340454, 0.7354496121406555, 0.10539767146110535)","(0.289300799369812, 0.7611494660377502, 0.12043420970439911)","(0.2965262532234192, 0.7867283821105957, 0.12506070733070374)","(0.22037997841835022, 0.8181471228599548, 0.0769987627863884)","(0.22401484847068787, 0.7539911270141602, 0.10924940556287766)","(0.2404211163520813, 0.7553081512451172, 0.12475060671567917)","(0.252638041973114, 0.7725080251693726, 0.13446487486362457)",Reach
1698,"(0.2747010290622711, 1.002138614654541, -1.0500097147314591e-07)","(0.33421194553375244, 0.9231516718864441, 0.027858344838023186)","(0.3484691083431244, 0.8357400298118591, 0.05770811066031456)","(0.33712038397789, 0.7621363401412964, 0.08894824236631393)","(0.3424651622772217, 0.7081793546676636, 0.12253731489181519)","(0.3000400960445404, 0.7287710309028625, 0.04189794883131981)","(0.3047160506248474, 0.6511959433555603, 0.08085081726312637)","(0.32213926315307617, 0.6549705266952515, 0.10947209596633911)","(0.33654770255088806, 0.6753637194633484, 0.12971419095993042)","(0.2587253451347351, 0.7449986338615417, 0.05005195736885071)","(0.27937865257263184, 0.6947821378707886, 0.10069237649440765)","(0.3011428415775299, 0.7150254249572754, 0.12919525802135468)","(0.31149381399154663, 0.7377273440361023, 0.14478352665901184)","(0.23040810227394104, 0.7796421051025391, 0.061907798051834106)","(0.2525016665458679, 0.7348143458366394, 0.10489299893379211)","(0.27470195293426514, 0.7608779072761536, 0.12202708423137665)","(0.2819536328315735, 0.7869778871536255, 0.12876024842262268)","(0.20671886205673218, 0.8195335268974304, 0.07656748592853546)","(0.2087956815958023, 0.7538672685623169, 0.10935299843549728)","(0.22571909427642822, 0.7554934024810791, 0.12643501162528992)","(0.23883388936519623, 0.7735599279403687, 0.1377616822719574)",Reach
1699,"(0.26447156071662903, 0.9969234466552734, -1.0005452821815197e-07)","(0.323558509349823, 0.9232307076454163, 0.02698184922337532)","(0.3390365242958069, 0.8332347273826599, 0.05488680303096771)","(0.3254829943180084, 0.7600866556167603, 0.08341074734926224)","(0.3301621675491333, 0.707544207572937, 0.1143873855471611)","(0.28836533427238464, 0.7296801209449768, 0.04321831837296486)","(0.2928360402584076, 0.653353214263916, 0.07647969573736191)","(0.311373233795166, 0.6562430262565613, 0.10072018951177597)","(0.3275813162326813, 0.6813329458236694, 0.11920474469661713)","(0.2468477189540863, 0.7470645308494568, 0.050729550421237946)","(0.26751020550727844, 0.6982829570770264, 0.09864898771047592)","(0.28979724645614624, 0.7212715744972229, 0.12638498842716217)","(0.29938018321990967, 0.7451610565185547, 0.14224989712238312)","(0.21868419647216797, 0.7831077575683594, 0.06114457547664642)","(0.2406679093837738, 0.7396043539047241, 0.10164977610111237)","(0.2624461352825165, 0.7651437520980835, 0.12034448981285095)","(0.2698749601840973, 0.7924443483352661, 0.12909775972366333)","(0.1959400624036789, 0.8245626091957092, 0.0740758627653122)","(0.1966738998889923, 0.7600780725479126, 0.10550980269908905)","(0.21325647830963135, 0.7633604407310486, 0.1239265501499176)","(0.22634898126125336, 0.7818551063537598, 0.13707296550273895)",Reach
1700,"(0.2528405487537384, 0.9965767860412598, -1.0749926815378785e-07)","(0.3156673014163971, 0.9111000299453735, 0.035128794610500336)","(0.3269912898540497, 0.8287912607192993, 0.06779100745916367)","(0.31405922770500183, 0.7613720893859863, 0.10121527314186096)","(0.3185926079750061, 0.7099438905715942, 0.13656416535377502)","(0.2789596915245056, 0.7256287336349487, 0.04936731606721878)","(0.28555259108543396, 0.6607544422149658, 0.09317880123853683)","(0.30241867899894714, 0.6640138030052185, 0.12545965611934662)","(0.31652501225471497, 0.6831367015838623, 0.1486583799123764)","(0.23846687376499176, 0.7459204196929932, 0.05931050330400467)","(0.2584388554096222, 0.7003257870674133, 0.11886566132307053)","(0.2796584367752075, 0.7238574028015137, 0.15570847690105438)","(0.2881539463996887, 0.7445800304412842, 0.17691658437252045)","(0.21085159480571747, 0.7820192575454712, 0.07360520958900452)","(0.23187899589538574, 0.74454265832901, 0.1261574774980545)","(0.25501301884651184, 0.7743262648582458, 0.1508914679288864)","(0.262872576713562, 0.8011412620544434, 0.16208086907863617)","(0.1868196278810501, 0.8216435313224792, 0.09114834666252136)","(0.189082533121109, 0.7634339928627014, 0.1322106420993805)","(0.20429036021232605, 0.7640228867530823, 0.1544954776763916)","(0.21635718643665314, 0.77635258436203, 0.1690162867307663)",Reach
1701,"(0.25010955333709717, 0.9989228248596191, -9.20643330459825e-08)","(0.3093220591545105, 0.9159739017486572, 0.0339193232357502)","(0.32023584842681885, 0.8317920565605164, 0.06523659080266953)","(0.30885446071624756, 0.7630379796028137, 0.09683029353618622)","(0.3141510486602783, 0.7154266834259033, 0.13056336343288422)","(0.27129095792770386, 0.7290316224098206, 0.04913787171244621)","(0.27867943048477173, 0.6661204099655151, 0.09154406934976578)","(0.2959115207195282, 0.6709994077682495, 0.12301073223352432)","(0.3101748526096344, 0.6922581195831299, 0.1452879011631012)","(0.23147952556610107, 0.7485799193382263, 0.05623868107795715)","(0.2515241503715515, 0.7045543193817139, 0.11192676424980164)","(0.27300623059272766, 0.7272260189056396, 0.14613653719425201)","(0.28232383728027344, 0.7490624785423279, 0.1658451408147812)","(0.20368248224258423, 0.7857236862182617, 0.06729460507631302)","(0.2240036427974701, 0.7441816329956055, 0.11502111703157425)","(0.24583327770233154, 0.772681713104248, 0.13816285133361816)","(0.25344720482826233, 0.8006264567375183, 0.14886660873889923)","(0.1801992952823639, 0.8278055787086487, 0.08139173686504364)","(0.1811484396457672, 0.7651208639144897, 0.11774744838476181)","(0.19729256629943848, 0.7689870595932007, 0.13830921053886414)","(0.21055635809898376, 0.7866237163543701, 0.1521940976381302)",Reach
1702,"(0.24544547498226166, 0.9970085024833679, -1.2583141995037295e-07)","(0.3051793575286865, 0.9191774129867554, 0.0350240133702755)","(0.3165653347969055, 0.8396244645118713, 0.06726465374231339)","(0.3052818775177002, 0.7717542052268982, 0.09941643476486206)","(0.3129802942276001, 0.7249025702476501, 0.13405412435531616)","(0.26711907982826233, 0.7347065210342407, 0.05204595625400543)","(0.275363564491272, 0.6720969676971436, 0.09414083510637283)","(0.2918292284011841, 0.6787339448928833, 0.12442705035209656)","(0.30506742000579834, 0.7000420093536377, 0.1454925388097763)","(0.22542721033096313, 0.7506294846534729, 0.05818045884370804)","(0.24908225238323212, 0.7086155414581299, 0.11208801716566086)","(0.2698225975036621, 0.7354035377502441, 0.14247624576091766)","(0.2784346342086792, 0.758275032043457, 0.1591159850358963)","(0.1980263590812683, 0.7852238416671753, 0.06845513731241226)","(0.22164522111415863, 0.7491832375526428, 0.1157393679022789)","(0.24221570789813995, 0.7803127765655518, 0.1345655918121338)","(0.24973617494106293, 0.8068063855171204, 0.1414959728717804)","(0.17595280706882477, 0.8258772492408752, 0.0819045677781105)","(0.18473997712135315, 0.7740614414215088, 0.12055422365665436)","(0.2011517733335495, 0.7891253232955933, 0.1398656666278839)","(0.21403171122074127, 0.8129391074180603, 0.15161029994487762)",Reach
1703,"(0.2426035851240158, 0.9990992546081543, -1.6117876100452122e-07)","(0.30131950974464417, 0.9214168787002563, 0.03827723488211632)","(0.31282839179039, 0.8438364863395691, 0.0719381719827652)","(0.30328452587127686, 0.7772754430770874, 0.10532291978597641)","(0.3126949667930603, 0.7320814728736877, 0.14084108173847198)","(0.26457393169403076, 0.7388345003128052, 0.053850576281547546)","(0.27360934019088745, 0.6796205639839172, 0.0981592983007431)","(0.2889798581600189, 0.687160849571228, 0.12961862981319427)","(0.30066221952438354, 0.7055451273918152, 0.15060751140117645)","(0.22424262762069702, 0.7550432085990906, 0.058537766337394714)","(0.24710413813591003, 0.714009702205658, 0.11295976489782333)","(0.26708731055259705, 0.742388904094696, 0.1431841403245926)","(0.27410945296287537, 0.7667815089225769, 0.159220889210701)","(0.19636067748069763, 0.7893686890602112, 0.06786736845970154)","(0.21873946487903595, 0.7533795833587646, 0.11522320657968521)","(0.23872068524360657, 0.7869982719421387, 0.13375164568424225)","(0.24501577019691467, 0.8144797682762146, 0.14006371796131134)","(0.17360803484916687, 0.8290640115737915, 0.0808028131723404)","(0.18088699877262115, 0.7759146094322205, 0.11833018809556961)","(0.19712993502616882, 0.791926920413971, 0.13674722611904144)","(0.20927347242832184, 0.8156657814979553, 0.1476210057735443)",Reach
1704,"(0.2414107769727707, 1.0000780820846558, -1.8241202326407802e-07)","(0.30062398314476013, 0.9216369986534119, 0.0428764708340168)","(0.31215760111808777, 0.8471975326538086, 0.07886643707752228)","(0.3035517632961273, 0.7833184003829956, 0.11369700729846954)","(0.3132871389389038, 0.7389593720436096, 0.15024925768375397)","(0.2659066319465637, 0.7428441643714905, 0.061394158750772476)","(0.27496999502182007, 0.688302755355835, 0.10906113684177399)","(0.2903977632522583, 0.6973316073417664, 0.14229564368724823)","(0.30247968435287476, 0.7174071073532104, 0.1645788997411728)","(0.22615981101989746, 0.7592707872390747, 0.0656135156750679)","(0.24732738733291626, 0.7215670347213745, 0.1234346330165863)","(0.2663663625717163, 0.7521033883094788, 0.15579065680503845)","(0.2726665735244751, 0.7773902416229248, 0.17362093925476074)","(0.19767436385154724, 0.792862057685852, 0.07477124035358429)","(0.21916940808296204, 0.7609302401542664, 0.12627142667770386)","(0.23851241171360016, 0.7957823872566223, 0.1470317393541336)","(0.2443370223045349, 0.8232325911521912, 0.15464913845062256)","(0.17431166768074036, 0.8319405317306519, 0.08780938386917114)","(0.1791854053735733, 0.7810196280479431, 0.12850719690322876)","(0.19500839710235596, 0.7957326173782349, 0.14875271916389465)","(0.20766428112983704, 0.8183691501617432, 0.1608869880437851)",Reach
1705,"(0.24328455328941345, 0.999829113483429, -1.3432243406441557e-07)","(0.3015679121017456, 0.9304737448692322, 0.03385242447257042)","(0.31637120246887207, 0.8547332882881165, 0.06664338707923889)","(0.3072355091571808, 0.7905570268630981, 0.09900964051485062)","(0.3173559010028839, 0.7468936443328857, 0.13313758373260498)","(0.26567161083221436, 0.7470222115516663, 0.05996399000287056)","(0.2771374583244324, 0.6933688521385193, 0.10270790755748749)","(0.2936088740825653, 0.7043906450271606, 0.12940707802772522)","(0.3055441975593567, 0.725918173789978, 0.14692318439483643)","(0.22542716562747955, 0.7631646394729614, 0.06502047926187515)","(0.24992313981056213, 0.7264106273651123, 0.11498024314641953)","(0.27039602398872375, 0.7551770210266113, 0.13726811110973358)","(0.2781943678855896, 0.7837978601455688, 0.14858655631542206)","(0.19699855148792267, 0.7965478301048279, 0.07382658869028091)","(0.22091536223888397, 0.7626532912254333, 0.1164412572979927)","(0.2403189092874527, 0.7966629862785339, 0.12824003398418427)","(0.24723394215106964, 0.8246744871139526, 0.13113294541835785)","(0.17412306368350983, 0.8364617824554443, 0.08599283546209335)","(0.17931634187698364, 0.783001184463501, 0.12003931403160095)","(0.1950329840183258, 0.7982462048530579, 0.13504162430763245)","(0.20781822502613068, 0.8217263221740723, 0.14385581016540527)",Reach
1706,"(0.24482285976409912, 1.0045604705810547, -1.5387480800654885e-07)","(0.3040890693664551, 0.9324389696121216, 0.03617793321609497)","(0.31860780715942383, 0.8581236004829407, 0.06900101155042648)","(0.30947521328926086, 0.7935116291046143, 0.10162008553743362)","(0.3195892870426178, 0.749891459941864, 0.13635039329528809)","(0.270009845495224, 0.75218266248703, 0.056001536548137665)","(0.28000059723854065, 0.6984923481941223, 0.10037608444690704)","(0.2950735092163086, 0.7096453905105591, 0.13120567798614502)","(0.306670218706131, 0.7326479554176331, 0.1519947201013565)","(0.22942616045475006, 0.767966628074646, 0.06174584478139877)","(0.2525314688682556, 0.7286269068717957, 0.11458128690719604)","(0.27225154638290405, 0.7591900825500488, 0.1436074674129486)","(0.2791503071784973, 0.7852540016174316, 0.16004562377929688)","(0.20047703385353088, 0.7997963428497314, 0.07178866118192673)","(0.22416086494922638, 0.7653741836547852, 0.11844681948423386)","(0.24398501217365265, 0.7995598316192627, 0.13701418042182922)","(0.2502640187740326, 0.82792729139328, 0.1442098319530487)","(0.17711786925792694, 0.8374888896942139, 0.0851522907614708)","(0.18318186700344086, 0.7870153188705444, 0.12254582345485687)","(0.19933262467384338, 0.8029844760894775, 0.14107081294059753)","(0.212153822183609, 0.8265133500099182, 0.1525060534477234)",Reach
1707,"(0.24691227078437805, 1.006942629814148, -1.7901361104577518e-07)","(0.3070254325866699, 0.9346959590911865, 0.037857748568058014)","(0.32054635882377625, 0.8611693382263184, 0.07291494309902191)","(0.311654269695282, 0.7988619804382324, 0.10845090448856354)","(0.32094061374664307, 0.7567535042762756, 0.14583203196525574)","(0.27231159806251526, 0.7537499666213989, 0.054712653160095215)","(0.28283363580703735, 0.7035304307937622, 0.10211427509784698)","(0.29858964681625366, 0.7150698900222778, 0.13382606208324432)","(0.31057673692703247, 0.7358255386352539, 0.15427009761333466)","(0.23233436048030853, 0.7707771062850952, 0.06081855297088623)","(0.2565426826477051, 0.7329874634742737, 0.11757557094097137)","(0.27629995346069336, 0.7647885680198669, 0.14644700288772583)","(0.2830371558666229, 0.7907714247703552, 0.16093476116657257)","(0.20346598327159882, 0.8032045364379883, 0.0718776062130928)","(0.22861039638519287, 0.7707579731941223, 0.12218934297561646)","(0.24851161241531372, 0.8076425194740295, 0.13876408338546753)","(0.2545207738876343, 0.8361355662345886, 0.14260949194431305)","(0.18040640652179718, 0.8396310806274414, 0.0865105614066124)","(0.18860365450382233, 0.7904406785964966, 0.12559053301811218)","(0.2056778222322464, 0.8080931901931763, 0.14257732033729553)","(0.21840345859527588, 0.8329623341560364, 0.15149684250354767)",Reach
1708,"(0.2507893741130829, 1.0065712928771973, -1.246278173994142e-07)","(0.31113582849502563, 0.9361431002616882, 0.037575479596853256)","(0.3250051736831665, 0.8622490763664246, 0.07148546725511551)","(0.31673353910446167, 0.7978490591049194, 0.10423953831195831)","(0.3287999927997589, 0.7560300827026367, 0.13833412528038025)","(0.2758342921733856, 0.7570631504058838, 0.06300125271081924)","(0.28730106353759766, 0.7070102691650391, 0.10915075242519379)","(0.303168922662735, 0.7196649312973022, 0.13837449252605438)","(0.3149174451828003, 0.7419746518135071, 0.15739765763282776)","(0.2350560575723648, 0.7720316648483276, 0.06810437887907028)","(0.26024869084358215, 0.7374104261398315, 0.12231600284576416)","(0.2803284227848053, 0.7688387632369995, 0.14752404391765594)","(0.2876335382461548, 0.7965565919876099, 0.1605343520641327)","(0.20638075470924377, 0.8034589290618896, 0.0775403156876564)","(0.23204423487186432, 0.7746802568435669, 0.12597431242465973)","(0.25186195969581604, 0.8108270168304443, 0.14017412066459656)","(0.2586311101913452, 0.8401051759719849, 0.1434507817029953)","(0.1832488775253296, 0.8401216268539429, 0.09035202860832214)","(0.1919681429862976, 0.7940422892570496, 0.1298258751630783)","(0.2082805335521698, 0.8108108639717102, 0.14665985107421875)","(0.22165577113628387, 0.8349934816360474, 0.15576447546482086)",Reach
1709,"(0.25381430983543396, 1.0036394596099854, -1.1716169012743194e-07)","(0.3144705593585968, 0.9341212511062622, 0.039698705077171326)","(0.328464150428772, 0.8636267781257629, 0.07350103557109833)","(0.3220810294151306, 0.8021315336227417, 0.10619796812534332)","(0.33165398240089417, 0.7594548463821411, 0.14065012335777283)","(0.2803112864494324, 0.7593724727630615, 0.06018334627151489)","(0.2899512052536011, 0.7099396586418152, 0.10745198279619217)","(0.30470412969589233, 0.7205378413200378, 0.14098453521728516)","(0.315899133682251, 0.7438416481018066, 0.16349200904369354)","(0.24083635210990906, 0.7732347846031189, 0.06503129005432129)","(0.26369285583496094, 0.738041877746582, 0.12094432860612869)","(0.28268757462501526, 0.7696733474731445, 0.15270231664180756)","(0.28916633129119873, 0.794286847114563, 0.1707693189382553)","(0.21248511970043182, 0.8030241131782532, 0.07442186772823334)","(0.23551638424396515, 0.7740563154220581, 0.1249273419380188)","(0.2548876106739044, 0.8081607222557068, 0.14455994963645935)","(0.2616282105445862, 0.8354684114456177, 0.15150701999664307)","(0.18882352113723755, 0.8389683365821838, 0.08722182363271713)","(0.1974605768918991, 0.795871913433075, 0.12762653827667236)","(0.21281135082244873, 0.8135755658149719, 0.146436870098114)","(0.22508910298347473, 0.8385807275772095, 0.15725228190422058)",Reach
1710,"(0.25867170095443726, 0.999090313911438, -7.763924259052146e-08)","(0.31742972135543823, 0.9331670999526978, 0.03899974003434181)","(0.33113613724708557, 0.8633477091789246, 0.0737905353307724)","(0.32423651218414307, 0.8036786317825317, 0.10696852207183838)","(0.33297544717788696, 0.7612395882606506, 0.14184294641017914)","(0.2826923131942749, 0.7585603594779968, 0.06914244592189789)","(0.29210907220840454, 0.7103246450424194, 0.11510695517063141)","(0.3077862560749054, 0.7224502563476562, 0.1448071002960205)","(0.31905630230903625, 0.7473776340484619, 0.16507335007190704)","(0.24348516762256622, 0.7734665870666504, 0.07455313205718994)","(0.26505953073501587, 0.7396775484085083, 0.12897861003875732)","(0.28444352746009827, 0.7667504549026489, 0.15650328993797302)","(0.29256245493888855, 0.7926045656204224, 0.1724405288696289)","(0.21572887897491455, 0.8039636611938477, 0.08373244851827621)","(0.2388199120759964, 0.7774903178215027, 0.1327032446861267)","(0.25757119059562683, 0.8080082535743713, 0.14955827593803406)","(0.2653893232345581, 0.8346949219703674, 0.1558726280927658)","(0.19223031401634216, 0.8406915664672852, 0.09615405648946762)","(0.2002391219139099, 0.8000909090042114, 0.13602936267852783)","(0.21511994302272797, 0.8149051666259766, 0.15378984808921814)","(0.22869253158569336, 0.8367518186569214, 0.1645006388425827)",Reach
1711,"(0.25940269231796265, 0.995212733745575, -9.447918358773677e-08)","(0.31920284032821655, 0.9298763871192932, 0.040393438190221786)","(0.332209050655365, 0.86310213804245, 0.07649233937263489)","(0.32615604996681213, 0.8065189719200134, 0.1108020544052124)","(0.3345911502838135, 0.7654482126235962, 0.14680315554141998)","(0.2849957346916199, 0.75852370262146, 0.07108299434185028)","(0.2942410409450531, 0.7121555209159851, 0.11711925268173218)","(0.309471070766449, 0.723682701587677, 0.14689797163009644)","(0.32074013352394104, 0.7481092214584351, 0.1674049198627472)","(0.24591362476348877, 0.7733624577522278, 0.07682773470878601)","(0.2681572437286377, 0.7416045665740967, 0.132454976439476)","(0.2868803143501282, 0.7693784236907959, 0.16102595627307892)","(0.2943609058856964, 0.7939638495445251, 0.17768897116184235)","(0.2182750403881073, 0.8039327263832092, 0.08632092922925949)","(0.24255509674549103, 0.7803729176521301, 0.13649813830852509)","(0.2609623372554779, 0.8107622861862183, 0.15384066104888916)","(0.26851391792297363, 0.8369911909103394, 0.1605069488286972)","(0.19517916440963745, 0.840884268283844, 0.09911058843135834)","(0.2041512429714203, 0.8043440580368042, 0.13965186476707458)","(0.21966522932052612, 0.818124532699585, 0.15745387971401215)","(0.23399144411087036, 0.8389446139335632, 0.1683211475610733)",Reach
1712,"(0.25835248827934265, 0.9993079900741577, -7.70292274410167e-08)","(0.32117676734924316, 0.9291746616363525, 0.041476957499980927)","(0.33447355031967163, 0.8610323667526245, 0.07815297693014145)","(0.3283698856830597, 0.8060566782951355, 0.11374916881322861)","(0.33401596546173096, 0.7631984949111938, 0.15098582208156586)","(0.28764718770980835, 0.7570345997810364, 0.07028836011886597)","(0.29833829402923584, 0.7155091166496277, 0.12141717970371246)","(0.31308478116989136, 0.7297333478927612, 0.15535379946231842)","(0.32319343090057373, 0.7534083127975464, 0.17818911373615265)","(0.2493637651205063, 0.7750720381736755, 0.07781777530908585)","(0.27128103375434875, 0.7427104115486145, 0.13935276865959167)","(0.29002296924591064, 0.7697815895080566, 0.17225146293640137)","(0.2969115972518921, 0.7934901118278503, 0.1910470426082611)","(0.22164231538772583, 0.8066155314445496, 0.08969457447528839)","(0.24494215846061707, 0.7805200815200806, 0.14555592834949493)","(0.2637682259082794, 0.81034916639328, 0.16588398814201355)","(0.2716287672519684, 0.837224543094635, 0.17343373596668243)","(0.1981532871723175, 0.8429127335548401, 0.10497773438692093)","(0.20620831847190857, 0.804622232913971, 0.14917856454849243)","(0.22178205847740173, 0.8150641322135925, 0.16833524405956268)","(0.23608343303203583, 0.833245575428009, 0.17947101593017578)",Reach
1713,"(0.26212525367736816, 1.0052882432937622, 2.2190802084764982e-08)","(0.32172223925590515, 0.9387812614440918, 0.037135932594537735)","(0.3365829885005951, 0.8661864399909973, 0.0714714303612709)","(0.32992810010910034, 0.8069493770599365, 0.1042395830154419)","(0.3360995650291443, 0.7627483606338501, 0.1388482004404068)","(0.2885204255580902, 0.7641081809997559, 0.07217027246952057)","(0.2972509562969208, 0.7189676761627197, 0.11813751608133316)","(0.31129276752471924, 0.7218189835548401, 0.1495436728000641)","(0.3230901062488556, 0.7424708008766174, 0.17224322259426117)","(0.24891513586044312, 0.7796042561531067, 0.07895011454820633)","(0.27020496129989624, 0.7448587417602539, 0.13408160209655762)","(0.2902296185493469, 0.762240469455719, 0.1653224378824234)","(0.29991477727890015, 0.7842568159103394, 0.18599721789360046)","(0.22109395265579224, 0.8086727857589722, 0.08860231935977936)","(0.24456608295440674, 0.7806273102760315, 0.1370958834886551)","(0.2643178701400757, 0.8060082197189331, 0.15738099813461304)","(0.2738323211669922, 0.8322808146476746, 0.16852568089962006)","(0.19714593887329102, 0.8449512720108032, 0.1010739728808403)","(0.20356500148773193, 0.8023642301559448, 0.14010079205036163)","(0.2188921868801117, 0.8085315227508545, 0.15893468260765076)","(0.2340569645166397, 0.8253850340843201, 0.17243295907974243)",Reach
1714,"(0.2622869312763214, 0.9981838464736938, -9.580876536574578e-08)","(0.323259174823761, 0.9320561289787292, 0.0433259978890419)","(0.33672305941581726, 0.8659360408782959, 0.07937976717948914)","(0.33002322912216187, 0.8086557388305664, 0.11362151056528091)","(0.33566218614578247, 0.7656252980232239, 0.14937306940555573)","(0.2939673364162445, 0.7632224559783936, 0.06826956570148468)","(0.3017292618751526, 0.7195688486099243, 0.11695537716150284)","(0.31481388211250305, 0.7262670397758484, 0.15062908828258514)","(0.325518935918808, 0.74592125415802, 0.1735924333333969)","(0.25469234585762024, 0.7774733901023865, 0.07296903431415558)","(0.27411264181137085, 0.7448816299438477, 0.13094837963581085)","(0.291461706161499, 0.7708472013473511, 0.16426442563533783)","(0.29802829027175903, 0.7921028137207031, 0.18405282497406006)","(0.22592252492904663, 0.8054261803627014, 0.08206288516521454)","(0.24768975377082825, 0.7789409756660461, 0.13454940915107727)","(0.2664374113082886, 0.8102655410766602, 0.1564469039440155)","(0.273602157831192, 0.8362337946891785, 0.16569392383098602)","(0.20162422955036163, 0.8386631011962891, 0.0946686863899231)","(0.20782944560050964, 0.7987026572227478, 0.13679097592830658)","(0.22204472124576569, 0.8119204640388489, 0.1571572870016098)","(0.23475554585456848, 0.8321681618690491, 0.1696295440196991)",Reach
1715,"(0.2665727138519287, 1.006829023361206, 4.9066180451973196e-08)","(0.32599297165870667, 0.9424329400062561, 0.032637834548950195)","(0.34017419815063477, 0.8685644268989563, 0.06426513940095901)","(0.333676278591156, 0.808382511138916, 0.09442674368619919)","(0.33904004096984863, 0.7615039944648743, 0.1261882185935974)","(0.29276785254478455, 0.7674300670623779, 0.06870335340499878)","(0.3026537001132965, 0.7215022444725037, 0.11316970735788345)","(0.31695806980133057, 0.7238826155662537, 0.14218923449516296)","(0.32871800661087036, 0.7433664202690125, 0.16242773830890656)","(0.25334247946739197, 0.7815961241722107, 0.0741475448012352)","(0.27525994181632996, 0.7485202550888062, 0.12579438090324402)","(0.2943650186061859, 0.7657696008682251, 0.15160396695137024)","(0.3044082522392273, 0.7889955639839172, 0.1677660495042801)","(0.22476452589035034, 0.8103129863739014, 0.08210929483175278)","(0.24903181195259094, 0.781038224697113, 0.12590539455413818)","(0.26755601167678833, 0.8078427314758301, 0.1414017230272293)","(0.276662141084671, 0.834784746170044, 0.14902642369270325)","(0.20081010460853577, 0.8464593887329102, 0.09263251721858978)","(0.20729626715183258, 0.800710916519165, 0.12769919633865356)","(0.22238506376743317, 0.8069849014282227, 0.14372417330741882)","(0.23717167973518372, 0.8236505389213562, 0.1548091024160385)",Grasp
1716,"(0.26694759726524353, 0.9972468614578247, -8.573723064841943e-09)","(0.32574114203453064, 0.9357914924621582, 0.034648068249225616)","(0.34063392877578735, 0.8679783344268799, 0.06666829437017441)","(0.3331894278526306, 0.8080803155899048, 0.09654125571250916)","(0.33884871006011963, 0.7638886570930481, 0.12799592316150665)","(0.2961558997631073, 0.7699664831161499, 0.06823208183050156)","(0.3044053018093109, 0.7206347584724426, 0.1108136847615242)","(0.3179713487625122, 0.7243509888648987, 0.13825908303260803)","(0.3292461335659027, 0.7428327202796936, 0.1572340428829193)","(0.2561955749988556, 0.7815234661102295, 0.0720873549580574)","(0.2770022451877594, 0.7458873987197876, 0.1212725043296814)","(0.29592716693878174, 0.7653576135635376, 0.14590246975421906)","(0.30555012822151184, 0.7894116044044495, 0.16102145612239838)","(0.22800907492637634, 0.8077824115753174, 0.07866843789815903)","(0.25088220834732056, 0.7776916027069092, 0.12181641161441803)","(0.26960331201553345, 0.8071300387382507, 0.13695743680000305)","(0.2778053283691406, 0.8335999250411987, 0.1436213254928589)","(0.2038905918598175, 0.8412045836448669, 0.08797798305749893)","(0.21116915345191956, 0.7971472144126892, 0.12398131936788559)","(0.22419700026512146, 0.812347412109375, 0.14111226797103882)","(0.236085444688797, 0.8347422480583191, 0.15221799910068512)",Grasp
1717,"(0.2680968642234802, 0.9996026754379272, -1.0081118162474922e-08)","(0.3270297050476074, 0.9405086040496826, 0.03447846323251724)","(0.3407507836818695, 0.8695597052574158, 0.06778039038181305)","(0.3331626355648041, 0.8109723329544067, 0.09922905266284943)","(0.33884763717651367, 0.7678065896034241, 0.13214537501335144)","(0.2963593900203705, 0.7677412033081055, 0.07125602662563324)","(0.30592694878578186, 0.7236022353172302, 0.11479496955871582)","(0.31931072473526, 0.7278412580490112, 0.14196482300758362)","(0.3301345109939575, 0.7471792101860046, 0.16081197559833527)","(0.25705772638320923, 0.7809257507324219, 0.0764259546995163)","(0.27818411588668823, 0.7494735717773438, 0.12797489762306213)","(0.29672181606292725, 0.768723726272583, 0.15282459557056427)","(0.3055453300476074, 0.7918887138366699, 0.1679428666830063)","(0.228441059589386, 0.808409571647644, 0.0841682106256485)","(0.25208425521850586, 0.7816031575202942, 0.12864966690540314)","(0.2704141438007355, 0.8098449110984802, 0.14387564361095428)","(0.2786182761192322, 0.8366154432296753, 0.15090440213680267)","(0.20446741580963135, 0.8437573313713074, 0.09455994516611099)","(0.21105068922042847, 0.8003416657447815, 0.13085508346557617)","(0.22573475539684296, 0.810221254825592, 0.1475895494222641)","(0.23971769213676453, 0.8292183876037598, 0.15873822569847107)",Grasp
1718,"(0.26596200466156006, 0.9975879192352295, -2.3129011594846816e-08)","(0.32623526453971863, 0.9376316070556641, 0.04038538411259651)","(0.3397524952888489, 0.8693873286247253, 0.07572856545448303)","(0.33284908533096313, 0.8133020997047424, 0.10878238826990128)","(0.33862295746803284, 0.7697787284851074, 0.14330491423606873)","(0.29856154322624207, 0.7681050896644592, 0.07252997905015945)","(0.30630823969841003, 0.724956750869751, 0.11916892230510712)","(0.3182545304298401, 0.7279531359672546, 0.15087150037288666)","(0.32843145728111267, 0.7448474764823914, 0.17312699556350708)","(0.25998416543006897, 0.780896008014679, 0.07700365781784058)","(0.278057724237442, 0.7477768659591675, 0.13191114366054535)","(0.2959153652191162, 0.7653396725654602, 0.16343051195144653)","(0.3043215274810791, 0.7848888039588928, 0.18364070355892181)","(0.231221005320549, 0.8077810406684875, 0.08474180102348328)","(0.25292009115219116, 0.7803652286529541, 0.13327956199645996)","(0.27155113220214844, 0.8087359070777893, 0.15409249067306519)","(0.27959465980529785, 0.8344196677207947, 0.16480056941509247)","(0.20614349842071533, 0.8418805003166199, 0.0955793634057045)","(0.2115284949541092, 0.798638641834259, 0.13500896096229553)","(0.22541671991348267, 0.8085417747497559, 0.15469707548618317)","(0.23861545324325562, 0.8275870084762573, 0.16803082823753357)",Grasp
1719,"(0.2678406238555908, 1.0056023597717285, 5.524220370034527e-08)","(0.3254671096801758, 0.9486688375473022, 0.033932026475667953)","(0.33984798192977905, 0.8734983205795288, 0.06514632701873779)","(0.33294951915740967, 0.8135133981704712, 0.09453830122947693)","(0.3375699818134308, 0.7675479054450989, 0.12532533705234528)","(0.2972595989704132, 0.7731387615203857, 0.06643397361040115)","(0.3065703511238098, 0.7270932793617249, 0.10874362289905548)","(0.319524347782135, 0.7265978455543518, 0.13760289549827576)","(0.33057302236557007, 0.743775486946106, 0.15848159790039062)","(0.2586953639984131, 0.7845224738121033, 0.07135332375764847)","(0.2782251238822937, 0.7500656247138977, 0.12257308512926102)","(0.2970125079154968, 0.7630720734596252, 0.15155720710754395)","(0.30681389570236206, 0.7834673523902893, 0.17069347202777863)","(0.22989420592784882, 0.8111306428909302, 0.07872681319713593)","(0.25250348448753357, 0.7807359099388123, 0.12224550545215607)","(0.27040261030197144, 0.8061410784721375, 0.14146843552589417)","(0.27874431014060974, 0.8328837752342224, 0.15249350666999817)","(0.2048414647579193, 0.8454844355583191, 0.08867170661687851)","(0.20890286564826965, 0.7957156300544739, 0.12322987616062164)","(0.22252796590328217, 0.7991823554039001, 0.1409558355808258)","(0.23641085624694824, 0.8152623176574707, 0.15413013100624084)",Grasp
1720,"(0.26813462376594543, 0.9976574778556824, 9.438979375886447e-09)","(0.3263757824897766, 0.9390565752983093, 0.035718344151973724)","(0.34065699577331543, 0.8707536458969116, 0.06894958764314651)","(0.33383938670158386, 0.8133940696716309, 0.10029871016740799)","(0.3392845690250397, 0.7700705528259277, 0.1336662769317627)","(0.2988416850566864, 0.768809974193573, 0.06917175650596619)","(0.30792129039764404, 0.7214788794517517, 0.11307316273450851)","(0.32066914439201355, 0.7262061834335327, 0.1433049589395523)","(0.331340491771698, 0.7453324794769287, 0.1647893488407135)","(0.2601042091846466, 0.780003547668457, 0.07371204346418381)","(0.27989205718040466, 0.7434048652648926, 0.12454285472631454)","(0.2989416718482971, 0.7599654197692871, 0.154196098446846)","(0.30862733721733093, 0.7809561491012573, 0.1739358752965927)","(0.23183968663215637, 0.8053351640701294, 0.08076131343841553)","(0.2551155984401703, 0.7745897769927979, 0.12421796470880508)","(0.2742619812488556, 0.8027589917182922, 0.14358729124069214)","(0.2829350531101227, 0.8284025192260742, 0.15461359918117523)","(0.20713943243026733, 0.8384563326835632, 0.09054604917764664)","(0.2129678726196289, 0.7910575270652771, 0.12582172453403473)","(0.22612495720386505, 0.802859365940094, 0.14434722065925598)","(0.23884223401546478, 0.8247516751289368, 0.15777941048145294)",Grasp
1721,"(0.2675781846046448, 1.0012133121490479, 9.498448250155889e-09)","(0.3265470266342163, 0.9440653324127197, 0.03231270611286163)","(0.3406928479671478, 0.8703327775001526, 0.06374003738164902)","(0.33351215720176697, 0.8111392855644226, 0.09388565272092819)","(0.3371550142765045, 0.7674229145050049, 0.12585729360580444)","(0.2982388734817505, 0.7676181793212891, 0.06466619670391083)","(0.30877530574798584, 0.722028374671936, 0.10832605510950089)","(0.3213319778442383, 0.7279859781265259, 0.13807758688926697)","(0.33089613914489746, 0.7480036616325378, 0.15893273055553436)","(0.25925007462501526, 0.7798284292221069, 0.07004258036613464)","(0.28117677569389343, 0.7453956604003906, 0.12076673656702042)","(0.29962995648384094, 0.7618180513381958, 0.1484716385602951)","(0.3083513677120209, 0.7829796075820923, 0.16623498499393463)","(0.23126913607120514, 0.8064281940460205, 0.07802293449640274)","(0.25604432821273804, 0.7748003005981445, 0.12068576365709305)","(0.27434268593788147, 0.803399920463562, 0.1382479965686798)","(0.2821599543094635, 0.8298385143280029, 0.14771698415279388)","(0.2077876627445221, 0.8395906090736389, 0.08862826228141785)","(0.21471509337425232, 0.7892682552337646, 0.12311749905347824)","(0.22774899005889893, 0.7984240055084229, 0.14062248170375824)","(0.24018247425556183, 0.8177636861801147, 0.15301108360290527)",Grasp
1722,"(0.267335444688797, 1.0019091367721558, -2.2831073920315248e-08)","(0.3258683383464813, 0.9462152123451233, 0.030238380655646324)","(0.3406141400337219, 0.8718757033348083, 0.05999451130628586)","(0.33356720209121704, 0.8107664585113525, 0.08850511908531189)","(0.33702677488327026, 0.7665252089500427, 0.11872527003288269)","(0.29949793219566345, 0.7715156078338623, 0.059616170823574066)","(0.3096666932106018, 0.7208697199821472, 0.10103865712881088)","(0.3224049210548401, 0.7283182740211487, 0.1292761266231537)","(0.3313525319099426, 0.7494836449623108, 0.14880895614624023)","(0.26063165068626404, 0.7804532647132874, 0.0642884373664856)","(0.2824169397354126, 0.7426151037216187, 0.11227233707904816)","(0.3006332814693451, 0.7636969685554504, 0.13734181225299835)","(0.30799296498298645, 0.7877480983734131, 0.1527402549982071)","(0.23269151151180267, 0.8055330514907837, 0.07158519327640533)","(0.2571154832839966, 0.7720820307731628, 0.11171626299619675)","(0.275078147649765, 0.8040512204170227, 0.1263667345046997)","(0.28150004148483276, 0.8314398527145386, 0.13321377336978912)","(0.2097846418619156, 0.8367533683776855, 0.08154688775539398)","(0.21690155565738678, 0.7833954095840454, 0.11400490999221802)","(0.22945904731750488, 0.7964354753494263, 0.1299469769001007)","(0.24044862389564514, 0.8182129263877869, 0.14062808454036713)",Grasp
1723,"(0.269727498292923, 1.005049228668213, -5.561759053307469e-08)","(0.3253912627696991, 0.9500311017036438, 0.025031736120581627)","(0.34033694863319397, 0.8729590177536011, 0.052869513630867004)","(0.3332047760486603, 0.8091437220573425, 0.08084449917078018)","(0.33766084909439087, 0.7663045525550842, 0.11084537953138351)","(0.2999134063720703, 0.7701558470726013, 0.05054260790348053)","(0.31000369787216187, 0.7187305092811584, 0.08936343342065811)","(0.32320937514305115, 0.7291625142097473, 0.1150028258562088)","(0.332354336977005, 0.7505255937576294, 0.13199223577976227)","(0.26115164160728455, 0.7787238359451294, 0.05604047700762749)","(0.2830665409564972, 0.742764413356781, 0.10085975378751755)","(0.3003450632095337, 0.7654585838317871, 0.12170854955911636)","(0.30727458000183105, 0.7897146940231323, 0.1329113245010376)","(0.2330278903245926, 0.8050692081451416, 0.06410937756299973)","(0.25747916102409363, 0.7719910144805908, 0.09984669834375381)","(0.27396488189697266, 0.804555356502533, 0.10970322042703629)","(0.2793731093406677, 0.8325074911117554, 0.11270057410001755)","(0.21040651202201843, 0.8363620042800903, 0.07471629977226257)","(0.21729210019111633, 0.7829526662826538, 0.1023789718747139)","(0.23057693243026733, 0.7965039014816284, 0.11433093994855881)","(0.24201282858848572, 0.8185150027275085, 0.12178724259138107)",Grasp
1724,"(0.2686036229133606, 1.0073227882385254, -1.183221201017659e-07)","(0.3260577321052551, 0.9446981549263, 0.030739691108465195)","(0.33888328075408936, 0.8719431757926941, 0.06207147613167763)","(0.3328462243080139, 0.8113489151000977, 0.09404879063367844)","(0.33699971437454224, 0.7682205438613892, 0.1282946914434433)","(0.3001450300216675, 0.7679421901702881, 0.05038600414991379)","(0.31083711981773376, 0.7186982035636902, 0.09457409381866455)","(0.32402244210243225, 0.7322220802307129, 0.1258143037557602)","(0.3329446017742157, 0.7539405226707458, 0.14653512835502625)","(0.2619193494319916, 0.7792267799377441, 0.056530848145484924)","(0.2842806577682495, 0.7414134740829468, 0.10733246058225632)","(0.3013211190700531, 0.7682763338088989, 0.134369358420372)","(0.3069152235984802, 0.7930339574813843, 0.14938630163669586)","(0.23369336128234863, 0.8060733675956726, 0.06645436584949493)","(0.25783178210258484, 0.771256148815155, 0.10887712240219116)","(0.2749231159687042, 0.8059557676315308, 0.12351621687412262)","(0.27966490387916565, 0.8328595161437988, 0.1286139041185379)","(0.21111498773097992, 0.8371687531471252, 0.07944489270448685)","(0.21723562479019165, 0.7825537323951721, 0.11200408637523651)","(0.23152627050876617, 0.7962866425514221, 0.12687179446220398)","(0.2431172877550125, 0.8179244995117188, 0.13585713505744934)",Grasp
1725,"(0.269557923078537, 1.0113112926483154, -1.507847713355659e-07)","(0.32476189732551575, 0.9511467218399048, 0.026345746591687202)","(0.33858799934387207, 0.8739438056945801, 0.05481431260704994)","(0.3325204849243164, 0.8095639944076538, 0.08401452004909515)","(0.3386172652244568, 0.7681481242179871, 0.11541345715522766)","(0.2998616397380829, 0.7670275568962097, 0.04630918800830841)","(0.31075403094291687, 0.7161175012588501, 0.08494574576616287)","(0.3244412839412689, 0.7346416711807251, 0.10946229100227356)","(0.3328169584274292, 0.7570009827613831, 0.12493114918470383)","(0.2612309753894806, 0.7770174741744995, 0.05127246305346489)","(0.28467249870300293, 0.740837574005127, 0.0956890806555748)","(0.30130845308303833, 0.7708818912506104, 0.11416894197463989)","(0.30628570914268494, 0.7988225817680359, 0.12244448810815811)","(0.23255011439323425, 0.805204451084137, 0.05959760770201683)","(0.2575666308403015, 0.7696534991264343, 0.09525547921657562)","(0.27315545082092285, 0.8066360354423523, 0.1025882288813591)","(0.27683910727500916, 0.8360926508903503, 0.10257773101329803)","(0.2100743055343628, 0.8371053338050842, 0.0708906427025795)","(0.2163086235523224, 0.7796212434768677, 0.09802751243114471)","(0.23030202090740204, 0.7961598038673401, 0.1085960865020752)","(0.2414453774690628, 0.8200348019599915, 0.11419335007667542)",Grasp
1726,"(0.26806506514549255, 1.0139803886413574, -1.6845866923631547e-07)","(0.3244701325893402, 0.9494346976280212, 0.03135751932859421)","(0.33780938386917114, 0.8733764886856079, 0.061738647520542145)","(0.33223068714141846, 0.8096627593040466, 0.09267137199640274)","(0.3373260498046875, 0.7675096988677979, 0.12573061883449554)","(0.3001016080379486, 0.7681904435157776, 0.04675910249352455)","(0.310141384601593, 0.7175958156585693, 0.08886631578207016)","(0.3237135410308838, 0.7327314019203186, 0.11761991679668427)","(0.3326762020587921, 0.7535076141357422, 0.13617905974388123)","(0.2608916163444519, 0.7786924839019775, 0.051554225385189056)","(0.284736692905426, 0.7426072359085083, 0.10091085731983185)","(0.30113181471824646, 0.773529052734375, 0.12550269067287445)","(0.305488646030426, 0.8004226684570312, 0.13794399797916412)","(0.23176230490207672, 0.8061295747756958, 0.060511693358421326)","(0.2565173804759979, 0.7695304751396179, 0.1019342690706253)","(0.27277129888534546, 0.80677330493927, 0.11533962190151215)","(0.27641281485557556, 0.835303008556366, 0.11876771599054337)","(0.2088744342327118, 0.8370832800865173, 0.07268771529197693)","(0.21558593213558197, 0.7796363830566406, 0.10433379560709)","(0.23006488382816315, 0.7937406301498413, 0.11863688379526138)","(0.24134349822998047, 0.8151489496231079, 0.12678846716880798)",Grasp
1727,"(0.27034205198287964, 1.0193376541137695, -1.7599312229776842e-07)","(0.3243171274662018, 0.954594612121582, 0.026880325749516487)","(0.3377228379249573, 0.8752687573432922, 0.05459209531545639)","(0.33239588141441345, 0.8101966381072998, 0.08378905057907104)","(0.3381025493144989, 0.76833176612854, 0.11524907499551773)","(0.3002889156341553, 0.7698990106582642, 0.03806762769818306)","(0.3102189004421234, 0.7166205644607544, 0.0773414596915245)","(0.32394567131996155, 0.731987476348877, 0.10419870167970657)","(0.3328893780708313, 0.7529599666595459, 0.12116118520498276)","(0.26135557889938354, 0.7801952362060547, 0.04316241666674614)","(0.28453972935676575, 0.7412729859352112, 0.08884938806295395)","(0.3005329370498657, 0.7719796299934387, 0.11026264727115631)","(0.3051033020019531, 0.7996636629104614, 0.11995287239551544)","(0.2320915013551712, 0.8080713152885437, 0.052383601665496826)","(0.25646737217903137, 0.7682992815971375, 0.08967778831720352)","(0.2717185318470001, 0.8055824041366577, 0.0995820015668869)","(0.27467024326324463, 0.8354052305221558, 0.10038548707962036)","(0.2097073793411255, 0.8386351466178894, 0.06468832492828369)","(0.21449129283428192, 0.7788077592849731, 0.09233727306127548)","(0.22906509041786194, 0.7922594547271729, 0.10361109673976898)","(0.24025064706802368, 0.8141072988510132, 0.10940760374069214)",Grasp
1728,"(0.26948145031929016, 1.0205793380737305, -1.5938741171339643e-07)","(0.3237152695655823, 0.9576236009597778, 0.022289033979177475)","(0.3380041718482971, 0.8768344521522522, 0.04591987654566765)","(0.3329147398471832, 0.8091658353805542, 0.07072936743497849)","(0.3400927484035492, 0.7670341730117798, 0.09744913130998611)","(0.2998739778995514, 0.7733618021011353, 0.03242897242307663)","(0.30958589911460876, 0.7159554958343506, 0.06545949727296829)","(0.3240605890750885, 0.7310143113136292, 0.08713869005441666)","(0.3330387473106384, 0.7522240281105042, 0.10062280297279358)","(0.26087912917137146, 0.7827258110046387, 0.03651624545454979)","(0.28437677025794983, 0.7401476502418518, 0.07526477426290512)","(0.30114519596099854, 0.7699989676475525, 0.09125413000583649)","(0.30613240599632263, 0.7973751425743103, 0.097327820956707)","(0.23146267235279083, 0.8100691437721252, 0.04424557462334633)","(0.2560552656650543, 0.766995370388031, 0.07506012171506882)","(0.2716078758239746, 0.8037961721420288, 0.08106256276369095)","(0.2745480537414551, 0.834658145904541, 0.07970692962408066)","(0.20900896191596985, 0.840764045715332, 0.05482693016529083)","(0.2133849859237671, 0.7765990495681763, 0.07761894166469574)","(0.2278103232383728, 0.7920230031013489, 0.08699505776166916)","(0.23849251866340637, 0.8165448904037476, 0.09168273210525513)",Grasp
1729,"(0.2681390643119812, 1.021695613861084, -1.5165940681072243e-07)","(0.32256028056144714, 0.9578561186790466, 0.02558126486837864)","(0.3371198773384094, 0.878247082233429, 0.05152730271220207)","(0.3320394456386566, 0.8113763332366943, 0.07888878881931305)","(0.3401990234851837, 0.7689391374588013, 0.10851318389177322)","(0.29910749197006226, 0.7777084708213806, 0.03412305563688278)","(0.3095510005950928, 0.7188104391098022, 0.06999049335718155)","(0.3243059515953064, 0.7311608791351318, 0.09523461014032364)","(0.33343103528022766, 0.7515774369239807, 0.11164961010217667)","(0.26050180196762085, 0.7867844104766846, 0.03927156701683998)","(0.2843485474586487, 0.7399775981903076, 0.08152467757463455)","(0.30245694518089294, 0.7672243118286133, 0.10233835875988007)","(0.3075804114341736, 0.7932633757591248, 0.1122303232550621)","(0.23181334137916565, 0.8125208020210266, 0.048524871468544006)","(0.25611916184425354, 0.7680433988571167, 0.08385990560054779)","(0.2730073928833008, 0.8034452199935913, 0.09452645480632782)","(0.27635690569877625, 0.832610547542572, 0.09633324295282364)","(0.20939135551452637, 0.8410282135009766, 0.06077481433749199)","(0.21519644558429718, 0.7774916291236877, 0.08770706504583359)","(0.22954703867435455, 0.7931904196739197, 0.10006922483444214)","(0.23975127935409546, 0.817319929599762, 0.10696183145046234)",Grasp
1730,"(0.2688060700893402, 1.027469515800476, -1.2496299461872695e-07)","(0.32238858938217163, 0.9626489877700806, 0.02264370024204254)","(0.33682990074157715, 0.8800017237663269, 0.046026237308979034)","(0.3316763937473297, 0.8117009401321411, 0.07121547311544418)","(0.3406832814216614, 0.7700397372245789, 0.09849318861961365)","(0.2964058816432953, 0.7794888615608215, 0.028574978932738304)","(0.3092411756515503, 0.7194716930389404, 0.061530496925115585)","(0.3245215117931366, 0.7298197746276855, 0.08419297635555267)","(0.334100604057312, 0.748369038105011, 0.09866137057542801)","(0.2585773169994354, 0.7882758975028992, 0.03360816836357117)","(0.2839878797531128, 0.7419007420539856, 0.07299172133207321)","(0.3022210896015167, 0.7675458192825317, 0.09115231037139893)","(0.3078862130641937, 0.7927998304367065, 0.09887199848890305)","(0.23064817488193512, 0.8154717683792114, 0.042729515582323074)","(0.25519537925720215, 0.7696559429168701, 0.07534993439912796)","(0.2718920111656189, 0.8025579452514648, 0.08404681831598282)","(0.2753869891166687, 0.8321788907051086, 0.08442898094654083)","(0.20938360691070557, 0.8461741805076599, 0.054696839302778244)","(0.21430259943008423, 0.7805981040000916, 0.07915056496858597)","(0.22949592769145966, 0.79262375831604, 0.08999998867511749)","(0.24040955305099487, 0.81556636095047, 0.09586870670318604)",Grasp
1731,"(0.2672056257724762, 1.0248332023620605, -9.546151602535247e-08)","(0.32238462567329407, 0.9571235775947571, 0.0239191222935915)","(0.336582213640213, 0.8777543306350708, 0.04875124245882034)","(0.33116403222084045, 0.8116443157196045, 0.07521047443151474)","(0.3402767777442932, 0.7694328427314758, 0.10368021577596664)","(0.2951734662055969, 0.7784762382507324, 0.032779186964035034)","(0.3086457848548889, 0.721687376499176, 0.06964832544326782)","(0.3238029479980469, 0.7307930588722229, 0.0957973375916481)","(0.33342617750167847, 0.7491322755813599, 0.11273058503866196)","(0.25754478573799133, 0.7889089584350586, 0.038637854158878326)","(0.2838515639305115, 0.7431936264038086, 0.08188376575708389)","(0.303214967250824, 0.7663909792900085, 0.10339166969060898)","(0.31001824140548706, 0.7895318865776062, 0.1135922521352768)","(0.23010584712028503, 0.816004753112793, 0.04857417941093445)","(0.2552984952926636, 0.7707455158233643, 0.08480659872293472)","(0.2745565176010132, 0.8034389019012451, 0.09607389569282532)","(0.2800139784812927, 0.8317397236824036, 0.09812171757221222)","(0.20842881500720978, 0.846211314201355, 0.06128910183906555)","(0.2145167589187622, 0.7823693752288818, 0.0889337807893753)","(0.23057249188423157, 0.794609010219574, 0.10193604975938797)","(0.24189473688602448, 0.8171523213386536, 0.10923217982053757)",Grasp
1732,"(0.26551908254623413, 1.0208549499511719, -3.254853098155763e-08)","(0.3223751187324524, 0.9546787142753601, 0.02463315613567829)","(0.33613353967666626, 0.8768355846405029, 0.0508648082613945)","(0.3305603265762329, 0.811264157295227, 0.07817605882883072)","(0.33973535895347595, 0.7689369320869446, 0.10751690715551376)","(0.29245853424072266, 0.7768436670303345, 0.04254744574427605)","(0.3065287172794342, 0.7232884764671326, 0.08208401501178741)","(0.32221636176109314, 0.7296680212020874, 0.10946715623140335)","(0.332600861787796, 0.7483064532279968, 0.12775328755378723)","(0.2539291977882385, 0.7887429594993591, 0.0495922788977623)","(0.2819405496120453, 0.7483285665512085, 0.09648281335830688)","(0.30228665471076965, 0.7691313624382019, 0.12026534974575043)","(0.31021398305892944, 0.7907146215438843, 0.13297876715660095)","(0.2276170402765274, 0.8170422315597534, 0.06008988246321678)","(0.2539309859275818, 0.7767813801765442, 0.09957734495401382)","(0.27337032556533813, 0.8073968291282654, 0.1126941442489624)","(0.280041366815567, 0.8338248133659363, 0.11681250482797623)","(0.2070203572511673, 0.8484929800033569, 0.07313980162143707)","(0.21517661213874817, 0.788910448551178, 0.10346890985965729)","(0.23038345575332642, 0.7975713610649109, 0.11766082793474197)","(0.24206607043743134, 0.8164559602737427, 0.12634824216365814)",Grasp
1733,"(0.2636885344982147, 1.0199238061904907, 1.2264193216537933e-08)","(0.3212898075580597, 0.9520828127861023, 0.02083750069141388)","(0.3347057104110718, 0.8729865550994873, 0.04538456350564957)","(0.32946842908859253, 0.8081755638122559, 0.07236654311418533)","(0.33920061588287354, 0.7664486765861511, 0.101499043405056)","(0.28791671991348267, 0.7753795981407166, 0.03424232825636864)","(0.3043232262134552, 0.725635290145874, 0.07468180358409882)","(0.32130199670791626, 0.7305154204368591, 0.10485249757766724)","(0.3333703279495239, 0.7487764954566956, 0.1253667175769806)","(0.24998629093170166, 0.7912793755531311, 0.04423171281814575)","(0.2796001434326172, 0.7506557106971741, 0.0930260494351387)","(0.30179646611213684, 0.7697544097900391, 0.12074022740125656)","(0.3112713396549225, 0.789097011089325, 0.13629385828971863)","(0.225304514169693, 0.8206854462623596, 0.05782812833786011)","(0.2524702548980713, 0.780867338180542, 0.09950415790081024)","(0.2736642062664032, 0.808778703212738, 0.11500617116689682)","(0.2816255986690521, 0.8336502313613892, 0.12052637338638306)","(0.20633715391159058, 0.8517987132072449, 0.07359661906957626)","(0.21728122234344482, 0.7948131561279297, 0.10517439991235733)","(0.23333381116390228, 0.8024853467941284, 0.11986605823040009)","(0.2448093146085739, 0.8205981850624084, 0.12885981798171997)",Grasp
1734,"(0.2622750997543335, 1.0192549228668213, 1.4211558152510406e-08)","(0.3211621344089508, 0.9473703503608704, 0.022674035280942917)","(0.3336208462715149, 0.870582640171051, 0.04928227886557579)","(0.32904380559921265, 0.8096210956573486, 0.07802714407444)","(0.3385329246520996, 0.7679012417793274, 0.1089492216706276)","(0.28527912497520447, 0.7735032439231873, 0.04071921855211258)","(0.3021450638771057, 0.7246793508529663, 0.08280415832996368)","(0.31957074999809265, 0.731301486492157, 0.11328655481338501)","(0.3323628902435303, 0.7514845132827759, 0.13432779908180237)","(0.2486603856086731, 0.7923314571380615, 0.051890406757593155)","(0.2775267958641052, 0.7535181045532227, 0.10401950776576996)","(0.299963116645813, 0.7727260589599609, 0.13300305604934692)","(0.3100486099720001, 0.7918551564216614, 0.14938373863697052)","(0.2253383994102478, 0.822441041469574, 0.06654047220945358)","(0.25125500559806824, 0.7855886816978455, 0.11207542568445206)","(0.2736872434616089, 0.81302410364151, 0.12886227667331696)","(0.2829876244068146, 0.8376927971839905, 0.13500209152698517)","(0.2065272331237793, 0.8543013334274292, 0.08328773826360703)","(0.21617642045021057, 0.7998809814453125, 0.11790800839662552)","(0.23194286227226257, 0.803250789642334, 0.13368506729602814)","(0.24387463927268982, 0.8175258636474609, 0.14332005381584167)",Grasp
1735,"(0.2595900297164917, 1.0164319276809692, 8.417754493450502e-09)","(0.32091471552848816, 0.941118597984314, 0.02477731555700302)","(0.33181053400039673, 0.8674696683883667, 0.05238066241145134)","(0.32706576585769653, 0.8084449172019958, 0.08221311867237091)","(0.33591216802597046, 0.7655110955238342, 0.11399521678686142)","(0.2847384512424469, 0.7716058492660522, 0.04146372526884079)","(0.3007967472076416, 0.7229093909263611, 0.08658896386623383)","(0.31842362880706787, 0.7299577593803406, 0.11903730034828186)","(0.33105093240737915, 0.7501990795135498, 0.14122353494167328)","(0.24870216846466064, 0.7915124893188477, 0.05423610284924507)","(0.27627086639404297, 0.7524076700210571, 0.11157173663377762)","(0.29809436202049255, 0.7725467681884766, 0.1429407000541687)","(0.30730941891670227, 0.7914549708366394, 0.15963934361934662)","(0.22562655806541443, 0.8221246004104614, 0.07105783373117447)","(0.25077226758003235, 0.7884950637817383, 0.12267626076936722)","(0.27273884415626526, 0.8180179595947266, 0.14034989476203918)","(0.281239777803421, 0.8429165482521057, 0.14524324238300323)","(0.20676958560943604, 0.8525074124336243, 0.09015471488237381)","(0.21758969128131866, 0.8034131526947021, 0.13003727793693542)","(0.23279160261154175, 0.8070276379585266, 0.1468154489994049)","(0.24357359111309052, 0.8200868368148804, 0.15569622814655304)",Grasp
1736,"(0.26007699966430664, 1.017940640449524, -3.30923888292034e-09)","(0.3206668198108673, 0.9431008100509644, 0.02419641613960266)","(0.33173274993896484, 0.8680816888809204, 0.050783921033144)","(0.32696977257728577, 0.8082756996154785, 0.08028645068407059)","(0.3362642228603363, 0.7648048996925354, 0.11199236661195755)","(0.28550592064857483, 0.7708855867385864, 0.035042956471443176)","(0.30122870206832886, 0.7226343154907227, 0.08094032108783722)","(0.3181879222393036, 0.7295357584953308, 0.11585158109664917)","(0.3308165669441223, 0.7502865791320801, 0.13962791860103607)","(0.2493477761745453, 0.7910791039466858, 0.04750172421336174)","(0.27666592597961426, 0.7513798475265503, 0.10575330257415771)","(0.2981998920440674, 0.773080587387085, 0.13923856616020203)","(0.30718764662742615, 0.7922250628471375, 0.157047837972641)","(0.22601737082004547, 0.8225560784339905, 0.06436081975698471)","(0.2506988048553467, 0.7876962423324585, 0.11627769470214844)","(0.27263978123664856, 0.817491352558136, 0.13403521478176117)","(0.28110161423683167, 0.842906653881073, 0.1384245604276657)","(0.20744997262954712, 0.8523371815681458, 0.0835728570818901)","(0.21969881653785706, 0.8054767847061157, 0.1227361410856247)","(0.23689082264900208, 0.8130822777748108, 0.1384468823671341)","(0.24823184311389923, 0.8306629061698914, 0.14642301201820374)",Grasp
1737,"(0.2619565427303314, 1.0161159038543701, -2.631944973074951e-08)","(0.321169376373291, 0.942841649055481, 0.024197405204176903)","(0.33201685547828674, 0.8676615953445435, 0.0509193129837513)","(0.3265162706375122, 0.8068706393241882, 0.0806608498096466)","(0.33692246675491333, 0.7662572264671326, 0.11260636150836945)","(0.2868577241897583, 0.7706099152565002, 0.03356064110994339)","(0.30253997445106506, 0.7205935716629028, 0.07725399732589722)","(0.31989413499832153, 0.7293393611907959, 0.10965991765260696)","(0.3324587345123291, 0.7507806420326233, 0.13172344863414764)","(0.25033238530158997, 0.7901067137718201, 0.04619106277823448)","(0.2785109281539917, 0.7491893172264099, 0.10274384170770645)","(0.30081334710121155, 0.7721676230430603, 0.13399054110050201)","(0.31025242805480957, 0.7925254106521606, 0.149880051612854)","(0.22705498337745667, 0.8213317394256592, 0.06330575793981552)","(0.2533137798309326, 0.7877196073532104, 0.11424704641103745)","(0.275407612323761, 0.8185032606124878, 0.12991541624069214)","(0.28409451246261597, 0.8445209264755249, 0.13267064094543457)","(0.2086387574672699, 0.8503719568252563, 0.08285313099622726)","(0.2220725417137146, 0.8051841855049133, 0.12177818268537521)","(0.23938429355621338, 0.8138589859008789, 0.13627056777477264)","(0.2514103651046753, 0.8311237692832947, 0.14301027357578278)",Grasp
1738,"(0.2601523995399475, 1.0159051418304443, -3.418012894940148e-08)","(0.320584237575531, 0.9444963335990906, 0.024948228150606155)","(0.33257007598876953, 0.8697871565818787, 0.05197639763355255)","(0.3264201581478119, 0.8095721006393433, 0.08172953128814697)","(0.3359869122505188, 0.7688663601875305, 0.1137455403804779)","(0.28880685567855835, 0.7717038989067078, 0.035050857812166214)","(0.30275779962539673, 0.7221063375473022, 0.07825860381126404)","(0.3195829689502716, 0.7297583818435669, 0.11104824393987656)","(0.33164548873901367, 0.750433087348938, 0.13363978266716003)","(0.2518104016780853, 0.7898929119110107, 0.047476258128881454)","(0.27891215682029724, 0.7487324476242065, 0.10248792171478271)","(0.30061137676239014, 0.7715840935707092, 0.1348424106836319)","(0.30902084708213806, 0.7914066314697266, 0.15264102816581726)","(0.22792454063892365, 0.8198946714401245, 0.06430483609437943)","(0.2539474368095398, 0.7854501605033875, 0.11386516690254211)","(0.27551349997520447, 0.8152092695236206, 0.13235792517662048)","(0.2835111916065216, 0.8406376242637634, 0.13834786415100098)","(0.2086826115846634, 0.8493070006370544, 0.08358250558376312)","(0.2210370898246765, 0.8012121915817261, 0.12186399102210999)","(0.23686352372169495, 0.807418704032898, 0.1383124440908432)","(0.24845285713672638, 0.8224667310714722, 0.14745430648326874)",Grasp
1739,"(0.26322153210639954, 1.022021770477295, -2.9402824619495505e-09)","(0.32034456729888916, 0.9533580541610718, 0.021518612280488014)","(0.33282262086868286, 0.8749160170555115, 0.04503156989812851)","(0.32599544525146484, 0.8106672763824463, 0.07215849310159683)","(0.3360652029514313, 0.7680818438529968, 0.10191997140645981)","(0.2886740565299988, 0.7780793309211731, 0.023562176153063774)","(0.3029192090034485, 0.7243553996086121, 0.0627504363656044)","(0.3199310302734375, 0.7285944223403931, 0.09489809721708298)","(0.33266404271125793, 0.7482900619506836, 0.11765020340681076)","(0.251215398311615, 0.7948135733604431, 0.03602856397628784)","(0.27877742052078247, 0.7493094205856323, 0.0868697538971901)","(0.30116498470306396, 0.7697449922561646, 0.1197408139705658)","(0.3103848397731781, 0.7888128757476807, 0.13856178522109985)","(0.22731703519821167, 0.8248834013938904, 0.052925605326890945)","(0.25432273745536804, 0.7873449921607971, 0.09858131408691406)","(0.27545416355133057, 0.8155693411827087, 0.11759986728429794)","(0.28310179710388184, 0.8419514894485474, 0.12468133866786957)","(0.20869404077529907, 0.8533278703689575, 0.07212871313095093)","(0.22245609760284424, 0.80377596616745, 0.10748347640037537)","(0.23892854154109955, 0.8120420575141907, 0.12320928275585175)","(0.2509409785270691, 0.8295469880104065, 0.13245853781700134)",Grasp
1740,"(0.26628002524375916, 1.0197463035583496, -1.0343509160293252e-08)","(0.3208753168582916, 0.9552105069160461, 0.025113601237535477)","(0.3340758681297302, 0.8784123063087463, 0.04735078662633896)","(0.3270651400089264, 0.8116210699081421, 0.07054048776626587)","(0.3362118601799011, 0.7664834856987, 0.09559599310159683)","(0.29197123646736145, 0.7834369540214539, 0.032215118408203125)","(0.3023180663585663, 0.7241635918617249, 0.06696916371583939)","(0.3191913962364197, 0.7281928062438965, 0.09452135115861893)","(0.3318276107311249, 0.7502487897872925, 0.11462993919849396)","(0.2540239989757538, 0.7961145043373108, 0.04078954458236694)","(0.2781606912612915, 0.7495971322059631, 0.08835991472005844)","(0.29975026845932007, 0.7722832560539246, 0.1190420538187027)","(0.3078812062740326, 0.7919787168502808, 0.13723722100257874)","(0.22870676219463348, 0.8235536217689514, 0.05316408723592758)","(0.2526921033859253, 0.785193920135498, 0.0962173342704773)","(0.27221253514289856, 0.8128345608711243, 0.11683900654315948)","(0.2786206305027008, 0.8397598266601562, 0.12586307525634766)","(0.20830723643302917, 0.8519454598426819, 0.06784554570913315)","(0.2185148447751999, 0.7993977665901184, 0.10147662460803986)","(0.2337951362133026, 0.8084720373153687, 0.11908970773220062)","(0.2453327775001526, 0.8269433975219727, 0.1305612474679947)",Grasp
1741,"(0.26407596468925476, 1.018523931503296, -4.6971631917358536e-08)","(0.3201526701450348, 0.9522312879562378, 0.024730537086725235)","(0.33305981755256653, 0.8778239488601685, 0.046172723174095154)","(0.3260382115840912, 0.8140610456466675, 0.06998728215694427)","(0.3342079520225525, 0.7671294808387756, 0.0954238772392273)","(0.29358983039855957, 0.7834419012069702, 0.02127090096473694)","(0.3032834529876709, 0.7262768745422363, 0.05894213169813156)","(0.3195657432079315, 0.7291862964630127, 0.09047206491231918)","(0.33185070753097534, 0.7502815127372742, 0.11280088871717453)","(0.2561153173446655, 0.798121452331543, 0.031185168772935867)","(0.2793595790863037, 0.7510706782341003, 0.08189202100038528)","(0.29939350485801697, 0.7762064933776855, 0.11525294929742813)","(0.3064361810684204, 0.796488344669342, 0.1337704211473465)","(0.23074960708618164, 0.8245350122451782, 0.04606262221932411)","(0.2544647753238678, 0.7860779166221619, 0.09262622147798538)","(0.2731419503688812, 0.8182306289672852, 0.11354008316993713)","(0.27809929847717285, 0.8463188409805298, 0.12069068104028702)","(0.2098645567893982, 0.8490049839019775, 0.06353987753391266)","(0.2204662710428238, 0.7980929613113403, 0.09908474236726761)","(0.23559537529945374, 0.8092037439346313, 0.11612341552972794)","(0.24614456295967102, 0.828343391418457, 0.125763401389122)",Grasp
1742,"(0.26422685384750366, 1.0263749361038208, -1.61670392628821e-08)","(0.3188398480415344, 0.9648317098617554, 0.019321560859680176)","(0.3323307931423187, 0.8847367167472839, 0.037948545068502426)","(0.32528817653656006, 0.815468966960907, 0.06012294813990593)","(0.3345969021320343, 0.7686823606491089, 0.08486144244670868)","(0.2935343086719513, 0.7912663817405701, 0.011960113421082497)","(0.30262792110443115, 0.7256331443786621, 0.044273506850004196)","(0.3189156651496887, 0.725775420665741, 0.07441764324903488)","(0.33174437284469604, 0.7475297451019287, 0.09689291566610336)","(0.2549285888671875, 0.8032341599464417, 0.023191869258880615)","(0.27948346734046936, 0.7504816055297852, 0.06804067641496658)","(0.2999739348888397, 0.7737309336662292, 0.10197079181671143)","(0.3074524700641632, 0.7934537529945374, 0.12280013412237167)","(0.2290693074464798, 0.8280174136161804, 0.038816291838884354)","(0.2540893256664276, 0.7825828790664673, 0.07990176230669022)","(0.2723748981952667, 0.8113108277320862, 0.10319910943508148)","(0.2773534059524536, 0.8390087485313416, 0.11411460489034653)","(0.20865850150585175, 0.8521326184272766, 0.05651669204235077)","(0.22136230766773224, 0.7975877523422241, 0.0883384644985199)","(0.23652485013008118, 0.8098904490470886, 0.1059373989701271)","(0.24706041812896729, 0.8304241299629211, 0.11762984097003937)",Grasp
1743,"(0.266436368227005, 1.0293176174163818, -1.8817619462652146e-08)","(0.3196686804294586, 0.9660390019416809, 0.01848939061164856)","(0.33321258425712585, 0.8833109736442566, 0.03674427419900894)","(0.32614123821258545, 0.8123888969421387, 0.058025624603033066)","(0.33509498834609985, 0.7644468545913696, 0.08179466426372528)","(0.29355311393737793, 0.793013870716095, 0.013536693528294563)","(0.3023807406425476, 0.7250364422798157, 0.044441383332014084)","(0.31896746158599854, 0.7248609662055969, 0.07271918654441833)","(0.3320005536079407, 0.7466180920600891, 0.09374000132083893)","(0.2543753385543823, 0.8043685555458069, 0.02336888201534748)","(0.27940234541893005, 0.7505213618278503, 0.06613413244485855)","(0.30044928193092346, 0.7736103534698486, 0.09679462015628815)","(0.30855491757392883, 0.7944239377975464, 0.11503919214010239)","(0.22825637459754944, 0.829048752784729, 0.0372510626912117)","(0.2546382546424866, 0.7826403975486755, 0.075921930372715)","(0.2738599479198456, 0.8114899396896362, 0.09616220742464066)","(0.27901527285575867, 0.8395642042160034, 0.10485132783651352)","(0.20761698484420776, 0.8539798259735107, 0.05313219502568245)","(0.22051243484020233, 0.797375500202179, 0.08325202018022537)","(0.23612231016159058, 0.8098427653312683, 0.09955528378486633)","(0.2466328889131546, 0.8308900594711304, 0.11006087809801102)",Grasp
1744,"(0.2652758061885834, 1.0296692848205566, -1.1691201784458372e-08)","(0.3183715343475342, 0.9680914282798767, 0.01781369559466839)","(0.33261042833328247, 0.8864143490791321, 0.03438527137041092)","(0.325816810131073, 0.8145141005516052, 0.05309207737445831)","(0.33660566806793213, 0.7655457258224487, 0.07387305796146393)","(0.29361221194267273, 0.7953318357467651, 0.01568860001862049)","(0.3023531436920166, 0.7249425649642944, 0.04508832469582558)","(0.3191656172275543, 0.7252515554428101, 0.07159814983606339)","(0.33182239532470703, 0.7476600408554077, 0.09152030199766159)","(0.25481489300727844, 0.8053823113441467, 0.024370824918150902)","(0.2792723774909973, 0.751228928565979, 0.06562147289514542)","(0.3003149926662445, 0.7737916707992554, 0.09408432990312576)","(0.3080536425113678, 0.7954597473144531, 0.1110306978225708)","(0.2286621630191803, 0.8295199275016785, 0.03680429980158806)","(0.2543611228466034, 0.7836928963661194, 0.07395052164793015)","(0.27331244945526123, 0.812168538570404, 0.09276258945465088)","(0.277774840593338, 0.8401147723197937, 0.10079328715801239)","(0.20769207179546356, 0.8544877767562866, 0.051163770258426666)","(0.21839860081672668, 0.7959913015365601, 0.08032108843326569)","(0.2339230626821518, 0.8068804740905762, 0.09648536145687103)","(0.24426940083503723, 0.8275233507156372, 0.10712980479001999)",Grasp
1745,"(0.2638646364212036, 1.0326813459396362, -9.67268931617582e-10)","(0.3166254460811615, 0.9756376147270203, 0.010997072793543339)","(0.3325890302658081, 0.8901503086090088, 0.02302282676100731)","(0.32503268122673035, 0.814141571521759, 0.03756656125187874)","(0.33544546365737915, 0.7655125856399536, 0.05415851250290871)","(0.29294461011886597, 0.8037257194519043, 0.007050905842334032)","(0.30090847611427307, 0.7235993146896362, 0.028451943770051003)","(0.3191337585449219, 0.7234909534454346, 0.048164576292037964)","(0.3325512707233429, 0.7468929290771484, 0.06312426179647446)","(0.25324955582618713, 0.8104135990142822, 0.014857134781777859)","(0.27892830967903137, 0.7527188062667847, 0.046642329543828964)","(0.29942822456359863, 0.7756573557853699, 0.06682119518518448)","(0.30687645077705383, 0.7990501523017883, 0.07749561220407486)","(0.22655658423900604, 0.8323421478271484, 0.02575395628809929)","(0.25387758016586304, 0.7825558185577393, 0.05480533838272095)","(0.27176856994628906, 0.8101530075073242, 0.06742452830076218)","(0.2756808400154114, 0.8390178084373474, 0.07092483341693878)","(0.20524552464485168, 0.8568329811096191, 0.03811892122030258)","(0.21861936151981354, 0.7974987030029297, 0.06138402968645096)","(0.2335951328277588, 0.8104063272476196, 0.07380145788192749)","(0.2422758936882019, 0.8328469395637512, 0.08119513094425201)",Grasp
1746,"(0.26128026843070984, 1.0355652570724487, -1.533766713635032e-08)","(0.31561335921287537, 0.9725553393363953, 0.016914324834942818)","(0.3311031758785248, 0.8910098075866699, 0.03427460789680481)","(0.32485994696617126, 0.8193567395210266, 0.05464743822813034)","(0.3342345654964447, 0.7683798670768738, 0.07748009264469147)","(0.2925648093223572, 0.8008409142494202, 0.013573634438216686)","(0.3017476499080658, 0.7264036536216736, 0.04324688762426376)","(0.31939059495925903, 0.7260209321975708, 0.07006121426820755)","(0.33237314224243164, 0.7470154762268066, 0.0901070088148117)","(0.25368404388427734, 0.8109267950057983, 0.02341041900217533)","(0.27836132049560547, 0.7518162727355957, 0.06344468146562576)","(0.2997019290924072, 0.7719645500183105, 0.09098058938980103)","(0.3080291152000427, 0.7931292653083801, 0.10727809369564056)","(0.22744227945804596, 0.833929717540741, 0.03716498240828514)","(0.25313064455986023, 0.7839885950088501, 0.07380380481481552)","(0.27299368381500244, 0.8118875026702881, 0.09177310019731522)","(0.27821770310401917, 0.8388957381248474, 0.0992203950881958)","(0.20542781054973602, 0.857743501663208, 0.05293063074350357)","(0.21655920147895813, 0.7975310683250427, 0.08244966715574265)","(0.23191535472869873, 0.8082695603370667, 0.09842947870492935)","(0.24208496510982513, 0.8283446431159973, 0.10865575075149536)",Grasp
1747,"(0.25995856523513794, 1.0412276983261108, -1.3543255406034405e-08)","(0.3130866289138794, 0.9843093752861023, 0.009699893184006214)","(0.3299497961997986, 0.8974301815032959, 0.020797505974769592)","(0.3236065208911896, 0.8205632567405701, 0.03455730155110359)","(0.33213233947753906, 0.7701948285102844, 0.0505640022456646)","(0.29233023524284363, 0.8086134195327759, 0.0038788735400885344)","(0.29871493577957153, 0.7226302623748779, 0.021611278876662254)","(0.31875666975975037, 0.7246209383010864, 0.03841878101229668)","(0.33284252882003784, 0.7498563528060913, 0.05169711634516716)","(0.2533034682273865, 0.8143801689147949, 0.011139730922877789)","(0.27747803926467896, 0.7509565949440002, 0.0386614128947258)","(0.2982545793056488, 0.7736204862594604, 0.056278083473443985)","(0.3056783378124237, 0.7987110018730164, 0.06546293199062347)","(0.2258482277393341, 0.8359306454658508, 0.02132558263838291)","(0.25218862295150757, 0.7831411361694336, 0.04687025398015976)","(0.26983198523521423, 0.8101155757904053, 0.05846945941448212)","(0.2736462652683258, 0.839812159538269, 0.06177410110831261)","(0.20369496941566467, 0.8609393835067749, 0.032886940985918045)","(0.21561889350414276, 0.7985890507698059, 0.053243689239025116)","(0.23050928115844727, 0.8096705079078674, 0.06467261910438538)","(0.23923729360103607, 0.8318474292755127, 0.07170738279819489)",Grasp
1748,"(0.26068606972694397, 1.0441079139709473, 2.3900210699423496e-09)","(0.31297850608825684, 0.9805640578269958, 0.012213453650474548)","(0.3297280967235565, 0.8949161767959595, 0.02480955980718136)","(0.3236343264579773, 0.8177521824836731, 0.04070466011762619)","(0.332027792930603, 0.7663140892982483, 0.05907410755753517)","(0.29114505648612976, 0.8072723150253296, 0.0036679233890026808)","(0.2992349863052368, 0.7251636385917664, 0.025856468826532364)","(0.318795382976532, 0.7225636839866638, 0.04706932231783867)","(0.333752304315567, 0.7452638745307922, 0.06345319747924805)","(0.25157204270362854, 0.8145047426223755, 0.012322546914219856)","(0.27826231718063354, 0.7525895833969116, 0.04456454887986183)","(0.29924312233924866, 0.7735610008239746, 0.06667619198560715)","(0.30800724029541016, 0.7973260879516602, 0.07902256399393082)","(0.2245430052280426, 0.8369550108909607, 0.02464660443365574)","(0.2514486610889435, 0.7850345969200134, 0.054780375212430954)","(0.2697977125644684, 0.8099685907363892, 0.06927777081727982)","(0.27532896399497986, 0.8382882475852966, 0.0742022916674614)","(0.202529639005661, 0.8610956072807312, 0.038625117391347885)","(0.21647673845291138, 0.8013456463813782, 0.062149278819561005)","(0.2315390706062317, 0.8109866976737976, 0.07483483850955963)","(0.2412358969449997, 0.8305405378341675, 0.08278640359640121)",Grasp
1749,"(0.26082611083984375, 1.040026068687439, 4.857420776716026e-08)","(0.3134079873561859, 0.9756661057472229, 0.015383243560791016)","(0.3295116424560547, 0.8936812281608582, 0.031143879517912865)","(0.3230440020561218, 0.8197194337844849, 0.0492861345410347)","(0.33308035135269165, 0.7678818702697754, 0.0698607861995697)","(0.28965145349502563, 0.8039742708206177, 0.016484137624502182)","(0.29870662093162537, 0.725193977355957, 0.042899515479803085)","(0.3177824318408966, 0.7242233753204346, 0.06582435220479965)","(0.3323315680027008, 0.7463926672935486, 0.0836816057562828)","(0.250067800283432, 0.8142883777618408, 0.026027344167232513)","(0.27604690194129944, 0.7520908713340759, 0.06323038786649704)","(0.2986927330493927, 0.7692629098892212, 0.0875624343752861)","(0.30853620171546936, 0.7895739078521729, 0.10215140134096146)","(0.22363850474357605, 0.8386806845664978, 0.03894985839724541)","(0.24989625811576843, 0.78680419921875, 0.073614701628685)","(0.2698403298854828, 0.810342013835907, 0.09042534977197647)","(0.2762742340564728, 0.8361575603485107, 0.0977274551987648)","(0.20150604844093323, 0.8644606471061707, 0.05357992276549339)","(0.2140233814716339, 0.8023502826690674, 0.08221299946308136)","(0.22944310307502747, 0.8100319504737854, 0.09821940213441849)","(0.24026644229888916, 0.8286799788475037, 0.10891834646463394)",Grasp
1750,"(0.258083313703537, 1.0364913940429688, 5.3736012972649405e-08)","(0.3128214180469513, 0.975056529045105, 0.016921890899538994)","(0.3291822373867035, 0.8953835368156433, 0.03383895754814148)","(0.3238937258720398, 0.8231142163276672, 0.052648626267910004)","(0.33475446701049805, 0.772549033164978, 0.07372800260782242)","(0.28993359208106995, 0.806196928024292, 0.020036442205309868)","(0.30006518959999084, 0.7265657782554626, 0.047049012035131454)","(0.3190383315086365, 0.7266016006469727, 0.07002107053995132)","(0.33263644576072693, 0.7481601238250732, 0.08767952769994736)","(0.25040268898010254, 0.8151499629020691, 0.028810976073145866)","(0.2766369581222534, 0.748731255531311, 0.06478153169155121)","(0.3003602921962738, 0.7652813792228699, 0.08781934529542923)","(0.310522198677063, 0.786780834197998, 0.10188587754964828)","(0.22386926412582397, 0.8381674289703369, 0.0410023033618927)","(0.2505231201648712, 0.7831007242202759, 0.07499173283576965)","(0.27120241522789, 0.8074118494987488, 0.09069462865591049)","(0.27789193391799927, 0.8335564136505127, 0.09750542789697647)","(0.20128172636032104, 0.8634295463562012, 0.05508551374077797)","(0.21392041444778442, 0.7999868392944336, 0.0840863287448883)","(0.22910833358764648, 0.8085867762565613, 0.09989067912101746)","(0.23985350131988525, 0.8277239799499512, 0.110282763838768)",Grasp
1751,"(0.2590329945087433, 1.0417184829711914, 5.459090601789285e-08)","(0.31246238946914673, 0.9811672568321228, 0.015517929568886757)","(0.3285754919052124, 0.8970106244087219, 0.030811432749032974)","(0.3234100043773651, 0.8225241303443909, 0.049181971698999405)","(0.3352866470813751, 0.7721338868141174, 0.0702117532491684)","(0.290615051984787, 0.8074603080749512, 0.009990660473704338)","(0.3009173274040222, 0.7296080589294434, 0.03743215650320053)","(0.3196278214454651, 0.729590892791748, 0.06426844000816345)","(0.3337098956108093, 0.7516331076622009, 0.08511366695165634)","(0.25107279419898987, 0.8155134916305542, 0.02036619372665882)","(0.2770635783672333, 0.751690685749054, 0.058221615850925446)","(0.3003435730934143, 0.7688624858856201, 0.0873805359005928)","(0.3102514445781708, 0.7894237637519836, 0.1062203049659729)","(0.22452865540981293, 0.8381722569465637, 0.03459911420941353)","(0.2506754994392395, 0.785576343536377, 0.07037263363599777)","(0.2712889313697815, 0.8091130256652832, 0.0912422239780426)","(0.2773083448410034, 0.8355626463890076, 0.10183661431074142)","(0.20172443985939026, 0.8622549176216125, 0.05057690292596817)","(0.215170219540596, 0.8027797937393188, 0.07969793677330017)","(0.2305271029472351, 0.8112475872039795, 0.09683047235012054)","(0.24076145887374878, 0.8297402262687683, 0.10896129161119461)",Grasp
1752,"(0.2578431963920593, 1.0434176921844482, 4.309064394192319e-08)","(0.3113675117492676, 0.9813228845596313, 0.015557454898953438)","(0.32742923498153687, 0.896332323551178, 0.030158737674355507)","(0.32299283146858215, 0.8213963508605957, 0.048543915152549744)","(0.3363642692565918, 0.7707551121711731, 0.06965228170156479)","(0.2907000780105591, 0.8097608685493469, 0.0016864942153915763)","(0.3011820912361145, 0.7308146357536316, 0.028145169839262962)","(0.3194979429244995, 0.7294535040855408, 0.056139227002859116)","(0.3337714672088623, 0.7504000663757324, 0.07805239409208298)","(0.2509407699108124, 0.8188002705574036, 0.012146780267357826)","(0.277358740568161, 0.7543275356292725, 0.049088843166828156)","(0.3007051646709442, 0.7703301310539246, 0.08043260872364044)","(0.3110325038433075, 0.7896409034729004, 0.1009499579668045)","(0.22418123483657837, 0.8401676416397095, 0.026996463537216187)","(0.2507157325744629, 0.7871187329292297, 0.06263814121484756)","(0.27171871066093445, 0.8105705976486206, 0.08567038178443909)","(0.27814164757728577, 0.8362451195716858, 0.09777714312076569)","(0.20139749348163605, 0.8625344634056091, 0.04365507513284683)","(0.21608063578605652, 0.8034614324569702, 0.0726417824625969)","(0.23180663585662842, 0.8129816055297852, 0.0906192809343338)","(0.24218741059303284, 0.8324706554412842, 0.10356517136096954)",Grasp
1753,"(0.25597700476646423, 1.0437253713607788, 5.223056476211241e-08)","(0.310453325510025, 0.9812232255935669, 0.01676023006439209)","(0.32698115706443787, 0.8964192867279053, 0.03199220076203346)","(0.32280927896499634, 0.8215581774711609, 0.050790250301361084)","(0.33709466457366943, 0.7716183662414551, 0.0721575915813446)","(0.2904489040374756, 0.807329535484314, 0.00412899861112237)","(0.30120742321014404, 0.7308468818664551, 0.03244461864233017)","(0.31926587224006653, 0.7302995920181274, 0.06169486418366432)","(0.3336223363876343, 0.7517717480659485, 0.08449948579072952)","(0.25063952803611755, 0.8158488869667053, 0.015161492861807346)","(0.27697721123695374, 0.7545481324195862, 0.05529170110821724)","(0.300270140171051, 0.7708357572555542, 0.0885595828294754)","(0.3108561635017395, 0.7895427942276001, 0.11016546934843063)","(0.2237926423549652, 0.8375940918922424, 0.03066352941095829)","(0.2504011392593384, 0.7884419560432434, 0.06930307298898697)","(0.27119407057762146, 0.8134153485298157, 0.09318333864212036)","(0.27758535742759705, 0.8399961590766907, 0.10547028481960297)","(0.20041389763355255, 0.8596534729003906, 0.04799485206604004)","(0.2162320613861084, 0.8048704266548157, 0.07915570586919785)","(0.231733500957489, 0.8156037926673889, 0.09752806276082993)","(0.2419801950454712, 0.8357381224632263, 0.11056641489267349)",Grasp
1754,"(0.2520422637462616, 1.0481592416763306, 1.9879108137388357e-08)","(0.3087141513824463, 0.9889570474624634, 0.01687307097017765)","(0.3266132175922394, 0.9024072885513306, 0.033021342009305954)","(0.32331693172454834, 0.8252589106559753, 0.05333821848034859)","(0.33647727966308594, 0.7724787592887878, 0.07642170041799545)","(0.2897777855396271, 0.8088955283164978, 0.0012191373389214277)","(0.3003573417663574, 0.7310916185379028, 0.030940109863877296)","(0.31818634271621704, 0.729796290397644, 0.061994194984436035)","(0.3321526348590851, 0.7502270936965942, 0.08537327498197556)","(0.24983960390090942, 0.815305769443512, 0.011756646446883678)","(0.27692103385925293, 0.7545305490493774, 0.050964321941137314)","(0.29952627420425415, 0.7731308937072754, 0.08453180640935898)","(0.3088597059249878, 0.7922952175140381, 0.10603590309619904)","(0.22247305512428284, 0.8360109329223633, 0.027090178802609444)","(0.2499561309814453, 0.785333514213562, 0.0635562464594841)","(0.269665002822876, 0.8123758435249329, 0.08772607147693634)","(0.27391156554222107, 0.8390469551086426, 0.10021200031042099)","(0.19912293553352356, 0.8583952784538269, 0.044471800327301025)","(0.21494662761688232, 0.7977854609489441, 0.07371222227811813)","(0.2291836440563202, 0.8122993111610413, 0.09212843328714371)","(0.2368060052394867, 0.8367701768875122, 0.10507293790578842)",Grasp
1755,"(0.24844226241111755, 1.0503602027893066, 6.249957351656121e-08)","(0.3048951029777527, 0.9969204068183899, 0.007604473736137152)","(0.32657867670059204, 0.9107184410095215, 0.01647777669131756)","(0.32243427634239197, 0.8291401267051697, 0.028915410861372948)","(0.33426642417907715, 0.7743859887123108, 0.04343767464160919)","(0.28859269618988037, 0.8151838779449463, -0.0031692194752395153)","(0.2973736822605133, 0.7275488376617432, 0.015879962593317032)","(0.3168393075466156, 0.7241523265838623, 0.03609650209546089)","(0.3313840627670288, 0.7460876107215881, 0.05201481655240059)","(0.2480711191892624, 0.8173782229423523, 0.005788018926978111)","(0.27545422315597534, 0.7517273426055908, 0.03450067713856697)","(0.29695218801498413, 0.7722797989845276, 0.05706040561199188)","(0.30492448806762695, 0.7951122522354126, 0.07035516947507858)","(0.2195337861776352, 0.8361588716506958, 0.01795227825641632)","(0.24809597432613373, 0.7815713882446289, 0.0447847917675972)","(0.26535844802856445, 0.8088105916976929, 0.060687024146318436)","(0.2680206596851349, 0.8373587131500244, 0.06735388189554214)","(0.19530637562274933, 0.8582216501235962, 0.03133384883403778)","(0.21195705235004425, 0.7937232851982117, 0.05354835465550423)","(0.22551608085632324, 0.8102271556854248, 0.06777123361825943)","(0.2315128743648529, 0.8367429375648499, 0.07707013189792633)",Grasp
1756,"(0.24905121326446533, 1.0508753061294556, 3.889498145781545e-08)","(0.30431026220321655, 0.993992805480957, 0.009807436726987362)","(0.3246048092842102, 0.9060668349266052, 0.0201801098883152)","(0.3205898404121399, 0.8234059810638428, 0.03392597287893295)","(0.33192873001098633, 0.7693619728088379, 0.04965833202004433)","(0.28723809123039246, 0.8086624145507812, -0.0006790016195736825)","(0.29689693450927734, 0.7216953039169312, 0.020460065454244614)","(0.3164411783218384, 0.7199219465255737, 0.0416669063270092)","(0.33075979351997375, 0.7434626221656799, 0.05796420946717262)","(0.24651049077510834, 0.8115241527557373, 0.007751831319183111)","(0.2745606303215027, 0.7484481334686279, 0.03887316584587097)","(0.2956262230873108, 0.7711557149887085, 0.061753664165735245)","(0.3037198483943939, 0.7948471903800964, 0.07462538778781891)","(0.21754522621631622, 0.8315805792808533, 0.019661996513605118)","(0.24682749807834625, 0.777854859828949, 0.04794729873538017)","(0.2644357681274414, 0.8062228560447693, 0.06329850107431412)","(0.2677328586578369, 0.8356961011886597, 0.06902454793453217)","(0.19315862655639648, 0.8542261123657227, 0.033041201531887054)","(0.2091471552848816, 0.7883334755897522, 0.05527503415942192)","(0.22390876710414886, 0.8042275309562683, 0.06882709264755249)","(0.231620192527771, 0.8309339880943298, 0.0774684026837349)",Grasp
1757,"(0.24591456353664398, 1.0492920875549316, 4.260624208995978e-08)","(0.3028297424316406, 0.9927350878715515, 0.004456925205886364)","(0.3242035508155823, 0.9012802839279175, 0.010633191093802452)","(0.32005029916763306, 0.8157903552055359, 0.020995577797293663)","(0.33069995045661926, 0.7609588503837585, 0.03335438296198845)","(0.2847592830657959, 0.8073610067367554, -0.012193635106086731)","(0.2971753180027008, 0.7148482799530029, 0.004612804390490055)","(0.3177182674407959, 0.7159842252731323, 0.023694830015301704)","(0.33111894130706787, 0.7425291538238525, 0.03865475207567215)","(0.2439037412405014, 0.8089751601219177, -0.0033048689365386963)","(0.2741614878177643, 0.7421090602874756, 0.02268931083381176)","(0.29559892416000366, 0.7649656534194946, 0.042744964361190796)","(0.3030567467212677, 0.7910590171813965, 0.05337261036038399)","(0.2145637422800064, 0.8272672891616821, 0.009135120548307896)","(0.24615363776683807, 0.7722798585891724, 0.03357420489192009)","(0.26423579454421997, 0.8016319870948792, 0.047005895525217056)","(0.2675372362136841, 0.8331384062767029, 0.051093101501464844)","(0.19039654731750488, 0.8491496443748474, 0.02275875397026539)","(0.20827986299991608, 0.7821716070175171, 0.042189452797174454)","(0.22378668189048767, 0.7981063723564148, 0.05463571473956108)","(0.23142008483409882, 0.8254231214523315, 0.062140509486198425)",Grasp
1758,"(0.2426367551088333, 1.0430078506469727, 3.3451204473067264e-08)","(0.3017869293689728, 0.9904595613479614, 0.0015399567782878876)","(0.3240927457809448, 0.8985892534255981, 0.006225965917110443)","(0.3203020691871643, 0.8095554709434509, 0.014677454717457294)","(0.33072447776794434, 0.7514671087265015, 0.025211971253156662)","(0.28459084033966064, 0.7987867593765259, -0.010402143932878971)","(0.29790210723876953, 0.7039095163345337, 0.0044737691059708595)","(0.318509578704834, 0.708456814289093, 0.021400127559900284)","(0.3300609290599823, 0.7383430004119873, 0.034836892038583755)","(0.24324946105480194, 0.7989248037338257, -0.0021602155175060034)","(0.2746037244796753, 0.7338635325431824, 0.02146013267338276)","(0.2955559194087982, 0.7595176696777344, 0.03826618567109108)","(0.30178695917129517, 0.7875060439109802, 0.04644715413451195)","(0.21313044428825378, 0.8170021772384644, 0.008930324576795101)","(0.24651062488555908, 0.7640325427055359, 0.029872437939047813)","(0.2640700042247772, 0.79502934217453, 0.04043668881058693)","(0.26634481549263, 0.8275247812271118, 0.0427328497171402)","(0.18859554827213287, 0.8392441272735596, 0.02098059467971325)","(0.20820757746696472, 0.7715975046157837, 0.03717111051082611)","(0.22343218326568604, 0.790053129196167, 0.048256080597639084)","(0.22935764491558075, 0.8192294836044312, 0.05486154556274414)",Move
1759,"(0.24273888766765594, 1.0412194728851318, 3.1411037326734004e-08)","(0.3030039072036743, 0.9815058708190918, 0.006800342816859484)","(0.32506781816482544, 0.8855217695236206, 0.016622202470898628)","(0.3216426372528076, 0.7981923222541809, 0.03119097463786602)","(0.33162686228752136, 0.742133378982544, 0.04817810282111168)","(0.28627124428749084, 0.7901405692100525, -0.009993316605687141)","(0.3003522455692291, 0.6956719160079956, 0.012365392409265041)","(0.3207019567489624, 0.6958979964256287, 0.036630965769290924)","(0.33363020420074463, 0.7217645645141602, 0.05490637198090553)","(0.24376626312732697, 0.7908955812454224, -0.0004254683735780418)","(0.27672407031059265, 0.7233370542526245, 0.02986803464591503)","(0.29855775833129883, 0.7469081282615662, 0.052815984934568405)","(0.3067978322505951, 0.773614227771759, 0.06534599512815475)","(0.21348285675048828, 0.8078845143318176, 0.013232959434390068)","(0.24757389724254608, 0.7511882781982422, 0.04070219397544861)","(0.26648902893066406, 0.7830347418785095, 0.05479063466191292)","(0.27028700709342957, 0.8144966959953308, 0.059076376259326935)","(0.18869900703430176, 0.8288292288780212, 0.028438378125429153)","(0.20933517813682556, 0.7582225799560547, 0.049791768193244934)","(0.22518977522850037, 0.7764223217964172, 0.06275498121976852)","(0.23231995105743408, 0.8050441741943359, 0.07056120783090591)",Move
1760,"(0.24428707361221313, 1.0310466289520264, 2.5316031493360924e-09)","(0.30469831824302673, 0.9716420769691467, 0.009928510524332523)","(0.3282288610935211, 0.875890851020813, 0.020995117723941803)","(0.3251643180847168, 0.7885556221008301, 0.03559611737728119)","(0.3359754681587219, 0.7340344190597534, 0.052132368087768555)","(0.2912459373474121, 0.7748461961746216, -0.004069263581186533)","(0.3056145906448364, 0.6778272390365601, 0.016814596951007843)","(0.32686758041381836, 0.6826555132865906, 0.03722427040338516)","(0.33909350633621216, 0.7106807827949524, 0.052599601447582245)","(0.24867017567157745, 0.7742345929145813, 0.0028370730578899384)","(0.28157472610473633, 0.7046365737915039, 0.03289701044559479)","(0.30243417620658875, 0.7301579713821411, 0.05239510536193848)","(0.30850908160209656, 0.7598375082015991, 0.06187009438872337)","(0.21737591922283173, 0.7928066253662109, 0.013787105679512024)","(0.24999697506427765, 0.7343995571136475, 0.040747418999671936)","(0.2678808569908142, 0.7661450505256653, 0.05264328792691231)","(0.2708596885204315, 0.798303484916687, 0.055092357099056244)","(0.19160345196723938, 0.8162910342216492, 0.026492906734347343)","(0.21020770072937012, 0.7404224276542664, 0.04696574807167053)","(0.2269861102104187, 0.7572308778762817, 0.059537433087825775)","(0.23518189787864685, 0.7853183746337891, 0.06695493310689926)",Move
1761,"(0.24497942626476288, 1.0101580619812012, -2.2157315981985448e-08)","(0.30826014280319214, 0.951734185218811, 0.013129311613738537)","(0.3337864875793457, 0.8585686087608337, 0.02852388098835945)","(0.33047249913215637, 0.771878182888031, 0.04910513386130333)","(0.3430926203727722, 0.7184480428695679, 0.07217960804700851)","(0.2963850200176239, 0.7534607648849487, -0.005060269962996244)","(0.31543928384780884, 0.6636475920677185, 0.026908520609140396)","(0.33473557233810425, 0.6702462434768677, 0.05779918283224106)","(0.34531500935554504, 0.6967098712921143, 0.0797678753733635)","(0.25403329730033875, 0.7517715692520142, 0.00562494620680809)","(0.2895824909210205, 0.6894866824150085, 0.04698304831981659)","(0.3106474280357361, 0.7156815528869629, 0.07510607689619064)","(0.3172449469566345, 0.742788553237915, 0.08966820687055588)","(0.22426638007164001, 0.7696419954299927, 0.021763533353805542)","(0.2581830322742462, 0.7177810668945312, 0.058809615671634674)","(0.2770560681819916, 0.7512302398681641, 0.07481544464826584)","(0.2800631523132324, 0.7817690968513489, 0.07880623638629913)","(0.1990472972393036, 0.7902638912200928, 0.04014665260910988)","(0.21965715289115906, 0.7214357256889343, 0.0689033791422844)","(0.2369539588689804, 0.7386803030967712, 0.08395788073539734)","(0.24488596618175507, 0.7670528292655945, 0.09235658496618271)",Move
1762,"(0.2519705295562744, 0.9837327003479004, 5.245937906295239e-09)","(0.31563475728034973, 0.932240903377533, 0.013174556195735931)","(0.34157031774520874, 0.8359521627426147, 0.03050948865711689)","(0.34022629261016846, 0.7487857341766357, 0.05164550244808197)","(0.35315677523612976, 0.6950588822364807, 0.07518120855093002)","(0.3062521517276764, 0.7289658784866333, 0.006789041217416525)","(0.32662323117256165, 0.6387144327163696, 0.037115633487701416)","(0.3458304703235626, 0.6481660008430481, 0.06331009417772293)","(0.3555465042591095, 0.6749532222747803, 0.0819326713681221)","(0.2640129625797272, 0.7257370948791504, 0.016505343839526176)","(0.2999070882797241, 0.6657149791717529, 0.05603775754570961)","(0.32144615054130554, 0.6919382810592651, 0.07969383895397186)","(0.32732632756233215, 0.7208038568496704, 0.09182516485452652)","(0.23343004286289215, 0.74360591173172, 0.030472559854388237)","(0.2684430480003357, 0.6936643123626709, 0.06544672697782516)","(0.2872268855571747, 0.7265384197235107, 0.07860254496335983)","(0.28945571184158325, 0.7580562829971313, 0.08169358223676682)","(0.20722217857837677, 0.7645050287246704, 0.04643210023641586)","(0.22842201590538025, 0.6968321800231934, 0.07357020676136017)","(0.245155930519104, 0.713746190071106, 0.08732893317937851)","(0.25231674313545227, 0.7433090806007385, 0.09541631489992142)",Move
1763,"(0.25921928882598877, 0.9662254452705383, 4.348442672608144e-08)","(0.32581499218940735, 0.9132855534553528, 0.012442247942090034)","(0.3515801429748535, 0.8177136778831482, 0.03230573236942291)","(0.35405904054641724, 0.7348759770393372, 0.05875810235738754)","(0.3613029420375824, 0.6838633418083191, 0.08845383673906326)","(0.31874117255210876, 0.7043192386627197, -0.00297975423745811)","(0.34181833267211914, 0.6199761033058167, 0.03165668249130249)","(0.3608959913253784, 0.6241518259048462, 0.06402647495269775)","(0.3718433380126953, 0.6436225175857544, 0.08704937994480133)","(0.27782315015792847, 0.7032973170280457, 0.012253183871507645)","(0.3142004907131195, 0.6390975117683411, 0.056099146604537964)","(0.3372587561607361, 0.6597461700439453, 0.08930323272943497)","(0.3461475968360901, 0.679469645023346, 0.10901572555303574)","(0.24740122258663177, 0.7201913595199585, 0.032537996768951416)","(0.284125953912735, 0.667495846748352, 0.07322842627763748)","(0.3040458858013153, 0.6955287456512451, 0.09415298700332642)","(0.30761420726776123, 0.7225187420845032, 0.10326229780912399)","(0.22113220393657684, 0.7398918271064758, 0.0546729676425457)","(0.2440527081489563, 0.6730872392654419, 0.08743655681610107)","(0.2619551718235016, 0.6840763092041016, 0.10488151013851166)","(0.27102160453796387, 0.7115738987922668, 0.11598415672779083)",Move
1764,"(0.2691715955734253, 0.9456060528755188, -1.4393430447512401e-08)","(0.33642858266830444, 0.898501992225647, 0.016547342762351036)","(0.3669204115867615, 0.8041671514511108, 0.03823411464691162)","(0.371150940656662, 0.7159470319747925, 0.06331002712249756)","(0.38252294063568115, 0.6603624820709229, 0.0914919301867485)","(0.3348343074321747, 0.6803605556488037, 0.019451003521680832)","(0.35618576407432556, 0.5949968099594116, 0.05341582000255585)","(0.3736332356929779, 0.6095699071884155, 0.08049732446670532)","(0.38194987177848816, 0.6376312375068665, 0.09936509281396866)","(0.29270511865615845, 0.6740094423294067, 0.029555417597293854)","(0.3284839689731598, 0.6171585917472839, 0.06970148533582687)","(0.34889617562294006, 0.6470392942428589, 0.09289862215518951)","(0.35475870966911316, 0.6764514446258545, 0.10553298890590668)","(0.26101580262184143, 0.690524160861969, 0.043640993535518646)","(0.2963884770870209, 0.6411376595497131, 0.07829684764146805)","(0.31450533866882324, 0.6737779974937439, 0.09110056608915329)","(0.3176648020744324, 0.7048578858375549, 0.09526481479406357)","(0.23440712690353394, 0.7116615176200867, 0.06001142039895058)","(0.2571978271007538, 0.6445930004119873, 0.08865725249052048)","(0.2744908928871155, 0.6571376919746399, 0.1027168557047844)","(0.2839541733264923, 0.6836937665939331, 0.11138885468244553)",Move
1765,"(0.2825564742088318, 0.9176853895187378, -1.2897561418867554e-07)","(0.3525441884994507, 0.8670271635055542, 0.02256905473768711)","(0.383069783449173, 0.771812379360199, 0.04534180462360382)","(0.38922539353370667, 0.6831914186477661, 0.0707232654094696)","(0.40138334035873413, 0.6304702758789062, 0.09884122759103775)","(0.3525811731815338, 0.6552520990371704, 0.015402344055473804)","(0.37691330909729004, 0.5676736831665039, 0.04597403109073639)","(0.3921501338481903, 0.5882458090782166, 0.0703081414103508)","(0.3970611095428467, 0.6202667951583862, 0.08732105046510696)","(0.3111810088157654, 0.6469512581825256, 0.022282108664512634)","(0.347635954618454, 0.5925766229629517, 0.06218157708644867)","(0.3649000823497772, 0.6295607089996338, 0.08473317325115204)","(0.3669653832912445, 0.6611669063568115, 0.0950804352760315)","(0.2780151665210724, 0.6608665585517883, 0.034015215933322906)","(0.31222426891326904, 0.6137001514434814, 0.06994069367647171)","(0.3280635476112366, 0.652768075466156, 0.08288908004760742)","(0.3286357522010803, 0.6856428980827332, 0.08510911464691162)","(0.25051337480545044, 0.6797619462013245, 0.04861956834793091)","(0.2729984223842621, 0.6141088604927063, 0.0781286358833313)","(0.2909182012081146, 0.6294876337051392, 0.09259842336177826)","(0.298856645822525, 0.657200038433075, 0.1003117486834526)",Move
1766,"(0.29786646366119385, 0.8949260115623474, -1.1767662755346464e-07)","(0.36980175971984863, 0.8411545157432556, 0.025272604078054428)","(0.3986876606941223, 0.7462291121482849, 0.04956922307610512)","(0.4047904312610626, 0.6591865420341492, 0.07602936029434204)","(0.4162796139717102, 0.6062638759613037, 0.10511336475610733)","(0.3741769790649414, 0.6331335306167603, 0.017727594822645187)","(0.3960142731666565, 0.5475898385047913, 0.04859400540590286)","(0.4116520583629608, 0.562860906124115, 0.0741419568657875)","(0.41916540265083313, 0.5924339294433594, 0.09247752279043198)","(0.3335815370082855, 0.6230617761611938, 0.024488143622875214)","(0.3669919967651367, 0.5701896548271179, 0.06573308259248734)","(0.3847094178199768, 0.6031656265258789, 0.09118399024009705)","(0.3895440697669983, 0.6323304772377014, 0.10414781421422958)","(0.29989638924598694, 0.6342480182647705, 0.03602970018982887)","(0.3329349458217621, 0.5872561931610107, 0.07305612415075302)","(0.3497979938983917, 0.6245430111885071, 0.08867541700601578)","(0.3524453938007355, 0.6560208201408386, 0.0934215858578682)","(0.27096274495124817, 0.6513034105300903, 0.05057421326637268)","(0.29206353425979614, 0.5865486264228821, 0.08161844313144684)","(0.30959028005599976, 0.5999429225921631, 0.09776858985424042)","(0.31781578063964844, 0.6265895962715149, 0.10728825628757477)",Move
1767,"(0.3160465359687805, 0.8620714545249939, -2.3144790972651208e-08)","(0.38980573415756226, 0.8046494126319885, 0.030155427753925323)","(0.41867995262145996, 0.7095571756362915, 0.05963955819606781)","(0.42680731415748596, 0.6286919713020325, 0.09110435098409653)","(0.4360997974872589, 0.5758494734764099, 0.12609192728996277)","(0.39595651626586914, 0.6004628539085388, 0.028991689905524254)","(0.41535744071006775, 0.5208398103713989, 0.06965167820453644)","(0.4272571802139282, 0.5386866331100464, 0.104550302028656)","(0.4332052767276764, 0.5672540068626404, 0.130186527967453)","(0.35556021332740784, 0.5945333242416382, 0.038158565759658813)","(0.38584816455841064, 0.5402256846427917, 0.08935634046792984)","(0.4033675193786621, 0.5681831240653992, 0.12607301771640778)","(0.4090350270271301, 0.5928547382354736, 0.1490955799818039)","(0.3214927613735199, 0.6057813167572021, 0.0522402860224247)","(0.35336965322494507, 0.5643986463546753, 0.09970398992300034)","(0.369546502828598, 0.5997706651687622, 0.1260322779417038)","(0.3699374198913574, 0.6287915110588074, 0.13975118100643158)","(0.29157742857933044, 0.623450756072998, 0.06916233897209167)","(0.3134562373161316, 0.5645610690116882, 0.1102038323879242)","(0.3278520703315735, 0.5766726732254028, 0.13445381820201874)","(0.3321961760520935, 0.6019381880760193, 0.15114545822143555)",Move
1768,"(0.3339328467845917, 0.8294615149497986, -1.887607083972398e-07)","(0.4096510410308838, 0.775532066822052, 0.025868738070130348)","(0.4366617202758789, 0.6785922050476074, 0.0542629100382328)","(0.44242867827415466, 0.5976738929748535, 0.08628039807081223)","(0.44614267349243164, 0.5522934198379517, 0.12114009261131287)","(0.41207337379455566, 0.5709502100944519, 0.017415333539247513)","(0.4370383322238922, 0.4940088391304016, 0.05371649190783501)","(0.4492456912994385, 0.5295601487159729, 0.08102304488420486)","(0.4519963562488556, 0.5673432350158691, 0.09930738061666489)","(0.3713298738002777, 0.5621204972267151, 0.026484917849302292)","(0.4072359502315521, 0.5200516581535339, 0.07590290158987045)","(0.4192211925983429, 0.5647333264350891, 0.10107322037220001)","(0.4194176197052002, 0.593744158744812, 0.11047583073377609)","(0.3377526104450226, 0.5739486813545227, 0.04104144498705864)","(0.3741787374019623, 0.5381132364273071, 0.08593514561653137)","(0.3868575990200043, 0.5806207060813904, 0.09859587997198105)","(0.38618603348731995, 0.6117734313011169, 0.09772228449583054)","(0.31166622042655945, 0.5901705026626587, 0.05880148336291313)","(0.33648237586021423, 0.5373013615608215, 0.09457940608263016)","(0.3522658944129944, 0.5569986701011658, 0.10912469029426575)","(0.3577173054218292, 0.5859989523887634, 0.11494343727827072)",Move
1769,"(0.3556009829044342, 0.7970004081726074, -3.0770124226364715e-08)","(0.4308064877986908, 0.7479605078697205, 0.03601209446787834)","(0.4610394537448883, 0.6578066349029541, 0.06539258360862732)","(0.47008970379829407, 0.5774742960929871, 0.0939314216375351)","(0.47851163148880005, 0.5237534046173096, 0.12490066140890121)","(0.441867858171463, 0.5447017550468445, 0.04618249833583832)","(0.4643595218658447, 0.4699546694755554, 0.08900338411331177)","(0.475000262260437, 0.4933263063430786, 0.11982999742031097)","(0.4766242504119873, 0.5221251249313354, 0.14084377884864807)","(0.4021976590156555, 0.5309720635414124, 0.051352325826883316)","(0.4337671995162964, 0.4822375178337097, 0.10529522597789764)","(0.44627347588539124, 0.5175154209136963, 0.1352032572031021)","(0.4484497904777527, 0.5429750084877014, 0.15097787976264954)","(0.36648574471473694, 0.5377228260040283, 0.06150175631046295)","(0.398328959941864, 0.49692094326019287, 0.1113034039735794)","(0.41106167435646057, 0.5286524891853333, 0.1338082104921341)","(0.4107634723186493, 0.5605143308639526, 0.1420823484659195)","(0.3374069631099701, 0.5520724654197693, 0.0748753547668457)","(0.36073964834213257, 0.4993837773799896, 0.11758929491043091)","(0.3749774992465973, 0.5095301866531372, 0.14053648710250854)","(0.38026976585388184, 0.5287156701087952, 0.15416571497917175)",Move
1770,"(0.3785783648490906, 0.7587748169898987, -6.243173089615084e-08)","(0.4530037045478821, 0.7188761234283447, 0.01983557641506195)","(0.4932081699371338, 0.6317905783653259, 0.0361800342798233)","(0.5051248669624329, 0.5366170406341553, 0.05014056712388992)","(0.5096980929374695, 0.47948428988456726, 0.0650491937994957)","(0.46321457624435425, 0.5124254822731018, 0.03610015660524368)","(0.4888770580291748, 0.43810683488845825, 0.0577072836458683)","(0.49331945180892944, 0.4794093668460846, 0.06626427173614502)","(0.4896385371685028, 0.5166071057319641, 0.07104329764842987)","(0.42129555344581604, 0.4927825927734375, 0.035550300031900406)","(0.4535910487174988, 0.44611304998397827, 0.066722571849823)","(0.4606458842754364, 0.4856964945793152, 0.0721731036901474)","(0.45694953203201294, 0.5171537399291992, 0.069987453520298)","(0.3845590651035309, 0.49936115741729736, 0.03753238171339035)","(0.41586506366729736, 0.4526706337928772, 0.06672970950603485)","(0.4237470030784607, 0.4860888719558716, 0.07179326564073563)","(0.4191889464855194, 0.5224313735961914, 0.0677591934800148)","(0.3546789288520813, 0.5166957378387451, 0.04132647439837456)","(0.3767806589603424, 0.4626205563545227, 0.06741316616535187)","(0.3874132037162781, 0.48070597648620605, 0.08032010495662689)","(0.38751769065856934, 0.5082274675369263, 0.08591148257255554)",Move
1771,"(0.4009106159210205, 0.7383432984352112, -1.7683761655007402e-07)","(0.47451716661453247, 0.6966791749000549, 0.024239404127001762)","(0.5061989426612854, 0.6089709401130676, 0.038795989006757736)","(0.5212414860725403, 0.5213454961776733, 0.049517106264829636)","(0.5261843800544739, 0.47049883008003235, 0.06112739443778992)","(0.4917909801006317, 0.4968821704387665, 0.027023326605558395)","(0.5136174559593201, 0.4140625298023224, 0.040473826229572296)","(0.5160481929779053, 0.45565009117126465, 0.04580787569284439)","(0.5096427202224731, 0.49723321199417114, 0.04934832081198692)","(0.4526014029979706, 0.4754638373851776, 0.02196831814944744)","(0.48086774349212646, 0.42730605602264404, 0.04762375354766846)","(0.48463940620422363, 0.46893250942230225, 0.054706133902072906)","(0.4790023863315582, 0.5005747675895691, 0.053850796073675156)","(0.4157399833202362, 0.478188157081604, 0.019805191084742546)","(0.44693830609321594, 0.4366236925125122, 0.04517253115773201)","(0.4509676694869995, 0.46955206990242004, 0.05331265926361084)","(0.443624883890152, 0.5035186409950256, 0.05152847617864609)","(0.3844074010848999, 0.4925740659236908, 0.019645024091005325)","(0.4108486473560333, 0.44359591603279114, 0.04208856448531151)","(0.41844552755355835, 0.4683998227119446, 0.05641164258122444)","(0.4155731201171875, 0.5002854466438293, 0.06364519149065018)",Move
1772,"(0.42645204067230225, 0.7126739025115967, -4.5267221082667675e-08)","(0.49868395924568176, 0.6734326481819153, 0.027658432722091675)","(0.5306726694107056, 0.5850544571876526, 0.048255592584609985)","(0.5420775413513184, 0.5012158751487732, 0.06691645085811615)","(0.545286238193512, 0.4528994560241699, 0.0867328941822052)","(0.5156089067459106, 0.46649327874183655, 0.02984190359711647)","(0.5482908487319946, 0.3900025486946106, 0.05244089290499687)","(0.5612116456031799, 0.4200713038444519, 0.06554766744375229)","(0.5632198452949524, 0.4532862901687622, 0.07445543259382248)","(0.4769247770309448, 0.44235849380493164, 0.029744526371359825)","(0.5139796733856201, 0.38983702659606934, 0.06306152790784836)","(0.5258604884147644, 0.4258514642715454, 0.07604415714740753)","(0.5256200432777405, 0.45646950602531433, 0.07972446829080582)","(0.4408414363861084, 0.44504931569099426, 0.033643774688243866)","(0.4772528111934662, 0.3978709578514099, 0.06582795828580856)","(0.4885947108268738, 0.4284234046936035, 0.07524659484624863)","(0.48610109090805054, 0.46349480748176575, 0.07459487020969391)","(0.4099336266517639, 0.4586382508277893, 0.04031147435307503)","(0.43248167634010315, 0.4005674421787262, 0.06758054345846176)","(0.44727441668510437, 0.41533559560775757, 0.0811891108751297)","(0.4526849687099457, 0.4425109624862671, 0.08817343413829803)",Move
1773,"(0.4463813900947571, 0.6968322992324829, -1.7102112792599655e-07)","(0.5189547538757324, 0.6599076390266418, 0.02047177590429783)","(0.5522605180740356, 0.5783470869064331, 0.034349046647548676)","(0.5594322681427002, 0.4978933036327362, 0.04609008878469467)","(0.5534626841545105, 0.45683348178863525, 0.05895756557583809)","(0.5375176668167114, 0.4500008523464203, 0.022308843210339546)","(0.570644199848175, 0.3747408092021942, 0.03877123445272446)","(0.571929395198822, 0.41324952244758606, 0.04801810532808304)","(0.5624548196792603, 0.455616295337677, 0.05479440093040466)","(0.49844807386398315, 0.42100033164024353, 0.020809153094887733)","(0.5340592861175537, 0.3904355764389038, 0.05048324540257454)","(0.5384695529937744, 0.43651247024536133, 0.06022142246365547)","(0.5326558947563171, 0.4689498245716095, 0.06085789203643799)","(0.4628954529762268, 0.42396610975265503, 0.022456949576735497)","(0.4956784248352051, 0.39541351795196533, 0.049789950251579285)","(0.5033965110778809, 0.43451085686683655, 0.05569774657487869)","(0.4967747628688812, 0.4710663855075836, 0.05230996012687683)","(0.43232154846191406, 0.43842846155166626, 0.026160631328821182)","(0.45369860529899597, 0.38597220182418823, 0.04757658764719963)","(0.46543624997138977, 0.40644264221191406, 0.05903007462620735)","(0.46656933426856995, 0.43756380677223206, 0.06462861597537994)",Move
1774,"(0.4700465798377991, 0.6671648621559143, -1.1172604530429453e-07)","(0.5456854104995728, 0.642458438873291, 0.04881542548537254)","(0.5772218108177185, 0.5647156834602356, 0.08765700459480286)","(0.5801371932029724, 0.4953309893608093, 0.122521311044693)","(0.5737432837486267, 0.45534440875053406, 0.15947389602661133)","(0.5673819184303284, 0.42994725704193115, 0.07171572744846344)","(0.5946723222732544, 0.35905614495277405, 0.11736036837100983)","(0.5966311097145081, 0.3834367096424103, 0.15083274245262146)","(0.5887717604637146, 0.4240412414073944, 0.17624372243881226)","(0.5269894599914551, 0.40215808153152466, 0.07369290292263031)","(0.5593922138214111, 0.37192824482917786, 0.1295146346092224)","(0.5690308809280396, 0.4118826985359192, 0.161171555519104)","(0.5685017704963684, 0.4478597044944763, 0.18192563951015472)","(0.4918985664844513, 0.40396642684936523, 0.08055340498685837)","(0.5229515433311462, 0.3858557641506195, 0.13114207983016968)","(0.5334895253181458, 0.4298887848854065, 0.15332578122615814)","(0.5318173170089722, 0.46514907479286194, 0.16524875164031982)","(0.45997902750968933, 0.41469550132751465, 0.0919046401977539)","(0.4780399203300476, 0.3687501847743988, 0.13505935668945312)","(0.4900694191455841, 0.3835121691226959, 0.15863339602947235)","(0.49639037251472473, 0.40937620401382446, 0.17582885921001434)",Move
1775,"(0.4889984726905823, 0.6420257091522217, -1.9120963656860113e-07)","(0.5629379749298096, 0.6122729778289795, 0.058057159185409546)","(0.595576286315918, 0.5364095568656921, 0.09707321226596832)","(0.6016005277633667, 0.46565327048301697, 0.13105356693267822)","(0.5984765291213989, 0.420197069644928, 0.16629014909267426)","(0.5946458578109741, 0.4120889902114868, 0.06870681047439575)","(0.6138361692428589, 0.34122464060783386, 0.11938512325286865)","(0.6127563118934631, 0.35426029562950134, 0.15919697284698486)","(0.6063463687896729, 0.3854518234729767, 0.18786412477493286)","(0.5572340488433838, 0.3877253234386444, 0.06644149869680405)","(0.5776883363723755, 0.35447022318840027, 0.1286933720111847)","(0.5802351832389832, 0.39306285977363586, 0.16886191070079803)","(0.5771479606628418, 0.4234170913696289, 0.1938958466053009)","(0.5212826728820801, 0.3855440020561218, 0.0705491378903389)","(0.5438768267631531, 0.36745354533195496, 0.12767677009105682)","(0.5484883189201355, 0.4095340967178345, 0.15685094892978668)","(0.5433545708656311, 0.4388194978237152, 0.17097388207912445)","(0.4876348376274109, 0.3901851773262024, 0.07968540489673615)","(0.5045529007911682, 0.34472519159317017, 0.12659336626529694)","(0.513593852519989, 0.3627699315547943, 0.15317316353321075)","(0.5170224905014038, 0.3882184624671936, 0.17122814059257507)",Move
1776,"(0.5130327939987183, 0.6155595779418945, 3.53099984806704e-08)","(0.5817052721977234, 0.5927748680114746, 0.03175056725740433)","(0.619222104549408, 0.5137279033660889, 0.06018895283341408)","(0.6304357647895813, 0.4342236816883087, 0.08603918552398682)","(0.636488676071167, 0.3845985531806946, 0.11285016685724258)","(0.6146684288978577, 0.38796278834342957, 0.057577092200517654)","(0.6348823308944702, 0.3214151859283447, 0.10230294615030289)","(0.6376835703849792, 0.33455199003219604, 0.13228993117809296)","(0.6359806656837463, 0.3563454747200012, 0.15218029916286469)","(0.5796491503715515, 0.36202380061149597, 0.060328107327222824)","(0.6033468842506409, 0.3298954963684082, 0.1117275282740593)","(0.6110893487930298, 0.3534824848175049, 0.13455112278461456)","(0.6124982833862305, 0.3788536489009857, 0.1466175764799118)","(0.5450717210769653, 0.3602936267852783, 0.06675597280263901)","(0.5722224116325378, 0.3463999330997467, 0.11032648384571075)","(0.5795113444328308, 0.3788362741470337, 0.12265624105930328)","(0.5762932896614075, 0.40442612767219543, 0.1260400414466858)","(0.5124952793121338, 0.3677644729614258, 0.07604585587978363)","(0.5302022695541382, 0.3250744342803955, 0.11250898241996765)","(0.5404266715049744, 0.34175318479537964, 0.12945182621479034)","(0.5429036021232605, 0.36765509843826294, 0.14000068604946136)",Move
1777,"(0.5318995714187622, 0.5931217670440674, -4.893735550126621e-08)","(0.6016530990600586, 0.5769803524017334, 0.020804299041628838)","(0.6425182223320007, 0.4987379312515259, 0.0405389741063118)","(0.6531750559806824, 0.410566508769989, 0.05860288068652153)","(0.6534743309020996, 0.358205109834671, 0.07722532749176025)","(0.6396340131759644, 0.37440019845962524, 0.03727199137210846)","(0.6613337397575378, 0.30732980370521545, 0.06909985095262527)","(0.6631628274917603, 0.32321202754974365, 0.08892286568880081)","(0.6590578556060791, 0.3448432683944702, 0.10113642364740372)","(0.6048775911331177, 0.3408347964286804, 0.03859560564160347)","(0.6289303302764893, 0.3099658489227295, 0.0786326453089714)","(0.6336988210678101, 0.3363441228866577, 0.09158109873533249)","(0.6314640641212463, 0.3637915551662445, 0.09479749202728271)","(0.5703427195549011, 0.3346456289291382, 0.042825378477573395)","(0.5967592000961304, 0.32393285632133484, 0.07595934718847275)","(0.6010400056838989, 0.35619300603866577, 0.07891864329576492)","(0.5944443941116333, 0.3847288489341736, 0.07410088181495667)","(0.5374682545661926, 0.33546027541160583, 0.049158722162246704)","(0.5552144050598145, 0.3008224070072174, 0.07553952932357788)","(0.562049388885498, 0.32232555747032166, 0.08468557894229889)","(0.5604439377784729, 0.351378858089447, 0.08833339810371399)",Move
1778,"(0.5519058704376221, 0.575775682926178, -1.778322200607363e-07)","(0.6212374567985535, 0.5628542900085449, 0.022784024477005005)","(0.6605364680290222, 0.4883882701396942, 0.0410381555557251)","(0.6713042259216309, 0.4066413640975952, 0.057146571576595306)","(0.6694726943969727, 0.3617132902145386, 0.07350657135248184)","(0.6624847650527954, 0.3576182425022125, 0.029256107285618782)","(0.6836092472076416, 0.2875995635986328, 0.05473041534423828)","(0.6842707395553589, 0.3102450668811798, 0.07074262201786041)","(0.678726077079773, 0.34084343910217285, 0.08068224042654037)","(0.6275714039802551, 0.3241477906703949, 0.028250670060515404)","(0.6487758755683899, 0.30459973216056824, 0.0615261048078537)","(0.6492854356765747, 0.34290963411331177, 0.07158388942480087)","(0.6437323093414307, 0.37323033809661865, 0.07281100004911423)","(0.5915526747703552, 0.3195491433143616, 0.03091646358370781)","(0.6145086288452148, 0.3136894702911377, 0.05847116932272911)","(0.617102324962616, 0.3512142300605774, 0.061232563108205795)","(0.6095631122589111, 0.38177797198295593, 0.05674072727560997)","(0.5574395656585693, 0.3239808678627014, 0.03619906306266785)","(0.5737691521644592, 0.28294607996940613, 0.05814977362751961)","(0.5826190710067749, 0.3039725422859192, 0.06744512170553207)","(0.582939088344574, 0.3338176906108856, 0.07176244258880615)",Move
1779,"(0.5722449421882629, 0.5513777136802673, -1.9241041115947155e-07)","(0.641872763633728, 0.5405060052871704, 0.025010012090206146)","(0.6808508634567261, 0.4723631739616394, 0.043941300362348557)","(0.6922919750213623, 0.39306357502937317, 0.060363784432411194)","(0.6903424263000488, 0.3481016755104065, 0.076875239610672)","(0.684528648853302, 0.3400885760784149, 0.03230258822441101)","(0.7062472701072693, 0.275682270526886, 0.06005961820483208)","(0.706638514995575, 0.29782435297966003, 0.07745864987373352)","(0.700637936592102, 0.3271675109863281, 0.08791763335466385)","(0.6502501964569092, 0.30565956234931946, 0.03047209605574608)","(0.671255350112915, 0.2934948205947876, 0.06621462851762772)","(0.6708590388298035, 0.3309914767742157, 0.07699589431285858)","(0.6649520397186279, 0.35982751846313477, 0.07805030792951584)","(0.6144832372665405, 0.3009985387325287, 0.03252801299095154)","(0.6378942728042603, 0.2979719340801239, 0.061675701290369034)","(0.6399146914482117, 0.33561038970947266, 0.06473144143819809)","(0.6322696208953857, 0.36492782831192017, 0.059824734926223755)","(0.5807355642318726, 0.30368804931640625, 0.03736862912774086)","(0.5972353219985962, 0.2680390775203705, 0.05969962477684021)","(0.6051329374313354, 0.2925702929496765, 0.06902752071619034)","(0.6044180393218994, 0.32375478744506836, 0.07317759096622467)",Move
1780,"(0.5931428074836731, 0.5288636684417725, -1.3979915536310727e-07)","(0.6626375317573547, 0.5176833271980286, 0.031651820987463)","(0.7016063928604126, 0.4544612765312195, 0.056026313453912735)","(0.7125793099403381, 0.3798428475856781, 0.07842961698770523)","(0.7083031535148621, 0.33609506487846375, 0.10061921924352646)","(0.705788254737854, 0.32199645042419434, 0.04167049378156662)","(0.7242645621299744, 0.26123178005218506, 0.08279977738857269)","(0.7243586182594299, 0.2881985306739807, 0.10993519425392151)","(0.71979820728302, 0.3170106112957001, 0.126531720161438)","(0.6709320545196533, 0.2886139452457428, 0.04271874576807022)","(0.6901623010635376, 0.27430668473243713, 0.09178729355335236)","(0.6889839768409729, 0.31499671936035156, 0.10932103544473648)","(0.6832473278045654, 0.34438014030456543, 0.11432484537363052)","(0.6342516541481018, 0.2831825613975525, 0.04898732528090477)","(0.6573302745819092, 0.282898485660553, 0.0904184877872467)","(0.6565192341804504, 0.32442307472229004, 0.09504133462905884)","(0.6479384899139404, 0.35334256291389465, 0.08967903256416321)","(0.6008569598197937, 0.28348660469055176, 0.05892154574394226)","(0.6190426349639893, 0.2555810213088989, 0.09207787364721298)","(0.6242313385009766, 0.2857491075992584, 0.10365104675292969)","(0.6221150755882263, 0.31916242837905884, 0.10798618197441101)",Move
1781,"(0.6094175577163696, 0.5119121074676514, -2.367361275901203e-07)","(0.6780135035514832, 0.5067555904388428, 0.0230155810713768)","(0.7190572619438171, 0.44313809275627136, 0.040373221039772034)","(0.7298809885978699, 0.36244696378707886, 0.055673785507678986)","(0.7234306931495667, 0.3188728988170624, 0.07127925753593445)","(0.7251182794570923, 0.3082866072654724, 0.02704349346458912)","(0.7442863583564758, 0.2455742359161377, 0.051766250282526016)","(0.7404635548591614, 0.28066080808639526, 0.06719858944416046)","(0.7316439747810364, 0.31500354409217834, 0.07645788788795471)","(0.6904482841491699, 0.2700527608394623, 0.024855662137269974)","(0.7064207196235657, 0.2650764584541321, 0.05947723984718323)","(0.7001380324363708, 0.3068001866340637, 0.06984984874725342)","(0.6906866431236267, 0.3341061472892761, 0.07029278576374054)","(0.6541738510131836, 0.2622561454772949, 0.026379356160759926)","(0.6705292463302612, 0.2713669538497925, 0.054966725409030914)","(0.6660429835319519, 0.31012779474258423, 0.058031972497701645)","(0.6548088788986206, 0.3379504680633545, 0.05276791751384735)","(0.6190327405929565, 0.2602560818195343, 0.030355898663401604)","(0.6359193921089172, 0.2407761961221695, 0.05238616093993187)","(0.6352344751358032, 0.27407726645469666, 0.062003836035728455)","(0.6287035942077637, 0.3056030869483948, 0.06619800627231598)",Move
1782,"(0.6283489465713501, 0.5016377568244934, -2.1625605484132393e-07)","(0.6949083209037781, 0.4950827956199646, 0.026714125648140907)","(0.7353658676147461, 0.4306541085243225, 0.04808942228555679)","(0.7470153570175171, 0.3519451320171356, 0.06679695099592209)","(0.7440108060836792, 0.3070356249809265, 0.0852774977684021)","(0.7429219484329224, 0.29484784603118896, 0.039867233484983444)","(0.7624997496604919, 0.23586958646774292, 0.07288631051778793)","(0.7595873475074768, 0.25700485706329346, 0.09249231219291687)","(0.7525210380554199, 0.28184136748313904, 0.1033850684762001)","(0.7103392481803894, 0.25726020336151123, 0.03790127485990524)","(0.7237402200698853, 0.25053536891937256, 0.07875178754329681)","(0.7194762825965881, 0.2894045114517212, 0.08977821469306946)","(0.7122794985771179, 0.31866616010665894, 0.09019458293914795)","(0.6737428903579712, 0.251226007938385, 0.03992769122123718)","(0.6866488456726074, 0.25249290466308594, 0.07255997508764267)","(0.6845126152038574, 0.29215002059936523, 0.07451606541872025)","(0.6756345629692078, 0.322683185338974, 0.0679733008146286)","(0.6384733319282532, 0.2537144720554352, 0.04479442164301872)","(0.6499156355857849, 0.22095122933387756, 0.06854341179132462)","(0.6528239846229553, 0.2514900863170624, 0.0772857591509819)","(0.6498429179191589, 0.28524309396743774, 0.08055079728364944)",Move
1783,"(0.6436362862586975, 0.485275536775589, -1.8722572292517725e-07)","(0.7121804356575012, 0.4787974953651428, 0.02355678379535675)","(0.7511771321296692, 0.4173828363418579, 0.04130319505929947)","(0.7639937400817871, 0.3388879895210266, 0.057195208966732025)","(0.7637771964073181, 0.2918117344379425, 0.07347247749567032)","(0.7560447454452515, 0.28696566820144653, 0.032426729798316956)","(0.7768391370773315, 0.22563166916370392, 0.06038821488618851)","(0.7758525013923645, 0.25348949432373047, 0.07694750279188156)","(0.7692552804946899, 0.2861883342266083, 0.08675727993249893)","(0.7220117449760437, 0.24928522109985352, 0.03171661123633385)","(0.7412635087966919, 0.24005699157714844, 0.06952078640460968)","(0.7392615079879761, 0.27715200185775757, 0.0801149308681488)","(0.7320771217346191, 0.3058621287345886, 0.08050811290740967)","(0.6860372424125671, 0.24203281104564667, 0.03487632796168327)","(0.7038561105728149, 0.242803156375885, 0.0677272155880928)","(0.7036426067352295, 0.2805485129356384, 0.07167605310678482)","(0.695132315158844, 0.31048762798309326, 0.06617983430624008)","(0.6525823473930359, 0.24600717425346375, 0.04044349864125252)","(0.6664488911628723, 0.21476855874061584, 0.06544247269630432)","(0.6709693074226379, 0.23697030544281006, 0.07554421573877335)","(0.668660581111908, 0.2631109952926636, 0.07969947904348373)",Move
1784,"(0.6595261096954346, 0.4650954008102417, -1.673894587383984e-07)","(0.7259013056755066, 0.46202534437179565, 0.019899588078260422)","(0.7657310366630554, 0.40861472487449646, 0.03375755622982979)","(0.7765732407569885, 0.3348798453807831, 0.0451723150908947)","(0.7722115516662598, 0.29172483086586, 0.05634872987866402)","(0.7785871028900146, 0.2806742191314697, 0.02476433292031288)","(0.7941694259643555, 0.2162615805864334, 0.04768463224172592)","(0.7907719016075134, 0.23033200204372406, 0.06256560236215591)","(0.7838036417961121, 0.2523590624332428, 0.07105923444032669)","(0.7470337152481079, 0.23931124806404114, 0.022304704412817955)","(0.7581024169921875, 0.22859320044517517, 0.05244803801178932)","(0.7523400783538818, 0.2608105540275574, 0.06235157325863838)","(0.744457483291626, 0.2889914810657501, 0.06358353793621063)","(0.7116022109985352, 0.226268470287323, 0.023140713572502136)","(0.722213089466095, 0.23511862754821777, 0.04816890507936478)","(0.717183530330658, 0.26833948493003845, 0.05122355371713638)","(0.7076461911201477, 0.29644009470939636, 0.04677107185125351)","(0.6762002110481262, 0.22064706683158875, 0.025942964479327202)","(0.6864462494850159, 0.21234503388404846, 0.044666774570941925)","(0.6850811839103699, 0.2423129677772522, 0.05237997695803642)","(0.6789939403533936, 0.27226224541664124, 0.05577276647090912)",Move
1785,"(0.6710352897644043, 0.45454150438308716, -1.988110511774721e-07)","(0.7385000586509705, 0.45076772570610046, 0.025160767138004303)","(0.7763482928276062, 0.3970976173877716, 0.04233625903725624)","(0.7879904508590698, 0.3251030147075653, 0.056967172771692276)","(0.7809807062149048, 0.28569313883781433, 0.07140375673770905)","(0.7880265712738037, 0.2688938081264496, 0.029470115900039673)","(0.8060985803604126, 0.21186333894729614, 0.05525613948702812)","(0.8011296987533569, 0.23385433852672577, 0.07144820690155029)","(0.79204261302948, 0.2591816186904907, 0.0804167166352272)","(0.7569908499717712, 0.2263491004705429, 0.026148920878767967)","(0.7721754908561707, 0.2204732745885849, 0.0597178153693676)","(0.7651036977767944, 0.2560286223888397, 0.07094358652830124)","(0.7555621862411499, 0.2822388708591461, 0.07207858562469482)","(0.7225397229194641, 0.21386423707008362, 0.026731129735708237)","(0.7382449507713318, 0.22213725745677948, 0.05573016777634621)","(0.732267439365387, 0.25527888536453247, 0.06052582710981369)","(0.7213302254676819, 0.2807583510875702, 0.05595165491104126)","(0.6891381144523621, 0.20998741686344147, 0.029691068455576897)","(0.7046595215797424, 0.20244359970092773, 0.05199452117085457)","(0.7008969783782959, 0.23287630081176758, 0.06141968071460724)","(0.6925785541534424, 0.2595955729484558, 0.06501435488462448)",Move
1786,"(0.6845585703849792, 0.44332361221313477, -1.9219440616780048e-07)","(0.752599835395813, 0.4410349726676941, 0.024050381034612656)","(0.7893460392951965, 0.3838782012462616, 0.04076503589749336)","(0.7999840378761292, 0.3117454946041107, 0.0545680932700634)","(0.7971136569976807, 0.2731698155403137, 0.06792502105236053)","(0.8016666173934937, 0.25172528624534607, 0.030602630227804184)","(0.8188455104827881, 0.19996927678585052, 0.05629003047943115)","(0.8153762221336365, 0.22575899958610535, 0.07110882550477982)","(0.8088424205780029, 0.2508782744407654, 0.07862374931573868)","(0.769698977470398, 0.2133045494556427, 0.02710992842912674)","(0.7840082049369812, 0.2091580480337143, 0.060746945440769196)","(0.7781767249107361, 0.24556902050971985, 0.07047422230243683)","(0.7696829438209534, 0.2712998390197754, 0.07019460946321487)","(0.7342008948326111, 0.20456185936927795, 0.027292251586914062)","(0.7493605017662048, 0.21006417274475098, 0.05556454882025719)","(0.7450517416000366, 0.2432624101638794, 0.05902726575732231)","(0.7346755266189575, 0.26967674493789673, 0.05354950577020645)","(0.6994729042053223, 0.2055322229862213, 0.029795629903674126)","(0.7125698328018188, 0.18766769766807556, 0.05075176805257797)","(0.7119583487510681, 0.21511757373809814, 0.059357501566410065)","(0.7053031325340271, 0.24351270496845245, 0.0625501424074173)",Move
1787,"(0.6963499784469604, 0.43225982785224915, -1.8716306726673793e-07)","(0.7612723112106323, 0.4299783706665039, 0.03175188973546028)","(0.7968450784683228, 0.3819020390510559, 0.05364413931965828)","(0.8071507215499878, 0.3143637180328369, 0.07247601449489594)","(0.8011795878410339, 0.27555012702941895, 0.09099805355072021)","(0.8125168085098267, 0.2505801022052765, 0.04001272842288017)","(0.8305014967918396, 0.19633452594280243, 0.07395005971193314)","(0.8257078528404236, 0.2140386402606964, 0.09521707892417908)","(0.8176331520080566, 0.23513171076774597, 0.10704581439495087)","(0.7821260690689087, 0.20715758204460144, 0.03649524971842766)","(0.7954851984977722, 0.20006868243217468, 0.0782003402709961)","(0.7890946865081787, 0.23460939526557922, 0.09252513200044632)","(0.7814164161682129, 0.260529100894928, 0.0949561819434166)","(0.7469509840011597, 0.19421915709972382, 0.03758915141224861)","(0.7610817551612854, 0.20038831233978271, 0.0733698159456253)","(0.7560080289840698, 0.23409977555274963, 0.07878739386796951)","(0.7461342811584473, 0.2601439356803894, 0.07369574904441833)","(0.7130318880081177, 0.1901853084564209, 0.041725315153598785)","(0.7263757586479187, 0.18047165870666504, 0.07012016326189041)","(0.7254413366317749, 0.21036860346794128, 0.08093532174825668)","(0.7192085385322571, 0.23989945650100708, 0.0847710371017456)",Move
1788,"(0.7063233852386475, 0.4224194586277008, -1.9938111961437244e-07)","(0.771924614906311, 0.41635289788246155, 0.029986601322889328)","(0.8057278394699097, 0.36476945877075195, 0.049534983932971954)","(0.8158171772956848, 0.3012227714061737, 0.0652797594666481)","(0.8082493543624878, 0.2647712826728821, 0.08029918372631073)","(0.8199451565742493, 0.2404552400112152, 0.03729036822915077)","(0.8366674780845642, 0.19171200692653656, 0.06483858078718185)","(0.8313421010971069, 0.21429365873336792, 0.08096057921648026)","(0.8223655223846436, 0.23998719453811646, 0.08980179578065872)","(0.7898216247558594, 0.19709154963493347, 0.03256771340966225)","(0.8015151619911194, 0.19654792547225952, 0.06777796149253845)","(0.7939773797988892, 0.23308402299880981, 0.07855841517448425)","(0.7861001491546631, 0.25892215967178345, 0.07926817238330841)","(0.7549799680709839, 0.1839103102684021, 0.031907517462968826)","(0.7678996324539185, 0.1930825114250183, 0.062119755893945694)","(0.762396514415741, 0.22633713483810425, 0.06590072810649872)","(0.7528561353683472, 0.25186315178871155, 0.060779135674238205)","(0.7214210033416748, 0.1799832582473755, 0.03412682190537453)","(0.7341753244400024, 0.17112013697624207, 0.05796734243631363)","(0.7335042357444763, 0.19967617094516754, 0.06730098277330399)","(0.7279112339019775, 0.22888940572738647, 0.07086746394634247)",Move
1789,"(0.7152632474899292, 0.41248297691345215, -2.1994816279402585e-07)","(0.7804015278816223, 0.4071388840675354, 0.02503763511776924)","(0.8129796981811523, 0.35617396235466003, 0.040514249354600906)","(0.8218992948532104, 0.2942672073841095, 0.05237307772040367)","(0.8133265972137451, 0.2570927143096924, 0.06333795189857483)","(0.8291405439376831, 0.2294415831565857, 0.03040206804871559)","(0.8395779132843018, 0.18948954343795776, 0.052571628242731094)","(0.8317027688026428, 0.21800066530704498, 0.06394835561513901)","(0.8222704529762268, 0.24590027332305908, 0.06961078196763992)","(0.79781574010849, 0.18832311034202576, 0.02516224794089794)","(0.80487459897995, 0.19004616141319275, 0.055689487606287)","(0.7967925071716309, 0.22613263130187988, 0.0632726401090622)","(0.788720965385437, 0.25182268023490906, 0.06192271411418915)","(0.7619397640228271, 0.17719373106956482, 0.02349725365638733)","(0.7704567909240723, 0.18514388799667358, 0.04902363568544388)","(0.765608012676239, 0.2180328518152237, 0.05124656856060028)","(0.7562981843948364, 0.24513012170791626, 0.04579075798392296)","(0.7272090911865234, 0.17566996812820435, 0.024182070046663284)","(0.7363002896308899, 0.16045592725276947, 0.04309596121311188)","(0.7378455400466919, 0.1870705783367157, 0.05090175196528435)","(0.7341675758361816, 0.21721744537353516, 0.05412410944700241)",Move
1790,"(0.7225539684295654, 0.40513208508491516, -2.5345022436340514e-07)","(0.7871535420417786, 0.39696529507637024, 0.028314290568232536)","(0.8179005980491638, 0.34309813380241394, 0.044863536953926086)","(0.8273202776908875, 0.2784616947174072, 0.057251691818237305)","(0.8191177845001221, 0.24211424589157104, 0.06865963339805603)","(0.8347004055976868, 0.22730574011802673, 0.03194347396492958)","(0.8444499969482422, 0.1895081102848053, 0.053324341773986816)","(0.8353702425956726, 0.22139903903007507, 0.06379299610853195)","(0.8252495527267456, 0.24913451075553894, 0.06892041116952896)","(0.8043932914733887, 0.1866452544927597, 0.025534890592098236)","(0.8091951608657837, 0.18592695891857147, 0.055686429142951965)","(0.8006083369255066, 0.22229136526584625, 0.06325270980596542)","(0.7927167415618896, 0.24835118651390076, 0.061861731112003326)","(0.7684944272041321, 0.1737668514251709, 0.022962791845202446)","(0.7752161026000977, 0.17926448583602905, 0.04915113002061844)","(0.7695563435554504, 0.211447075009346, 0.05261814594268799)","(0.7600998282432556, 0.23934587836265564, 0.04781876876950264)","(0.733637273311615, 0.17213697731494904, 0.02302384190261364)","(0.7418415546417236, 0.15255028009414673, 0.04375200718641281)","(0.7428116798400879, 0.17915034294128418, 0.05341164767742157)","(0.7389583587646484, 0.2106444239616394, 0.057663723826408386)",Move
1791,"(0.7303893566131592, 0.39359331130981445, -2.407195722753386e-07)","(0.792795717716217, 0.38778576254844666, 0.023705875501036644)","(0.8246387243270874, 0.336883544921875, 0.03704315051436424)","(0.8315180540084839, 0.27594438195228577, 0.04627915844321251)","(0.819780707359314, 0.24125660955905914, 0.054094430059194565)","(0.8418539762496948, 0.21572542190551758, 0.026342997327446938)","(0.846422553062439, 0.1816001534461975, 0.042691826820373535)","(0.8357308506965637, 0.21270830929279327, 0.04910712316632271)","(0.8260491490364075, 0.23950578272342682, 0.05152575671672821)","(0.8117077350616455, 0.17614106833934784, 0.01996687240898609)","(0.8093064427375793, 0.18084031343460083, 0.045484770089387894)","(0.7991212606430054, 0.21574047207832336, 0.05057302489876747)","(0.7921524047851562, 0.24206455051898956, 0.04781835153698921)","(0.7757603526115417, 0.1634274423122406, 0.016825133934617043)","(0.7762129306793213, 0.1761317402124405, 0.037949349731206894)","(0.7695892453193665, 0.20682692527770996, 0.039759743958711624)","(0.7610448598861694, 0.23416966199874878, 0.03479515388607979)","(0.7401488423347473, 0.16037029027938843, 0.01587112434208393)","(0.7443540096282959, 0.14956918358802795, 0.03208557516336441)","(0.7440473437309265, 0.17574918270111084, 0.04001934826374054)","(0.7405123114585876, 0.20484033226966858, 0.04378361254930496)",Move
1792,"(0.7330898642539978, 0.3900567293167114, -2.0997792660182313e-07)","(0.7996429204940796, 0.38468194007873535, 0.019059762358665466)","(0.8298105001449585, 0.3327734172344208, 0.03031730093061924)","(0.8372070789337158, 0.2740632891654968, 0.03808938339352608)","(0.8255372047424316, 0.23984159529209137, 0.04475238174200058)","(0.843410074710846, 0.2102135717868805, 0.02368880994617939)","(0.8520132899284363, 0.19607295095920563, 0.03495856747031212)","(0.8415951728820801, 0.2321235090494156, 0.03571361303329468)","(0.8303588032722473, 0.25512126088142395, 0.03425304591655731)","(0.8121135234832764, 0.17314927279949188, 0.01819285936653614)","(0.8197960257530212, 0.1830083429813385, 0.03926384449005127)","(0.811143159866333, 0.2194400131702423, 0.041928261518478394)","(0.8014944195747375, 0.2428382784128189, 0.03798350319266319)","(0.7768930196762085, 0.16228905320167542, 0.015061597339808941)","(0.7866091728210449, 0.17630523443222046, 0.0332942008972168)","(0.7807808518409729, 0.20780734717845917, 0.0354272723197937)","(0.7702941298484802, 0.23428110778331757, 0.031292639672756195)","(0.7430304884910583, 0.16201727092266083, 0.013433159328997135)","(0.753065824508667, 0.15290823578834534, 0.02794845774769783)","(0.7529170513153076, 0.17986100912094116, 0.036211155354976654)","(0.747674286365509, 0.20867347717285156, 0.04040021821856499)",Move
1793,"(0.7410891056060791, 0.38264909386634827, -1.9724183175640064e-07)","(0.8059732913970947, 0.3728395998477936, 0.020870476961135864)","(0.8333295583724976, 0.3191627264022827, 0.03189703822135925)","(0.8370187282562256, 0.26437655091285706, 0.038906779140233994)","(0.8233071565628052, 0.23212219774723053, 0.044322431087493896)","(0.849381148815155, 0.20144188404083252, 0.024872738867998123)","(0.8480769991874695, 0.18892230093479156, 0.03549281507730484)","(0.8385065197944641, 0.22557313740253448, 0.034892961382865906)","(0.83028644323349, 0.24957676231861115, 0.03235940635204315)","(0.8167828321456909, 0.16838088631629944, 0.017873339354991913)","(0.8152841925621033, 0.1773170828819275, 0.03872165083885193)","(0.8059588074684143, 0.21367675065994263, 0.04031512141227722)","(0.7981859445571899, 0.23976825177669525, 0.035288650542497635)","(0.7798484563827515, 0.1589033156633377, 0.013348089531064034)","(0.7823832631111145, 0.17137791216373444, 0.030696475878357887)","(0.7754952907562256, 0.2043854296207428, 0.03192698210477829)","(0.7667286992073059, 0.23298828303813934, 0.027195723727345467)","(0.74455726146698, 0.16007870435714722, 0.010493699461221695)","(0.7514874339103699, 0.14889279007911682, 0.023907123133540154)","(0.7505186796188354, 0.17787155508995056, 0.03180071711540222)","(0.746719241142273, 0.20790080726146698, 0.035800207406282425)",Move
1794,"(0.7450157999992371, 0.3770254850387573, -2.065030599851525e-07)","(0.8085823655128479, 0.37033402919769287, 0.02546219900250435)","(0.8344430923461914, 0.32063373923301697, 0.04111942648887634)","(0.838323175907135, 0.26960352063179016, 0.05230805277824402)","(0.82618248462677, 0.2386818826198578, 0.06182131543755531)","(0.8508617877960205, 0.20032580196857452, 0.037846505641937256)","(0.8509191274642944, 0.20406027138233185, 0.0531497485935688)","(0.8408318758010864, 0.23630505800247192, 0.05349087342619896)","(0.8315480351448059, 0.25490114092826843, 0.05118624493479729)","(0.8185707926750183, 0.16762980818748474, 0.030828211456537247)","(0.818748950958252, 0.18326565623283386, 0.05644307658076286)","(0.8092551827430725, 0.21779289841651917, 0.057361721992492676)","(0.8009358644485474, 0.24080272018909454, 0.05147119238972664)","(0.7823014855384827, 0.15747369825839996, 0.026408009231090546)","(0.7861828207969666, 0.17166367173194885, 0.047844354063272476)","(0.7791058421134949, 0.2051355093717575, 0.04813597723841667)","(0.7704414129257202, 0.23302339017391205, 0.04236101359128952)","(0.7473686337471008, 0.15880036354064941, 0.024073008447885513)","(0.7545463442802429, 0.1498406082391739, 0.041532810777425766)","(0.7540189027786255, 0.17790338397026062, 0.050016097724437714)","(0.7504931092262268, 0.20677436888217926, 0.05397721379995346)",Move
1795,"(0.7514913082122803, 0.37320202589035034, -1.8276482194323762e-07)","(0.8125930428504944, 0.368609219789505, 0.03536543995141983)","(0.8363502621650696, 0.3190685510635376, 0.05733618512749672)","(0.8402539491653442, 0.2685399055480957, 0.07361160963773727)","(0.8275529146194458, 0.23896194994449615, 0.08794768154621124)","(0.8508886694908142, 0.2126660794019699, 0.05139626935124397)","(0.8541666865348816, 0.20519745349884033, 0.07307173311710358)","(0.8439855575561523, 0.23317162692546844, 0.0783599242568016)","(0.8339846730232239, 0.2543671131134033, 0.07959845662117004)","(0.8202720284461975, 0.17449766397476196, 0.04309311509132385)","(0.8233717679977417, 0.18111345171928406, 0.07492919266223907)","(0.8139387965202332, 0.21375875174999237, 0.07930255681276321)","(0.8061621785163879, 0.23675279319286346, 0.07569533586502075)","(0.7851478457450867, 0.15941187739372253, 0.03801939636468887)","(0.7907648086547852, 0.17077457904815674, 0.06623415648937225)","(0.7844893932342529, 0.20243103802204132, 0.0682426393032074)","(0.7764354348182678, 0.22962263226509094, 0.06264723092317581)","(0.750524640083313, 0.15876248478889465, 0.03585972636938095)","(0.756964921951294, 0.15199995040893555, 0.06078099459409714)","(0.7569179534912109, 0.17932401597499847, 0.07117784023284912)","(0.7537182569503784, 0.20819531381130219, 0.07535567134618759)",Move
1796,"(0.7561990022659302, 0.3676842451095581, -2.0770340825038147e-07)","(0.8170145153999329, 0.3596843481063843, 0.04329488426446915)","(0.8377500176429749, 0.3072289526462555, 0.07284993678331375)","(0.8374117016792297, 0.2601783573627472, 0.09597114473581314)","(0.8221940994262695, 0.23204581439495087, 0.11691594868898392)","(0.8540576100349426, 0.20264832675457, 0.07167208194732666)","(0.8468690514564514, 0.2076401263475418, 0.10117577016353607)","(0.837276816368103, 0.23597970604896545, 0.1085735410451889)","(0.8292737603187561, 0.2560063898563385, 0.11075113713741302)","(0.8227984309196472, 0.16946686804294586, 0.0625021904706955)","(0.8151282668113708, 0.18114054203033447, 0.10303353518247604)","(0.8053209185600281, 0.21435768902301788, 0.10846833884716034)","(0.799038290977478, 0.2382017821073532, 0.104805126786232)","(0.7864049673080444, 0.156016007065773, 0.05658894032239914)","(0.782301664352417, 0.17006409168243408, 0.09103402495384216)","(0.7751884460449219, 0.20342549681663513, 0.09295748919248581)","(0.7698208689689636, 0.23037052154541016, 0.08682245016098022)","(0.7504874467849731, 0.15611761808395386, 0.05409947410225868)","(0.7528419494628906, 0.14567922055721283, 0.08235527575016022)","(0.7520121335983276, 0.1728573739528656, 0.09305933862924576)","(0.7501080632209778, 0.20209534466266632, 0.09717538952827454)",Position
1797,"(0.7592236995697021, 0.35818126797676086, -1.8452946903835254e-07)","(0.8201261162757874, 0.35075509548187256, 0.02928832173347473)","(0.8410224914550781, 0.2936926782131195, 0.049239616841077805)","(0.8400564789772034, 0.2406216859817505, 0.06471266597509384)","(0.8237045407295227, 0.21149185299873352, 0.0778912901878357)","(0.8562411069869995, 0.19830110669136047, 0.04794769361615181)","(0.8453601598739624, 0.20491203665733337, 0.06824706494808197)","(0.8364114761352539, 0.23530203104019165, 0.07104533910751343)","(0.8293761014938354, 0.2566181421279907, 0.07058507204055786)","(0.8248993158340454, 0.16521114110946655, 0.04191514477133751)","(0.814834475517273, 0.18055637180805206, 0.0736255869269371)","(0.8054943680763245, 0.21343141794204712, 0.07551906257867813)","(0.7996656894683838, 0.23671111464500427, 0.0700528547167778)","(0.789395809173584, 0.15297481417655945, 0.03868665173649788)","(0.7835266590118408, 0.16857337951660156, 0.06575213372707367)","(0.7772457599639893, 0.20153671503067017, 0.06505148857831955)","(0.7720009088516235, 0.2274709939956665, 0.0578312985599041)","(0.7540143132209778, 0.15206950902938843, 0.037918247282505035)","(0.7556841969490051, 0.14507289230823517, 0.059922534972429276)","(0.7548334002494812, 0.17302903532981873, 0.0684475377202034)","(0.7525486350059509, 0.2005748301744461, 0.07171624153852463)",Position
1798,"(0.7608600854873657, 0.35714325308799744, -2.392415012764104e-07)","(0.8211999535560608, 0.35542479157447815, 0.05496463552117348)","(0.8392346501350403, 0.30755531787872314, 0.09313347190618515)","(0.8380488753318787, 0.2610074281692505, 0.12369678169488907)","(0.8239052295684814, 0.23183810710906982, 0.1522105485200882)","(0.8579731583595276, 0.2072756290435791, 0.0935557410120964)","(0.8479719758033752, 0.2110513597726822, 0.13430525362491608)","(0.8381401300430298, 0.23820288479328156, 0.14883266389369965)","(0.8299801349639893, 0.25525712966918945, 0.15530116856098175)","(0.8281888365745544, 0.17381277680397034, 0.08367747813463211)","(0.8193254470825195, 0.18163074553012848, 0.13468487560749054)","(0.8097880482673645, 0.21474848687648773, 0.1457417905330658)","(0.8032642006874084, 0.23759154975414276, 0.1457647681236267)","(0.7936528921127319, 0.15806972980499268, 0.07764747738838196)","(0.788098156452179, 0.17105147242546082, 0.12259881943464279)","(0.7809668779373169, 0.20425884425640106, 0.127980574965477)","(0.7764362096786499, 0.22771108150482178, 0.12316390126943588)","(0.7579253315925598, 0.15437054634094238, 0.07577943801879883)","(0.7583143711090088, 0.14339014887809753, 0.11242774873971939)","(0.7564184069633484, 0.1703719198703766, 0.1258089691400528)","(0.7546840310096741, 0.19746118783950806, 0.1308986097574234)",Position
1799,"(0.7645474076271057, 0.3563053607940674, -2.2041048453047551e-07)","(0.8230149149894714, 0.35697081685066223, 0.0567454993724823)","(0.8411692380905151, 0.308663934469223, 0.09716738760471344)","(0.8384603261947632, 0.2631457448005676, 0.12935444712638855)","(0.8229961395263672, 0.23319409787654877, 0.15928584337234497)","(0.860323965549469, 0.20861662924289703, 0.10194569826126099)","(0.8473209738731384, 0.21527709066867828, 0.14315558969974518)","(0.838334321975708, 0.24122364819049835, 0.15712182223796844)","(0.8315061330795288, 0.25868842005729675, 0.16352103650569916)","(0.8310953378677368, 0.17492254078388214, 0.09124423563480377)","(0.8188433051109314, 0.18417271971702576, 0.1432667374610901)","(0.8094185590744019, 0.2163696438074112, 0.15423879027366638)","(0.8032417893409729, 0.23997803032398224, 0.15485279262065887)","(0.797019362449646, 0.15771575272083282, 0.08382799476385117)","(0.7869394421577454, 0.17141574621200562, 0.1287868618965149)","(0.7796550989151001, 0.20343388617038727, 0.13416805863380432)","(0.7761886119842529, 0.22665287554264069, 0.13018666207790375)","(0.7604893445968628, 0.15156233310699463, 0.0805363804101944)","(0.7581430077552795, 0.1421107053756714, 0.11628592014312744)","(0.7558186650276184, 0.16736242175102234, 0.12904222309589386)","(0.7542647123336792, 0.1928514838218689, 0.13435469567775726)",Position
1800,"(0.7657960653305054, 0.35797515511512756, -2.139260431022194e-07)","(0.8241052627563477, 0.3561677932739258, 0.052222710102796555)","(0.8434371948242188, 0.30305206775665283, 0.08873952925205231)","(0.8409757614135742, 0.2552700936794281, 0.11719637364149094)","(0.8246321678161621, 0.22524148225784302, 0.1428435891866684)","(0.8610351085662842, 0.21071314811706543, 0.09282021969556808)","(0.8488921523094177, 0.21592198312282562, 0.1307816058397293)","(0.8401474356651306, 0.241515651345253, 0.14301109313964844)","(0.8335058689117432, 0.2595944106578827, 0.14830902218818665)","(0.8321033120155334, 0.17663352191448212, 0.08193165063858032)","(0.8202685117721558, 0.1866501420736313, 0.1305747926235199)","(0.8109830021858215, 0.21877580881118774, 0.13952505588531494)","(0.8048111200332642, 0.24158623814582825, 0.13879337906837463)","(0.7975867986679077, 0.15995708107948303, 0.07425718009471893)","(0.7887590527534485, 0.17273980379104614, 0.11576727777719498)","(0.7815020680427551, 0.20567643642425537, 0.11959727853536606)","(0.7776764035224915, 0.22859330475330353, 0.11458832025527954)","(0.7614091038703918, 0.15439271926879883, 0.07046326994895935)","(0.7604736685752869, 0.13909879326820374, 0.10323584079742432)","(0.7590155601501465, 0.16366443037986755, 0.11504234373569489)","(0.7575672268867493, 0.18935838341712952, 0.11970371752977371)",Position
1801,"(0.7659769058227539, 0.36073818802833557, -2.2974472813075408e-07)","(0.8227306008338928, 0.3576759397983551, 0.05423572659492493)","(0.8432954549789429, 0.30400902032852173, 0.09069158881902695)","(0.8418982028961182, 0.25599753856658936, 0.11892279982566833)","(0.8258312344551086, 0.22586596012115479, 0.1441682130098343)","(0.861879289150238, 0.211276113986969, 0.09149087965488434)","(0.8511554002761841, 0.21688495576381683, 0.12945783138275146)","(0.8418482542037964, 0.24275436997413635, 0.14106877148151398)","(0.8346536755561829, 0.25978609919548035, 0.14562655985355377)","(0.8332756161689758, 0.17742648720741272, 0.07949215173721313)","(0.8228694796562195, 0.1870916336774826, 0.1286448985338211)","(0.813232421875, 0.22073467075824738, 0.13788771629333496)","(0.8067691922187805, 0.24265143275260925, 0.13679328560829163)","(0.7988007068634033, 0.15987081825733185, 0.07115058600902557)","(0.7918787598609924, 0.17173080146312714, 0.11377663165330887)","(0.7844955325126648, 0.20630232989788055, 0.11860086768865585)","(0.7801507711410522, 0.22959889471530914, 0.11346013098955154)","(0.763023316860199, 0.1528284251689911, 0.06684412062168121)","(0.7641401886940002, 0.1349329948425293, 0.10044308751821518)","(0.7622328996658325, 0.16031907498836517, 0.11317291855812073)","(0.7601311206817627, 0.1860502064228058, 0.11799314618110657)",Position
1802,"(0.7672638297080994, 0.3606101870536804, -2.1883312228965224e-07)","(0.8229437470436096, 0.3579697012901306, 0.05093774572014809)","(0.8442700505256653, 0.3045801818370819, 0.08477155864238739)","(0.8439039587974548, 0.2572256922721863, 0.11061666160821915)","(0.8287133574485779, 0.22816666960716248, 0.13351322710514069)","(0.8618149161338806, 0.21180251240730286, 0.08466038107872009)","(0.8524489998817444, 0.21343421936035156, 0.11986102908849716)","(0.8424744606018066, 0.23903441429138184, 0.13074037432670593)","(0.8348627090454102, 0.2569653391838074, 0.13504625856876373)","(0.8340354561805725, 0.17694732546806335, 0.07287437468767166)","(0.8243827223777771, 0.18514105677604675, 0.11856253445148468)","(0.8144658803939819, 0.21842139959335327, 0.1270655244588852)","(0.8079624176025391, 0.24057061970233917, 0.12578129768371582)","(0.799396276473999, 0.1588774025440216, 0.06463470309972763)","(0.7940407395362854, 0.1692257821559906, 0.10362963378429413)","(0.7866731286048889, 0.20370233058929443, 0.1083609089255333)","(0.7818864583969116, 0.22832530736923218, 0.10372678935527802)","(0.7638488411903381, 0.1526569426059723, 0.06028490886092186)","(0.7661526799201965, 0.1336386501789093, 0.09176936000585556)","(0.7646472454071045, 0.15918123722076416, 0.10465569794178009)","(0.7623361945152283, 0.18531093001365662, 0.10988929867744446)",Position
1803,"(0.7700809240341187, 0.35668349266052246, -2.0404978329224832e-07)","(0.8257551789283752, 0.3494356572628021, 0.052029483020305634)","(0.8457882404327393, 0.2957107126712799, 0.08647225797176361)","(0.8450477719306946, 0.24925611913204193, 0.11262771487236023)","(0.83064204454422, 0.2212098389863968, 0.13561506569385529)","(0.861203134059906, 0.20793896913528442, 0.08642728626728058)","(0.8498251438140869, 0.20689162611961365, 0.12292113155126572)","(0.8404765129089355, 0.2330959439277649, 0.13504022359848022)","(0.8340855240821838, 0.2524888217449188, 0.14047445356845856)","(0.8331534266471863, 0.17601650953292847, 0.07437993586063385)","(0.8222278952598572, 0.18211324512958527, 0.12136112153530121)","(0.8128370642662048, 0.21518325805664062, 0.13040918111801147)","(0.8069759607315063, 0.23787811398506165, 0.1297024041414261)","(0.7988002300262451, 0.15956461429595947, 0.06599713861942291)","(0.7927353382110596, 0.16680409014225006, 0.10580463707447052)","(0.7857682108879089, 0.20075663924217224, 0.11094456166028976)","(0.7815676331520081, 0.2252224236726761, 0.10689806193113327)","(0.7632518410682678, 0.1545051485300064, 0.06162348389625549)","(0.7667014598846436, 0.13050991296768188, 0.09382183104753494)","(0.7661645412445068, 0.15407519042491913, 0.10751175880432129)","(0.7640394568443298, 0.17997950315475464, 0.11353100836277008)",Position
1804,"(0.7685131430625916, 0.3599066436290741, -2.224835924380386e-07)","(0.8258846402168274, 0.3547406792640686, 0.0374939925968647)","(0.8481509685516357, 0.29655852913856506, 0.06317497789859772)","(0.846738874912262, 0.24588367342948914, 0.08286157250404358)","(0.8294148445129395, 0.21683049201965332, 0.09984321147203445)","(0.8638034462928772, 0.20977935194969177, 0.062183842062950134)","(0.8539914488792419, 0.21075214445590973, 0.08804013580083847)","(0.8441437482833862, 0.23766377568244934, 0.09388954192399979)","(0.8362796902656555, 0.25674042105674744, 0.09526307135820389)","(0.8352159261703491, 0.17463023960590363, 0.053180258721113205)","(0.8260502815246582, 0.18379008769989014, 0.08936986327171326)","(0.8159223198890686, 0.21663664281368256, 0.09366058558225632)","(0.8090845346450806, 0.23862983286380768, 0.09008432924747467)","(0.8000060319900513, 0.1578502058982849, 0.04715670272707939)","(0.7965981960296631, 0.16438676416873932, 0.07669264823198318)","(0.7893617153167725, 0.19869059324264526, 0.07864365726709366)","(0.7831016778945923, 0.22359083592891693, 0.07341413199901581)","(0.7643412947654724, 0.1533329039812088, 0.04415803775191307)","(0.7697726488113403, 0.12713584303855896, 0.06754939258098602)","(0.7697968482971191, 0.15220528841018677, 0.07796680182218552)","(0.7671605944633484, 0.17917713522911072, 0.08245070278644562)",Position
1805,"(0.7716529369354248, 0.361460417509079, -2.59304215433076e-07)","(0.8249397873878479, 0.35318297147750854, 0.05429711565375328)","(0.8470034599304199, 0.3004324734210968, 0.0900290384888649)","(0.847636878490448, 0.2537388205528259, 0.11760873347520828)","(0.8334657549858093, 0.2249884307384491, 0.14202307164669037)","(0.8610921502113342, 0.212845116853714, 0.08395447582006454)","(0.8542988300323486, 0.209494948387146, 0.12008044123649597)","(0.8442767858505249, 0.2345135509967804, 0.13221754133701324)","(0.8366411924362183, 0.2523396909236908, 0.1375831961631775)","(0.8332565426826477, 0.17856141924858093, 0.07187402248382568)","(0.8265951871871948, 0.18352486193180084, 0.11798889935016632)","(0.8166106343269348, 0.21792759001255035, 0.12656418979167938)","(0.8099159002304077, 0.23967815935611725, 0.12534530460834503)","(0.7994363307952881, 0.161112979054451, 0.06411155313253403)","(0.7976113557815552, 0.16681396961212158, 0.10398229211568832)","(0.7912963628768921, 0.20025256276130676, 0.10827111452817917)","(0.7859461903572083, 0.22407446801662445, 0.1031266301870346)","(0.7651488780975342, 0.15426623821258545, 0.060804788023233414)","(0.7694430351257324, 0.12946417927742004, 0.09300508350133896)","(0.7703889012336731, 0.15236547589302063, 0.10560772567987442)","(0.7691935896873474, 0.178309366106987, 0.11049990355968475)",Position
1806,"(0.7727391123771667, 0.3544601798057556, -2.758207244824007e-07)","(0.8243797421455383, 0.35568928718566895, 0.06503976881504059)","(0.8459032773971558, 0.310124933719635, 0.10727185755968094)","(0.8455877900123596, 0.2680383026599884, 0.13866101205348969)","(0.8339357972145081, 0.23931899666786194, 0.16628743708133698)","(0.8605605959892273, 0.21507281064987183, 0.10742004215717316)","(0.8555033206939697, 0.21694602072238922, 0.15009339153766632)","(0.8469070792198181, 0.24320441484451294, 0.1652863621711731)","(0.8398367762565613, 0.26007142663002014, 0.1728503257036209)","(0.8332234621047974, 0.17983531951904297, 0.09187258780002594)","(0.8275071382522583, 0.18902641534805298, 0.14566698670387268)","(0.8181580901145935, 0.22652925550937653, 0.15670223534107208)","(0.8116486072540283, 0.24814818799495697, 0.15728305280208588)","(0.8013125658035278, 0.16183194518089294, 0.08034451305866241)","(0.7990320324897766, 0.1713082492351532, 0.12693145871162415)","(0.7925986647605896, 0.20825575292110443, 0.1321762651205063)","(0.7882089018821716, 0.2318522036075592, 0.12738630175590515)","(0.767515242099762, 0.15333595871925354, 0.07369950413703918)","(0.7707973122596741, 0.12929044663906097, 0.1109655350446701)","(0.7716180682182312, 0.15028813481330872, 0.12481901794672012)","(0.771295428276062, 0.17542655766010284, 0.13017041981220245)",Position
1807,"(0.7753416895866394, 0.3534366190433502, -2.1199802802129852e-07)","(0.8279727697372437, 0.3535487651824951, 0.052661746740341187)","(0.8494486808776855, 0.30452507734298706, 0.08739214390516281)","(0.8485084772109985, 0.25897082686424255, 0.11330590397119522)","(0.8344378471374512, 0.23161455988883972, 0.13583490252494812)","(0.8621340990066528, 0.21334464848041534, 0.08902617543935776)","(0.8552570939064026, 0.2156587690114975, 0.12431541830301285)","(0.8463093042373657, 0.2405766397714615, 0.13575439155101776)","(0.8392398357391357, 0.25819629430770874, 0.14113011956214905)","(0.8344540596008301, 0.17918609082698822, 0.07655802369117737)","(0.8267719149589539, 0.18771806359291077, 0.12263499200344086)","(0.817944347858429, 0.2204163521528244, 0.13152143359184265)","(0.8126838207244873, 0.24112682044506073, 0.13116541504859924)","(0.8010414242744446, 0.16228121519088745, 0.06742794066667557)","(0.7971248626708984, 0.16875773668289185, 0.10585369169712067)","(0.7912390828132629, 0.2019450068473816, 0.11047828197479248)","(0.7876468300819397, 0.2255704402923584, 0.10670733451843262)","(0.7664390802383423, 0.15686622262001038, 0.06237694248557091)","(0.7700247168540955, 0.12886720895767212, 0.09376682341098785)","(0.771451473236084, 0.14720502495765686, 0.10701236873865128)","(0.7714084386825562, 0.17030438780784607, 0.11292527616024017)",Position
1808,"(0.7769454121589661, 0.3538615107536316, -2.1972098807054863e-07)","(0.8291688561439514, 0.3555704951286316, 0.053387805819511414)","(0.8507102131843567, 0.3096543252468109, 0.09081713855266571)","(0.8488501310348511, 0.2675619125366211, 0.11993691325187683)","(0.8340713977813721, 0.2405535727739334, 0.14627127349376678)","(0.8651580214500427, 0.21131333708763123, 0.0929771140217781)","(0.8572013974189758, 0.21245504915714264, 0.13059155642986298)","(0.8486682772636414, 0.23716256022453308, 0.14398212730884552)","(0.8419297933578491, 0.2556985914707184, 0.1506941318511963)","(0.8372412323951721, 0.17879317700862885, 0.0814688503742218)","(0.8302953839302063, 0.18520911037921906, 0.12784071266651154)","(0.8216509222984314, 0.21847550570964813, 0.13777126371860504)","(0.8157067894935608, 0.2404763251543045, 0.13887979090213776)","(0.8035551905632019, 0.1628173142671585, 0.07318341732025146)","(0.800251305103302, 0.16863347589969635, 0.11085472255945206)","(0.7942800521850586, 0.2020663321018219, 0.11607027798891068)","(0.7905319333076477, 0.2252434492111206, 0.11372993886470795)","(0.7683023810386658, 0.1579197645187378, 0.06914621591567993)","(0.7706862092018127, 0.13003009557724, 0.09944331645965576)","(0.7715200185775757, 0.1507294774055481, 0.1124735027551651)","(0.7711499929428101, 0.1753755360841751, 0.11889227479696274)",Position
1809,"(0.7763375043869019, 0.35696980357170105, -2.0873767425655387e-07)","(0.8314837217330933, 0.3580036461353302, 0.046278808265924454)","(0.8538888692855835, 0.3122151792049408, 0.0792120024561882)","(0.8521273136138916, 0.26919201016426086, 0.10536488145589828)","(0.8361021280288696, 0.2413182407617569, 0.128896102309227)","(0.8661386370658875, 0.21090446412563324, 0.07963774353265762)","(0.8586190938949585, 0.2153661549091339, 0.1127529963850975)","(0.8503068685531616, 0.24012960493564606, 0.12318219244480133)","(0.8432109355926514, 0.25842222571372986, 0.1277271956205368)","(0.837490975856781, 0.1771603226661682, 0.07010908424854279)","(0.8307986855506897, 0.18744277954101562, 0.11189715564250946)","(0.8224547505378723, 0.22025607526302338, 0.11925376951694489)","(0.8164076805114746, 0.24213024973869324, 0.1182682141661644)","(0.8027162551879883, 0.16165000200271606, 0.06382296234369278)","(0.800127387046814, 0.17000812292099, 0.09740862250328064)","(0.7947953343391418, 0.2019396424293518, 0.10094033181667328)","(0.7906380891799927, 0.22596894204616547, 0.09750808775424957)","(0.7673158049583435, 0.15906620025634766, 0.06144275516271591)","(0.7703491449356079, 0.13089902698993683, 0.08821811527013779)","(0.771891176700592, 0.15045762062072754, 0.09996182471513748)","(0.7714330554008484, 0.1758941113948822, 0.1056654155254364)",Release
1810,"(0.7785221934318542, 0.357580304145813, -2.1217582002464042e-07)","(0.832352876663208, 0.35910817980766296, 0.05238008499145508)","(0.8537382483482361, 0.31668972969055176, 0.08968197554349899)","(0.8515999913215637, 0.27608972787857056, 0.11958076804876328)","(0.8365465402603149, 0.24873994290828705, 0.14699792861938477)","(0.8671314120292664, 0.20931130647659302, 0.09019693732261658)","(0.8577226996421814, 0.21280215680599213, 0.128599613904953)","(0.8496184349060059, 0.2373817414045334, 0.14240367710590363)","(0.8435290455818176, 0.25583186745643616, 0.14920049905776978)","(0.8388338685035706, 0.1771232634782791, 0.07994144409894943)","(0.8300091028213501, 0.18578267097473145, 0.12645560503005981)","(0.821556568145752, 0.219021275639534, 0.13609935343265533)","(0.8160592913627625, 0.24176526069641113, 0.13674898445606232)","(0.8045979142189026, 0.16174978017807007, 0.07330328971147537)","(0.7994502782821655, 0.16981953382492065, 0.11142227798700333)","(0.7940369844436646, 0.20194457471370697, 0.11684722453355789)","(0.7908881306648254, 0.2259545624256134, 0.11459210515022278)","(0.7689926028251648, 0.15874505043029785, 0.07097971439361572)","(0.7700979709625244, 0.13251328468322754, 0.1017192006111145)","(0.7713523507118225, 0.15339602530002594, 0.11530730873346329)","(0.7714201807975769, 0.17905019223690033, 0.12226153165102005)",Release
1811,"(0.7779492735862732, 0.35758721828460693, -2.398783749413269e-07)","(0.8306800723075867, 0.3599766790866852, 0.06061524897813797)","(0.8514987230300903, 0.32008060812950134, 0.10310641676187515)","(0.8495808839797974, 0.28294745087623596, 0.13703779876232147)","(0.8357294201850891, 0.2556559145450592, 0.16848447918891907)","(0.8664251565933228, 0.20972281694412231, 0.10219526290893555)","(0.856892466545105, 0.21323339641094208, 0.14504209160804749)","(0.8491060733795166, 0.23685120046138763, 0.1624385565519333)","(0.8432512879371643, 0.25561001896858215, 0.17202778160572052)","(0.8382737040519714, 0.1779334843158722, 0.09038738161325455)","(0.828962504863739, 0.18504482507705688, 0.14119601249694824)","(0.8207986950874329, 0.2187001258134842, 0.1546819508075714)","(0.8156350255012512, 0.24166332185268402, 0.15844233334064484)","(0.8047011494636536, 0.16250351071357727, 0.08248043060302734)","(0.7985353469848633, 0.16997048258781433, 0.12477115541696548)","(0.7934660315513611, 0.20143677294254303, 0.13308468461036682)","(0.7910641431808472, 0.22449015080928802, 0.13295692205429077)","(0.7691094875335693, 0.158594012260437, 0.0794435665011406)","(0.7692273855209351, 0.13388116657733917, 0.11361321806907654)","(0.7706947326660156, 0.15387162566184998, 0.12895190715789795)","(0.7713893055915833, 0.1789328157901764, 0.13724182546138763)",Release
1812,"(0.7775104641914368, 0.3560871481895447, -2.2665628307549923e-07)","(0.830926775932312, 0.36492472887039185, 0.05539516732096672)","(0.8526220917701721, 0.3271101713180542, 0.09607438743114471)","(0.8504330515861511, 0.28948545455932617, 0.1294393539428711)","(0.835972249507904, 0.26270192861557007, 0.16064698994159698)","(0.8674951791763306, 0.20809590816497803, 0.09695705771446228)","(0.8570690751075745, 0.21532969176769257, 0.1385417878627777)","(0.8496736884117126, 0.24028341472148895, 0.15436869859695435)","(0.8437918424606323, 0.25821977853775024, 0.16267068684101105)","(0.8391962051391602, 0.17736640572547913, 0.08720725029706955)","(0.8289903998374939, 0.18706145882606506, 0.136946439743042)","(0.8213112354278564, 0.2201552838087082, 0.1487058848142624)","(0.8159460425376892, 0.24334250390529633, 0.15087883174419403)","(0.805216372013092, 0.16307783126831055, 0.08110450953245163)","(0.7976958155632019, 0.17215906083583832, 0.12179099768400192)","(0.7923509478569031, 0.2035703808069229, 0.12842094898223877)","(0.7898856401443481, 0.22694708406925201, 0.12717722356319427)","(0.7692853808403015, 0.16049158573150635, 0.07951481640338898)","(0.7694193124771118, 0.13532085716724396, 0.11195053905248642)","(0.770112156867981, 0.15551836788654327, 0.12615397572517395)","(0.7701268196105957, 0.18039682507514954, 0.1336255967617035)",Release
1813,"(0.7786425948143005, 0.36195433139801025, -2.3524060566160188e-07)","(0.8312997221946716, 0.36631637811660767, 0.05448669567704201)","(0.8524733185768127, 0.32548242807388306, 0.09322605282068253)","(0.8511440753936768, 0.28874608874320984, 0.12456879764795303)","(0.8377113938331604, 0.26186373829841614, 0.15363818407058716)","(0.8685840368270874, 0.2074616402387619, 0.09118608385324478)","(0.8584351539611816, 0.21693341434001923, 0.13049067556858063)","(0.8500030040740967, 0.2411922663450241, 0.1455375701189041)","(0.843671977519989, 0.2596505880355835, 0.15341982245445251)","(0.8402974009513855, 0.17572350800037384, 0.08036123961210251)","(0.8293842077255249, 0.18852822482585907, 0.12819434702396393)","(0.8210239410400391, 0.22135625779628754, 0.14021585881710052)","(0.815786600112915, 0.2445439100265503, 0.14252784848213196)","(0.8057910799980164, 0.16163435578346252, 0.07326434552669525)","(0.7977865934371948, 0.17351797223091125, 0.11233866959810257)","(0.792367160320282, 0.20511958003044128, 0.11988665908575058)","(0.7895309329032898, 0.2283368557691574, 0.11921557039022446)","(0.7698167562484741, 0.16104750335216522, 0.07055436074733734)","(0.7684109807014465, 0.13658511638641357, 0.10150633007287979)","(0.7696110010147095, 0.15601208806037903, 0.11592152714729309)","(0.7697578072547913, 0.180327907204628, 0.1237565279006958)",Release
1814,"(0.7782871127128601, 0.3578178882598877, -2.284907907323941e-07)","(0.8316863775253296, 0.3671756684780121, 0.052203644067049026)","(0.8525397181510925, 0.3289620280265808, 0.09088151156902313)","(0.850144624710083, 0.2930288314819336, 0.12284611910581589)","(0.8360816240310669, 0.2666158080101013, 0.15274223685264587)","(0.8690212965011597, 0.20579814910888672, 0.0907280445098877)","(0.8573721647262573, 0.21841256320476532, 0.13070476055145264)","(0.8495751023292542, 0.24311648309230804, 0.14634808897972107)","(0.843421459197998, 0.2612878680229187, 0.15468549728393555)","(0.8403170108795166, 0.17526137828826904, 0.08141828328371048)","(0.8285362124443054, 0.1895570307970047, 0.12990990281105042)","(0.8206382393836975, 0.2217211276292801, 0.14233699440956116)","(0.815324604511261, 0.24480701982975006, 0.14496223628520966)","(0.8053337335586548, 0.16233515739440918, 0.07560128718614578)","(0.7961640357971191, 0.1740698665380478, 0.11432623863220215)","(0.7906694412231445, 0.20585289597511292, 0.12156153470277786)","(0.7881964445114136, 0.2292916476726532, 0.12105981260538101)","(0.768485963344574, 0.1625223159790039, 0.07405618578195572)","(0.7670772671699524, 0.13570301234722137, 0.10398375242948532)","(0.7686982154846191, 0.1533796489238739, 0.11778498440980911)","(0.7692276239395142, 0.17711611092090607, 0.1254362314939499)",Release
1815,"(0.7761470675468445, 0.3633112907409668, -2.0971515368728433e-07)","(0.8301751017570496, 0.3725724220275879, 0.03974660113453865)","(0.8532723784446716, 0.33734261989593506, 0.06986828148365021)","(0.8522112369537354, 0.3018247187137604, 0.09487131983041763)","(0.8381578326225281, 0.27599406242370605, 0.11809311807155609)","(0.8679410815238953, 0.20687121152877808, 0.07015889137983322)","(0.8584939241409302, 0.21488291025161743, 0.10119425505399704)","(0.850504994392395, 0.23920728266239166, 0.11190292239189148)","(0.8442059755325317, 0.2589799463748932, 0.11700672656297684)","(0.838869035243988, 0.17462217807769775, 0.06279975175857544)","(0.8290743231773376, 0.18863682448863983, 0.10127519816160202)","(0.8205234408378601, 0.2217612862586975, 0.10851273685693741)","(0.815416693687439, 0.2452004998922348, 0.10791470855474472)","(0.803220272064209, 0.16155406832695007, 0.058413315564394)","(0.7974073886871338, 0.17146220803260803, 0.08657537400722504)","(0.7911435961723328, 0.20510277152061462, 0.09020014107227325)","(0.7871760129928589, 0.2304954081773758, 0.08843176066875458)","(0.7668583393096924, 0.16326436400413513, 0.057634830474853516)","(0.7666894197463989, 0.13158075511455536, 0.07853151857852936)","(0.767625629901886, 0.1524137556552887, 0.08926936239004135)","(0.7671322226524353, 0.17897561192512512, 0.09575972706079483)",Release
1816,"(0.7732146382331848, 0.3650900721549988, -2.140843946563109e-07)","(0.8290396332740784, 0.3707128167152405, 0.04758739471435547)","(0.851681113243103, 0.3318517208099365, 0.08241491764783859)","(0.850013017654419, 0.29521095752716064, 0.1107930913567543)","(0.8353427648544312, 0.2695208787918091, 0.13699942827224731)","(0.8657920360565186, 0.20382604002952576, 0.0817929357290268)","(0.8565356135368347, 0.2078969031572342, 0.11698584258556366)","(0.8494763374328613, 0.233198881149292, 0.12933751940727234)","(0.8437318205833435, 0.2531398832798004, 0.13547147810459137)","(0.8359079957008362, 0.17355048656463623, 0.07260318100452423)","(0.8265870809555054, 0.18319827318191528, 0.11605703830718994)","(0.8185753226280212, 0.21757490932941437, 0.12497098743915558)","(0.8136955499649048, 0.24059374630451202, 0.12514258921146393)","(0.7994998693466187, 0.16128936409950256, 0.06684080511331558)","(0.7941810488700867, 0.16814301908016205, 0.10042446851730347)","(0.7881396412849426, 0.2027149200439453, 0.10602781921625137)","(0.7845547795295715, 0.22808389365673065, 0.104817695915699)","(0.7626141309738159, 0.1640252023935318, 0.06520894914865494)","(0.7643316388130188, 0.1292448490858078, 0.09159758687019348)","(0.7661528587341309, 0.14757469296455383, 0.10514681786298752)","(0.7662836909294128, 0.17203958332538605, 0.11297335475683212)",Reach
1817,"(0.771949052810669, 0.36169859766960144, -2.6259502305947535e-07)","(0.8275426626205444, 0.36303579807281494, 0.061250098049640656)","(0.8485381007194519, 0.3202962875366211, 0.1037302240729332)","(0.8475534915924072, 0.28213295340538025, 0.13763409852981567)","(0.833672821521759, 0.2537034749984741, 0.16883571445941925)","(0.863514244556427, 0.20664581656455994, 0.09949827939271927)","(0.8547431826591492, 0.20944035053253174, 0.1419132947921753)","(0.8476663827896118, 0.2368115335702896, 0.1582232117652893)","(0.8409351706504822, 0.25861817598342896, 0.16694848239421844)","(0.8330990076065063, 0.17670711874961853, 0.08751572668552399)","(0.8255966901779175, 0.18238413333892822, 0.1396254599094391)","(0.8176693320274353, 0.21922315657138824, 0.1531996876001358)","(0.8121525645256042, 0.24252289533615112, 0.1558290421962738)","(0.7976397275924683, 0.16262227296829224, 0.07974487543106079)","(0.7929922342300415, 0.16862982511520386, 0.12402384728193283)","(0.7874696254730225, 0.20474040508270264, 0.13297756016254425)","(0.7846007943153381, 0.22950337827205658, 0.13184893131256104)","(0.7606595754623413, 0.1608065664768219, 0.07686442136764526)","(0.7626646161079407, 0.12798306345939636, 0.11191172152757645)","(0.764251708984375, 0.14534205198287964, 0.12794771790504456)","(0.7649763226509094, 0.1696431040763855, 0.13593244552612305)",Reach
1818,"(0.7696497440338135, 0.3542715907096863, -2.410196486835048e-07)","(0.8241927027702332, 0.36665165424346924, 0.06314148008823395)","(0.845115065574646, 0.3307982385158539, 0.1102675199508667)","(0.8431512713432312, 0.2966633439064026, 0.14869920909404755)","(0.8287530541419983, 0.2692197263240814, 0.1849113553762436)","(0.8604691624641418, 0.20499834418296814, 0.1149597093462944)","(0.849648118019104, 0.2115568369626999, 0.16070620715618134)","(0.8437024354934692, 0.23951506614685059, 0.17772629857063293)","(0.8375304341316223, 0.26085174083709717, 0.1876085102558136)","(0.829943835735321, 0.17705193161964417, 0.10461685806512833)","(0.822211503982544, 0.18157978355884552, 0.15957924723625183)","(0.8152230381965637, 0.2177254855632782, 0.1733742207288742)","(0.8094283938407898, 0.24274200201034546, 0.17737898230552673)","(0.7949931621551514, 0.16265857219696045, 0.09770125150680542)","(0.790256142616272, 0.1685936450958252, 0.14320702850818634)","(0.7842606902122498, 0.20369890332221985, 0.1518280953168869)","(0.7813704013824463, 0.22835269570350647, 0.1523214429616928)","(0.7570441961288452, 0.1591625213623047, 0.0957195982336998)","(0.7607458233833313, 0.12302768975496292, 0.13255517184734344)","(0.7618931531906128, 0.13794340193271637, 0.1493987739086151)","(0.7627816796302795, 0.16071829199790955, 0.15869320929050446)",Reach
1819,"(0.7616413831710815, 0.3522821068763733, -2.735398254571919e-07)","(0.819162905216217, 0.3678661584854126, 0.06255293637514114)","(0.8411664962768555, 0.3339150547981262, 0.1138046532869339)","(0.838178277015686, 0.3011275827884674, 0.15767695009708405)","(0.8244972229003906, 0.27447280287742615, 0.1996130347251892)","(0.8572585582733154, 0.19095560908317566, 0.12210716307163239)","(0.8459370732307434, 0.21081067621707916, 0.17356927692890167)","(0.8387958407402039, 0.2443852722644806, 0.19136425852775574)","(0.8321771621704102, 0.2642032206058502, 0.20099739730358124)","(0.8247033953666687, 0.16974157094955444, 0.11472067981958389)","(0.8166900873184204, 0.1825638711452484, 0.17439571022987366)","(0.8075633645057678, 0.22409695386886597, 0.18545466661453247)","(0.8000485301017761, 0.24940569698810577, 0.18699082732200623)","(0.7889353632926941, 0.1598958671092987, 0.11111059039831161)","(0.7862899303436279, 0.16870367527008057, 0.16003379225730896)","(0.779735803604126, 0.2078610062599182, 0.1652333289384842)","(0.7756253480911255, 0.23367902636528015, 0.16325947642326355)","(0.7510473728179932, 0.16054779291152954, 0.11256333440542221)","(0.756089448928833, 0.12365417927503586, 0.15276101231575012)","(0.7577843070030212, 0.13827422261238098, 0.16980668902397156)","(0.758184552192688, 0.15968993306159973, 0.17878586053848267)",Reach
1820,"(0.7579571604728699, 0.35403183102607727, -2.5643757339821605e-07)","(0.8155919313430786, 0.36301857233047485, 0.0574246309697628)","(0.8378865122795105, 0.321383535861969, 0.1096981018781662)","(0.8338894844055176, 0.28600919246673584, 0.1551128625869751)","(0.8201223611831665, 0.25982582569122314, 0.19889812171459198)","(0.8522909283638, 0.18406350910663605, 0.12507009506225586)","(0.842680037021637, 0.20563653111457825, 0.17671121656894684)","(0.8350306153297424, 0.23682615160942078, 0.19520926475524902)","(0.8284279704093933, 0.2567775547504425, 0.2058906853199005)","(0.8180537223815918, 0.16417056322097778, 0.11960066109895706)","(0.8101252913475037, 0.18088465929031372, 0.1774882972240448)","(0.801162838935852, 0.221433624625206, 0.18584465980529785)","(0.7946850657463074, 0.25071677565574646, 0.18707947432994843)","(0.7815582752227783, 0.15594978630542755, 0.11689533293247223)","(0.7788963317871094, 0.17119169235229492, 0.16162921488285065)","(0.7727347016334534, 0.21147070825099945, 0.16202978789806366)","(0.7702674269676208, 0.24037614464759827, 0.15902943909168243)","(0.7443671226501465, 0.15910401940345764, 0.1188996285200119)","(0.7468599677085876, 0.13354018330574036, 0.1557684689760208)","(0.7493311762809753, 0.15223458409309387, 0.16931672394275665)","(0.7521426677703857, 0.17607003450393677, 0.17723311483860016)",Reach
1821,"(0.7520334720611572, 0.35228508710861206, -2.518451367450325e-07)","(0.8042824864387512, 0.3647633194923401, 0.0632617175579071)","(0.827272891998291, 0.3207632303237915, 0.11558445543050766)","(0.8263738751411438, 0.28456348180770874, 0.15833786129951477)","(0.8160579204559326, 0.2524808347225189, 0.19870473444461823)","(0.8435550928115845, 0.1935688555240631, 0.1331167072057724)","(0.8395020365715027, 0.2122236043214798, 0.18384912610054016)","(0.8330093622207642, 0.24151121079921722, 0.20205625891685486)","(0.824851393699646, 0.2589624226093292, 0.2136378139257431)","(0.8113752603530884, 0.16589075326919556, 0.123984694480896)","(0.8073095679283142, 0.18322552740573883, 0.18303532898426056)","(0.7994285225868225, 0.22500647604465485, 0.19363252818584442)","(0.7924811840057373, 0.25297993421554565, 0.19744324684143066)","(0.7758752107620239, 0.15179097652435303, 0.11744709312915802)","(0.7762880325317383, 0.17038127779960632, 0.16586215794086456)","(0.7714738845825195, 0.2135169804096222, 0.17116503417491913)","(0.7686845064163208, 0.24522492289543152, 0.17125633358955383)","(0.7392839193344116, 0.15115824341773987, 0.11546787619590759)","(0.7414317727088928, 0.12689365446567535, 0.15659703314304352)","(0.7451898455619812, 0.14200828969478607, 0.1742158979177475)","(0.749342679977417, 0.16361239552497864, 0.18507739901542664)",Reach
1822,"(0.7404792904853821, 0.34220075607299805, -3.136291297778371e-07)","(0.7979005575180054, 0.36078351736068726, 0.07067277282476425)","(0.8192095756530762, 0.31732800602912903, 0.12360815703868866)","(0.8128979802131653, 0.2767854332923889, 0.16598787903785706)","(0.7958266735076904, 0.24520349502563477, 0.2037917673587799)","(0.8373175263404846, 0.1919785737991333, 0.13222350180149078)","(0.8340448141098022, 0.20648063719272614, 0.18727992475032806)","(0.8281473517417908, 0.2381451427936554, 0.20433199405670166)","(0.8192636370658875, 0.25025492906570435, 0.21312646567821503)","(0.8026564121246338, 0.1616613268852234, 0.1212097778916359)","(0.8021141886711121, 0.1833420693874359, 0.18381579220294952)","(0.7925425171852112, 0.23299294710159302, 0.1868191659450531)","(0.7817479372024536, 0.25896352529525757, 0.1823597550392151)","(0.7671726942062378, 0.14769978821277618, 0.11571042984724045)","(0.7713272571563721, 0.16741973161697388, 0.16983769834041595)","(0.7656766772270203, 0.21981209516525269, 0.16760487854480743)","(0.759441614151001, 0.2503419816493988, 0.15869657695293427)","(0.7306889295578003, 0.14016497135162354, 0.11622415482997894)","(0.7387604117393494, 0.11495164036750793, 0.16235098242759705)","(0.7427499890327454, 0.12676140666007996, 0.17802922427654266)","(0.7454033493995667, 0.1411769986152649, 0.18422703444957733)",Reach
1823,"(0.7276764512062073, 0.34116747975349426, -4.0206180074164877e-07)","(0.7880169749259949, 0.34843775629997253, 0.06964625418186188)","(0.808975100517273, 0.30755069851875305, 0.12453261017799377)","(0.7983113527297974, 0.268252968788147, 0.1706809103488922)","(0.7808986306190491, 0.23823216557502747, 0.21185174584388733)","(0.8324699997901917, 0.18455027043819427, 0.12771640717983246)","(0.8194642663002014, 0.19913992285728455, 0.18284612894058228)","(0.8138763308525085, 0.2382797747850418, 0.19700752198696136)","(0.8087818622589111, 0.2468504011631012, 0.20327670872211456)","(0.7928274869918823, 0.16394639015197754, 0.11925552040338516)","(0.7875829339027405, 0.19100019335746765, 0.1763356775045395)","(0.7747132182121277, 0.24906891584396362, 0.16644041240215302)","(0.762795627117157, 0.2704120874404907, 0.15388546884059906)","(0.7550226449966431, 0.1528497040271759, 0.11828542500734329)","(0.7556934952735901, 0.17889925837516785, 0.1662164330482483)","(0.7516221404075623, 0.242243692278862, 0.14976538717746735)","(0.7468806505203247, 0.2733052968978882, 0.13283245265483856)","(0.7185344696044922, 0.14198842644691467, 0.12469517439603806)","(0.7270107865333557, 0.13143207132816315, 0.166128471493721)","(0.7348674535751343, 0.147739440202713, 0.1743100881576538)","(0.739634096622467, 0.1592138409614563, 0.17596779763698578)",Reach
1824,"(0.7132592797279358, 0.34625500440597534, -3.6229644706509134e-07)","(0.7718184590339661, 0.37250828742980957, 0.08027912676334381)","(0.799310564994812, 0.3427920937538147, 0.14056096971035004)","(0.8024615049362183, 0.3208164572715759, 0.190181702375412)","(0.7943443059921265, 0.2921838164329529, 0.2369871586561203)","(0.8204188942909241, 0.19099941849708557, 0.1410960704088211)","(0.8196757435798645, 0.20319555699825287, 0.2054668664932251)","(0.8115856051445007, 0.23348277807235718, 0.23216961324214935)","(0.8051848411560059, 0.2458338588476181, 0.24616806209087372)","(0.7854084968566895, 0.15706314146518707, 0.1295965313911438)","(0.7875639796257019, 0.19156265258789062, 0.1995706856250763)","(0.7772071957588196, 0.2443970888853073, 0.21166189014911652)","(0.7682154178619385, 0.2666816711425781, 0.21313324570655823)","(0.7500906586647034, 0.14279022812843323, 0.12426166981458664)","(0.7567005753517151, 0.1766560673713684, 0.18313178420066833)","(0.7507933974266052, 0.23444616794586182, 0.18366827070713043)","(0.7450848817825317, 0.2637893557548523, 0.17640863358974457)","(0.7140083909034729, 0.13322848081588745, 0.1256289780139923)","(0.7168535590171814, 0.13850688934326172, 0.16896019876003265)","(0.7192317843437195, 0.17126601934432983, 0.17969810962677002)","(0.7207365036010742, 0.19782885909080505, 0.18344536423683167)",Reach
1825,"(0.700124204158783, 0.35758736729621887, -3.0011102580829174e-07)","(0.7680791020393372, 0.36589351296424866, 0.06574452668428421)","(0.7939882874488831, 0.3124507665634155, 0.11997301876544952)","(0.7897613048553467, 0.2707568109035492, 0.16853198409080505)","(0.7745750546455383, 0.23219852149486542, 0.21382364630699158)","(0.810764491558075, 0.17463986575603485, 0.11152610927820206)","(0.8118586540222168, 0.20349137485027313, 0.173390194773674)","(0.8012838363647461, 0.24377770721912384, 0.19741714000701904)","(0.7929666042327881, 0.2587176263332367, 0.20913752913475037)","(0.7732966542243958, 0.1506435126066208, 0.10950400680303574)","(0.7788136005401611, 0.17984867095947266, 0.18471966683864594)","(0.7683387994766235, 0.23318716883659363, 0.20276658236980438)","(0.7572683691978455, 0.25619229674339294, 0.20572321116924286)","(0.7351385354995728, 0.14491330087184906, 0.11393457651138306)","(0.7466311454772949, 0.16570106148719788, 0.1788676232099533)","(0.7425577640533447, 0.22237072885036469, 0.18620862066745758)","(0.7348059415817261, 0.25279533863067627, 0.18103726208209991)","(0.6967676877975464, 0.14084266126155853, 0.12399328500032425)","(0.7055925726890564, 0.11547518521547318, 0.1706237941980362)","(0.711590051651001, 0.1376345157623291, 0.1861719936132431)","(0.7129533886909485, 0.16408337652683258, 0.19223354756832123)",Reach
1826,"(0.6861537098884583, 0.3687063455581665, -3.3143484756692487e-07)","(0.7579755187034607, 0.37818068265914917, 0.054878607392311096)","(0.7891632318496704, 0.3199869692325592, 0.10843704640865326)","(0.7833553552627563, 0.27192139625549316, 0.15932197868824005)","(0.7617804408073425, 0.2377803772687912, 0.20802879333496094)","(0.7994149327278137, 0.1624099761247635, 0.10830652713775635)","(0.8025146722793579, 0.20427419245243073, 0.16915905475616455)","(0.7922264933586121, 0.24878613650798798, 0.19083639979362488)","(0.7831774950027466, 0.26419997215270996, 0.2011786550283432)","(0.7615782022476196, 0.1437118947505951, 0.11035540699958801)","(0.7649913430213928, 0.18643324077129364, 0.1871403604745865)","(0.7541552186012268, 0.2394355982542038, 0.20312058925628662)","(0.7410438656806946, 0.26580992341041565, 0.2041473388671875)","(0.7214241027832031, 0.1400946080684662, 0.11747437715530396)","(0.7310082316398621, 0.16980257630348206, 0.18066836893558502)","(0.7254260182380676, 0.2246471494436264, 0.18589992821216583)","(0.7182433009147644, 0.25447210669517517, 0.18009234964847565)","(0.6802639961242676, 0.1430036872625351, 0.12926237285137177)","(0.688650369644165, 0.11735719442367554, 0.17597323656082153)","(0.6958817839622498, 0.13387930393218994, 0.19192516803741455)","(0.6986317038536072, 0.15285515785217285, 0.19845479726791382)",Reach
1827,"(0.6694383025169373, 0.37930214405059814, -3.3424598200326727e-07)","(0.7435401082038879, 0.38235557079315186, 0.054312050342559814)","(0.7767865061759949, 0.31743520498275757, 0.10165190696716309)","(0.7726593017578125, 0.257126122713089, 0.14600470662117004)","(0.7568857669830322, 0.2193579077720642, 0.18726319074630737)","(0.7787984609603882, 0.16903425753116608, 0.08798396587371826)","(0.7924866676330566, 0.17855605483055115, 0.1480843424797058)","(0.7864389419555664, 0.22117598354816437, 0.17280098795890808)","(0.7802598476409912, 0.2451852560043335, 0.18421301245689392)","(0.7389146685600281, 0.14349552989006042, 0.08854746073484421)","(0.7550178170204163, 0.17025549709796906, 0.16587229073047638)","(0.74657142162323, 0.23140791058540344, 0.1826864629983902)","(0.7359653115272522, 0.2618086040019989, 0.18127529323101044)","(0.6999422311782837, 0.14068108797073364, 0.09554341435432434)","(0.7209129929542542, 0.1618354618549347, 0.16019409894943237)","(0.7184460163116455, 0.2226860672235489, 0.1610875129699707)","(0.7104572057723999, 0.25682464241981506, 0.14786948263645172)","(0.6642208695411682, 0.1410641223192215, 0.10778471827507019)","(0.6759756207466125, 0.11841542273759842, 0.15219761431217194)","(0.6840900778770447, 0.15131254494190216, 0.16147862374782562)","(0.686855673789978, 0.18117481470108032, 0.1607626974582672)",Reach
1828,"(0.6597164869308472, 0.3957710266113281, -2.0862269423105317e-07)","(0.7306278347969055, 0.3961981236934662, 0.03538459166884422)","(0.768086314201355, 0.332463800907135, 0.07101482897996902)","(0.7677605152130127, 0.27671921253204346, 0.10415326058864594)","(0.749370813369751, 0.24684017896652222, 0.13578692078590393)","(0.7592442035675049, 0.17114318907260895, 0.07392095029354095)","(0.7761523127555847, 0.17822512984275818, 0.11210928112268448)","(0.7756589651107788, 0.213405042886734, 0.12423960864543915)","(0.7714669704437256, 0.23859462141990662, 0.12983794510364532)","(0.7191734910011292, 0.1429060995578766, 0.07431904971599579)","(0.738824188709259, 0.17341390252113342, 0.12470370531082153)","(0.7352061867713928, 0.23266847431659698, 0.13209973275661469)","(0.727662980556488, 0.2694469094276428, 0.12980906665325165)","(0.6780261993408203, 0.1430003046989441, 0.07758565247058868)","(0.7012784481048584, 0.16255980730056763, 0.11460891366004944)","(0.7023844718933105, 0.2151869833469391, 0.11310630291700363)","(0.6966071128845215, 0.2558497488498688, 0.105951689183712)","(0.6409697532653809, 0.15579718351364136, 0.08457434177398682)","(0.6538509130477905, 0.1164475530385971, 0.1098751500248909)","(0.665886640548706, 0.13634201884269714, 0.1168704479932785)","(0.671974778175354, 0.16564340889453888, 0.11940012127161026)",Reach
1829,"(0.6385365128517151, 0.4065834879875183, -1.5141088738346298e-07)","(0.7113895416259766, 0.4074961245059967, 0.015927718952298164)","(0.7518786191940308, 0.3362220525741577, 0.03659820556640625)","(0.7580930590629578, 0.2735719382762909, 0.05889098718762398)","(0.7465435266494751, 0.23970329761505127, 0.08106706291437149)","(0.7406330108642578, 0.17770513892173767, 0.029470320791006088)","(0.7609266042709351, 0.17634537816047668, 0.05379752442240715)","(0.7629008293151855, 0.20962202548980713, 0.062444787472486496)","(0.7580702304840088, 0.2344113290309906, 0.0663771703839302)","(0.6997278928756714, 0.14878757297992706, 0.03406142815947533)","(0.7235211730003357, 0.1598665416240692, 0.06877754628658295)","(0.7267075777053833, 0.21057844161987305, 0.07793141901493073)","(0.7216780781745911, 0.24544107913970947, 0.07849029451608658)","(0.6580081582069397, 0.1502806544303894, 0.04117964953184128)","(0.6846244931221008, 0.1511620432138443, 0.06597620248794556)","(0.691237211227417, 0.19669711589813232, 0.06796805560588837)","(0.6867884397506714, 0.23519061505794525, 0.06471674889326096)","(0.6210581064224243, 0.16561192274093628, 0.050652146339416504)","(0.6350326538085938, 0.11622647941112518, 0.06697887927293777)","(0.6475154757499695, 0.13586795330047607, 0.07385673373937607)","(0.6524857878684998, 0.16814236342906952, 0.0775950700044632)",Reach
1830,"(0.6197220683097839, 0.41090744733810425, -7.033912652332219e-08)","(0.6940458416938782, 0.40725910663604736, 0.0030488281045109034)","(0.734302818775177, 0.33003225922584534, 0.013729819096624851)","(0.7409282326698303, 0.25820446014404297, 0.02564915269613266)","(0.7385081052780151, 0.22318890690803528, 0.03803374245762825)","(0.7154839634895325, 0.17224164307117462, 0.015018625184893608)","(0.7441688179969788, 0.16690605878829956, 0.02562374621629715)","(0.7488105297088623, 0.20352202653884888, 0.026270877569913864)","(0.7431559562683105, 0.23263560235500336, 0.02601521648466587)","(0.6730395555496216, 0.14932537078857422, 0.018391648307442665)","(0.7071294188499451, 0.15229175984859467, 0.03588829189538956)","(0.7156444787979126, 0.19555997848510742, 0.036771077662706375)","(0.7118856310844421, 0.23056907951831818, 0.033744730055332184)","(0.6329690217971802, 0.15618029236793518, 0.022514835000038147)","(0.666756808757782, 0.14908477663993835, 0.03112456202507019)","(0.6781314611434937, 0.1910632848739624, 0.026457294821739197)","(0.6744135618209839, 0.23245632648468018, 0.021485773846507072)","(0.5964782238006592, 0.17360919713974, 0.02787243202328682)","(0.6123825907707214, 0.11984768509864807, 0.030711781233549118)","(0.6262152194976807, 0.13580530881881714, 0.031160231679677963)","(0.632016122341156, 0.16828247904777527, 0.03203433379530907)",Reach
1831,"(0.5994924902915955, 0.42452752590179443, -1.739625865582184e-08)","(0.6717665195465088, 0.4237433075904846, 0.002405270002782345)","(0.7100051045417786, 0.34455639123916626, 0.008823354728519917)","(0.7176097631454468, 0.2729526162147522, 0.015465502627193928)","(0.7148458361625671, 0.23465125262737274, 0.022104987874627113)","(0.6903151273727417, 0.1902838945388794, 0.005623640026897192)","(0.7244706153869629, 0.15775847434997559, 0.007107466924935579)","(0.7354131937026978, 0.19230082631111145, 0.003669919678941369)","(0.732610285282135, 0.2271094024181366, 0.0022625376004725695)","(0.6495741009712219, 0.16452741622924805, 0.00684652104973793)","(0.6871780157089233, 0.14796790480613708, 0.017572453245520592)","(0.7004244327545166, 0.1934863030910492, 0.019122950732707977)","(0.6982188820838928, 0.2330453246831894, 0.017542235553264618)","(0.6095554232597351, 0.1687147319316864, 0.008495787158608437)","(0.6463052034378052, 0.14928069710731506, 0.014158235862851143)","(0.6602979302406311, 0.19211678206920624, 0.013487813994288445)","(0.6568865180015564, 0.23546072840690613, 0.01150507852435112)","(0.5731604695320129, 0.18603438138961792, 0.011004355736076832)","(0.5926666855812073, 0.13073068857192993, 0.014398018829524517)","(0.6075069904327393, 0.1529487520456314, 0.01880236156284809)","(0.6115522980690002, 0.19210442900657654, 0.022472113370895386)",Reach
1832,"(0.5757389068603516, 0.4401109218597412, -5.0365393633455824e-08)","(0.6489959955215454, 0.42860299348831177, 0.0032957042567431927)","(0.6866440176963806, 0.35324326157569885, 0.01018229778856039)","(0.6984300017356873, 0.2858012616634369, 0.01757301390171051)","(0.7078834176063538, 0.24770408868789673, 0.025606095790863037)","(0.6655299663543701, 0.1967020034790039, 0.006749510765075684)","(0.6956523656845093, 0.1635456085205078, 0.01277010515332222)","(0.7098463177680969, 0.18920020759105682, 0.013440865091979504)","(0.711955726146698, 0.22038428485393524, 0.014001003466546535)","(0.6257566809654236, 0.1743408739566803, 0.008078367449343204)","(0.6611717343330383, 0.15358799695968628, 0.019475426524877548)","(0.6746227145195007, 0.19268399477005005, 0.021088236942887306)","(0.6738557815551758, 0.22872374951839447, 0.01952947862446308)","(0.5870280265808105, 0.17994558811187744, 0.010467160493135452)","(0.6214929819107056, 0.15264540910720825, 0.01619783230125904)","(0.634277880191803, 0.18838080763816833, 0.014606631360948086)","(0.6311362981796265, 0.22871887683868408, 0.012001516297459602)","(0.5511975288391113, 0.19709107279777527, 0.013973254710435867)","(0.5676950812339783, 0.13330581784248352, 0.01677224412560463)","(0.5817803144454956, 0.1488741636276245, 0.020000671967864037)","(0.5857723951339722, 0.18328188359737396, 0.022952333092689514)",Reach
1833,"(0.5562029480934143, 0.4482024908065796, -2.1444705566864286e-08)","(0.6314190030097961, 0.42848050594329834, 0.002036052057519555)","(0.6695674061775208, 0.34906890988349915, 0.008432651869952679)","(0.6804367303848267, 0.27831533551216125, 0.015059328638017178)","(0.6911417245864868, 0.24144668877124786, 0.022416722029447556)","(0.6430044770240784, 0.2003500759601593, 0.00810821633785963)","(0.6712258458137512, 0.16459375619888306, 0.012637298554182053)","(0.6876063346862793, 0.1915251612663269, 0.011587906628847122)","(0.6915379762649536, 0.22471913695335388, 0.01114534679800272)","(0.602608323097229, 0.18300366401672363, 0.009250158444046974)","(0.635948896408081, 0.15927281975746155, 0.019500987604260445)","(0.6517596244812012, 0.19681265950202942, 0.019332025200128555)","(0.6526814699172974, 0.2334134876728058, 0.016528228297829628)","(0.5638226866722107, 0.1920238435268402, 0.011062070727348328)","(0.5967170596122742, 0.16233566403388977, 0.01669633574783802)","(0.6114885807037354, 0.1949453353881836, 0.014240767806768417)","(0.6100462675094604, 0.23488940298557281, 0.010582690127193928)","(0.5281987190246582, 0.21042589843273163, 0.013662628829479218)","(0.5424429774284363, 0.14687198400497437, 0.016111278906464577)","(0.5563968420028687, 0.15638640522956848, 0.0184252317994833)","(0.5609847903251648, 0.1854507029056549, 0.020491231232881546)",Reach
1834,"(0.5347208976745605, 0.46599310636520386, -2.7921281287035526e-08)","(0.6081311106681824, 0.4450865387916565, -0.00011883909610332921)","(0.6473554372787476, 0.3596237897872925, 0.006043556146323681)","(0.6554464101791382, 0.2851390242576599, 0.014050518162548542)","(0.6616662740707397, 0.2412138283252716, 0.023049956187605858)","(0.613387942314148, 0.20338140428066254, 0.0006515036802738905)","(0.6457311511039734, 0.16779571771621704, 0.007578832563012838)","(0.6630784869194031, 0.19775761663913727, 0.009925298392772675)","(0.6671183705329895, 0.23152533173561096, 0.011514087207615376)","(0.5723427534103394, 0.18851327896118164, 0.0038631311617791653)","(0.6088672280311584, 0.1654767394065857, 0.017156191170215607)","(0.6262046098709106, 0.20401449501514435, 0.020444249734282494)","(0.6276026368141174, 0.24069839715957642, 0.019310271367430687)","(0.5350679159164429, 0.20313000679016113, 0.008291199803352356)","(0.5693913698196411, 0.17092180252075195, 0.015472211875021458)","(0.5854513645172119, 0.20312097668647766, 0.014662431553006172)","(0.5848731398582458, 0.24320025742053986, 0.011690966784954071)","(0.5023301243782043, 0.22864429652690887, 0.013579066842794418)","(0.5178948640823364, 0.16426144540309906, 0.015716925263404846)","(0.5340355038642883, 0.1746571809053421, 0.01817583665251732)","(0.5401946902275085, 0.20503422617912292, 0.02037283033132553)",Reach
1835,"(0.5106595754623413, 0.48343604803085327, -6.391233764446724e-09)","(0.5862938165664673, 0.459841787815094, -0.0007885477389208972)","(0.6258262395858765, 0.370456337928772, 0.0055645485408604145)","(0.6346125602722168, 0.29162144660949707, 0.013901382684707642)","(0.6451194882392883, 0.24551807343959808, 0.023433523252606392)","(0.5861757397651672, 0.21591371297836304, 0.0012081540189683437)","(0.6233554482460022, 0.17515704035758972, 0.007697948720306158)","(0.6424922347068787, 0.20286273956298828, 0.009924503974616528)","(0.6484688520431519, 0.23476126790046692, 0.01192647684365511)","(0.5439246892929077, 0.20282697677612305, 0.005466244649142027)","(0.5864115953445435, 0.1738044023513794, 0.01902657188475132)","(0.6049357056617737, 0.21259182691574097, 0.023013804107904434)","(0.6072418689727783, 0.24767477810382843, 0.02277006022632122)","(0.5070235729217529, 0.21912018954753876, 0.010865774936974049)","(0.5453499555587769, 0.18558964133262634, 0.018561067059636116)","(0.5613595843315125, 0.22201654314994812, 0.018952302634716034)","(0.5601872801780701, 0.2639809250831604, 0.01733027584850788)","(0.47575080394744873, 0.2452135533094406, 0.01701272651553154)","(0.49340584874153137, 0.17746871709823608, 0.02127959579229355)","(0.5107579231262207, 0.18820501863956451, 0.02561059221625328)","(0.5174165368080139, 0.21862339973449707, 0.029232891276478767)",Reach
1836,"(0.4881156086921692, 0.4991183876991272, -2.604133619854565e-08)","(0.5638899803161621, 0.4706944525241852, -0.0008675029966980219)","(0.6048222780227661, 0.3784255087375641, 0.004439281299710274)","(0.6143922805786133, 0.29547572135925293, 0.011654413305222988)","(0.6275924444198608, 0.25408434867858887, 0.019849548116326332)","(0.5616852045059204, 0.2266589254140854, -0.0012674616882577538)","(0.5995849370956421, 0.17998066544532776, 0.005137777887284756)","(0.6189038753509521, 0.20419758558273315, 0.008356159552931786)","(0.6249626874923706, 0.2364383488893509, 0.011009120382368565)","(0.5186641812324524, 0.2154625654220581, 0.0025198222137987614)","(0.5607684850692749, 0.18813419342041016, 0.014786399900913239)","(0.5788223147392273, 0.22614160180091858, 0.018216975033283234)","(0.5812910199165344, 0.2606719136238098, 0.017709046602249146)","(0.48246926069259644, 0.2333803027868271, 0.007793527562171221)","(0.5204335451126099, 0.19882835447788239, 0.014850876294076443)","(0.5377081632614136, 0.23276223242282867, 0.01504419557750225)","(0.5381744503974915, 0.2736126482486725, 0.013081328943371773)","(0.45132339000701904, 0.2606803774833679, 0.01390021201223135)","(0.46596065163612366, 0.19226621091365814, 0.01750776916742325)","(0.48442041873931885, 0.19652199745178223, 0.02133386954665184)","(0.4935078024864197, 0.22106114029884338, 0.024575160816311836)",Reach
1837,"(0.46626049280166626, 0.5163848400115967, -1.8357596331952664e-08)","(0.5438302159309387, 0.48281145095825195, 8.458270895062014e-05)","(0.5813416242599487, 0.39008307456970215, 0.005721178837120533)","(0.5910434126853943, 0.30858588218688965, 0.013134722597897053)","(0.6088286638259888, 0.26296553015708923, 0.021608566865324974)","(0.5370312929153442, 0.23945635557174683, -0.0007373456610366702)","(0.5759156346321106, 0.18629397451877594, 0.005012691952288151)","(0.5974955558776855, 0.211866557598114, 0.007605047896504402)","(0.6057077646255493, 0.2461942434310913, 0.010047104209661484)","(0.49317631125450134, 0.22882457077503204, 0.003462285501882434)","(0.5356400012969971, 0.19756117463111877, 0.017104268074035645)","(0.5543893575668335, 0.23651756346225739, 0.021806295961141586)","(0.5576569437980652, 0.271918386220932, 0.02156836725771427)","(0.4564779996871948, 0.24793356657028198, 0.00900453794747591)","(0.4958825707435608, 0.21056175231933594, 0.017844662070274353)","(0.5125246047973633, 0.24424272775650024, 0.01935584470629692)","(0.5127021670341492, 0.28524836897850037, 0.01766570471227169)","(0.42553597688674927, 0.27564793825149536, 0.01533847488462925)","(0.4435959458351135, 0.21013833582401276, 0.020536527037620544)","(0.46208566427230835, 0.22149191796779633, 0.02554742433130741)","(0.4699442982673645, 0.2513635456562042, 0.029390715062618256)",Reach
1838,"(0.4442313015460968, 0.5385193228721619, 3.2690365969756385e-09)","(0.5202299356460571, 0.5028247237205505, -0.001278931857086718)","(0.5579232573509216, 0.40606531500816345, 0.003819132689386606)","(0.566645085811615, 0.32157644629478455, 0.01122189685702324)","(0.5862441658973694, 0.27286314964294434, 0.01964142546057701)","(0.5119408369064331, 0.2562333941459656, -0.0030466518364846706)","(0.5501819252967834, 0.19693812727928162, 0.00288797146640718)","(0.5739582777023315, 0.2191578894853592, 0.006136898882687092)","(0.5854568481445312, 0.25139743089675903, 0.009021898731589317)","(0.4677613079547882, 0.24608218669891357, 0.0020878000650554895)","(0.5107713937759399, 0.21025113761425018, 0.01614675670862198)","(0.5314438343048096, 0.2469603419303894, 0.021944697946310043)","(0.5368680953979492, 0.2815651297569275, 0.022581228986382484)","(0.43169113993644714, 0.26685744524002075, 0.008572286926209927)","(0.4710884988307953, 0.2276972234249115, 0.017769239842891693)","(0.4895157217979431, 0.26044732332229614, 0.020252153277397156)","(0.49156737327575684, 0.30091947317123413, 0.019285941496491432)","(0.40190041065216064, 0.2968042492866516, 0.015743017196655273)","(0.4205781817436218, 0.2298383265733719, 0.021020065993070602)","(0.4404788613319397, 0.23812353610992432, 0.02645954303443432)","(0.44958019256591797, 0.2653736174106598, 0.030743412673473358)",Reach
1839,"(0.4205940365791321, 0.560455322265625, 1.1980262115685036e-08)","(0.49886277318000793, 0.517991304397583, -0.0008341267821379006)","(0.5353384017944336, 0.41160938143730164, 0.005119925364851952)","(0.5458101630210876, 0.32372352480888367, 0.01288064569234848)","(0.567944347858429, 0.27734553813934326, 0.021543825045228004)","(0.4870334267616272, 0.2666332721710205, 0.0007598318043164909)","(0.5259925127029419, 0.2081388533115387, 0.007325655780732632)","(0.5511653423309326, 0.2299688160419464, 0.0100166667252779)","(0.5643192529678345, 0.26113033294677734, 0.012033075094223022)","(0.44297000765800476, 0.26061832904815674, 0.00529166404157877)","(0.4863324761390686, 0.22423267364501953, 0.01994398795068264)","(0.5089315176010132, 0.25958696007728577, 0.025316666811704636)","(0.5164426565170288, 0.2922360599040985, 0.025397680699825287)","(0.4075382351875305, 0.2844214141368866, 0.01087899785488844)","(0.4460288882255554, 0.24120186269283295, 0.020504480227828026)","(0.4662691354751587, 0.2714480459690094, 0.022606562823057175)","(0.470763623714447, 0.31027138233184814, 0.02107451669871807)","(0.3786957561969757, 0.31617072224617004, 0.0169531237334013)","(0.3958300054073334, 0.24816882610321045, 0.02227291464805603)","(0.4162694811820984, 0.2560950815677643, 0.027390994131565094)","(0.42646312713623047, 0.28344544768333435, 0.031228944659233093)",Reach
1840,"(0.39835456013679504, 0.5865481495857239, 2.1817600170948026e-08)","(0.47727662324905396, 0.5372535586357117, 0.0023994676303118467)","(0.5135527849197388, 0.42664456367492676, 0.010266493074595928)","(0.5235328078269958, 0.3354138433933258, 0.01906573586165905)","(0.5470614433288574, 0.2900754511356354, 0.028659941628575325)","(0.46236148476600647, 0.28398171067237854, 0.008791045285761356)","(0.5021675229072571, 0.22363252937793732, 0.017910365015268326)","(0.5282392501831055, 0.24436083436012268, 0.021071862429380417)","(0.5418376922607422, 0.2754320800304413, 0.02340150997042656)","(0.41756463050842285, 0.280394583940506, 0.012579625472426414)","(0.4631681442260742, 0.24089449644088745, 0.030733363702893257)","(0.4871542453765869, 0.27637234330177307, 0.03618338704109192)","(0.4945017993450165, 0.30923572182655334, 0.036130279302597046)","(0.3825664520263672, 0.30693113803863525, 0.01748286746442318)","(0.42282629013061523, 0.26307055354118347, 0.030764633789658546)","(0.44395437836647034, 0.29495522379875183, 0.03307834267616272)","(0.4479643404483795, 0.33486074209213257, 0.03128811717033386)","(0.35470473766326904, 0.34080585837364197, 0.023008890450000763)","(0.3723401725292206, 0.2696163058280945, 0.03172848001122475)","(0.39321690797805786, 0.2731052041053772, 0.037647731602191925)","(0.40380436182022095, 0.2968836724758148, 0.04168977588415146)",Reach
1841,"(0.38133013248443604, 0.6093009114265442, 4.0002383627779636e-08)","(0.4594402313232422, 0.5531765222549438, 0.0003727927978616208)","(0.49414631724357605, 0.44144564867019653, 0.007194672245532274)","(0.5021977424621582, 0.34772151708602905, 0.015750013291835785)","(0.5246536135673523, 0.2996857166290283, 0.025141749531030655)","(0.43776145577430725, 0.29945969581604004, 0.00300807086750865)","(0.477894127368927, 0.23798862099647522, 0.011922567151486874)","(0.5054134130477905, 0.25634321570396423, 0.015731969848275185)","(0.5208897590637207, 0.2855997085571289, 0.018219448626041412)","(0.3928331434726715, 0.29903438687324524, 0.00797232985496521)","(0.43957996368408203, 0.2580277919769287, 0.025799643248319626)","(0.46491843461990356, 0.2918984591960907, 0.032380472868680954)","(0.47392603754997253, 0.32318389415740967, 0.032661087810993195)","(0.358909010887146, 0.32803523540496826, 0.014258642680943012)","(0.3998057544231415, 0.27920952439308167, 0.02737145870923996)","(0.4221990704536438, 0.3086623251438141, 0.030785128474235535)","(0.4280964732170105, 0.347890704870224, 0.029245497658848763)","(0.332625150680542, 0.3638007640838623, 0.021028803661465645)","(0.3527766168117523, 0.2917783558368683, 0.02885439060628414)","(0.3742855191230774, 0.29810333251953125, 0.03499982878565788)","(0.3852624297142029, 0.3244836926460266, 0.0390748493373394)",Reach
1842,"(0.3615703582763672, 0.6350255012512207, 7.579367178323082e-08)","(0.4419071078300476, 0.5699437856674194, 0.000682734651491046)","(0.474690705537796, 0.4570682644844055, 0.009339976124465466)","(0.48191434144973755, 0.36259639263153076, 0.020390978083014488)","(0.5031415224075317, 0.3133540451526642, 0.032830774784088135)","(0.41249343752861023, 0.3163994252681732, 0.0062845367938280106)","(0.45498257875442505, 0.25653624534606934, 0.018949467688798904)","(0.4837750792503357, 0.27421143651008606, 0.02525625377893448)","(0.5005685091018677, 0.3007935583591461, 0.028967516496777534)","(0.36702796816825867, 0.32025158405303955, 0.0129946144297719)","(0.41705596446990967, 0.2773376703262329, 0.033865805715322495)","(0.44478505849838257, 0.3091045618057251, 0.04171084240078926)","(0.45654356479644775, 0.3387226462364197, 0.042545121163129807)","(0.33455890417099, 0.3526163697242737, 0.021179908886551857)","(0.3770172595977783, 0.29974520206451416, 0.03699908405542374)","(0.4014882743358612, 0.32661935687065125, 0.04046064615249634)","(0.4105692505836487, 0.3653129041194916, 0.038634881377220154)","(0.31077295541763306, 0.39003005623817444, 0.02988770790398121)","(0.3331037163734436, 0.3198269009590149, 0.039976511150598526)","(0.3553084135055542, 0.3267498016357422, 0.04618668183684349)","(0.3675577640533447, 0.3536650240421295, 0.05008639022707939)",Reach
1843,"(0.3452417254447937, 0.6609887480735779, 1.1589528980948671e-07)","(0.42449575662612915, 0.5890809297561646, 0.0015562778571620584)","(0.4552065432071686, 0.4754033088684082, 0.013082222081720829)","(0.4617983102798462, 0.37962520122528076, 0.028048072010278702)","(0.483532190322876, 0.32947754859924316, 0.04515727981925011)","(0.38841843605041504, 0.3350309729576111, 0.010832439176738262)","(0.4331696927547455, 0.2748231887817383, 0.03012462891638279)","(0.46332699060440063, 0.291317343711853, 0.04121443256735802)","(0.48118042945861816, 0.31611013412475586, 0.04773061349987984)","(0.34329748153686523, 0.34348177909851074, 0.019935255870223045)","(0.39562103152275085, 0.2981865406036377, 0.047024670988321304)","(0.4259366989135742, 0.32613450288772583, 0.0574677512049675)","(0.44057372212409973, 0.35242295265197754, 0.05959023907780647)","(0.31223994493484497, 0.37964141368865967, 0.030832817777991295)","(0.3556748926639557, 0.32485276460647583, 0.05190559849143028)","(0.3828480839729309, 0.34806641936302185, 0.055812932550907135)","(0.39519044756889343, 0.38377097249031067, 0.053703825920820236)","(0.29065725207328796, 0.4193362295627594, 0.04241431504487991)","(0.31287461519241333, 0.3488081693649292, 0.056550685316324234)","(0.3361465334892273, 0.35248059034347534, 0.06315155327320099)","(0.35029542446136475, 0.37670278549194336, 0.06698436290025711)",Reach
1844,"(0.32881808280944824, 0.6878373622894287, 1.4697167216581875e-07)","(0.40673261880874634, 0.6158237457275391, -0.004292909987270832)","(0.43753761053085327, 0.4961092174053192, 0.0036056742537766695)","(0.44371581077575684, 0.3967714309692383, 0.015836382284760475)","(0.46552199125289917, 0.3436424136161804, 0.030274737626314163)","(0.3667941093444824, 0.35766613483428955, 0.0016970153665170074)","(0.4132300317287445, 0.2931668162345886, 0.017560170963406563)","(0.44471466541290283, 0.3080796003341675, 0.027510710060596466)","(0.4639243483543396, 0.3314630091190338, 0.033230263739824295)","(0.3212914764881134, 0.3667983412742615, 0.011692509986460209)","(0.37583649158477783, 0.3183556795120239, 0.03421682491898537)","(0.40817010402679443, 0.34431222081184387, 0.04411394149065018)","(0.4247594177722931, 0.37096279859542847, 0.04648169130086899)","(0.2918337285518646, 0.4046175479888916, 0.02313193865120411)","(0.33531150221824646, 0.34756651520729065, 0.04014408960938454)","(0.3655354082584381, 0.36753466725349426, 0.04390096291899681)","(0.38112571835517883, 0.4014852046966553, 0.042230796068906784)","(0.27219724655151367, 0.4475722908973694, 0.03474802151322365)","(0.2963722050189972, 0.37965768575668335, 0.0449499748647213)","(0.3213948607444763, 0.38273894786834717, 0.05039691925048828)","(0.3370363414287567, 0.4053366482257843, 0.053854458034038544)",Reach
1845,"(0.3132369816303253, 0.7132532596588135, 1.881044937590559e-07)","(0.3899742662906647, 0.634159505367279, -0.005434723570942879)","(0.421606183052063, 0.5124257206916809, 0.002298783278092742)","(0.4271499216556549, 0.41167494654655457, 0.014632676728069782)","(0.44842344522476196, 0.3577655553817749, 0.02902112901210785)","(0.3455495238304138, 0.3792306184768677, 0.0012103230692446232)","(0.3939467668533325, 0.31138432025909424, 0.017858609557151794)","(0.4264313876628876, 0.3235902786254883, 0.02852780930697918)","(0.447267085313797, 0.34448352456092834, 0.03470023348927498)","(0.3005686402320862, 0.39059561491012573, 0.011859249323606491)","(0.3574109673500061, 0.3399021625518799, 0.034891556948423386)","(0.39180105924606323, 0.36219435930252075, 0.04483294114470482)","(0.4109768867492676, 0.38652628660202026, 0.047418348491191864)","(0.2726222276687622, 0.43037843704223633, 0.023943087086081505)","(0.3169201910495758, 0.3720659017562866, 0.0411841943860054)","(0.34992510080337524, 0.3868297338485718, 0.04452038183808327)","(0.3689891993999481, 0.41772574186325073, 0.04273127019405365)","(0.254243940114975, 0.4749240279197693, 0.036111846566200256)","(0.2792728543281555, 0.4073251783847809, 0.046146687120199203)","(0.3064028322696686, 0.4058416485786438, 0.051155947148799896)","(0.32455363869667053, 0.42491239309310913, 0.05451849475502968)",Reach
1846,"(0.3017885088920593, 0.739620566368103, 2.1045481446435588e-07)","(0.37558305263519287, 0.6518950462341309, -0.007790158968418837)","(0.40528249740600586, 0.5313823223114014, -0.0037357008550316095)","(0.4119655191898346, 0.43086978793144226, 0.004920644219964743)","(0.4318523406982422, 0.3735986351966858, 0.015420511364936829)","(0.32633301615715027, 0.40519392490386963, -0.006191503722220659)","(0.3762872517108917, 0.33320391178131104, 0.004921703599393368)","(0.4100368916988373, 0.3434903025627136, 0.01198869850486517)","(0.43235865235328674, 0.36408570408821106, 0.01599491946399212)","(0.2810884118080139, 0.4175655245780945, 0.0037799414712935686)","(0.3393609821796417, 0.3639513850212097, 0.021271394565701485)","(0.37491708993911743, 0.3855476975440979, 0.029020829126238823)","(0.395202100276947, 0.41220468282699585, 0.030278833582997322)","(0.25358569622039795, 0.45807960629463196, 0.015084809623658657)","(0.30001333355903625, 0.4011189639568329, 0.02830640599131584)","(0.33365586400032043, 0.4158223271369934, 0.0308747086673975)","(0.3541480004787445, 0.44796425104141235, 0.028608301654458046)","(0.23663289844989777, 0.5043540596961975, 0.02626878023147583)","(0.26624011993408203, 0.4436740577220917, 0.03311532363295555)","(0.29510191082954407, 0.44407904148101807, 0.03690448775887489)","(0.3147805333137512, 0.46358394622802734, 0.03946388140320778)",Reach
1847,"(0.28780606389045715, 0.7654171586036682, 2.174770656893088e-07)","(0.36207687854766846, 0.6736231446266174, -0.008157234638929367)","(0.390471875667572, 0.5513520240783691, -0.003848640713840723)","(0.39681023359298706, 0.4498441219329834, 0.005064892116934061)","(0.41793009638786316, 0.39036238193511963, 0.01593749038875103)","(0.30860161781311035, 0.42808517813682556, -0.003957165405154228)","(0.3587598204612732, 0.3525378704071045, 0.008768186904489994)","(0.3929625153541565, 0.3612937927246094, 0.016756892204284668)","(0.41580718755722046, 0.38215941190719604, 0.021131735295057297)","(0.2636825442314148, 0.4424758553504944, 0.00676794582977891)","(0.32309049367904663, 0.3854884207248688, 0.025370290502905846)","(0.35872575640678406, 0.40837031602859497, 0.03302229940891266)","(0.3786470592021942, 0.4368734061717987, 0.034071389585733414)","(0.23775634169578552, 0.48432961106300354, 0.018771115690469742)","(0.2859133780002594, 0.4264626204967499, 0.03266455605626106)","(0.31903544068336487, 0.44351956248283386, 0.03473164513707161)","(0.33884069323539734, 0.4770158529281616, 0.03196408227086067)","(0.22242899239063263, 0.5319163799285889, 0.030695321038365364)","(0.255443274974823, 0.47348105907440186, 0.03781723976135254)","(0.2846360504627228, 0.47755104303359985, 0.04112408310174942)","(0.30404385924339294, 0.49872326850891113, 0.043242573738098145)",Reach
1848,"(0.27633118629455566, 0.7932772040367126, 2.324809003084738e-07)","(0.3497001528739929, 0.695811927318573, -0.009004619903862476)","(0.3769610822200775, 0.5719232559204102, -0.004298223182559013)","(0.3849806487560272, 0.4680194854736328, 0.005178025923669338)","(0.406489759683609, 0.4064732789993286, 0.016599025577306747)","(0.29294276237487793, 0.4529693126678467, -0.0012269973522052169)","(0.34416013956069946, 0.37350428104400635, 0.013563008978962898)","(0.3789401650428772, 0.38130083680152893, 0.022021008655428886)","(0.4031040370464325, 0.3998746871948242, 0.026448668912053108)","(0.24848783016204834, 0.47034013271331787, 0.01088138297200203)","(0.30960288643836975, 0.41248929500579834, 0.03168189898133278)","(0.3462107479572296, 0.4363585114479065, 0.03882526606321335)","(0.36737990379333496, 0.46523481607437134, 0.03920555114746094)","(0.22410795092582703, 0.5142112374305725, 0.024240676313638687)","(0.27476081252098083, 0.4594782292842865, 0.04029180482029915)","(0.3085280954837799, 0.4783512055873871, 0.04154477268457413)","(0.3291034698486328, 0.5137591361999512, 0.03784776106476784)","(0.21083828806877136, 0.562157392501831, 0.03736844286322594)","(0.24569299817085266, 0.5071890354156494, 0.045857761055231094)","(0.2755800783634186, 0.5126956701278687, 0.0485878549516201)","(0.295993834733963, 0.5355405211448669, 0.05018530413508415)",Reach
1849,"(0.2691117823123932, 0.8209743499755859, 2.4743440008023754e-07)","(0.34029027819633484, 0.7199532985687256, -0.011443127878010273)","(0.36470335721969604, 0.5944313406944275, -0.006627735216170549)","(0.3745144009590149, 0.4892200231552124, 0.003955109976232052)","(0.3986056447029114, 0.4254031181335449, 0.01701067015528679)","(0.2790014147758484, 0.479367196559906, -0.0026263936888426542)","(0.33084139227867126, 0.3947906494140625, 0.014490812085568905)","(0.36852237582206726, 0.40563827753067017, 0.025344474241137505)","(0.39371445775032043, 0.42525237798690796, 0.03151945024728775)","(0.2356552630662918, 0.4985561966896057, 0.012179778888821602)","(0.2986283004283905, 0.4359942376613617, 0.035628389567136765)","(0.33752453327178955, 0.4602290391921997, 0.04439997673034668)","(0.35991233587265015, 0.4887271225452423, 0.04567025974392891)","(0.2132415473461151, 0.5424490571022034, 0.028158502653241158)","(0.26593735814094543, 0.4889841377735138, 0.047274891287088394)","(0.30139675736427307, 0.5081573128700256, 0.04875953122973442)","(0.3228216767311096, 0.5437688827514648, 0.0447235032916069)","(0.20196646451950073, 0.5900399684906006, 0.043638747185468674)","(0.23816628754138947, 0.5367059111595154, 0.0543072484433651)","(0.268729031085968, 0.5424818992614746, 0.05665960907936096)","(0.28988930583000183, 0.5655059814453125, 0.05766753479838371)",Reach
1850,"(0.26326653361320496, 0.8500707149505615, 2.7182227313460317e-07)","(0.33224546909332275, 0.7437388896942139, -0.009382852353155613)","(0.3546735644340515, 0.6154698729515076, -0.0029651266522705555)","(0.36351215839385986, 0.5109055042266846, 0.008799562230706215)","(0.385326623916626, 0.44628357887268066, 0.022785823792219162)","(0.266404926776886, 0.5068097710609436, 0.0011380163487046957)","(0.3179021179676056, 0.4194318354129791, 0.019667768850922585)","(0.3559160828590393, 0.4212905168533325, 0.030597519129514694)","(0.38305699825286865, 0.4352641701698303, 0.03667563199996948)","(0.22423012554645538, 0.5274962186813354, 0.015165060758590698)","(0.2867540717124939, 0.46270662546157837, 0.03970722481608391)","(0.3270699679851532, 0.4799322485923767, 0.047788601368665695)","(0.35254019498825073, 0.504535973072052, 0.04852616414427757)","(0.20318520069122314, 0.5718188881874084, 0.030473629012703896)","(0.2555054724216461, 0.5160511136054993, 0.05073525384068489)","(0.29204049706459045, 0.5302817225456238, 0.05111589655280113)","(0.3160177767276764, 0.5622783899307251, 0.04620427265763283)","(0.19312253594398499, 0.6196543574333191, 0.045343801379203796)","(0.2284773588180542, 0.5654197931289673, 0.05756208300590515)","(0.25926879048347473, 0.5667689442634583, 0.05974975600838661)","(0.2819548547267914, 0.5866642594337463, 0.06041218340396881)",Reach
1851,"(0.25710195302963257, 0.8742356896400452, 2.7052183781961503e-07)","(0.3243231773376465, 0.7652113437652588, -0.012864990159869194)","(0.34580016136169434, 0.6353276371955872, -0.006640600040555)","(0.35511907935142517, 0.5284467935562134, 0.006192558445036411)","(0.3756844401359558, 0.4597325921058655, 0.021417368203401566)","(0.2557241916656494, 0.5343604683876038, -0.003329718951135874)","(0.3059626519680023, 0.43957555294036865, 0.015865854918956757)","(0.342286080121994, 0.4386880397796631, 0.028112754225730896)","(0.36773836612701416, 0.45102405548095703, 0.03554518520832062)","(0.2147223949432373, 0.5568447113037109, 0.013783231377601624)","(0.27720946073532104, 0.48763760924339294, 0.039368193596601486)","(0.3170112669467926, 0.5036307573318481, 0.04803537204861641)","(0.34188979864120483, 0.5277066230773926, 0.04924080893397331)","(0.19563111662864685, 0.6000313758850098, 0.03219776228070259)","(0.2492450475692749, 0.5447394847869873, 0.05391772463917732)","(0.2851957678794861, 0.5599207282066345, 0.05363950878381729)","(0.3082868456840515, 0.5921612977981567, 0.04820126295089722)","(0.18637247383594513, 0.6451709270477295, 0.04998095706105232)","(0.2233792245388031, 0.5941749811172485, 0.06327720731496811)","(0.2535993158817291, 0.5964409112930298, 0.06445392966270447)","(0.2756432890892029, 0.6161061525344849, 0.06433194130659103)",Reach
1852,"(0.25142374634742737, 0.9015680551528931, 2.6500524086259247e-07)","(0.31808027625083923, 0.789799690246582, -0.012035854160785675)","(0.33771470189094543, 0.6597900390625, -0.004269795957952738)","(0.3464771509170532, 0.5507213473320007, 0.010457059368491173)","(0.3693065643310547, 0.47906816005706787, 0.02819550782442093)","(0.24969521164894104, 0.5615910291671753, 0.001701644854620099)","(0.29541054368019104, 0.4663409888744354, 0.026551224291324615)","(0.3323293924331665, 0.46485236287117004, 0.0430295467376709)","(0.3586651384830475, 0.4750102162361145, 0.05275673791766167)","(0.20826201140880585, 0.583379328250885, 0.02035166323184967)","(0.2679886817932129, 0.5120478868484497, 0.05131382867693901)","(0.3075610399246216, 0.5270414352416992, 0.06279606372117996)","(0.33257174491882324, 0.548643171787262, 0.06525944173336029)","(0.188160702586174, 0.6264821290969849, 0.04040132090449333)","(0.23956012725830078, 0.5659576058387756, 0.06683534383773804)","(0.27544721961021423, 0.5787137150764465, 0.06805872917175293)","(0.29925280809402466, 0.608501672744751, 0.0627661794424057)","(0.17888638377189636, 0.6714221835136414, 0.05978469178080559)","(0.21450275182724, 0.6164981722831726, 0.07691604644060135)","(0.24513231217861176, 0.6179349422454834, 0.07931197434663773)","(0.267744243144989, 0.636962890625, 0.07941276580095291)",Reach
1853,"(0.24894003570079803, 0.9257307052612305, 2.7094176857644925e-07)","(0.31404510140419006, 0.8083432912826538, -0.01561424508690834)","(0.3299982249736786, 0.6823688745498657, -0.007756398059427738)","(0.33751380443573, 0.5759714245796204, 0.008689983747899532)","(0.3609515428543091, 0.5044765472412109, 0.028530336916446686)","(0.24055729806423187, 0.591670036315918, -0.0034774213563650846)","(0.28498971462249756, 0.49340254068374634, 0.02580293081700802)","(0.32294243574142456, 0.4904133677482605, 0.04678399860858917)","(0.3496568202972412, 0.49928635358810425, 0.05942101031541824)","(0.20074418187141418, 0.6153823137283325, 0.01974586583673954)","(0.2593371570110321, 0.5436459183692932, 0.054518479853868484)","(0.2989353835582733, 0.56021648645401, 0.06822165101766586)","(0.323498398065567, 0.5850518345832825, 0.07170936465263367)","(0.18258854746818542, 0.6580050587654114, 0.044815368950366974)","(0.23413848876953125, 0.598090410232544, 0.0750027522444725)","(0.26970887184143066, 0.6137585639953613, 0.07563454657793045)","(0.2922467887401581, 0.646319568157196, 0.06923067569732666)","(0.17392310500144958, 0.6993511915206909, 0.06913536041975021)","(0.21052518486976624, 0.646747350692749, 0.08894486725330353)","(0.24009618163108826, 0.651317298412323, 0.09020734578371048)","(0.2616734504699707, 0.6722347736358643, 0.0888424664735794)",Reach
1854,"(0.24556173384189606, 0.9512931108474731, 2.693709859613591e-07)","(0.30816182494163513, 0.8336998820304871, -0.019595526158809662)","(0.3238653242588043, 0.7087265849113464, -0.012633755803108215)","(0.3336132764816284, 0.60567706823349, 0.004897899925708771)","(0.35583972930908203, 0.5321156978607178, 0.026201525703072548)","(0.23383021354675293, 0.6235405206680298, -0.01189409103244543)","(0.2770034670829773, 0.5209488868713379, 0.02125399373471737)","(0.31496158242225647, 0.5146923065185547, 0.04734283313155174)","(0.34130269289016724, 0.5235711932182312, 0.0636414960026741)","(0.19494003057479858, 0.6503782272338867, 0.015643250197172165)","(0.2532491683959961, 0.5735887885093689, 0.05404683202505112)","(0.29276958107948303, 0.5918973088264465, 0.07122892886400223)","(0.3165220618247986, 0.6196025013923645, 0.07694435119628906)","(0.1780441403388977, 0.693103551864624, 0.04559548944234848)","(0.2288932502269745, 0.628890335559845, 0.0791662335395813)","(0.264676034450531, 0.6462180018424988, 0.08080623298883438)","(0.286709189414978, 0.6788532733917236, 0.07451344281435013)","(0.17053420841693878, 0.7313486933708191, 0.07473959028720856)","(0.2069411277770996, 0.6769829988479614, 0.0968163013458252)","(0.23686790466308594, 0.6832069754600525, 0.09801535308361053)","(0.2588343024253845, 0.704150378704071, 0.09610790014266968)",Reach
1855,"(0.2465307116508484, 0.9800083637237549, 2.273267796226719e-07)","(0.30616986751556396, 0.8624678254127502, -0.023463699966669083)","(0.32070204615592957, 0.7339903116226196, -0.017078818753361702)","(0.33027228713035583, 0.6313387751579285, 0.0005417036591097713)","(0.35304024815559387, 0.5611962676048279, 0.022152245044708252)","(0.2308928370475769, 0.6563055515289307, -0.012737272307276726)","(0.2705795168876648, 0.5533112287521362, 0.018999241292476654)","(0.30881571769714355, 0.5461510419845581, 0.04401376470923424)","(0.33536842465400696, 0.5565450191497803, 0.059864602982997894)","(0.19336476922035217, 0.685092031955719, 0.016695572063326836)","(0.24935941398143768, 0.6080172657966614, 0.0540962889790535)","(0.2886892557144165, 0.6294726133346558, 0.07031332701444626)","(0.3110746443271637, 0.659019947052002, 0.07564698904752731)","(0.17716345191001892, 0.726085901260376, 0.04785923287272453)","(0.22555208206176758, 0.6590664982795715, 0.08015275746583939)","(0.2607167959213257, 0.6789460778236389, 0.08060482144355774)","(0.28164124488830566, 0.7118591666221619, 0.0737648457288742)","(0.1697104275226593, 0.7611058354377747, 0.07785648107528687)","(0.2035357654094696, 0.705635130405426, 0.0979052260518074)","(0.2335090935230255, 0.7140847444534302, 0.09744734317064285)","(0.25533801317214966, 0.7352270483970642, 0.09455283731222153)",Reach
1856,"(0.24923518300056458, 1.0099425315856934, 1.9834787678973953e-07)","(0.3079877197742462, 0.8926765322685242, -0.023548344150185585)","(0.320695161819458, 0.7613113522529602, -0.016376253217458725)","(0.32724106311798096, 0.6581161022186279, 0.0018860120326280594)","(0.34869471192359924, 0.5869711637496948, 0.02411399595439434)","(0.23136581480503082, 0.6895655393600464, -0.010771817527711391)","(0.26759475469589233, 0.5887755751609802, 0.020886169746518135)","(0.30529844760894775, 0.5814049243927002, 0.04501941055059433)","(0.3319080173969269, 0.5901291370391846, 0.05999075993895531)","(0.1938202977180481, 0.7203531861305237, 0.01875423453748226)","(0.24527916312217712, 0.6434437036514282, 0.05576721206307411)","(0.28357332944869995, 0.6655948758125305, 0.07132937759160995)","(0.30478131771087646, 0.694929838180542, 0.07633364200592041)","(0.17761865258216858, 0.761357307434082, 0.04981193691492081)","(0.22107326984405518, 0.6913361549377441, 0.08174152672290802)","(0.2562221884727478, 0.7110186815261841, 0.08210180699825287)","(0.2767123878002167, 0.7423921227455139, 0.07532873749732971)","(0.1697998046875, 0.7955307364463806, 0.07965393364429474)","(0.20060445368289948, 0.7380770444869995, 0.09920641034841537)","(0.23079107701778412, 0.7455454468727112, 0.09860168397426605)","(0.25247427821159363, 0.7658225297927856, 0.09566797316074371)",Reach
1857,"(0.25149592757225037, 1.0346516370773315, 1.8879383389958093e-07)","(0.309214323759079, 0.9127607941627502, -0.020252062007784843)","(0.32058608531951904, 0.7905480861663818, -0.013375261798501015)","(0.3248073160648346, 0.6892514824867249, 0.0026775908190757036)","(0.34323543310165405, 0.6183131337165833, 0.02251856029033661)","(0.23066768050193787, 0.7310206294059753, -0.0038513930048793554)","(0.26483023166656494, 0.6266792416572571, 0.02502753958106041)","(0.30151647329330444, 0.617432177066803, 0.04614387825131416)","(0.32727178931236267, 0.6252473592758179, 0.059297434985637665)","(0.1935141235589981, 0.7618830800056458, 0.02255670540034771)","(0.24431386590003967, 0.6828436255455017, 0.05694221705198288)","(0.2806256115436554, 0.7055413126945496, 0.07050684839487076)","(0.2996671795845032, 0.7344200611114502, 0.07454954087734222)","(0.1782536506652832, 0.8011685609817505, 0.05009846016764641)","(0.22160431742668152, 0.7281122207641602, 0.08003091812133789)","(0.2553265392780304, 0.7490841150283813, 0.0814739242196083)","(0.2737817168235779, 0.780586302280426, 0.07602117955684662)","(0.17063498497009277, 0.8348106741905212, 0.07652173191308975)","(0.1998780369758606, 0.7740455865859985, 0.0959780216217041)","(0.22894230484962463, 0.7809072732925415, 0.09744717925786972)","(0.24968203902244568, 0.801525354385376, 0.09626433998346329)",Reach
1858,"(0.2616317570209503, 1.065123200416565, 2.1502576430521003e-07)","(0.3120286464691162, 0.9491521716117859, -0.019900677725672722)","(0.32108357548713684, 0.8289436101913452, -0.016545070335268974)","(0.32310011982917786, 0.7305318117141724, -0.004907937254756689)","(0.3400551378726959, 0.6612098217010498, 0.010490184649825096)","(0.22960779070854187, 0.7777586579322815, -0.008501346223056316)","(0.26280903816223145, 0.6668307185173035, 0.01195810828357935)","(0.29985511302948, 0.6538478136062622, 0.027693644165992737)","(0.3266967236995697, 0.6600042581558228, 0.038289982825517654)","(0.19254548847675323, 0.8116944432258606, 0.014212005771696568)","(0.24205361306667328, 0.7255666255950928, 0.042398422956466675)","(0.2801510989665985, 0.7433095574378967, 0.05502304807305336)","(0.3010360300540924, 0.7687645554542542, 0.05937785655260086)","(0.1780066341161728, 0.851357102394104, 0.03754443675279617)","(0.21926020085811615, 0.7716169357299805, 0.06258067488670349)","(0.25436246395111084, 0.7867338061332703, 0.06605735421180725)","(0.27438682317733765, 0.8144174218177795, 0.0630025789141655)","(0.17320306599140167, 0.8864413499832153, 0.05959349125623703)","(0.1985020786523819, 0.8200500011444092, 0.07570704072713852)","(0.22812552750110626, 0.8208960294723511, 0.0788111761212349)","(0.24908164143562317, 0.8384681940078735, 0.07978555560112)",Reach
1859,"(0.2701333165168762, 1.1004194021224976, 2.2503817831420747e-07)","(0.313191294670105, 0.9815321564674377, -0.02736041694879532)","(0.3202638030052185, 0.8641797304153442, -0.022357651963829994)","(0.32427239418029785, 0.7752839922904968, -0.004767085891216993)","(0.3366224765777588, 0.7001501321792603, 0.01729617454111576)","(0.2271580845117569, 0.8179090023040771, -0.019635284319519997)","(0.2612667381763458, 0.7105283737182617, 0.008561460301280022)","(0.29912903904914856, 0.6931301951408386, 0.03038184717297554)","(0.32521989941596985, 0.6939531564712524, 0.04451313987374306)","(0.19514842331409454, 0.8587535619735718, 0.011423553340137005)","(0.24286799132823944, 0.766182541847229, 0.04858174920082092)","(0.28185391426086426, 0.7760149240493774, 0.06477184593677521)","(0.3044179677963257, 0.8001027703285217, 0.06972936540842056)","(0.18385213613510132, 0.8999412059783936, 0.04374438151717186)","(0.22308211028575897, 0.8180129528045654, 0.07628051936626434)","(0.25845375657081604, 0.8313096761703491, 0.07859376072883606)","(0.27861979603767395, 0.8572966456413269, 0.07290171086788177)","(0.18034681677818298, 0.9316987991333008, 0.074544258415699)","(0.20496085286140442, 0.8658325672149658, 0.09446720778942108)","(0.23306742310523987, 0.8645424842834473, 0.09517808258533478)","(0.25256988406181335, 0.8788158297538757, 0.09312465786933899)",Reach
1860,"(0.2562325894832611, 1.1543943881988525, 2.2221634310426452e-07)","(0.30663949251174927, 1.037081003189087, -0.03184223175048828)","(0.318191796541214, 0.9111194610595703, -0.02819489687681198)","(0.32360363006591797, 0.8224188685417175, -0.010665866546332836)","(0.3327219486236572, 0.7384889721870422, 0.010478997603058815)","(0.2290315330028534, 0.8553823232650757, -0.025537315756082535)","(0.2610650658607483, 0.753522515296936, 0.008390833623707294)","(0.2971762716770172, 0.7315332889556885, 0.03534775972366333)","(0.32331329584121704, 0.7288434505462646, 0.05218898132443428)","(0.20048516988754272, 0.8992844223976135, 0.0092894546687603)","(0.24358485639095306, 0.8100020885467529, 0.0521400086581707)","(0.2804364562034607, 0.823022186756134, 0.07094994932413101)","(0.30000150203704834, 0.8466179966926575, 0.0764303058385849)","(0.19005689024925232, 0.9416885375976562, 0.045638397336006165)","(0.22636371850967407, 0.8608649373054504, 0.08254900574684143)","(0.2621694803237915, 0.8789001107215881, 0.08301791548728943)","(0.2797994315624237, 0.9047191143035889, 0.0743708461523056)","(0.18528425693511963, 0.9710344076156616, 0.08047839254140854)","(0.21204277873039246, 0.906812310218811, 0.1027936264872551)","(0.2391541600227356, 0.9101385474205017, 0.10154986381530762)","(0.25478583574295044, 0.9267274737358093, 0.09663582593202591)",Reach
1861,"(0.2606128454208374, 1.201511025428772, 2.1936094185548427e-07)","(0.3082096576690674, 1.087077021598816, -0.032612986862659454)","(0.32224640250205994, 0.9565196633338928, -0.029350360855460167)","(0.32310688495635986, 0.8568534851074219, -0.013815456070005894)","(0.3325679898262024, 0.7689648270606995, 0.006380246486514807)","(0.2279130071401596, 0.912091076374054, -0.015530766919255257)","(0.2570706605911255, 0.7948499917984009, 0.009670163504779339)","(0.295099675655365, 0.7720666527748108, 0.0290962066501379)","(0.32223156094551086, 0.7739793062210083, 0.04193391650915146)","(0.19768059253692627, 0.9550870656967163, 0.01600772514939308)","(0.24410302937030792, 0.860480785369873, 0.048305071890354156)","(0.28150230646133423, 0.8809370398521423, 0.060387566685676575)","(0.2987191081047058, 0.9142618179321289, 0.06365382671356201)","(0.18778079748153687, 0.9959205389022827, 0.047425106167793274)","(0.22645996510982513, 0.9101053476333618, 0.07581519335508347)","(0.2616288959980011, 0.9294036030769348, 0.07726545631885529)","(0.27881667017936707, 0.9583442807197571, 0.07194829732179642)","(0.18450218439102173, 1.0257694721221924, 0.07680593430995941)","(0.20908570289611816, 0.9548808932304382, 0.09492170810699463)","(0.23788942396640778, 0.9619694948196411, 0.09649888426065445)","(0.255873441696167, 0.9820683002471924, 0.09549872577190399)",Reach
1862,"(0.26938289403915405, 1.2387027740478516, 2.2296302404356538e-07)","(0.3107779920101166, 1.1287516355514526, -0.03503074124455452)","(0.32245945930480957, 0.9977166652679443, -0.033059459179639816)","(0.3218667209148407, 0.8929319977760315, -0.019126100465655327)","(0.32652395963668823, 0.8050456047058105, 0.0004138353397138417)","(0.22857311367988586, 0.9610430598258972, -0.013090308755636215)","(0.2522163987159729, 0.8381608724594116, 0.005982175935059786)","(0.291079044342041, 0.8141607046127319, 0.021841904148459435)","(0.3193903863430023, 0.8151345252990723, 0.033271484076976776)","(0.20107585191726685, 0.9900194406509399, 0.017418168485164642)","(0.24649950861930847, 0.8924996256828308, 0.04210858419537544)","(0.2868328392505646, 0.9049354791641235, 0.04983385652303696)","(0.30818989872932434, 0.9286680221557617, 0.05152221396565437)","(0.1921619176864624, 1.0228995084762573, 0.04684451222419739)","(0.2324254810810089, 0.936730682849884, 0.06708244234323502)","(0.2688392400741577, 0.9464093446731567, 0.06605089455842972)","(0.2907473146915436, 0.969812273979187, 0.061372142285108566)","(0.19045525789260864, 1.0497814416885376, 0.07395175844430923)","(0.2141874134540558, 0.9793391227722168, 0.08516937494277954)","(0.24546557664871216, 0.9769733548164368, 0.08442356437444687)","(0.2677181363105774, 0.991227924823761, 0.08368733525276184)",Reach
1863,"(0.29730308055877686, 1.2501732110977173, 2.6744271508505335e-07)","(0.32240572571754456, 1.134876012802124, -0.014029806479811668)","(0.32495877146720886, 1.0142662525177002, -0.005579793825745583)","(0.3217671513557434, 0.9257703423500061, 0.009406930766999722)","(0.31769660115242004, 0.8527325391769409, 0.027547486126422882)","(0.2383490800857544, 0.982297956943512, 0.01047902088612318)","(0.25389713048934937, 0.8824077844619751, 0.03369127959012985)","(0.29251059889793396, 0.858714759349823, 0.04592492803931236)","(0.3216050863265991, 0.8556419014930725, 0.053631510585546494)","(0.21738702058792114, 1.0193253755569458, 0.029791584238409996)","(0.24818193912506104, 0.9379358887672424, 0.05995704233646393)","(0.28887149691581726, 0.9317649602890015, 0.06394564360380173)","(0.3159146308898926, 0.9416936635971069, 0.06090565398335457)","(0.21014492213726044, 1.0623701810836792, 0.04940749332308769)","(0.24097691476345062, 0.9947194457054138, 0.0778779461979866)","(0.2768244743347168, 0.9912165999412537, 0.0755767822265625)","(0.30245935916900635, 1.0034414529800415, 0.06726452708244324)","(0.21080875396728516, 1.0976336002349854, 0.06796320527791977)","(0.22677938640117645, 1.0427489280700684, 0.08894836902618408)","(0.25472187995910645, 1.0366698503494263, 0.09260974079370499)","(0.2771753966808319, 1.0470739603042603, 0.0926087275147438)",Reach
1864,"(0, 0, 0)","(0, 0, 0)","(0, 0, 0)","(0, 0, 0)","(0, 0, 0)","(0, 0, 0)","(0, 0, 0)","(0, 0, 0)","(0, 0, 0)","(0, 0, 0)","(0, 0, 0)","(0, 0, 0)","(0, 0, 0)","(0, 0, 0)","(0, 0, 0)","(0, 0, 0)","(0, 0, 0)","(0, 0, 0)","(0, 0, 0)","(0, 0, 0)","(0, 0, 0)",Negative
1865,"(0, 0, 0)","(0, 0, 0)","(0, 0, 0)","(0, 0, 0)","(0, 0, 0)","(0, 0, 0)","(0, 0, 0)","(0, 0, 0)","(0, 0, 0)","(0, 0, 0)","(0, 0, 0)","(0, 0, 0)","(0, 0, 0)","(0, 0, 0)","(0, 0, 0)","(0, 0, 0)","(0, 0, 0)","(0, 0, 0)","(0, 0, 0)","(0, 0, 0)","(0, 0, 0)",Negative
1866,"(0, 0, 0)","(0, 0, 0)","(0, 0, 0)","(0, 0, 0)","(0, 0, 0)","(0, 0, 0)","(0, 0, 0)","(0, 0, 0)","(0, 0, 0)","(0, 0, 0)","(0, 0, 0)","(0, 0, 0)","(0, 0, 0)","(0, 0, 0)","(0, 0, 0)","(0, 0, 0)","(0, 0, 0)","(0, 0, 0)","(0, 0, 0)","(0, 0, 0)","(0, 0, 0)",Negative
1867,"(0, 0, 0)","(0, 0, 0)","(0, 0, 0)","(0, 0, 0)","(0, 0, 0)","(0, 0, 0)","(0, 0, 0)","(0, 0, 0)","(0, 0, 0)","(0, 0, 0)","(0, 0, 0)","(0, 0, 0)","(0, 0, 0)","(0, 0, 0)","(0, 0, 0)","(0, 0, 0)","(0, 0, 0)","(0, 0, 0)","(0, 0, 0)","(0, 0, 0)","(0, 0, 0)",Negative
1868,"(0, 0, 0)","(0, 0, 0)","(0, 0, 0)","(0, 0, 0)","(0, 0, 0)","(0, 0, 0)","(0, 0, 0)","(0, 0, 0)","(0, 0, 0)","(0, 0, 0)","(0, 0, 0)","(0, 0, 0)","(0, 0, 0)","(0, 0, 0)","(0, 0, 0)","(0, 0, 0)","(0, 0, 0)","(0, 0, 0)","(0, 0, 0)","(0, 0, 0)","(0, 0, 0)",Negative
1869,"(0, 0, 0)","(0, 0, 0)","(0, 0, 0)","(0, 0, 0)","(0, 0, 0)","(0, 0, 0)","(0, 0, 0)","(0, 0, 0)","(0, 0, 0)","(0, 0, 0)","(0, 0, 0)","(0, 0, 0)","(0, 0, 0)","(0, 0, 0)","(0, 0, 0)","(0, 0, 0)","(0, 0, 0)","(0, 0, 0)","(0, 0, 0)","(0, 0, 0)","(0, 0, 0)",Negative
1870,"(0, 0, 0)","(0, 0, 0)","(0, 0, 0)","(0, 0, 0)","(0, 0, 0)","(0, 0, 0)","(0, 0, 0)","(0, 0, 0)","(0, 0, 0)","(0, 0, 0)","(0, 0, 0)","(0, 0, 0)","(0, 0, 0)","(0, 0, 0)","(0, 0, 0)","(0, 0, 0)","(0, 0, 0)","(0, 0, 0)","(0, 0, 0)","(0, 0, 0)","(0, 0, 0)",Negative
1871,"(0, 0, 0)","(0, 0, 0)","(0, 0, 0)","(0, 0, 0)","(0, 0, 0)","(0, 0, 0)","(0, 0, 0)","(0, 0, 0)","(0, 0, 0)","(0, 0, 0)","(0, 0, 0)","(0, 0, 0)","(0, 0, 0)","(0, 0, 0)","(0, 0, 0)","(0, 0, 0)","(0, 0, 0)","(0, 0, 0)","(0, 0, 0)","(0, 0, 0)","(0, 0, 0)",Negative
1872,"(0, 0, 0)","(0, 0, 0)","(0, 0, 0)","(0, 0, 0)","(0, 0, 0)","(0, 0, 0)","(0, 0, 0)","(0, 0, 0)","(0, 0, 0)","(0, 0, 0)","(0, 0, 0)","(0, 0, 0)","(0, 0, 0)","(0, 0, 0)","(0, 0, 0)","(0, 0, 0)","(0, 0, 0)","(0, 0, 0)","(0, 0, 0)","(0, 0, 0)","(0, 0, 0)",Negative
1873,"(0, 0, 0)","(0, 0, 0)","(0, 0, 0)","(0, 0, 0)","(0, 0, 0)","(0, 0, 0)","(0, 0, 0)","(0, 0, 0)","(0, 0, 0)","(0, 0, 0)","(0, 0, 0)","(0, 0, 0)","(0, 0, 0)","(0, 0, 0)","(0, 0, 0)","(0, 0, 0)","(0, 0, 0)","(0, 0, 0)","(0, 0, 0)","(0, 0, 0)","(0, 0, 0)",Negative
1874,"(0, 0, 0)","(0, 0, 0)","(0, 0, 0)","(0, 0, 0)","(0, 0, 0)","(0, 0, 0)","(0, 0, 0)","(0, 0, 0)","(0, 0, 0)","(0, 0, 0)","(0, 0, 0)","(0, 0, 0)","(0, 0, 0)","(0, 0, 0)","(0, 0, 0)","(0, 0, 0)","(0, 0, 0)","(0, 0, 0)","(0, 0, 0)","(0, 0, 0)","(0, 0, 0)",Negative
1875,"(0, 0, 0)","(0, 0, 0)","(0, 0, 0)","(0, 0, 0)","(0, 0, 0)","(0, 0, 0)","(0, 0, 0)","(0, 0, 0)","(0, 0, 0)","(0, 0, 0)","(0, 0, 0)","(0, 0, 0)","(0, 0, 0)","(0, 0, 0)","(0, 0, 0)","(0, 0, 0)","(0, 0, 0)","(0, 0, 0)","(0, 0, 0)","(0, 0, 0)","(0, 0, 0)",Negative
1876,"(0, 0, 0)","(0, 0, 0)","(0, 0, 0)","(0, 0, 0)","(0, 0, 0)","(0, 0, 0)","(0, 0, 0)","(0, 0, 0)","(0, 0, 0)","(0, 0, 0)","(0, 0, 0)","(0, 0, 0)","(0, 0, 0)","(0, 0, 0)","(0, 0, 0)","(0, 0, 0)","(0, 0, 0)","(0, 0, 0)","(0, 0, 0)","(0, 0, 0)","(0, 0, 0)",Negative
1877,"(0, 0, 0)","(0, 0, 0)","(0, 0, 0)","(0, 0, 0)","(0, 0, 0)","(0, 0, 0)","(0, 0, 0)","(0, 0, 0)","(0, 0, 0)","(0, 0, 0)","(0, 0, 0)","(0, 0, 0)","(0, 0, 0)","(0, 0, 0)","(0, 0, 0)","(0, 0, 0)","(0, 0, 0)","(0, 0, 0)","(0, 0, 0)","(0, 0, 0)","(0, 0, 0)",Negative
1878,"(0, 0, 0)","(0, 0, 0)","(0, 0, 0)","(0, 0, 0)","(0, 0, 0)","(0, 0, 0)","(0, 0, 0)","(0, 0, 0)","(0, 0, 0)","(0, 0, 0)","(0, 0, 0)","(0, 0, 0)","(0, 0, 0)","(0, 0, 0)","(0, 0, 0)","(0, 0, 0)","(0, 0, 0)","(0, 0, 0)","(0, 0, 0)","(0, 0, 0)","(0, 0, 0)",Negative
1879,"(0, 0, 0)","(0, 0, 0)","(0, 0, 0)","(0, 0, 0)","(0, 0, 0)","(0, 0, 0)","(0, 0, 0)","(0, 0, 0)","(0, 0, 0)","(0, 0, 0)","(0, 0, 0)","(0, 0, 0)","(0, 0, 0)","(0, 0, 0)","(0, 0, 0)","(0, 0, 0)","(0, 0, 0)","(0, 0, 0)","(0, 0, 0)","(0, 0, 0)","(0, 0, 0)",Negative
1880,"(0, 0, 0)","(0, 0, 0)","(0, 0, 0)","(0, 0, 0)","(0, 0, 0)","(0, 0, 0)","(0, 0, 0)","(0, 0, 0)","(0, 0, 0)","(0, 0, 0)","(0, 0, 0)","(0, 0, 0)","(0, 0, 0)","(0, 0, 0)","(0, 0, 0)","(0, 0, 0)","(0, 0, 0)","(0, 0, 0)","(0, 0, 0)","(0, 0, 0)","(0, 0, 0)",Negative
1881,"(0, 0, 0)","(0, 0, 0)","(0, 0, 0)","(0, 0, 0)","(0, 0, 0)","(0, 0, 0)","(0, 0, 0)","(0, 0, 0)","(0, 0, 0)","(0, 0, 0)","(0, 0, 0)","(0, 0, 0)","(0, 0, 0)","(0, 0, 0)","(0, 0, 0)","(0, 0, 0)","(0, 0, 0)","(0, 0, 0)","(0, 0, 0)","(0, 0, 0)","(0, 0, 0)",Negative
1882,"(0, 0, 0)","(0, 0, 0)","(0, 0, 0)","(0, 0, 0)","(0, 0, 0)","(0, 0, 0)","(0, 0, 0)","(0, 0, 0)","(0, 0, 0)","(0, 0, 0)","(0, 0, 0)","(0, 0, 0)","(0, 0, 0)","(0, 0, 0)","(0, 0, 0)","(0, 0, 0)","(0, 0, 0)","(0, 0, 0)","(0, 0, 0)","(0, 0, 0)","(0, 0, 0)",Negative
1883,"(0, 0, 0)","(0, 0, 0)","(0, 0, 0)","(0, 0, 0)","(0, 0, 0)","(0, 0, 0)","(0, 0, 0)","(0, 0, 0)","(0, 0, 0)","(0, 0, 0)","(0, 0, 0)","(0, 0, 0)","(0, 0, 0)","(0, 0, 0)","(0, 0, 0)","(0, 0, 0)","(0, 0, 0)","(0, 0, 0)","(0, 0, 0)","(0, 0, 0)","(0, 0, 0)",Negative
1884,"(0, 0, 0)","(0, 0, 0)","(0, 0, 0)","(0, 0, 0)","(0, 0, 0)","(0, 0, 0)","(0, 0, 0)","(0, 0, 0)","(0, 0, 0)","(0, 0, 0)","(0, 0, 0)","(0, 0, 0)","(0, 0, 0)","(0, 0, 0)","(0, 0, 0)","(0, 0, 0)","(0, 0, 0)","(0, 0, 0)","(0, 0, 0)","(0, 0, 0)","(0, 0, 0)",Negative
1885,"(0, 0, 0)","(0, 0, 0)","(0, 0, 0)","(0, 0, 0)","(0, 0, 0)","(0, 0, 0)","(0, 0, 0)","(0, 0, 0)","(0, 0, 0)","(0, 0, 0)","(0, 0, 0)","(0, 0, 0)","(0, 0, 0)","(0, 0, 0)","(0, 0, 0)","(0, 0, 0)","(0, 0, 0)","(0, 0, 0)","(0, 0, 0)","(0, 0, 0)","(0, 0, 0)",Negative
1886,"(0, 0, 0)","(0, 0, 0)","(0, 0, 0)","(0, 0, 0)","(0, 0, 0)","(0, 0, 0)","(0, 0, 0)","(0, 0, 0)","(0, 0, 0)","(0, 0, 0)","(0, 0, 0)","(0, 0, 0)","(0, 0, 0)","(0, 0, 0)","(0, 0, 0)","(0, 0, 0)","(0, 0, 0)","(0, 0, 0)","(0, 0, 0)","(0, 0, 0)","(0, 0, 0)",Negative
1887,"(0, 0, 0)","(0, 0, 0)","(0, 0, 0)","(0, 0, 0)","(0, 0, 0)","(0, 0, 0)","(0, 0, 0)","(0, 0, 0)","(0, 0, 0)","(0, 0, 0)","(0, 0, 0)","(0, 0, 0)","(0, 0, 0)","(0, 0, 0)","(0, 0, 0)","(0, 0, 0)","(0, 0, 0)","(0, 0, 0)","(0, 0, 0)","(0, 0, 0)","(0, 0, 0)",Negative
1888,"(0, 0, 0)","(0, 0, 0)","(0, 0, 0)","(0, 0, 0)","(0, 0, 0)","(0, 0, 0)","(0, 0, 0)","(0, 0, 0)","(0, 0, 0)","(0, 0, 0)","(0, 0, 0)","(0, 0, 0)","(0, 0, 0)","(0, 0, 0)","(0, 0, 0)","(0, 0, 0)","(0, 0, 0)","(0, 0, 0)","(0, 0, 0)","(0, 0, 0)","(0, 0, 0)",Negative
1889,"(0, 0, 0)","(0, 0, 0)","(0, 0, 0)","(0, 0, 0)","(0, 0, 0)","(0, 0, 0)","(0, 0, 0)","(0, 0, 0)","(0, 0, 0)","(0, 0, 0)","(0, 0, 0)","(0, 0, 0)","(0, 0, 0)","(0, 0, 0)","(0, 0, 0)","(0, 0, 0)","(0, 0, 0)","(0, 0, 0)","(0, 0, 0)","(0, 0, 0)","(0, 0, 0)",Negative
1890,"(0, 0, 0)","(0, 0, 0)","(0, 0, 0)","(0, 0, 0)","(0, 0, 0)","(0, 0, 0)","(0, 0, 0)","(0, 0, 0)","(0, 0, 0)","(0, 0, 0)","(0, 0, 0)","(0, 0, 0)","(0, 0, 0)","(0, 0, 0)","(0, 0, 0)","(0, 0, 0)","(0, 0, 0)","(0, 0, 0)","(0, 0, 0)","(0, 0, 0)","(0, 0, 0)",Negative
1891,"(0, 0, 0)","(0, 0, 0)","(0, 0, 0)","(0, 0, 0)","(0, 0, 0)","(0, 0, 0)","(0, 0, 0)","(0, 0, 0)","(0, 0, 0)","(0, 0, 0)","(0, 0, 0)","(0, 0, 0)","(0, 0, 0)","(0, 0, 0)","(0, 0, 0)","(0, 0, 0)","(0, 0, 0)","(0, 0, 0)","(0, 0, 0)","(0, 0, 0)","(0, 0, 0)",Negative
1892,"(0, 0, 0)","(0, 0, 0)","(0, 0, 0)","(0, 0, 0)","(0, 0, 0)","(0, 0, 0)","(0, 0, 0)","(0, 0, 0)","(0, 0, 0)","(0, 0, 0)","(0, 0, 0)","(0, 0, 0)","(0, 0, 0)","(0, 0, 0)","(0, 0, 0)","(0, 0, 0)","(0, 0, 0)","(0, 0, 0)","(0, 0, 0)","(0, 0, 0)","(0, 0, 0)",Negative
1893,"(0, 0, 0)","(0, 0, 0)","(0, 0, 0)","(0, 0, 0)","(0, 0, 0)","(0, 0, 0)","(0, 0, 0)","(0, 0, 0)","(0, 0, 0)","(0, 0, 0)","(0, 0, 0)","(0, 0, 0)","(0, 0, 0)","(0, 0, 0)","(0, 0, 0)","(0, 0, 0)","(0, 0, 0)","(0, 0, 0)","(0, 0, 0)","(0, 0, 0)","(0, 0, 0)",Negative
1894,"(0, 0, 0)","(0, 0, 0)","(0, 0, 0)","(0, 0, 0)","(0, 0, 0)","(0, 0, 0)","(0, 0, 0)","(0, 0, 0)","(0, 0, 0)","(0, 0, 0)","(0, 0, 0)","(0, 0, 0)","(0, 0, 0)","(0, 0, 0)","(0, 0, 0)","(0, 0, 0)","(0, 0, 0)","(0, 0, 0)","(0, 0, 0)","(0, 0, 0)","(0, 0, 0)",Negative
1895,"(0, 0, 0)","(0, 0, 0)","(0, 0, 0)","(0, 0, 0)","(0, 0, 0)","(0, 0, 0)","(0, 0, 0)","(0, 0, 0)","(0, 0, 0)","(0, 0, 0)","(0, 0, 0)","(0, 0, 0)","(0, 0, 0)","(0, 0, 0)","(0, 0, 0)","(0, 0, 0)","(0, 0, 0)","(0, 0, 0)","(0, 0, 0)","(0, 0, 0)","(0, 0, 0)",Negative
1896,"(0, 0, 0)","(0, 0, 0)","(0, 0, 0)","(0, 0, 0)","(0, 0, 0)","(0, 0, 0)","(0, 0, 0)","(0, 0, 0)","(0, 0, 0)","(0, 0, 0)","(0, 0, 0)","(0, 0, 0)","(0, 0, 0)","(0, 0, 0)","(0, 0, 0)","(0, 0, 0)","(0, 0, 0)","(0, 0, 0)","(0, 0, 0)","(0, 0, 0)","(0, 0, 0)",Negative
1897,"(0, 0, 0)","(0, 0, 0)","(0, 0, 0)","(0, 0, 0)","(0, 0, 0)","(0, 0, 0)","(0, 0, 0)","(0, 0, 0)","(0, 0, 0)","(0, 0, 0)","(0, 0, 0)","(0, 0, 0)","(0, 0, 0)","(0, 0, 0)","(0, 0, 0)","(0, 0, 0)","(0, 0, 0)","(0, 0, 0)","(0, 0, 0)","(0, 0, 0)","(0, 0, 0)",Negative
1898,"(0, 0, 0)","(0, 0, 0)","(0, 0, 0)","(0, 0, 0)","(0, 0, 0)","(0, 0, 0)","(0, 0, 0)","(0, 0, 0)","(0, 0, 0)","(0, 0, 0)","(0, 0, 0)","(0, 0, 0)","(0, 0, 0)","(0, 0, 0)","(0, 0, 0)","(0, 0, 0)","(0, 0, 0)","(0, 0, 0)","(0, 0, 0)","(0, 0, 0)","(0, 0, 0)",Negative
1899,"(0, 0, 0)","(0, 0, 0)","(0, 0, 0)","(0, 0, 0)","(0, 0, 0)","(0, 0, 0)","(0, 0, 0)","(0, 0, 0)","(0, 0, 0)","(0, 0, 0)","(0, 0, 0)","(0, 0, 0)","(0, 0, 0)","(0, 0, 0)","(0, 0, 0)","(0, 0, 0)","(0, 0, 0)","(0, 0, 0)","(0, 0, 0)","(0, 0, 0)","(0, 0, 0)",Negative
1900,"(0, 0, 0)","(0, 0, 0)","(0, 0, 0)","(0, 0, 0)","(0, 0, 0)","(0, 0, 0)","(0, 0, 0)","(0, 0, 0)","(0, 0, 0)","(0, 0, 0)","(0, 0, 0)","(0, 0, 0)","(0, 0, 0)","(0, 0, 0)","(0, 0, 0)","(0, 0, 0)","(0, 0, 0)","(0, 0, 0)","(0, 0, 0)","(0, 0, 0)","(0, 0, 0)",Negative
1901,"(0, 0, 0)","(0, 0, 0)","(0, 0, 0)","(0, 0, 0)","(0, 0, 0)","(0, 0, 0)","(0, 0, 0)","(0, 0, 0)","(0, 0, 0)","(0, 0, 0)","(0, 0, 0)","(0, 0, 0)","(0, 0, 0)","(0, 0, 0)","(0, 0, 0)","(0, 0, 0)","(0, 0, 0)","(0, 0, 0)","(0, 0, 0)","(0, 0, 0)","(0, 0, 0)",Negative
1902,"(0, 0, 0)","(0, 0, 0)","(0, 0, 0)","(0, 0, 0)","(0, 0, 0)","(0, 0, 0)","(0, 0, 0)","(0, 0, 0)","(0, 0, 0)","(0, 0, 0)","(0, 0, 0)","(0, 0, 0)","(0, 0, 0)","(0, 0, 0)","(0, 0, 0)","(0, 0, 0)","(0, 0, 0)","(0, 0, 0)","(0, 0, 0)","(0, 0, 0)","(0, 0, 0)",Negative
1903,"(0, 0, 0)","(0, 0, 0)","(0, 0, 0)","(0, 0, 0)","(0, 0, 0)","(0, 0, 0)","(0, 0, 0)","(0, 0, 0)","(0, 0, 0)","(0, 0, 0)","(0, 0, 0)","(0, 0, 0)","(0, 0, 0)","(0, 0, 0)","(0, 0, 0)","(0, 0, 0)","(0, 0, 0)","(0, 0, 0)","(0, 0, 0)","(0, 0, 0)","(0, 0, 0)",Negative
1904,"(0, 0, 0)","(0, 0, 0)","(0, 0, 0)","(0, 0, 0)","(0, 0, 0)","(0, 0, 0)","(0, 0, 0)","(0, 0, 0)","(0, 0, 0)","(0, 0, 0)","(0, 0, 0)","(0, 0, 0)","(0, 0, 0)","(0, 0, 0)","(0, 0, 0)","(0, 0, 0)","(0, 0, 0)","(0, 0, 0)","(0, 0, 0)","(0, 0, 0)","(0, 0, 0)",Negative
1905,"(0, 0, 0)","(0, 0, 0)","(0, 0, 0)","(0, 0, 0)","(0, 0, 0)","(0, 0, 0)","(0, 0, 0)","(0, 0, 0)","(0, 0, 0)","(0, 0, 0)","(0, 0, 0)","(0, 0, 0)","(0, 0, 0)","(0, 0, 0)","(0, 0, 0)","(0, 0, 0)","(0, 0, 0)","(0, 0, 0)","(0, 0, 0)","(0, 0, 0)","(0, 0, 0)",Negative
1906,"(0, 0, 0)","(0, 0, 0)","(0, 0, 0)","(0, 0, 0)","(0, 0, 0)","(0, 0, 0)","(0, 0, 0)","(0, 0, 0)","(0, 0, 0)","(0, 0, 0)","(0, 0, 0)","(0, 0, 0)","(0, 0, 0)","(0, 0, 0)","(0, 0, 0)","(0, 0, 0)","(0, 0, 0)","(0, 0, 0)","(0, 0, 0)","(0, 0, 0)","(0, 0, 0)",Negative
1907,"(0, 0, 0)","(0, 0, 0)","(0, 0, 0)","(0, 0, 0)","(0, 0, 0)","(0, 0, 0)","(0, 0, 0)","(0, 0, 0)","(0, 0, 0)","(0, 0, 0)","(0, 0, 0)","(0, 0, 0)","(0, 0, 0)","(0, 0, 0)","(0, 0, 0)","(0, 0, 0)","(0, 0, 0)","(0, 0, 0)","(0, 0, 0)","(0, 0, 0)","(0, 0, 0)",Negative
1908,"(0, 0, 0)","(0, 0, 0)","(0, 0, 0)","(0, 0, 0)","(0, 0, 0)","(0, 0, 0)","(0, 0, 0)","(0, 0, 0)","(0, 0, 0)","(0, 0, 0)","(0, 0, 0)","(0, 0, 0)","(0, 0, 0)","(0, 0, 0)","(0, 0, 0)","(0, 0, 0)","(0, 0, 0)","(0, 0, 0)","(0, 0, 0)","(0, 0, 0)","(0, 0, 0)",Negative
