Unnamed: 0,WRIST,THUMB_CMC,THUMB_MCP,THUMB_IP,THUMB_TIP,INDEX_FINGER_MCP,INDEX_FINGER_PIP,INDEX_FINGER_DIP,INDEX_FINGER_TIP,MIDDLE_FINGER_MCP,MIDDLE_FINGER_PIP,MIDDLE_FINGER_DIP,MIDDLE_FINGER_TIP,RING_FINGER_MCP,RING_FINGER_PIP,RING_FINGER_DIP,RING_FINGER_TIP,PINKY_MCP,PINKY_PIP,PINKY_DIP,PINKY_TIP,LABEL
2556,"(0.6314828991889954, 0.8304997682571411, -3.350539543589548e-07)","(0.5769647359848022, 0.7613695859909058, -0.01861908659338951)","(0.5475252270698547, 0.6617629528045654, -0.01224746648222208)","(0.52890944480896, 0.5898429155349731, 0.0028122253715991974)","(0.530348539352417, 0.5492086410522461, 0.021715382114052773)","(0.6286925673484802, 0.5791768431663513, -0.003931595012545586)","(0.5892565250396729, 0.5115196108818054, 0.02725028060376644)","(0.5573106408119202, 0.5267088413238525, 0.05084298551082611)","(0.5362271666526794, 0.5455929040908813, 0.06544023007154465)","(0.6537016034126282, 0.5964649319648743, 0.020147763192653656)","(0.6072361469268799, 0.5457874536514282, 0.0539369061589241)","(0.5735366940498352, 0.5560966730117798, 0.06722380965948105)","(0.5503770112991333, 0.5793778896331787, 0.0717998519539833)","(0.6639295220375061, 0.6271705627441406, 0.04582437872886658)","(0.616450846195221, 0.5911439657211304, 0.07454521954059601)","(0.5903025269508362, 0.5986849665641785, 0.07699506729841232)","(0.5714985132217407, 0.6169542670249939, 0.07331009209156036)","(0.6647168397903442, 0.6539936661720276, 0.07080013304948807)","(0.6295249462127686, 0.6260553002357483, 0.08848650753498077)","(0.6070858240127563, 0.6292706727981567, 0.09055726230144501)","(0.5884023308753967, 0.6430783867835999, 0.09048338234424591)",Position
2557,"(0.6311758160591125, 0.8290872573852539, -3.5198314662920893e-07)","(0.5771063566207886, 0.7603374123573303, -0.017914986237883568)","(0.5477949380874634, 0.6611615419387817, -0.010760298930108547)","(0.529813289642334, 0.5894089937210083, 0.0053542484529316425)","(0.5333605408668518, 0.5519976019859314, 0.025549951940774918)","(0.6289728879928589, 0.5786630511283875, -0.00525503559038043)","(0.5897783637046814, 0.5106492042541504, 0.02585633657872677)","(0.5575668811798096, 0.526167094707489, 0.04997885599732399)","(0.5361709594726562, 0.5454160571098328, 0.06510727852582932)","(0.6539366841316223, 0.5959381461143494, 0.01905134506523609)","(0.6084222793579102, 0.5433292388916016, 0.05277135968208313)","(0.5747300982475281, 0.5549299120903015, 0.06709832698106766)","(0.5513002276420593, 0.5795544385910034, 0.07271315157413483)","(0.6641981601715088, 0.6260286569595337, 0.045158501714468)","(0.6181991100311279, 0.5886804461479187, 0.074220210313797)","(0.5920934081077576, 0.597230851650238, 0.07772158831357956)","(0.5732954144477844, 0.6167200803756714, 0.07496091723442078)","(0.6650283336639404, 0.6523963809013367, 0.07060766220092773)","(0.6309503316879272, 0.6245493292808533, 0.08877421170473099)","(0.6085953116416931, 0.6272954344749451, 0.09120728075504303)","(0.5899601578712463, 0.6407864093780518, 0.09151319414377213)",Position
2558,"(0.6304666996002197, 0.8283899426460266, -3.478750159047195e-07)","(0.577264130115509, 0.7604272365570068, -0.02041064389050007)","(0.5490313768386841, 0.6623126268386841, -0.015888173133134842)","(0.5312411189079285, 0.5927470922470093, -0.002608469221740961)","(0.5312974452972412, 0.5505980253219604, 0.014146723784506321)","(0.6296589970588684, 0.5788753628730774, -0.009557069279253483)","(0.5889568328857422, 0.5107101798057556, 0.017564190551638603)","(0.556138277053833, 0.5261433720588684, 0.03882841765880585)","(0.5352497696876526, 0.545341968536377, 0.052338000386953354)","(0.6551879644393921, 0.5956763625144958, 0.014181296341121197)","(0.6093517541885376, 0.5415066480636597, 0.043395187705755234)","(0.5740523934364319, 0.553510308265686, 0.05535642057657242)","(0.5503537058830261, 0.5796146392822266, 0.05988037958741188)","(0.665347695350647, 0.6260462999343872, 0.03944624960422516)","(0.6186240315437317, 0.5889412760734558, 0.06417443603277206)","(0.5916639566421509, 0.5979430079460144, 0.06578164547681808)","(0.5729799866676331, 0.617912769317627, 0.06243724375963211)","(0.6654898524284363, 0.6523665189743042, 0.0640033707022667)","(0.630665123462677, 0.6241676211357117, 0.07906382530927658)","(0.6082854270935059, 0.6278883814811707, 0.08056125789880753)","(0.5903300046920776, 0.6418840289115906, 0.08053286373615265)",Position
2559,"(0.6309677362442017, 0.8290330171585083, -3.640651300429454e-07)","(0.5774216055870056, 0.7596752643585205, -0.019265107810497284)","(0.5487104058265686, 0.662015974521637, -0.014837592840194702)","(0.5302548408508301, 0.5908390283584595, -0.001807476277463138)","(0.5310004949569702, 0.5493509769439697, 0.014854997396469116)","(0.630070686340332, 0.5801252126693726, -0.009185957722365856)","(0.5896507501602173, 0.5105654001235962, 0.018476661294698715)","(0.5570353269577026, 0.5271005034446716, 0.04000234231352806)","(0.5361690521240234, 0.5482209324836731, 0.0535089373588562)","(0.6551017165184021, 0.5973625183105469, 0.014207294210791588)","(0.6082037687301636, 0.5474466681480408, 0.04422271251678467)","(0.5748301148414612, 0.5626713633537292, 0.05609489604830742)","(0.5533864498138428, 0.5883564949035645, 0.05996230989694595)","(0.6652712225914001, 0.6271200776100159, 0.039408646523952484)","(0.6178762912750244, 0.5916643738746643, 0.06514962762594223)","(0.5927183628082275, 0.6042249798774719, 0.06696629524230957)","(0.5753747224807739, 0.6267590522766113, 0.06317295879125595)","(0.6653882265090942, 0.6527695655822754, 0.06396935880184174)","(0.6304291486740112, 0.6250150799751282, 0.0795557051897049)","(0.6089289784431458, 0.6309959888458252, 0.08117641508579254)","(0.591609001159668, 0.6468763947486877, 0.08102457225322723)",Position
2560,"(0.6305506229400635, 0.8302123546600342, -3.7426161725306883e-07)","(0.5771337151527405, 0.7588571906089783, -0.019242478534579277)","(0.5485985279083252, 0.6612874269485474, -0.014380856417119503)","(0.5300470590591431, 0.5911331176757812, -0.0008543505100533366)","(0.5301823616027832, 0.5484808683395386, 0.016197916120290756)","(0.6310436725616455, 0.5798031687736511, -0.007542639039456844)","(0.5907183289527893, 0.5116983652114868, 0.021874194964766502)","(0.5581519603729248, 0.5302614569664001, 0.04391425848007202)","(0.5385845303535461, 0.5538482666015625, 0.05726861581206322)","(0.655712366104126, 0.5976541042327881, 0.016307268291711807)","(0.6068259477615356, 0.5535356402397156, 0.047551922500133514)","(0.5743277668952942, 0.5719524025917053, 0.058750685304403305)","(0.5555918216705322, 0.5996544361114502, 0.061503972858190536)","(0.6653355360031128, 0.6281362771987915, 0.04201647639274597)","(0.6164758801460266, 0.5946701169013977, 0.06870228052139282)","(0.5912824273109436, 0.608220636844635, 0.06923017650842667)","(0.5747458934783936, 0.6322177648544312, 0.06390038132667542)","(0.6652990579605103, 0.6539236903190613, 0.06716029345989227)","(0.6292273998260498, 0.6276081204414368, 0.08311305195093155)","(0.6075953245162964, 0.6348731517791748, 0.08384660631418228)","(0.5909408330917358, 0.6519273519515991, 0.08263088762760162)",Position
2561,"(0.6309223771095276, 0.8301205635070801, -3.5571059697758756e-07)","(0.5778787136077881, 0.7609924674034119, -0.019939452409744263)","(0.5488398671150208, 0.6628796458244324, -0.015844011679291725)","(0.5291569828987122, 0.5926263332366943, -0.0030646948143839836)","(0.5299564599990845, 0.551019549369812, 0.013429968617856503)","(0.6307565569877625, 0.5809476971626282, -0.01002454198896885)","(0.5911614894866943, 0.5098663568496704, 0.01690441556274891)","(0.5580637454986572, 0.5271409749984741, 0.038487985730171204)","(0.5373930931091309, 0.5500879883766174, 0.05228545144200325)","(0.6556886434555054, 0.5973970890045166, 0.01376629713922739)","(0.6103423237800598, 0.5407189726829529, 0.04224647954106331)","(0.5752332210540771, 0.5547568798065186, 0.05439499765634537)","(0.5526110529899597, 0.583342432975769, 0.059213750064373016)","(0.665542721748352, 0.6269111037254333, 0.03922301530838013)","(0.6184974908828735, 0.5871045589447021, 0.06402565538883209)","(0.591894268989563, 0.5979418754577637, 0.06606898456811905)","(0.5740053653717041, 0.6209255456924438, 0.06297475844621658)","(0.6652032732963562, 0.6527878046035767, 0.06402292102575302)","(0.6305137276649475, 0.6237266063690186, 0.07923765480518341)","(0.6079660058021545, 0.6278980374336243, 0.08065131306648254)","(0.5903381705284119, 0.6429157257080078, 0.08054575324058533)",Position
2562,"(0.6307137608528137, 0.8300127983093262, -3.704448943153693e-07)","(0.5771304368972778, 0.7601766586303711, -0.019463809207081795)","(0.5484029054641724, 0.6615471243858337, -0.014810890890657902)","(0.529820442199707, 0.5902311205863953, -0.0016776553820818663)","(0.5306031107902527, 0.5504491925239563, 0.015021936036646366)","(0.6305297613143921, 0.5786647796630859, -0.007827037945389748)","(0.5897018313407898, 0.5079448819160461, 0.019885636866092682)","(0.5566025972366333, 0.5262369513511658, 0.04124651476740837)","(0.536198079586029, 0.5495347380638123, 0.05458739399909973)","(0.65534907579422, 0.5964412093162537, 0.01569954678416252)","(0.6069052219390869, 0.5458918213844299, 0.044833146035671234)","(0.5729398727416992, 0.5626105070114136, 0.055847927927970886)","(0.5520385503768921, 0.5903070569038391, 0.05940014496445656)","(0.6651438474655151, 0.6268121004104614, 0.04092481732368469)","(0.6159691214561462, 0.5902923941612244, 0.06580420583486557)","(0.5896435976028442, 0.6031663417816162, 0.06661240011453629)","(0.5720871686935425, 0.6268880367279053, 0.06242522597312927)","(0.6649599075317383, 0.6532853245735168, 0.06553664058446884)","(0.6286843419075012, 0.6254798769950867, 0.08048572391271591)","(0.6062814593315125, 0.6317036151885986, 0.08140334486961365)","(0.5888368487358093, 0.6484289765357971, 0.08088772743940353)",Position
2563,"(0.6312921047210693, 0.8318707346916199, -3.6061996411262953e-07)","(0.5768136382102966, 0.7580739855766296, -0.016695566475391388)","(0.54759681224823, 0.6583095788955688, -0.007729270029813051)","(0.5285125970840454, 0.588718593120575, 0.009677326306700706)","(0.5309315323829651, 0.5509992837905884, 0.03072231076657772)","(0.6309753656387329, 0.5741531252861023, 0.00240330514498055)","(0.5905994772911072, 0.5104640126228333, 0.03682560846209526)","(0.557473361492157, 0.5269511938095093, 0.061173293739557266)","(0.536722719669342, 0.5463110208511353, 0.07577823102474213)","(0.6551381349563599, 0.596978485584259, 0.0268105398863554)","(0.6077227592468262, 0.5489680767059326, 0.06314428150653839)","(0.5728631615638733, 0.5644473433494568, 0.07623951882123947)","(0.5506130456924438, 0.5930104851722717, 0.08044914901256561)","(0.6644467711448669, 0.6306981444358826, 0.052859917283058167)","(0.6159875988960266, 0.5945215225219727, 0.08380766957998276)","(0.588372528553009, 0.6056910753250122, 0.08500330150127411)","(0.5701808929443359, 0.6285380125045776, 0.08018389344215393)","(0.6647876501083374, 0.6588366627693176, 0.07834596931934357)","(0.6294118165969849, 0.6313546299934387, 0.09772934019565582)","(0.6051766276359558, 0.6358787417411804, 0.09905244410037994)","(0.5861933827400208, 0.6518022418022156, 0.09810972213745117)",Position
2564,"(0.6314799189567566, 0.8313921689987183, -3.7431752275551844e-07)","(0.5771910548210144, 0.7584607005119324, -0.016273178160190582)","(0.5473718047142029, 0.6589326858520508, -0.006827066652476788)","(0.5270334482192993, 0.5889476537704468, 0.011261316016316414)","(0.5300506353378296, 0.5512521266937256, 0.032919324934482574)","(0.6306219100952148, 0.5743527412414551, 0.0026505240239202976)","(0.5886843800544739, 0.5108259916305542, 0.03817685320973396)","(0.5559211373329163, 0.5282381772994995, 0.06286898255348206)","(0.5357189178466797, 0.5488987565040588, 0.07750054448843002)","(0.6545398831367493, 0.5961151719093323, 0.027452662587165833)","(0.6040796041488647, 0.5539484024047852, 0.06515074521303177)","(0.571607232093811, 0.5727863907814026, 0.07783793658018112)","(0.551866352558136, 0.6019458174705505, 0.08120910078287125)","(0.6639058589935303, 0.6292353868484497, 0.05413708835840225)","(0.61380535364151, 0.5969776511192322, 0.08631401509046555)","(0.5879823565483093, 0.6100682020187378, 0.0866420641541481)","(0.5711857676506042, 0.6332851648330688, 0.08066598325967789)","(0.6645495295524597, 0.6560990214347839, 0.08040118962526321)","(0.6276952028274536, 0.6307938098907471, 0.1003599688410759)","(0.6051023006439209, 0.6378787755966187, 0.10123923420906067)","(0.5876768231391907, 0.6551699042320251, 0.09974240511655807)",Position
2565,"(0.6304244995117188, 0.8298021554946899, -3.5967553912996664e-07)","(0.5766757130622864, 0.7560291290283203, -0.01620441861450672)","(0.5464144349098206, 0.6568227410316467, -0.007646531797945499)","(0.5258556604385376, 0.5879079699516296, 0.009281090460717678)","(0.5294797420501709, 0.5509066581726074, 0.029792828485369682)","(0.6296989321708679, 0.5749293565750122, 0.0010155999334529042)","(0.5875945091247559, 0.5108018517494202, 0.035871122032403946)","(0.5551906228065491, 0.5301267504692078, 0.061084162443876266)","(0.5353204607963562, 0.5520226359367371, 0.07635218650102615)","(0.6540122628211975, 0.5942036509513855, 0.02538791298866272)","(0.6038292050361633, 0.5498857498168945, 0.06237470358610153)","(0.5705841183662415, 0.5664333701133728, 0.07594939321279526)","(0.5494694709777832, 0.5950044393539429, 0.08035185933113098)","(0.663898766040802, 0.6259852051734924, 0.051717936992645264)","(0.613821804523468, 0.5929375886917114, 0.08358611911535263)","(0.5874003171920776, 0.6036254167556763, 0.08556494861841202)","(0.5696943998336792, 0.6261014342308044, 0.08105143904685974)","(0.664686918258667, 0.6525465846061707, 0.07758166640996933)","(0.6286219358444214, 0.6272370219230652, 0.09748978167772293)","(0.605949878692627, 0.6326927542686462, 0.09944424778223038)","(0.58799809217453, 0.6495410799980164, 0.09905389696359634)",Position
2566,"(0.6302745342254639, 0.828163743019104, -3.5607084214461793e-07)","(0.5761673450469971, 0.7555344700813293, -0.01566672883927822)","(0.5452935099601746, 0.6558740735054016, -0.006099741440266371)","(0.5236518979072571, 0.5871573090553284, 0.011847692541778088)","(0.527599036693573, 0.5507932901382446, 0.03322570398449898)","(0.6280045509338379, 0.5695753693580627, 0.003044191049411893)","(0.5851296782493591, 0.5104730129241943, 0.039151374250650406)","(0.5527254343032837, 0.5299684405326843, 0.06446781009435654)","(0.532636284828186, 0.5497572422027588, 0.0795678049325943)","(0.6524136662483215, 0.5901660323143005, 0.027510154992341995)","(0.6021484136581421, 0.5485389232635498, 0.06586294621229172)","(0.5680410861968994, 0.5634207129478455, 0.07918214052915573)","(0.5452514290809631, 0.5914402008056641, 0.08319539576768875)","(0.6624532341957092, 0.6229545474052429, 0.05399376526474953)","(0.612586498260498, 0.5908560156822205, 0.0865902304649353)","(0.5849478244781494, 0.6007911562919617, 0.08804517984390259)","(0.5660423636436462, 0.6235331296920776, 0.0831780806183815)","(0.663418710231781, 0.6499819755554199, 0.08008148521184921)","(0.6272174119949341, 0.6243005394935608, 0.1002206951379776)","(0.6034318804740906, 0.6289636492729187, 0.10187409818172455)","(0.5842854976654053, 0.6456422805786133, 0.10133234411478043)",Position
2567,"(0.6304799914360046, 0.8282880783081055, -3.776435164581926e-07)","(0.575921356678009, 0.7545958757400513, -0.015209886245429516)","(0.5452554225921631, 0.6561701893806458, -0.0059101274237036705)","(0.5231267213821411, 0.5906704664230347, 0.011860055848956108)","(0.5234513878822327, 0.5503917932510376, 0.032755378633737564)","(0.6268188953399658, 0.5686277747154236, 0.0008273012936115265)","(0.5823603272438049, 0.5118271708488464, 0.036007631570100784)","(0.5500047206878662, 0.5306634902954102, 0.06069960072636604)","(0.5300143361091614, 0.5504521727561951, 0.07545370608568192)","(0.6521464586257935, 0.5897053480148315, 0.025139806792140007)","(0.6008782982826233, 0.5524049997329712, 0.06227674335241318)","(0.5686854720115662, 0.5733656883239746, 0.07510648667812347)","(0.5491818189620972, 0.6051372289657593, 0.07864802330732346)","(0.6625935435295105, 0.6232839226722717, 0.05168112367391586)","(0.6126012802124023, 0.5934879779815674, 0.08332967013120651)","(0.5865613222122192, 0.6086065173149109, 0.08383041620254517)","(0.5702403783798218, 0.6354930996894836, 0.07808195054531097)","(0.6636486053466797, 0.6499724984169006, 0.07803072780370712)","(0.6272138357162476, 0.626279354095459, 0.0975559875369072)","(0.6043740510940552, 0.6347737312316895, 0.09849965572357178)","(0.5875683426856995, 0.6539689898490906, 0.09716928750276566)",Position
2568,"(0.630630373954773, 0.8292007446289062, -3.555579155545274e-07)","(0.5755484104156494, 0.7535181641578674, -0.013563478365540504)","(0.5458900332450867, 0.6564725637435913, -0.0034384860191494226)","(0.5229935646057129, 0.5930567383766174, 0.014415251091122627)","(0.5212894678115845, 0.5504288077354431, 0.03480107709765434)","(0.6256131529808044, 0.5685725212097168, 0.006526688579469919)","(0.5798356533050537, 0.5151589512825012, 0.04435432702302933)","(0.5478398203849792, 0.5307023525238037, 0.07003182917833328)","(0.5273194313049316, 0.5477217435836792, 0.08532138168811798)","(0.6515287160873413, 0.589938223361969, 0.030281810089945793)","(0.5989797711372375, 0.5543158054351807, 0.07073074579238892)","(0.5666665434837341, 0.5744193196296692, 0.08417357504367828)","(0.5459986329078674, 0.6047120094299316, 0.08792848140001297)","(0.6629062294960022, 0.6242250800132751, 0.05621219426393509)","(0.6130580902099609, 0.5959911942481995, 0.09076246619224548)","(0.5871057510375977, 0.6097599864006042, 0.09192444384098053)","(0.5701011419296265, 0.6349520683288574, 0.08631163090467453)","(0.6652385592460632, 0.6519713401794434, 0.08193927258253098)","(0.6297077536582947, 0.6277549266815186, 0.10382887721061707)","(0.6071771383285522, 0.6348243355751038, 0.10582166165113449)","(0.5898733139038086, 0.6539719700813293, 0.10503536462783813)",Position
2569,"(0.6325948238372803, 0.8302987813949585, -3.917399453712278e-07)","(0.5760226845741272, 0.756841242313385, -0.01212362665683031)","(0.5456590056419373, 0.6599452495574951, -0.002719353185966611)","(0.5233578681945801, 0.5971951484680176, 0.013884932734072208)","(0.5186573266983032, 0.5544780492782593, 0.032723262906074524)","(0.6254459619522095, 0.5687761902809143, 0.004154756665229797)","(0.5791880488395691, 0.5173256397247314, 0.039045825600624084)","(0.5469702482223511, 0.5333481431007385, 0.062251016497612)","(0.5264861583709717, 0.5497082471847534, 0.07560274004936218)","(0.6527048945426941, 0.5904713273048401, 0.025540368631482124)","(0.5989660024642944, 0.5596507787704468, 0.06179320812225342)","(0.5687392950057983, 0.5853548645973206, 0.07294918596744537)","(0.5517416000366211, 0.6176363825798035, 0.07503245770931244)","(0.6650656461715698, 0.6260112524032593, 0.049292560666799545)","(0.615003228187561, 0.5996156930923462, 0.08004532009363174)","(0.5905904769897461, 0.6184893250465393, 0.07930175960063934)","(0.5758695602416992, 0.6472362279891968, 0.07243598252534866)","(0.6684783697128296, 0.6561241745948792, 0.0730554461479187)","(0.6320170164108276, 0.6336933374404907, 0.09206444025039673)","(0.6098446846008301, 0.6441650390625, 0.09265600889921188)","(0.593437910079956, 0.6656098365783691, 0.09071686863899231)",Position
2570,"(0.6342094540596008, 0.8345904350280762, -4.003543381259078e-07)","(0.5770955681800842, 0.7596033215522766, -0.012067502364516258)","(0.5468925833702087, 0.6631498336791992, -0.0033466974273324013)","(0.5244351029396057, 0.6019662022590637, 0.012443630024790764)","(0.5173214673995972, 0.5552494525909424, 0.030302876606583595)","(0.626774251461029, 0.5726906061172485, 0.003863943973556161)","(0.579496443271637, 0.5212099552154541, 0.03835960477590561)","(0.5459612607955933, 0.5344511270523071, 0.06077014282345772)","(0.5239998698234558, 0.5487895011901855, 0.07369916886091232)","(0.6549740433692932, 0.5952052474021912, 0.024957435205578804)","(0.6007080674171448, 0.569671630859375, 0.06236803159117699)","(0.5703516602516174, 0.5950254201889038, 0.07323150336742401)","(0.5535058975219727, 0.6272225975990295, 0.07462532073259354)","(0.6678045988082886, 0.6322294473648071, 0.04843609780073166)","(0.6176257133483887, 0.6097411513328552, 0.08018779754638672)","(0.5930741429328918, 0.6274737119674683, 0.07957623153924942)","(0.5780593156814575, 0.6560338735580444, 0.07244011759757996)","(0.6722028851509094, 0.663642168045044, 0.07188653945922852)","(0.6358119249343872, 0.6415942311286926, 0.0916556715965271)","(0.6136155128479004, 0.6510398387908936, 0.09290380030870438)","(0.5964695811271667, 0.6724631786346436, 0.09134350717067719)",Position
2571,"(0.6368189454078674, 0.8393503427505493, -3.895727900271595e-07)","(0.5778566002845764, 0.7645895481109619, -0.009684274904429913)","(0.5490350723266602, 0.6679154634475708, 0.0006941022002138197)","(0.5279732346534729, 0.6053771376609802, 0.01802241988480091)","(0.5169906616210938, 0.5619080066680908, 0.03748774901032448)","(0.6258639693260193, 0.5762078762054443, 0.006644607055932283)","(0.5802190899848938, 0.5287411212921143, 0.043181560933589935)","(0.5485946536064148, 0.5401526689529419, 0.06714720278978348)","(0.5282866954803467, 0.5531320571899414, 0.08100704103708267)","(0.6546348929405212, 0.5985091328620911, 0.027132701128721237)","(0.6031085848808289, 0.5712093114852905, 0.06706210225820541)","(0.5747573971748352, 0.5964517593383789, 0.08063271641731262)","(0.5598061084747314, 0.6271193623542786, 0.08388013392686844)","(0.6683565378189087, 0.6352750062942505, 0.05008964240550995)","(0.6215901970863342, 0.6092404127120972, 0.08371014147996902)","(0.5982337594032288, 0.6273404955863953, 0.08505994826555252)","(0.5850153565406799, 0.6550133228302002, 0.07905006408691406)","(0.6741323471069336, 0.6665126085281372, 0.07313035428524017)","(0.639742910861969, 0.6422184705734253, 0.09416008740663528)","(0.6185458898544312, 0.6524696350097656, 0.09640207141637802)","(0.6031152606010437, 0.6744988560676575, 0.09541445970535278)",Position
2572,"(0.6387943029403687, 0.8415851593017578, -3.669223644919839e-07)","(0.5806270837783813, 0.7680549621582031, -0.010781144723296165)","(0.5518996715545654, 0.6719210743904114, 0.00015704722318332642)","(0.5304566025733948, 0.610204815864563, 0.018617024645209312)","(0.5170103311538696, 0.5640621781349182, 0.03952467441558838)","(0.6287035942077637, 0.5811689496040344, 0.008147451095283031)","(0.5825138092041016, 0.5313926935195923, 0.04538268968462944)","(0.5499626398086548, 0.5410474538803101, 0.06950784474611282)","(0.5285977125167847, 0.5535478591918945, 0.08379475027322769)","(0.6563173532485962, 0.6050669550895691, 0.03071325644850731)","(0.606282114982605, 0.5719076991081238, 0.07311512529850006)","(0.5752535462379456, 0.5942791104316711, 0.087612584233284)","(0.5569687485694885, 0.6226860880851746, 0.09135548025369644)","(0.6693450808525085, 0.6418046951293945, 0.05552126467227936)","(0.6237528324127197, 0.6118640303611755, 0.09170398116111755)","(0.5985572934150696, 0.628859281539917, 0.09398560225963593)","(0.58403480052948, 0.6544399261474609, 0.08828847855329514)","(0.6748138666152954, 0.6715186238288879, 0.08030007034540176)","(0.641109049320221, 0.6458185911178589, 0.10368846356868744)","(0.6183497309684753, 0.6554023027420044, 0.10680504888296127)","(0.6020480990409851, 0.6761312484741211, 0.10617664456367493)",Position
2573,"(0.6422508955001831, 0.8473238945007324, -3.861468371724186e-07)","(0.5826974511146545, 0.773670494556427, -0.009890904650092125)","(0.5535589456558228, 0.6762048602104187, 0.0008561544818803668)","(0.5319369435310364, 0.6131541728973389, 0.018709948286414146)","(0.5176424980163574, 0.566077709197998, 0.03876518830657005)","(0.6297165155410767, 0.5859584212303162, 0.009278659708797932)","(0.5838711261749268, 0.5375944972038269, 0.04774961248040199)","(0.5517338514328003, 0.5480039119720459, 0.07272866368293762)","(0.5306618809700012, 0.5608230829238892, 0.08713961392641068)","(0.6582677364349365, 0.6080401539802551, 0.03072809800505638)","(0.6061389446258545, 0.5834393501281738, 0.07354443520307541)","(0.577238917350769, 0.6097548007965088, 0.0877036526799202)","(0.5621273517608643, 0.6402601599693298, 0.09068454056978226)","(0.671970009803772, 0.644977331161499, 0.05455201491713524)","(0.6245213747024536, 0.6210082769393921, 0.09081059694290161)","(0.6004495024681091, 0.6403733491897583, 0.09215070307254791)","(0.5873197317123413, 0.6688315272331238, 0.08527252078056335)","(0.6784892082214355, 0.6761348843574524, 0.07840247452259064)","(0.6432686448097229, 0.6535873413085938, 0.10155528038740158)","(0.6214885115623474, 0.6653065085411072, 0.10399437695741653)","(0.6063321232795715, 0.6885949373245239, 0.10251257568597794)",Position
2574,"(0.6458955407142639, 0.852514386177063, -4.0044412230599846e-07)","(0.5854843854904175, 0.7776364088058472, -0.006056562066078186)","(0.555400013923645, 0.6817739009857178, 0.008540047332644463)","(0.533928394317627, 0.6208898425102234, 0.029929600656032562)","(0.5186945796012878, 0.57551109790802, 0.053907498717308044)","(0.6312344670295715, 0.5887436866760254, 0.017809486016631126)","(0.5868651866912842, 0.54435795545578, 0.058517467230558395)","(0.5546360611915588, 0.5534890294075012, 0.08385041356086731)","(0.5310144424438477, 0.562731146812439, 0.09877099096775055)","(0.6588374376296997, 0.6134674549102783, 0.03918423131108284)","(0.6088773608207703, 0.5869713425636292, 0.08598439395427704)","(0.5765821933746338, 0.6086992025375366, 0.10103322565555573)","(0.555969774723053, 0.6352779269218445, 0.10469670593738556)","(0.6722140908241272, 0.6507448554039001, 0.06289074569940567)","(0.6264989972114563, 0.6243367195129395, 0.10265745967626572)","(0.5994917750358582, 0.6408545970916748, 0.10514798760414124)","(0.5833795666694641, 0.6664933562278748, 0.09926503151655197)","(0.6789577007293701, 0.6808947324752808, 0.08679128438234329)","(0.6441441774368286, 0.6578893661499023, 0.11322556436061859)","(0.6201504468917847, 0.666273832321167, 0.11718230694532394)","(0.602548360824585, 0.686933696269989, 0.11700914055109024)",Position
2575,"(0.6469815373420715, 0.8559787273406982, -3.91045006153945e-07)","(0.5860203504562378, 0.7831333875656128, -0.005749083124101162)","(0.5558703541755676, 0.6868022084236145, 0.00939931720495224)","(0.5346814393997192, 0.6259008646011353, 0.031306348741054535)","(0.5199050903320312, 0.5813941955566406, 0.05579664185643196)","(0.6304594278335571, 0.5901803374290466, 0.019131850451231003)","(0.5859745144844055, 0.5459700226783752, 0.05926064774394035)","(0.5535727143287659, 0.5573588609695435, 0.0840720683336258)","(0.5304285287857056, 0.569542646408081, 0.09899827092885971)","(0.6585972905158997, 0.6141161322593689, 0.04085773602128029)","(0.6096221208572388, 0.586976945400238, 0.087798111140728)","(0.5778516530990601, 0.610480785369873, 0.10346091538667679)","(0.5574748516082764, 0.6380535960197449, 0.1079857125878334)","(0.6728958487510681, 0.6508479714393616, 0.06471524387598038)","(0.6276920437812805, 0.6255909204483032, 0.10492511093616486)","(0.6018897891044617, 0.6443321108818054, 0.10782579332590103)","(0.5871838927268982, 0.6705803871154785, 0.10245535522699356)","(0.6802089810371399, 0.6802903413772583, 0.08873797953128815)","(0.6459038257598877, 0.6596071720123291, 0.1156705692410469)","(0.6231364011764526, 0.6698441505432129, 0.1196390837430954)","(0.6071349382400513, 0.6914380192756653, 0.11960332840681076)",Position
2576,"(0.6483227014541626, 0.8576765060424805, -3.959994501201436e-07)","(0.5866081714630127, 0.783004879951477, -0.004536303225904703)","(0.556350588798523, 0.6895269751548767, 0.012277803383767605)","(0.5353859066963196, 0.6299706697463989, 0.03618164360523224)","(0.5215169191360474, 0.5838873386383057, 0.06296670436859131)","(0.6305363774299622, 0.5916514992713928, 0.021435951814055443)","(0.5863775014877319, 0.5497220158576965, 0.06363822519779205)","(0.5541728138923645, 0.5601866245269775, 0.0901816338300705)","(0.5309117436408997, 0.571671724319458, 0.1063963919878006)","(0.6576118469238281, 0.615932285785675, 0.043884631246328354)","(0.6096407175064087, 0.5892729163169861, 0.09352514892816544)","(0.5774033665657043, 0.6130445599555969, 0.11096169799566269)","(0.5560608506202698, 0.6392977237701416, 0.11658807843923569)","(0.671575665473938, 0.6515699625015259, 0.06854081153869629)","(0.6268287301063538, 0.6277403831481934, 0.11129501461982727)","(0.6011526584625244, 0.647610604763031, 0.11541423201560974)","(0.586536169052124, 0.6731732487678528, 0.1105090081691742)","(0.679297924041748, 0.6794779896736145, 0.09339570999145508)","(0.6452215909957886, 0.6609293818473816, 0.12238148599863052)","(0.6224631071090698, 0.6719024777412415, 0.1272200047969818)","(0.6063398718833923, 0.6930506229400635, 0.12758921086788177)",Position
2577,"(0.6489946246147156, 0.8593000769615173, -3.7494694993256417e-07)","(0.5873842239379883, 0.7837315797805786, -0.005011912435293198)","(0.5573331117630005, 0.6911681294441223, 0.01182018592953682)","(0.5360852479934692, 0.6338791847229004, 0.035916879773139954)","(0.5212951898574829, 0.5872861742973328, 0.06296037137508392)","(0.6299476027488708, 0.5926082134246826, 0.021224424242973328)","(0.5845133662223816, 0.551698625087738, 0.06309377402067184)","(0.5521765351295471, 0.5614818930625916, 0.08943399786949158)","(0.5286938548088074, 0.5708134174346924, 0.10571236163377762)","(0.6574404239654541, 0.6158252954483032, 0.04399954527616501)","(0.6094561815261841, 0.5872142314910889, 0.09369771182537079)","(0.5761815905570984, 0.6076192259788513, 0.1114635020494461)","(0.5531284809112549, 0.6311317682266235, 0.11760103702545166)","(0.6716234683990479, 0.6510909795761108, 0.06886804103851318)","(0.6273446083068848, 0.6264427304267883, 0.1118428111076355)","(0.601557731628418, 0.6446661353111267, 0.11673981696367264)","(0.5867986679077148, 0.6682479381561279, 0.11271992325782776)","(0.6793677806854248, 0.6788116693496704, 0.09382712841033936)","(0.646318256855011, 0.6597386002540588, 0.12315809726715088)","(0.6234309673309326, 0.6689589023590088, 0.12854108214378357)","(0.6069672703742981, 0.6886075735092163, 0.12956567108631134)",Position
2578,"(0.6483277678489685, 0.8599305748939514, -3.526521652474912e-07)","(0.5875884294509888, 0.7858617305755615, -0.0063872747123241425)","(0.5576890707015991, 0.6912574172019958, 0.008732352405786514)","(0.5369143486022949, 0.6328321695327759, 0.030776092782616615)","(0.521243691444397, 0.5862348079681396, 0.05576721951365471)","(0.6298676133155823, 0.5945031046867371, 0.019033880904316902)","(0.5849987268447876, 0.55066978931427, 0.05830519646406174)","(0.5529565811157227, 0.5601510405540466, 0.08339177072048187)","(0.5293295383453369, 0.5698592662811279, 0.09914612025022507)","(0.6581128239631653, 0.6154308319091797, 0.04113231971859932)","(0.6095271706581116, 0.5840990543365479, 0.08803074806928635)","(0.5760712027549744, 0.6025247573852539, 0.1060246080160141)","(0.5523828268051147, 0.6265774965286255, 0.11307290196418762)","(0.6725116968154907, 0.6503220796585083, 0.06498947739601135)","(0.628186821937561, 0.6241245269775391, 0.10553198307752609)","(0.6016623973846436, 0.6384158730506897, 0.11279206722974777)","(0.5856908559799194, 0.6600955128669739, 0.1112409457564354)","(0.6797545552253723, 0.6790127158164978, 0.0886654183268547)","(0.6469286680221558, 0.6580507755279541, 0.11618849635124207)","(0.6237725019454956, 0.6644049286842346, 0.12289560586214066)","(0.6070518493652344, 0.6821340918540955, 0.12558379769325256)",Position
2579,"(0.6489676237106323, 0.8614480495452881, -3.493038889246236e-07)","(0.5879726409912109, 0.787808895111084, -0.007910409942269325)","(0.5574502348899841, 0.692133367061615, 0.007079814560711384)","(0.536031186580658, 0.6324750781059265, 0.029733384028077126)","(0.5208155512809753, 0.5868732333183289, 0.05549480766057968)","(0.6305198669433594, 0.5943390130996704, 0.01637270115315914)","(0.5833024978637695, 0.5507134795188904, 0.05805950611829758)","(0.5516287088394165, 0.5617818236351013, 0.08546775579452515)","(0.5295958518981934, 0.5726223587989807, 0.10225877910852432)","(0.658536970615387, 0.6165781021118164, 0.039693936705589294)","(0.6088718771934509, 0.5865175127983093, 0.08805743604898453)","(0.5765054225921631, 0.6058239936828613, 0.1063644140958786)","(0.5541086196899414, 0.6296308636665344, 0.11297468841075897)","(0.6724660396575928, 0.6521396040916443, 0.06507494300603867)","(0.6269909739494324, 0.6265344619750977, 0.10667086392641068)","(0.6009761095046997, 0.6420344710350037, 0.11258894950151443)","(0.585441529750824, 0.6646151542663574, 0.10938265174627304)","(0.679252028465271, 0.6811535358428955, 0.09030316025018692)","(0.6451868414878845, 0.6606091260910034, 0.11775867640972137)","(0.6222589015960693, 0.6688579320907593, 0.12316810339689255)","(0.6055409908294678, 0.6877747178077698, 0.12450411915779114)",Position
2580,"(0.6490220427513123, 0.8628963828086853, -3.2451700349156454e-07)","(0.5883087515830994, 0.7889122366905212, -0.00973901804536581)","(0.5583779215812683, 0.6921389698982239, 0.0028101452626287937)","(0.5373215675354004, 0.6317606568336487, 0.022632110863924026)","(0.5214418172836304, 0.5853533744812012, 0.045180510729551315)","(0.6312958002090454, 0.5974279642105103, 0.014050005003809929)","(0.584365725517273, 0.549945056438446, 0.05270817503333092)","(0.5515742301940918, 0.559921145439148, 0.07761478424072266)","(0.5284855365753174, 0.5702454447746277, 0.092932790517807)","(0.6596178412437439, 0.6179370284080505, 0.03669373691082001)","(0.6094833016395569, 0.5843374133110046, 0.0823608785867691)","(0.5756595134735107, 0.6004369258880615, 0.09936119616031647)","(0.5522078275680542, 0.6222171187400818, 0.10528667271137238)","(0.6731706261634827, 0.6532242298126221, 0.06109583005309105)","(0.627738893032074, 0.6247064471244812, 0.10033240914344788)","(0.6010914444923401, 0.6373639702796936, 0.10673726350069046)","(0.58457350730896, 0.6584728360176086, 0.10429307818412781)","(0.6790552735328674, 0.6824557185173035, 0.08510977774858475)","(0.6456097364425659, 0.6590445637702942, 0.11130860447883606)","(0.6227837800979614, 0.6654624938964844, 0.11751049011945724)","(0.6059178113937378, 0.683760404586792, 0.11961383372545242)",Position
2581,"(0.6487083435058594, 0.8627296090126038, -3.1948488299349265e-07)","(0.5884892344474792, 0.789027214050293, -0.010775462724268436)","(0.5584316849708557, 0.6910523176193237, 0.0012887290213257074)","(0.5375471711158752, 0.6297277212142944, 0.020513994619250298)","(0.5202680230140686, 0.5832695960998535, 0.042474936693906784)","(0.6319790482521057, 0.596991777420044, 0.014743921346962452)","(0.5845126509666443, 0.5475445985794067, 0.052630968391895294)","(0.5511893630027771, 0.5581374168395996, 0.07677478343248367)","(0.5283581018447876, 0.5692009329795837, 0.09169194847345352)","(0.660137414932251, 0.6181052327156067, 0.037590209394693375)","(0.6093553304672241, 0.5829964876174927, 0.08265245705842972)","(0.5746653079986572, 0.6003672480583191, 0.09940128773450851)","(0.5509268045425415, 0.623616099357605, 0.10537344217300415)","(0.6730650663375854, 0.6536935567855835, 0.06189644709229469)","(0.6266979575157166, 0.6242419481277466, 0.10062390565872192)","(0.5990477800369263, 0.6363864541053772, 0.10705726593732834)","(0.5816785097122192, 0.6573861241340637, 0.10481790453195572)","(0.6780402064323425, 0.6833238005638123, 0.08566438406705856)","(0.6435790061950684, 0.659989058971405, 0.11164388805627823)","(0.6201412677764893, 0.6660342216491699, 0.1179785206913948)","(0.602541446685791, 0.6843022704124451, 0.12028617411851883)",Position
2582,"(0.6485716700553894, 0.8626750707626343, -3.32211953946171e-07)","(0.5880832672119141, 0.7885894775390625, -0.00940721295773983)","(0.5585014224052429, 0.6900379061698914, 0.004090455360710621)","(0.5378680229187012, 0.6284989714622498, 0.02467810921370983)","(0.5206124186515808, 0.584137499332428, 0.04799766466021538)","(0.631298840045929, 0.5960585474967957, 0.01721014827489853)","(0.5853458046913147, 0.5489484667778015, 0.05567183718085289)","(0.552825391292572, 0.5584827065467834, 0.07967720180749893)","(0.5299186110496521, 0.5671741962432861, 0.09428753703832626)","(0.6593112349510193, 0.6177921891212463, 0.03959088400006294)","(0.6093011498451233, 0.5847721099853516, 0.08495575189590454)","(0.575896143913269, 0.6019688844680786, 0.1016821563243866)","(0.5529588460922241, 0.6241490840911865, 0.10763697326183319)","(0.6724561452865601, 0.6533429622650146, 0.06340502947568893)","(0.6268301606178284, 0.6236472129821777, 0.10209443420171738)","(0.5993573665618896, 0.6354914307594299, 0.1082368716597557)","(0.5819813013076782, 0.65519118309021, 0.10592173784971237)","(0.6775690317153931, 0.682554304599762, 0.08677241951227188)","(0.6433467864990234, 0.6596466302871704, 0.11272586137056351)","(0.6199070811271667, 0.6661443710327148, 0.11880255490541458)","(0.6024435758590698, 0.6843329071998596, 0.12095827609300613)",Position
2583,"(0.6478356719017029, 0.8610020875930786, -3.287294418896636e-07)","(0.587121844291687, 0.787366509437561, -0.009213082492351532)","(0.5576188564300537, 0.6884506940841675, 0.003957665525376797)","(0.5370262265205383, 0.6267014145851135, 0.02396721951663494)","(0.5208281874656677, 0.5821014642715454, 0.04668666422367096)","(0.6297845244407654, 0.5956351161003113, 0.016354188323020935)","(0.5850242972373962, 0.5474651455879211, 0.054894257336854935)","(0.5527750849723816, 0.5579342842102051, 0.07961220294237137)","(0.5296897292137146, 0.5681234002113342, 0.09468726813793182)","(0.6583742499351501, 0.6160808205604553, 0.03807826340198517)","(0.6084280014038086, 0.5845338106155396, 0.08289827406406403)","(0.5750746130943298, 0.6008368730545044, 0.0994366854429245)","(0.5518283247947693, 0.6231245398521423, 0.10532674193382263)","(0.672272801399231, 0.6516817212104797, 0.06134551391005516)","(0.6261645555496216, 0.6245616674423218, 0.09951511025428772)","(0.5995218753814697, 0.6359512805938721, 0.10553214699029922)","(0.5824200510978699, 0.6558655500411987, 0.10317297279834747)","(0.677850604057312, 0.6815462112426758, 0.08421066403388977)","(0.6436341404914856, 0.6592881679534912, 0.10952368378639221)","(0.6204671263694763, 0.6652600169181824, 0.11541299521923065)","(0.6030586957931519, 0.6837941408157349, 0.11752782762050629)",Position
2584,"(0.64762282371521, 0.8607040047645569, -3.3250771025450376e-07)","(0.5873734951019287, 0.787434458732605, -0.009081169962882996)","(0.5583449006080627, 0.6893177032470703, 0.003638600464910269)","(0.5378650426864624, 0.6282141208648682, 0.02291652373969555)","(0.5211890935897827, 0.5842660069465637, 0.0446309968829155)","(0.6293705105781555, 0.5946488380432129, 0.016098452731966972)","(0.5845556259155273, 0.548166811466217, 0.05325346067547798)","(0.5522330403327942, 0.5576565861701965, 0.07670225203037262)","(0.529343843460083, 0.5672149062156677, 0.09104915708303452)","(0.6581104397773743, 0.6141649484634399, 0.03721637651324272)","(0.6083674430847168, 0.5855488181114197, 0.08074672520160675)","(0.5761205554008484, 0.6031240820884705, 0.09677496552467346)","(0.5545627474784851, 0.6255908608436584, 0.10255970060825348)","(0.6723107099533081, 0.6494678854942322, 0.05979516729712486)","(0.6269298791885376, 0.6241201162338257, 0.09646541625261307)","(0.6011898517608643, 0.6370854377746582, 0.10212679207324982)","(0.5851250290870667, 0.657891035079956, 0.09996439516544342)","(0.6780074834823608, 0.6790589690208435, 0.08199259638786316)","(0.6444769501686096, 0.6575839519500732, 0.10625099390745163)","(0.6221243739128113, 0.664621889591217, 0.11190129816532135)","(0.6055926084518433, 0.6844574213027954, 0.11413631588220596)",Position
2585,"(0.6477338075637817, 0.8596755266189575, -3.1778213838151714e-07)","(0.5869851112365723, 0.7859103083610535, -0.009552918374538422)","(0.5578543543815613, 0.6885330080986023, 0.003167578484863043)","(0.538243293762207, 0.6272706389427185, 0.022747905924916267)","(0.5205563306808472, 0.5832703113555908, 0.04510791227221489)","(0.6291337013244629, 0.5937415361404419, 0.016539502888917923)","(0.5835006237030029, 0.5483319163322449, 0.05392777919769287)","(0.5514821410179138, 0.5575517416000366, 0.07725609838962555)","(0.5294554829597473, 0.5656530261039734, 0.0914478451013565)","(0.6578084826469421, 0.6140314340591431, 0.038313426077365875)","(0.6081793308258057, 0.5820221900939941, 0.08226659893989563)","(0.5757203698158264, 0.6007003784179688, 0.09896843880414963)","(0.5542826056480408, 0.6234598159790039, 0.10532902181148529)","(0.6715559363365173, 0.6484225988388062, 0.06143459305167198)","(0.6265822052955627, 0.6194124221801758, 0.09877056628465652)","(0.6001339554786682, 0.6320444345474243, 0.10548386722803116)","(0.5839138031005859, 0.652869701385498, 0.10406085848808289)","(0.6773504018783569, 0.676915168762207, 0.08405888825654984)","(0.6440150141716003, 0.6542279720306396, 0.10911359637975693)","(0.6213194727897644, 0.6601071357727051, 0.11546032130718231)","(0.6045260429382324, 0.6786003708839417, 0.1182345524430275)",Position
2586,"(0.6482099294662476, 0.8570080995559692, -3.13727383627338e-07)","(0.5866439938545227, 0.7814589142799377, -0.0076318709179759026)","(0.5588361024856567, 0.6865137815475464, 0.006786564365029335)","(0.5410398840904236, 0.6241955757141113, 0.028398122638463974)","(0.5239940881729126, 0.5788227319717407, 0.05309053882956505)","(0.6271596550941467, 0.5932600498199463, 0.01868160255253315)","(0.5851063132286072, 0.5467200875282288, 0.05966940149664879)","(0.5549514293670654, 0.5537070035934448, 0.08669658750295639)","(0.5335989594459534, 0.5610554814338684, 0.10322467982769012)","(0.6555492877960205, 0.613538384437561, 0.0411326065659523)","(0.6080337762832642, 0.5798041224479675, 0.08887072652578354)","(0.5771474838256836, 0.6025852560997009, 0.10875517874956131)","(0.5573647022247314, 0.6270121335983276, 0.1168593168258667)","(0.6698135733604431, 0.6470221877098083, 0.0651283711194992)","(0.627079963684082, 0.6164004802703857, 0.10565628856420517)","(0.6018918752670288, 0.6348885893821716, 0.11310102045536041)","(0.5874645113945007, 0.6589260697364807, 0.11128301918506622)","(0.6768156290054321, 0.6744099259376526, 0.08885928988456726)","(0.6458359360694885, 0.6525377035140991, 0.1160007193684578)","(0.6230502128601074, 0.6612097024917603, 0.12187301367521286)","(0.606757402420044, 0.6811627745628357, 0.1235792487859726)",Position
2587,"(0.6492035984992981, 0.8543291091918945, -3.260585401676508e-07)","(0.5882658958435059, 0.7797459363937378, -0.00891204085201025)","(0.5609096884727478, 0.6855302453041077, 0.004668526817113161)","(0.5424618124961853, 0.6242849230766296, 0.025949079543352127)","(0.5264902114868164, 0.5772732496261597, 0.04998194798827171)","(0.6285236477851868, 0.5899492502212524, 0.013895333744585514)","(0.5849814414978027, 0.5451188087463379, 0.05431171879172325)","(0.5547123551368713, 0.5521687269210815, 0.08056725561618805)","(0.533850371837616, 0.5596364736557007, 0.09622251987457275)","(0.6567514538764954, 0.6109193563461304, 0.03648035600781441)","(0.6081930994987488, 0.5763514041900635, 0.08311806619167328)","(0.5764786005020142, 0.5993308424949646, 0.10069044679403305)","(0.5559632778167725, 0.6245661973953247, 0.1064106673002243)","(0.6709208488464355, 0.6441935896873474, 0.06096377968788147)","(0.6259912848472595, 0.6144667267799377, 0.10025875270366669)","(0.6017070412635803, 0.6359981894493103, 0.10396921634674072)","(0.5879793763160706, 0.6614911556243896, 0.09884101152420044)","(0.6774166822433472, 0.6700470447540283, 0.08538954704999924)","(0.6448611617088318, 0.6490375399589539, 0.1111333817243576)","(0.6227867007255554, 0.6608601212501526, 0.11462695896625519)","(0.6070932149887085, 0.6832872629165649, 0.11390411108732224)",Position
2588,"(0.6503486037254333, 0.8512524366378784, -2.942052788057481e-07)","(0.5899919271469116, 0.7786504030227661, -0.008894176222383976)","(0.563265860080719, 0.6855486631393433, 0.003385342890396714)","(0.5457581281661987, 0.6236767172813416, 0.023089878261089325)","(0.5300298929214478, 0.5752643942832947, 0.045693811029195786)","(0.6300460696220398, 0.588970959186554, 0.013149755075573921)","(0.5869348645210266, 0.5433518886566162, 0.05252844840288162)","(0.5567534565925598, 0.5501497983932495, 0.07877690345048904)","(0.5361425876617432, 0.5594188570976257, 0.09500566869974136)","(0.6580477952957153, 0.6098331212997437, 0.03594042733311653)","(0.612442672252655, 0.5680736303329468, 0.0822015032172203)","(0.580926775932312, 0.5898026823997498, 0.10168192535638809)","(0.560486912727356, 0.6148983836174011, 0.1094571202993393)","(0.6723688244819641, 0.6429522037506104, 0.06056668609380722)","(0.6312260031700134, 0.6065924763679504, 0.09991410374641418)","(0.6067590117454529, 0.6253036856651306, 0.10620678961277008)","(0.5926017165184021, 0.6506333947181702, 0.10338806360960007)","(0.6786476373672485, 0.6688269972801208, 0.08507991582155228)","(0.6481767296791077, 0.6435688734054565, 0.11134196072816849)","(0.6258190274238586, 0.6539114713668823, 0.11652693897485733)","(0.610090434551239, 0.6753011345863342, 0.11739792674779892)",Position
2589,"(0.6518263220787048, 0.8534244298934937, -3.302318702935736e-07)","(0.5922476649284363, 0.7821454405784607, -0.010681554675102234)","(0.5642342567443848, 0.6840534806251526, 0.0011470818426460028)","(0.5467185974121094, 0.6211851835250854, 0.020089350640773773)","(0.531959056854248, 0.5714370608329773, 0.041690994054079056)","(0.6330810189247131, 0.5890694260597229, 0.011985369957983494)","(0.5884631276130676, 0.541572630405426, 0.048429857939481735)","(0.5576090216636658, 0.550229012966156, 0.07180676609277725)","(0.5361554622650146, 0.558570384979248, 0.08592289686203003)","(0.6621889472007751, 0.6081074476242065, 0.0337069146335125)","(0.6133564710617065, 0.5744965076446533, 0.0761360377073288)","(0.5820488929748535, 0.5940803289413452, 0.09258877485990524)","(0.5612289905548096, 0.6199067234992981, 0.09858270734548569)","(0.676740825176239, 0.642159640789032, 0.05688656121492386)","(0.631752073764801, 0.6136459708213806, 0.09257731586694717)","(0.6064151525497437, 0.6285431385040283, 0.09824622422456741)","(0.5903237462043762, 0.6514050960540771, 0.09582331776618958)","(0.6828344464302063, 0.6707688570022583, 0.07963981479406357)","(0.6495112180709839, 0.647517204284668, 0.10260234773159027)","(0.6265919208526611, 0.6560212969779968, 0.10755712538957596)","(0.6097356677055359, 0.6768922805786133, 0.10905966907739639)",Position
2590,"(0.6538419127464294, 0.8536957502365112, -3.5864840697286127e-07)","(0.5932924151420593, 0.7799320220947266, -0.00845312513411045)","(0.5654829144477844, 0.6822912693023682, 0.005900080315768719)","(0.5478475093841553, 0.6196413040161133, 0.027504460886120796)","(0.5329844951629639, 0.573567807674408, 0.05213575065135956)","(0.6339961886405945, 0.5880961418151855, 0.015093160793185234)","(0.592166543006897, 0.5416886806488037, 0.05221692845225334)","(0.5619829297065735, 0.5498236417770386, 0.0759502500295639)","(0.5401220321655273, 0.5574964284896851, 0.09043020009994507)","(0.6626297235488892, 0.6070920825004578, 0.036311760544776917)","(0.614857017993927, 0.5716569423675537, 0.07972906529903412)","(0.5827593803405762, 0.5912474393844604, 0.09660829603672028)","(0.5608500838279724, 0.6160094738006592, 0.10294054448604584)","(0.6772125959396362, 0.6401185989379883, 0.05899369344115257)","(0.6330866813659668, 0.6106131076812744, 0.09519418329000473)","(0.6072043776512146, 0.6266830563545227, 0.10046304017305374)","(0.5911135077476501, 0.649295449256897, 0.09789270907640457)","(0.6839510202407837, 0.6678609251976013, 0.08143476396799088)","(0.6511610150337219, 0.6462185978889465, 0.10515809059143066)","(0.6283859014511108, 0.6546949148178101, 0.10986175388097763)","(0.6116658449172974, 0.6748226881027222, 0.11115151643753052)",Position
2591,"(0.6542845368385315, 0.8533470630645752, -3.372420565028733e-07)","(0.5947557687759399, 0.7816429138183594, -0.01063578762114048)","(0.5668500661849976, 0.6833070516586304, 0.0003288875159341842)","(0.5491809844970703, 0.620516836643219, 0.01796843111515045)","(0.5349560976028442, 0.5722362995147705, 0.03800688683986664)","(0.6354689598083496, 0.5885506868362427, 0.010178416036069393)","(0.5921154618263245, 0.542019248008728, 0.04417567700147629)","(0.5618686676025391, 0.550493597984314, 0.06576291471719742)","(0.5401153564453125, 0.5573322176933289, 0.07866837829351425)","(0.664716362953186, 0.605661928653717, 0.0301189124584198)","(0.616621732711792, 0.5704951882362366, 0.06902947276830673)","(0.5851736664772034, 0.5884789824485779, 0.08350130915641785)","(0.5636371970176697, 0.6136630177497864, 0.08852623403072357)","(0.6798466444015503, 0.6391283869743347, 0.05150284618139267)","(0.6359168887138367, 0.6096134185791016, 0.08380577713251114)","(0.610668420791626, 0.6231721043586731, 0.08821453899145126)","(0.5937216877937317, 0.6453761458396912, 0.08558351546525955)","(0.6861752271652222, 0.6686174273490906, 0.0724988579750061)","(0.6531330347061157, 0.6447781920433044, 0.09329453855752945)","(0.6312013268470764, 0.6517718434333801, 0.09777576476335526)","(0.6145132780075073, 0.6715741157531738, 0.09921209514141083)",Position
2592,"(0.6543292999267578, 0.8528083562850952, -3.5489065908222983e-07)","(0.5955864787101746, 0.7807343006134033, -0.010720756836235523)","(0.5677530765533447, 0.6817566156387329, -0.0007020921912044287)","(0.5488048791885376, 0.6171121597290039, 0.015959681943058968)","(0.5334239602088928, 0.5711647272109985, 0.034660663455724716)","(0.6369001865386963, 0.5896559953689575, 0.007462646812200546)","(0.5929707288742065, 0.5425926446914673, 0.04051010310649872)","(0.5621592998504639, 0.5517171621322632, 0.06167428940534592)","(0.540153443813324, 0.5592808127403259, 0.07404572516679764)","(0.6660552620887756, 0.6059952974319458, 0.026699360460042953)","(0.61605304479599, 0.5737166404724121, 0.06350600719451904)","(0.5832693576812744, 0.5930969715118408, 0.07598304748535156)","(0.5611568093299866, 0.6182668209075928, 0.07932714372873306)","(0.6809875965118408, 0.639907956123352, 0.04772937670350075)","(0.6346696615219116, 0.6146222352981567, 0.07822860032320023)","(0.6090800762176514, 0.6293394565582275, 0.08016876876354218)","(0.5923067927360535, 0.6520134210586548, 0.07555873692035675)","(0.6871762275695801, 0.6699983477592468, 0.06856931000947952)","(0.6526601910591125, 0.6485613584518433, 0.0881914421916008)","(0.6307060718536377, 0.657480776309967, 0.09125978499650955)","(0.6143923401832581, 0.678549587726593, 0.0912763699889183)",Position
2593,"(0.654569149017334, 0.8525975942611694, -3.5085784588773095e-07)","(0.5962009429931641, 0.7795099020004272, -0.01005589496344328)","(0.5685057044029236, 0.681190013885498, 0.0003809509507846087)","(0.5492646098136902, 0.6174643039703369, 0.01731235906481743)","(0.5329504609107971, 0.5718691349029541, 0.03617985546588898)","(0.6375382542610168, 0.5904933214187622, 0.009541084058582783)","(0.5939161777496338, 0.5427833795547485, 0.04332636296749115)","(0.5630784034729004, 0.5512685775756836, 0.06481903046369553)","(0.5413385629653931, 0.559007465839386, 0.07746753841638565)","(0.6662687659263611, 0.6074752807617188, 0.028918441385030746)","(0.6168434023857117, 0.5734742879867554, 0.0666639432311058)","(0.5839162468910217, 0.5934504270553589, 0.07952244579792023)","(0.5618829131126404, 0.6195883750915527, 0.08322203159332275)","(0.6811910271644592, 0.6413660049438477, 0.050048649311065674)","(0.6354669332504272, 0.6153590083122253, 0.08123543858528137)","(0.6101756691932678, 0.6312103271484375, 0.08319777995347977)","(0.5937570929527283, 0.6550313830375671, 0.07864615321159363)","(0.6878312826156616, 0.6706755757331848, 0.07107842713594437)","(0.6536058187484741, 0.6490951776504517, 0.0910889208316803)","(0.6318337917327881, 0.6589648127555847, 0.09411803632974625)","(0.6158496737480164, 0.6806116104125977, 0.09415832161903381)",Position
2594,"(0.6553385257720947, 0.8511711359024048, -3.458210926510219e-07)","(0.5962834358215332, 0.780622661113739, -0.011131029576063156)","(0.5683386325836182, 0.6814610958099365, -0.0014891278697177768)","(0.5491145253181458, 0.6167782545089722, 0.014528783038258553)","(0.5338515639305115, 0.5712099671363831, 0.03234304115176201)","(0.6378445625305176, 0.5898672938346863, 0.008382313884794712)","(0.5940845608711243, 0.5415927171707153, 0.040588997304439545)","(0.5631248950958252, 0.5508862733840942, 0.060931842774152756)","(0.5415385961532593, 0.5596168041229248, 0.0728515163064003)","(0.6667461395263672, 0.6065870523452759, 0.027415955439209938)","(0.6174129247665405, 0.5710799694061279, 0.06304711103439331)","(0.5839458703994751, 0.5899711847305298, 0.07457038015127182)","(0.5616113543510437, 0.6160784363746643, 0.07749736309051514)","(0.6817182898521423, 0.6401887536048889, 0.04803585633635521)","(0.6359388828277588, 0.61324143409729, 0.07719423621892929)","(0.6103644371032715, 0.6289170384407043, 0.07810007780790329)","(0.5938979983329773, 0.6530227661132812, 0.07309956848621368)","(0.6879394054412842, 0.6699144840240479, 0.06850042194128036)","(0.6532152891159058, 0.6470694541931152, 0.08702819049358368)","(0.631283164024353, 0.6570594906806946, 0.08950074762105942)","(0.6153136491775513, 0.6791881322860718, 0.08923425525426865)",Position
2595,"(0.6550174951553345, 0.849807858467102, -3.5245625440438744e-07)","(0.5957392454147339, 0.7777688503265381, -0.009541505947709084)","(0.5678607821464539, 0.6801047325134277, 0.0020670080557465553)","(0.5489729046821594, 0.6170058846473694, 0.020292043685913086)","(0.533207893371582, 0.5714318752288818, 0.040526971220970154)","(0.6371335387229919, 0.587902843952179, 0.012089813128113747)","(0.5937390327453613, 0.5425329804420471, 0.047266460955142975)","(0.5631213784217834, 0.5514525771141052, 0.06937498599290848)","(0.5409104824066162, 0.5584561824798584, 0.0823582261800766)","(0.6659470796585083, 0.6055582165718079, 0.03191009908914566)","(0.6167417168617249, 0.5735974907875061, 0.07103635370731354)","(0.5842928290367126, 0.5936784148216248, 0.08413241058588028)","(0.5624434947967529, 0.6192368865013123, 0.087947316467762)","(0.6811163425445557, 0.6391762495040894, 0.05339857563376427)","(0.6349111795425415, 0.6139999032020569, 0.08542779833078384)","(0.6095321774482727, 0.6302027702331543, 0.08694920688867569)","(0.593287467956543, 0.6534587740898132, 0.08213986456394196)","(0.6880488395690918, 0.6675103306770325, 0.0748615637421608)","(0.652978241443634, 0.6458705067634583, 0.09534388780593872)","(0.6306766867637634, 0.6564607620239258, 0.098108671605587)","(0.6145041584968567, 0.6787607073783875, 0.09800942242145538)",Position
2596,"(0.6542807817459106, 0.8482208251953125, -3.608390670706285e-07)","(0.5954176187515259, 0.7764136791229248, -0.00876824650913477)","(0.5681345462799072, 0.6795220971107483, 0.0024950173683464527)","(0.5496427416801453, 0.6163134574890137, 0.02041572332382202)","(0.5345435738563538, 0.5712140798568726, 0.040414124727249146)","(0.6370733976364136, 0.5885012745857239, 0.009449418634176254)","(0.5945887565612793, 0.5420517325401306, 0.043766237795352936)","(0.5642597675323486, 0.5507704615592957, 0.06601471453905106)","(0.5426403284072876, 0.5589591264724731, 0.07922447472810745)","(0.6659558415412903, 0.6055853366851807, 0.0288531556725502)","(0.6175132989883423, 0.5727320909500122, 0.06751967966556549)","(0.5860331058502197, 0.5944575667381287, 0.08141329139471054)","(0.565812885761261, 0.6209073066711426, 0.0856909453868866)","(0.681446373462677, 0.6390361785888672, 0.05018799751996994)","(0.636933445930481, 0.612825870513916, 0.08220148086547852)","(0.6128048896789551, 0.6304261088371277, 0.08441969752311707)","(0.5980367064476013, 0.6547090411186218, 0.07980750501155853)","(0.6885508298873901, 0.6676568388938904, 0.07160405814647675)","(0.6551247835159302, 0.6464441418647766, 0.09217417985200882)","(0.633953869342804, 0.6576932072639465, 0.09516264498233795)","(0.6190935373306274, 0.6803001761436462, 0.09502872824668884)",Position
2597,"(0.6543298959732056, 0.8473689556121826, -3.4931588288600324e-07)","(0.5954352021217346, 0.7770420908927917, -0.008901889435946941)","(0.5673867464065552, 0.6796135902404785, 0.0019845066126435995)","(0.549568772315979, 0.6157398819923401, 0.019075561314821243)","(0.5338007807731628, 0.5713838934898376, 0.038036148995161057)","(0.6350452303886414, 0.5864752531051636, 0.009680190123617649)","(0.592491626739502, 0.5421116352081299, 0.04435216262936592)","(0.5633084774017334, 0.5511297583580017, 0.06732047349214554)","(0.5428467988967896, 0.5587100386619568, 0.08095177263021469)","(0.6648522615432739, 0.6029825806617737, 0.028493404388427734)","(0.6162132620811462, 0.5745518803596497, 0.06696518510580063)","(0.5846150517463684, 0.5942440032958984, 0.08130457997322083)","(0.5640023350715637, 0.6193562746047974, 0.08619776368141174)","(0.6810804009437561, 0.6364867687225342, 0.049154795706272125)","(0.6351922154426575, 0.6134904623031616, 0.08075462281703949)","(0.6104899048805237, 0.6289291381835938, 0.08400091528892517)","(0.5947450399398804, 0.6528181433677673, 0.08051745593547821)","(0.6887732148170471, 0.6656463146209717, 0.06974748522043228)","(0.6535425782203674, 0.6452655792236328, 0.08959750831127167)","(0.6317269206047058, 0.654198944568634, 0.09306710213422775)","(0.6159383058547974, 0.6761219501495361, 0.09378132969141006)",Position
2598,"(0.6525250673294067, 0.8421130180358887, -3.527833030148031e-07)","(0.5942019820213318, 0.7746991515159607, -0.006261106580495834)","(0.5663909912109375, 0.6790074110031128, 0.005173364654183388)","(0.5491489768028259, 0.6140856146812439, 0.022494586184620857)","(0.5335015058517456, 0.5690411925315857, 0.04168688505887985)","(0.6309190392494202, 0.5844202041625977, 0.010176166892051697)","(0.5917758941650391, 0.5380029082298279, 0.04442868381738663)","(0.564080536365509, 0.5466659069061279, 0.06755664944648743)","(0.5443747639656067, 0.555465817451477, 0.08134645223617554)","(0.6605068445205688, 0.5986555218696594, 0.02797488309442997)","(0.6148699522018433, 0.5670886039733887, 0.06608009338378906)","(0.5853370428085327, 0.5907871723175049, 0.08100630342960358)","(0.5665671825408936, 0.6190096735954285, 0.08630548417568207)","(0.6780073046684265, 0.6307773590087891, 0.04786831885576248)","(0.6345034837722778, 0.6075423955917358, 0.07973744720220566)","(0.6117820739746094, 0.6281752586364746, 0.08290928602218628)","(0.598068356513977, 0.6550977230072021, 0.07894797623157501)","(0.6872736811637878, 0.6586584448814392, 0.0679728165268898)","(0.6544235348701477, 0.6399167776107788, 0.08854671567678452)","(0.63375324010849, 0.652893602848053, 0.09160874038934708)","(0.6194177269935608, 0.6769846677780151, 0.09145452827215195)",Position
2599,"(0.6528831124305725, 0.8399498462677002, -3.155728904857824e-07)","(0.5927257537841797, 0.7750237584114075, -0.00455862982198596)","(0.5646920204162598, 0.6796872615814209, 0.008837617933750153)","(0.5482003688812256, 0.6148344874382019, 0.027856502681970596)","(0.5330364108085632, 0.570419192314148, 0.049281083047389984)","(0.6274037957191467, 0.5824141502380371, 0.01602763682603836)","(0.5891203284263611, 0.5381728410720825, 0.05360232666134834)","(0.5630100965499878, 0.5468242764472961, 0.07997157424688339)","(0.5439245700836182, 0.5557339191436768, 0.09634413570165634)","(0.658086359500885, 0.5960516333580017, 0.034343622624874115)","(0.6142939925193787, 0.5628065466880798, 0.07684185355901718)","(0.5845103859901428, 0.5787032246589661, 0.09609565883874893)","(0.5633933544158936, 0.6020025610923767, 0.1049211248755455)","(0.676658034324646, 0.6275051832199097, 0.05448586493730545)","(0.6343866586685181, 0.6036868095397949, 0.08956895768642426)","(0.610993504524231, 0.6179415583610535, 0.0974208414554596)","(0.5958954691886902, 0.6418979167938232, 0.09744712710380554)","(0.6873124837875366, 0.6554272770881653, 0.0746980756521225)","(0.6542559266090393, 0.6351261734962463, 0.09761306643486023)","(0.6330410242080688, 0.6430643796920776, 0.10374413430690765)","(0.6176347136497498, 0.6645314693450928, 0.10668125748634338)",Position
2600,"(0.6523082852363586, 0.8384801745414734, -3.1529296506960236e-07)","(0.5914599895477295, 0.7757407426834106, -0.00211409037001431)","(0.5634400844573975, 0.6801428198814392, 0.012348725460469723)","(0.5478789210319519, 0.6146873831748962, 0.032023895531892776)","(0.5331210494041443, 0.5706804394721985, 0.0540567971765995)","(0.6223459839820862, 0.5799497365951538, 0.01846999116241932)","(0.5840946435928345, 0.5367014408111572, 0.05734323710203171)","(0.5592424273490906, 0.5465742349624634, 0.08509113639593124)","(0.5421553254127502, 0.5579180717468262, 0.10239165276288986)","(0.6543614864349365, 0.5918747186660767, 0.036057695746421814)","(0.6112281680107117, 0.5615074038505554, 0.08026822656393051)","(0.5841343998908997, 0.5822324752807617, 0.10174191743135452)","(0.5660085082054138, 0.6089816689491272, 0.11221680790185928)","(0.6743741035461426, 0.6226406097412109, 0.05556323751807213)","(0.6321812272071838, 0.6004643440246582, 0.09256293624639511)","(0.610342800617218, 0.6182076930999756, 0.10225962102413177)","(0.5975762605667114, 0.6440737247467041, 0.10320307314395905)","(0.686821460723877, 0.6504703760147095, 0.07523827254772186)","(0.6543099284172058, 0.6315740346908569, 0.09995606541633606)","(0.6340720057487488, 0.643046498298645, 0.10724382102489471)","(0.6203601360321045, 0.6669670939445496, 0.11075905710458755)",Position
2601,"(0.6526303887367249, 0.8379478454589844, -2.8410460117811454e-07)","(0.5909805297851562, 0.777876079082489, -0.002585395472124219)","(0.5619803667068481, 0.6828855276107788, 0.008037220686674118)","(0.5479040145874023, 0.6151249408721924, 0.02258295938372612)","(0.532284140586853, 0.5687206387519836, 0.038840360939502716)","(0.6178713440895081, 0.5806254148483276, 0.015064611099660397)","(0.5826112031936646, 0.5358046293258667, 0.049905914813280106)","(0.5588958859443665, 0.5450330972671509, 0.0751764327287674)","(0.5425937175750732, 0.5568293333053589, 0.0908043310046196)","(0.6521315574645996, 0.5877127051353455, 0.02932465448975563)","(0.6110526323318481, 0.5586546063423157, 0.06943478435277939)","(0.5850951075553894, 0.5763456225395203, 0.08935407549142838)","(0.5685676336288452, 0.6028053760528564, 0.09900376945734024)","(0.6747250556945801, 0.6176046133041382, 0.04534141346812248)","(0.6355302929878235, 0.5940319895744324, 0.07909341156482697)","(0.6145746111869812, 0.6077020764350891, 0.08985838294029236)","(0.60099858045578, 0.6322423219680786, 0.09183673560619354)","(0.688737690448761, 0.648479700088501, 0.06128751486539841)","(0.6575675010681152, 0.627229630947113, 0.08471959829330444)","(0.6390907168388367, 0.6349627375602722, 0.09391813725233078)","(0.6261629462242126, 0.6577421426773071, 0.09888643026351929)",Position
2602,"(0.6542335748672485, 0.83697110414505, -2.963664371691266e-07)","(0.5916343927383423, 0.7772682905197144, -0.0013018450699746609)","(0.5609166026115417, 0.6840459704399109, 0.008316438645124435)","(0.5474187731742859, 0.6143403649330139, 0.021473275497555733)","(0.5313708186149597, 0.5675511956214905, 0.035907082259655)","(0.614274799823761, 0.5820198059082031, 0.01196799986064434)","(0.5788291692733765, 0.5350071787834167, 0.04394850879907608)","(0.555952787399292, 0.5420939922332764, 0.0676579400897026)","(0.5398832559585571, 0.5531871318817139, 0.0824497863650322)","(0.6492435336112976, 0.5858883261680603, 0.024795128032565117)","(0.6076357364654541, 0.5591446757316589, 0.06219745799899101)","(0.5829111933708191, 0.5794920325279236, 0.08036491274833679)","(0.568748414516449, 0.6069413423538208, 0.08845192193984985)","(0.673313319683075, 0.6131885051727295, 0.0396842285990715)","(0.6330437660217285, 0.5947976112365723, 0.07117441296577454)","(0.613722562789917, 0.6133027672767639, 0.07968878746032715)","(0.6027889251708984, 0.6415590047836304, 0.07982324063777924)","(0.6883534789085388, 0.6418988108634949, 0.054816704243421555)","(0.6562786102294922, 0.6249338388442993, 0.07703456282615662)","(0.6387618184089661, 0.6368044018745422, 0.08506302535533905)","(0.6275954842567444, 0.6626049876213074, 0.08883596956729889)",Position
2603,"(0.6535208821296692, 0.8322245478630066, -2.6129058028345753e-07)","(0.5913087129592896, 0.7751683592796326, 0.0011458175722509623)","(0.5610869526863098, 0.6829673647880554, 0.013851594179868698)","(0.548444390296936, 0.6140432357788086, 0.02998403273522854)","(0.5335601568222046, 0.5669567584991455, 0.047984667122364044)","(0.609961211681366, 0.5812514424324036, 0.017692092806100845)","(0.5779091119766235, 0.5358860492706299, 0.051452700048685074)","(0.556449830532074, 0.540585994720459, 0.07734548300504684)","(0.5400441288948059, 0.5503990054130554, 0.09432602673768997)","(0.6451148986816406, 0.5836872458457947, 0.030826549977064133)","(0.607937216758728, 0.5464217662811279, 0.06963200867176056)","(0.5814312696456909, 0.5565214157104492, 0.09138693660497665)","(0.5624567270278931, 0.5782352089881897, 0.10336821526288986)","(0.6706427931785583, 0.6088153719902039, 0.045657023787498474)","(0.6347877979278564, 0.5833446979522705, 0.07853653281927109)","(0.6138969659805298, 0.5968612432479858, 0.09084993600845337)","(0.6004002690315247, 0.6223651766777039, 0.09486497193574905)","(0.6878580451011658, 0.6358802318572998, 0.06073812022805214)","(0.657283365726471, 0.6160722374916077, 0.08434471487998962)","(0.6382536292076111, 0.6236626505851746, 0.09436839073896408)","(0.6259186267852783, 0.6468325257301331, 0.1004548966884613)",Position
2604,"(0.6542791724205017, 0.8279073238372803, -2.5207944531757676e-07)","(0.5913456678390503, 0.7735757827758789, 0.0025236033834517)","(0.5598678588867188, 0.685688316822052, 0.015570329502224922)","(0.5485478639602661, 0.6181201338768005, 0.031597770750522614)","(0.5351582765579224, 0.5704581141471863, 0.04976866766810417)","(0.6084844470024109, 0.580364465713501, 0.020427551120519638)","(0.5776183605194092, 0.5365051627159119, 0.054704636335372925)","(0.5565436482429504, 0.5403217077255249, 0.08089900761842728)","(0.5391256809234619, 0.5493009090423584, 0.09821714460849762)","(0.643945038318634, 0.5813930034637451, 0.03265157341957092)","(0.6067925095558167, 0.5466130375862122, 0.07112861424684525)","(0.5803734064102173, 0.5544177889823914, 0.09295491874217987)","(0.5608171224594116, 0.5731804370880127, 0.10543651878833771)","(0.6699771881103516, 0.604626476764679, 0.04653898626565933)","(0.6348896622657776, 0.5818248391151428, 0.0789734274148941)","(0.614020824432373, 0.5939682722091675, 0.09259643405675888)","(0.5996336340904236, 0.6181941628456116, 0.09818138927221298)","(0.6882097125053406, 0.6312967538833618, 0.0607064887881279)","(0.658799409866333, 0.6093645691871643, 0.08472153544425964)","(0.6400300860404968, 0.6138318777084351, 0.09644243866205215)","(0.6268881559371948, 0.6354920864105225, 0.10419300943613052)",Position
2605,"(0.6548306941986084, 0.8246181011199951, -2.5178459850394574e-07)","(0.5923707485198975, 0.7747790813446045, 0.008112727664411068)","(0.5607438087463379, 0.6875026226043701, 0.02384471520781517)","(0.5490362644195557, 0.6197804808616638, 0.04217460751533508)","(0.5329210758209229, 0.5745705366134644, 0.06304227560758591)","(0.6034508943557739, 0.5809378027915955, 0.025075534358620644)","(0.5746574401855469, 0.5381065607070923, 0.06152844429016113)","(0.5551522970199585, 0.5410609245300293, 0.09013678878545761)","(0.5383884906768799, 0.550071656703949, 0.10922403633594513)","(0.6392924189567566, 0.579651415348053, 0.036385077983140945)","(0.6019225716590881, 0.5424403548240662, 0.07437128573656082)","(0.5768464803695679, 0.5526926517486572, 0.0983077809214592)","(0.5586875081062317, 0.5718552470207214, 0.1132860779762268)","(0.6661758422851562, 0.5996370911598206, 0.05002704635262489)","(0.6301165819168091, 0.5738828778266907, 0.08239033818244934)","(0.608933687210083, 0.5884207487106323, 0.0992320105433464)","(0.5960779190063477, 0.6130269765853882, 0.10804927349090576)","(0.6863933801651001, 0.624023973941803, 0.06462623924016953)","(0.6576522588729858, 0.5940901637077332, 0.09138185530900955)","(0.6388131380081177, 0.5974311232566833, 0.10669141262769699)","(0.6279346942901611, 0.6170840263366699, 0.1172388345003128)",Position
2606,"(0.6546804904937744, 0.8245020508766174, -2.518069095458486e-07)","(0.5923382639884949, 0.7774366736412048, 0.009682347998023033)","(0.55994713306427, 0.6872720122337341, 0.026574237272143364)","(0.5485073924064636, 0.6181662678718567, 0.045809872448444366)","(0.5331102609634399, 0.5739467144012451, 0.06734554469585419)","(0.5985512733459473, 0.5816283822059631, 0.0281100794672966)","(0.5715850591659546, 0.5382315516471863, 0.06523354351520538)","(0.5529165267944336, 0.542011022567749, 0.09279776364564896)","(0.5364811420440674, 0.5517659187316895, 0.11066191643476486)","(0.6351756453514099, 0.5791416168212891, 0.038271259516477585)","(0.5992037057876587, 0.5423200726509094, 0.07788112759590149)","(0.5758876800537109, 0.5534515380859375, 0.10025713592767715)","(0.5598291754722595, 0.5743910670280457, 0.11324404180049896)","(0.6633622050285339, 0.5978857278823853, 0.0508146807551384)","(0.6282035112380981, 0.5672539472579956, 0.08410777151584625)","(0.6079825162887573, 0.5821717381477356, 0.09928042441606522)","(0.5968579649925232, 0.606960654258728, 0.10609357804059982)","(0.6852319240570068, 0.6201744675636292, 0.06448735296726227)","(0.6580747365951538, 0.5835037231445312, 0.09105782210826874)","(0.6405982971191406, 0.5862364768981934, 0.1055026575922966)","(0.6317995190620422, 0.6042843461036682, 0.11490827798843384)",Position
2607,"(0.6556570529937744, 0.8263608813285828, -2.278994486459851e-07)","(0.5924651026725769, 0.7761487364768982, 0.011805503629148006)","(0.560174286365509, 0.6875119209289551, 0.03096546232700348)","(0.5488324761390686, 0.6199426054954529, 0.052669353783130646)","(0.5344446897506714, 0.5746889114379883, 0.07704631239175797)","(0.596912145614624, 0.580862820148468, 0.033001311123371124)","(0.5696080327033997, 0.5398674011230469, 0.07502133399248123)","(0.551612377166748, 0.5418961048126221, 0.10602683573961258)","(0.5361826419830322, 0.5486586689949036, 0.1256834715604782)","(0.6336748600006104, 0.5781567692756653, 0.04387150704860687)","(0.598054051399231, 0.5419348478317261, 0.08774865418672562)","(0.5757988095283508, 0.5533908605575562, 0.11262699216604233)","(0.5606998205184937, 0.5740833878517151, 0.12718746066093445)","(0.6618643403053284, 0.5957483649253845, 0.05737757310271263)","(0.6275612711906433, 0.5643537044525146, 0.09464685618877411)","(0.6068691611289978, 0.5802302956581116, 0.1118801161646843)","(0.5955190658569336, 0.6048950552940369, 0.11971666663885117)","(0.6847968697547913, 0.617329478263855, 0.07209891080856323)","(0.6594745516777039, 0.579667866230011, 0.1017390564084053)","(0.6416417360305786, 0.5815219283103943, 0.11744219064712524)","(0.631853461265564, 0.5982605218887329, 0.12755732238292694)",Position
2608,"(0.6560665965080261, 0.824762225151062, -2.2231449747778242e-07)","(0.5922492146492004, 0.7751032710075378, 0.009497933089733124)","(0.5593640208244324, 0.6873723268508911, 0.02678731642663479)","(0.5489384531974792, 0.6180620193481445, 0.046717748045921326)","(0.535190761089325, 0.5729484558105469, 0.0687776729464531)","(0.5975770950317383, 0.5805473327636719, 0.02879549190402031)","(0.5693784356117249, 0.5359575748443604, 0.06958655267953873)","(0.5511981248855591, 0.539402961730957, 0.09975329786539078)","(0.5363540649414062, 0.5477300882339478, 0.11862332373857498)","(0.6342843770980835, 0.5767396092414856, 0.039558302611112595)","(0.5974915623664856, 0.5412609577178955, 0.08261197060346603)","(0.5748945474624634, 0.554027795791626, 0.1056259348988533)","(0.5611361265182495, 0.5751434564590454, 0.11811824887990952)","(0.6624877452850342, 0.5936771035194397, 0.05288369208574295)","(0.6256938576698303, 0.5653209090232849, 0.08888611942529678)","(0.6057488918304443, 0.585144579410553, 0.10314406454563141)","(0.595926821231842, 0.6125319600105286, 0.10830941051244736)","(0.6846138834953308, 0.6140758395195007, 0.06735388934612274)","(0.6574838757514954, 0.5779705047607422, 0.09456316381692886)","(0.6395965218544006, 0.5822615027427673, 0.10763967782258987)","(0.6304396390914917, 0.6010486483573914, 0.1155243068933487)",Position
2609,"(0.6563226580619812, 0.8235981464385986, -2.774598897303804e-07)","(0.593062162399292, 0.7781126499176025, 0.009439637884497643)","(0.5598278641700745, 0.6883717775344849, 0.025817619636654854)","(0.5484920740127563, 0.618312656879425, 0.04407873377203941)","(0.5360736846923828, 0.5729722380638123, 0.06398811936378479)","(0.5963789820671082, 0.5789792537689209, 0.02629794552922249)","(0.567514955997467, 0.5319932103157043, 0.06037137284874916)","(0.5492286682128906, 0.5357609987258911, 0.08486077934503555)","(0.5351096987724304, 0.5447746515274048, 0.100263312458992)","(0.6336808800697327, 0.5736331343650818, 0.03482542186975479)","(0.5969295501708984, 0.5384637117385864, 0.07250858843326569)","(0.5756438374519348, 0.5547290444374084, 0.0916157141327858)","(0.5641344785690308, 0.5816287994384766, 0.1015072911977768)","(0.6633656620979309, 0.5913718938827515, 0.04550886154174805)","(0.6263377070426941, 0.5602097511291504, 0.07597925513982773)","(0.6066744327545166, 0.57855224609375, 0.08658378571271896)","(0.5977213382720947, 0.6051636338233948, 0.08970461785793304)","(0.685751736164093, 0.6125593185424805, 0.05748380348086357)","(0.6573783159255981, 0.5768159031867981, 0.08030141144990921)","(0.6395264863967896, 0.5838130116462708, 0.09086936712265015)","(0.6316255331039429, 0.605510950088501, 0.09716885536909103)",Position
2610,"(0.6560245752334595, 0.8250027894973755, -2.955541162918962e-07)","(0.59357750415802, 0.7787793278694153, 0.006669559516012669)","(0.5596609115600586, 0.6891095638275146, 0.020201999694108963)","(0.5471139550209045, 0.617607593536377, 0.035669341683387756)","(0.5318843722343445, 0.5704011917114258, 0.05263734236359596)","(0.6001197695732117, 0.5786957144737244, 0.02219494618475437)","(0.5683777332305908, 0.5319704413414001, 0.051975272595882416)","(0.5479727983474731, 0.5353766083717346, 0.07241179049015045)","(0.5319040417671204, 0.5429638028144836, 0.08533331751823425)","(0.6370146870613098, 0.574458122253418, 0.030832409858703613)","(0.5981074571609497, 0.5414246916770935, 0.06602515280246735)","(0.5748281478881836, 0.5567667484283447, 0.08291959762573242)","(0.5618811845779419, 0.5820984840393066, 0.09096813201904297)","(0.665571391582489, 0.5936691164970398, 0.0413639061152935)","(0.6277379989624023, 0.5652441382408142, 0.07016352564096451)","(0.6069124341011047, 0.5814605951309204, 0.07981444150209427)","(0.5968824625015259, 0.607412576675415, 0.08220184594392776)","(0.6861704587936401, 0.6167442202568054, 0.052858881652355194)","(0.6571117639541626, 0.5834676027297974, 0.07488109171390533)","(0.6384636759757996, 0.5890974998474121, 0.08542380481958389)","(0.6293679475784302, 0.610882043838501, 0.09165570139884949)",Position
2611,"(0.65524822473526, 0.8240262866020203, -2.9890711061852926e-07)","(0.5923224091529846, 0.7761049866676331, 0.009508238174021244)","(0.5590717196464539, 0.6882969737052917, 0.02318236604332924)","(0.54667067527771, 0.6167818903923035, 0.037387922406196594)","(0.5305313467979431, 0.5707598924636841, 0.05247544124722481)","(0.5992004871368408, 0.5767219066619873, 0.028527235612273216)","(0.5701901912689209, 0.5315943956375122, 0.05722687020897865)","(0.5502143502235413, 0.5342578887939453, 0.07510542869567871)","(0.5339517593383789, 0.5417442321777344, 0.08640071749687195)","(0.635726809501648, 0.5717671513557434, 0.03494121506810188)","(0.5985909700393677, 0.5442097187042236, 0.07077495753765106)","(0.5755729675292969, 0.5582839250564575, 0.08557397127151489)","(0.5621073246002197, 0.5811032056808472, 0.09180957078933716)","(0.6641037464141846, 0.5916306376457214, 0.04311065003275871)","(0.6284053325653076, 0.5707747936248779, 0.07264244556427002)","(0.6096367835998535, 0.5888916254043579, 0.08071110397577286)","(0.6009750366210938, 0.6155568957328796, 0.08167294412851334)","(0.6841603517532349, 0.6152259707450867, 0.05230899900197983)","(0.6547554135322571, 0.5908109545707703, 0.0754934549331665)","(0.6378793120384216, 0.601510763168335, 0.08599097281694412)","(0.6307084560394287, 0.6267812848091125, 0.09195877611637115)",Position
2612,"(0.6556788682937622, 0.8263908624649048, -2.85534554222977e-07)","(0.5909931659698486, 0.7765965461730957, 0.004010157193988562)","(0.5581381320953369, 0.6858944892883301, 0.015372628346085548)","(0.5443434715270996, 0.6153859496116638, 0.02915997989475727)","(0.52495276927948, 0.5719450116157532, 0.04370918124914169)","(0.6016044020652771, 0.5741710662841797, 0.018540851771831512)","(0.5689049363136292, 0.5312854647636414, 0.04986771196126938)","(0.5479238033294678, 0.5356160402297974, 0.07089313864707947)","(0.5322877764701843, 0.5443868041038513, 0.0836336612701416)","(0.6381036043167114, 0.5722790956497192, 0.028469545766711235)","(0.5992093682289124, 0.5469167232513428, 0.0657053217291832)","(0.5757507085800171, 0.5672364234924316, 0.0819830521941185)","(0.562347948551178, 0.5944784879684448, 0.08842363208532333)","(0.6651099920272827, 0.5953843593597412, 0.040514905005693436)","(0.6265696287155151, 0.5790409445762634, 0.07176964730024338)","(0.6085479259490967, 0.6013494729995728, 0.07775741815567017)","(0.6004196405410767, 0.6312326788902283, 0.07583107054233551)","(0.6831282377243042, 0.6204129457473755, 0.05339343845844269)","(0.6505988240242004, 0.6057115793228149, 0.07691479474306107)","(0.6344811320304871, 0.6207885146141052, 0.08456877619028091)","(0.6278190612792969, 0.6472632884979248, 0.08725281059741974)",Position
2613,"(0.6542651057243347, 0.8280045986175537, -2.6428890009810857e-07)","(0.5891454815864563, 0.7780407667160034, 0.0009015877731144428)","(0.5566374063491821, 0.6860782504081726, 0.011820376850664616)","(0.5426256060600281, 0.6145734786987305, 0.025773391127586365)","(0.5224701166152954, 0.5713173151016235, 0.04096793383359909)","(0.6022496819496155, 0.5755629539489746, 0.0177814532071352)","(0.5683096647262573, 0.5305631756782532, 0.048040956258773804)","(0.5461344122886658, 0.5342583656311035, 0.06819970160722733)","(0.5279919505119324, 0.5415101647377014, 0.08056871592998505)","(0.6380863785743713, 0.5750564336776733, 0.029139535501599312)","(0.5977365970611572, 0.538912832736969, 0.06410041451454163)","(0.5699309706687927, 0.5513577461242676, 0.07923418283462524)","(0.5510064959526062, 0.5740140676498413, 0.08552612364292145)","(0.6641048789024353, 0.5980465412139893, 0.04217290133237839)","(0.6233971118927002, 0.5754076242446899, 0.07132446020841599)","(0.60259610414505, 0.5958373546600342, 0.07730288058519363)","(0.5914618968963623, 0.6247228384017944, 0.07635080814361572)","(0.6817667484283447, 0.6232338547706604, 0.055726051330566406)","(0.6469389200210571, 0.6039457321166992, 0.07754835486412048)","(0.6284247636795044, 0.6163420081138611, 0.08506222814321518)","(0.6190200448036194, 0.6412166953086853, 0.08824735879898071)",Position
2614,"(0.6520153880119324, 0.8284956812858582, -2.6502607397560496e-07)","(0.5869627594947815, 0.7781218886375427, 0.0009431421058252454)","(0.5544184446334839, 0.6858066916465759, 0.013920450583100319)","(0.5403174161911011, 0.6166133880615234, 0.030551332980394363)","(0.5211122632026672, 0.5723366141319275, 0.0485248938202858)","(0.6014811992645264, 0.5748066306114197, 0.020069675520062447)","(0.5670393705368042, 0.5300189256668091, 0.05396915227174759)","(0.5448288917541504, 0.5339910387992859, 0.07660380005836487)","(0.5270394682884216, 0.5409721732139587, 0.09035948663949966)","(0.6374204754829407, 0.5771287679672241, 0.033217404037714005)","(0.5980035066604614, 0.5394386053085327, 0.07118968665599823)","(0.5700185894966125, 0.5544024705886841, 0.08775133639574051)","(0.5507767796516418, 0.579608142375946, 0.09486126899719238)","(0.6625565886497498, 0.6024313569068909, 0.048106059432029724)","(0.6227497458457947, 0.578407883644104, 0.07952859252691269)","(0.6019912362098694, 0.599432110786438, 0.08507529646158218)","(0.5909053683280945, 0.627802312374115, 0.08350510150194168)","(0.6793401837348938, 0.6280665993690491, 0.0636875107884407)","(0.6442275643348694, 0.6083131432533264, 0.08668892085552216)","(0.6250240206718445, 0.6202406883239746, 0.09340283274650574)","(0.6146707534790039, 0.6435956954956055, 0.0957125797867775)",Position
2615,"(0.6508752107620239, 0.8297005891799927, -2.604300846087426e-07)","(0.5855269432067871, 0.7794728875160217, -0.0013886207016184926)","(0.5540273189544678, 0.686798632144928, 0.009553388692438602)","(0.5404500365257263, 0.6161119341850281, 0.024342160671949387)","(0.5210704207420349, 0.5709295272827148, 0.040401995182037354)","(0.6031014919281006, 0.5767270922660828, 0.015744976699352264)","(0.5674319863319397, 0.5310239195823669, 0.04832333326339722)","(0.5446110367774963, 0.5352436304092407, 0.07011806219816208)","(0.5266168713569641, 0.5418371558189392, 0.08323678374290466)","(0.6388048529624939, 0.5806645154953003, 0.029093114659190178)","(0.5989478230476379, 0.5422619581222534, 0.06619575619697571)","(0.5722617506980896, 0.5551279783248901, 0.08225872367620468)","(0.5540504455566406, 0.5768628716468811, 0.0886867344379425)","(0.6632406711578369, 0.6072121858596802, 0.04418787732720375)","(0.6237217783927917, 0.5812370181083679, 0.07512849569320679)","(0.6032503843307495, 0.5986432433128357, 0.08098160475492477)","(0.5910879969596863, 0.6248279213905334, 0.07925231009721756)","(0.6787270903587341, 0.6346001625061035, 0.059656884521245956)","(0.6436492800712585, 0.6144680380821228, 0.08191218227148056)","(0.6247812509536743, 0.6241735219955444, 0.08868223428726196)","(0.6136369705200195, 0.645967960357666, 0.09088440239429474)",Position
2616,"(0.650556206703186, 0.8295080661773682, -2.71546895191932e-07)","(0.5839416980743408, 0.7798274159431458, -2.462387601553928e-05)","(0.5518184304237366, 0.6828897595405579, 0.013937625102698803)","(0.5387402176856995, 0.6129466891288757, 0.03244931995868683)","(0.519387423992157, 0.5718171000480652, 0.052827682346105576)","(0.6013971567153931, 0.5753867626190186, 0.017189331352710724)","(0.5663357377052307, 0.5300966501235962, 0.05214665085077286)","(0.5436376333236694, 0.5350708961486816, 0.0761568546295166)","(0.5255349278450012, 0.5424550175666809, 0.09080247581005096)","(0.6372272968292236, 0.5804386138916016, 0.03154202178120613)","(0.5981846451759338, 0.5389226675033569, 0.0701318010687828)","(0.5696321725845337, 0.5509361028671265, 0.08825355768203735)","(0.5494396686553955, 0.5734293460845947, 0.09648890048265457)","(0.6611416339874268, 0.6070266366004944, 0.04780552163720131)","(0.6225313544273376, 0.5761058330535889, 0.07990044355392456)","(0.5997903943061829, 0.5921827554702759, 0.08736593276262283)","(0.5865086317062378, 0.6182977557182312, 0.08707665652036667)","(0.6770000457763672, 0.6339643001556396, 0.06463511288166046)","(0.6411266922950745, 0.6118791699409485, 0.08791862428188324)","(0.6203576326370239, 0.6205210089683533, 0.09556373953819275)","(0.6083183884620667, 0.641925573348999, 0.09861832857131958)",Position
2617,"(0.6484337449073792, 0.8295542001724243, -2.641738490183343e-07)","(0.5832931399345398, 0.7773603200912476, 0.0007404468487948179)","(0.5514844059944153, 0.6842958331108093, 0.014799999073147774)","(0.5376209020614624, 0.6161646842956543, 0.03374968469142914)","(0.5197596549987793, 0.571295440196991, 0.05478137731552124)","(0.6002963185310364, 0.5747161507606506, 0.015812678262591362)","(0.565457284450531, 0.5301633477210999, 0.05363713204860687)","(0.543330729007721, 0.5349138975143433, 0.08152535557746887)","(0.5255067348480225, 0.5425942540168762, 0.09885364770889282)","(0.6359677910804749, 0.580482542514801, 0.031094981357455254)","(0.5984603762626648, 0.5371825695037842, 0.0716881975531578)","(0.5707283616065979, 0.551125168800354, 0.09306743741035461)","(0.5508210062980652, 0.5745469927787781, 0.10379491001367569)","(0.6599389910697937, 0.6071522831916809, 0.048699088394641876)","(0.6210571527481079, 0.5771984457969666, 0.08248570561408997)","(0.5995268225669861, 0.5963603258132935, 0.0913291871547699)","(0.5868435502052307, 0.6234952807426453, 0.09196268767118454)","(0.6755042672157288, 0.6332888007164001, 0.06709686666727066)","(0.6399881839752197, 0.6115319132804871, 0.09138087183237076)","(0.6196067333221436, 0.6227391958236694, 0.09922071546316147)","(0.6079715490341187, 0.6450259685516357, 0.10239798575639725)",Position
2618,"(0.6474393010139465, 0.8279440402984619, -2.899747357787419e-07)","(0.5824228525161743, 0.7761719226837158, -0.00045667984522879124)","(0.551054060459137, 0.6824676990509033, 0.011569947935640812)","(0.5372744798660278, 0.6126730442047119, 0.028177272528409958)","(0.5197758078575134, 0.5689905881881714, 0.04655606672167778)","(0.600661039352417, 0.5752429366111755, 0.011522475630044937)","(0.5643981099128723, 0.5263192653656006, 0.04580624774098396)","(0.5422511100769043, 0.5334675908088684, 0.07093214988708496)","(0.5259128212928772, 0.542597770690918, 0.08622848987579346)","(0.6360881924629211, 0.5793558955192566, 0.02561984583735466)","(0.5948800444602966, 0.5373269319534302, 0.06259220838546753)","(0.5679682493209839, 0.5532416105270386, 0.08079615980386734)","(0.5501351952552795, 0.5777949094772339, 0.08897212147712708)","(0.6599955558776855, 0.6051802635192871, 0.04212982580065727)","(0.6198089718818665, 0.5749793648719788, 0.07311826944351196)","(0.5983173847198486, 0.59294593334198, 0.08021476119756699)","(0.5858670473098755, 0.6207064390182495, 0.07938273251056671)","(0.6756174564361572, 0.6311843991279602, 0.05931515991687775)","(0.6405303478240967, 0.6096440553665161, 0.08096406608819962)","(0.6206912994384766, 0.619914174079895, 0.08735699206590652)","(0.6088675260543823, 0.6419109106063843, 0.08942945301532745)",Position
2619,"(0.6461532711982727, 0.8270341157913208, -3.201988647560938e-07)","(0.5821782946586609, 0.7768572568893433, 0.0011380306677892804)","(0.5517885088920593, 0.6847941279411316, 0.012091809883713722)","(0.5379837155342102, 0.6138989329338074, 0.026618827134370804)","(0.519813060760498, 0.570034384727478, 0.04231903329491615)","(0.5994691848754883, 0.5755636096000671, 0.012053512036800385)","(0.5651032328605652, 0.5225040912628174, 0.042528413236141205)","(0.54229736328125, 0.5316525101661682, 0.06449802219867706)","(0.5263580083847046, 0.5467963814735413, 0.07816511392593384)","(0.6354268193244934, 0.5783440470695496, 0.023994414135813713)","(0.5957051515579224, 0.5375686883926392, 0.05883701518177986)","(0.5703890919685364, 0.5582309365272522, 0.07508228719234467)","(0.5549924373626709, 0.5881929397583008, 0.0818525105714798)","(0.6601808071136475, 0.6048614978790283, 0.03825955465435982)","(0.6205903887748718, 0.5792853832244873, 0.06797922402620316)","(0.6020943522453308, 0.6006470918655396, 0.07337064296007156)","(0.5929983854293823, 0.6297047138214111, 0.07109721004962921)","(0.6759241819381714, 0.6319302320480347, 0.05331285297870636)","(0.6419394016265869, 0.612992525100708, 0.07539993524551392)","(0.6250430345535278, 0.6279187202453613, 0.08194631338119507)","(0.6170743703842163, 0.6529281735420227, 0.08364138752222061)",Position
2620,"(0.6446665525436401, 0.8284751176834106, -3.281041927039041e-07)","(0.5829655528068542, 0.7734778523445129, 0.003256941679865122)","(0.5531846880912781, 0.6806828379631042, 0.014159107580780983)","(0.5383291244506836, 0.6105166673660278, 0.027176428586244583)","(0.5199098587036133, 0.5660792589187622, 0.04103119298815727)","(0.6010202765464783, 0.5717821717262268, 0.019344791769981384)","(0.5670569539070129, 0.5230425596237183, 0.04780302941799164)","(0.5430011749267578, 0.530982255935669, 0.06592421978712082)","(0.5249349474906921, 0.5429755449295044, 0.07702325284481049)","(0.6364014148712158, 0.5751315355300903, 0.028996117413043976)","(0.5946178436279297, 0.5476542115211487, 0.06324493885040283)","(0.5712058544158936, 0.5667582154273987, 0.07665789127349854)","(0.5571390390396118, 0.5943722128868103, 0.08155149221420288)","(0.6611165404319763, 0.6035637855529785, 0.04055994376540184)","(0.6207345128059387, 0.585911750793457, 0.06991180777549744)","(0.602877676486969, 0.6047670245170593, 0.07492158561944962)","(0.5938109755516052, 0.6323259472846985, 0.07290126383304596)","(0.6768503785133362, 0.633061945438385, 0.052773065865039825)","(0.6443175077438354, 0.6167587637901306, 0.07495151460170746)","(0.6279690861701965, 0.6294093132019043, 0.08213093131780624)","(0.619821310043335, 0.6532211899757385, 0.08490899950265884)",Position
2621,"(0.6433209776878357, 0.828364372253418, -3.3767369700399286e-07)","(0.582887589931488, 0.7705178260803223, 0.0010261716088280082)","(0.5541080832481384, 0.6790462136268616, 0.010355984792113304)","(0.5393008589744568, 0.6090922951698303, 0.02264721691608429)","(0.5200318098068237, 0.5630003213882446, 0.03585737198591232)","(0.6041692495346069, 0.5702887773513794, 0.014260553754866123)","(0.5701949596405029, 0.5240559577941895, 0.044333066791296005)","(0.5455551147460938, 0.531241238117218, 0.06433674693107605)","(0.5271556377410889, 0.542188823223114, 0.0764927938580513)","(0.6390989422798157, 0.5758303999900818, 0.025198154151439667)","(0.5967286229133606, 0.5538070797920227, 0.061317890882492065)","(0.5732982158660889, 0.5759388208389282, 0.07589906454086304)","(0.5601115226745605, 0.6035599708557129, 0.08101209253072739)","(0.6625539064407349, 0.6060261726379395, 0.03843376785516739)","(0.6227221488952637, 0.5889750123023987, 0.06949558109045029)","(0.6046310663223267, 0.6088131666183472, 0.07520914077758789)","(0.5948701500892639, 0.6367967128753662, 0.07301094383001328)","(0.6771580576896667, 0.6368247866630554, 0.05219701677560806)","(0.6462332606315613, 0.6186560988426208, 0.07512880116701126)","(0.6296058297157288, 0.6307899355888367, 0.08255713433027267)","(0.6199517250061035, 0.6551350951194763, 0.08529222756624222)",Position
2622,"(0.6437179446220398, 0.8290808796882629, -3.1850541404310206e-07)","(0.5827218890190125, 0.7627847790718079, 0.0035259469877928495)","(0.556519627571106, 0.6712741255760193, 0.01722659543156624)","(0.5415135025978088, 0.6086162328720093, 0.03486616536974907)","(0.5209866166114807, 0.5636112093925476, 0.054169125854969025)","(0.6087389588356018, 0.568587064743042, 0.021240755915641785)","(0.5729253888130188, 0.525870144367218, 0.05947655439376831)","(0.5477373003959656, 0.5323121547698975, 0.0859786868095398)","(0.5297650694847107, 0.542736291885376, 0.10275338590145111)","(0.6412396430969238, 0.5803788900375366, 0.03590508922934532)","(0.5989608764648438, 0.5556105971336365, 0.08220221102237701)","(0.5744065046310425, 0.5797638893127441, 0.10415366291999817)","(0.5597422122955322, 0.6059867739677429, 0.11411568522453308)","(0.6619271636009216, 0.612278938293457, 0.05307865887880325)","(0.6236507296562195, 0.5905377864837646, 0.09309262782335281)","(0.6039113998413086, 0.6114775538444519, 0.10363996028900146)","(0.5935383439064026, 0.6387928128242493, 0.10391319543123245)","(0.6756566166877747, 0.6409233808517456, 0.07095949351787567)","(0.6466822028160095, 0.6214902400970459, 0.10049725323915482)","(0.6286271810531616, 0.634240448474884, 0.11054982244968414)","(0.6175629496574402, 0.6580516695976257, 0.11485482007265091)",Position
2623,"(0.6439858078956604, 0.8293304443359375, -3.0109077897577663e-07)","(0.5835189819335938, 0.7609948515892029, -4.772844476974569e-05)","(0.5574457049369812, 0.6677022576332092, 0.015112187713384628)","(0.5412129163742065, 0.6069102883338928, 0.034781571477651596)","(0.5213642716407776, 0.5652999877929688, 0.056904442608356476)","(0.6141412258148193, 0.5680800080299377, 0.025685405358672142)","(0.5765295624732971, 0.5244706869125366, 0.06374695152044296)","(0.5496296882629395, 0.5323192477226257, 0.08918829262256622)","(0.5304892659187317, 0.5429250597953796, 0.10567417740821838)","(0.6454541087150574, 0.5824733972549438, 0.04253830760717392)","(0.6014925837516785, 0.5535191297531128, 0.0890357494354248)","(0.5730089545249939, 0.570708692073822, 0.11054826527833939)","(0.5535746216773987, 0.5944409966468811, 0.1211530864238739)","(0.6638604402542114, 0.6163358092308044, 0.06091666966676712)","(0.6252936124801636, 0.5919983386993408, 0.10045400261878967)","(0.6013085246086121, 0.6047750115394592, 0.11274028569459915)","(0.5870329737663269, 0.6283590197563171, 0.11577814072370529)","(0.6761379241943359, 0.6471591591835022, 0.07933931797742844)","(0.6477480530738831, 0.6255092620849609, 0.1076388955116272)","(0.6273216605186462, 0.6309486627578735, 0.11836674809455872)","(0.6133530139923096, 0.6510576605796814, 0.12466288357973099)",Position
2624,"(0.6445956826210022, 0.8345485925674438, -3.0316411425701517e-07)","(0.5855250358581543, 0.7613770961761475, -0.006719408556818962)","(0.558849573135376, 0.6669561862945557, 0.006044615060091019)","(0.541359543800354, 0.6074914932250977, 0.024279681965708733)","(0.5201616287231445, 0.5641762018203735, 0.04521917551755905)","(0.6210192441940308, 0.5741799473762512, 0.020871134474873543)","(0.5792263746261597, 0.5267493724822998, 0.056293096393346786)","(0.5500606298446655, 0.5351725220680237, 0.07976965606212616)","(0.5297803282737732, 0.5465980172157288, 0.09514778852462769)","(0.6504541039466858, 0.5901042819023132, 0.040192440152168274)","(0.6031699776649475, 0.5576671957969666, 0.08294308930635452)","(0.5709920525550842, 0.5748839974403381, 0.10133044421672821)","(0.5485743880271912, 0.5980910658836365, 0.1101096123456955)","(0.665920078754425, 0.6225550174713135, 0.06050458177924156)","(0.6231852173805237, 0.5957052111625671, 0.0963231697678566)","(0.5955461263656616, 0.6067802906036377, 0.10676708817481995)","(0.5776100158691406, 0.6288966536521912, 0.10927828401327133)","(0.6749789118766785, 0.6516798138618469, 0.0803564116358757)","(0.6436399817466736, 0.6282325387001038, 0.10541733354330063)","(0.6208915114402771, 0.6319224238395691, 0.11489632725715637)","(0.6039783954620361, 0.6503986120223999, 0.1208302229642868)",Position
2625,"(0.6446027159690857, 0.83939528465271, -2.7279716618977545e-07)","(0.5865809321403503, 0.7648473381996155, -0.009221500717103481)","(0.5599619150161743, 0.6685619950294495, 0.0022203619591891766)","(0.541944682598114, 0.607342541217804, 0.019152430817484856)","(0.5200130343437195, 0.562677800655365, 0.03851376101374626)","(0.6225450038909912, 0.5763189792633057, 0.02050667442381382)","(0.5798132419586182, 0.5261843800544739, 0.0560528002679348)","(0.5498234629631042, 0.5343388319015503, 0.07924141734838486)","(0.5293805003166199, 0.5458158254623413, 0.094351626932621)","(0.6517553925514221, 0.5931584239006042, 0.04068203270435333)","(0.6034102439880371, 0.5590841174125671, 0.08373067528009415)","(0.5696401000022888, 0.5743890404701233, 0.10145673155784607)","(0.5454596281051636, 0.5963526964187622, 0.10969305038452148)","(0.6667670011520386, 0.6267097592353821, 0.06157711148262024)","(0.6219281554222107, 0.6002405285835266, 0.09790191799402237)","(0.5933037400245667, 0.6100654006004333, 0.10755510628223419)","(0.5737878084182739, 0.6312019228935242, 0.10927644371986389)","(0.6748026013374329, 0.6569554805755615, 0.08170495182275772)","(0.6423599720001221, 0.6347621083259583, 0.10679440200328827)","(0.6188452243804932, 0.6384392976760864, 0.11566825956106186)","(0.6003694534301758, 0.6577100157737732, 0.12104791402816772)",Position
2626,"(0.6452573537826538, 0.8419095873832703, -2.92291645109799e-07)","(0.5868573784828186, 0.7676432132720947, -0.010553386993706226)","(0.5604610443115234, 0.6694561243057251, 0.0005571723449975252)","(0.5423144698143005, 0.6069661974906921, 0.017395664006471634)","(0.5208553671836853, 0.5626216530799866, 0.03679027035832405)","(0.6245723962783813, 0.5782667398452759, 0.018994510173797607)","(0.582145094871521, 0.5257149934768677, 0.05268296226859093)","(0.5510642528533936, 0.5348551273345947, 0.07406529784202576)","(0.5296533703804016, 0.5467833876609802, 0.08793764561414719)","(0.6533883213996887, 0.5956993103027344, 0.03917225822806358)","(0.6053124070167542, 0.5604181289672852, 0.08011594414710999)","(0.5716825723648071, 0.5757027268409729, 0.09610836952924728)","(0.5482065677642822, 0.598008930683136, 0.10311916470527649)","(0.6674730777740479, 0.6297754049301147, 0.05991266667842865)","(0.6234262585639954, 0.6013522744178772, 0.09430468827486038)","(0.5949371457099915, 0.6104356646537781, 0.10270530730485916)","(0.5757766366004944, 0.6307510733604431, 0.10371745377779007)","(0.6744553446769714, 0.6605612635612488, 0.07980097085237503)","(0.6420295238494873, 0.63653564453125, 0.10371126979589462)","(0.6188836097717285, 0.6400581002235413, 0.11212708801031113)","(0.601047933101654, 0.6586733460426331, 0.1171594187617302)",Position
2627,"(0.6437740325927734, 0.8454170227050781, -3.0664071459796105e-07)","(0.5862401127815247, 0.7706301212310791, -0.01247728243470192)","(0.559794008731842, 0.6698582172393799, -0.004016900435090065)","(0.5410916209220886, 0.605819046497345, 0.009993883781135082)","(0.5202188491821289, 0.5602330565452576, 0.025860048830509186)","(0.6255595684051514, 0.5811283588409424, 0.012086729519069195)","(0.5815917253494263, 0.5270228385925293, 0.04191656783223152)","(0.5499295592308044, 0.5359817147254944, 0.060208506882190704)","(0.5281541347503662, 0.5463254451751709, 0.07164347916841507)","(0.6545414328575134, 0.5975959897041321, 0.030881907790899277)","(0.6047281622886658, 0.5632982850074768, 0.06624595820903778)","(0.5709966421127319, 0.5767292976379395, 0.07759295403957367)","(0.5476216673851013, 0.59770667552948, 0.08116501569747925)","(0.6685003638267517, 0.6309612989425659, 0.05050840601325035)","(0.6216319799423218, 0.6047307848930359, 0.08041665703058243)","(0.5937858819961548, 0.61416095495224, 0.08477162569761276)","(0.574434220790863, 0.6333988308906555, 0.0829518660902977)","(0.6737340092658997, 0.6614060997962952, 0.06930357217788696)","(0.6388921737670898, 0.6381731629371643, 0.0897112786769867)","(0.6158140897750854, 0.6428175568580627, 0.09580415487289429)","(0.597617506980896, 0.6617511510848999, 0.09894438087940216)",Position
2628,"(0.6429290771484375, 0.8487204313278198, -3.3225370543732424e-07)","(0.5852457880973816, 0.7757274508476257, -0.013364333659410477)","(0.5588589906692505, 0.6724143028259277, -0.004930643830448389)","(0.5395646095275879, 0.6069810390472412, 0.009630097076296806)","(0.5182126760482788, 0.5639543533325195, 0.026128511875867844)","(0.626979410648346, 0.5845093131065369, 0.007953312247991562)","(0.5818318128585815, 0.5272099375724792, 0.03723939135670662)","(0.5496170520782471, 0.5376336574554443, 0.05594317987561226)","(0.5275208353996277, 0.5496627688407898, 0.06771426647901535)","(0.6555973291397095, 0.5997247099876404, 0.027362214401364326)","(0.6044113039970398, 0.5633789896965027, 0.061697039753198624)","(0.5705710649490356, 0.5787973403930664, 0.07294073700904846)","(0.5475335717201233, 0.6018269062042236, 0.07646606117486954)","(0.669269859790802, 0.6320610642433167, 0.047859691083431244)","(0.6209046840667725, 0.6051737666130066, 0.07687670737504959)","(0.5941061973571777, 0.6168341636657715, 0.08017563819885254)","(0.575578510761261, 0.6373022198677063, 0.07755215466022491)","(0.6732829213142395, 0.6614856123924255, 0.0676264613866806)","(0.6372551321983337, 0.6391761302947998, 0.08692503720521927)","(0.6150491237640381, 0.6460144519805908, 0.09180232137441635)","(0.5975048542022705, 0.6659486293792725, 0.09404123574495316)",Position
2629,"(0.6416898369789124, 0.8505622744560242, -3.219217603600555e-07)","(0.5838615298271179, 0.7754630446434021, -0.013498001731932163)","(0.5584638714790344, 0.6724298596382141, -0.005099344998598099)","(0.5397043228149414, 0.6070519089698792, 0.009387288242578506)","(0.519170880317688, 0.5622435808181763, 0.02573925070464611)","(0.626372754573822, 0.5847641229629517, 0.008983681909739971)","(0.5816493630409241, 0.5277321338653564, 0.03907795250415802)","(0.549646258354187, 0.5377276539802551, 0.057986170053482056)","(0.5276687741279602, 0.5493922829627991, 0.0696488693356514)","(0.6549286842346191, 0.6015933156013489, 0.028457144275307655)","(0.6045850515365601, 0.5628509521484375, 0.06328756362199783)","(0.5703653693199158, 0.5764679312705994, 0.0741906687617302)","(0.5464320778846741, 0.598952054977417, 0.07721566408872604)","(0.6684277653694153, 0.6346763372421265, 0.04898086562752724)","(0.6204034090042114, 0.6049216985702515, 0.07815982401371002)","(0.5932801961898804, 0.6153658628463745, 0.08086748421192169)","(0.5739631652832031, 0.6351146101951599, 0.07766130566596985)","(0.6723760962486267, 0.6644612550735474, 0.06878592073917389)","(0.6360302567481995, 0.6400564908981323, 0.0881294533610344)","(0.6134377121925354, 0.6461734771728516, 0.09274905920028687)","(0.5951107740402222, 0.6653899550437927, 0.09458281099796295)",Position
2630,"(0.6418545842170715, 0.85309237241745, -3.2011729445002857e-07)","(0.5834639668464661, 0.7778351902961731, -0.01269568968564272)","(0.5580995082855225, 0.6747169494628906, -0.003271551337093115)","(0.5389024019241333, 0.6092544794082642, 0.012430574744939804)","(0.518582820892334, 0.5640153288841248, 0.030191997066140175)","(0.6260746121406555, 0.5852071642875671, 0.009942100383341312)","(0.5813122391700745, 0.5276983380317688, 0.041645389050245285)","(0.5495297312736511, 0.5373020172119141, 0.06207435578107834)","(0.5277576446533203, 0.5492455959320068, 0.07485897839069366)","(0.6546483635902405, 0.6032207608222961, 0.029977690428495407)","(0.6048333048820496, 0.5628907084465027, 0.06658520549535751)","(0.5707207918167114, 0.5766637921333313, 0.07892729341983795)","(0.5466268062591553, 0.5998029708862305, 0.08297116309404373)","(0.6683846712112427, 0.637702465057373, 0.05120501294732094)","(0.6213653683662415, 0.6066116094589233, 0.08193433284759521)","(0.5943559408187866, 0.617561399936676, 0.08533181995153427)","(0.57514888048172, 0.6380347013473511, 0.08252565562725067)","(0.6725813150405884, 0.6682916283607483, 0.07181166857481003)","(0.6372711062431335, 0.6432767510414124, 0.09212876856327057)","(0.614614725112915, 0.649079442024231, 0.09682302176952362)","(0.5961242318153381, 0.6683104634284973, 0.09870364516973495)",Position
2631,"(0.6409392356872559, 0.8533640503883362, -3.1221429708239157e-07)","(0.583016574382782, 0.7761318683624268, -0.01240912638604641)","(0.5577070713043213, 0.6739522814750671, -0.003500804305076599)","(0.5383961200714111, 0.6085540652275085, 0.01150356512516737)","(0.5180559158325195, 0.5626552104949951, 0.028384221717715263)","(0.6260829567909241, 0.5865389704704285, 0.010195412673056126)","(0.5823163986206055, 0.5290334820747375, 0.04272487387061119)","(0.5506250262260437, 0.5386508703231812, 0.06366728991270065)","(0.5286223292350769, 0.5498432517051697, 0.07649626582860947)","(0.6545549035072327, 0.604092538356781, 0.03000052645802498)","(0.6049874424934387, 0.5645471811294556, 0.06701596826314926)","(0.5707145929336548, 0.5790806412696838, 0.07884719967842102)","(0.5468211770057678, 0.6020040512084961, 0.08214782178401947)","(0.6682869791984558, 0.6385351419448853, 0.051179517060518265)","(0.621812641620636, 0.607816755771637, 0.08240678161382675)","(0.594947099685669, 0.6196569204330444, 0.0852436050772667)","(0.5758879780769348, 0.6406362652778625, 0.08162619918584824)","(0.6721895933151245, 0.668928325176239, 0.07182782888412476)","(0.6376723051071167, 0.643704891204834, 0.09276586771011353)","(0.6152056455612183, 0.6502535343170166, 0.09743818640708923)","(0.5970351696014404, 0.6700202822685242, 0.09894605726003647)",Position
2632,"(0.6409546732902527, 0.8530827760696411, -3.027151649348525e-07)","(0.582758367061615, 0.7759073376655579, -0.011376095935702324)","(0.5581496357917786, 0.6757878065109253, -0.0013349602231755853)","(0.5398535132408142, 0.6107085943222046, 0.015689007937908173)","(0.5204923748970032, 0.5631672739982605, 0.03497612103819847)","(0.6257946491241455, 0.5870730876922607, 0.009060160256922245)","(0.5826613903045654, 0.5300447344779968, 0.045203521847724915)","(0.5523183345794678, 0.5365594029426575, 0.06950518488883972)","(0.5313211679458618, 0.5458558797836304, 0.08444547653198242)","(0.6535352468490601, 0.6055958271026611, 0.030589574947953224)","(0.6063281297683716, 0.5644775629043579, 0.07155344635248184)","(0.5737057328224182, 0.5807095170021057, 0.08605548739433289)","(0.5516101121902466, 0.6028134226799011, 0.09055960923433304)","(0.6671472787857056, 0.6393321752548218, 0.054015859961509705)","(0.6231362819671631, 0.6076623201370239, 0.08854731172323227)","(0.598406970500946, 0.6242271661758423, 0.09115441888570786)","(0.5816288590431213, 0.6473324298858643, 0.08642697334289551)","(0.6717733144760132, 0.6669681072235107, 0.07727430015802383)","(0.6394881010055542, 0.6419574618339539, 0.1004456952214241)","(0.6178704500198364, 0.65154629945755, 0.10439939051866531)","(0.6005232334136963, 0.6722632050514221, 0.10465509444475174)",Position
2633,"(0.6409583687782288, 0.8516197204589844, -3.0229381309254677e-07)","(0.5838262438774109, 0.7774918079376221, -0.013942287303507328)","(0.5595824122428894, 0.6756497621536255, -0.006432633381336927)","(0.5430129766464233, 0.6083842515945435, 0.007815933786332607)","(0.5235063433647156, 0.5621216297149658, 0.024137118831276894)","(0.6278741359710693, 0.5870493650436401, 0.0049106464721262455)","(0.584697961807251, 0.5274913907051086, 0.036095257848501205)","(0.5538267493247986, 0.5340152978897095, 0.05675334483385086)","(0.532720685005188, 0.5431528091430664, 0.06944148242473602)","(0.6563667058944702, 0.6041372418403625, 0.025462793186306953)","(0.6087376475334167, 0.5597507953643799, 0.06182892993092537)","(0.5751271843910217, 0.5741392374038696, 0.07515451312065125)","(0.5524218678474426, 0.5961793661117554, 0.07941031455993652)","(0.6699827909469604, 0.6375874280929565, 0.047398075461387634)","(0.6252283453941345, 0.6021953821182251, 0.07809797674417496)","(0.5988786816596985, 0.6146253347396851, 0.08206295222043991)","(0.5804652571678162, 0.6356222033500671, 0.07897744327783585)","(0.6739504337310791, 0.6668189167976379, 0.06871231645345688)","(0.6407066583633423, 0.6390146017074585, 0.08900018781423569)","(0.6187957525253296, 0.6457244753837585, 0.09368033707141876)","(0.6013829112052917, 0.6650355458259583, 0.09499634057283401)",Position
2634,"(0.6413233280181885, 0.852027416229248, -3.0212254387151916e-07)","(0.5843715667724609, 0.7772478461265564, -0.014528787694871426)","(0.5608342289924622, 0.6731231212615967, -0.008377548307180405)","(0.5442121028900146, 0.6036829948425293, 0.003937344532459974)","(0.5237153172492981, 0.5565285682678223, 0.01821400411427021)","(0.6298757791519165, 0.5870585441589355, 0.005086642224341631)","(0.588233232498169, 0.5255776643753052, 0.03319127485156059)","(0.5562989711761475, 0.5327024459838867, 0.05098668113350868)","(0.5338313579559326, 0.5425509214401245, 0.06188610941171646)","(0.6587066054344177, 0.6032465696334839, 0.0245366133749485)","(0.6114002466201782, 0.5592164993286133, 0.057762373238801956)","(0.5788035988807678, 0.5729736089706421, 0.06913814693689346)","(0.5570291876792908, 0.594779372215271, 0.07237783074378967)","(0.6721803545951843, 0.6362760066986084, 0.045031577348709106)","(0.6276370286941528, 0.6004877090454102, 0.07334746420383453)","(0.6018339395523071, 0.6105999946594238, 0.07708665728569031)","(0.5833183526992798, 0.6303157210350037, 0.0743112862110138)","(0.6758754253387451, 0.6663500666618347, 0.06471466273069382)","(0.6428954005241394, 0.6376016736030579, 0.083815798163414)","(0.6213363409042358, 0.6429461240768433, 0.08880895376205444)","(0.6035342216491699, 0.6616606712341309, 0.09061276167631149)",Position
2635,"(0.6433669924736023, 0.8484371900558472, -2.8857894562861475e-07)","(0.5856329798698425, 0.7756379246711731, -0.01613168977200985)","(0.561964213848114, 0.6714813709259033, -0.010116220451891422)","(0.545744776725769, 0.6010443568229675, 0.0030616724397987127)","(0.5254368782043457, 0.5537037253379822, 0.018601946532726288)","(0.6319421529769897, 0.5857227444648743, 0.002013971097767353)","(0.590142548084259, 0.5218213796615601, 0.028764989227056503)","(0.5577799677848816, 0.5267496705055237, 0.04632698744535446)","(0.5350848436355591, 0.5352618098258972, 0.05761197954416275)","(0.6603809595108032, 0.6020604372024536, 0.022956887260079384)","(0.6156901121139526, 0.5414112210273743, 0.05469432473182678)","(0.5801990032196045, 0.5536521673202515, 0.06738949567079544)","(0.5552173256874084, 0.5769368410110474, 0.07264307886362076)","(0.6734346151351929, 0.6346084475517273, 0.04480442404747009)","(0.6297181248664856, 0.5907422304153442, 0.07208491116762161)","(0.6021405458450317, 0.6002535223960876, 0.07648681104183197)","(0.5830222368240356, 0.61861252784729, 0.07493725419044495)","(0.6772953271865845, 0.6635677218437195, 0.06580749154090881)","(0.6440984010696411, 0.6321254372596741, 0.08468592911958694)","(0.6217496395111084, 0.6368522644042969, 0.0897592231631279)","(0.6040198802947998, 0.6529918909072876, 0.09179497510194778)",Position
2636,"(0.6426236033439636, 0.846647322177887, -2.9460272799042286e-07)","(0.5858091711997986, 0.7743643522262573, -0.017550528049468994)","(0.5626286268234253, 0.6696807146072388, -0.01334554422646761)","(0.5463675260543823, 0.5963530540466309, -0.002135314978659153)","(0.5245946049690247, 0.5501108169555664, 0.01138685829937458)","(0.6319019198417664, 0.5850345492362976, -0.001495201257057488)","(0.5907416939735413, 0.5163633823394775, 0.021896563470363617)","(0.5586328506469727, 0.5198267698287964, 0.03791441768407822)","(0.5352311134338379, 0.5281780362129211, 0.048517148941755295)","(0.6606548428535461, 0.597854733467102, 0.018873563036322594)","(0.6139883399009705, 0.5335811376571655, 0.04643586650490761)","(0.5766888856887817, 0.5435455441474915, 0.05765637010335922)","(0.549392819404602, 0.566534161567688, 0.06251584738492966)","(0.6742772459983826, 0.6283174157142639, 0.039999790489673615)","(0.6284439563751221, 0.5839133858680725, 0.06344801187515259)","(0.5998685956001282, 0.593586266040802, 0.06708899885416031)","(0.5795047879219055, 0.6131279468536377, 0.06586775183677673)","(0.6782945394515991, 0.6570997834205627, 0.06022755056619644)","(0.6436550617218018, 0.6247444152832031, 0.07620491832494736)","(0.6204434633255005, 0.6291599869728088, 0.08042369037866592)","(0.6021064519882202, 0.6458802223205566, 0.08237716555595398)",Move
2637,"(0.6429305672645569, 0.8460724353790283, -2.881672003240965e-07)","(0.5855886936187744, 0.7726032733917236, -0.020172858610749245)","(0.5619785189628601, 0.6665797829627991, -0.017440659925341606)","(0.5452070832252502, 0.5916376113891602, -0.0069508180022239685)","(0.524066686630249, 0.5426495671272278, 0.006121395621448755)","(0.6328860521316528, 0.5824659466743469, -0.006745469756424427)","(0.590246856212616, 0.5105301737785339, 0.0167474877089262)","(0.5573089122772217, 0.5156250596046448, 0.03356317803263664)","(0.5343825817108154, 0.5254982709884644, 0.04445745423436165)","(0.6619110703468323, 0.5961617827415466, 0.01491693127900362)","(0.6145780682563782, 0.5327981114387512, 0.042324498295784)","(0.5776923894882202, 0.5436872839927673, 0.05347122624516487)","(0.5518238544464111, 0.5665335655212402, 0.05777072161436081)","(0.6750805974006653, 0.6269354820251465, 0.03753131255507469)","(0.6291018128395081, 0.5809946656227112, 0.06098223477602005)","(0.6007429957389832, 0.5910758972167969, 0.06446605920791626)","(0.5807684063911438, 0.6108751893043518, 0.06264596432447433)","(0.6783696413040161, 0.6559046506881714, 0.059122245758771896)","(0.6442657113075256, 0.6221744418144226, 0.074555903673172)","(0.6212157607078552, 0.6268526911735535, 0.0783538818359375)","(0.6027187705039978, 0.6435722708702087, 0.07988747209310532)",Move
2638,"(0.6422079205513, 0.8435031175613403, -2.603151756375155e-07)","(0.585329532623291, 0.770524263381958, -0.020290784537792206)","(0.5611191987991333, 0.664219081401825, -0.01894228160381317)","(0.5438411831855774, 0.587186872959137, -0.010493559762835503)","(0.5219202637672424, 0.534892201423645, 0.0004290154902264476)","(0.6309146881103516, 0.5774775743484497, -0.0057664914056658745)","(0.5911105275154114, 0.5032302141189575, 0.016428595408797264)","(0.5593926906585693, 0.5044839382171631, 0.03188543766736984)","(0.5368954539299011, 0.5098087787628174, 0.04167485982179642)","(0.6603754162788391, 0.5903222560882568, 0.014594584703445435)","(0.6142927408218384, 0.520061194896698, 0.0400700606405735)","(0.5763954520225525, 0.5279800891876221, 0.050486404448747635)","(0.5492746829986572, 0.5497194528579712, 0.05467629432678223)","(0.6737205386161804, 0.620635986328125, 0.03564324229955673)","(0.6290495991706848, 0.5682929158210754, 0.05765462666749954)","(0.5988077521324158, 0.5763628482818604, 0.061692263931035995)","(0.5771333575248718, 0.5953952074050903, 0.06062385067343712)","(0.6772733330726624, 0.6509596705436707, 0.055509503930807114)","(0.643638014793396, 0.6125324964523315, 0.07048016041517258)","(0.6193539500236511, 0.614023745059967, 0.07492706924676895)","(0.5996185541152954, 0.6288415789604187, 0.07695899158716202)",Move
2639,"(0.6414370536804199, 0.8396059274673462, -2.3205413413052156e-07)","(0.582923173904419, 0.7668119668960571, -0.021562423557043076)","(0.5579420924186707, 0.6574059724807739, -0.020223470404744148)","(0.5404866933822632, 0.5772286057472229, -0.01138895284384489)","(0.5181021094322205, 0.5255796909332275, 0.00030062024598009884)","(0.6286210417747498, 0.5711973309516907, -0.006258032750338316)","(0.5894074440002441, 0.4971048831939697, 0.01575467176735401)","(0.5578857064247131, 0.4959302246570587, 0.03075960837304592)","(0.5341799855232239, 0.4967266917228699, 0.04014848545193672)","(0.6583847999572754, 0.5821266770362854, 0.014700163155794144)","(0.6136413812637329, 0.5071498155593872, 0.039881039410829544)","(0.5758631825447083, 0.5066467523574829, 0.0503709614276886)","(0.5471085906028748, 0.5215257406234741, 0.054720085114240646)","(0.6711755394935608, 0.6106773018836975, 0.036086682230234146)","(0.6283907294273376, 0.5505112409591675, 0.05720119923353195)","(0.5961311459541321, 0.5506137013435364, 0.06163142994046211)","(0.571556806564331, 0.5644785165786743, 0.06133819371461868)","(0.6740893125534058, 0.6402280926704407, 0.05619506910443306)","(0.6404163241386414, 0.5956979990005493, 0.07039635628461838)","(0.6149026155471802, 0.5907986760139465, 0.07499491423368454)","(0.593569815158844, 0.6007394790649414, 0.0774558037519455)",Move
2640,"(0.6383342742919922, 0.8336247801780701, -2.564868850640778e-07)","(0.5784708261489868, 0.7556835412979126, -0.020882831886410713)","(0.552214503288269, 0.6444296836853027, -0.015956107527017593)","(0.5337046384811401, 0.5673577189445496, -0.002109378110617399)","(0.5135499238967896, 0.5140323042869568, 0.015234418213367462)","(0.6253066658973694, 0.5613455176353455, -0.0052803452126681805)","(0.5801722407341003, 0.4891930818557739, 0.023070931434631348)","(0.5467534065246582, 0.4894763231277466, 0.043635234236717224)","(0.5218173861503601, 0.49164628982543945, 0.05694323778152466)","(0.654262125492096, 0.572883129119873, 0.019290439784526825)","(0.6057277917861938, 0.5006667971611023, 0.051452942192554474)","(0.5679123997688293, 0.5058046579360962, 0.06724337488412857)","(0.5389450192451477, 0.5251362919807434, 0.07525210082530975)","(0.6662575602531433, 0.6003091335296631, 0.04482964798808098)","(0.6204700469970703, 0.5426859855651855, 0.07256593555212021)","(0.5883262157440186, 0.5465654134750366, 0.08087647706270218)","(0.5643406510353088, 0.562555193901062, 0.08268540352582932)","(0.6687746644020081, 0.6255878210067749, 0.06914172321557999)","(0.6332012414932251, 0.584857165813446, 0.08754569292068481)","(0.6068239212036133, 0.5830293297767639, 0.09389305114746094)","(0.5854748487472534, 0.5933393836021423, 0.09773802757263184)",Move
2641,"(0.6324422359466553, 0.8260675668716431, -2.1596279964342102e-07)","(0.5720793604850769, 0.748694121837616, -0.022497303783893585)","(0.544649600982666, 0.6362789869308472, -0.019108854234218597)","(0.5252090692520142, 0.5572312474250793, -0.007129000034183264)","(0.5041021704673767, 0.5010998249053955, 0.008101302199065685)","(0.6179097294807434, 0.5499715805053711, -0.004572482779622078)","(0.5713383555412292, 0.47464966773986816, 0.025415733456611633)","(0.5389764904975891, 0.4734364449977875, 0.04705098271369934)","(0.5159107446670532, 0.47620606422424316, 0.06068972498178482)","(0.6481350660324097, 0.5610164999961853, 0.019972575828433037)","(0.5969108939170837, 0.489106148481369, 0.053068846464157104)","(0.5598438382148743, 0.49501341581344604, 0.06876819580793381)","(0.5326445698738098, 0.5150904655456543, 0.07652031630277634)","(0.6605533957481384, 0.5883382558822632, 0.0452948622405529)","(0.6126294136047363, 0.5280667543411255, 0.07339752465486526)","(0.5800638794898987, 0.53078293800354, 0.08140157908201218)","(0.5561569929122925, 0.5471045970916748, 0.0828196257352829)","(0.66292405128479, 0.6139762997627258, 0.06924217194318771)","(0.6265468001365662, 0.5684985518455505, 0.0871848315000534)","(0.5994472503662109, 0.5646993517875671, 0.09330707043409348)","(0.5774421691894531, 0.576240062713623, 0.09694572538137436)",Move
2642,"(0.6261102557182312, 0.812368631362915, -2.4243152552116953e-07)","(0.5644756555557251, 0.7344065308570862, -0.021314311772584915)","(0.5368970632553101, 0.6218565106391907, -0.01724488101899624)","(0.5176356434822083, 0.5441950559616089, -0.005727892741560936)","(0.4958009421825409, 0.48636043071746826, 0.00891956314444542)","(0.6091777086257935, 0.5323425531387329, 0.0019556465558707714)","(0.5658111572265625, 0.4541960656642914, 0.0284795630723238)","(0.5308858156204224, 0.45416319370269775, 0.045633714646101)","(0.5055090188980103, 0.45979171991348267, 0.05667002126574516)","(0.6409696936607361, 0.5443158149719238, 0.024878522381186485)","(0.5922830104827881, 0.47525668144226074, 0.056010615080595016)","(0.5544309616088867, 0.48557162284851074, 0.06960118561983109)","(0.527927041053772, 0.5110049247741699, 0.07627114653587341)","(0.6539552211761475, 0.5737462043762207, 0.047736167907714844)","(0.6091859936714172, 0.511986494064331, 0.0739518329501152)","(0.5757735967636108, 0.5163840055465698, 0.08201852440834045)","(0.5519598126411438, 0.5350277423858643, 0.08416299521923065)","(0.6571722030639648, 0.6017142534255981, 0.06909927725791931)","(0.6226754784584045, 0.5536319017410278, 0.08682353049516678)","(0.5955565571784973, 0.5484470129013062, 0.09408330917358398)","(0.5742790102958679, 0.56012362241745, 0.09887294471263885)",Move
2643,"(0.6187668442726135, 0.7969353199005127, -2.1296857255492796e-07)","(0.5553929805755615, 0.7144535183906555, -0.01925281062722206)","(0.5265007615089417, 0.6035221219062805, -0.008818096481263638)","(0.5078125, 0.5267908573150635, 0.010879023931920528)","(0.4847196340560913, 0.4669400453567505, 0.035777878016233444)","(0.594290018081665, 0.5031751990318298, 0.010941784828901291)","(0.5525092482566833, 0.43283796310424805, 0.049175918102264404)","(0.5196875929832458, 0.4334664046764374, 0.0765969529747963)","(0.49600136280059814, 0.4404268264770508, 0.09456894546747208)","(0.6243427395820618, 0.5199871063232422, 0.039232682436704636)","(0.5819025635719299, 0.45407605171203613, 0.08184102177619934)","(0.545357882976532, 0.47600996494293213, 0.1049053892493248)","(0.5212411880493164, 0.5038495659828186, 0.11851433664560318)","(0.6377363801002502, 0.5500739216804504, 0.06778161227703094)","(0.6028748750686646, 0.48597726225852966, 0.10390409827232361)","(0.5695000886917114, 0.49478277564048767, 0.11839520931243896)","(0.5467399954795837, 0.5163856744766235, 0.12461801618337631)","(0.643633246421814, 0.5768131613731384, 0.09493202716112137)","(0.6172252893447876, 0.5269948840141296, 0.12143266201019287)","(0.5892982482910156, 0.5247053503990173, 0.1330382227897644)","(0.5684327483177185, 0.5386075377464294, 0.14087043702602386)",Move
2644,"(0.6076580286026001, 0.7811856865882874, -2.2182666725711897e-07)","(0.5461115837097168, 0.703191876411438, -0.02256004512310028)","(0.5167418122291565, 0.5874760150909424, -0.016605472192168236)","(0.49568378925323486, 0.5047503113746643, -0.0016478701727464795)","(0.4735403060913086, 0.4412028193473816, 0.017315393313765526)","(0.5841145515441895, 0.4861082136631012, 0.00038079184014350176)","(0.5366647839546204, 0.40884286165237427, 0.03413701429963112)","(0.5038191080093384, 0.4109334945678711, 0.058358583599328995)","(0.48016586899757385, 0.41744405031204224, 0.07366498559713364)","(0.6168733835220337, 0.4931640028953552, 0.026614870876073837)","(0.5659535527229309, 0.4352933168411255, 0.0636238381266594)","(0.5324262976646423, 0.452609121799469, 0.08059600740671158)","(0.5109477043151855, 0.4792342185974121, 0.08877743035554886)","(0.6324903964996338, 0.5201195478439331, 0.053512465208768845)","(0.5880981683731079, 0.4673258662223816, 0.08404728770256042)","(0.5582643151283264, 0.4798433780670166, 0.09260806441307068)","(0.5387437343597412, 0.5018402338027954, 0.09426992386579514)","(0.6393634676933289, 0.5456869006156921, 0.0791194960474968)","(0.61040860414505, 0.4955778419971466, 0.10001836717128754)","(0.5854232311248779, 0.4956332743167877, 0.10783026367425919)","(0.5670918226242065, 0.5127251148223877, 0.11265389621257782)",Move
2645,"(0.5939230918884277, 0.7558050155639648, -2.9919061717009754e-07)","(0.5300101637840271, 0.6795593500137329, -0.020001599565148354)","(0.4990903437137604, 0.5611611008644104, -0.01600835658609867)","(0.47974956035614014, 0.4751087725162506, -0.004065908957272768)","(0.4576069712638855, 0.4153231978416443, 0.010942543856799603)","(0.5700646638870239, 0.4639051556587219, -0.005131428129971027)","(0.5246777534484863, 0.3831338882446289, 0.024179594591259956)","(0.49239692091941833, 0.38620734214782715, 0.044700466096401215)","(0.4671531915664673, 0.39074599742889404, 0.056615132838487625)","(0.6054847836494446, 0.47038114070892334, 0.01708305813372135)","(0.5509591102600098, 0.4111804962158203, 0.048422664403915405)","(0.5151225924491882, 0.4262702465057373, 0.05951828137040138)","(0.491273432970047, 0.44985511898994446, 0.06206808611750603)","(0.6252081990242004, 0.49833405017852783, 0.040755368769168854)","(0.5741528868675232, 0.44714465737342834, 0.06698887050151825)","(0.5451357364654541, 0.46298840641975403, 0.07023479044437408)","(0.5267113447189331, 0.4865038990974426, 0.06689321249723434)","(0.6359817385673523, 0.5253448486328125, 0.0635695531964302)","(0.6036241054534912, 0.47628846764564514, 0.08068635314702988)","(0.5795882940292358, 0.4812885522842407, 0.0852792039513588)","(0.5627051591873169, 0.5035197138786316, 0.08660664409399033)",Move
2646,"(0.5882467031478882, 0.7334243655204773, -2.2936360721814708e-07)","(0.516821026802063, 0.6572566032409668, -0.012045906856656075)","(0.4840078055858612, 0.5348618626594543, -0.0025092321448028088)","(0.46364885568618774, 0.4490624666213989, 0.012956837192177773)","(0.43882182240486145, 0.38990557193756104, 0.030833588913083076)","(0.5512122511863708, 0.42874568700790405, 0.01729312725365162)","(0.5071184635162354, 0.3548890948295593, 0.05584680289030075)","(0.47545361518859863, 0.36036473512649536, 0.0795821025967598)","(0.45251843333244324, 0.36682334542274475, 0.09321903437376022)","(0.5882254838943481, 0.4436752200126648, 0.038517992943525314)","(0.5366185307502747, 0.3875909447669983, 0.08171156793832779)","(0.5009676814079285, 0.40335363149642944, 0.09765129536390305)","(0.4770517647266388, 0.4260972738265991, 0.1031649112701416)","(0.6088175773620605, 0.48080959916114807, 0.06079808622598648)","(0.5621242523193359, 0.4332878291606903, 0.0983356311917305)","(0.5318982601165771, 0.4456471800804138, 0.10566774010658264)","(0.5131238102912903, 0.4665416479110718, 0.10388770699501038)","(0.6214132308959961, 0.5158649682998657, 0.08242971450090408)","(0.5861786603927612, 0.47180044651031494, 0.11084771901369095)","(0.5590576529502869, 0.4744713306427002, 0.12048757076263428)","(0.5410517454147339, 0.49436718225479126, 0.12422841787338257)",Move
2647,"(0.5713868141174316, 0.6999084949493408, -1.599101295823857e-07)","(0.49559515714645386, 0.6236063241958618, -0.015707625076174736)","(0.46394577622413635, 0.5034322142601013, -0.004971956368535757)","(0.4462521970272064, 0.42037197947502136, 0.013050112873315811)","(0.42192980647087097, 0.3637385666370392, 0.03394361212849617)","(0.5345337986946106, 0.3990267813205719, 0.019497592002153397)","(0.49036121368408203, 0.3259413242340088, 0.06164778769016266)","(0.45797470211982727, 0.3332799971103668, 0.08669409155845642)","(0.4342278242111206, 0.3405464291572571, 0.10104124248027802)","(0.5707603693008423, 0.416367769241333, 0.04464384913444519)","(0.5194071531295776, 0.35619449615478516, 0.09250903874635696)","(0.4825640320777893, 0.36830759048461914, 0.10954084992408752)","(0.4567863345146179, 0.3904961943626404, 0.11508379131555557)","(0.5885756611824036, 0.45384523272514343, 0.07038968056440353)","(0.5412673354148865, 0.40473392605781555, 0.11216054111719131)","(0.5094817876815796, 0.4118734896183014, 0.11994407325983047)","(0.48831987380981445, 0.4306602478027344, 0.11767564713954926)","(0.5978791117668152, 0.48823705315589905, 0.09499174356460571)","(0.560324490070343, 0.4485880732536316, 0.1254919469356537)","(0.5322508811950684, 0.44702351093292236, 0.13464827835559845)","(0.5116816759109497, 0.4622383415699005, 0.13772355020046234)",Move
2648,"(0.5489611029624939, 0.6629120111465454, -2.1338250633107236e-07)","(0.47551050782203674, 0.5913107395172119, -0.01651834137737751)","(0.4437558054924011, 0.47625237703323364, -0.010328927077353)","(0.4252306818962097, 0.39216357469558716, 0.0023748078383505344)","(0.40003710985183716, 0.33872103691101074, 0.01732911728322506)","(0.5151774287223816, 0.3680608570575714, 0.008838022127747536)","(0.46969151496887207, 0.2954854965209961, 0.04240116477012634)","(0.43677419424057007, 0.3046954274177551, 0.062156982719898224)","(0.41360461711883545, 0.3154720366001129, 0.07323329895734787)","(0.5520675182342529, 0.38141196966171265, 0.03026704676449299)","(0.49872633814811707, 0.32621121406555176, 0.06853973120450974)","(0.46264657378196716, 0.3407966196537018, 0.08107750117778778)","(0.4384286403656006, 0.3659222722053528, 0.08402922004461288)","(0.5707482099533081, 0.41762053966522217, 0.052537769079208374)","(0.5212554335594177, 0.37333592772483826, 0.08624406158924103)","(0.49169421195983887, 0.3824097514152527, 0.09188079088926315)","(0.47181397676467896, 0.4034653902053833, 0.08896668255329132)","(0.5794450044631958, 0.45345810055732727, 0.07372359931468964)","(0.5410279631614685, 0.4164382219314575, 0.09786014258861542)","(0.5152041912078857, 0.4158312678337097, 0.10540197789669037)","(0.49578845500946045, 0.43297070264816284, 0.10788111388683319)",Move
2649,"(0.5300700068473816, 0.6298102140426636, -2.66701846385331e-07)","(0.4556642770767212, 0.5641487836837769, -0.013073827140033245)","(0.4222145974636078, 0.4503226578235626, -0.007030977867543697)","(0.4043332040309906, 0.3685090243816376, 0.004401431884616613)","(0.3811210095882416, 0.3158794045448303, 0.01786958798766136)","(0.4899255037307739, 0.3372970223426819, 0.00661964388564229)","(0.4458378553390503, 0.2690521776676178, 0.036236923187971115)","(0.41546016931533813, 0.2774165868759155, 0.05411931499838829)","(0.3953021168708801, 0.28820404410362244, 0.06403961777687073)","(0.5290834903717041, 0.348619669675827, 0.02394167333841324)","(0.477827787399292, 0.29689639806747437, 0.056224364787340164)","(0.4429249167442322, 0.3118246793746948, 0.06657912582159042)","(0.4215676486492157, 0.3373597264289856, 0.06875165551900864)","(0.5510335564613342, 0.3834594190120697, 0.042488619685173035)","(0.5036135315895081, 0.33612996339797974, 0.06980592012405396)","(0.4733767509460449, 0.3464786112308502, 0.07388582825660706)","(0.45534250140190125, 0.36944496631622314, 0.07106414437294006)","(0.5625594258308411, 0.4200674593448639, 0.06049168482422829)","(0.5269579291343689, 0.3764955401420593, 0.0800538882613182)","(0.5005136132240295, 0.37450581789016724, 0.08675666153430939)","(0.4819072484970093, 0.39203041791915894, 0.0892789214849472)",Move
2650,"(0.5073334574699402, 0.5937684178352356, -3.3870543347802595e-07)","(0.4346623122692108, 0.5342751145362854, -0.009687742218375206)","(0.4014433026313782, 0.42462652921676636, -0.0027525797486305237)","(0.3860768675804138, 0.3453405499458313, 0.00877242349088192)","(0.3689519464969635, 0.30234864354133606, 0.02223566174507141)","(0.46540334820747375, 0.3065160810947418, 0.0022940682247281075)","(0.4248964786529541, 0.24604368209838867, 0.027100877836346626)","(0.3971409797668457, 0.2543703615665436, 0.04333900287747383)","(0.37886321544647217, 0.268761545419693, 0.052687808871269226)","(0.5056151151657104, 0.31353750824928284, 0.015747813507914543)","(0.45684289932250977, 0.2751160264015198, 0.042650096118450165)","(0.42656585574150085, 0.2917461693286896, 0.05203837901353836)","(0.40860289335250854, 0.31931084394454956, 0.05440095439553261)","(0.5307644009590149, 0.3459523916244507, 0.030741380527615547)","(0.48494860529899597, 0.3093431293964386, 0.052729472517967224)","(0.4585348963737488, 0.3211962878704071, 0.05693647265434265)","(0.4436376690864563, 0.34630560874938965, 0.055326830595731735)","(0.5449045300483704, 0.38223201036453247, 0.04541055113077164)","(0.5105311870574951, 0.3448828160762787, 0.060222234576940536)","(0.48749104142189026, 0.3451154828071594, 0.06610918045043945)","(0.4717264473438263, 0.3646485209465027, 0.06905915588140488)",Move
2651,"(0.4851597845554352, 0.554533064365387, -3.6723392327076e-07)","(0.4138501286506653, 0.502626895904541, -0.008561339229345322)","(0.38118550181388855, 0.40169963240623474, -0.005171359051018953)","(0.3663991391658783, 0.3215480446815491, 0.001371067832224071)","(0.3487376570701599, 0.2764339745044708, 0.009485817514359951)","(0.4379113018512726, 0.2784557640552521, 0.0002676808799151331)","(0.4021710157394409, 0.21988920867443085, 0.017502963542938232)","(0.3772260248661041, 0.23410384356975555, 0.028470715507864952)","(0.36351144313812256, 0.25871527194976807, 0.034582555294036865)","(0.4784405529499054, 0.28125330805778503, 0.009660224430263042)","(0.43232032656669617, 0.2467227578163147, 0.029232749715447426)","(0.4064720869064331, 0.27080076932907104, 0.03541651368141174)","(0.39573389291763306, 0.3042920231819153, 0.03565669059753418)","(0.506112813949585, 0.3102683126926422, 0.020220814272761345)","(0.46296411752700806, 0.2747570872306824, 0.03502605855464935)","(0.4401060938835144, 0.29561513662338257, 0.037681810557842255)","(0.4311988353729248, 0.32818466424942017, 0.035475730895996094)","(0.52508944272995, 0.3451218008995056, 0.03053896129131317)","(0.4929811358451843, 0.30663996934890747, 0.04049339145421982)","(0.47245705127716064, 0.3161802291870117, 0.04544660076498985)","(0.46157994866371155, 0.3422628939151764, 0.04776023328304291)",Move
2652,"(0.46946847438812256, 0.530684232711792, -3.543344462286768e-07)","(0.3968135416507721, 0.478995680809021, -0.007190182339400053)","(0.3634508550167084, 0.3823167383670807, -0.0017864510882645845)","(0.3487841486930847, 0.3049619495868683, 0.006720850709825754)","(0.333433598279953, 0.2603189945220947, 0.016976015642285347)","(0.41827788949012756, 0.25740066170692444, 0.004854791332036257)","(0.38356536626815796, 0.2059532254934311, 0.026142025366425514)","(0.35969674587249756, 0.22448763251304626, 0.039944108575582504)","(0.34598878026008606, 0.2511608600616455, 0.04789941385388374)","(0.45946669578552246, 0.2609560489654541, 0.014896168373525143)","(0.4156767725944519, 0.2251044511795044, 0.03945927321910858)","(0.38592565059661865, 0.2469405233860016, 0.04720528423786163)","(0.3704509139060974, 0.27882295846939087, 0.047962646931409836)","(0.48822903633117676, 0.2903883755207062, 0.0262728463858366)","(0.44614917039871216, 0.25505465269088745, 0.04558926448225975)","(0.4208293557167053, 0.2729640007019043, 0.04920912906527519)","(0.40882426500320435, 0.30407842993736267, 0.04695986211299896)","(0.5082163214683533, 0.3261134922504425, 0.037445008754730225)","(0.478230357170105, 0.2852158546447754, 0.05054331570863724)","(0.4561237096786499, 0.2898845076560974, 0.0567069910466671)","(0.44202712178230286, 0.3140279948711395, 0.05960342660546303)",Move
2653,"(0.44826510548591614, 0.5030180215835571, -3.708918256961624e-07)","(0.37945556640625, 0.45120418071746826, 0.00023379773483611643)","(0.3482878804206848, 0.35876399278640747, 0.008332453668117523)","(0.33574411273002625, 0.28896552324295044, 0.018288059160113335)","(0.3225323557853699, 0.25046393275260925, 0.029680835083127022)","(0.3992476463317871, 0.23544812202453613, 0.008849269710481167)","(0.37086233496665955, 0.18664301931858063, 0.030835622921586037)","(0.34924179315567017, 0.20432305335998535, 0.0455394946038723)","(0.3357868492603302, 0.23203220963478088, 0.05437246337532997)","(0.439972460269928, 0.23898547887802124, 0.015325191430747509)","(0.4026621878147125, 0.20688419044017792, 0.04224373772740364)","(0.37620827555656433, 0.2284795343875885, 0.052017342299222946)","(0.3625973165035248, 0.26131123304367065, 0.05394219979643822)","(0.4702450633049011, 0.2684546113014221, 0.023707186803221703)","(0.4337593615055084, 0.23722904920578003, 0.04518088325858116)","(0.4109087586402893, 0.2557787001132965, 0.050205789506435394)","(0.4005914330482483, 0.28731536865234375, 0.04847489297389984)","(0.4918192923069, 0.30331239104270935, 0.03243928775191307)","(0.46600186824798584, 0.2645765244960785, 0.04719320684671402)","(0.4469320476055145, 0.27009010314941406, 0.054482247680425644)","(0.4356916546821594, 0.2950916290283203, 0.057983506470918655)",Move
2654,"(0.43367043137550354, 0.4794718027114868, -4.1662002558950917e-07)","(0.36458325386047363, 0.43181663751602173, 0.0011485685827210546)","(0.33122718334198, 0.33804842829704285, 0.010653570294380188)","(0.31852447986602783, 0.2638119161128998, 0.02227846160531044)","(0.3144600987434387, 0.2285630851984024, 0.03539218753576279)","(0.3835601508617401, 0.2163017839193344, 0.00911056436598301)","(0.35388243198394775, 0.1731373816728592, 0.032775092869997025)","(0.3334238529205322, 0.19580042362213135, 0.049207549542188644)","(0.32296451926231384, 0.22780288755893707, 0.05865401774644852)","(0.42329978942871094, 0.22028452157974243, 0.015739042311906815)","(0.38553252816200256, 0.19250020384788513, 0.04241345450282097)","(0.3606765568256378, 0.22074219584465027, 0.05202241241931915)","(0.3501489460468292, 0.2575228214263916, 0.05376933515071869)","(0.45373621582984924, 0.2482655942440033, 0.024598751217126846)","(0.41595402359962463, 0.21837905049324036, 0.04537797346711159)","(0.39336299896240234, 0.24189722537994385, 0.04873192310333252)","(0.3852404057979584, 0.27798616886138916, 0.04578853398561478)","(0.4762217700481415, 0.2812599241733551, 0.03416093438863754)","(0.4487832486629486, 0.24247494339942932, 0.048594534397125244)","(0.4302445650100708, 0.2541782259941101, 0.05493425205349922)","(0.421458899974823, 0.283918172121048, 0.057472094893455505)",Move
2655,"(0.4189438819885254, 0.456901490688324, -4.217910998249863e-07)","(0.35233646631240845, 0.4138147234916687, 0.008146361447870731)","(0.32072120904922485, 0.3274746835231781, 0.022427992895245552)","(0.30897557735443115, 0.2611973285675049, 0.037401001900434494)","(0.3013354241847992, 0.2270679473876953, 0.05335865542292595)","(0.3647006154060364, 0.19948428869247437, 0.022424891591072083)","(0.3396521508693695, 0.16223710775375366, 0.0485231913626194)","(0.3220950961112976, 0.18603727221488953, 0.06394670903682709)","(0.3141922950744629, 0.21619024872779846, 0.07263179123401642)","(0.40364038944244385, 0.20009110867977142, 0.02677692472934723)","(0.3712453246116638, 0.18030472099781036, 0.0577438659965992)","(0.3507603108882904, 0.20891962945461273, 0.06726129353046417)","(0.34324175119400024, 0.2434203326702118, 0.06882829964160919)","(0.43505027890205383, 0.2268155813217163, 0.03324931487441063)","(0.4020664691925049, 0.20767655968666077, 0.057205405086278915)","(0.3846035301685333, 0.23352712392807007, 0.05889693275094032)","(0.38066527247428894, 0.26637303829193115, 0.05480637028813362)","(0.4589499831199646, 0.2565747797489166, 0.040895093232393265)","(0.4343236982822418, 0.2287989854812622, 0.0580558180809021)","(0.4204840362071991, 0.24581848084926605, 0.06416355073451996)","(0.41703593730926514, 0.27658000588417053, 0.06646076589822769)",Move
2656,"(0.4050856828689575, 0.43864548206329346, -4.4538498400470417e-07)","(0.33986181020736694, 0.4015991687774658, 0.010944759473204613)","(0.30926477909088135, 0.3235188126564026, 0.025997670367360115)","(0.29888635873794556, 0.2586790919303894, 0.04096410050988197)","(0.29346397519111633, 0.22335323691368103, 0.05686478689312935)","(0.3507383465766907, 0.19212967157363892, 0.02734789252281189)","(0.3291429579257965, 0.15388238430023193, 0.052393194288015366)","(0.3118692934513092, 0.17653962969779968, 0.06654220074415207)","(0.30362606048583984, 0.2077997922897339, 0.07470103353261948)","(0.388656347990036, 0.1895841658115387, 0.030125433579087257)","(0.3598540723323822, 0.17507223784923553, 0.0604381337761879)","(0.3414303660392761, 0.2063588798046112, 0.06857308000326157)","(0.33565402030944824, 0.2401217818260193, 0.06948234885931015)","(0.4206407964229584, 0.21367976069450378, 0.03487636521458626)","(0.3909882605075836, 0.20245592296123505, 0.0581011101603508)","(0.37704378366470337, 0.23087002336978912, 0.05820382758975029)","(0.37576034665107727, 0.26279833912849426, 0.0534106120467186)","(0.44550514221191406, 0.2417081594467163, 0.04103574901819229)","(0.42263802886009216, 0.22073453664779663, 0.05810409411787987)","(0.4108234941959381, 0.2403773069381714, 0.06354960799217224)","(0.40935179591178894, 0.270786851644516, 0.06555211544036865)",Move
2657,"(0.392704039812088, 0.42731714248657227, -4.290902211323555e-07)","(0.3282735347747803, 0.38958582282066345, 0.010601905174553394)","(0.2975919246673584, 0.31561222672462463, 0.024828191846609116)","(0.287439227104187, 0.25240400433540344, 0.03953876718878746)","(0.2872326970100403, 0.22423218190670013, 0.05542216822504997)","(0.33949312567710876, 0.18386878073215485, 0.02432945743203163)","(0.31955891847610474, 0.1502249836921692, 0.05007880926132202)","(0.3036399185657501, 0.17469057440757751, 0.06516553461551666)","(0.2955511212348938, 0.20547762513160706, 0.07357510924339294)","(0.377683162689209, 0.1818542182445526, 0.027796972543001175)","(0.34939324855804443, 0.1684933751821518, 0.05859602987766266)","(0.331866055727005, 0.1995028406381607, 0.06736238300800323)","(0.32635194063186646, 0.23360228538513184, 0.06824170053005219)","(0.40955790877342224, 0.2064879685640335, 0.0336027629673481)","(0.37989896535873413, 0.19769355654716492, 0.0580604150891304)","(0.36573493480682373, 0.22459520399570465, 0.05855720490217209)","(0.36398762464523315, 0.25782305002212524, 0.053387124091386795)","(0.4345714747905731, 0.23532262444496155, 0.040793679654598236)","(0.4109569787979126, 0.21825599670410156, 0.05888332426548004)","(0.39882221817970276, 0.23728567361831665, 0.06434696912765503)","(0.3967580199241638, 0.26690685749053955, 0.06585922092199326)",Move
2658,"(0.38216888904571533, 0.4117400646209717, -4.019147752387653e-07)","(0.3176344931125641, 0.37746286392211914, 0.012490439228713512)","(0.2865244746208191, 0.30803778767585754, 0.028389183804392815)","(0.2780842185020447, 0.24574768543243408, 0.04390594735741615)","(0.2835373282432556, 0.22049877047538757, 0.060425858944654465)","(0.32793816924095154, 0.1761956363916397, 0.032618142664432526)","(0.31096890568733215, 0.15351569652557373, 0.059500254690647125)","(0.29642122983932495, 0.1808714121580124, 0.07336823642253876)","(0.28965920209884644, 0.21165454387664795, 0.08052239567041397)","(0.3651888072490692, 0.1752065122127533, 0.03476663678884506)","(0.34132707118988037, 0.16206374764442444, 0.06600264459848404)","(0.32529401779174805, 0.19049519300460815, 0.0729011669754982)","(0.32095879316329956, 0.22258751094341278, 0.07235780358314514)","(0.3970409035682678, 0.19958454370498657, 0.0388910174369812)","(0.37177181243896484, 0.1898728311061859, 0.06263095140457153)","(0.35825076699256897, 0.21600429713726044, 0.061546120792627335)","(0.3575112521648407, 0.24790623784065247, 0.05563071370124817)","(0.4234432876110077, 0.22854375839233398, 0.044476285576820374)","(0.40394628047943115, 0.2087622731924057, 0.06261102855205536)","(0.3924713134765625, 0.2275034785270691, 0.06784790754318237)","(0.39110639691352844, 0.2558055520057678, 0.0690528005361557)",Move
2659,"(0.37204062938690186, 0.3976154923439026, -3.957346166316711e-07)","(0.30957362055778503, 0.3683950901031494, 0.015949096530675888)","(0.28013938665390015, 0.30271098017692566, 0.03440488129854202)","(0.27346041798591614, 0.2429373860359192, 0.05203144997358322)","(0.28133875131607056, 0.22074779868125916, 0.07064123451709747)","(0.3177914619445801, 0.17420071363449097, 0.03824787586927414)","(0.3054347038269043, 0.14901617169380188, 0.06491299718618393)","(0.29292866587638855, 0.17425097525119781, 0.07766123861074448)","(0.28847768902778625, 0.2057098001241684, 0.08421782404184341)","(0.3545953631401062, 0.17184142768383026, 0.03918848931789398)","(0.33495664596557617, 0.160972461104393, 0.07186436653137207)","(0.32218819856643677, 0.18864834308624268, 0.0786101222038269)","(0.32126063108444214, 0.2194495052099228, 0.0779360979795456)","(0.38684961199760437, 0.1942923218011856, 0.04192220792174339)","(0.36562579870224, 0.1841268241405487, 0.0665808841586113)","(0.35384106636047363, 0.21014221012592316, 0.06555560976266861)","(0.35515469312667847, 0.24061384797096252, 0.05970786139369011)","(0.41472792625427246, 0.22247859835624695, 0.04634437337517738)","(0.39779233932495117, 0.20290528237819672, 0.06518981605768204)","(0.38787156343460083, 0.22220216691493988, 0.07035819441080093)","(0.3883626461029053, 0.24978873133659363, 0.07156249135732651)",Move
2660,"(0.3637916147708893, 0.39011871814727783, -4.23975649255226e-07)","(0.3026857078075409, 0.36449113488197327, 0.013369571417570114)","(0.2749638557434082, 0.30283036828041077, 0.029743773862719536)","(0.2696138024330139, 0.24787907302379608, 0.04564237222075462)","(0.279613196849823, 0.2254532128572464, 0.06215880066156387)","(0.3116576671600342, 0.165781632065773, 0.03436607867479324)","(0.3002820611000061, 0.16459453105926514, 0.05876821652054787)","(0.2895534038543701, 0.19675004482269287, 0.06767147034406662)","(0.2872316241264343, 0.22347721457481384, 0.07078621536493301)","(0.34901559352874756, 0.16586348414421082, 0.03445420786738396)","(0.330108642578125, 0.17030265927314758, 0.06409912556409836)","(0.31906598806381226, 0.20066648721694946, 0.06774783879518509)","(0.3207230269908905, 0.23117198050022125, 0.0647474005818367)","(0.3810887634754181, 0.18925875425338745, 0.03643115237355232)","(0.3606775104999542, 0.18594443798065186, 0.057720087468624115)","(0.3490898907184601, 0.21172592043876648, 0.05573198199272156)","(0.35092055797576904, 0.24239909648895264, 0.049651701003313065)","(0.4080509841442108, 0.21953244507312775, 0.039809275418519974)","(0.39340198040008545, 0.20064061880111694, 0.05518951267004013)","(0.3840128183364868, 0.22153125703334808, 0.05994994938373566)","(0.3850639760494232, 0.25061580538749695, 0.06139504909515381)",Move
2661,"(0.36117878556251526, 0.3805031478404999, -3.979758957939339e-07)","(0.3013662099838257, 0.3644041419029236, 0.013329778797924519)","(0.2729906141757965, 0.30786409974098206, 0.028291722759604454)","(0.2694260776042938, 0.2535293996334076, 0.04249165579676628)","(0.28049957752227783, 0.22797119617462158, 0.05724744871258736)","(0.3092038035392761, 0.16860909759998322, 0.03421054035425186)","(0.30306702852249146, 0.16696712374687195, 0.05670473724603653)","(0.29835227131843567, 0.19969099760055542, 0.06413817405700684)","(0.30006587505340576, 0.22638006508350372, 0.06626035273075104)","(0.3466591536998749, 0.1646687090396881, 0.03362736850976944)","(0.33315256237983704, 0.1760774552822113, 0.062415383756160736)","(0.3276151418685913, 0.20747119188308716, 0.0654766857624054)","(0.3324205279350281, 0.23470857739448547, 0.06200408563017845)","(0.37836089730262756, 0.18452765047550201, 0.03470272198319435)","(0.36212703585624695, 0.19046860933303833, 0.05511710047721863)","(0.35441067814826965, 0.2170581817626953, 0.05366497486829758)","(0.357613205909729, 0.24416276812553406, 0.048035770654678345)","(0.40702560544013977, 0.21303410828113556, 0.037094730883836746)","(0.3963730037212372, 0.19622692465782166, 0.05227382108569145)","(0.389886736869812, 0.21582695841789246, 0.05780930817127228)","(0.3909851610660553, 0.24153795838356018, 0.05992728844285011)",Position
2662,"(0.35900506377220154, 0.3784828782081604, -3.9170970467239385e-07)","(0.30000171065330505, 0.36116036772727966, 0.015623345971107483)","(0.27253901958465576, 0.30612245202064514, 0.031969860196113586)","(0.26857513189315796, 0.2530261278152466, 0.04713580757379532)","(0.2789268493652344, 0.22648334503173828, 0.06305434554815292)","(0.30891868472099304, 0.16790872812271118, 0.038352228701114655)","(0.3055248260498047, 0.15798231959342957, 0.06251774728298187)","(0.29993951320648193, 0.18914900720119476, 0.07119878381490707)","(0.300682008266449, 0.21716228127479553, 0.07424677163362503)","(0.3459174931049347, 0.16491654515266418, 0.03752189129590988)","(0.33390575647354126, 0.17130659520626068, 0.0677013248205185)","(0.32778990268707275, 0.20176595449447632, 0.07150031626224518)","(0.33214378356933594, 0.22958165407180786, 0.0685761421918869)","(0.37707048654556274, 0.18470263481140137, 0.03841736167669296)","(0.36215275526046753, 0.18569964170455933, 0.06028139963746071)","(0.35391122102737427, 0.21190127730369568, 0.05957874655723572)","(0.35697197914123535, 0.2390776127576828, 0.05440802127122879)","(0.40578892827033997, 0.21312227845191956, 0.04080722853541374)","(0.39703619480133057, 0.19144727289676666, 0.057269975543022156)","(0.389973521232605, 0.20997191965579987, 0.06331945955753326)","(0.39055177569389343, 0.23589889705181122, 0.06575319916009903)",Position
2663,"(0.3595288395881653, 0.37307190895080566, -3.8929556467337534e-07)","(0.3002265989780426, 0.3555869460105896, 0.0132309440523386)","(0.27302783727645874, 0.29947733879089355, 0.027719618752598763)","(0.26981502771377563, 0.24597805738449097, 0.04151894524693489)","(0.2790326774120331, 0.21997714042663574, 0.055954400449991226)","(0.307034969329834, 0.1582898497581482, 0.033089518547058105)","(0.3021378815174103, 0.16124412417411804, 0.05572422593832016)","(0.2986098825931549, 0.19278639554977417, 0.06327284872531891)","(0.30097177624702454, 0.21711759269237518, 0.06534519791603088)","(0.34435516595840454, 0.15563984215259552, 0.0323224700987339)","(0.33188316226005554, 0.16926106810569763, 0.061023056507110596)","(0.32634153962135315, 0.19974662363529205, 0.06448296457529068)","(0.3311317563056946, 0.22627681493759155, 0.06130468472838402)","(0.37595483660697937, 0.17607125639915466, 0.03327139839529991)","(0.3607567846775055, 0.18184813857078552, 0.0535859540104866)","(0.3528660535812378, 0.20840366184711456, 0.05265720561146736)","(0.35617658495903015, 0.2346273958683014, 0.04740755632519722)","(0.40451401472091675, 0.20456375181674957, 0.03548216074705124)","(0.39481276273727417, 0.18776032328605652, 0.05065712332725525)","(0.3878423273563385, 0.20777101814746857, 0.05630665272474289)","(0.38855573534965515, 0.23266351222991943, 0.05847327783703804)",Position
2664,"(0.36193856596946716, 0.37100517749786377, -4.047053323574801e-07)","(0.2993096709251404, 0.35109588503837585, 0.014875928871333599)","(0.2728693187236786, 0.2945999205112457, 0.03214725852012634)","(0.2691386640071869, 0.24115821719169617, 0.0497717559337616)","(0.2784852981567383, 0.21464690566062927, 0.0679531916975975)","(0.30499446392059326, 0.14968137443065643, 0.03428948298096657)","(0.2937919795513153, 0.1711025834083557, 0.06184820830821991)","(0.29219889640808105, 0.20451217889785767, 0.0722566619515419)","(0.2968463897705078, 0.22545798122882843, 0.07536062598228455)","(0.3434526026248932, 0.14643225073814392, 0.03547444939613342)","(0.32654809951782227, 0.16995275020599365, 0.06936951726675034)","(0.321720153093338, 0.2021799385547638, 0.07507451623678207)","(0.3269139230251312, 0.22734227776527405, 0.0720837190747261)","(0.37550053000450134, 0.16918998956680298, 0.03912106901407242)","(0.35781461000442505, 0.1821928322315216, 0.06387246400117874)","(0.34949421882629395, 0.20952923595905304, 0.06361271440982819)","(0.3532260060310364, 0.23474259674549103, 0.05735746771097183)","(0.4043162763118744, 0.19986125826835632, 0.04427357017993927)","(0.3915010094642639, 0.19000762701034546, 0.0620550811290741)","(0.38469621539115906, 0.21294720470905304, 0.06777500361204147)","(0.3863997161388397, 0.23758824169635773, 0.06907552480697632)",Position
2665,"(0.3615866005420685, 0.36564144492149353, -4.1590749333408894e-07)","(0.297051340341568, 0.3434617221355438, 0.011006658896803856)","(0.2714288830757141, 0.2828807532787323, 0.025488344952464104)","(0.27185606956481934, 0.22756923735141754, 0.040127940475940704)","(0.28373104333877563, 0.20318350195884705, 0.0549374483525753)","(0.3079814016819, 0.14342957735061646, 0.030455760657787323)","(0.290274977684021, 0.1624293327331543, 0.050634339451789856)","(0.28643685579299927, 0.19679176807403564, 0.05506988242268562)","(0.29053816199302673, 0.22070202231407166, 0.05503245070576668)","(0.3463328778743744, 0.14020252227783203, 0.031152231618762016)","(0.325425386428833, 0.16651853919029236, 0.05936985835433006)","(0.32052406668663025, 0.20031115412712097, 0.061388202011585236)","(0.32615599036216736, 0.22697655856609344, 0.05670807510614395)","(0.37889572978019714, 0.16294623911380768, 0.03335657715797424)","(0.3588290512561798, 0.17880263924598694, 0.053240831941366196)","(0.3510664105415344, 0.2073519378900528, 0.05074716731905937)","(0.3547852337360382, 0.23354537785053253, 0.044056374579668045)","(0.4077579975128174, 0.19402343034744263, 0.036587055772542953)","(0.39489808678627014, 0.18867036700248718, 0.05110575631260872)","(0.388273149728775, 0.211856871843338, 0.05549601465463638)","(0.3895205557346344, 0.23593460023403168, 0.056580930948257446)",Position
2666,"(0.36385565996170044, 0.3642430901527405, -4.4807111976297165e-07)","(0.3012717366218567, 0.3405763506889343, 0.010249227285385132)","(0.27431610226631165, 0.2763022780418396, 0.022883592173457146)","(0.2733437716960907, 0.21748356521129608, 0.03548815846443176)","(0.28308388590812683, 0.1939263641834259, 0.04833443462848663)","(0.31302696466445923, 0.14026303589344025, 0.022333547472953796)","(0.2989237308502197, 0.13820597529411316, 0.04041149094700813)","(0.28934964537620544, 0.1676931530237198, 0.047507815062999725)","(0.2877737879753113, 0.1957482397556305, 0.04985867813229561)","(0.3503066301345825, 0.1364634931087494, 0.022172346711158752)","(0.3301069140434265, 0.15550251305103302, 0.04664873331785202)","(0.32222238183021545, 0.18963761627674103, 0.051214784383773804)","(0.32463690638542175, 0.21772554516792297, 0.04914490133523941)","(0.3828783929347992, 0.1590178906917572, 0.02361934818327427)","(0.3619454801082611, 0.17289398610591888, 0.03982679918408394)","(0.3526526093482971, 0.201240673661232, 0.03932175412774086)","(0.3537655174732208, 0.22971831262111664, 0.034747879952192307)","(0.4109567403793335, 0.18968448042869568, 0.0261524710804224)","(0.3959684669971466, 0.18610402941703796, 0.03772176429629326)","(0.3872380256652832, 0.20935803651809692, 0.04218295216560364)","(0.3865653872489929, 0.23518308997154236, 0.04384085536003113)",Position
2667,"(0.36779093742370605, 0.3623770475387573, -4.5700642203883035e-07)","(0.30453914403915405, 0.3387172818183899, 0.009332960471510887)","(0.2779996395111084, 0.27387312054634094, 0.022444719448685646)","(0.27680912613868713, 0.2162112444639206, 0.035968128591775894)","(0.28505489230155945, 0.191785991191864, 0.049803901463747025)","(0.317649781703949, 0.13661342859268188, 0.021767225116491318)","(0.3009108006954193, 0.13700807094573975, 0.040732041001319885)","(0.2900892198085785, 0.16708649694919586, 0.048298101872205734)","(0.2879049777984619, 0.19535315036773682, 0.051021233201026917)","(0.35532447695732117, 0.13369899988174438, 0.02258935570716858)","(0.33202528953552246, 0.15373238921165466, 0.04845151677727699)","(0.3223420977592468, 0.18836432695388794, 0.05309203639626503)","(0.32425013184547424, 0.21768906712532043, 0.050890762358903885)","(0.3878626227378845, 0.15733394026756287, 0.025064876303076744)","(0.3649279475212097, 0.1717158704996109, 0.042591966688632965)","(0.35468590259552, 0.2007657289505005, 0.041407376527786255)","(0.35575157403945923, 0.2299681305885315, 0.0361444391310215)","(0.4155930280685425, 0.1890067309141159, 0.028580332174897194)","(0.3991984724998474, 0.18790769577026367, 0.04125786945223808)","(0.3897760510444641, 0.21139921247959137, 0.04554591700434685)","(0.38879019021987915, 0.23787586390972137, 0.046901121735572815)",Position
2668,"(0.3750518262386322, 0.3623848855495453, -4.282773033992271e-07)","(0.3105866014957428, 0.339330792427063, 0.00915715005248785)","(0.2834128141403198, 0.2756041884422302, 0.024521904066205025)","(0.27998268604278564, 0.220713272690773, 0.04075154289603233)","(0.2855050563812256, 0.19736821949481964, 0.05747734010219574)","(0.324348121881485, 0.1338520646095276, 0.02745482511818409)","(0.3070712387561798, 0.13449209928512573, 0.051397308707237244)","(0.2941586375236511, 0.1638336330652237, 0.06162334606051445)","(0.289340078830719, 0.1918017566204071, 0.06596192717552185)","(0.3631208539009094, 0.13417118787765503, 0.030400076881051064)","(0.33929967880249023, 0.1507381945848465, 0.060487646609544754)","(0.3262469172477722, 0.1840408742427826, 0.06584514677524567)","(0.3255227208137512, 0.21505697071552277, 0.06409937888383865)","(0.39534494280815125, 0.1609809845685959, 0.035071779042482376)","(0.3719620406627655, 0.17276357114315033, 0.05589780956506729)","(0.3595871925354004, 0.2007732093334198, 0.05395909771323204)","(0.35994067788124084, 0.23008795082569122, 0.048118118196725845)","(0.4221166670322418, 0.1939985603094101, 0.04092622175812721)","(0.4040025472640991, 0.19234910607337952, 0.055703334510326385)","(0.39354461431503296, 0.21427306532859802, 0.05970117077231407)","(0.3928612470626831, 0.24010884761810303, 0.06077460199594498)",Reach
2669,"(0.38344806432724, 0.3651276230812073, -4.412586918078887e-07)","(0.3176599144935608, 0.34092628955841064, 0.003813188523054123)","(0.289043128490448, 0.27295705676078796, 0.014443288557231426)","(0.28533032536506653, 0.21641656756401062, 0.026736781001091003)","(0.29010555148124695, 0.19526875019073486, 0.03935616835951805)","(0.3293367922306061, 0.1302606463432312, 0.013989807106554508)","(0.30643320083618164, 0.14078250527381897, 0.03279580920934677)","(0.29577380418777466, 0.17300176620483398, 0.040649816393852234)","(0.29462429881095886, 0.1978624016046524, 0.04328581318259239)","(0.36962243914604187, 0.13349896669387817, 0.01673080027103424)","(0.3410763442516327, 0.15101358294487, 0.04125688597559929)","(0.32863810658454895, 0.18767592310905457, 0.04640114679932594)","(0.33032500743865967, 0.21660150587558746, 0.04474728927016258)","(0.402974009513855, 0.1634305715560913, 0.021202953532338142)","(0.37648797035217285, 0.1722884476184845, 0.036713339388370514)","(0.36384040117263794, 0.20175553858280182, 0.03559151664376259)","(0.36614394187927246, 0.23058274388313293, 0.030818819999694824)","(0.42958343029022217, 0.19927921891212463, 0.026488257572054863)","(0.4079292118549347, 0.1953442096710205, 0.03666863217949867)","(0.39733368158340454, 0.21838276088237762, 0.04076413810253143)","(0.39910271763801575, 0.24405883252620697, 0.04234025999903679)",Reach
2670,"(0.39145684242248535, 0.37212908267974854, -4.231988270930742e-07)","(0.32502809166908264, 0.3481902480125427, 0.0010419347090646625)","(0.2974761724472046, 0.27755671739578247, 0.010679255239665508)","(0.2914426028728485, 0.2209361493587494, 0.022762343287467957)","(0.287070631980896, 0.19878603518009186, 0.03526883199810982)","(0.3356391489505768, 0.13324928283691406, 0.010444462299346924)","(0.3097682297229767, 0.14478668570518494, 0.02937716245651245)","(0.29944467544555664, 0.17670688033103943, 0.03771563246846199)","(0.29953816533088684, 0.19842159748077393, 0.04074525088071823)","(0.3768005073070526, 0.13819167017936707, 0.014528326690196991)","(0.34573298692703247, 0.1537286341190338, 0.038939882069826126)","(0.33269011974334717, 0.19034653902053833, 0.04458516836166382)","(0.3342569172382355, 0.2177044302225113, 0.04337005689740181)","(0.410142719745636, 0.17013992369174957, 0.020279528573155403)","(0.3810298442840576, 0.17815619707107544, 0.03538116440176964)","(0.3681373596191406, 0.2072732150554657, 0.033954501152038574)","(0.37116214632987976, 0.23475918173789978, 0.02910124510526657)","(0.43561995029449463, 0.2063980996608734, 0.026732226833701134)","(0.4104563295841217, 0.2038237601518631, 0.03624714910984039)","(0.4000799059867859, 0.2270178198814392, 0.03986756131052971)","(0.4031120240688324, 0.2528625428676605, 0.041263315826654434)",Reach
2671,"(0.3987402319908142, 0.37999436259269714, -4.0515399746254843e-07)","(0.3325235843658447, 0.3533744215965271, -0.0022734564263373613)","(0.3041546046733856, 0.2833549976348877, 0.00459455419331789)","(0.2958589792251587, 0.2279844880104065, 0.014359747990965843)","(0.2912435233592987, 0.2063358724117279, 0.02472555637359619)","(0.3456203043460846, 0.14075732231140137, 0.004640751983970404)","(0.317344605922699, 0.14562606811523438, 0.021740121766924858)","(0.30555734038352966, 0.17695635557174683, 0.029906194657087326)","(0.30435270071029663, 0.20134520530700684, 0.033240512013435364)","(0.38742685317993164, 0.14677846431732178, 0.010004203766584396)","(0.3555174469947815, 0.15863117575645447, 0.032489996403455734)","(0.34205320477485657, 0.19497807323932648, 0.03826923295855522)","(0.3427518904209137, 0.2230617254972458, 0.03754366934299469)","(0.4209315776824951, 0.1798948496580124, 0.016962744295597076)","(0.39163848757743835, 0.18571487069129944, 0.030779406428337097)","(0.37787172198295593, 0.21497505903244019, 0.02966667152941227)","(0.37982386350631714, 0.24276500940322876, 0.02536538615822792)","(0.4460947811603546, 0.21708108484745026, 0.024485960602760315)","(0.4195466637611389, 0.21599076688289642, 0.033421993255615234)","(0.40798014402389526, 0.2392701357603073, 0.037236422300338745)","(0.4097132086753845, 0.26434722542762756, 0.03894578292965889)",Reach
2672,"(0.4092935621738434, 0.39710137248039246, -4.292912763048662e-07)","(0.3441978096961975, 0.36817696690559387, -0.0018234149320051074)","(0.31500789523124695, 0.2954866290092468, 0.005784016102552414)","(0.3047580420970917, 0.2392970770597458, 0.015914494171738625)","(0.29572099447250366, 0.21639031171798706, 0.026756102219223976)","(0.35528162121772766, 0.15090760588645935, 0.007459376472979784)","(0.3258154094219208, 0.15257543325424194, 0.024912111461162567)","(0.3115476965904236, 0.1817980706691742, 0.03343460336327553)","(0.30732986330986023, 0.207355335354805, 0.03740192949771881)","(0.39685213565826416, 0.1581133008003235, 0.012148398905992508)","(0.3645273745059967, 0.1648177206516266, 0.03528484329581261)","(0.3478752374649048, 0.19955788552761078, 0.04110802710056305)","(0.34447357058525085, 0.2305525243282318, 0.04074618220329285)","(0.42986127734184265, 0.19173564016819, 0.018225649371743202)","(0.4001392424106598, 0.19339123368263245, 0.03265875205397606)","(0.38461050391197205, 0.2212996780872345, 0.03154483065009117)","(0.38380226492881775, 0.25053268671035767, 0.02742578834295273)","(0.45423421263694763, 0.2301570475101471, 0.02475237473845482)","(0.4279457628726959, 0.22536088526248932, 0.03428933769464493)","(0.4149300754070282, 0.24619701504707336, 0.038379304111003876)","(0.41365477442741394, 0.2726675570011139, 0.040319621562957764)",Reach
2673,"(0.4204290807247162, 0.41324689984321594, -4.202152013021987e-07)","(0.3554804027080536, 0.384990394115448, -0.00034039371530525386)","(0.32605838775634766, 0.30939826369285583, 0.008105712942779064)","(0.31363919377326965, 0.2503831684589386, 0.018623817712068558)","(0.3002336621284485, 0.22308680415153503, 0.029919443652033806)","(0.3675350844860077, 0.168654203414917, 0.011305402033030987)","(0.3362334370613098, 0.15910328924655914, 0.030074279755353928)","(0.32113319635391235, 0.18860042095184326, 0.04000207036733627)","(0.31777283549308777, 0.21529674530029297, 0.04507911205291748)","(0.4081602692604065, 0.17395275831222534, 0.016438381746411324)","(0.37399572134017944, 0.16774417459964752, 0.0403716154396534)","(0.3553636372089386, 0.20217832922935486, 0.047675956040620804)","(0.3512662947177887, 0.23356768488883972, 0.048652954399585724)","(0.44044750928878784, 0.2058207094669342, 0.022905265912413597)","(0.4098425507545471, 0.1998438686132431, 0.038567665964365005)","(0.39290037751197815, 0.22726121544837952, 0.03868183493614197)","(0.3918890655040741, 0.256682813167572, 0.03532986715435982)","(0.4641026258468628, 0.24268083274364471, 0.029978828504681587)","(0.4375181794166565, 0.23263242840766907, 0.04111465811729431)","(0.42391616106033325, 0.2525225281715393, 0.046063609421253204)","(0.4230228364467621, 0.2791980504989624, 0.048415496945381165)",Reach
2674,"(0.43074965476989746, 0.43178462982177734, -4.2090007923434314e-07)","(0.3665950894355774, 0.40140077471733093, 0.001861537341028452)","(0.3350598216056824, 0.3225136399269104, 0.01429586298763752)","(0.3218062222003937, 0.26251477003097534, 0.029209278523921967)","(0.31077373027801514, 0.23516406118869781, 0.045400701463222504)","(0.37704968452453613, 0.1852203607559204, 0.017551667988300323)","(0.34448713064193726, 0.17558439075946808, 0.04471791908144951)","(0.32753390073776245, 0.20594054460525513, 0.061533842235803604)","(0.32068806886672974, 0.2358715981245041, 0.07098802179098129)","(0.41763564944267273, 0.19038203358650208, 0.02469596639275551)","(0.38346952199935913, 0.1831497997045517, 0.05552886426448822)","(0.36266660690307617, 0.2169746309518814, 0.0661718100309372)","(0.3548838198184967, 0.2523920238018036, 0.06937195360660553)","(0.45009279251098633, 0.22210286557674408, 0.0337257906794548)","(0.41954001784324646, 0.21305477619171143, 0.05579211190342903)","(0.39995062351226807, 0.23897269368171692, 0.057356059551239014)","(0.395239919424057, 0.27051854133605957, 0.05447970703244209)","(0.4745853543281555, 0.2596323490142822, 0.04363042116165161)","(0.4487636089324951, 0.24322453141212463, 0.059372663497924805)","(0.43170759081840515, 0.25988686084747314, 0.06544933468103409)","(0.42653849720954895, 0.28827807307243347, 0.06833608448505402)",Reach
2675,"(0.4417893886566162, 0.45168259739875793, -4.038068368572567e-07)","(0.3766389489173889, 0.4188750386238098, 0.0017328689573332667)","(0.34441208839416504, 0.33683547377586365, 0.01408451795578003)","(0.33176562190055847, 0.2730638086795807, 0.028687357902526855)","(0.32126832008361816, 0.2452155202627182, 0.04426850378513336)","(0.3896873891353607, 0.20380166172981262, 0.019119320437312126)","(0.3573528826236725, 0.18589234352111816, 0.04651510342955589)","(0.3391683101654053, 0.21026259660720825, 0.06324600428342819)","(0.3301662802696228, 0.23717176914215088, 0.07270282506942749)","(0.43018200993537903, 0.207279771566391, 0.02637224644422531)","(0.39483049511909485, 0.19830971956253052, 0.05818597599864006)","(0.3733472526073456, 0.22922274470329285, 0.06918878108263016)","(0.36411052942276, 0.26362887024879456, 0.07270152121782303)","(0.46185755729675293, 0.23835018277168274, 0.03521915525197983)","(0.42943936586380005, 0.23028281331062317, 0.058187056332826614)","(0.41009053587913513, 0.2550138235092163, 0.05957905575633049)","(0.4043101668357849, 0.2860303521156311, 0.05648345500230789)","(0.48590078949928284, 0.27545151114463806, 0.044813018292188644)","(0.45790666341781616, 0.26071807742118835, 0.060576263815164566)","(0.4401932954788208, 0.27736446261405945, 0.0658978521823883)","(0.4333193898200989, 0.3062587082386017, 0.06827427446842194)",Reach
2676,"(0.45104068517684937, 0.4738602042198181, -4.4195985537953675e-07)","(0.3865715563297272, 0.43904784321784973, -0.0012487221974879503)","(0.35610371828079224, 0.35608914494514465, 0.007067002356052399)","(0.3441527485847473, 0.2949243485927582, 0.017604997381567955)","(0.3282862901687622, 0.266837477684021, 0.029208367690443993)","(0.4049649238586426, 0.22651994228363037, 0.00850323960185051)","(0.37178489565849304, 0.20103883743286133, 0.0292288176715374)","(0.3504430055618286, 0.22238022089004517, 0.04290945827960968)","(0.3371061086654663, 0.24825872480869293, 0.05118555203080177)","(0.44562089443206787, 0.22995448112487793, 0.015144026838243008)","(0.4071313440799713, 0.2124311327934265, 0.04112023487687111)","(0.3813140094280243, 0.2393672615289688, 0.05130009725689888)","(0.3670635223388672, 0.2725713551044464, 0.05452948063611984)","(0.47673773765563965, 0.2596953511238098, 0.023280294612050056)","(0.4418363571166992, 0.2435697317123413, 0.04198019579052925)","(0.419899046421051, 0.26563727855682373, 0.0450078547000885)","(0.40985527634620667, 0.2963579297065735, 0.04344785585999489)","(0.4980163872241974, 0.2963050305843353, 0.03183148056268692)","(0.46987104415893555, 0.2753381133079529, 0.0446213036775589)","(0.45064932107925415, 0.2870211601257324, 0.050754766911268234)","(0.4398651123046875, 0.3131277561187744, 0.054147329181432724)",Reach
2677,"(0.46526041626930237, 0.4957531690597534, -4.195548513052927e-07)","(0.39761263132095337, 0.4626947045326233, -0.003221159568056464)","(0.36678794026374817, 0.3766474723815918, 0.0037539880722761154)","(0.3552771508693695, 0.3071642816066742, 0.013270249590277672)","(0.3375800848007202, 0.2761751413345337, 0.02389690652489662)","(0.4159272611141205, 0.24583101272583008, 0.007811195217072964)","(0.3815087676048279, 0.21642974019050598, 0.029128115624189377)","(0.361402690410614, 0.2409152239561081, 0.04314524307847023)","(0.3527146577835083, 0.27004730701446533, 0.05130787938833237)","(0.45688605308532715, 0.24970778822898865, 0.015775790438055992)","(0.41768690943717957, 0.23037436604499817, 0.04207019507884979)","(0.3950325548648834, 0.261355996131897, 0.052781809121370316)","(0.3866910934448242, 0.29324957728385925, 0.05608421564102173)","(0.4877949655056, 0.2810207009315491, 0.025099776685237885)","(0.4522387385368347, 0.2629140615463257, 0.04332413524389267)","(0.4320451617240906, 0.28832536935806274, 0.04595924913883209)","(0.4262321889400482, 0.3198341131210327, 0.04396640881896019)","(0.5097992420196533, 0.3175874352455139, 0.03482148423790932)","(0.48056936264038086, 0.29406362771987915, 0.04805261269211769)","(0.46252405643463135, 0.30921611189842224, 0.0542222298681736)","(0.4554482400417328, 0.3366994857788086, 0.05725310370326042)",Reach
2678,"(0.477599561214447, 0.5214598774909973, -4.515442242336576e-07)","(0.4102066457271576, 0.4824475347995758, -0.005983141250908375)","(0.380197137594223, 0.39511245489120483, -0.00031564885284751654)","(0.36813032627105713, 0.3278612494468689, 0.00867606233805418)","(0.3499561548233032, 0.29574355483055115, 0.019023805856704712)","(0.4329437017440796, 0.265491247177124, 0.0018868654733523726)","(0.39689332246780396, 0.23404094576835632, 0.022484682500362396)","(0.37389957904815674, 0.25893688201904297, 0.03632836788892746)","(0.3627779483795166, 0.2879331409931183, 0.04434490203857422)","(0.4734799861907959, 0.2709771394729614, 0.011194361373782158)","(0.4311971366405487, 0.25144869089126587, 0.03649891912937164)","(0.40466371178627014, 0.28301680088043213, 0.046415187418460846)","(0.3938762843608856, 0.3170696198940277, 0.048855215311050415)","(0.5031582713127136, 0.3035722076892853, 0.022080600261688232)","(0.4650668203830719, 0.28250381350517273, 0.03992322459816933)","(0.44143933057785034, 0.30749502778053284, 0.04252711310982704)","(0.43263861536979675, 0.34106510877609253, 0.04025115817785263)","(0.5233870148658752, 0.34122326970100403, 0.033188506960868835)","(0.4938502907752991, 0.31450510025024414, 0.04523368552327156)","(0.47320324182510376, 0.32725685834884644, 0.05071064084768295)","(0.463248074054718, 0.35446256399154663, 0.05337701365351677)",Reach
2679,"(0.49079176783561707, 0.5432431697845459, -4.936711093250779e-07)","(0.42383456230163574, 0.5035165548324585, -0.002840772969648242)","(0.3926680386066437, 0.41511619091033936, 0.005058552138507366)","(0.3804975748062134, 0.3472408652305603, 0.015550443902611732)","(0.3654042184352875, 0.3155982196331024, 0.02730187587440014)","(0.44622254371643066, 0.28767532110214233, 0.005761133041232824)","(0.41164591908454895, 0.250995397567749, 0.025822525843977928)","(0.38765397667884827, 0.2728826701641083, 0.039108119904994965)","(0.3752725422382355, 0.30164462327957153, 0.04700024425983429)","(0.4859592616558075, 0.2929747700691223, 0.013617116026580334)","(0.4445204734802246, 0.2729802429676056, 0.038685813546180725)","(0.4175170660018921, 0.3034810423851013, 0.04807029664516449)","(0.4058472216129303, 0.3362838327884674, 0.05032680928707123)","(0.5155417919158936, 0.3248164653778076, 0.023012757301330566)","(0.4785676598548889, 0.3044513463973999, 0.04086638242006302)","(0.4552067220211029, 0.32975494861602783, 0.04262678325176239)","(0.44606801867485046, 0.3631533980369568, 0.039782073348760605)","(0.5359014272689819, 0.36220189929008484, 0.032835204154253006)","(0.5074113011360168, 0.3377934992313385, 0.04509790614247322)","(0.4867880046367645, 0.34986183047294617, 0.04985227808356285)","(0.47613027691841125, 0.37594643235206604, 0.05189726501703262)",Reach
2680,"(0.5068788528442383, 0.5707515478134155, -5.230213560025732e-07)","(0.43965861201286316, 0.530509352684021, -0.004287645686417818)","(0.40829500555992126, 0.43727850914001465, 0.0022548511624336243)","(0.395100474357605, 0.36717554926872253, 0.011344953440129757)","(0.37674039602279663, 0.3345041573047638, 0.021666280925273895)","(0.46566954255104065, 0.3113151490688324, 0.0032277489081025124)","(0.42823559045791626, 0.2709587812423706, 0.019451014697551727)","(0.40251874923706055, 0.29322510957717896, 0.029205676168203354)","(0.3902167081832886, 0.3220302164554596, 0.03487733006477356)","(0.5047418475151062, 0.31772086024284363, 0.010569826699793339)","(0.4615357518196106, 0.2946907579898834, 0.03196853771805763)","(0.4344184994697571, 0.3260240852832794, 0.039165712893009186)","(0.42391034960746765, 0.35853415727615356, 0.04017075151205063)","(0.5328812599182129, 0.3500203788280487, 0.019208835437893867)","(0.4942890405654907, 0.3241429328918457, 0.03360240161418915)","(0.4697149991989136, 0.34882545471191406, 0.035045452415943146)","(0.4604708254337311, 0.3815003037452698, 0.03258202597498894)","(0.5517242550849915, 0.387302041053772, 0.028183359652757645)","(0.5206395387649536, 0.3583192825317383, 0.038205742835998535)","(0.4993568956851959, 0.37000519037246704, 0.04309718683362007)","(0.4893151819705963, 0.39547038078308105, 0.04562322795391083)",Reach
2681,"(0.525693416595459, 0.5972092747688293, -5.033622301198193e-07)","(0.4554480016231537, 0.5554056763648987, -0.001784979598596692)","(0.424095094203949, 0.45986559987068176, 0.00640144431963563)","(0.41123509407043457, 0.38682007789611816, 0.016851278021931648)","(0.39095503091812134, 0.3488445580005646, 0.02849845215678215)","(0.4817327857017517, 0.336071640253067, 0.009914753958582878)","(0.444965660572052, 0.2891574203968048, 0.03153582289814949)","(0.4194049537181854, 0.3101294934749603, 0.04450289160013199)","(0.40653204917907715, 0.33761483430862427, 0.05205032601952553)","(0.5206248760223389, 0.34125053882598877, 0.018058570101857185)","(0.47696223855018616, 0.31798505783081055, 0.04536879062652588)","(0.4500267803668976, 0.34891483187675476, 0.05435183644294739)","(0.4399157166481018, 0.38138726353645325, 0.05592638626694679)","(0.5480839014053345, 0.3730132281780243, 0.027823345735669136)","(0.5085458755493164, 0.34873315691947937, 0.04825644940137863)","(0.4848822355270386, 0.37322738766670227, 0.050350695848464966)","(0.475984126329422, 0.4056470990180969, 0.04715680703520775)","(0.5665138363838196, 0.40900319814682007, 0.038068875670433044)","(0.5348033905029297, 0.38232600688934326, 0.05298953503370285)","(0.5135750770568848, 0.39471015334129333, 0.058804187923669815)","(0.5034328699111938, 0.42123037576675415, 0.06125937029719353)",Reach
2682,"(0.5392206311225891, 0.6196556091308594, -4.5750297772428894e-07)","(0.4713979661464691, 0.5734802484512329, -0.004254770465195179)","(0.44003385305404663, 0.4759543836116791, 0.004157931078225374)","(0.4259609282016754, 0.4042997360229492, 0.015228048898279667)","(0.4058625102043152, 0.36237555742263794, 0.027683813124895096)","(0.4984474778175354, 0.3558015525341034, 0.013288989663124084)","(0.4613226652145386, 0.3086090385913849, 0.03803664818406105)","(0.4356176257133484, 0.3275589942932129, 0.052598223090171814)","(0.4215599000453949, 0.3532232940196991, 0.06124493107199669)","(0.5370560884475708, 0.36213502287864685, 0.023968279361724854)","(0.493635892868042, 0.34101998805999756, 0.05439015105366707)","(0.4671182334423065, 0.37202075123786926, 0.06443405896425247)","(0.45605000853538513, 0.4054363965988159, 0.06686822324991226)","(0.5632202625274658, 0.3941730856895447, 0.03590289130806923)","(0.5240548849105835, 0.37130627036094666, 0.06003293767571449)","(0.5006119012832642, 0.3948361575603485, 0.0630553662776947)","(0.4901399612426758, 0.4267376661300659, 0.06013268604874611)","(0.5799602270126343, 0.42987921833992004, 0.04794762656092644)","(0.5493552684783936, 0.4051700532436371, 0.06603670865297318)","(0.528215229511261, 0.4171762764453888, 0.07276657968759537)","(0.5168402194976807, 0.4436036944389343, 0.07560910284519196)",Reach
2683,"(0.5525194406509399, 0.644838809967041, -4.5592000219585316e-07)","(0.4844198226928711, 0.5954842567443848, -0.003771362593397498)","(0.45382922887802124, 0.498310387134552, 0.0035441142972558737)","(0.4400081932544708, 0.42504656314849854, 0.013592385686933994)","(0.4196026921272278, 0.3798934519290924, 0.02513403818011284)","(0.514238715171814, 0.37670251727104187, 0.011409232392907143)","(0.47581735253334045, 0.329318642616272, 0.03661477938294411)","(0.449200838804245, 0.3476335406303406, 0.051769111305475235)","(0.43461108207702637, 0.37315186858177185, 0.0606934130191803)","(0.5524560213088989, 0.3851243853569031, 0.021858401596546173)","(0.5082663893699646, 0.36741942167282104, 0.0531640350818634)","(0.4827132225036621, 0.398923397064209, 0.06368959695100784)","(0.47329652309417725, 0.43135014176368713, 0.06596508622169495)","(0.5776450037956238, 0.4201217293739319, 0.03397611156105995)","(0.5395534634590149, 0.3978257477283478, 0.059386175125837326)","(0.5172285437583923, 0.4210553765296936, 0.06312631815671921)","(0.5076495409011841, 0.45312875509262085, 0.060060128569602966)","(0.5936956405639648, 0.45868948101997375, 0.04623312130570412)","(0.5649494528770447, 0.4351569414138794, 0.06584815680980682)","(0.5456708073616028, 0.4478186070919037, 0.07366599887609482)","(0.5358380079269409, 0.4741552174091339, 0.07696343958377838)",Reach
2684,"(0.5639965534210205, 0.6733195185661316, -4.368248482933268e-07)","(0.49654337763786316, 0.6169366836547852, -0.00010755281982710585)","(0.46657851338386536, 0.5151569843292236, 0.013193584978580475)","(0.45335662364959717, 0.44265997409820557, 0.030273113399744034)","(0.43385374546051025, 0.39742690324783325, 0.04907768592238426)","(0.527917742729187, 0.39952921867370605, 0.018596226349473)","(0.4897892475128174, 0.35100167989730835, 0.05644184723496437)","(0.4632095694541931, 0.3681453466415405, 0.08175206184387207)","(0.4469180703163147, 0.3916809856891632, 0.09687479585409164)","(0.5656019449234009, 0.40932121872901917, 0.032844990491867065)","(0.5215601921081543, 0.3902711570262909, 0.07678261399269104)","(0.4946082830429077, 0.4218992590904236, 0.09488152712583542)","(0.48250168561935425, 0.4547392725944519, 0.10139597207307816)","(0.5905373096466064, 0.4462571144104004, 0.04957006126642227)","(0.5514711737632751, 0.42562827467918396, 0.08670423924922943)","(0.5275915861129761, 0.44965746998786926, 0.09346969425678253)","(0.5167169570922852, 0.4806291460990906, 0.09052541851997375)","(0.6062905192375183, 0.4848623275756836, 0.06682144850492477)","(0.575745165348053, 0.46413296461105347, 0.09467211365699768)","(0.5544768571853638, 0.478910356760025, 0.1038903072476387)","(0.5440714955329895, 0.5065739750862122, 0.10693434625864029)",Reach
2685,"(0.5739231109619141, 0.7010880708694458, -4.3967978058390145e-07)","(0.5077040195465088, 0.6382681727409363, 0.003618203802034259)","(0.47829174995422363, 0.5367062091827393, 0.018757425248622894)","(0.4639045000076294, 0.46475639939308167, 0.03733346238732338)","(0.4440827965736389, 0.41659441590309143, 0.05812942981719971)","(0.5395177602767944, 0.421008825302124, 0.024531209841370583)","(0.5012409687042236, 0.37093427777290344, 0.06602112203836441)","(0.4746471047401428, 0.3877863883972168, 0.0939282700419426)","(0.4580360949039459, 0.41043129563331604, 0.11067438125610352)","(0.5771528482437134, 0.4329026937484741, 0.03888792172074318)","(0.5321623682975769, 0.4079964756965637, 0.08638443052768707)","(0.5044682025909424, 0.4399479627609253, 0.10702268034219742)","(0.4912750720977783, 0.47117987275123596, 0.11520791053771973)","(0.6030458211898804, 0.4707210659980774, 0.05604443699121475)","(0.5642104744911194, 0.44475221633911133, 0.09670186787843704)","(0.5395657420158386, 0.4700242280960083, 0.10636574774980545)","(0.528750479221344, 0.5002834796905518, 0.10514809936285019)","(0.6209619641304016, 0.509768009185791, 0.07404185086488724)","(0.5920650959014893, 0.4830443561077118, 0.10560816526412964)","(0.5696885585784912, 0.5000504851341248, 0.11753873527050018)","(0.5595018267631531, 0.5291206240653992, 0.12232492864131927)",Reach
2686,"(0.5823013782501221, 0.7218479514122009, -4.775762931785721e-07)","(0.5180282592773438, 0.6626589298248291, 0.002899155719205737)","(0.4899972975254059, 0.5570144653320312, 0.016588840633630753)","(0.47603970766067505, 0.48174989223480225, 0.032886993139982224)","(0.45698148012161255, 0.43391597270965576, 0.0511360801756382)","(0.54912930727005, 0.4470222592353821, 0.01981155015528202)","(0.5130339860916138, 0.3883056938648224, 0.05228631570935249)","(0.48556095361709595, 0.40308499336242676, 0.07406453043222427)","(0.4685952365398407, 0.42513447999954224, 0.08755727857351303)","(0.5857497453689575, 0.4546848237514496, 0.031059959903359413)","(0.5428235530853271, 0.42205244302749634, 0.06933428347110748)","(0.5148751139640808, 0.4490203261375427, 0.08534050732851028)","(0.5021122694015503, 0.48005199432373047, 0.09158341586589813)","(0.6119042038917542, 0.48833605647087097, 0.044567812234163284)","(0.5748699903488159, 0.4541010558605194, 0.07664672285318375)","(0.5504523515701294, 0.4763536751270294, 0.08386875689029694)","(0.5397345423698425, 0.5065476894378662, 0.0829155221581459)","(0.6306416392326355, 0.5255500078201294, 0.05880814790725708)","(0.6056232452392578, 0.4891871213912964, 0.08384743332862854)","(0.5834733843803406, 0.5011931657791138, 0.09387940913438797)","(0.5723795890808105, 0.5303933024406433, 0.09861738979816437)",Reach
2687,"(0.593320369720459, 0.748009204864502, -4.178732524451334e-07)","(0.5265779495239258, 0.6697579026222229, 0.008694378659129143)","(0.5018718838691711, 0.5671271681785583, 0.028182370588183403)","(0.48964279890060425, 0.49639540910720825, 0.05277754366397858)","(0.4679949879646301, 0.45018091797828674, 0.0808144062757492)","(0.5632807612419128, 0.4593766927719116, 0.024762259796261787)","(0.5253394246101379, 0.4105985760688782, 0.07413390278816223)","(0.4983822703361511, 0.4209826588630676, 0.1110248938202858)","(0.48096856474876404, 0.4388008117675781, 0.13493995368480682)","(0.5985736846923828, 0.4785628616809845, 0.04365706816315651)","(0.5555881261825562, 0.4403660297393799, 0.10112207382917404)","(0.5265225768089294, 0.4720972180366516, 0.13277007639408112)","(0.5109727382659912, 0.4989965558052063, 0.14928139746189117)","(0.6213641166687012, 0.5153841972351074, 0.06672117114067078)","(0.5864419937133789, 0.4731886386871338, 0.11663791537284851)","(0.5590569376945496, 0.49851518869400024, 0.13382716476917267)","(0.5456559062004089, 0.5305783152580261, 0.13791726529598236)","(0.6380980014801025, 0.5486788749694824, 0.0913151204586029)","(0.6110947728157043, 0.5133695006370544, 0.1298447847366333)","(0.5859863758087158, 0.5260298848152161, 0.14550817012786865)","(0.5727818608283997, 0.5512286424636841, 0.15354178845882416)",Reach
2688,"(0.5992523431777954, 0.7645322680473328, -4.168953751104709e-07)","(0.5349901914596558, 0.693537712097168, -0.0005667558871209621)","(0.5107988119125366, 0.5869754552841187, 0.01040149200707674)","(0.4968421459197998, 0.5124884247779846, 0.025319423526525497)","(0.47637152671813965, 0.46375977993011475, 0.042484041303396225)","(0.5748013854026794, 0.48470988869667053, 0.013439570553600788)","(0.5354558229446411, 0.42314398288726807, 0.049035124480724335)","(0.5070445537567139, 0.4338257312774658, 0.07672140747308731)","(0.48811542987823486, 0.45241713523864746, 0.09489555656909943)","(0.6120596528053284, 0.49585995078086853, 0.02890126407146454)","(0.5657230019569397, 0.45458123087882996, 0.07040024548768997)","(0.5362486839294434, 0.48066580295562744, 0.09306482970714569)","(0.5195804238319397, 0.5114182829856873, 0.1047883927822113)","(0.6359687447547913, 0.531828761100769, 0.046961624175310135)","(0.5965338945388794, 0.4914815425872803, 0.08234237879514694)","(0.5710189342498779, 0.5079627633094788, 0.09530144184827805)","(0.5554150342941284, 0.53749018907547, 0.09857946634292603)","(0.6517656445503235, 0.5690051317214966, 0.06557328999042511)","(0.620258092880249, 0.5356946587562561, 0.09153173863887787)","(0.5970171689987183, 0.5412692427635193, 0.10289362072944641)","(0.5814346075057983, 0.5630415081977844, 0.10931885987520218)",Reach
2689,"(0.6059518456459045, 0.7800154089927673, -4.435485152498586e-07)","(0.5414155125617981, 0.7125899195671082, -0.002711751963943243)","(0.5178744196891785, 0.6055310964584351, 0.00672869011759758)","(0.5059955716133118, 0.5275130271911621, 0.020682400092482567)","(0.4850767254829407, 0.4806901216506958, 0.03663184866309166)","(0.5826100707054138, 0.5003650188446045, 0.006537561304867268)","(0.5446481704711914, 0.43924787640571594, 0.03749038651585579)","(0.5167553424835205, 0.44885340332984924, 0.06134548783302307)","(0.499077707529068, 0.4655761122703552, 0.07662104815244675)","(0.6206852197647095, 0.5111806988716125, 0.021286796778440475)","(0.578921914100647, 0.46528398990631104, 0.057409510016441345)","(0.549913227558136, 0.4891206622123718, 0.07746375352144241)","(0.5327353477478027, 0.5181423425674438, 0.08745855838060379)","(0.6448233723640442, 0.5464263558387756, 0.038521092385053635)","(0.608763575553894, 0.5027390122413635, 0.06846151500940323)","(0.5838959813117981, 0.5154784321784973, 0.07904286682605743)","(0.5677838325500488, 0.5411257147789001, 0.08115685731172562)","(0.6593867540359497, 0.5828431248664856, 0.056289192289114)","(0.6278330683708191, 0.5474193692207336, 0.07717642933130264)","(0.6055514812469482, 0.5516542792320251, 0.0861373022198677)","(0.5900453329086304, 0.5721970796585083, 0.09107019007205963)",Reach
2690,"(0.6131845712661743, 0.7966129779815674, -3.9678391772213217e-07)","(0.5491979718208313, 0.7246471643447876, -0.0059892768040299416)","(0.5266097784042358, 0.6124914884567261, 0.0037567743565887213)","(0.5158005952835083, 0.5338364839553833, 0.018325896933674812)","(0.4931226372718811, 0.4862648546695709, 0.03510695695877075)","(0.5952184796333313, 0.5151125192642212, 0.012545465491712093)","(0.5564706325531006, 0.45613884925842285, 0.04426727071404457)","(0.5272674560546875, 0.46113449335098267, 0.06786471605300903)","(0.5071783065795898, 0.47464075684547424, 0.08349499106407166)","(0.6328611373901367, 0.5304916501045227, 0.029308658093214035)","(0.5926533937454224, 0.47398126125335693, 0.06520923972129822)","(0.5602991580963135, 0.497322678565979, 0.0858517661690712)","(0.5394317507743835, 0.529024064540863, 0.09803106635808945)","(0.6556066870689392, 0.5677839517593384, 0.04746865853667259)","(0.6197115182876587, 0.5200366973876953, 0.07680825144052505)","(0.5918253064155579, 0.5320583581924438, 0.08874182403087616)","(0.5735974311828613, 0.5570537447929382, 0.09347262233495712)","(0.6696457266807556, 0.6049068570137024, 0.06566906720399857)","(0.6380884051322937, 0.5649728178977966, 0.08692647516727448)","(0.6139493584632874, 0.5677270293235779, 0.09720110893249512)","(0.59702068567276, 0.586487352848053, 0.10389816015958786)",Reach
2691,"(0.6205721497535706, 0.8154407739639282, -3.518509572586481e-07)","(0.5582269430160522, 0.7355979681015015, -0.006638491991907358)","(0.5380384922027588, 0.623444676399231, 0.001471246243454516)","(0.5269396305084229, 0.543989360332489, 0.015363030135631561)","(0.5044369697570801, 0.49427372217178345, 0.03114590048789978)","(0.6039164662361145, 0.5324484705924988, 0.005077904090285301)","(0.5648677945137024, 0.46973904967308044, 0.04076194018125534)","(0.5368543863296509, 0.4708777070045471, 0.06797538697719574)","(0.5184985399246216, 0.4795019030570984, 0.08491314947605133)","(0.6411626935005188, 0.547748863697052, 0.022953610867261887)","(0.5957053899765015, 0.4992157518863678, 0.0636671707034111)","(0.5652962327003479, 0.5168495774269104, 0.08537939935922623)","(0.5474779605865479, 0.5402283668518066, 0.09561517089605331)","(0.6628658771514893, 0.5848985314369202, 0.043285008519887924)","(0.622629702091217, 0.5403620600700378, 0.07779250293970108)","(0.5966737270355225, 0.552020251750946, 0.08868076652288437)","(0.5804232358932495, 0.5753049850463867, 0.08977428823709488)","(0.676150381565094, 0.6211275458335876, 0.0638061985373497)","(0.6435805559158325, 0.5835864543914795, 0.08934444934129715)","(0.6215334534645081, 0.586546003818512, 0.09937425702810287)","(0.6065098643302917, 0.604875922203064, 0.10382155328989029)",Reach
2692,"(0.6271435022354126, 0.8292571306228638, -3.955474880967813e-07)","(0.5664345026016235, 0.7498944401741028, -0.0080244867131114)","(0.5467856526374817, 0.6394798755645752, -0.002925809472799301)","(0.5365265607833862, 0.5572949051856995, 0.006663559004664421)","(0.5167583227157593, 0.5068813562393188, 0.017789704725146294)","(0.6170068383216858, 0.5466283559799194, 0.001456112484447658)","(0.5778915882110596, 0.4819197952747345, 0.02466002106666565)","(0.5477499961853027, 0.48435482382774353, 0.04117799550294876)","(0.5274350047111511, 0.4932973384857178, 0.05173750966787338)","(0.6538618803024292, 0.5620598793029785, 0.015442178584635258)","(0.6108134388923645, 0.5029202699661255, 0.043033089488744736)","(0.5766847729682922, 0.518339991569519, 0.05613475292921066)","(0.5549336671829224, 0.5451806783676147, 0.06195393204689026)","(0.6755701303482056, 0.6006946563720703, 0.03123580291867256)","(0.6365157961845398, 0.5516313314437866, 0.05452258139848709)","(0.6092774271965027, 0.562711775302887, 0.060270000249147415)","(0.5915868282318115, 0.5876321196556091, 0.06001358851790428)","(0.6869262456893921, 0.640395998954773, 0.04706353321671486)","(0.655858039855957, 0.6023379564285278, 0.06490261107683182)","(0.6337790489196777, 0.6049618721008301, 0.07208410650491714)","(0.6187336444854736, 0.6233031153678894, 0.07565901428461075)",Reach
2693,"(0.6344893574714661, 0.844657301902771, -4.196762972696888e-07)","(0.57561194896698, 0.7658051252365112, -0.00896431040018797)","(0.5568158626556396, 0.6538775563240051, -0.005554969888180494)","(0.5473811626434326, 0.5712171792984009, 0.0020743333734571934)","(0.5271751880645752, 0.5203713178634644, 0.010978059843182564)","(0.6290304660797119, 0.5637456774711609, -0.00192743306979537)","(0.5929170846939087, 0.49650776386260986, 0.016907190904021263)","(0.5630543828010559, 0.4959048628807068, 0.028936238959431648)","(0.5432333946228027, 0.5032308101654053, 0.03623547777533531)","(0.6645520329475403, 0.5813982486724854, 0.010123216547071934)","(0.6213390231132507, 0.5294715166091919, 0.03421700373291969)","(0.5883148312568665, 0.538866400718689, 0.04278326407074928)","(0.567939281463623, 0.5600073933601379, 0.04460637643933296)","(0.6849937438964844, 0.620732843875885, 0.023859381675720215)","(0.6452525854110718, 0.5789147615432739, 0.04369932785630226)","(0.6204805374145508, 0.588498592376709, 0.04620977118611336)","(0.6043969392776489, 0.6117880940437317, 0.04354489594697952)","(0.6956585049629211, 0.660822868347168, 0.037513405084609985)","(0.6642312407493591, 0.6260279417037964, 0.05270039290189743)","(0.6435098052024841, 0.6290106773376465, 0.05839824676513672)","(0.6288280487060547, 0.6472234725952148, 0.06082746386528015)",Reach
2694,"(0.6441722512245178, 0.8602535128593445, -4.543059901607194e-07)","(0.585745632648468, 0.7792247533798218, -0.008806226775050163)","(0.5665302872657776, 0.6651815176010132, -0.005157707259058952)","(0.5559373497962952, 0.5826383829116821, 0.002831623889505863)","(0.5367746353149414, 0.5306085348129272, 0.011680110357701778)","(0.6399750709533691, 0.5780048370361328, -0.0012263148091733456)","(0.599234402179718, 0.5155115127563477, 0.018869182094931602)","(0.5686436295509338, 0.5157623291015625, 0.030940920114517212)","(0.5491887927055359, 0.5220229029655457, 0.037668243050575256)","(0.6755043864250183, 0.5973684191703796, 0.011043664999306202)","(0.6280499696731567, 0.5584826469421387, 0.03539977967739105)","(0.5986388921737671, 0.5776141285896301, 0.04308142513036728)","(0.5832199454307556, 0.6021415591239929, 0.04368032515048981)","(0.6953257322311401, 0.6377162933349609, 0.025163128972053528)","(0.6522823572158813, 0.6013351678848267, 0.044430337846279144)","(0.6294358372688293, 0.6150151491165161, 0.04524848237633705)","(0.615996241569519, 0.6394673585891724, 0.04100853577256203)","(0.7056635022163391, 0.6771686673164368, 0.0394287146627903)","(0.6714643239974976, 0.6417356729507446, 0.053971048444509506)","(0.6519373059272766, 0.6491861939430237, 0.05893824249505997)","(0.6389554142951965, 0.6708303093910217, 0.06056620925664902)",Reach
2695,"(0.6532207131385803, 0.8773992657661438, -4.100210162505391e-07)","(0.5961418151855469, 0.7921157479286194, -0.01003925409168005)","(0.5790311694145203, 0.6787601709365845, -0.007032169494777918)","(0.5685337781906128, 0.5970518589019775, 0.0011123601580038667)","(0.551429033279419, 0.5439895391464233, 0.010437935590744019)","(0.6498737335205078, 0.5898471474647522, -0.005206320900470018)","(0.6097478270530701, 0.5274179577827454, 0.01686186157166958)","(0.5807293653488159, 0.5271928310394287, 0.031471703201532364)","(0.5631380081176758, 0.5346931219100952, 0.03965255245566368)","(0.6851886510848999, 0.6123238801956177, 0.008312570862472057)","(0.6380358338356018, 0.5710101127624512, 0.03445025533437729)","(0.6100781559944153, 0.5891042947769165, 0.043839238584041595)","(0.5952838659286499, 0.6122097373008728, 0.04512913152575493)","(0.7044677138328552, 0.6547835469245911, 0.023974722251296043)","(0.6611377000808716, 0.6159558296203613, 0.04489513114094734)","(0.6384015679359436, 0.6299554705619812, 0.046257223933935165)","(0.6246815919876099, 0.6540798544883728, 0.041669946163892746)","(0.7142192125320435, 0.6951325535774231, 0.0397798977792263)","(0.6793116927146912, 0.6582611799240112, 0.054690007120370865)","(0.659333348274231, 0.6657825112342834, 0.05907392501831055)","(0.6457053422927856, 0.6871263384819031, 0.05987502261996269)",Reach
2696,"(0.663113534450531, 0.892693281173706, -3.8124505863379454e-07)","(0.6076483726501465, 0.8046866655349731, -0.011785909533500671)","(0.5907852053642273, 0.6905151605606079, -0.008349760435521603)","(0.5804411172866821, 0.6128778457641602, -0.00015999020251911134)","(0.5651323795318604, 0.5583811402320862, 0.009589539840817451)","(0.6664315462112427, 0.6091878414154053, -0.0019324359018355608)","(0.6277738213539124, 0.544134795665741, 0.0172700397670269)","(0.5975705981254578, 0.5378645062446594, 0.028919951990246773)","(0.576562225818634, 0.5385844111442566, 0.03589881211519241)","(0.7010020017623901, 0.6330195069313049, 0.011360387317836285)","(0.6555079221725464, 0.5827019214630127, 0.03651256859302521)","(0.6236369013786316, 0.5793697237968445, 0.045236602425575256)","(0.6013461947441101, 0.5870750546455383, 0.046766120940446854)","(0.7188166379928589, 0.6747658252716064, 0.025737440213561058)","(0.6754711866378784, 0.6329649090766907, 0.04580363631248474)","(0.651925265789032, 0.6315920352935791, 0.04929279536008835)","(0.6346087455749512, 0.6430583000183105, 0.04736323654651642)","(0.7264767289161682, 0.7154349684715271, 0.039588384330272675)","(0.6919058561325073, 0.6769043803215027, 0.053759485483169556)","(0.671429455280304, 0.6734440922737122, 0.05994872376322746)","(0.6548075079917908, 0.6855013370513916, 0.06306969374418259)",Reach
2697,"(0.6751458048820496, 0.9091473817825317, -4.130042441374826e-07)","(0.6206059455871582, 0.817635715007782, -0.011785137467086315)","(0.6044180393218994, 0.701148271560669, -0.008106923662126064)","(0.5936746597290039, 0.6234803199768066, 0.0002997064439114183)","(0.5780142545700073, 0.5678622722625732, 0.010286171920597553)","(0.6825851798057556, 0.6243345141410828, -0.0025138140190392733)","(0.6421968936920166, 0.5551373958587646, 0.016953766345977783)","(0.610093891620636, 0.5492482781410217, 0.029206691309809685)","(0.5875201225280762, 0.5531061291694641, 0.0366038903594017)","(0.7158119082450867, 0.6500526070594788, 0.010710647329688072)","(0.6678745746612549, 0.5979022979736328, 0.03462851420044899)","(0.6352161765098572, 0.5994552373886108, 0.042200129479169846)","(0.6125940680503845, 0.613243579864502, 0.043193355202674866)","(0.7318795323371887, 0.6924051642417908, 0.025234874337911606)","(0.6861220598220825, 0.6499273180961609, 0.044223397970199585)","(0.6617218255996704, 0.6512351036071777, 0.04570005089044571)","(0.6437413096427917, 0.6668160557746887, 0.04253401979804039)","(0.7379065752029419, 0.7334970831871033, 0.03936261683702469)","(0.7016899585723877, 0.694351851940155, 0.052224110811948776)","(0.6806210875511169, 0.6934725046157837, 0.05681518837809563)","(0.6631083488464355, 0.7090045213699341, 0.05889424309134483)",Reach
2698,"(0.6857637166976929, 0.9231100082397461, -4.3143006678292295e-07)","(0.6325109601020813, 0.826758861541748, -0.012379748746752739)","(0.617867648601532, 0.7101154327392578, -0.008857378736138344)","(0.6073748469352722, 0.6319063305854797, -0.00027014114311896265)","(0.591780424118042, 0.5769606232643127, 0.0100990179926157)","(0.6973116993904114, 0.6362136006355286, -0.004115699324756861)","(0.6559766530990601, 0.5642987489700317, 0.01742127537727356)","(0.6227778792381287, 0.5660874843597412, 0.03214612230658531)","(0.602138876914978, 0.5813067555427551, 0.041136741638183594)","(0.7298339605331421, 0.6637951135635376, 0.010334322229027748)","(0.6799270510673523, 0.6144301295280457, 0.03632739558815956)","(0.6481940746307373, 0.6247926354408264, 0.04466396942734718)","(0.6289695501327515, 0.6455355286598206, 0.045534733682870865)","(0.7447498440742493, 0.7069954872131348, 0.02649191953241825)","(0.6963589191436768, 0.6664652824401855, 0.04811010882258415)","(0.6730222702026367, 0.6718488931655884, 0.04929530993103981)","(0.6567559838294983, 0.6918711066246033, 0.044663675129413605)","(0.7493065595626831, 0.7476963400840759, 0.04225906357169151)","(0.7123259902000427, 0.712045431137085, 0.05633013695478439)","(0.6924264430999756, 0.714776873588562, 0.0602533183991909)","(0.6762369871139526, 0.7330498099327087, 0.06129105016589165)",Reach
2699,"(0.6994746923446655, 0.9344172477722168, -4.3239899127911485e-07)","(0.6453556418418884, 0.8394725918769836, -0.013000908307731152)","(0.6315878033638, 0.7203046083450317, -0.00858762115240097)","(0.6225231289863586, 0.6421386003494263, 0.0008253405685536563)","(0.6060006618499756, 0.5888074636459351, 0.012061093933880329)","(0.7136617302894592, 0.6499958038330078, -0.0009092833497561514)","(0.6745004057884216, 0.5750448703765869, 0.02010706253349781)","(0.6396968960762024, 0.578813910484314, 0.03326931968331337)","(0.6180532574653625, 0.5948669910430908, 0.041222743690013885)","(0.7447550892829895, 0.6789515018463135, 0.014117027632892132)","(0.6951043605804443, 0.6255874633789062, 0.039845384657382965)","(0.661971926689148, 0.6325291395187378, 0.04743386432528496)","(0.6425940990447998, 0.6496381759643555, 0.047835759818553925)","(0.757976770401001, 0.7217705249786377, 0.030360771343111992)","(0.7103390693664551, 0.676063060760498, 0.051215797662734985)","(0.6859819889068604, 0.679556131362915, 0.05147099494934082)","(0.6697959899902344, 0.6973510384559631, 0.04646793007850647)","(0.7611513137817383, 0.760901153087616, 0.04617821052670479)","(0.7242690920829773, 0.7211927771568298, 0.05981672182679176)","(0.7035306692123413, 0.7233969569206238, 0.06353212893009186)","(0.6871395707130432, 0.7407429218292236, 0.06450044363737106)",Reach
2700,"(0.7094056010246277, 0.9469007253646851, -4.4277922484070587e-07)","(0.6578666567802429, 0.8498122692108154, -0.01436787098646164)","(0.6445708870887756, 0.7294681072235107, -0.00883924774825573)","(0.6348977088928223, 0.6508283615112305, 0.002400638535618782)","(0.6194452047348022, 0.5972199440002441, 0.015546171925961971)","(0.7287747859954834, 0.6611323952674866, -0.0005809332360513508)","(0.6886035799980164, 0.5867025852203369, 0.022894669324159622)","(0.652819037437439, 0.5897371768951416, 0.037543900310993195)","(0.6305353045463562, 0.6031086444854736, 0.04614922031760216)","(0.758821427822113, 0.6924049258232117, 0.01623762771487236)","(0.7071461081504822, 0.6416260600090027, 0.04371311143040657)","(0.6734129786491394, 0.6509297490119934, 0.05175874009728432)","(0.6541128754615784, 0.6697317361831665, 0.0523068830370903)","(0.7702476978302002, 0.7365021705627441, 0.03427867963910103)","(0.7199429869651794, 0.6926202774047852, 0.05646897107362747)","(0.6950787305831909, 0.6969661712646484, 0.05567517876625061)","(0.6784092783927917, 0.715090274810791, 0.049733273684978485)","(0.7717331647872925, 0.7757991552352905, 0.05183995142579079)","(0.7335056066513062, 0.7372898459434509, 0.06588473170995712)","(0.7117260694503784, 0.739749550819397, 0.06843816488981247)","(0.6944053173065186, 0.7571274042129517, 0.0684722363948822)",Reach
2701,"(0.7199019193649292, 0.9573280811309814, -4.299278941743978e-07)","(0.6694467067718506, 0.8590033054351807, -0.013593176379799843)","(0.6568097472190857, 0.7383044958114624, -0.00784387905150652)","(0.6468732953071594, 0.658692479133606, 0.0034634890034794807)","(0.6296550631523132, 0.6066552400588989, 0.016639137640595436)","(0.7399489879608154, 0.6720714569091797, 0.001129396609030664)","(0.7011020183563232, 0.595856785774231, 0.026069601997733116)","(0.6659544110298157, 0.5963898301124573, 0.04203853756189346)","(0.6433992981910706, 0.6073943376541138, 0.051476530730724335)","(0.7695716023445129, 0.7035145163536072, 0.018046164885163307)","(0.7183464765548706, 0.6490713953971863, 0.046168189495801926)","(0.683876633644104, 0.6578042507171631, 0.054581351578235626)","(0.6632340550422668, 0.675940215587616, 0.0556146577000618)","(0.7810022234916687, 0.7472409009933472, 0.03634325787425041)","(0.7303139567375183, 0.7020832896232605, 0.05922555923461914)","(0.7047305107116699, 0.7066363096237183, 0.05830691382288933)","(0.6871664524078369, 0.7249154448509216, 0.05240285396575928)","(0.7825583815574646, 0.7857472896575928, 0.05428263917565346)","(0.7444750666618347, 0.7466252446174622, 0.06893046200275421)","(0.721800684928894, 0.7480161786079407, 0.07126564532518387)","(0.7032743692398071, 0.7645617723464966, 0.07114674150943756)",Reach
2702,"(0.7282155752182007, 0.9663806557655334, -4.227246961363562e-07)","(0.6786317825317383, 0.8667333722114563, -0.013610939495265484)","(0.6667986512184143, 0.7463240027427673, -0.007285351399332285)","(0.657929003238678, 0.6684286594390869, 0.004661194048821926)","(0.6417118310928345, 0.6167243123054504, 0.01850949414074421)","(0.7503626942634583, 0.6800191402435303, 0.0021811448968946934)","(0.7127454280853271, 0.6053486466407776, 0.02856464870274067)","(0.6780189871788025, 0.6062124967575073, 0.04562141373753548)","(0.6553071737289429, 0.6168546080589294, 0.05567065626382828)","(0.779639720916748, 0.7123860120773315, 0.019155461341142654)","(0.7307624220848083, 0.6573383808135986, 0.0487016923725605)","(0.6954029202461243, 0.6619005799293518, 0.05758533999323845)","(0.672886848449707, 0.6765971779823303, 0.05878601595759392)","(0.790794312953949, 0.7565313577651978, 0.037484996020793915)","(0.7422456741333008, 0.7108070254325867, 0.06140142306685448)","(0.7160440683364868, 0.7123152017593384, 0.06067989766597748)","(0.6974245309829712, 0.7275670170783997, 0.054745808243751526)","(0.7921181321144104, 0.7947837710380554, 0.05540183186531067)","(0.7555723190307617, 0.7552134394645691, 0.07041468471288681)","(0.7326363921165466, 0.7547257542610168, 0.07289744168519974)","(0.7135615348815918, 0.7695229649543762, 0.07284677773714066)",Reach
2703,"(0.7362150549888611, 0.97175532579422, -3.9447118638236134e-07)","(0.6877493262290955, 0.8699197173118591, -0.012262338772416115)","(0.6754814386367798, 0.7512953281402588, -0.004018881358206272)","(0.6651526093482971, 0.674071192741394, 0.010149328969419003)","(0.647851288318634, 0.6239795684814453, 0.026290906593203545)","(0.7584667205810547, 0.6881712079048157, 0.00630922382697463)","(0.7209188342094421, 0.6130398511886597, 0.03800928220152855)","(0.6868654489517212, 0.6129654049873352, 0.05912609025835991)","(0.6639121174812317, 0.622101902961731, 0.07175005227327347)","(0.7867155075073242, 0.7206582427024841, 0.02513151802122593)","(0.7397062182426453, 0.6644087433815002, 0.05984365567564964)","(0.7045942544937134, 0.6700398325920105, 0.0718679204583168)","(0.6814101934432983, 0.6856909990310669, 0.07505851984024048)","(0.7972590327262878, 0.7650278806686401, 0.04556917026638985)","(0.75135737657547, 0.7167577147483826, 0.07424356043338776)","(0.7246391773223877, 0.717374861240387, 0.07507730275392532)","(0.7047947645187378, 0.7326002717018127, 0.06966745853424072)","(0.7986153960227966, 0.8024038672447205, 0.06571702659130096)","(0.7646021842956543, 0.7611486911773682, 0.08388882130384445)","(0.7409892082214355, 0.7582883238792419, 0.08675454556941986)","(0.7204415202140808, 0.771971583366394, 0.08663558214902878)",Reach
2704,"(0.742708146572113, 0.9707051515579224, -3.960088292842556e-07)","(0.6946666240692139, 0.8697984218597412, -0.008211036212742329)","(0.6823239922523499, 0.7563353776931763, 0.0011966921156272292)","(0.6715812087059021, 0.6818366646766663, 0.015951968729496002)","(0.6529637575149536, 0.6338845491409302, 0.032617006450891495)","(0.7627734541893005, 0.6903278231620789, 0.008532114326953888)","(0.7272596955299377, 0.6180806756019592, 0.04188084602355957)","(0.6944692134857178, 0.618525505065918, 0.06552256643772125)","(0.6719790697097778, 0.6289179921150208, 0.08030231297016144)","(0.791059136390686, 0.7220381498336792, 0.026377826929092407)","(0.745485246181488, 0.6683459281921387, 0.06417760998010635)","(0.7106001377105713, 0.6755380630493164, 0.0797591581940651)","(0.6875618100166321, 0.6911742687225342, 0.08551779389381409)","(0.8021178841590881, 0.7669610977172852, 0.04623400792479515)","(0.7580674886703491, 0.7203602194786072, 0.07753290981054306)","(0.7318850159645081, 0.7236815094947815, 0.08096092939376831)","(0.7124753594398499, 0.7414029836654663, 0.07718111574649811)","(0.8039669990539551, 0.8042714595794678, 0.06614767760038376)","(0.7713459730148315, 0.7657506465911865, 0.08614149689674377)","(0.748408317565918, 0.7642977237701416, 0.09036389738321304)","(0.7284494638442993, 0.7791855335235596, 0.0913427546620369)",Reach
2705,"(0.7469654679298401, 0.9691230058670044, -3.9689197706138657e-07)","(0.6993947625160217, 0.8676309585571289, -0.007743604481220245)","(0.686514139175415, 0.7579742074012756, 0.002639436861500144)","(0.6754931807518005, 0.686937689781189, 0.018177160993218422)","(0.6583704948425293, 0.6395725011825562, 0.035665351897478104)","(0.7682850956916809, 0.6941443085670471, 0.012609096243977547)","(0.7330881357192993, 0.6239792108535767, 0.04624401405453682)","(0.6998181343078613, 0.6255143284797668, 0.06901031732559204)","(0.6767696142196655, 0.6365231275558472, 0.0832371860742569)","(0.7957982420921326, 0.7277870178222656, 0.03063017502427101)","(0.7503097057342529, 0.6766582131385803, 0.06899114698171616)","(0.7153154611587524, 0.6832562685012817, 0.0832962691783905)","(0.6922486424446106, 0.6985362768173218, 0.08808541297912598)","(0.8066282272338867, 0.7731252908706665, 0.05045270547270775)","(0.7634364366531372, 0.7285701036453247, 0.0823744386434555)","(0.7366087436676025, 0.730611264705658, 0.0852104052901268)","(0.7167845964431763, 0.7470574975013733, 0.08113708347082138)","(0.8089609146118164, 0.8108277916908264, 0.07029171288013458)","(0.7769728302955627, 0.7738925218582153, 0.09100859612226486)","(0.7537916898727417, 0.7720941305160522, 0.09546122699975967)","(0.7335905432701111, 0.7864110469818115, 0.09668652713298798)",Reach
2706,"(0.7514325976371765, 0.9697348475456238, -3.95380993722938e-07)","(0.7028602361679077, 0.8669737577438354, -0.005442651454359293)","(0.6892868280410767, 0.7613927721977234, 0.0076971109956502914)","(0.6769462823867798, 0.6926537156105042, 0.02654387056827545)","(0.6596722602844238, 0.6441956162452698, 0.04760313779115677)","(0.7699527740478516, 0.6937506198883057, 0.017933771014213562)","(0.736250638961792, 0.6299610733985901, 0.055331140756607056)","(0.7036517858505249, 0.6297581195831299, 0.07951456308364868)","(0.6804957389831543, 0.6381953358650208, 0.0943296030163765)","(0.7959272861480713, 0.7305478453636169, 0.037481002509593964)","(0.7532926201820374, 0.6816030740737915, 0.08021152019500732)","(0.7181711196899414, 0.691152811050415, 0.09554365277290344)","(0.6952768564224243, 0.707811176776886, 0.10043814033269882)","(0.8064379096031189, 0.7768640518188477, 0.059034738689661026)","(0.7655383348464966, 0.7321028113365173, 0.09454572200775146)","(0.738269567489624, 0.7390507459640503, 0.09642643481492996)","(0.7192909717559814, 0.7589554190635681, 0.09099268913269043)","(0.810505747795105, 0.8137443661689758, 0.08095242828130722)","(0.7794762849807739, 0.776653528213501, 0.10430613160133362)","(0.7556828856468201, 0.7771996259689331, 0.10786700993776321)","(0.7359851002693176, 0.7922426462173462, 0.10779454559087753)",Reach
2707,"(0.7552304267883301, 0.9690572023391724, -3.8570087212974613e-07)","(0.7070143222808838, 0.869429349899292, -0.0064116413705050945)","(0.6916641592979431, 0.7648032903671265, 0.005617178976535797)","(0.6781590580940247, 0.6967633962631226, 0.02305171824991703)","(0.6603983044624329, 0.6498047709465027, 0.04250578209757805)","(0.7716034650802612, 0.6968552470207214, 0.01722227782011032)","(0.7377775311470032, 0.6327323317527771, 0.05294297635555267)","(0.7053609490394592, 0.6338278651237488, 0.0759880468249321)","(0.6819323897361755, 0.6434015035629272, 0.09006866812705994)","(0.7975207567214966, 0.7309537529945374, 0.03623748943209648)","(0.7546160817146301, 0.6824015378952026, 0.07666059583425522)","(0.7188301682472229, 0.6904267072677612, 0.09023415297269821)","(0.6945768594741821, 0.7063628435134888, 0.09406987577676773)","(0.8081514835357666, 0.7755942344665527, 0.05711667984724045)","(0.7668288350105286, 0.7328889966011047, 0.09071847796440125)","(0.7392721176147461, 0.7387435436248779, 0.09176558256149292)","(0.7191965579986572, 0.7579911351203918, 0.08604003489017487)","(0.8118955492973328, 0.8116437196731567, 0.07827135920524597)","(0.7807245850563049, 0.7759002447128296, 0.1002470850944519)","(0.7567865252494812, 0.7763269543647766, 0.10348301380872726)","(0.7366552948951721, 0.7911930084228516, 0.10332266986370087)",Reach
2708,"(0.7581267952919006, 0.9721412062644958, -3.7473623137884715e-07)","(0.7093465924263, 0.8733036518096924, -0.007118650246411562)","(0.6934548616409302, 0.7687942981719971, 0.006296887528151274)","(0.6789175271987915, 0.7018925547599792, 0.025679945945739746)","(0.6603764891624451, 0.6556409001350403, 0.04749852418899536)","(0.7731082439422607, 0.6971330046653748, 0.019140804186463356)","(0.7386816740036011, 0.6375936269760132, 0.05686133727431297)","(0.7065542936325073, 0.6387693285942078, 0.08102952688932419)","(0.6833388209342957, 0.6463369131088257, 0.0956539511680603)","(0.7984589338302612, 0.7329084873199463, 0.039385922253131866)","(0.7556875348091125, 0.685097336769104, 0.08160585910081863)","(0.7197276949882507, 0.6923072934150696, 0.09650234878063202)","(0.6948850750923157, 0.7070830464363098, 0.10139063000679016)","(0.8083333373069763, 0.7776927947998047, 0.061293937265872955)","(0.7670060992240906, 0.7338400483131409, 0.09618369489908218)","(0.7386929988861084, 0.7362105846405029, 0.09846290946006775)","(0.7182215452194214, 0.7523456811904907, 0.09377287328243256)","(0.8116046190261841, 0.8136370182037354, 0.08331345021724701)","(0.7808837294578552, 0.776784360408783, 0.10573454946279526)","(0.7559478878974915, 0.7739704847335815, 0.1092417985200882)","(0.7349637746810913, 0.7862904667854309, 0.10949735343456268)",Reach
2709,"(0.7573533654212952, 0.9706924557685852, -3.934969754482154e-07)","(0.7094404101371765, 0.875537097454071, -0.003515105228871107)","(0.6929004788398743, 0.7724124789237976, 0.009368279948830605)","(0.6771073341369629, 0.7069839835166931, 0.02647722326219082)","(0.6578895449638367, 0.6624393463134766, 0.04502172768115997)","(0.7716306447982788, 0.6980886459350586, 0.022752318531274796)","(0.7380892038345337, 0.6420309543609619, 0.05829393118619919)","(0.7054669260978699, 0.6460609436035156, 0.07918243855237961)","(0.6818965673446655, 0.6548819541931152, 0.09140439331531525)","(0.7985073924064636, 0.7322816252708435, 0.039554476737976074)","(0.7540299296379089, 0.6951054930686951, 0.07977299392223358)","(0.7194701433181763, 0.707604706287384, 0.09150274842977524)","(0.6968870162963867, 0.7258520126342773, 0.09395978599786758)","(0.8097293972969055, 0.7790728211402893, 0.05821426585316658)","(0.7668321132659912, 0.7451996207237244, 0.09204216301441193)","(0.7397630214691162, 0.7520127296447754, 0.09242425858974457)","(0.7205709218978882, 0.7714192271232605, 0.08626720309257507)","(0.8136588931083679, 0.8177198171615601, 0.07727121561765671)","(0.7822078466415405, 0.7870647311210632, 0.10027177631855011)","(0.7583434581756592, 0.7869458198547363, 0.10410849750041962)","(0.738523006439209, 0.8012353181838989, 0.10424677282571793)",Reach
2710,"(0.7588543891906738, 0.9705410003662109, -3.8514008338097483e-07)","(0.7093368172645569, 0.8775825500488281, 2.166392187064048e-05)","(0.690808892250061, 0.7776589393615723, 0.014740959741175175)","(0.674281120300293, 0.7126612067222595, 0.033721279352903366)","(0.6551515460014343, 0.6697618365287781, 0.054037921130657196)","(0.7672324776649475, 0.6981863379478455, 0.026494011282920837)","(0.7358078360557556, 0.6493889093399048, 0.06736031174659729)","(0.7051081657409668, 0.6540669202804565, 0.0916961207985878)","(0.6829046607017517, 0.6631558537483215, 0.10541053861379623)","(0.7937681674957275, 0.7328780293464661, 0.04373094439506531)","(0.7523660063743591, 0.7011090517044067, 0.08923258632421494)","(0.7198563814163208, 0.720257043838501, 0.10326511412858963)","(0.699874222278595, 0.7416673898696899, 0.10628800839185715)","(0.8057223558425903, 0.7794332504272461, 0.06348290294408798)","(0.7662850618362427, 0.7475252151489258, 0.10238517820835114)","(0.7404308319091797, 0.7603733539581299, 0.10258901119232178)","(0.7232115268707275, 0.7837607860565186, 0.09471344947814941)","(0.8117152452468872, 0.817089319229126, 0.08407720178365707)","(0.7817487120628357, 0.788153350353241, 0.11075218766927719)","(0.7585610151290894, 0.7919843792915344, 0.1141650378704071)","(0.7400208711624146, 0.8080046772956848, 0.11274266988039017)",Reach
2711,"(0.759022057056427, 0.967975378036499, -3.5787090268968313e-07)","(0.7092007398605347, 0.8773434162139893, 0.0002801851078402251)","(0.6896119117736816, 0.7804458737373352, 0.014519649557769299)","(0.672023355960846, 0.7179996371269226, 0.032675012946128845)","(0.6514708995819092, 0.6767556667327881, 0.05190032348036766)","(0.764790415763855, 0.6982141733169556, 0.02858377993106842)","(0.7317314743995667, 0.6533125638961792, 0.0694778636097908)","(0.7008297443389893, 0.6604362726211548, 0.09270671010017395)","(0.6792504787445068, 0.6706004738807678, 0.10557366162538528)","(0.7911219000816345, 0.7330067157745361, 0.045595958828926086)","(0.749646008014679, 0.7046530842781067, 0.0920676440000534)","(0.7176633477210999, 0.7258017659187317, 0.10535424202680588)","(0.6988579034805298, 0.7477562427520752, 0.10749157518148422)","(0.8028168082237244, 0.7803522944450378, 0.06508170068264008)","(0.7648537755012512, 0.7500066757202148, 0.10504604876041412)","(0.7391981482505798, 0.7634557485580444, 0.10509070754051208)","(0.7228806614875793, 0.7872811555862427, 0.09678139537572861)","(0.808667778968811, 0.8188460469245911, 0.0853985920548439)","(0.7801885604858398, 0.7905067205429077, 0.11339609324932098)","(0.7571575045585632, 0.7948976159095764, 0.11761099100112915)","(0.7390715479850769, 0.8119024038314819, 0.11652577668428421)",Reach
2712,"(0.7581502199172974, 0.9669856429100037, -3.3267090771005314e-07)","(0.7080475091934204, 0.8767362833023071, -0.001446498092263937)","(0.6881406903266907, 0.7803365588188171, 0.01247497834265232)","(0.6690864562988281, 0.7189258933067322, 0.03049919754266739)","(0.6477668285369873, 0.6793242692947388, 0.049712762236595154)","(0.7644969820976257, 0.7005677819252014, 0.029715124517679214)","(0.7294594645500183, 0.6567226052284241, 0.0696026086807251)","(0.6975117325782776, 0.6650184392929077, 0.09120525419712067)","(0.6756018400192261, 0.6755968332290649, 0.10301288217306137)","(0.7896645665168762, 0.7360594868659973, 0.04767471179366112)","(0.7483869791030884, 0.7053350806236267, 0.09318216890096664)","(0.7173017263412476, 0.7266840934753418, 0.10516476631164551)","(0.699248731136322, 0.7491141557693481, 0.10659439116716385)","(0.8005198240280151, 0.7832391262054443, 0.06769517064094543)","(0.7627445459365845, 0.7514461278915405, 0.10710250586271286)","(0.7373600602149963, 0.7641488909721375, 0.10620148479938507)","(0.7215681672096252, 0.7874724864959717, 0.09754639863967896)","(0.8057184219360352, 0.821548581123352, 0.08832584321498871)","(0.7778993844985962, 0.7922287583351135, 0.11608234792947769)","(0.7549615502357483, 0.7962403297424316, 0.11967996507883072)","(0.7371938228607178, 0.8128131031990051, 0.11822903901338577)",Reach
2713,"(0.7582748532295227, 0.9675679206848145, -3.282472960108862e-07)","(0.7086367011070251, 0.8825182914733887, -0.005179230589419603)","(0.6880413293838501, 0.7852650284767151, 0.005289056338369846)","(0.6679441332817078, 0.7228808999061584, 0.0196144450455904)","(0.645575761795044, 0.6842753887176514, 0.0349479541182518)","(0.7635630965232849, 0.7035784125328064, 0.02488279715180397)","(0.7281894087791443, 0.6580310463905334, 0.05973965302109718)","(0.6955567002296448, 0.6692211627960205, 0.07816246896982193)","(0.673005998134613, 0.6823523044586182, 0.08812842518091202)","(0.7898750901222229, 0.7356359958648682, 0.04168430715799332)","(0.7466273903846741, 0.707148015499115, 0.08086035400629044)","(0.7155712246894836, 0.7286543846130371, 0.08981814235448837)","(0.6974248886108398, 0.7520873546600342, 0.09011703729629517)","(0.8011060953140259, 0.7820891737937927, 0.06003019958734512)","(0.760968804359436, 0.7541618347167969, 0.09316562116146088)","(0.7361732721328735, 0.7664191722869873, 0.09109655767679214)","(0.719883918762207, 0.7908294796943665, 0.0831320732831955)","(0.8062016367912292, 0.8224779963493347, 0.07864288240671158)","(0.7756544947624207, 0.7951449155807495, 0.10180911421775818)","(0.753279983997345, 0.7984758019447327, 0.10464215278625488)","(0.7355071902275085, 0.8156496286392212, 0.1035974845290184)",Reach
2714,"(0.7593408226966858, 0.9674183130264282, -3.069357035201392e-07)","(0.7082535028457642, 0.881661593914032, -0.004302979912608862)","(0.6866353750228882, 0.787469744682312, 0.007257795426994562)","(0.6656654477119446, 0.727126955986023, 0.022873029112815857)","(0.6439720392227173, 0.6886783242225647, 0.0395270399749279)","(0.7620725035667419, 0.7034070491790771, 0.02869502827525139)","(0.7265890836715698, 0.6618940234184265, 0.06661877036094666)","(0.6943913698196411, 0.672888994216919, 0.08614639192819595)","(0.6723880767822266, 0.6860032677650452, 0.096598319709301)","(0.7876796126365662, 0.7369304299354553, 0.04666377604007721)","(0.7457621693611145, 0.7089412808418274, 0.0897120013833046)","(0.7154493927955627, 0.7319166660308838, 0.09928981214761734)","(0.6981872916221619, 0.7568546533584595, 0.09946949779987335)","(0.7985134124755859, 0.7831793427467346, 0.06632775813341141)","(0.7610328197479248, 0.754050076007843, 0.10329525172710419)","(0.7362886667251587, 0.7678597569465637, 0.10098040848970413)","(0.7203333973884583, 0.7937113046646118, 0.09208399057388306)","(0.8039956092834473, 0.8222765326499939, 0.08632242679595947)","(0.7750909924507141, 0.7945581674575806, 0.11236408352851868)","(0.7533181309700012, 0.7995861768722534, 0.11532861739397049)","(0.7360441088676453, 0.8171461820602417, 0.11385838687419891)",Reach
2715,"(0.7581515312194824, 0.9650329947471619, -3.376332813331828e-07)","(0.7079280614852905, 0.8831257820129395, -0.004855765029788017)","(0.6856898069381714, 0.7880228757858276, 0.006041367072612047)","(0.6639264822006226, 0.7283742427825928, 0.02091146446764469)","(0.6415681838989258, 0.6895167231559753, 0.03678974136710167)","(0.7606956362724304, 0.7036872506141663, 0.02562643028795719)","(0.7235521078109741, 0.663331151008606, 0.060559406876564026)","(0.6905127167701721, 0.6769362092018127, 0.07872706651687622)","(0.66782146692276, 0.6926353573799133, 0.08866390585899353)","(0.7864652872085571, 0.7348781824111938, 0.042581163346767426)","(0.7422024607658386, 0.7097431421279907, 0.08173460513353348)","(0.7121186852455139, 0.7330750226974487, 0.09007218480110168)","(0.6939354538917542, 0.7589243650436401, 0.09017114341259003)","(0.7975332736968994, 0.7808687686920166, 0.061178889125585556)","(0.7568314075469971, 0.7552549242973328, 0.09444470703601837)","(0.7325783967971802, 0.7684478759765625, 0.09231582283973694)","(0.7164144515991211, 0.7944355607032776, 0.08454616367816925)","(0.8031364679336548, 0.8210605382919312, 0.08010073006153107)","(0.7713360786437988, 0.7953128814697266, 0.10335878282785416)","(0.7498410940170288, 0.7998349070549011, 0.10632364451885223)","(0.7328673005104065, 0.8173441886901855, 0.10560644418001175)",Grasp
2716,"(0.7575247287750244, 0.9658611416816711, -3.223701128263201e-07)","(0.7080774903297424, 0.8852208852767944, -0.006505725905299187)","(0.6847060918807983, 0.7873636484146118, 0.0028256287332624197)","(0.661022961139679, 0.7271339893341064, 0.015993190929293633)","(0.6375650763511658, 0.6895796060562134, 0.029987012967467308)","(0.7599318623542786, 0.7044603228569031, 0.024147238582372665)","(0.7225359678268433, 0.6628257632255554, 0.05687345564365387)","(0.6897956132888794, 0.6760879755020142, 0.07332468032836914)","(0.666959822177887, 0.6919213533401489, 0.0822380781173706)","(0.7861526608467102, 0.7345618009567261, 0.040624938905239105)","(0.7414076924324036, 0.711151659488678, 0.07718582451343536)","(0.7121355533599854, 0.7351158261299133, 0.08425796031951904)","(0.6947627663612366, 0.7619540095329285, 0.08402092009782791)","(0.797584593296051, 0.7805666327476501, 0.058437127619981766)","(0.7574103474617004, 0.7563849091529846, 0.08934767544269562)","(0.7342606782913208, 0.7696810364723206, 0.08658288419246674)","(0.7187779545783997, 0.7961792349815369, 0.07906339317560196)","(0.803123414516449, 0.8218942284584045, 0.07640994340181351)","(0.7712230086326599, 0.7965739965438843, 0.0980922132730484)","(0.7504714727401733, 0.8011016845703125, 0.1006791815161705)","(0.7343207001686096, 0.819564163684845, 0.1000480055809021)",Grasp
2717,"(0.7565158605575562, 0.9651505947113037, -3.255896672271774e-07)","(0.707287609577179, 0.8854280710220337, -0.007313848007470369)","(0.6839777827262878, 0.7881662845611572, 0.0007225697045214474)","(0.6604298949241638, 0.7271848320960999, 0.01239569392055273)","(0.6362913846969604, 0.6900739073753357, 0.02473890222609043)","(0.7579748630523682, 0.7026015520095825, 0.02231542393565178)","(0.719885528087616, 0.6629747152328491, 0.052801571786403656)","(0.6870307326316833, 0.6787087917327881, 0.0675823912024498)","(0.6644768714904785, 0.6964011788368225, 0.07531466335058212)","(0.784709632396698, 0.7326693534851074, 0.037900082767009735)","(0.7391298413276672, 0.711165189743042, 0.0714387521147728)","(0.7103714942932129, 0.7357378005981445, 0.07673504948616028)","(0.6936885714530945, 0.763218879699707, 0.07543791830539703)","(0.7963405251502991, 0.7790132164955139, 0.05476010590791702)","(0.7554853558540344, 0.7567317485809326, 0.08293555676937103)","(0.732772171497345, 0.771457314491272, 0.07926878333091736)","(0.7179408073425293, 0.7996994853019714, 0.07146376371383667)","(0.8018906712532043, 0.8213754296302795, 0.07170352339744568)","(0.7689884305000305, 0.7982020378112793, 0.09117408841848373)","(0.7489016056060791, 0.8039373159408569, 0.0930904895067215)","(0.7338252663612366, 0.8228659629821777, 0.09220565855503082)",Grasp
2718,"(0.7561449408531189, 0.9626979231834412, -3.202823393166909e-07)","(0.706142246723175, 0.8826541900634766, -0.0070116049610078335)","(0.6831697821617126, 0.7866398692131042, 0.0014216756680980325)","(0.6597686409950256, 0.7262692451477051, 0.013625332154333591)","(0.6356333494186401, 0.6895763278007507, 0.026730941608548164)","(0.7570939064025879, 0.7014046311378479, 0.02248077094554901)","(0.7189954519271851, 0.6622357368469238, 0.05444217473268509)","(0.6861981153488159, 0.6792429685592651, 0.07104073464870453)","(0.6636651158332825, 0.6985921859741211, 0.08016391843557358)","(0.7834936380386353, 0.7310395240783691, 0.038662996143102646)","(0.7379143834114075, 0.709032416343689, 0.07421658933162689)","(0.7088755965232849, 0.7332360744476318, 0.08122177422046661)","(0.6916077733039856, 0.7605145573616028, 0.08104024827480316)","(0.7949714660644531, 0.7767074108123779, 0.056219059973955154)","(0.7540206909179688, 0.7543699145317078, 0.08640648424625397)","(0.7315336465835571, 0.7681507468223572, 0.08403846621513367)","(0.7161981463432312, 0.7958528399467468, 0.07682929188013077)","(0.8003852963447571, 0.8181131482124329, 0.07381828129291534)","(0.7676309943199158, 0.7957035303115845, 0.09469384700059891)","(0.7478413581848145, 0.8009634613990784, 0.09729195386171341)","(0.7322859764099121, 0.8192612528800964, 0.09682396054267883)",Grasp
2719,"(0.7550554871559143, 0.9618009328842163, -3.3532015208947996e-07)","(0.7051482796669006, 0.8810328245162964, -0.008658172562718391)","(0.6819321513175964, 0.7856414914131165, -0.0016550980508327484)","(0.6578129529953003, 0.7259419560432434, 0.009166507981717587)","(0.6333635449409485, 0.6884180307388306, 0.02065666951239109)","(0.7558527588844299, 0.6992506384849548, 0.020805906504392624)","(0.7149427533149719, 0.6623693704605103, 0.05071450397372246)","(0.6809900999069214, 0.682762861251831, 0.06508023291826248)","(0.6585197448730469, 0.7049461603164673, 0.07271119952201843)","(0.7823131084442139, 0.7303962707519531, 0.03685390204191208)","(0.7331905364990234, 0.7108556032180786, 0.06991322338581085)","(0.7026926875114441, 0.737187922000885, 0.07430151849985123)","(0.6851270198822021, 0.7657853960990906, 0.072384774684906)","(0.7933109402656555, 0.7771325707435608, 0.05424473434686661)","(0.7500847578048706, 0.7564898133277893, 0.08246587216854095)","(0.7263824343681335, 0.7720746994018555, 0.0786806270480156)","(0.7104774117469788, 0.8018054366111755, 0.07073361426591873)","(0.7983857989311218, 0.819810152053833, 0.07160627841949463)","(0.763739287853241, 0.7990190982818604, 0.09105169028043747)","(0.7434347867965698, 0.8051635026931763, 0.09321202337741852)","(0.7275405526161194, 0.8242497444152832, 0.09265737980604172)",Grasp
2720,"(0.7556337714195251, 0.9602715969085693, -3.291747248113097e-07)","(0.7035176753997803, 0.8768109083175659, -0.007076045963913202)","(0.6796226501464844, 0.7845606803894043, 0.002786516910418868)","(0.6555187106132507, 0.7265477776527405, 0.016443554311990738)","(0.6315909624099731, 0.6872167587280273, 0.03066220134496689)","(0.7525746822357178, 0.6987721920013428, 0.03067251294851303)","(0.7116862535476685, 0.665706217288971, 0.06598450243473053)","(0.6780111193656921, 0.6877182722091675, 0.08258790522813797)","(0.6567896008491516, 0.7113783359527588, 0.09152773022651672)","(0.7779934406280518, 0.7297898530960083, 0.0487181656062603)","(0.7291707396507263, 0.7133739590644836, 0.08800902217626572)","(0.6978785991668701, 0.742840588092804, 0.09292765706777573)","(0.6805803179740906, 0.7737869620323181, 0.0909285843372345)","(0.7888529300689697, 0.7751750349998474, 0.06803757697343826)","(0.7463498711585999, 0.7580293416976929, 0.10208787769079208)","(0.7214516997337341, 0.7767522931098938, 0.09705399721860886)","(0.7056429386138916, 0.8085654973983765, 0.08743870258331299)","(0.795346736907959, 0.8151152729988098, 0.08743394166231155)","(0.7597500085830688, 0.7990170121192932, 0.1116897240281105)","(0.7390932440757751, 0.8086106777191162, 0.11371195316314697)","(0.723580002784729, 0.8290748000144958, 0.11245060712099075)",Grasp
2721,"(0.7540469169616699, 0.9556099772453308, -3.8130508528411156e-07)","(0.7027012705802917, 0.8772270679473877, -0.009803521446883678)","(0.6777277588844299, 0.7838774919509888, -0.0011938241077587008)","(0.6526374220848083, 0.7268478274345398, 0.011617083102464676)","(0.6281312108039856, 0.6901261806488037, 0.024707909673452377)","(0.7504035830497742, 0.6987828612327576, 0.022481292486190796)","(0.7081165909767151, 0.6650481224060059, 0.052367202937603)","(0.6741449236869812, 0.6890732645988464, 0.06644008308649063)","(0.6521281599998474, 0.7120330333709717, 0.07356621325016022)","(0.776134729385376, 0.728469729423523, 0.0394064225256443)","(0.7234074473381042, 0.7153022885322571, 0.07046837359666824)","(0.6890928149223328, 0.7432714104652405, 0.07122234255075455)","(0.6684333086013794, 0.7738088369369507, 0.0665762647986412)","(0.7876347899436951, 0.7738061547279358, 0.0575280487537384)","(0.7391903400421143, 0.761381208896637, 0.08286324888467789)","(0.7124632000923157, 0.7800191044807434, 0.07435809820890427)","(0.6945787668228149, 0.8107599020004272, 0.06343497335910797)","(0.7937934398651123, 0.8148762583732605, 0.07590439915657043)","(0.7542213797569275, 0.8003685474395752, 0.09269402921199799)","(0.7321884632110596, 0.809705913066864, 0.09176106750965118)","(0.7156898975372314, 0.8302275538444519, 0.08900496363639832)",Position
2722,"(0.7533146142959595, 0.9562257528305054, -4.1653044036138454e-07)","(0.7011078000068665, 0.8764656782150269, -0.014690185897052288)","(0.6757715344429016, 0.7837774157524109, -0.008282830938696861)","(0.6493417024612427, 0.7272962331771851, 0.003489990020170808)","(0.6233135461807251, 0.6893497109413147, 0.01564009115099907)","(0.7510946393013, 0.6993542909622192, 0.0157741941511631)","(0.7049750089645386, 0.6684824824333191, 0.044090788811445236)","(0.6695619821548462, 0.6955490708351135, 0.057859573513269424)","(0.6475905179977417, 0.721185564994812, 0.06475015729665756)","(0.7757766246795654, 0.731897234916687, 0.03494998812675476)","(0.7154297232627869, 0.7231712937355042, 0.06233223155140877)","(0.6787859797477722, 0.7565061450004578, 0.0606301948428154)","(0.6582499742507935, 0.7913064956665039, 0.05443333834409714)","(0.785692572593689, 0.7792136073112488, 0.05538352206349373)","(0.731021523475647, 0.7684898376464844, 0.0771879181265831)","(0.7012542486190796, 0.7894313931465149, 0.06617843359708786)","(0.6818584203720093, 0.8240513205528259, 0.05400048568844795)","(0.7908419370651245, 0.8216688632965088, 0.07600895315408707)","(0.7483367323875427, 0.8065191507339478, 0.08956041932106018)","(0.7241529822349548, 0.8152831196784973, 0.0864620953798294)","(0.7063939571380615, 0.83680260181427, 0.08249739557504654)",Position
2723,"(0.750785768032074, 0.9539913535118103, -4.537066047305416e-07)","(0.6992861032485962, 0.8754301071166992, -0.01457437127828598)","(0.673844039440155, 0.7827066779136658, -0.009312441572546959)","(0.6472902297973633, 0.7273319363594055, 0.0013137779897078872)","(0.6222268342971802, 0.6904199123382568, 0.012238611467182636)","(0.7498555183410645, 0.6990779638290405, 0.008881952613592148)","(0.702093780040741, 0.67352694272995, 0.034162431955337524)","(0.6665863394737244, 0.7020834684371948, 0.04737361893057823)","(0.6455479860305786, 0.7280575633049011, 0.0539628230035305)","(0.774592399597168, 0.7323669195175171, 0.02632184326648712)","(0.7121904492378235, 0.7285844087600708, 0.05041429400444031)","(0.674738883972168, 0.7632046341896057, 0.04915287345647812)","(0.654299259185791, 0.7982039451599121, 0.043477654457092285)","(0.7850837707519531, 0.781059741973877, 0.04528205841779709)","(0.7288126945495605, 0.7728199362754822, 0.06329026073217392)","(0.6986677050590515, 0.7945448756217957, 0.053025927394628525)","(0.6793046593666077, 0.8294949531555176, 0.041857849806547165)","(0.7903749942779541, 0.8252456188201904, 0.06456376612186432)","(0.7470797300338745, 0.8114198446273804, 0.07435832172632217)","(0.7232397794723511, 0.8213260173797607, 0.07110396027565002)","(0.7060591578483582, 0.8438587188720703, 0.06758639216423035)",Position
2724,"(0.7508013248443604, 0.9569041728973389, -4.5695034600612416e-07)","(0.6982828974723816, 0.8767940402030945, -0.01657845638692379)","(0.6725374460220337, 0.7847424745559692, -0.010949544608592987)","(0.6461581587791443, 0.7309557199478149, 0.0007785268826410174)","(0.6224125623703003, 0.69312983751297, 0.013008511625230312)","(0.7502798438072205, 0.7005500197410583, 0.008925237692892551)","(0.7000460624694824, 0.6751341223716736, 0.034685827791690826)","(0.6642839908599854, 0.7039278745651245, 0.04776253178715706)","(0.6434528231620789, 0.7299650311470032, 0.054441481828689575)","(0.7737691402435303, 0.7356420159339905, 0.02871515043079853)","(0.7086992263793945, 0.7281181812286377, 0.05218390375375748)","(0.6697674989700317, 0.7643753290176392, 0.050188932567834854)","(0.648327112197876, 0.8019151091575623, 0.04456537589430809)","(0.7821078896522522, 0.784101128578186, 0.04993680492043495)","(0.721442461013794, 0.773806631565094, 0.06792772561311722)","(0.6886258721351624, 0.7959664463996887, 0.05708077922463417)","(0.6683416366577148, 0.8321124315261841, 0.04604366421699524)","(0.7862061262130737, 0.8275614380836487, 0.07139545679092407)","(0.7393018007278442, 0.8103352785110474, 0.0818217471241951)","(0.7126242518424988, 0.8179181814193726, 0.07841741293668747)","(0.6938053965568542, 0.8388326168060303, 0.07495154440402985)",Position
2725,"(0.7504682540893555, 0.9561545848846436, -4.7202934183587786e-07)","(0.6975558400154114, 0.8742706775665283, -0.015377013944089413)","(0.6721183061599731, 0.7833731174468994, -0.006337266881018877)","(0.6452348828315735, 0.7329431772232056, 0.00896527525037527)","(0.6222647428512573, 0.6961926221847534, 0.024873405694961548)","(0.7502685189247131, 0.6990769505500793, 0.01627179980278015)","(0.6983410120010376, 0.6760160326957703, 0.044976454228162766)","(0.6619033813476562, 0.7026699185371399, 0.058914341032505035)","(0.6404346227645874, 0.7272781133651733, 0.06603293120861053)","(0.7718817591667175, 0.7360340356826782, 0.03709771856665611)","(0.7051208019256592, 0.7304836511611938, 0.06290815025568008)","(0.6661450266838074, 0.766975998878479, 0.06031954661011696)","(0.6444032192230225, 0.8048208355903625, 0.05443150922656059)","(0.7790784239768982, 0.7850577235221863, 0.059138666838407516)","(0.7170357704162598, 0.7756894826889038, 0.07849600166082382)","(0.6834331750869751, 0.7984592914581299, 0.06628328561782837)","(0.6641494631767273, 0.833857536315918, 0.054590869694948196)","(0.7827823162078857, 0.8281899690628052, 0.08155976235866547)","(0.7339208126068115, 0.8115416765213013, 0.09250760078430176)","(0.7059829831123352, 0.8194336295127869, 0.0878584161400795)","(0.6878863573074341, 0.8388465046882629, 0.08370311558246613)",Position
2726,"(0.7489401698112488, 0.9542700052261353, -4.7317419671344396e-07)","(0.6963924169540405, 0.8712891936302185, -0.015409357845783234)","(0.6716314554214478, 0.7820299863815308, -0.008463027887046337)","(0.6449416875839233, 0.7321375608444214, 0.004224270582199097)","(0.6215188503265381, 0.696143388748169, 0.017296817153692245)","(0.7488871216773987, 0.7000320553779602, 0.012045946903526783)","(0.6981308460235596, 0.6756402850151062, 0.036915991455316544)","(0.6613725423812866, 0.7018394470214844, 0.049179088324308395)","(0.6397359371185303, 0.72694993019104, 0.0553913339972496)","(0.7705497741699219, 0.7354137301445007, 0.030553363263607025)","(0.7046961188316345, 0.7294107675552368, 0.05222626030445099)","(0.6654528975486755, 0.7647958397865295, 0.04871755838394165)","(0.6431019902229309, 0.8016961216926575, 0.042623430490493774)","(0.7784357070922852, 0.7842481136322021, 0.050202492624521255)","(0.7172770500183105, 0.773983359336853, 0.06540961563587189)","(0.6845191717147827, 0.7962297797203064, 0.053040724247694016)","(0.6652072072029114, 0.8311436176300049, 0.04184233024716377)","(0.7822301387786865, 0.8280830383300781, 0.07026271522045135)","(0.7336281538009644, 0.8114842176437378, 0.07740387320518494)","(0.7069078087806702, 0.8201625347137451, 0.07216597348451614)","(0.6898074746131897, 0.8406063318252563, 0.06813334673643112)",Position
2727,"(0.7492346167564392, 0.9547321200370789, -4.6517891405528644e-07)","(0.6967596411705017, 0.8730805516242981, -0.01675555855035782)","(0.6716894507408142, 0.7836403846740723, -0.010941257700324059)","(0.6452194452285767, 0.7337257266044617, 0.0008826903649605811)","(0.6219965219497681, 0.6965440511703491, 0.013092405162751675)","(0.7496878504753113, 0.7008650302886963, 0.008975893259048462)","(0.6979714632034302, 0.6767915487289429, 0.033005841076374054)","(0.6616095900535583, 0.7037829756736755, 0.04471131041646004)","(0.640396237373352, 0.7290339469909668, 0.05055994912981987)","(0.7715591192245483, 0.7364461421966553, 0.028179192915558815)","(0.7058573365211487, 0.7283599972724915, 0.04887600988149643)","(0.6666021347045898, 0.7630085349082947, 0.04499582201242447)","(0.6439904570579529, 0.8002227544784546, 0.03864050656557083)","(0.7793104648590088, 0.7848699688911438, 0.04862946271896362)","(0.7179206609725952, 0.7733055949211121, 0.06346900016069412)","(0.685032844543457, 0.7951856255531311, 0.051047664135694504)","(0.6653825640678406, 0.8307709693908691, 0.03977612033486366)","(0.7826418876647949, 0.828088641166687, 0.06940360367298126)","(0.7342365384101868, 0.8106025457382202, 0.07650615274906158)","(0.7074039578437805, 0.8189595341682434, 0.07134398818016052)","(0.6898962259292603, 0.8397367000579834, 0.06730058789253235)",Position
2728,"(0.7489599585533142, 0.9551891088485718, -4.795841164195735e-07)","(0.6966918706893921, 0.8726963996887207, -0.01692681945860386)","(0.6715683937072754, 0.782399594783783, -0.010478696785867214)","(0.6450108885765076, 0.7328743934631348, 0.0022152268793433905)","(0.6221785545349121, 0.6973703503608704, 0.015417683869600296)","(0.7497702240943909, 0.7006838321685791, 0.008307955227792263)","(0.6980328559875488, 0.6780583262443542, 0.032586719840765)","(0.6623374819755554, 0.7046485543251038, 0.04484030604362488)","(0.6417326331138611, 0.7296116352081299, 0.051045384258031845)","(0.7713372111320496, 0.7368887662887573, 0.027691559866070747)","(0.7052481174468994, 0.7292349934577942, 0.04867437481880188)","(0.6665233969688416, 0.7638558745384216, 0.045652151107788086)","(0.6441099047660828, 0.8007374405860901, 0.0399034358561039)","(0.778931200504303, 0.7856029272079468, 0.04826504737138748)","(0.7170880436897278, 0.7742460370063782, 0.06300551444292068)","(0.6841092705726624, 0.7953814268112183, 0.050964199006557465)","(0.6640814542770386, 0.8300659656524658, 0.0400010384619236)","(0.7823953628540039, 0.8292104005813599, 0.06913523375988007)","(0.7332024574279785, 0.8113769888877869, 0.07581914961338043)","(0.7056827545166016, 0.818352222442627, 0.07053589820861816)","(0.6873195767402649, 0.8375450372695923, 0.06644316762685776)",Position
2729,"(0.7492944002151489, 0.9551118016242981, -4.822959454031661e-07)","(0.6966319680213928, 0.8717164993286133, -0.018040986731648445)","(0.6718048453330994, 0.7819476127624512, -0.012036532163619995)","(0.6454244256019592, 0.7327093482017517, 0.0005666789948008955)","(0.622402548789978, 0.6978423595428467, 0.013625804334878922)","(0.7496892213821411, 0.7003067135810852, 0.006203853990882635)","(0.6964989900588989, 0.6792154312133789, 0.03021976351737976)","(0.6609874963760376, 0.7061600685119629, 0.04267783835530281)","(0.641044020652771, 0.731665849685669, 0.04900183156132698)","(0.7711617946624756, 0.736578106880188, 0.02612977847456932)","(0.7037257552146912, 0.729575514793396, 0.0461592935025692)","(0.6650969386100769, 0.764880895614624, 0.04303685575723648)","(0.6431238651275635, 0.8024290204048157, 0.037331145256757736)","(0.7785763740539551, 0.785112202167511, 0.04726327955722809)","(0.7155269384384155, 0.7737869620323181, 0.06082531064748764)","(0.6825594305992126, 0.7952736616134644, 0.04839102178812027)","(0.6630412340164185, 0.8303760886192322, 0.03733574599027634)","(0.7819296717643738, 0.8281635642051697, 0.0686914399266243)","(0.7313586473464966, 0.8101462125778198, 0.07393189519643784)","(0.7038584351539612, 0.8182365298271179, 0.06793399900197983)","(0.6861974596977234, 0.8382377624511719, 0.06350244581699371)",Position
2730,"(0.7495301365852356, 0.9540879726409912, -4.6872312964296725e-07)","(0.6962891817092896, 0.8709185719490051, -0.019488101825118065)","(0.6718845367431641, 0.78208327293396, -0.013674147427082062)","(0.6458405256271362, 0.7327711582183838, -0.0006902026943862438)","(0.6230190396308899, 0.6980991959571838, 0.012957441620528698)","(0.7511722445487976, 0.7005133628845215, 0.005522124469280243)","(0.6958482265472412, 0.6783312559127808, 0.030790071934461594)","(0.6597752571105957, 0.7059280276298523, 0.04391736537218094)","(0.6404279470443726, 0.7322139739990234, 0.05058988928794861)","(0.7721588611602783, 0.7372550964355469, 0.026939300820231438)","(0.7036154270172119, 0.7276356816291809, 0.048458412289619446)","(0.6645901203155518, 0.7627176642417908, 0.04586461931467056)","(0.6428597569465637, 0.8014018535614014, 0.04021869972348213)","(0.778717041015625, 0.7855710387229919, 0.0495469868183136)","(0.7145744562149048, 0.7723175883293152, 0.06445953249931335)","(0.6808405518531799, 0.7936644554138184, 0.05220139026641846)","(0.6613279581069946, 0.8296259045600891, 0.04091591760516167)","(0.7813500165939331, 0.8277034163475037, 0.07233310490846634)","(0.7300732731819153, 0.808811366558075, 0.07823269814252853)","(0.701751172542572, 0.817136287689209, 0.0721321851015091)","(0.6835967898368835, 0.8373881578445435, 0.06746438145637512)",Position
2731,"(0.7514578104019165, 0.956550121307373, -4.784390625900414e-07)","(0.6973217725753784, 0.8708376288414001, -0.0160050131380558)","(0.6719678640365601, 0.7808179259300232, -0.00681473221629858)","(0.645210862159729, 0.7335748672485352, 0.00910581462085247)","(0.6226127743721008, 0.6991150975227356, 0.02567136473953724)","(0.7525805234909058, 0.7001123428344727, 0.014536178670823574)","(0.698052704334259, 0.6798222661018372, 0.042724113911390305)","(0.6615530252456665, 0.7053880095481873, 0.05560075491666794)","(0.6407229900360107, 0.7286710143089294, 0.06179323419928551)","(0.7731866240501404, 0.737597644329071, 0.03583921492099762)","(0.7052225470542908, 0.7308354377746582, 0.06161497160792351)","(0.6655219793319702, 0.7622512578964233, 0.05814044922590256)","(0.6419808268547058, 0.7980248928070068, 0.05118899047374725)","(0.7795211672782898, 0.7853158712387085, 0.05843252316117287)","(0.7159221172332764, 0.7738555073738098, 0.07784666866064072)","(0.6822465658187866, 0.7917366623878479, 0.06513763219118118)","(0.6622000336647034, 0.8246924877166748, 0.05277462303638458)","(0.7822332978248596, 0.8264409899711609, 0.08132960647344589)","(0.7310441732406616, 0.8092740774154663, 0.09118771553039551)","(0.702824056148529, 0.8157256841659546, 0.0857737585902214)","(0.6841399073600769, 0.8344592452049255, 0.08110562711954117)",Position
2732,"(0.7526331543922424, 0.9535238742828369, -4.783450435752457e-07)","(0.6971765160560608, 0.8679043054580688, -0.012104901485145092)","(0.6725854873657227, 0.7785441875457764, 0.0010472068097442389)","(0.6470035314559937, 0.7300731539726257, 0.020736509934067726)","(0.6241343021392822, 0.6949319839477539, 0.041625577956438065)","(0.7534525394439697, 0.6977766752243042, 0.02555425465106964)","(0.7016883492469788, 0.673690915107727, 0.060153402388095856)","(0.6649639010429382, 0.6985588669776917, 0.07669331133365631)","(0.6431899070739746, 0.7221119403839111, 0.08514757454395294)","(0.7738384008407593, 0.73462975025177, 0.048103298991918564)","(0.7076419591903687, 0.7290202379226685, 0.08031386137008667)","(0.6676580905914307, 0.7628719806671143, 0.07854987680912018)","(0.6444713473320007, 0.8011531233787537, 0.07258553802967072)","(0.779896080493927, 0.780709981918335, 0.07214837521314621)","(0.7185624241828918, 0.7700502276420593, 0.09752414375543594)","(0.6845808625221252, 0.7901845574378967, 0.08537133038043976)","(0.6652689576148987, 0.8250856995582581, 0.0727655291557312)","(0.7829928398132324, 0.8190084099769592, 0.09680209308862686)","(0.7318488955497742, 0.803684651851654, 0.11169653385877609)","(0.7030786871910095, 0.8135753273963928, 0.10714754462242126)","(0.6849457025527954, 0.8331362009048462, 0.10263052582740784)",Position
2733,"(0.7555738091468811, 0.9545814394950867, -4.426367183896218e-07)","(0.7003371119499207, 0.8695491552352905, -0.01411023922264576)","(0.6752119660377502, 0.7748871445655823, -0.002924105152487755)","(0.6498918533325195, 0.7239867448806763, 0.014857766218483448)","(0.6254763603210449, 0.6883002519607544, 0.0336577408015728)","(0.7565987706184387, 0.6962113380432129, 0.02092282846570015)","(0.7038465738296509, 0.6684252619743347, 0.05371563881635666)","(0.6660555601119995, 0.6904839277267456, 0.06939785927534103)","(0.6430935859680176, 0.7104125022888184, 0.0770116001367569)","(0.7778223752975464, 0.7321106791496277, 0.042566362768411636)","(0.7129949331283569, 0.7204829454421997, 0.07353506982326508)","(0.6730247139930725, 0.7488046288490295, 0.07255520671606064)","(0.6491481065750122, 0.7820859551429749, 0.06666342169046402)","(0.7841725945472717, 0.7786125540733337, 0.06539443880319595)","(0.7228362560272217, 0.762657105922699, 0.08937671780586243)","(0.6893185973167419, 0.7781198024749756, 0.07823742926120758)","(0.6692999601364136, 0.8085957169532776, 0.06592192500829697)","(0.7865022420883179, 0.8178398609161377, 0.08851629495620728)","(0.7369394898414612, 0.7965903282165527, 0.10191084444522858)","(0.7086476683616638, 0.8039979934692383, 0.09779994934797287)","(0.6900277137756348, 0.8233756422996521, 0.09329983592033386)",Reach
2734,"(0.7568318247795105, 0.9514484405517578, -4.5070061105434434e-07)","(0.7038378715515137, 0.8700671195983887, -0.016194213181734085)","(0.6786600351333618, 0.7715398669242859, -0.009044203907251358)","(0.6535963416099548, 0.7163885235786438, 0.004571783822029829)","(0.6289039254188538, 0.6808788776397705, 0.019156547263264656)","(0.7587102651596069, 0.6911759972572327, 0.010597795248031616)","(0.7071329355239868, 0.6592669486999512, 0.0371718555688858)","(0.6694724559783936, 0.6797636151313782, 0.050455279648303986)","(0.6463326811790466, 0.698756992816925, 0.057036250829696655)","(0.7821495532989502, 0.7238847613334656, 0.030337288975715637)","(0.7161255478858948, 0.7111069560050964, 0.05532626062631607)","(0.6765281558036804, 0.7406313419342041, 0.05488685518503189)","(0.652887761592865, 0.7741870284080505, 0.050215352326631546)","(0.7900972366333008, 0.7691207528114319, 0.051092542707920074)","(0.7268087863922119, 0.7545018792152405, 0.06985016912221909)","(0.6941826343536377, 0.7721084952354431, 0.06017531082034111)","(0.6738584041595459, 0.8033663034439087, 0.04974683001637459)","(0.7932450771331787, 0.8082231879234314, 0.071914441883564)","(0.7421363592147827, 0.7894896864891052, 0.08172839134931564)","(0.7150217294692993, 0.798280656337738, 0.07814353704452515)","(0.6966724395751953, 0.8183285593986511, 0.07463899254798889)",Reach
2735,"(0.7602770328521729, 0.9468311667442322, -4.1494243419037957e-07)","(0.7062496542930603, 0.8640203475952148, -0.013122739270329475)","(0.682185709476471, 0.7650487422943115, -0.003497094614431262)","(0.6581007838249207, 0.7082855701446533, 0.011985225602984428)","(0.6337717771530151, 0.6710329055786133, 0.028631091117858887)","(0.7617155909538269, 0.6824149489402771, 0.019809778779745102)","(0.7116329073905945, 0.6481522917747498, 0.05016203969717026)","(0.6739486455917358, 0.6682424545288086, 0.06455790996551514)","(0.6511295437812805, 0.6894800066947937, 0.07201045006513596)","(0.7854686379432678, 0.7161511778831482, 0.039986953139305115)","(0.722610354423523, 0.6962224841117859, 0.07046660035848618)","(0.6842387914657593, 0.7255872488021851, 0.07158289849758148)","(0.6620203256607056, 0.7603356838226318, 0.06773591041564941)","(0.7931089401245117, 0.7623004913330078, 0.061179790645837784)","(0.7336314916610718, 0.7420583367347717, 0.08601200580596924)","(0.7017069458961487, 0.7600296139717102, 0.07793393731117249)","(0.6827744841575623, 0.7928183078765869, 0.06784877926111221)","(0.7963372468948364, 0.8025733232498169, 0.08241171389818192)","(0.7487894296646118, 0.7810295224189758, 0.09824290126562119)","(0.7225044965744019, 0.7889771461486816, 0.09677585959434509)","(0.7046580910682678, 0.8087329864501953, 0.0941028818488121)",Reach
2736,"(0.7603407502174377, 0.9356848001480103, -3.7972199606883805e-07)","(0.7077108025550842, 0.8553293943405151, -0.015540857799351215)","(0.6838513612747192, 0.754071831703186, -0.010669020004570484)","(0.660248875617981, 0.6936897039413452, -0.0006038275896571577)","(0.6355617642402649, 0.6544980406761169, 0.01024057436734438)","(0.7632696628570557, 0.6704496145248413, 0.011898905970156193)","(0.7154548764228821, 0.6322759985923767, 0.036186333745718)","(0.6785724759101868, 0.6516225337982178, 0.04711179435253143)","(0.6563969850540161, 0.6721535921096802, 0.05242302268743515)","(0.7888479232788086, 0.7017549276351929, 0.02926783263683319)","(0.7267817854881287, 0.6831305623054504, 0.054314322769641876)","(0.6915093064308167, 0.7115437984466553, 0.05499502643942833)","(0.6726740598678589, 0.7445372343063354, 0.05130552873015404)","(0.7982814311981201, 0.7478794455528259, 0.04717729613184929)","(0.7396044731140137, 0.729351282119751, 0.06701000034809113)","(0.7113745212554932, 0.7481520175933838, 0.05994604900479317)","(0.6947161555290222, 0.7788843512535095, 0.05116967856884003)","(0.8020150661468506, 0.7895036935806274, 0.06473373621702194)","(0.7560957670211792, 0.7692595720291138, 0.07673726230859756)","(0.7328267693519592, 0.7792478799819946, 0.07580260932445526)","(0.7176429033279419, 0.8000058531761169, 0.07405267655849457)",Reach
2737,"(0.7626997828483582, 0.9236111044883728, -3.723714030456904e-07)","(0.7093586325645447, 0.8421980142593384, -0.0127155352383852)","(0.6857554912567139, 0.7398428320884705, -0.003940502181649208)","(0.6624112129211426, 0.6791645288467407, 0.010102889500558376)","(0.6385539770126343, 0.6397562026977539, 0.02521529793739319)","(0.7642731070518494, 0.6515257954597473, 0.020518949255347252)","(0.7170993685722351, 0.6154412031173706, 0.05216598883271217)","(0.6803144812583923, 0.6341461539268494, 0.067951500415802)","(0.6573588252067566, 0.6559571623802185, 0.07639409601688385)","(0.7900025844573975, 0.6842153072357178, 0.03930280730128288)","(0.7286496162414551, 0.6670821309089661, 0.07221748679876328)","(0.6918370127677917, 0.6963334083557129, 0.07560630142688751)","(0.6711390018463135, 0.7314151525497437, 0.0734049379825592)","(0.7992925047874451, 0.7321864366531372, 0.05893871933221817)","(0.7416322827339172, 0.7157948613166809, 0.0856577455997467)","(0.7115015983581543, 0.7339767813682556, 0.07920360565185547)","(0.6935005784034729, 0.7659044861793518, 0.0700632855296135)","(0.8038421869277954, 0.7754809856414795, 0.07839033752679825)","(0.7591195106506348, 0.7576431035995483, 0.09603042900562286)","(0.7343934178352356, 0.7656921148300171, 0.0957726240158081)","(0.7171171307563782, 0.7863216400146484, 0.09386800229549408)",Reach
2738,"(0.7621831893920898, 0.9099488258361816, -3.8721648820683185e-07)","(0.7090262174606323, 0.8257038593292236, -0.01091451570391655)","(0.6848523616790771, 0.7220271825790405, -0.0010558773064985871)","(0.6616383790969849, 0.6609621644020081, 0.013941731303930283)","(0.637722373008728, 0.6216344237327576, 0.02983127161860466)","(0.7637249827384949, 0.6329576969146729, 0.02085200883448124)","(0.7171452045440674, 0.5942853689193726, 0.053050849586725235)","(0.6813838481903076, 0.6116762161254883, 0.06973889470100403)","(0.6581950187683105, 0.6323563456535339, 0.07882843911647797)","(0.7900462746620178, 0.6663811802864075, 0.0391082763671875)","(0.7290999293327332, 0.6463837623596191, 0.0713307335972786)","(0.6917948722839355, 0.6769860982894897, 0.07501137256622314)","(0.6699395775794983, 0.7146793603897095, 0.07354363799095154)","(0.7997052073478699, 0.7149804830551147, 0.05847052112221718)","(0.7417726516723633, 0.6962023377418518, 0.0848606675863266)","(0.7109683752059937, 0.7148506045341492, 0.0783812552690506)","(0.692082941532135, 0.7474718689918518, 0.06950629502534866)","(0.8048908114433289, 0.7586308121681213, 0.0779205933213234)","(0.7592368125915527, 0.7411678433418274, 0.09500233083963394)","(0.7332237958908081, 0.7483716011047363, 0.09410303831100464)","(0.7149224281311035, 0.7680953741073608, 0.09186641126871109)",Reach
2739,"(0.7600709795951843, 0.891312837600708, -3.229766036838555e-07)","(0.7063915729522705, 0.8075457811355591, -0.00899480003863573)","(0.6813344955444336, 0.7024700045585632, 0.0012447185581550002)","(0.659156322479248, 0.6392573118209839, 0.016114801168441772)","(0.635430097579956, 0.5999199748039246, 0.03213968500494957)","(0.7611444592475891, 0.6114400029182434, 0.02314145304262638)","(0.7161124348640442, 0.5711487531661987, 0.05856980383396149)","(0.6816014647483826, 0.5890737175941467, 0.07795219868421555)","(0.6593323945999146, 0.6091930866241455, 0.08861306309700012)","(0.7895090579986572, 0.645577073097229, 0.04123148322105408)","(0.7341699600219727, 0.6204152703285217, 0.07844584435224533)","(0.6981559991836548, 0.6464757323265076, 0.08686071634292603)","(0.6762602925300598, 0.6797412633895874, 0.08801553398370743)","(0.8003074526786804, 0.695988655090332, 0.060489851981401443)","(0.7494737505912781, 0.6709072589874268, 0.09171158075332642)","(0.719698965549469, 0.6845420002937317, 0.09033390879631042)","(0.7011020183563232, 0.7135044932365417, 0.08400651812553406)","(0.8051854968070984, 0.7417365908622742, 0.0796772837638855)","(0.7670283317565918, 0.7182163000106812, 0.10107403248548508)","(0.7413403987884521, 0.7222920060157776, 0.1038900688290596)","(0.7224370241165161, 0.7412201166152954, 0.10371245443820953)",Reach
2740,"(0.755687415599823, 0.8692234754562378, -3.0154529895298765e-07)","(0.7008707523345947, 0.7862046957015991, -0.011600987985730171)","(0.6759072542190552, 0.6798679828643799, -0.003158107865601778)","(0.6542059183120728, 0.6164839267730713, 0.010358460247516632)","(0.6310402154922485, 0.5764803886413574, 0.02471410483121872)","(0.7566857933998108, 0.5848284959793091, 0.016082338988780975)","(0.710485577583313, 0.5472921133041382, 0.048899296671152115)","(0.676171064376831, 0.565547525882721, 0.06660377979278564)","(0.6539517045021057, 0.584995448589325, 0.0760859027504921)","(0.7867308855056763, 0.6201279759407043, 0.03403274342417717)","(0.7335646748542786, 0.5922137498855591, 0.06872807443141937)","(0.6970216035842896, 0.611169159412384, 0.07594548165798187)","(0.672717273235321, 0.6410050988197327, 0.07605350762605667)","(0.7985397577285767, 0.671750545501709, 0.05321675166487694)","(0.7488872408866882, 0.6445081830024719, 0.0816829577088356)","(0.7193711996078491, 0.6568834781646729, 0.07911807298660278)","(0.7001411318778992, 0.6838042736053467, 0.0720704197883606)","(0.8024195432662964, 0.7179834842681885, 0.07221630215644836)","(0.7648695707321167, 0.6934118866920471, 0.09063374251127243)","(0.7402197122573853, 0.6977008581161499, 0.0925021693110466)","(0.7215933799743652, 0.7160004377365112, 0.09175492078065872)",Reach
2741,"(0.7498645782470703, 0.8435688018798828, -3.2637007052471745e-07)","(0.6949544548988342, 0.7641206979751587, -0.013489838689565659)","(0.6696115732192993, 0.656356155872345, -0.008195802569389343)","(0.6480332016944885, 0.590180516242981, 0.002290417905896902)","(0.6240098476409912, 0.5498716831207275, 0.013574927113950253)","(0.7493434548377991, 0.5576127171516418, 0.006190277170389891)","(0.7025124430656433, 0.5173419117927551, 0.03342721238732338)","(0.6677674055099487, 0.5359660983085632, 0.04881134256720543)","(0.6460019946098328, 0.5588347315788269, 0.057065099477767944)","(0.780775249004364, 0.5921288728713989, 0.0228304211050272)","(0.7260457277297974, 0.566517174243927, 0.051619697362184525)","(0.6914546489715576, 0.5892593860626221, 0.05848996341228485)","(0.6708067655563354, 0.6205761432647705, 0.0588432252407074)","(0.7939652800559998, 0.6453062891960144, 0.04077984765172005)","(0.7431619763374329, 0.6198022365570068, 0.06387965381145477)","(0.7158617377281189, 0.6356576085090637, 0.06190449744462967)","(0.6995009183883667, 0.665048360824585, 0.05593531206250191)","(0.7985777854919434, 0.6944214701652527, 0.05844931676983833)","(0.7597439289093018, 0.6695022583007812, 0.0725976899266243)","(0.7362023591995239, 0.6755103468894958, 0.07446517795324326)","(0.7199094295501709, 0.6947828531265259, 0.07423149049282074)",Reach
2742,"(0.7427741289138794, 0.8192803263664246, -2.767154114735604e-07)","(0.6857641339302063, 0.738990068435669, -0.01240331120789051)","(0.6603373885154724, 0.6299479603767395, -0.00694548012688756)","(0.6386076807975769, 0.5600820779800415, 0.0031917798332870007)","(0.614126443862915, 0.5163394212722778, 0.014144745655357838)","(0.7360869646072388, 0.5290325284004211, 0.01133857574313879)","(0.694767415523529, 0.48621392250061035, 0.03979320824146271)","(0.6629269123077393, 0.5032405853271484, 0.05470352992415428)","(0.6416279673576355, 0.5248744487762451, 0.06239129602909088)","(0.7693228721618652, 0.5592560768127441, 0.027268558740615845)","(0.7192862033843994, 0.5313314199447632, 0.05916101112961769)","(0.685343325138092, 0.5492218136787415, 0.0660330280661583)","(0.6629361510276794, 0.5775868892669678, 0.06567861139774323)","(0.784571647644043, 0.6108709573745728, 0.044233985245227814)","(0.7356881499290466, 0.5876003503799438, 0.07034090161323547)","(0.7082647085189819, 0.6003325581550598, 0.06904151290655136)","(0.6908245086669922, 0.625941276550293, 0.06272154301404953)","(0.7917583584785461, 0.6601101160049438, 0.060738448053598404)","(0.7547349333763123, 0.6352941989898682, 0.07806609570980072)","(0.7319726943969727, 0.6401993036270142, 0.08154447376728058)","(0.7154518365859985, 0.6584709286689758, 0.08173391968011856)",Reach
2743,"(0.732587993144989, 0.7959083914756775, -2.921865700500348e-07)","(0.6751506924629211, 0.7109342813491821, -0.00641598692163825)","(0.6503362655639648, 0.6024755835533142, 0.004591647535562515)","(0.6298750638961792, 0.5355112552642822, 0.020037667825818062)","(0.6055883765220642, 0.49636998772621155, 0.037052515894174576)","(0.7258363962173462, 0.4999985694885254, 0.02216768078505993)","(0.6844627857208252, 0.45441722869873047, 0.05737314745783806)","(0.6513540148735046, 0.4730287194252014, 0.07815925031900406)","(0.6289699077606201, 0.4975229501724243, 0.09058201313018799)","(0.7591449618339539, 0.529762327671051, 0.03936109319329262)","(0.7109695076942444, 0.4964961111545563, 0.08048836886882782)","(0.674730658531189, 0.5128626227378845, 0.09445635974407196)","(0.6488202810287476, 0.5410385727882385, 0.09933727234601974)","(0.7744463086128235, 0.5804862976074219, 0.057775143533945084)","(0.7289243936538696, 0.5528967380523682, 0.09268182516098022)","(0.6993067860603333, 0.5595890283584595, 0.09799661487340927)","(0.6792303919792175, 0.5834372639656067, 0.09589903056621552)","(0.7827454805374146, 0.6286560893058777, 0.07590657472610474)","(0.7488564252853394, 0.6025316119194031, 0.09971805661916733)","(0.7249664068222046, 0.6013681888580322, 0.10687126219272614)","(0.705680787563324, 0.6164144277572632, 0.11004513502120972)",Reach
2744,"(0.7216387987136841, 0.7686883211135864, -3.375870107902301e-07)","(0.6614893674850464, 0.6830620169639587, -0.01270317193120718)","(0.6361836791038513, 0.5717353820800781, -0.008004208095371723)","(0.6141777038574219, 0.5007952451705933, 0.0011658400762826204)","(0.5867087841033936, 0.4629019498825073, 0.010878304950892925)","(0.7133418917655945, 0.466774046421051, 0.00799344852566719)","(0.6677364110946655, 0.42122983932495117, 0.03254580870270729)","(0.6341431736946106, 0.44436800479888916, 0.04473954066634178)","(0.6136728525161743, 0.4714820683002472, 0.050898145884275436)","(0.7471660375595093, 0.4963896572589874, 0.02316371537744999)","(0.6921323537826538, 0.46805474162101746, 0.04896898940205574)","(0.657355546951294, 0.49510252475738525, 0.052437443286180496)","(0.6369557976722717, 0.5300912261009216, 0.05047204717993736)","(0.762963056564331, 0.5471453070640564, 0.0395868718624115)","(0.7110205292701721, 0.5224323868751526, 0.061298783868551254)","(0.6831825971603394, 0.539477527141571, 0.05824698880314827)","(0.6663026213645935, 0.5706323385238647, 0.0514976941049099)","(0.770473062992096, 0.5963031649589539, 0.05568737909197807)","(0.7322420477867126, 0.5710543394088745, 0.07060056179761887)","(0.7087158560752869, 0.576653242111206, 0.07330465316772461)","(0.6916057467460632, 0.5974686741828918, 0.07337482273578644)",Reach
2745,"(0.708949089050293, 0.7409731149673462, -3.371950469954754e-07)","(0.6479495763778687, 0.6576851010322571, -0.013710083439946175)","(0.6212127208709717, 0.545983076095581, -0.008845127187669277)","(0.5987693667411804, 0.47543346881866455, 0.001238832250237465)","(0.5720492005348206, 0.43456095457077026, 0.011982048861682415)","(0.6970542669296265, 0.4356653094291687, 0.004148559179157019)","(0.6525131464004517, 0.39038771390914917, 0.031084945425391197)","(0.6191763877868652, 0.41303616762161255, 0.045579247176647186)","(0.5988040566444397, 0.43867814540863037, 0.05278531834483147)","(0.7318782806396484, 0.4640703797340393, 0.020247530192136765)","(0.6789764165878296, 0.43694496154785156, 0.04921594262123108)","(0.6418702602386475, 0.458412230014801, 0.05429117754101753)","(0.6187201738357544, 0.48958349227905273, 0.052322711795568466)","(0.748539924621582, 0.5150344371795654, 0.03799988329410553)","(0.6989284753799438, 0.48874786496162415, 0.06197386980056763)","(0.6692039966583252, 0.502076268196106, 0.05982937663793564)","(0.6506146788597107, 0.5290731191635132, 0.052604544907808304)","(0.7561230659484863, 0.5637061595916748, 0.0554112084209919)","(0.7193247079849243, 0.5366451740264893, 0.07079055905342102)","(0.6944408416748047, 0.5400678515434265, 0.07374700903892517)","(0.6761406660079956, 0.5590643286705017, 0.07354506850242615)",Reach
2746,"(0.6926054358482361, 0.7117076516151428, -3.6640460621129023e-07)","(0.6305383443832397, 0.6314293146133423, -0.014576610177755356)","(0.6046220064163208, 0.5204929709434509, -0.012512516230344772)","(0.5829715728759766, 0.4476502537727356, -0.005942594725638628)","(0.5564489364624023, 0.40496593713760376, 0.0014319559559226036)","(0.6794445514678955, 0.4044051170349121, -0.00021888363698963076)","(0.635083019733429, 0.35866212844848633, 0.019497742876410484)","(0.602307915687561, 0.38424980640411377, 0.029068799689412117)","(0.5842542052268982, 0.4143680930137634, 0.033581431955099106)","(0.7157602906227112, 0.4317496418952942, 0.013666439801454544)","(0.6634824872016907, 0.4038194417953491, 0.035366855561733246)","(0.6282475590705872, 0.4299936592578888, 0.038094960153102875)","(0.6085366010665894, 0.46423405408859253, 0.03551739454269409)","(0.7341688275337219, 0.48256349563598633, 0.028798244893550873)","(0.6861083507537842, 0.4543558657169342, 0.04575190320611)","(0.6576803922653198, 0.47157013416290283, 0.04334056004881859)","(0.6413037180900574, 0.5029751062393188, 0.037417877465486526)","(0.7430912852287292, 0.5319996476173401, 0.04354318231344223)","(0.7076191902160645, 0.5029684901237488, 0.054410435259342194)","(0.6841593384742737, 0.5092357993125916, 0.05727275088429451)","(0.6680547595024109, 0.5307547450065613, 0.05797731131315231)",Reach
2747,"(0.6790015697479248, 0.6844786405563354, -3.845829041893012e-07)","(0.6139349937438965, 0.6059507131576538, -0.010738148353993893)","(0.5866614580154419, 0.49060243368148804, -0.005033384542912245)","(0.5650128126144409, 0.41785016655921936, 0.004518377128988504)","(0.5381784439086914, 0.37787050008773804, 0.014707217924296856)","(0.6575638651847839, 0.37055468559265137, 0.00898945052176714)","(0.6166309118270874, 0.32596859335899353, 0.03255455940961838)","(0.585046648979187, 0.3537449836730957, 0.04385260120034218)","(0.5667543411254883, 0.3857135772705078, 0.04948195815086365)","(0.6951014995574951, 0.39606618881225586, 0.022018171846866608)","(0.6426209211349487, 0.3746861219406128, 0.04818112403154373)","(0.6070553660392761, 0.4050291180610657, 0.05148499459028244)","(0.5884061455726624, 0.4417167007923126, 0.049073442816734314)","(0.7154592275619507, 0.44692525267601013, 0.036314088851213455)","(0.6684934496879578, 0.42294058203697205, 0.05657293274998665)","(0.6399437785148621, 0.4463346302509308, 0.053119927644729614)","(0.6250142455101013, 0.4818601608276367, 0.04614071547985077)","(0.7267633080482483, 0.4962924122810364, 0.0505513995885849)","(0.6905708312988281, 0.47113239765167236, 0.06419594585895538)","(0.6669328808784485, 0.48195821046829224, 0.06717357039451599)","(0.652167558670044, 0.5080010890960693, 0.0676514208316803)",Reach
2748,"(0.661902129650116, 0.6590554714202881, -3.333623226353666e-07)","(0.5953764915466309, 0.5820919871330261, -0.0075896424241364)","(0.5676292181015015, 0.46699535846710205, 0.002032299991697073)","(0.5453216433525085, 0.3962017893791199, 0.015346324071288109)","(0.518229603767395, 0.3573400378227234, 0.02939164638519287)","(0.6375753283500671, 0.342825710773468, 0.02079939842224121)","(0.5970457196235657, 0.3028308153152466, 0.053846392780542374)","(0.5666382312774658, 0.32985228300094604, 0.07064756006002426)","(0.5485689640045166, 0.35977572202682495, 0.07962321490049362)","(0.6757229566574097, 0.3672664761543274, 0.03562770038843155)","(0.6260237693786621, 0.34782806038856506, 0.07342380285263062)","(0.5920128226280212, 0.37338852882385254, 0.08105973154306412)","(0.5726420879364014, 0.4066442847251892, 0.08060384541749954)","(0.6969400644302368, 0.4176265597343445, 0.05193837359547615)","(0.6522673964500427, 0.3964462876319885, 0.08285797387361526)","(0.6256333589553833, 0.4127519130706787, 0.0825897604227066)","(0.6107877492904663, 0.44250503182411194, 0.07632791996002197)","(0.7088430523872375, 0.4659923315048218, 0.06819025427103043)","(0.6744349598884583, 0.4410960078239441, 0.0899370014667511)","(0.6519612073898315, 0.44672873616218567, 0.09577789157629013)","(0.636613667011261, 0.4697410464286804, 0.09757965803146362)",Reach
2749,"(0.6443626880645752, 0.6304787397384644, -3.5622070981844445e-07)","(0.5768155455589294, 0.5602756142616272, -0.008373078890144825)","(0.5479631423950195, 0.44810935854911804, -0.0023903045803308487)","(0.5257955193519592, 0.3754371702671051, 0.0067101758904755116)","(0.49829965829849243, 0.336986780166626, 0.01631428860127926)","(0.6133307814598083, 0.3174232244491577, 0.012871850281953812)","(0.5749804377555847, 0.27661293745040894, 0.037373751401901245)","(0.5456926822662354, 0.3049136996269226, 0.048489972949028015)","(0.5296136140823364, 0.3361797630786896, 0.05375705286860466)","(0.6525381207466125, 0.3382205069065094, 0.024735545739531517)","(0.6043360829353333, 0.317166805267334, 0.05353324115276337)","(0.5722336173057556, 0.3464673161506653, 0.05819948762655258)","(0.5564906001091003, 0.3818693459033966, 0.05611488223075867)","(0.6759630441665649, 0.38635724782943726, 0.03784124553203583)","(0.6326553225517273, 0.3610585927963257, 0.06054426357150078)","(0.6067913174629211, 0.38356882333755493, 0.058960024267435074)","(0.5946148037910461, 0.4168567955493927, 0.05255458131432533)","(0.6896824240684509, 0.43401089310646057, 0.05092081427574158)","(0.6553923487663269, 0.40651726722717285, 0.06691725552082062)","(0.6333824396133423, 0.4172063171863556, 0.07149539142847061)","(0.6208091974258423, 0.44294431805610657, 0.07262798398733139)",Reach
2750,"(0.6265526413917542, 0.6067715883255005, -3.51600675685404e-07)","(0.5583429932594299, 0.539995014667511, -0.00529200304299593)","(0.5279405117034912, 0.4280696213245392, 0.002493966603651643)","(0.5057515501976013, 0.3576434552669525, 0.01274091750383377)","(0.4777318835258484, 0.3235175609588623, 0.023411942645907402)","(0.5938803553581238, 0.29636961221694946, 0.017500029876828194)","(0.5562343001365662, 0.2575796842575073, 0.043768495321273804)","(0.5276668667793274, 0.2853018045425415, 0.05562463775277138)","(0.5112118124961853, 0.3154613971710205, 0.06134725362062454)","(0.6331951022148132, 0.31588214635849, 0.02830803021788597)","(0.5867125391960144, 0.29292169213294983, 0.05940760299563408)","(0.5550457239151001, 0.31915926933288574, 0.06531040370464325)","(0.5380696654319763, 0.3541348874568939, 0.06411692500114441)","(0.6573787331581116, 0.363379567861557, 0.040446676313877106)","(0.6161404848098755, 0.33766597509384155, 0.06585049629211426)","(0.5913676023483276, 0.35682809352874756, 0.06592942029237747)","(0.5784632563591003, 0.38773098587989807, 0.060410115867853165)","(0.6719309091567993, 0.4114138185977936, 0.052581898868083954)","(0.6395479440689087, 0.3860151767730713, 0.07089908421039581)","(0.6185353994369507, 0.39431068301200867, 0.07684867084026337)","(0.6053711175918579, 0.417440801858902, 0.07875288277864456)",Reach
2751,"(0.6055049896240234, 0.5811111927032471, -3.9065881196620467e-07)","(0.538364827632904, 0.5186179876327515, -0.004846065770834684)","(0.5088510513305664, 0.41277065873146057, 0.001988539705052972)","(0.48746687173843384, 0.3442729711532593, 0.011284914799034595)","(0.46044492721557617, 0.3128511309623718, 0.02117219567298889)","(0.5721005201339722, 0.2780270576477051, 0.012070433236658573)","(0.5349217057228088, 0.24196963012218475, 0.03547768294811249)","(0.5078840851783752, 0.2720736563205719, 0.04729173704981804)","(0.4931219816207886, 0.3056379556655884, 0.05339532345533371)","(0.612517237663269, 0.29573431611061096, 0.021550869569182396)","(0.568337082862854, 0.27127861976623535, 0.0494258776307106)","(0.5370917320251465, 0.2983611226081848, 0.055509090423583984)","(0.5199495553970337, 0.33457764983177185, 0.05479075387120247)","(0.6386495232582092, 0.34144461154937744, 0.03260490670800209)","(0.598421573638916, 0.31525081396102905, 0.05431167036294937)","(0.5735518932342529, 0.33535999059677124, 0.054534122347831726)","(0.5605757236480713, 0.3678145706653595, 0.049741555005311966)","(0.6549431681632996, 0.3886164128780365, 0.04385761916637421)","(0.6234599351882935, 0.36139923334121704, 0.05881645902991295)","(0.6026932597160339, 0.37038227915763855, 0.06419332325458527)","(0.589643120765686, 0.39421018958091736, 0.06619216501712799)",Reach
2752,"(0.589691162109375, 0.560016393661499, -3.665738006475294e-07)","(0.5203681588172913, 0.49993836879730225, -0.006282132584601641)","(0.4905920922756195, 0.40078097581863403, -0.0001578092051204294)","(0.46848422288894653, 0.3327406942844391, 0.008820836432278156)","(0.4416797161102295, 0.30073484778404236, 0.018369700759649277)","(0.5506634712219238, 0.2628667950630188, 0.01232457347214222)","(0.5127576589584351, 0.22967848181724548, 0.03815588727593422)","(0.48648208379745483, 0.26336973905563354, 0.05168851092457771)","(0.4740418791770935, 0.2985089421272278, 0.05856814980506897)","(0.5921838879585266, 0.279426246881485, 0.023429574444890022)","(0.5473328828811646, 0.2573305666446686, 0.0537341870367527)","(0.5144382119178772, 0.2878980040550232, 0.06045930087566376)","(0.4977647066116333, 0.32483240962028503, 0.059594906866550446)","(0.619164228439331, 0.32396864891052246, 0.03622708469629288)","(0.5780397057533264, 0.30142462253570557, 0.05979209765791893)","(0.5521534085273743, 0.3244973421096802, 0.05941377952694893)","(0.5394537448883057, 0.36033347249031067, 0.053592946380376816)","(0.6369600892066956, 0.3701114356517792, 0.049223046749830246)","(0.604141354560852, 0.34717410802841187, 0.06568675488233566)","(0.5834857821464539, 0.35863471031188965, 0.07098133862018585)","(0.5707626938819885, 0.3851669430732727, 0.0724727064371109)",Reach
2753,"(0.5712015628814697, 0.537594735622406, -3.7952747788949637e-07)","(0.5028358697891235, 0.48090851306915283, -0.0038588186725974083)","(0.47330084443092346, 0.3856303095817566, 0.0038276505656540394)","(0.45263129472732544, 0.32133209705352783, 0.014140521176159382)","(0.427388072013855, 0.29339244961738586, 0.025168467313051224)","(0.5309414267539978, 0.24804545938968658, 0.013837449252605438)","(0.4959980249404907, 0.21710732579231262, 0.03896839916706085)","(0.4715346395969391, 0.25084584951400757, 0.05189744383096695)","(0.46009737253189087, 0.2854346036911011, 0.05841441825032234)","(0.572147011756897, 0.2621119022369385, 0.023786209523677826)","(0.5297107100486755, 0.24327325820922852, 0.053588639944791794)","(0.4995660185813904, 0.2748947739601135, 0.06011729687452316)","(0.4852173328399658, 0.3114122152328491, 0.05914772301912308)","(0.599574863910675, 0.30473271012306213, 0.03546689823269844)","(0.5607239603996277, 0.2849295139312744, 0.058518871665000916)","(0.5368635654449463, 0.3085317015647888, 0.05775035172700882)","(0.5263034105300903, 0.34397441148757935, 0.051737651228904724)","(0.6180739402770996, 0.3488970100879669, 0.04751447215676308)","(0.5877383947372437, 0.3292124271392822, 0.0632154643535614)","(0.5687969923019409, 0.34127578139305115, 0.06769633293151855)","(0.5579679608345032, 0.3672912120819092, 0.06872260570526123)",Reach
2754,"(0.5558702945709229, 0.5194790363311768, -4.324329552218842e-07)","(0.4865812063217163, 0.4683111608028412, -0.005689962301403284)","(0.4573802351951599, 0.3747163414955139, 0.00047697057016193867)","(0.43890494108200073, 0.31169360876083374, 0.0096055306494236)","(0.4162408709526062, 0.2853345274925232, 0.019414575770497322)","(0.5136576890945435, 0.23392684757709503, 0.005550597794353962)","(0.477791965007782, 0.20984230935573578, 0.024749936535954475)","(0.4539458155632019, 0.24509885907173157, 0.034372925758361816)","(0.4445449411869049, 0.2799915373325348, 0.03908952698111534)","(0.5559344291687012, 0.24828538298606873, 0.014187357388436794)","(0.514044463634491, 0.2330709993839264, 0.03802761062979698)","(0.48577308654785156, 0.26754891872406006, 0.04352600499987602)","(0.47398537397384644, 0.30399471521377563, 0.042675938457250595)","(0.5845977067947388, 0.2909547984600067, 0.024389320984482765)","(0.5449859499931335, 0.27417436242103577, 0.040843427181243896)","(0.5227017998695374, 0.30143141746520996, 0.03961643949151039)","(0.5151551961898804, 0.3376733660697937, 0.03468625247478485)","(0.6036597490310669, 0.33504971861839294, 0.034915097057819366)","(0.5717392563819885, 0.31765925884246826, 0.045020267367362976)","(0.5543171167373657, 0.3339288830757141, 0.04864402860403061)","(0.5462730526924133, 0.36227723956108093, 0.05006843060255051)",Reach
2755,"(0.5408614873886108, 0.505859375, -4.3700111973521416e-07)","(0.47092634439468384, 0.459675669670105, -0.0023155082017183304)","(0.44222790002822876, 0.36771705746650696, 0.006458501797169447)","(0.4252799153327942, 0.3050597012042999, 0.017903368920087814)","(0.40413084626197815, 0.27683329582214355, 0.029881231486797333)","(0.4956623613834381, 0.2229534089565277, 0.012218443676829338)","(0.46141961216926575, 0.20323699712753296, 0.03562640771269798)","(0.4386339485645294, 0.2392691671848297, 0.047251202166080475)","(0.43022847175598145, 0.27384987473487854, 0.05297388136386871)","(0.5384030938148499, 0.2351224720478058, 0.020736172795295715)","(0.4978507459163666, 0.2268420159816742, 0.04977555572986603)","(0.47042518854141235, 0.26393330097198486, 0.0565684475004673)","(0.460687518119812, 0.3009083867073059, 0.05584389343857765)","(0.5681998133659363, 0.27747032046318054, 0.031113632023334503)","(0.5307060480117798, 0.26458925008773804, 0.05207357555627823)","(0.5083802938461304, 0.29317551851272583, 0.05085368826985359)","(0.5024569034576416, 0.3298768699169159, 0.045057233422994614)","(0.5891627669334412, 0.3213973045349121, 0.04210949316620827)","(0.558374285697937, 0.3058183193206787, 0.05608764663338661)","(0.540927529335022, 0.32206961512565613, 0.06034481152892113)","(0.5341770052909851, 0.3510335385799408, 0.06159031018614769)",Reach
2756,"(0.5276336669921875, 0.49145305156707764, -4.402153024329891e-07)","(0.45780909061431885, 0.4487820267677307, -0.0014749401016160846)","(0.42929381132125854, 0.3595312535762787, 0.0051097203977406025)","(0.4137957990169525, 0.29831549525260925, 0.013491841033101082)","(0.3928641974925995, 0.2734890878200531, 0.022223319858312607)","(0.48005411028862, 0.21603603661060333, 0.0080141955986619)","(0.4469444751739502, 0.19715361297130585, 0.024754684418439865)","(0.4253106713294983, 0.2324708253145218, 0.0321994349360466)","(0.41808679699897766, 0.26760244369506836, 0.03562632203102112)","(0.5224109888076782, 0.22618240118026733, 0.013371293433010578)","(0.4845636487007141, 0.21580034494400024, 0.0359000563621521)","(0.45898962020874023, 0.25318577885627747, 0.04081905633211136)","(0.45101431012153625, 0.2896812856197357, 0.03952104225754738)","(0.5528091192245483, 0.2660396993160248, 0.02040105313062668)","(0.5177703499794006, 0.25187528133392334, 0.035599157214164734)","(0.49674955010414124, 0.281586229801178, 0.03470481187105179)","(0.4925498068332672, 0.3192211985588074, 0.03006424568593502)","(0.5739913582801819, 0.3089298903942108, 0.028017858043313026)","(0.5451443195343018, 0.2924635112285614, 0.037985045462846756)","(0.5289909243583679, 0.30957430601119995, 0.04236411675810814)","(0.5238219499588013, 0.3392035961151123, 0.044295601546764374)",Reach
2757,"(0.5136796236038208, 0.48012879490852356, -4.315404282806412e-07)","(0.4443306624889374, 0.4419752061367035, -0.0015423025470227003)","(0.4160897731781006, 0.3556164801120758, 0.004884178284555674)","(0.4018425941467285, 0.29356661438941956, 0.013200818561017513)","(0.381217360496521, 0.27463293075561523, 0.02195126935839653)","(0.46287089586257935, 0.20767462253570557, 0.006695093587040901)","(0.43060627579689026, 0.19284266233444214, 0.023176267743110657)","(0.4108925461769104, 0.23012036085128784, 0.03123684972524643)","(0.40471071004867554, 0.2665230333805084, 0.03520492836833)","(0.5056635141372681, 0.2154945731163025, 0.011971044354140759)","(0.4698599576950073, 0.2088780701160431, 0.034757502377033234)","(0.4462657570838928, 0.24782082438468933, 0.04092904552817345)","(0.4391656816005707, 0.2831675410270691, 0.040460437536239624)","(0.5370509624481201, 0.2547808289527893, 0.018912579864263535)","(0.504096508026123, 0.24657079577445984, 0.03433428704738617)","(0.4846854507923126, 0.27683544158935547, 0.034343693405389786)","(0.48130279779434204, 0.3137788772583008, 0.03020901419222355)","(0.5596545338630676, 0.29846033453941345, 0.026326019316911697)","(0.5321921110153198, 0.2878066301345825, 0.03693562373518944)","(0.5170012712478638, 0.3059822618961334, 0.04181849956512451)","(0.5122728943824768, 0.3346911668777466, 0.04390586540102959)",Reach
2758,"(0.4998198449611664, 0.47119560837745667, -4.593530036345328e-07)","(0.4299093186855316, 0.43517768383026123, -0.0009403029107488692)","(0.4010331332683563, 0.35244929790496826, 0.0058778151869773865)","(0.389412522315979, 0.2928481698036194, 0.014542659744620323)","(0.3741656541824341, 0.2745213806629181, 0.023693479597568512)","(0.4442790150642395, 0.20091792941093445, 0.005350608378648758)","(0.41359034180641174, 0.19557908177375793, 0.02061593160033226)","(0.3948379158973694, 0.2340332716703415, 0.027746563777327538)","(0.38917505741119385, 0.2693769633769989, 0.030973033979535103)","(0.4870590269565582, 0.2077028751373291, 0.009169058874249458)","(0.4513312578201294, 0.20847146213054657, 0.02991618774831295)","(0.4288894832134247, 0.24961796402931213, 0.035262975841760635)","(0.4233509600162506, 0.2857738733291626, 0.0345720499753952)","(0.5195778012275696, 0.24544429779052734, 0.014680981636047363)","(0.48638537526130676, 0.2429513931274414, 0.02800557389855385)","(0.4675039052963257, 0.2752901315689087, 0.027617622166872025)","(0.4660221040248871, 0.3125123679637909, 0.023812608793377876)","(0.5439081788063049, 0.28793954849243164, 0.02060271054506302)","(0.5171054601669312, 0.27945035696029663, 0.029489226639270782)","(0.5022948384284973, 0.29911935329437256, 0.03391604870557785)","(0.498961478471756, 0.32821616530418396, 0.036090098321437836)",Reach
2759,"(0.4883597791194916, 0.46022623777389526, -4.338159271810582e-07)","(0.4190720319747925, 0.4289851188659668, 0.0011363987578079104)","(0.38826343417167664, 0.35197681188583374, 0.010207880288362503)","(0.3773936331272125, 0.293874591588974, 0.021004460752010345)","(0.3704242706298828, 0.2759567201137543, 0.03266620263457298)","(0.43006134033203125, 0.20398515462875366, 0.010143902152776718)","(0.40126779675483704, 0.19293135404586792, 0.028133459389209747)","(0.38332054018974304, 0.23069608211517334, 0.03798816725611687)","(0.37746840715408325, 0.26854145526885986, 0.04334865137934685)","(0.4718495011329651, 0.2075415849685669, 0.014704671688377857)","(0.4378942549228668, 0.19940835237503052, 0.03783589228987694)","(0.4159141778945923, 0.23851914703845978, 0.04475879669189453)","(0.4098144471645355, 0.27651500701904297, 0.04541435092687607)","(0.5046936869621277, 0.24068474769592285, 0.020926006138324738)","(0.4724682569503784, 0.23182979226112366, 0.03615177795290947)","(0.4528183043003082, 0.26295170187950134, 0.035815414041280746)","(0.45054346323013306, 0.30152496695518494, 0.03216426074504852)","(0.5303475260734558, 0.27879852056503296, 0.027847779914736748)","(0.5036896467208862, 0.2670525312423706, 0.038041215389966965)","(0.4881454110145569, 0.28570348024368286, 0.04212026298046112)","(0.4843103289604187, 0.3152329921722412, 0.04400921240448952)",Reach
2760,"(0.47797876596450806, 0.4554581046104431, -4.330350975578767e-07)","(0.4063209593296051, 0.4245379567146301, -0.002724718302488327)","(0.374475359916687, 0.34659343957901, 0.00291041168384254)","(0.36427053809165955, 0.2915811538696289, 0.010885288938879967)","(0.35779568552970886, 0.27904707193374634, 0.019219642505049706)","(0.41405007243156433, 0.19843001663684845, 0.0012956145219504833)","(0.3832148313522339, 0.20147046446800232, 0.014959123916924)","(0.37018221616744995, 0.24207238852977753, 0.021620750427246094)","(0.3705449402332306, 0.2747662365436554, 0.0243208147585392)","(0.457031786441803, 0.2016843855381012, 0.005119130946695805)","(0.42053622007369995, 0.20996911823749542, 0.022045623511075974)","(0.40449774265289307, 0.2559157609939575, 0.026595819741487503)","(0.40694698691368103, 0.2912817597389221, 0.026312168687582016)","(0.49097293615341187, 0.2342556267976761, 0.010585718788206577)","(0.4561150074005127, 0.2366192638874054, 0.01984599232673645)","(0.44099345803260803, 0.27189701795578003, 0.01876048371195793)","(0.4453662931919098, 0.3065960705280304, 0.015727369114756584)","(0.5164673924446106, 0.2707558572292328, 0.016507603228092194)","(0.48707515001296997, 0.2647508382797241, 0.022213468328118324)","(0.4751264452934265, 0.2890408933162689, 0.026037907227873802)","(0.477496862411499, 0.3176943361759186, 0.028580782935023308)",Reach
2761,"(0.46470141410827637, 0.44499510526657104, -4.1291238517260354e-07)","(0.3952723443508148, 0.42084556818008423, -0.00024022812431212515)","(0.3629801273345947, 0.35316285490989685, 0.006259103771299124)","(0.35259076952934265, 0.30259767174720764, 0.014902046881616116)","(0.35222122073173523, 0.28315770626068115, 0.023942703381180763)","(0.39622992277145386, 0.19978630542755127, 0.0030164048075675964)","(0.3694027066230774, 0.20797869563102722, 0.017416972666978836)","(0.3596779406070709, 0.2421826422214508, 0.024358127266168594)","(0.3605427145957947, 0.2713643014431, 0.02719939686357975)","(0.4385879337787628, 0.19890955090522766, 0.006078422535210848)","(0.4072539210319519, 0.2162286788225174, 0.024595368653535843)","(0.3954828083515167, 0.2564319968223572, 0.029244814068078995)","(0.3981877565383911, 0.28949329257011414, 0.028383374214172363)","(0.4734192490577698, 0.2269444465637207, 0.010910425335168839)","(0.4426652789115906, 0.23989182710647583, 0.021829212084412575)","(0.4306832551956177, 0.27125081419944763, 0.02067943476140499)","(0.43422654271125793, 0.30330365896224976, 0.01696084439754486)","(0.5000610947608948, 0.25952139496803284, 0.0163241196423769)","(0.47471722960472107, 0.2585940659046173, 0.023148823529481888)","(0.46482986211776733, 0.28047364950180054, 0.026646429672837257)","(0.4663394093513489, 0.30677664279937744, 0.028547188267111778)",Reach
2762,"(0.45343223214149475, 0.4362693428993225, -4.094925714070996e-07)","(0.3846776783466339, 0.4173157513141632, -0.0009146503289230168)","(0.35136398673057556, 0.35129666328430176, 0.003764077089726925)","(0.343445360660553, 0.2996659278869629, 0.010077651590108871)","(0.34845292568206787, 0.2771960198879242, 0.01652456820011139)","(0.38300615549087524, 0.20264708995819092, 0.0005742172943428159)","(0.3568299412727356, 0.21630160510540009, 0.0102379834279418)","(0.3465268015861511, 0.24945686757564545, 0.013352891430258751)","(0.34655267000198364, 0.2775880694389343, 0.013856112957000732)","(0.42378655076026917, 0.19839616119861603, 0.0018594092689454556)","(0.3950142562389374, 0.21954454481601715, 0.016452593728899956)","(0.3847303092479706, 0.2579702138900757, 0.01926369220018387)","(0.38703805208206177, 0.28960439562797546, 0.017512548714876175)","(0.45930707454681396, 0.22235453128814697, 0.0045534465461969376)","(0.4311598837375641, 0.23834919929504395, 0.011734693311154842)","(0.42080602049827576, 0.2702808678150177, 0.010845564305782318)","(0.4239655137062073, 0.3020094931125641, 0.007936403155326843)","(0.4869866967201233, 0.2530163824558258, 0.007674044463783503)","(0.463489294052124, 0.25300729274749756, 0.011662127450108528)","(0.4539629817008972, 0.27715131640434265, 0.015611093491315842)","(0.45508310198783875, 0.30441173911094666, 0.018383698537945747)",Reach
2763,"(0.4423523545265198, 0.42719316482543945, -3.9911631688482885e-07)","(0.37314632534980774, 0.41654327511787415, 0.0032736333087086678)","(0.3424804210662842, 0.3550755977630615, 0.012298708781599998)","(0.3382311463356018, 0.3049326241016388, 0.02273239940404892)","(0.34713780879974365, 0.27798739075660706, 0.03329908102750778)","(0.36721372604370117, 0.2031688243150711, 0.010503149591386318)","(0.34647610783576965, 0.2272549420595169, 0.02549808658659458)","(0.3391653895378113, 0.2630639374256134, 0.029647687450051308)","(0.3417651951313019, 0.2897012531757355, 0.029882406815886497)","(0.40681037306785583, 0.1940070539712906, 0.011905704624950886)","(0.38467276096343994, 0.2228597104549408, 0.033595696091651917)","(0.3765377104282379, 0.2604215443134308, 0.03702725097537041)","(0.37969255447387695, 0.29078614711761475, 0.03423500433564186)","(0.4427591860294342, 0.21454297006130219, 0.014902184717357159)","(0.4201306700706482, 0.23913703858852386, 0.02811424992978573)","(0.41076719760894775, 0.2701976001262665, 0.026254134252667427)","(0.4139741063117981, 0.299844890832901, 0.020980501547455788)","(0.4714953303337097, 0.242293581366539, 0.018510201945900917)","(0.45239657163619995, 0.2514316737651825, 0.025976674631237984)","(0.44482752680778503, 0.27603524923324585, 0.029051275923848152)","(0.446631520986557, 0.3017348051071167, 0.030195528641343117)",Reach
2764,"(0.4330132007598877, 0.4205164909362793, -4.078599431522889e-07)","(0.3660362958908081, 0.41506198048591614, 0.007487638853490353)","(0.3368755578994751, 0.363288015127182, 0.0205441452562809)","(0.3302608132362366, 0.3190443813800812, 0.03550619259476662)","(0.33514001965522766, 0.2914680242538452, 0.05093676969408989)","(0.3552013635635376, 0.20737721025943756, 0.017770586535334587)","(0.33836013078689575, 0.23241451382637024, 0.03848481923341751)","(0.3346574008464813, 0.2648211419582367, 0.04626597464084625)","(0.3385298252105713, 0.2850561738014221, 0.04856232926249504)","(0.3943744897842407, 0.1951889991760254, 0.019612738862633705)","(0.37641993165016174, 0.22503632307052612, 0.047799304127693176)","(0.37227877974510193, 0.2604162395000458, 0.05312642455101013)","(0.37718555331230164, 0.28562530875205994, 0.050502628087997437)","(0.4301222860813141, 0.21128538250923157, 0.023479744791984558)","(0.4117761552333832, 0.2354837954044342, 0.04217052832245827)","(0.40493351221084595, 0.26549023389816284, 0.040705516934394836)","(0.4084535241127014, 0.291037380695343, 0.03454979881644249)","(0.46026796102523804, 0.2354324460029602, 0.028404179960489273)","(0.44508036971092224, 0.238920658826828, 0.04011516645550728)","(0.4394401013851166, 0.26206958293914795, 0.04373635724186897)","(0.4414939284324646, 0.28611838817596436, 0.04443547502160072)",Reach
2765,"(0.42463141679763794, 0.41381728649139404, -4.5065286258250126e-07)","(0.3593353033065796, 0.40786105394363403, 0.018970845267176628)","(0.3326408565044403, 0.3565257787704468, 0.04350622370839119)","(0.3288346529006958, 0.31384536623954773, 0.06906051188707352)","(0.33478835225105286, 0.2870968282222748, 0.09523699432611465)","(0.34621885418891907, 0.20672696828842163, 0.04264368489384651)","(0.3382003903388977, 0.2339518964290619, 0.07540109008550644)","(0.33908870816230774, 0.26747363805770874, 0.08884105831384659)","(0.34423917531967163, 0.2851369380950928, 0.09376342594623566)","(0.3841428756713867, 0.19381694495677948, 0.04412554204463959)","(0.3723854720592499, 0.22464747726917267, 0.08392117917537689)","(0.3719773292541504, 0.26093757152557373, 0.09118111431598663)","(0.3775770962238312, 0.28404319286346436, 0.08853735774755478)","(0.41848939657211304, 0.20542357861995697, 0.04808036610484123)","(0.4048808217048645, 0.23264282941818237, 0.07664135098457336)","(0.4003756046295166, 0.2648673951625824, 0.07491180300712585)","(0.4048794209957123, 0.2866913378238678, 0.06690928339958191)","(0.4510393440723419, 0.22461029887199402, 0.053972601890563965)","(0.4380849003791809, 0.2298310399055481, 0.07314062863588333)","(0.4332674741744995, 0.2557126581668854, 0.07740671932697296)","(0.4351837635040283, 0.27992939949035645, 0.0772310197353363)",Reach
2766,"(0.4142751693725586, 0.411044716835022, -3.953551015456469e-07)","(0.3531445562839508, 0.40033358335494995, 0.01707049459218979)","(0.32757431268692017, 0.34197646379470825, 0.03590090945363045)","(0.3337581753730774, 0.28973209857940674, 0.05419646576046944)","(0.3510224521160126, 0.26529380679130554, 0.07256882637739182)","(0.3388618528842926, 0.20855244994163513, 0.038365188986063004)","(0.3421488106250763, 0.21808485686779022, 0.06472891569137573)","(0.3446808159351349, 0.2515190541744232, 0.07457664608955383)","(0.3466864824295044, 0.2733575105667114, 0.07774906605482101)","(0.37684518098831177, 0.1935034692287445, 0.03745325654745102)","(0.37538856267929077, 0.21475544571876526, 0.07185603678226471)","(0.37634286284446716, 0.2505672574043274, 0.0776607096195221)","(0.3804027736186981, 0.27292782068252563, 0.07472716271877289)","(0.4118820130825043, 0.20330598950386047, 0.03845420479774475)","(0.40643423795700073, 0.2210984230041504, 0.0623839870095253)","(0.40330252051353455, 0.25356534123420715, 0.062208786606788635)","(0.4063410758972168, 0.2766130864620209, 0.0562351793050766)","(0.4449767470359802, 0.22008013725280762, 0.041089992970228195)","(0.43841904401779175, 0.20824843645095825, 0.05874764174222946)","(0.4348943531513214, 0.2328706830739975, 0.06562452763319016)","(0.43594056367874146, 0.25623878836631775, 0.06773838400840759)",Reach
2767,"(0.40811264514923096, 0.4061780571937561, -4.05256258773079e-07)","(0.3490064740180969, 0.39798372983932495, 0.015340869314968586)","(0.3233858644962311, 0.3422050476074219, 0.03010372444987297)","(0.33099618554115295, 0.28691744804382324, 0.04433470591902733)","(0.35196882486343384, 0.2627469301223755, 0.058589957654476166)","(0.3312545120716095, 0.2065218985080719, 0.029098737984895706)","(0.33953309059143066, 0.21452948451042175, 0.05197896808385849)","(0.34405985474586487, 0.24902713298797607, 0.06160643324255943)","(0.34481096267700195, 0.2709254324436188, 0.0647016391158104)","(0.36822423338890076, 0.18875667452812195, 0.027319500222802162)","(0.3730952739715576, 0.21561428904533386, 0.05840776488184929)","(0.3756534457206726, 0.2529584765434265, 0.06485095620155334)","(0.3781876564025879, 0.27435845136642456, 0.06243661418557167)","(0.4039551615715027, 0.19563743472099304, 0.02766450121998787)","(0.4034242630004883, 0.22105327248573303, 0.04950159415602684)","(0.40203797817230225, 0.25332340598106384, 0.05032535642385483)","(0.40346506237983704, 0.2760167717933655, 0.044871192425489426)","(0.4375510811805725, 0.21128322184085846, 0.02944749966263771)","(0.43475252389907837, 0.2097601443529129, 0.045253459364175797)","(0.43209025263786316, 0.23689071834087372, 0.05187703296542168)","(0.4317741096019745, 0.2601948082447052, 0.05391450971364975)",Reach
2768,"(0.4007687568664551, 0.40292808413505554, -4.2033789782180975e-07)","(0.34551507234573364, 0.3888426125049591, 0.029164765030145645)","(0.3243846893310547, 0.33276140689849854, 0.05482860654592514)","(0.33017200231552124, 0.2805614173412323, 0.07805879414081573)","(0.3483584225177765, 0.25522133708000183, 0.10104013234376907)","(0.3295711278915405, 0.20794174075126648, 0.055606599897146225)","(0.33717823028564453, 0.2102200984954834, 0.08899282664060593)","(0.3411312997341156, 0.2413395345211029, 0.10307976603507996)","(0.341608464717865, 0.26138171553611755, 0.1087493747472763)","(0.3663652241230011, 0.19149433076381683, 0.05180215835571289)","(0.3701949417591095, 0.20819690823554993, 0.09213783591985703)","(0.3723854124546051, 0.2435426115989685, 0.09956582635641098)","(0.37497976422309875, 0.2658084034919739, 0.09753775596618652)","(0.40068957209587097, 0.19636192917823792, 0.050808135420084)","(0.4001775085926056, 0.2147686779499054, 0.0809536799788475)","(0.397620290517807, 0.2464660406112671, 0.08177421987056732)","(0.39913034439086914, 0.268782377243042, 0.07573624700307846)","(0.4338403344154358, 0.20928628742694855, 0.05249150097370148)","(0.42951610684394836, 0.20153668522834778, 0.07623770833015442)","(0.4261373281478882, 0.22724692523479462, 0.08491665124893188)","(0.42571982741355896, 0.2513362169265747, 0.08768752217292786)",Reach
2769,"(0.3924555778503418, 0.40007540583610535, -4.5095228529135056e-07)","(0.337159126996994, 0.37914329767227173, 0.030468890443444252)","(0.3182404041290283, 0.3205014765262604, 0.05526819825172424)","(0.3278156816959381, 0.2692851424217224, 0.07750515639781952)","(0.34869617223739624, 0.24875062704086304, 0.09972625225782394)","(0.32302549481391907, 0.20307743549346924, 0.05180097371339798)","(0.33520954847335815, 0.20603659749031067, 0.0818680003285408)","(0.3407875895500183, 0.24172526597976685, 0.09405830502510071)","(0.3409387469291687, 0.2665659785270691, 0.09870664030313492)","(0.36029767990112305, 0.1874789595603943, 0.04707608371973038)","(0.366936057806015, 0.20440274477005005, 0.0854281634092331)","(0.3710520565509796, 0.24170802533626556, 0.09322448074817657)","(0.3732285797595978, 0.26481568813323975, 0.09136774390935898)","(0.39476367831230164, 0.19270449876785278, 0.04540751129388809)","(0.3963095247745514, 0.20723898708820343, 0.0745234563946724)","(0.39498040080070496, 0.2403654009103775, 0.07727830857038498)","(0.39651408791542053, 0.2639157474040985, 0.07237271964550018)","(0.42874234914779663, 0.20578032732009888, 0.046426646411418915)","(0.4268753230571747, 0.1923256814479828, 0.06959069520235062)","(0.42528194189071655, 0.21748299896717072, 0.07961833477020264)","(0.42533326148986816, 0.24040120840072632, 0.08331479877233505)",Reach
2770,"(0.38927409052848816, 0.3995111584663391, -4.4845646129942907e-07)","(0.33454790711402893, 0.37961333990097046, 0.02794749103486538)","(0.3155127465724945, 0.3216112554073334, 0.050342824310064316)","(0.32464471459388733, 0.26889336109161377, 0.07041459530591965)","(0.345200777053833, 0.24826309084892273, 0.09050591289997101)","(0.318494588136673, 0.20264002680778503, 0.046572245657444)","(0.33380231261253357, 0.2098706066608429, 0.07425550371408463)","(0.34028327465057373, 0.24476489424705505, 0.08557067811489105)","(0.33976250886917114, 0.2691504955291748, 0.0898420587182045)","(0.3553052246570587, 0.1847647875547409, 0.04170146957039833)","(0.3652992248535156, 0.20426809787750244, 0.07722806930541992)","(0.36969345808029175, 0.2406550943851471, 0.0837927982211113)","(0.3715481460094452, 0.2628445625305176, 0.08127643913030624)","(0.3898436725139618, 0.18871714174747467, 0.039889488369226456)","(0.3945326805114746, 0.20315219461917877, 0.06635259836912155)","(0.3938348591327667, 0.23605692386627197, 0.06834621727466583)","(0.39484864473342896, 0.26011720299720764, 0.0632360428571701)","(0.423999160528183, 0.2020370364189148, 0.040654245764017105)","(0.42441606521606445, 0.18428082764148712, 0.062185563147068024)","(0.42257535457611084, 0.2072145789861679, 0.072029709815979)","(0.4215770661830902, 0.22986823320388794, 0.07573701441287994)",Reach
2771,"(0.38791120052337646, 0.39699485898017883, -4.3960051243630005e-07)","(0.33227241039276123, 0.37073957920074463, 0.027192136272788048)","(0.31445056200027466, 0.3083658814430237, 0.04699553921818733)","(0.32477661967277527, 0.2549020051956177, 0.0638127401471138)","(0.3465439975261688, 0.23469598591327667, 0.08014111965894699)","(0.3169017732143402, 0.2011229246854782, 0.041838642209768295)","(0.3315010070800781, 0.2022649198770523, 0.06641442328691483)","(0.33876821398735046, 0.23796220123767853, 0.07630788534879684)","(0.3386957049369812, 0.2629508078098297, 0.07984557002782822)","(0.35255229473114014, 0.18218423426151276, 0.035550475120544434)","(0.363690048456192, 0.2009049952030182, 0.06801855564117432)","(0.3683626353740692, 0.2383078932762146, 0.0735483467578888)","(0.3702312707901001, 0.26140376925468445, 0.07070208340883255)","(0.38685697317123413, 0.18544122576713562, 0.03232994303107262)","(0.39240115880966187, 0.20035040378570557, 0.05691739171743393)","(0.3924860954284668, 0.2341042309999466, 0.058753639459609985)","(0.3934776782989502, 0.25917887687683105, 0.053690966218709946)","(0.4203679859638214, 0.19773000478744507, 0.031542323529720306)","(0.4214784801006317, 0.1821576952934265, 0.052179351449012756)","(0.4213032126426697, 0.20705990493297577, 0.06217340752482414)","(0.421382874250412, 0.23085340857505798, 0.06608933210372925)",Reach
2772,"(0.38633596897125244, 0.3946874737739563, -4.320853008721315e-07)","(0.3315569758415222, 0.3699249029159546, 0.02333962544798851)","(0.3137626647949219, 0.30856239795684814, 0.040199898183345795)","(0.32419705390930176, 0.25389066338539124, 0.05469193309545517)","(0.3458012044429779, 0.23163433372974396, 0.06891008466482162)","(0.31513217091560364, 0.1962452530860901, 0.03518969938158989)","(0.33017173409461975, 0.20193330943584442, 0.05760522186756134)","(0.3378908038139343, 0.23845788836479187, 0.06653724610805511)","(0.3379771113395691, 0.26295042037963867, 0.06936515867710114)","(0.35084083676338196, 0.17734375596046448, 0.029194485396146774)","(0.3628174066543579, 0.20088735222816467, 0.05933187156915665)","(0.367388516664505, 0.2386619746685028, 0.0643821731209755)","(0.3693408668041229, 0.26175493001937866, 0.06124981865286827)","(0.38520774245262146, 0.18088141083717346, 0.026086056604981422)","(0.3914365768432617, 0.19938921928405762, 0.04836350679397583)","(0.39158254861831665, 0.23381705582141876, 0.05022667348384857)","(0.39233672618865967, 0.25949186086654663, 0.04542319476604462)","(0.4184421896934509, 0.19391533732414246, 0.02501249685883522)","(0.42093682289123535, 0.17887938022613525, 0.043268006294965744)","(0.4207513630390167, 0.20422148704528809, 0.0528176911175251)","(0.42026612162590027, 0.2289338856935501, 0.05671012029051781)",Reach
2773,"(0.38609543442726135, 0.3916603624820709, -4.108316886686225e-07)","(0.33141034841537476, 0.3673674464225769, 0.02295980602502823)","(0.31188929080963135, 0.3058810234069824, 0.039531972259283066)","(0.32045984268188477, 0.25063252449035645, 0.053532298654317856)","(0.3408571481704712, 0.22662736475467682, 0.06713898479938507)","(0.31439119577407837, 0.1956687867641449, 0.035482123494148254)","(0.3280433118343353, 0.20024333894252777, 0.05869271606206894)","(0.33596888184547424, 0.2349286526441574, 0.06883683800697327)","(0.3360271453857422, 0.25871360301971436, 0.07283835113048553)","(0.3499191701412201, 0.17536520957946777, 0.029622945934534073)","(0.36103540658950806, 0.19950969517230988, 0.06001223623752594)","(0.3649020493030548, 0.23585845530033112, 0.06485813111066818)","(0.36691805720329285, 0.2579079866409302, 0.061833132058382034)","(0.3839298188686371, 0.17804327607154846, 0.026742814108729362)","(0.3891405463218689, 0.19636410474777222, 0.04901480674743652)","(0.3892689049243927, 0.23028263449668884, 0.05038211867213249)","(0.389955073595047, 0.2556687295436859, 0.04561133682727814)","(0.4162062406539917, 0.19103103876113892, 0.025987697765231133)","(0.41808876395225525, 0.17047196626663208, 0.04509752616286278)","(0.4175873398780823, 0.19170065224170685, 0.055291518568992615)","(0.4169897735118866, 0.2146197408437729, 0.05979204922914505)",Grasp
2774,"(0.38351109623908997, 0.38688385486602783, -4.274674836324266e-07)","(0.33148032426834106, 0.35863739252090454, 0.028967076912522316)","(0.31382691860198975, 0.2952749729156494, 0.04960630461573601)","(0.3218934237957001, 0.2426208257675171, 0.06691861897706985)","(0.3427632451057434, 0.2192787230014801, 0.08394362032413483)","(0.31384220719337463, 0.19033026695251465, 0.044106386601924896)","(0.3286468982696533, 0.1870088130235672, 0.07201915979385376)","(0.3372449576854706, 0.2225821316242218, 0.08533553034067154)","(0.3372074365615845, 0.24797500669956207, 0.09124764800071716)","(0.3492530882358551, 0.170742005109787, 0.03731650486588478)","(0.36181312799453735, 0.19021481275558472, 0.07213988900184631)","(0.3664891719818115, 0.22813047468662262, 0.07881991565227509)","(0.3682483732700348, 0.250469833612442, 0.07673235982656479)","(0.3833286166191101, 0.17298877239227295, 0.033995259553194046)","(0.3902902901172638, 0.18782749772071838, 0.06073405593633652)","(0.3907300531864166, 0.222420796751976, 0.06324423104524612)","(0.39130499958992004, 0.24722996354103088, 0.05851849168539047)","(0.41622310876846313, 0.1846703588962555, 0.03331177309155464)","(0.4179241955280304, 0.1646789312362671, 0.05626198649406433)","(0.4178336262702942, 0.18695273995399475, 0.0675143301486969)","(0.4176540970802307, 0.2094646692276001, 0.07224487513303757)",Grasp
2775,"(0.38219311833381653, 0.38400983810424805, -4.192350786524912e-07)","(0.32975536584854126, 0.35681095719337463, 0.028096262365579605)","(0.3115255832672119, 0.2955667972564697, 0.048312924802303314)","(0.31961217522621155, 0.2433052510023117, 0.06525737792253494)","(0.33998778462409973, 0.22071459889411926, 0.081842802464962)","(0.3131520748138428, 0.18926051259040833, 0.04416748136281967)","(0.3282468914985657, 0.19180966913700104, 0.07087700814008713)","(0.33697065711021423, 0.22614581882953644, 0.08289708942174911)","(0.3372837007045746, 0.25080233812332153, 0.08821715414524078)","(0.34825247526168823, 0.16909253597259521, 0.037441205233335495)","(0.3609479069709778, 0.19097420573234558, 0.07104291021823883)","(0.36552441120147705, 0.22774028778076172, 0.07673296332359314)","(0.36716940999031067, 0.2497856467962265, 0.07421853393316269)","(0.3816774785518646, 0.17135336995124817, 0.03397864103317261)","(0.38883745670318604, 0.18697383999824524, 0.05940712243318558)","(0.38954877853393555, 0.22148966789245605, 0.061196696013212204)","(0.39005428552627563, 0.24575059115886688, 0.05642484873533249)","(0.4138021469116211, 0.18416494131088257, 0.03307817503809929)","(0.4174495339393616, 0.1608908325433731, 0.05510798096656799)","(0.4171883463859558, 0.1818106770515442, 0.06604023277759552)","(0.4161084294319153, 0.20374391973018646, 0.07077312469482422)",Grasp
2776,"(0.38180312514305115, 0.38079410791397095, -4.024160205062799e-07)","(0.3291746973991394, 0.35524433851242065, 0.02731616608798504)","(0.3109223246574402, 0.2950403392314911, 0.045979179441928864)","(0.3171546459197998, 0.2409401834011078, 0.06154773756861687)","(0.3361036479473114, 0.21678562462329865, 0.07704447954893112)","(0.31019508838653564, 0.18700581789016724, 0.040479592978954315)","(0.32517102360725403, 0.18717220425605774, 0.06631820648908615)","(0.3340960144996643, 0.22053886950016022, 0.07851850986480713)","(0.33531591296195984, 0.24505288898944855, 0.08394970744848251)","(0.3451974093914032, 0.16609081625938416, 0.033585309982299805)","(0.3568325638771057, 0.18479064106941223, 0.06606532633304596)","(0.36186549067497253, 0.22000932693481445, 0.07258226722478867)","(0.3651937246322632, 0.24213922023773193, 0.07069126516580582)","(0.37855011224746704, 0.16773957014083862, 0.030116433277726173)","(0.38477814197540283, 0.18046502768993378, 0.05528849735856056)","(0.38551828265190125, 0.2146724909543991, 0.05872586369514465)","(0.38766512274742126, 0.2396061271429062, 0.05501566827297211)","(0.4111827611923218, 0.17989036440849304, 0.029039405286312103)","(0.41427239775657654, 0.15488022565841675, 0.051346443593502045)","(0.4135757386684418, 0.17539730668067932, 0.0632982924580574)","(0.4134492874145508, 0.19724126160144806, 0.06872498989105225)",Grasp
2777,"(0.37922292947769165, 0.37796223163604736, -4.4874315108245355e-07)","(0.33053284883499146, 0.3506087064743042, 0.04354585334658623)","(0.313506156206131, 0.29366031289100647, 0.07254594564437866)","(0.316642165184021, 0.24707463383674622, 0.09625454246997833)","(0.33346521854400635, 0.22497281432151794, 0.11925093829631805)","(0.3092164099216461, 0.18757013976573944, 0.06389019638299942)","(0.32610833644866943, 0.18655270338058472, 0.10193227231502533)","(0.3351748287677765, 0.21901598572731018, 0.11997541040182114)","(0.33510059118270874, 0.2406226098537445, 0.12818437814712524)","(0.3432810604572296, 0.16765782237052917, 0.05384054407477379)","(0.3562208414077759, 0.1834402084350586, 0.09822656959295273)","(0.3620077073574066, 0.21985021233558655, 0.10730723291635513)","(0.3643972873687744, 0.2424343377351761, 0.10546088218688965)","(0.37599530816078186, 0.16691654920578003, 0.048769596964120865)","(0.3827165365219116, 0.17863711714744568, 0.08611403405666351)","(0.38347911834716797, 0.2144750952720642, 0.09107660502195358)","(0.38569507002830505, 0.2381216585636139, 0.08592825382947922)","(0.40859851241111755, 0.17552107572555542, 0.04744584485888481)","(0.4116780161857605, 0.1496569812297821, 0.08033031970262527)","(0.4105130434036255, 0.16856350004673004, 0.095408596098423)","(0.4100024104118347, 0.18840746581554413, 0.10119373351335526)",Grasp
2778,"(0.376670241355896, 0.3745259940624237, -3.9898608861221874e-07)","(0.32766544818878174, 0.3461255729198456, 0.034139830619096756)","(0.310317724943161, 0.28801023960113525, 0.05577276274561882)","(0.3154153823852539, 0.23925289511680603, 0.07261861115694046)","(0.3341486155986786, 0.21705538034439087, 0.08856942504644394)","(0.31036093831062317, 0.18484178185462952, 0.05003238469362259)","(0.325692355632782, 0.18625830113887787, 0.07936134189367294)","(0.3335505723953247, 0.21933552622795105, 0.09192264080047607)","(0.3341106176376343, 0.24121291935443878, 0.09720791131258011)","(0.3428930342197418, 0.16320312023162842, 0.040681444108486176)","(0.35484573245048523, 0.18332913517951965, 0.07700215280056)","(0.35912764072418213, 0.2184080183506012, 0.08306621015071869)","(0.3624994158744812, 0.24074509739875793, 0.08029339462518692)","(0.37466907501220703, 0.16336458921432495, 0.03542763739824295)","(0.3804103136062622, 0.17675335705280304, 0.06556029617786407)","(0.38021254539489746, 0.21180930733680725, 0.06897281110286713)","(0.38272345066070557, 0.23633596301078796, 0.0643441453576088)","(0.40588346123695374, 0.17395064234733582, 0.033021215349435806)","(0.41118478775024414, 0.1469295620918274, 0.06069004163146019)","(0.40890246629714966, 0.16361559927463531, 0.074566550552845)","(0.4075806438922882, 0.18341535329818726, 0.08060398697853088)",Grasp
2779,"(0.3710728883743286, 0.3680652976036072, -4.079084590102866e-07)","(0.32655563950538635, 0.3308577239513397, 0.03868663311004639)","(0.3121426999568939, 0.27264028787612915, 0.06295089423656464)","(0.3180140554904938, 0.2283240556716919, 0.08131485432386398)","(0.33626115322113037, 0.20829391479492188, 0.09818235784769058)","(0.31009432673454285, 0.18679603934288025, 0.056886229664087296)","(0.3244834542274475, 0.18548035621643066, 0.08762776106595993)","(0.33225229382514954, 0.21828407049179077, 0.10010793060064316)","(0.33335816860198975, 0.23779219388961792, 0.10527534782886505)","(0.3399476408958435, 0.16044779121875763, 0.04620872810482979)","(0.3524520993232727, 0.17935362458229065, 0.08321110159158707)","(0.35667023062705994, 0.2147635817527771, 0.08801436424255371)","(0.3604263663291931, 0.23637637495994568, 0.08461063355207443)","(0.37136998772621155, 0.15627646446228027, 0.039907291531562805)","(0.3784603178501129, 0.1703246384859085, 0.07249972969293594)","(0.37700155377388, 0.20600861310958862, 0.07456930726766586)","(0.3799254596233368, 0.22945237159729004, 0.06851276010274887)","(0.40319305658340454, 0.16335079073905945, 0.036789532750844955)","(0.4104359447956085, 0.14686620235443115, 0.068821482360363)","(0.4075145125389099, 0.17147842049598694, 0.08334119617938995)","(0.4066919684410095, 0.1954125165939331, 0.08900345116853714)",Grasp
2780,"(0.3696880042552948, 0.36108988523483276, -3.8769306343056087e-07)","(0.32592642307281494, 0.3225271999835968, 0.03759521245956421)","(0.311889111995697, 0.2632947564125061, 0.06038616970181465)","(0.3180767595767975, 0.2219683825969696, 0.07699465751647949)","(0.33682745695114136, 0.20417441427707672, 0.09197982400655746)","(0.30842918157577515, 0.18246272206306458, 0.05557066574692726)","(0.3259558081626892, 0.1796761155128479, 0.08268841356039047)","(0.3341521918773651, 0.21204936504364014, 0.09232968837022781)","(0.3346942961215973, 0.2314647138118744, 0.0958830863237381)","(0.3366648852825165, 0.15769876539707184, 0.043956123292446136)","(0.3523924946784973, 0.17514950037002563, 0.0783974751830101)","(0.3575664460659027, 0.2103477120399475, 0.08208916336297989)","(0.3606618046760559, 0.23132699728012085, 0.07816898077726364)","(0.3675045073032379, 0.15351679921150208, 0.03623165562748909)","(0.37739577889442444, 0.16581863164901733, 0.06618975102901459)","(0.37753236293792725, 0.2011588215827942, 0.06783287227153778)","(0.3798925280570984, 0.22427961230278015, 0.062006570398807526)","(0.3990303575992584, 0.15877532958984375, 0.03150893747806549)","(0.4084368348121643, 0.14098678529262543, 0.060674283653497696)","(0.40776869654655457, 0.16531804203987122, 0.07417788356542587)","(0.40761658549308777, 0.18821300566196442, 0.07958639413118362)",Grasp
2781,"(0.3651648163795471, 0.356012225151062, -3.6925558788425406e-07)","(0.39685049653053284, 0.30940166115760803, 0.04713093861937523)","(0.40003839135169983, 0.24577203392982483, 0.0774766206741333)","(0.3872601091861725, 0.2047490030527115, 0.10096722841262817)","(0.37277957797050476, 0.19433195888996124, 0.12252412736415863)","(0.3891747295856476, 0.15803717076778412, 0.068982794880867)","(0.3897533714771271, 0.14970676600933075, 0.10211341083049774)","(0.385804682970047, 0.18546217679977417, 0.11568700522184372)","(0.38253656029701233, 0.21319925785064697, 0.12197916209697723)","(0.3587784171104431, 0.14489614963531494, 0.05754043906927109)","(0.3611481785774231, 0.16504304111003876, 0.0991767942905426)","(0.3614482283592224, 0.20141083002090454, 0.1075165644288063)","(0.3642687499523163, 0.22483430802822113, 0.10648106783628464)","(0.33320748805999756, 0.15428948402404785, 0.05042291060090065)","(0.33661016821861267, 0.17302224040031433, 0.08775033056735992)","(0.34155482053756714, 0.20511840283870697, 0.09283032268285751)","(0.34560471773147583, 0.228525772690773, 0.08790243417024612)","(0.30944332480430603, 0.17482541501522064, 0.04709958657622337)","(0.31249043345451355, 0.17781013250350952, 0.07840242236852646)","(0.31949812173843384, 0.20691873133182526, 0.09109827131032944)","(0.32549557089805603, 0.23192410171031952, 0.09600654244422913)",Grasp
2782,"(0.36636972427368164, 0.3558436632156372, -3.606831455726933e-07)","(0.3254697024822235, 0.3296378552913666, 0.037523332983255386)","(0.31445392966270447, 0.2733040750026703, 0.060645826160907745)","(0.3207530975341797, 0.22532537579536438, 0.07712039351463318)","(0.33217698335647583, 0.19471998512744904, 0.09299378842115402)","(0.30272752046585083, 0.1809583455324173, 0.06109593063592911)","(0.3193318247795105, 0.1676281839609146, 0.0887816920876503)","(0.327902615070343, 0.2009502351284027, 0.10000395774841309)","(0.3304867744445801, 0.2227913737297058, 0.10463818162679672)","(0.32770854234695435, 0.14953863620758057, 0.04941244795918465)","(0.34188157320022583, 0.16215384006500244, 0.08265552669763565)","(0.34795713424682617, 0.1979953497648239, 0.0889427587389946)","(0.35290253162384033, 0.22065429389476776, 0.08738300949335098)","(0.3552576005458832, 0.142044335603714, 0.04063210263848305)","(0.3664236068725586, 0.15130259096622467, 0.06827739626169205)","(0.36769339442253113, 0.1863381266593933, 0.07263537496328354)","(0.3717731833457947, 0.2118537276983261, 0.0691487118601799)","(0.3861393630504608, 0.14565064013004303, 0.03460347652435303)","(0.3975755274295807, 0.12971490621566772, 0.060370102524757385)","(0.3985428214073181, 0.15507762134075165, 0.07338786125183105)","(0.4002949595451355, 0.17945413291454315, 0.0790158361196518)",Grasp
2783,"(0.3669276833534241, 0.3472091257572174, -3.7886505310780194e-07)","(0.32866066694259644, 0.3117442727088928, 0.0336473286151886)","(0.314963698387146, 0.25096577405929565, 0.05536867678165436)","(0.32060128450393677, 0.20588719844818115, 0.0712200179696083)","(0.3346403241157532, 0.17992731928825378, 0.08589502424001694)","(0.3178098201751709, 0.17962796986103058, 0.05082910880446434)","(0.33217746019363403, 0.16101643443107605, 0.07698264718055725)","(0.3373670279979706, 0.19566984474658966, 0.08864875882863998)","(0.33789145946502686, 0.22113925218582153, 0.0944862961769104)","(0.33864614367485046, 0.15183308720588684, 0.04154178127646446)","(0.35165852308273315, 0.1582099199295044, 0.07416262477636337)","(0.3539047837257385, 0.1911139190196991, 0.07896499335765839)","(0.3580693006515503, 0.21168573200702667, 0.07675492018461227)","(0.36318570375442505, 0.14345240592956543, 0.03566519543528557)","(0.37152099609375, 0.14640992879867554, 0.06430612504482269)","(0.36992186307907104, 0.18044278025627136, 0.06536804139614105)","(0.3722401559352875, 0.20448197424411774, 0.05977148562669754)","(0.38721585273742676, 0.1460328996181488, 0.032560523599386215)","(0.3972061276435852, 0.12363050878047943, 0.06002042442560196)","(0.395773708820343, 0.1498401165008545, 0.07172990590333939)","(0.3965030908584595, 0.177444189786911, 0.07633944600820541)",Grasp
2784,"(0.3622608482837677, 0.33490750193595886, -2.9566990633611567e-07)","(0.3792569041252136, 0.29575449228286743, 0.03771582618355751)","(0.38069623708724976, 0.236424058675766, 0.06108008697628975)","(0.373604416847229, 0.20395374298095703, 0.07708581537008286)","(0.3664722740650177, 0.18647341430187225, 0.09169331192970276)","(0.3685833811759949, 0.16289204359054565, 0.060896486043930054)","(0.37272217869758606, 0.14777301251888275, 0.0839029848575592)","(0.3713029623031616, 0.18335914611816406, 0.0920848622918129)","(0.3683294355869293, 0.2097180336713791, 0.09602039307355881)","(0.3477655053138733, 0.14602765440940857, 0.04888635128736496)","(0.351471483707428, 0.15974754095077515, 0.07922326028347015)","(0.35323262214660645, 0.1934407353401184, 0.08416767418384552)","(0.3571016192436218, 0.21536219120025635, 0.08281940966844559)","(0.33019864559173584, 0.15031397342681885, 0.0393352173268795)","(0.33333656191825867, 0.16129958629608154, 0.06628871709108353)","(0.33788204193115234, 0.19223721325397491, 0.07072284817695618)","(0.34203001856803894, 0.21425952017307281, 0.06782044470310211)","(0.313918799161911, 0.1638045758008957, 0.032483045011758804)","(0.31747138500213623, 0.15793010592460632, 0.05646423622965813)","(0.3217787444591522, 0.18628868460655212, 0.06842393428087234)","(0.3259722888469696, 0.21264858543872833, 0.07401999086141586)",Grasp
2785,"(0.36508792638778687, 0.3372909128665924, -3.65142795999418e-07)","(0.31403201818466187, 0.31641659140586853, 0.027289438992738724)","(0.3009300231933594, 0.26060035824775696, 0.04299168661236763)","(0.30737024545669556, 0.2106490582227707, 0.05348080396652222)","(0.3216336667537689, 0.18344324827194214, 0.06404288858175278)","(0.29730963706970215, 0.17111864686012268, 0.04608537256717682)","(0.31290391087532043, 0.16034923493862152, 0.06387659162282944)","(0.32261136174201965, 0.19506779313087463, 0.06900389492511749)","(0.325158029794693, 0.21999898552894592, 0.07035208493471146)","(0.32776135206222534, 0.141783207654953, 0.0360214002430439)","(0.33975186944007874, 0.15572306513786316, 0.060504332184791565)","(0.34718191623687744, 0.18830013275146484, 0.06373625993728638)","(0.35080310702323914, 0.21026119589805603, 0.06145501881837845)","(0.35856735706329346, 0.13518890738487244, 0.02795606292784214)","(0.3676615059375763, 0.14335301518440247, 0.04802760109305382)","(0.37052443623542786, 0.17584915459156036, 0.05286947265267372)","(0.37316498160362244, 0.19926583766937256, 0.05155728757381439)","(0.39126765727996826, 0.14142310619354248, 0.02166825160384178)","(0.39819827675819397, 0.12226352840662003, 0.04133675619959831)","(0.39863279461860657, 0.14449477195739746, 0.05420125648379326)","(0.3986804485321045, 0.16584229469299316, 0.06121368333697319)",Grasp
2786,"(0.3592320382595062, 0.33613380789756775, -3.859921378079889e-07)","(0.3512653112411499, 0.29904213547706604, 0.025990089401602745)","(0.3415859043598175, 0.23354114592075348, 0.04505005106329918)","(0.34150969982147217, 0.18663586676120758, 0.05981467291712761)","(0.34594401717185974, 0.16454017162322998, 0.07383827865123749)","(0.3365485668182373, 0.16630584001541138, 0.038547564297914505)","(0.35290542244911194, 0.14209669828414917, 0.05708203837275505)","(0.35783302783966064, 0.17973202466964722, 0.06444422155618668)","(0.3564607501029968, 0.20894643664360046, 0.06817954778671265)","(0.3385409712791443, 0.14408516883850098, 0.032382477074861526)","(0.35537585616111755, 0.14634597301483154, 0.0573408268392086)","(0.3591887950897217, 0.18053840100765228, 0.06083765625953674)","(0.36134591698646545, 0.20215889811515808, 0.05901634320616722)","(0.3468208611011505, 0.13886454701423645, 0.028816834092140198)","(0.3603602349758148, 0.13779316842556, 0.050744760781526566)","(0.3624800145626068, 0.17186439037322998, 0.0516730360686779)","(0.3633701205253601, 0.1958581507205963, 0.04723096266388893)","(0.3553009629249573, 0.14384418725967407, 0.02747380919754505)","(0.36834222078323364, 0.12613098323345184, 0.048733849078416824)","(0.37130749225616455, 0.1542121171951294, 0.05805439502000809)","(0.3729649782180786, 0.17890125513076782, 0.061828386038541794)",Grasp
2787,"(0.36298584938049316, 0.3354128301143646, -3.665117844775523e-07)","(0.3109619915485382, 0.319044291973114, 0.03173500671982765)","(0.29636168479919434, 0.26553064584732056, 0.053476482629776)","(0.30343225598335266, 0.22044920921325684, 0.06874587386846542)","(0.31776100397109985, 0.1970236897468567, 0.08284361660480499)","(0.2996905446052551, 0.17664921283721924, 0.061624303460121155)","(0.31106579303741455, 0.16752773523330688, 0.08629211038351059)","(0.31866931915283203, 0.19903355836868286, 0.09405512362718582)","(0.3201178312301636, 0.22059069573879242, 0.09652378410100937)","(0.3297065794467926, 0.14644426107406616, 0.05112757161259651)","(0.3394286334514618, 0.15709275007247925, 0.08071911334991455)","(0.3449697196483612, 0.1902366429567337, 0.08200817555189133)","(0.3481220006942749, 0.21111135184764862, 0.0779285728931427)","(0.3598126471042633, 0.13808277249336243, 0.042726095765829086)","(0.36679816246032715, 0.14241072535514832, 0.06584518402814865)","(0.36858293414115906, 0.17765037715435028, 0.06667380034923553)","(0.37133070826530457, 0.20089110732078552, 0.06260182708501816)","(0.39133912324905396, 0.141873300075531, 0.036654651165008545)","(0.3974463641643524, 0.11262030154466629, 0.05882909148931503)","(0.39813748002052307, 0.13250023126602173, 0.07102843374013901)","(0.3994416892528534, 0.15541735291481018, 0.0771852508187294)",Grasp
2788,"(0.36066001653671265, 0.3289414942264557, -4.6476975512632634e-07)","(0.31212157011032104, 0.3182620704174042, 0.04164537042379379)","(0.29765617847442627, 0.27615272998809814, 0.07244285941123962)","(0.3040476441383362, 0.23858439922332764, 0.09719687700271606)","(0.32046517729759216, 0.2191363126039505, 0.12099112570285797)","(0.30038440227508545, 0.15701696276664734, 0.07796849310398102)","(0.31504517793655396, 0.163176029920578, 0.1132996529340744)","(0.3227413594722748, 0.19702555239200592, 0.12522229552268982)","(0.32290828227996826, 0.21703338623046875, 0.12922339141368866)","(0.33348751068115234, 0.13612201809883118, 0.0677139163017273)","(0.34336942434310913, 0.1547756940126419, 0.10965550690889359)","(0.34831106662750244, 0.19352421164512634, 0.11278433352708817)","(0.3486925959587097, 0.21599380671977997, 0.10772434622049332)","(0.3650383949279785, 0.13371768593788147, 0.06063545122742653)","(0.3698265850543976, 0.1447588950395584, 0.09277258068323135)","(0.3712868392467499, 0.1831609159708023, 0.09318432956933975)","(0.3723476529121399, 0.20581993460655212, 0.08697696775197983)","(0.39810770750045776, 0.1407237946987152, 0.056965481489896774)","(0.4021810293197632, 0.11476550251245499, 0.08296545594930649)","(0.40251654386520386, 0.13559108972549438, 0.09418031573295593)","(0.4018922448158264, 0.15574023127555847, 0.09878118336200714)",Grasp
2789,"(0.3665146231651306, 0.32049331068992615, -4.2901024244201835e-07)","(0.3145673871040344, 0.32413023710250854, 0.039509180933237076)","(0.293783038854599, 0.2932527959346771, 0.07301522046327591)","(0.2987552881240845, 0.261565625667572, 0.10203574597835541)","(0.3166165351867676, 0.24494412541389465, 0.13081026077270508)","(0.3022855818271637, 0.14561745524406433, 0.08242868632078171)","(0.3145450949668884, 0.15298964083194733, 0.1250239759683609)","(0.3209421634674072, 0.18589238822460175, 0.14219020307064056)","(0.32154369354248047, 0.20567214488983154, 0.14924421906471252)","(0.33824557065963745, 0.12773984670639038, 0.0764363631606102)","(0.34513333439826965, 0.1470736861228943, 0.12565748393535614)","(0.3496670126914978, 0.18391354382038116, 0.1332722306251526)","(0.35151562094688416, 0.20464292168617249, 0.13061052560806274)","(0.37092775106430054, 0.12973052263259888, 0.07339537143707275)","(0.3732583522796631, 0.14317716658115387, 0.10975146293640137)","(0.3744870126247406, 0.17859907448291779, 0.11130727827548981)","(0.37570250034332275, 0.19955474138259888, 0.10566127300262451)","(0.40446531772613525, 0.1433759331703186, 0.07360590994358063)","(0.404373437166214, 0.1150854080915451, 0.10015547275543213)","(0.40461984276771545, 0.1344536989927292, 0.1108073964715004)","(0.4039115309715271, 0.15460501611232758, 0.11512251198291779)",Grasp
2790,"(0.3727050721645355, 0.31525719165802, -3.9340028479273315e-07)","(0.31701982021331787, 0.32397136092185974, 0.029342932626605034)","(0.2918989956378937, 0.29980000853538513, 0.05735417827963829)","(0.2914000153541565, 0.27478811144828796, 0.08263871818780899)","(0.30598434805870056, 0.26141461730003357, 0.10789797455072403)","(0.30897897481918335, 0.1330561339855194, 0.06888730078935623)","(0.31663942337036133, 0.13925212621688843, 0.10668709874153137)","(0.3197484314441681, 0.17200013995170593, 0.12063425034284592)","(0.3203888535499573, 0.1942281723022461, 0.12621352076530457)","(0.3459802567958832, 0.1213432177901268, 0.06630201637744904)","(0.3469834327697754, 0.1413768231868744, 0.11097264289855957)","(0.3475528359413147, 0.1755172163248062, 0.11591973900794983)","(0.35106757283210754, 0.1972876638174057, 0.11176885664463043)","(0.37858569622039795, 0.13111057877540588, 0.0661102831363678)","(0.3736620247364044, 0.14284461736679077, 0.09785564243793488)","(0.37185293436050415, 0.17619867622852325, 0.09657149761915207)","(0.374595582485199, 0.19782164692878723, 0.09005651623010635)","(0.41025856137275696, 0.15072232484817505, 0.06858750432729721)","(0.4092530906200409, 0.11487074941396713, 0.0910174697637558)","(0.4070286750793457, 0.13200467824935913, 0.09924497455358505)","(0.4059601426124573, 0.15374797582626343, 0.10261625051498413)",Move
2791,"(0.3780544102191925, 0.3007446527481079, -3.7117240481165936e-07)","(0.3209420442581177, 0.31042173504829407, 0.037968169897794724)","(0.29291728138923645, 0.29275667667388916, 0.07173735648393631)","(0.28453201055526733, 0.27614349126815796, 0.10117001831531525)","(0.2932223677635193, 0.2685839533805847, 0.13064293563365936)","(0.3148844838142395, 0.12114925682544708, 0.08901640772819519)","(0.32009565830230713, 0.11973344534635544, 0.1344427466392517)","(0.32388660311698914, 0.14872287213802338, 0.15168261528015137)","(0.3257223963737488, 0.16845232248306274, 0.15912996232509613)","(0.3500749170780182, 0.11241155117750168, 0.08558863401412964)","(0.34947237372398376, 0.1310037076473236, 0.1377275288105011)","(0.3508300185203552, 0.16451160609722137, 0.14506474137306213)","(0.35500526428222656, 0.18794246017932892, 0.14243747293949127)","(0.381796658039093, 0.12392789870500565, 0.08448395878076553)","(0.3748403787612915, 0.13757649064064026, 0.12479673326015472)","(0.37362709641456604, 0.16968774795532227, 0.12524236738681793)","(0.3777157962322235, 0.1886298954486847, 0.11892026662826538)","(0.41349074244499207, 0.14372289180755615, 0.08631446957588196)","(0.4109841287136078, 0.12262966483831406, 0.11535409837961197)","(0.4096109867095947, 0.14714160561561584, 0.12455876171588898)","(0.41008925437927246, 0.16931909322738647, 0.12788650393486023)",Move
2792,"(0.38837483525276184, 0.290319561958313, -3.5187053981644567e-07)","(0.3273075222969055, 0.29772740602493286, 0.030077995732426643)","(0.29404065012931824, 0.27867770195007324, 0.061844561249017715)","(0.28122347593307495, 0.266033798456192, 0.09142783284187317)","(0.28684669733047485, 0.2640542685985565, 0.1215335875749588)","(0.3256678283214569, 0.10285875201225281, 0.08126050978899002)","(0.3256809115409851, 0.1053714007139206, 0.1273181438446045)","(0.3239164352416992, 0.13782504200935364, 0.14456085860729218)","(0.32587796449661255, 0.1609349548816681, 0.15202617645263672)","(0.3616473078727722, 0.10209715366363525, 0.08327893167734146)","(0.3512440621852875, 0.12203094363212585, 0.1362626701593399)","(0.34793907403945923, 0.1549232304096222, 0.14381030201911926)","(0.35530468821525574, 0.17895612120628357, 0.14131037890911102)","(0.39213207364082336, 0.12143608927726746, 0.0873689204454422)","(0.37792909145355225, 0.12990990281105042, 0.12817400693893433)","(0.3724319040775299, 0.1627182811498642, 0.1265905350446701)","(0.37883254885673523, 0.18311364948749542, 0.1191834807395935)","(0.4204220175743103, 0.14603140950202942, 0.09399360418319702)","(0.4115038216114044, 0.12855517864227295, 0.12271683663129807)","(0.40755951404571533, 0.1549522578716278, 0.1298224776983261)","(0.41140663623809814, 0.17839235067367554, 0.13193845748901367)",Move
2793,"(0.3996730148792267, 0.2883453667163849, -3.108586668076896e-07)","(0.3357497453689575, 0.29272449016571045, 0.0032879761420190334)","(0.2962731719017029, 0.26093077659606934, 0.012381093576550484)","(0.2844531238079071, 0.24255934357643127, 0.02243196964263916)","(0.28901636600494385, 0.24194121360778809, 0.0322146899998188)","(0.33609703183174133, 0.08479578793048859, 0.022903723642230034)","(0.327005535364151, 0.09541327506303787, 0.045964132994413376)","(0.32252347469329834, 0.13733413815498352, 0.05197283625602722)","(0.32557639479637146, 0.16010066866874695, 0.052464209496974945)","(0.372600257396698, 0.08748672902584076, 0.02747311256825924)","(0.3539597690105438, 0.10984387248754501, 0.057256340980529785)","(0.346554696559906, 0.14338389039039612, 0.05935842916369438)","(0.3540134131908417, 0.16435441374778748, 0.05394837632775307)","(0.4032115638256073, 0.1156114786863327, 0.033463604748249054)","(0.3814764618873596, 0.12808293104171753, 0.05588127672672272)","(0.3737584948539734, 0.15523947775363922, 0.05072614550590515)","(0.37951475381851196, 0.17602533102035522, 0.041549284011125565)","(0.426908403635025, 0.1463540494441986, 0.04006357118487358)","(0.4103940725326538, 0.14607033133506775, 0.053668662905693054)","(0.405464231967926, 0.16965259611606598, 0.05514289066195488)","(0.4113045036792755, 0.19151760637760162, 0.05406752601265907)",Move
2794,"(0.4113631248474121, 0.28425925970077515, -3.332970948122238e-07)","(0.3441515862941742, 0.28137731552124023, -0.008811709471046925)","(0.3023015558719635, 0.2466740906238556, -0.004621854051947594)","(0.2858540713787079, 0.24104414880275726, 0.0037564083468168974)","(0.2853994071483612, 0.2511443495750427, 0.011974824592471123)","(0.34934762120246887, 0.07311353832483292, 0.003781804582104087)","(0.32208168506622314, 0.12266747653484344, 0.02366712875664234)","(0.3121899366378784, 0.17628975212574005, 0.029146691784262657)","(0.3143593370914459, 0.20247022807598114, 0.029404670000076294)","(0.3872404396533966, 0.08161911368370056, 0.013701677322387695)","(0.35270678997039795, 0.12044663727283478, 0.039402980357408524)","(0.34069740772247314, 0.1601835936307907, 0.04070338234305382)","(0.34505409002304077, 0.18526099622249603, 0.03439131751656532)","(0.4144769012928009, 0.11618837714195251, 0.025047453120350838)","(0.3827263116836548, 0.138113334774971, 0.044206611812114716)","(0.3716614842414856, 0.16768184304237366, 0.037262264639139175)","(0.37559548020362854, 0.19107449054718018, 0.026636457070708275)","(0.4312184453010559, 0.15269234776496887, 0.03634624555706978)","(0.40778329968452454, 0.16197040677070618, 0.04628261923789978)","(0.4011654257774353, 0.1832912415266037, 0.04566101357340813)","(0.4052857458591461, 0.2059638798236847, 0.04301855340600014)",Move
2795,"(0.42033687233924866, 0.27669742703437805, -3.764025393593329e-07)","(0.3519204556941986, 0.26857608556747437, -0.005649760365486145)","(0.31221500039100647, 0.23543471097946167, 0.00028714718064293265)","(0.29235953092575073, 0.2337123453617096, 0.0098029226064682)","(0.28126901388168335, 0.24370287358760834, 0.018300795927643776)","(0.35753679275512695, 0.06802266836166382, 0.007727769669145346)","(0.32317471504211426, 0.13312563300132751, 0.03223303332924843)","(0.3081490695476532, 0.18764933943748474, 0.040347449481487274)","(0.30514681339263916, 0.21606877446174622, 0.041809167712926865)","(0.3951897621154785, 0.07905486971139908, 0.017240269109606743)","(0.35250014066696167, 0.13413916528224945, 0.04520915076136589)","(0.3323458433151245, 0.18083754181861877, 0.043941937386989594)","(0.33012014627456665, 0.2158799171447754, 0.035289466381073)","(0.42041918635368347, 0.11512947082519531, 0.029433710500597954)","(0.3818359673023224, 0.15225863456726074, 0.05238537862896919)","(0.3647872507572174, 0.18659986555576324, 0.04392761364579201)","(0.3635190725326538, 0.21901114284992218, 0.03131299465894699)","(0.43509429693222046, 0.1535513550043106, 0.04190783202648163)","(0.41126200556755066, 0.1689307540655136, 0.055857397615909576)","(0.40073779225349426, 0.18790839612483978, 0.055856529623270035)","(0.39914724230766296, 0.21387417614459991, 0.05285262688994408)",Move
2796,"(0.4318428635597229, 0.27231520414352417, -4.3728471155191073e-07)","(0.3634363114833832, 0.26262468099594116, -0.009381141513586044)","(0.32071998715400696, 0.22779543697834015, -0.006144158076494932)","(0.2971338927745819, 0.2238592505455017, 0.0006350201438181102)","(0.2856271266937256, 0.22527411580085754, 0.006405457854270935)","(0.36639404296875, 0.05979542434215546, 0.0008076111553236842)","(0.325276643037796, 0.13178285956382751, 0.019324587658047676)","(0.30813270807266235, 0.18669219315052032, 0.024709349498152733)","(0.3031788766384125, 0.21645322442054749, 0.025225425139069557)","(0.401297390460968, 0.06929668039083481, 0.010413484647870064)","(0.3505122661590576, 0.13974300026893616, 0.030868785455822945)","(0.32859572768211365, 0.19357724487781525, 0.027378806844353676)","(0.32372426986694336, 0.2323383390903473, 0.01868261769413948)","(0.4242359399795532, 0.10596612095832825, 0.02232556976377964)","(0.3746778964996338, 0.1610802412033081, 0.038049936294555664)","(0.3555207848548889, 0.20196710526943207, 0.029040047898888588)","(0.35270094871520996, 0.23987358808517456, 0.01801975443959236)","(0.4382634460926056, 0.1487284153699875, 0.0342414565384388)","(0.4038890600204468, 0.176622673869133, 0.043278079479932785)","(0.3893979787826538, 0.20021496713161469, 0.042780835181474686)","(0.38458549976348877, 0.22924983501434326, 0.04086432605981827)",Move
2797,"(0.4462835490703583, 0.2769843339920044, -4.499906651744823e-07)","(0.37395384907722473, 0.2588949501514435, -0.012736611068248749)","(0.3282758295536041, 0.22078150510787964, -0.0017036714125424623)","(0.3046395480632782, 0.22015473246574402, 0.015897193923592567)","(0.2993820011615753, 0.22007310390472412, 0.03373311460018158)","(0.3796162009239197, 0.05328197777271271, 0.013502574525773525)","(0.33228757977485657, 0.11997829377651215, 0.044569071382284164)","(0.31529301404953003, 0.17571194469928741, 0.057940106838941574)","(0.31212300062179565, 0.20583564043045044, 0.0637684315443039)","(0.4114118814468384, 0.0684647485613823, 0.03170982748270035)","(0.35502973198890686, 0.13457214832305908, 0.06340014934539795)","(0.3344346880912781, 0.1929018646478653, 0.062457725405693054)","(0.33307549357414246, 0.23520931601524353, 0.05583393946290016)","(0.43037158250808716, 0.10577940195798874, 0.05179160460829735)","(0.3754516839981079, 0.15979358553886414, 0.0763605460524559)","(0.3560757637023926, 0.20557627081871033, 0.06419683992862701)","(0.3553878664970398, 0.243159681558609, 0.051209140568971634)","(0.44237253069877625, 0.1452363133430481, 0.07183714956045151)","(0.3972160518169403, 0.1757352650165558, 0.08563472330570221)","(0.38030603528022766, 0.2075776755809784, 0.0824807807803154)","(0.3760250210762024, 0.23992691934108734, 0.07896072417497635)",Move
2798,"(0.4607926607131958, 0.2796798646450043, -4.871880605605838e-07)","(0.3859582543373108, 0.25715744495391846, -0.014428392983973026)","(0.3396913409233093, 0.2209150791168213, -0.00073655677260831)","(0.31204694509506226, 0.2165941298007965, 0.020991861820220947)","(0.3023684620857239, 0.21025493741035461, 0.04436551406979561)","(0.3903971016407013, 0.055012673139572144, 0.018089724704623222)","(0.3362805247306824, 0.12903335690498352, 0.05262773111462593)","(0.3198770582675934, 0.19181230664253235, 0.06817516684532166)","(0.31912970542907715, 0.2272857129573822, 0.07575064897537231)","(0.42149460315704346, 0.07125918567180634, 0.04076496511697769)","(0.3604173958301544, 0.1391730159521103, 0.07508521527051926)","(0.3415912985801697, 0.20243416726589203, 0.07423315942287445)","(0.34202200174331665, 0.24757669866085052, 0.06776098906993866)","(0.4390096664428711, 0.107656329870224, 0.06529321521520615)","(0.38148072361946106, 0.1593979150056839, 0.09180834889411926)","(0.3621647357940674, 0.20953987538814545, 0.07951122522354126)","(0.3633221387863159, 0.2521120309829712, 0.06669420003890991)","(0.4510722756385803, 0.1449318826198578, 0.08988254517316818)","(0.40367716550827026, 0.17095984518527985, 0.10519705712795258)","(0.3872450590133667, 0.20515136420726776, 0.10200488567352295)","(0.3843052387237549, 0.2389458417892456, 0.09878996759653091)",Move
2799,"(0.47088533639907837, 0.2860138714313507, -4.69014196369244e-07)","(0.3941027820110321, 0.2583690583705902, -0.012764722108840942)","(0.3476029932498932, 0.21850857138633728, 0.008665950037539005)","(0.3201257586479187, 0.21219290792942047, 0.03876858204603195)","(0.31398022174835205, 0.2025158554315567, 0.07166945189237595)","(0.4033222794532776, 0.054247088730335236, 0.034450966864824295)","(0.351493239402771, 0.10919545590877533, 0.07351057231426239)","(0.33018845319747925, 0.1649971455335617, 0.08772909641265869)","(0.32426348328590393, 0.19455115497112274, 0.0941983312368393)","(0.42987167835235596, 0.07908932864665985, 0.06059165298938751)","(0.37385663390159607, 0.12609395384788513, 0.10308118909597397)","(0.35059142112731934, 0.18529173731803894, 0.10138262808322906)","(0.3478486239910126, 0.22973084449768066, 0.09357862919569016)","(0.44372934103012085, 0.11572082340717316, 0.08764545619487762)","(0.3903464674949646, 0.15061402320861816, 0.12181995064020157)","(0.36649811267852783, 0.19998061656951904, 0.10757263004779816)","(0.3630361557006836, 0.240749329328537, 0.09269316494464874)","(0.4527139961719513, 0.1482815146446228, 0.11444411426782608)","(0.4074673354625702, 0.1687893569469452, 0.137410968542099)","(0.38783976435661316, 0.19992119073867798, 0.1339619755744934)","(0.3800033926963806, 0.23022526502609253, 0.12950114905834198)",Move
2800,"(0.48109185695648193, 0.2866239547729492, -5.057038947597903e-07)","(0.4070632755756378, 0.26210516691207886, -0.02009979449212551)","(0.3536733388900757, 0.2220931351184845, -0.00629887031391263)","(0.3248075842857361, 0.21012336015701294, 0.016321290284395218)","(0.3233586847782135, 0.2021852284669876, 0.041044771671295166)","(0.41029971837997437, 0.059020549058914185, 0.01908845268189907)","(0.35106849670410156, 0.1246950551867485, 0.050217851996421814)","(0.33065852522850037, 0.18654143810272217, 0.061758894473314285)","(0.32806485891342163, 0.22273731231689453, 0.06698735803365707)","(0.4347176253795624, 0.08006324619054794, 0.043994806706905365)","(0.3714039921760559, 0.14803194999694824, 0.07314135879278183)","(0.35350140929222107, 0.21500150859355927, 0.06678417325019836)","(0.3559924066066742, 0.262195885181427, 0.057871878147125244)","(0.44811728596687317, 0.11344847828149796, 0.06952566653490067)","(0.3890962302684784, 0.16767023503780365, 0.090476855635643)","(0.3716575801372528, 0.22316837310791016, 0.07072675228118896)","(0.37348875403404236, 0.268948495388031, 0.05430808290839195)","(0.45616036653518677, 0.14352786540985107, 0.0948188528418541)","(0.40782254934310913, 0.1752387434244156, 0.10551052540540695)","(0.3937704563140869, 0.2133708894252777, 0.09645171463489532)","(0.3926558494567871, 0.24797476828098297, 0.08976133912801743)",Move
2801,"(0.49043160676956177, 0.28737378120422363, -4.96742472932965e-07)","(0.4199378788471222, 0.2623981833457947, -0.022776296362280846)","(0.36605826020240784, 0.21956299245357513, -0.014124716632068157)","(0.332713782787323, 0.21024969220161438, 0.0017341254279017448)","(0.3195436894893646, 0.21560534834861755, 0.018431225791573524)","(0.4182112514972687, 0.06478162109851837, 0.017806611955165863)","(0.36236512660980225, 0.11582571268081665, 0.04094706103205681)","(0.3376031219959259, 0.17215631902217865, 0.04740896075963974)","(0.3289996087551117, 0.21107152104377747, 0.04974972829222679)","(0.4377673864364624, 0.08284761756658554, 0.040841538459062576)","(0.3764626383781433, 0.15479262173175812, 0.06092490255832672)","(0.35427021980285645, 0.22435760498046875, 0.05092112720012665)","(0.3504483699798584, 0.2787260413169861, 0.041028622537851334)","(0.45015859603881836, 0.1143338605761528, 0.0633348822593689)","(0.39173004031181335, 0.1771976351737976, 0.07603166252374649)","(0.36883270740509033, 0.2342136949300766, 0.054140519350767136)","(0.36316046118736267, 0.2897200286388397, 0.038005199283361435)","(0.45978599786758423, 0.14305461943149567, 0.08544318377971649)","(0.4123886823654175, 0.18381282687187195, 0.08998896181583405)","(0.39312946796417236, 0.22289356589317322, 0.07805857807397842)","(0.3848533034324646, 0.26285043358802795, 0.0701940730214119)",Move
2802,"(0.49652624130249023, 0.2904268205165863, -4.985719783690001e-07)","(0.4270956516265869, 0.26632416248321533, -0.028657393530011177)","(0.37387174367904663, 0.2201111912727356, -0.025569478049874306)","(0.33785346150398254, 0.21089842915534973, -0.01404502708464861)","(0.3174073100090027, 0.21815386414527893, -0.0015186893288046122)","(0.4267660677433014, 0.07103382796049118, 0.003104802221059799)","(0.3673202693462372, 0.12097931653261185, 0.019267119467258453)","(0.34243130683898926, 0.17948132753372192, 0.023948078975081444)","(0.33583903312683105, 0.21947935223579407, 0.0255008302628994)","(0.4447324872016907, 0.08399587124586105, 0.026338178664445877)","(0.37852516770362854, 0.16158951818943024, 0.03956642374396324)","(0.35566094517707825, 0.23131132125854492, 0.03029944747686386)","(0.3509625196456909, 0.28532660007476807, 0.020990785211324692)","(0.455828994512558, 0.11232497543096542, 0.04838527366518974)","(0.39136719703674316, 0.1851465106010437, 0.054067615419626236)","(0.3662918508052826, 0.24364548921585083, 0.03279668092727661)","(0.35895442962646484, 0.2994489073753357, 0.017164533957839012)","(0.4652523398399353, 0.13864676654338837, 0.06972134113311768)","(0.41414886713027954, 0.18985529243946075, 0.06647222489118576)","(0.39544081687927246, 0.23143097758293152, 0.05192672461271286)","(0.38787132501602173, 0.2730486989021301, 0.042557962238788605)",Move
2803,"(0.5060685276985168, 0.29421138763427734, -4.6870005121490976e-07)","(0.4377596080303192, 0.2723624110221863, -0.029998382553458214)","(0.38680729269981384, 0.226450577378273, -0.02629084698855877)","(0.3489058017730713, 0.21482771635055542, -0.013489856384694576)","(0.32264450192451477, 0.21782734990119934, 0.0006311780889518559)","(0.43459394574165344, 0.07742789387702942, 0.0070826164446771145)","(0.37381622195243835, 0.12609367072582245, 0.024402230978012085)","(0.3469926416873932, 0.18040134012699127, 0.027968281880021095)","(0.33828821778297424, 0.21793511509895325, 0.028883986175060272)","(0.4520953297615051, 0.09225977957248688, 0.032625749707221985)","(0.38483211398124695, 0.16218894720077515, 0.04741746559739113)","(0.36287805438041687, 0.22894056141376495, 0.03717736899852753)","(0.35849320888519287, 0.2823539972305298, 0.027313411235809326)","(0.4621390104293823, 0.12228607386350632, 0.056783467531204224)","(0.3979911804199219, 0.18849456310272217, 0.0649196058511734)","(0.37466752529144287, 0.2435041218996048, 0.04350849613547325)","(0.36809563636779785, 0.2961018681526184, 0.02760036662220955)","(0.47017335891723633, 0.14828193187713623, 0.08001485466957092)","(0.4184771478176117, 0.19694221019744873, 0.07934176921844482)","(0.3992413878440857, 0.23646099865436554, 0.06506738811731339)","(0.3907614052295685, 0.2736485004425049, 0.055585090070962906)",Move
2804,"(0.5156741738319397, 0.3013213872909546, -4.932397246193432e-07)","(0.4455152153968811, 0.27684900164604187, -0.026613177731633186)","(0.3946102559566498, 0.23180238902568817, -0.018000975251197815)","(0.356638640165329, 0.2193823754787445, -0.0002331696159671992)","(0.33054590225219727, 0.21732915937900543, 0.019131479784846306)","(0.4442676901817322, 0.08214849978685379, 0.014033183455467224)","(0.38497641682624817, 0.12464095652103424, 0.03688152879476547)","(0.3565428853034973, 0.17184698581695557, 0.04474377632141113)","(0.34459689259529114, 0.20530864596366882, 0.048350024968385696)","(0.46247828006744385, 0.0983138456940651, 0.03996887430548668)","(0.39578771591186523, 0.1631748229265213, 0.0592062883079052)","(0.37325236201286316, 0.22971034049987793, 0.05136025696992874)","(0.36791741847991943, 0.28495875000953674, 0.04352271929383278)","(0.4731399416923523, 0.12762369215488434, 0.06469561159610748)","(0.4088328182697296, 0.19073471426963806, 0.075864277780056)","(0.3857303857803345, 0.24780473113059998, 0.055024415254592896)","(0.3782963454723358, 0.2996925711631775, 0.039773568511009216)","(0.48057350516319275, 0.15244099497795105, 0.08889877051115036)","(0.4288601577281952, 0.1989821195602417, 0.08985879272222519)","(0.408146470785141, 0.2386181354522705, 0.07548923045396805)","(0.397779256105423, 0.27456510066986084, 0.06616953760385513)",Move
2805,"(0.5227916240692139, 0.3121376037597656, -4.65515796577165e-07)","(0.45516085624694824, 0.28828758001327515, -0.029366295784711838)","(0.4048013687133789, 0.24245813488960266, -0.024093186482787132)","(0.36627107858657837, 0.22664162516593933, -0.010062232613563538)","(0.3381522595882416, 0.22284512221813202, 0.005249790847301483)","(0.4537605345249176, 0.09297715872526169, 0.010569769889116287)","(0.3952704668045044, 0.1305893063545227, 0.02949311025440693)","(0.3646322786808014, 0.17141424119472504, 0.03461966663599014)","(0.34791409969329834, 0.19925324618816376, 0.036602310836315155)","(0.47135359048843384, 0.10585931688547134, 0.03560756891965866)","(0.4057019352912903, 0.16490814089775085, 0.05094305798411369)","(0.38146060705184937, 0.22926093637943268, 0.04228989779949188)","(0.37265798449516296, 0.28420478105545044, 0.034639470279216766)","(0.48111552000045776, 0.13320478796958923, 0.058931659907102585)","(0.4175272285938263, 0.1937830150127411, 0.06654468923807144)","(0.39448148012161255, 0.25110843777656555, 0.04625042900443077)","(0.38463693857192993, 0.3027808964252472, 0.03228626027703285)","(0.4879688322544098, 0.15781079232692719, 0.08132694661617279)","(0.4368876814842224, 0.20312058925628662, 0.08073411136865616)","(0.4165196418762207, 0.24267563223838806, 0.06753701716661453)","(0.4054270088672638, 0.2797817587852478, 0.059460390359163284)",Move
2806,"(0.5327063798904419, 0.3232435882091522, -4.7639551326028595e-07)","(0.46448951959609985, 0.3007000684738159, -0.03236889839172363)","(0.414777010679245, 0.2543551027774811, -0.02684408240020275)","(0.37640297412872314, 0.2375175803899765, -0.011593195609748363)","(0.34863895177841187, 0.23203548789024353, 0.005382022820413113)","(0.46221214532852173, 0.10310877859592438, 0.009196855127811432)","(0.40153634548187256, 0.14090701937675476, 0.027431240305304527)","(0.3704024851322174, 0.1843850314617157, 0.03214310109615326)","(0.35570228099823, 0.21489864587783813, 0.03420820087194443)","(0.4804419279098511, 0.11489640921354294, 0.036246608942747116)","(0.4145354628562927, 0.17573204636573792, 0.05061040818691254)","(0.3916356563568115, 0.24147923290729523, 0.04153900220990181)","(0.38502612709999084, 0.29490312933921814, 0.034126099199056625)","(0.4905255436897278, 0.14113272726535797, 0.06115493178367615)","(0.42609745264053345, 0.20356139540672302, 0.0674562156200409)","(0.4037827253341675, 0.26229533553123474, 0.045698683708906174)","(0.39531052112579346, 0.3120271563529968, 0.03127627819776535)","(0.49739977717399597, 0.16457799077033997, 0.0849498063325882)","(0.44572997093200684, 0.21163137257099152, 0.08246710896492004)","(0.4271332621574402, 0.252877414226532, 0.06740037351846695)","(0.41796746850013733, 0.2893812954425812, 0.058479517698287964)",Move
2807,"(0.5429967641830444, 0.3352429270744324, -4.959124453307595e-07)","(0.4747447073459625, 0.31431418657302856, -0.03239481523633003)","(0.42497718334198, 0.2671109735965729, -0.02890832908451557)","(0.3869501054286957, 0.2487897127866745, -0.016075408086180687)","(0.3591471016407013, 0.2410217970609665, -0.0016633968334645033)","(0.47206825017929077, 0.11228379607200623, 0.0035962890833616257)","(0.41199809312820435, 0.14975208044052124, 0.01772189326584339)","(0.37991082668304443, 0.19260141253471375, 0.021175721660256386)","(0.36263278126716614, 0.22254376113414764, 0.022557275369763374)","(0.4900839924812317, 0.12380191683769226, 0.0284262802451849)","(0.42389005422592163, 0.18208114802837372, 0.03891043737530708)","(0.39687326550483704, 0.24741670489311218, 0.029858674854040146)","(0.38419339060783386, 0.30280357599258423, 0.022538499906659126)","(0.500178873538971, 0.15016183257102966, 0.051060933619737625)","(0.4352971017360687, 0.21302086114883423, 0.05332013592123985)","(0.4089071750640869, 0.27336564660072327, 0.03241343796253204)","(0.39488139748573303, 0.32533183693885803, 0.01879679411649704)","(0.5077854990959167, 0.1762499213218689, 0.0725783258676529)","(0.45646172761917114, 0.2242787480354309, 0.06674028187990189)","(0.4357496201992035, 0.2670694589614868, 0.05178738012909889)","(0.4228188693523407, 0.3058324456214905, 0.043185703456401825)",Move
2808,"(0.5524085760116577, 0.345525324344635, -5.063550929662597e-07)","(0.4853973984718323, 0.3271130323410034, -0.03479869291186333)","(0.4352228045463562, 0.2787143588066101, -0.03433351218700409)","(0.3961541950702667, 0.25941964983940125, -0.0243948083370924)","(0.36783623695373535, 0.25392916798591614, -0.012913660146296024)","(0.48127883672714233, 0.12236806005239487, -0.003300568787381053)","(0.4185952842235565, 0.16141203045845032, 0.006820341572165489)","(0.38656336069107056, 0.20857900381088257, 0.008432270027697086)","(0.37059634923934937, 0.24178984761238098, 0.008919774554669857)","(0.4993986189365387, 0.13319721817970276, 0.021415067836642265)","(0.43089759349823, 0.19368599355220795, 0.027544541284441948)","(0.4037558436393738, 0.26127052307128906, 0.017789607867598534)","(0.3908979892730713, 0.3172021508216858, 0.010455375537276268)","(0.5091931819915771, 0.1597423553466797, 0.04392002895474434)","(0.4422953128814697, 0.22427421808242798, 0.04240424558520317)","(0.4149726629257202, 0.2859534025192261, 0.022074148058891296)","(0.40036121010780334, 0.3388916552066803, 0.00950032752007246)","(0.5167107582092285, 0.18696188926696777, 0.06517148017883301)","(0.4637381136417389, 0.2337006777524948, 0.05695280805230141)","(0.44200292229652405, 0.2766418159008026, 0.042459044605493546)","(0.42813634872436523, 0.3164258897304535, 0.03457678481936455)",Move
2809,"(0.5633870363235474, 0.35820814967155457, -4.95499364205898e-07)","(0.4930861294269562, 0.33860692381858826, -0.034530121833086014)","(0.44252169132232666, 0.2895406186580658, -0.02998756244778633)","(0.40356677770614624, 0.27164700627326965, -0.015078968368470669)","(0.37618911266326904, 0.26650750637054443, 0.0017013911856338382)","(0.4888753592967987, 0.13281306624412537, 0.004087091889232397)","(0.42422202229499817, 0.17627081274986267, 0.021159103140234947)","(0.3920559883117676, 0.22715431451797485, 0.025683948770165443)","(0.3769080638885498, 0.2629217803478241, 0.027659200131893158)","(0.5080521106719971, 0.14542025327682495, 0.03190065920352936)","(0.43881016969680786, 0.20343443751335144, 0.04688788577914238)","(0.4081944227218628, 0.2676422894001007, 0.03846442326903343)","(0.39317435026168823, 0.3254878520965576, 0.03048454225063324)","(0.5188443064689636, 0.17427942156791687, 0.057502370327711105)","(0.451505571603775, 0.23370565474033356, 0.06356345862150192)","(0.42078250646591187, 0.2913144826889038, 0.042067285627126694)","(0.40448981523513794, 0.34291017055511475, 0.02698725089430809)","(0.5261749029159546, 0.20198476314544678, 0.0818447545170784)","(0.4719538688659668, 0.24464011192321777, 0.0781070664525032)","(0.4484979212284088, 0.2856632173061371, 0.06283587217330933)","(0.43388521671295166, 0.323902428150177, 0.053380630910396576)",Move
2810,"(0.5737952589988708, 0.3738883435726166, -5.226942789704481e-07)","(0.5039088129997253, 0.3541870713233948, -0.034594979137182236)","(0.4524781405925751, 0.30224061012268066, -0.03091244213283062)","(0.412810742855072, 0.28167614340782166, -0.016997484490275383)","(0.3840198516845703, 0.27761152386665344, -0.0013179314555600286)","(0.5001622438430786, 0.1492508053779602, 0.001432332443073392)","(0.43337738513946533, 0.18957477807998657, 0.016022101044654846)","(0.39874890446662903, 0.23955292999744415, 0.019284050911664963)","(0.3815390467643738, 0.2733108103275299, 0.02037421241402626)","(0.518470287322998, 0.16151326894760132, 0.0283153485506773)","(0.4462606608867645, 0.22008183598518372, 0.04067857563495636)","(0.4148361086845398, 0.28611838817596436, 0.031856950372457504)","(0.3996586203575134, 0.34262678027153015, 0.023699672892689705)","(0.5282719135284424, 0.1897420436143875, 0.052992239594459534)","(0.45849373936653137, 0.24895383417606354, 0.05701323226094246)","(0.42748796939849854, 0.3083095848560333, 0.03633604571223259)","(0.4114627540111542, 0.3603324890136719, 0.021882757544517517)","(0.5352634787559509, 0.21695078909397125, 0.07636625319719315)","(0.4802969992160797, 0.2598586082458496, 0.07105891406536102)","(0.4561990797519684, 0.30198922753334045, 0.05608736723661423)","(0.4414641857147217, 0.3417171537876129, 0.046998120844364166)",Move
2811,"(0.5839474201202393, 0.3919290602207184, -5.329619057192758e-07)","(0.5138781070709229, 0.37045854330062866, -0.03321968764066696)","(0.46159499883651733, 0.31601932644844055, -0.027843032032251358)","(0.42175665497779846, 0.29407721757888794, -0.012457515113055706)","(0.39249303936958313, 0.28634828329086304, 0.004767711274325848)","(0.5115141272544861, 0.1638607382774353, 0.005260441917926073)","(0.4466787576675415, 0.19809624552726746, 0.022314544767141342)","(0.4116132855415344, 0.24453973770141602, 0.02695308066904545)","(0.3923006057739258, 0.27614855766296387, 0.028461474925279617)","(0.5294132828712463, 0.17711319029331207, 0.03196105733513832)","(0.45794039964675903, 0.23450687527656555, 0.046025730669498444)","(0.4262193441390991, 0.3003913462162018, 0.0369529128074646)","(0.40974944829940796, 0.35702210664749146, 0.028245238587260246)","(0.5387759208679199, 0.2059471607208252, 0.05648467689752579)","(0.4700262248516083, 0.263683557510376, 0.0616934671998024)","(0.43854331970214844, 0.3224385678768158, 0.03989814594388008)","(0.4208166003227234, 0.37439826130867004, 0.024230198934674263)","(0.545690655708313, 0.23300820589065552, 0.07987996935844421)","(0.4914438724517822, 0.27570831775665283, 0.07562016695737839)","(0.4663304388523102, 0.3175669312477112, 0.0599929541349411)","(0.44986388087272644, 0.35710278153419495, 0.049951884895563126)",Move
2812,"(0.59454345703125, 0.4127391278743744, -5.321870162333653e-07)","(0.5229788422584534, 0.38494542241096497, -0.031710390001535416)","(0.47106897830963135, 0.3295317590236664, -0.025621939450502396)","(0.4310508370399475, 0.30838340520858765, -0.009875037707388401)","(0.4015471041202545, 0.3009706735610962, 0.007748699747025967)","(0.5238667726516724, 0.17935478687286377, 0.009088724851608276)","(0.4581115245819092, 0.21115116775035858, 0.027359627187252045)","(0.42197489738464355, 0.2577347159385681, 0.03191352263092995)","(0.4011245369911194, 0.29056277871131897, 0.0332074910402298)","(0.5416927337646484, 0.19441795349121094, 0.035762667655944824)","(0.46936652064323425, 0.24773253500461578, 0.051138557493686676)","(0.4367651641368866, 0.31171736121177673, 0.041373465210199356)","(0.41865232586860657, 0.36800479888916016, 0.03184567764401436)","(0.5505001544952393, 0.22443559765815735, 0.060394614934921265)","(0.481421560049057, 0.27772414684295654, 0.06783811748027802)","(0.44882193207740784, 0.33382895588874817, 0.04610146954655647)","(0.429427832365036, 0.38417744636535645, 0.029914474114775658)","(0.5569729208946228, 0.2523122727870941, 0.08392864465713501)","(0.5025684237480164, 0.29114946722984314, 0.08185076713562012)","(0.47617271542549133, 0.331443727016449, 0.06684933602809906)","(0.4582080841064453, 0.36896371841430664, 0.056812647730112076)",Move
2813,"(0.6073465347290039, 0.4304494857788086, -5.326357950252714e-07)","(0.5349836349487305, 0.40215355157852173, -0.03223058953881264)","(0.4822973906993866, 0.34658053517341614, -0.024993984028697014)","(0.44105100631713867, 0.3251444101333618, -0.0075522358529269695)","(0.41071978211402893, 0.3183905780315399, 0.012015585787594318)","(0.534978449344635, 0.19431567192077637, 0.011513532139360905)","(0.46810054779052734, 0.22663387656211853, 0.031666409224271774)","(0.43189385533332825, 0.27154481410980225, 0.036885276436805725)","(0.41071364283561707, 0.30235451459884644, 0.03844764083623886)","(0.5522001385688782, 0.21052102744579315, 0.039679769426584244)","(0.47911524772644043, 0.26137882471084595, 0.05622656270861626)","(0.4473237693309784, 0.32528334856033325, 0.04627618193626404)","(0.4296322166919708, 0.3806462585926056, 0.03682350739836693)","(0.5603169798851013, 0.24080337584018707, 0.06578496098518372)","(0.49132394790649414, 0.2905486226081848, 0.07400669902563095)","(0.459263414144516, 0.34723395109176636, 0.05131710320711136)","(0.4401156008243561, 0.3959389925003052, 0.034681014716625214)","(0.5665632486343384, 0.2665148079395294, 0.09082493931055069)","(0.5119267702102661, 0.30473893880844116, 0.08896641433238983)","(0.48571088910102844, 0.3462446928024292, 0.07306443899869919)","(0.46763020753860474, 0.3819117546081543, 0.06256859004497528)",Move
2814,"(0.6180245280265808, 0.44800370931625366, -5.103661919747537e-07)","(0.5471855401992798, 0.42170125246047974, -0.03337622433900833)","(0.49325352907180786, 0.3641328811645508, -0.028135890141129494)","(0.45069167017936707, 0.34124040603637695, -0.012756112031638622)","(0.41958698630332947, 0.33489593863487244, 0.004716858733445406)","(0.5470530390739441, 0.21245378255844116, 0.007681860122829676)","(0.4796293377876282, 0.24079489707946777, 0.026130501180887222)","(0.44312891364097595, 0.2844020128250122, 0.030689163133502007)","(0.4206850528717041, 0.31345704197883606, 0.03179314732551575)","(0.5631468296051025, 0.2278694361448288, 0.03549502044916153)","(0.4900434613227844, 0.27585554122924805, 0.05090874060988426)","(0.4556387662887573, 0.3368212878704071, 0.041265975683927536)","(0.43475496768951416, 0.39064356684684753, 0.0317671075463295)","(0.5706424117088318, 0.2578468322753906, 0.06120353192090988)","(0.5020022392272949, 0.30630767345428467, 0.06867599487304688)","(0.46782970428466797, 0.3610548973083496, 0.04700230807065964)","(0.44564688205718994, 0.40817612409591675, 0.030777055770158768)","(0.5757737159729004, 0.2840370535850525, 0.08571653068065643)","(0.5218670964241028, 0.32202082872390747, 0.08391844481229782)","(0.49486154317855835, 0.36300957202911377, 0.06903070956468582)","(0.4754578173160553, 0.3987494707107544, 0.05901474133133888)",Move
2815,"(0.6266478300094604, 0.46822917461395264, -5.057386829321331e-07)","(0.5569119453430176, 0.4376835823059082, -0.03432189300656319)","(0.5026068687438965, 0.37808868288993835, -0.030523141846060753)","(0.45993486046791077, 0.3529825806617737, -0.016564426943659782)","(0.4288603663444519, 0.34705647826194763, -0.0005258474848233163)","(0.5603723526000977, 0.22978337109088898, 0.004946694243699312)","(0.49205291271209717, 0.25486472249031067, 0.021327883005142212)","(0.45479974150657654, 0.29559943079948425, 0.024529816582798958)","(0.43152278661727905, 0.32293900847435, 0.02460637502372265)","(0.5749068260192871, 0.24691066145896912, 0.032262854278087616)","(0.5009254813194275, 0.29260382056236267, 0.04550988972187042)","(0.46525973081588745, 0.3495117425918579, 0.034690361469984055)","(0.44298046827316284, 0.4019296169281006, 0.02416916750371456)","(0.5813041925430298, 0.2776213586330414, 0.05739421024918556)","(0.5120452046394348, 0.3243682384490967, 0.06319722533226013)","(0.47699224948883057, 0.37568339705467224, 0.04095209017395973)","(0.45344290137290955, 0.4214707612991333, 0.02415861375629902)","(0.5858317613601685, 0.3048080801963806, 0.08122941106557846)","(0.5315756797790527, 0.3409191370010376, 0.07806737720966339)","(0.5037379264831543, 0.38016700744628906, 0.06246732920408249)","(0.48351719975471497, 0.4149225652217865, 0.05173516273498535)",Move
2816,"(0.6371021270751953, 0.4852752089500427, -5.089697765470191e-07)","(0.56700599193573, 0.45454737544059753, -0.03605273738503456)","(0.5129578113555908, 0.39477741718292236, -0.032205380499362946)","(0.4704993963241577, 0.36977842450141907, -0.017572345212101936)","(0.44012075662612915, 0.364386647939682, -0.0006324329297058284)","(0.5727560520172119, 0.24463464319705963, 0.0031230419408529997)","(0.5045197010040283, 0.2671550512313843, 0.020373141393065453)","(0.4668530225753784, 0.3081912100315094, 0.024806682020425797)","(0.4426884651184082, 0.33746564388275146, 0.02586844563484192)","(0.5878769159317017, 0.26333844661712646, 0.03234608843922615)","(0.513412594795227, 0.30839216709136963, 0.044780634343624115)","(0.47886285185813904, 0.36922624707221985, 0.033569566905498505)","(0.45851898193359375, 0.4240309000015259, 0.023319315165281296)","(0.5942891240119934, 0.2953692376613617, 0.05957000330090523)","(0.523911714553833, 0.3407275974750519, 0.06448324769735336)","(0.4905615448951721, 0.3954947292804718, 0.04093329980969429)","(0.4702322483062744, 0.4460917115211487, 0.02400125563144684)","(0.5980440378189087, 0.32322195172309875, 0.08557528257369995)","(0.5434093475341797, 0.3585990369319916, 0.08172019571065903)","(0.5166440010070801, 0.39842891693115234, 0.06481911242008209)","(0.49881547689437866, 0.4342983365058899, 0.05355885997414589)",Move
2817,"(0.6488125920295715, 0.503390908241272, -5.25791449490498e-07)","(0.5772069692611694, 0.47322511672973633, -0.034369178116321564)","(0.524151623249054, 0.4118385910987854, -0.02890590950846672)","(0.48234736919403076, 0.38515758514404297, -0.012448253110051155)","(0.45119979977607727, 0.3784264028072357, 0.006570599973201752)","(0.5828123092651367, 0.25910699367523193, 0.006150752771645784)","(0.5126394629478455, 0.2798476219177246, 0.025879107415676117)","(0.4745394289493561, 0.324054092168808, 0.031257275491952896)","(0.45051759481430054, 0.35720574855804443, 0.03331384435296059)","(0.5990879535675049, 0.2784710228443146, 0.036936406046152115)","(0.5238186717033386, 0.3202767074108124, 0.05233953520655632)","(0.49183380603790283, 0.38455790281295776, 0.041691895574331284)","(0.47416481375694275, 0.4418952763080597, 0.0320499986410141)","(0.6056448221206665, 0.3103887140750885, 0.06630336493253708)","(0.5348319411277771, 0.3510434031486511, 0.07513353228569031)","(0.5039280652999878, 0.40697726607322693, 0.0523969791829586)","(0.4866586923599243, 0.4598590135574341, 0.03590225428342819)","(0.6093384027481079, 0.3358307480812073, 0.094605952501297)","(0.5538353323936462, 0.36927133798599243, 0.09464362263679504)","(0.5279707908630371, 0.40950679779052734, 0.07935849577188492)","(0.5113943815231323, 0.44649943709373474, 0.06925193965435028)",Move
2818,"(0.6553801894187927, 0.5190989971160889, -5.698657901120896e-07)","(0.5820638537406921, 0.48568880558013916, -0.03125033900141716)","(0.5314397811889648, 0.427374005317688, -0.022013241425156593)","(0.4906170964241028, 0.3999882936477661, -0.0016490431735292077)","(0.46099621057510376, 0.39022332429885864, 0.021825892850756645)","(0.5902093052864075, 0.2761387526988983, 0.011463258415460587)","(0.5201776623725891, 0.2956746220588684, 0.03359219804406166)","(0.48234790563583374, 0.34379124641418457, 0.04012327268719673)","(0.46038228273391724, 0.38214176893234253, 0.04347577691078186)","(0.6079986691474915, 0.29385054111480713, 0.043079107999801636)","(0.5321363210678101, 0.33249980211257935, 0.06220083311200142)","(0.5030578374862671, 0.4003528654575348, 0.05343635752797127)","(0.4896113872528076, 0.4581620693206787, 0.04495902359485626)","(0.6145497560501099, 0.3232486844062805, 0.07343100756406784)","(0.5442983508110046, 0.36104556918144226, 0.08584262430667877)","(0.517033040523529, 0.42023977637290955, 0.06459753960371017)","(0.5049039721488953, 0.4738932251930237, 0.04885375127196312)","(0.6178731918334961, 0.34467124938964844, 0.10287273675203323)","(0.5636988878250122, 0.3766965866088867, 0.10564389079809189)","(0.5411903858184814, 0.4183443784713745, 0.09120744466781616)","(0.5285826921463013, 0.4558522701263428, 0.08167298138141632)",Move
2819,"(0.6666122674942017, 0.5430855751037598, -5.795383231088636e-07)","(0.5904054641723633, 0.5064606666564941, -0.028688112273812294)","(0.5389143228530884, 0.44737738370895386, -0.01636558771133423)","(0.49929705262184143, 0.42020490765571594, 0.007104774937033653)","(0.4707893133163452, 0.40481507778167725, 0.034350838512182236)","(0.5962982773780823, 0.2919669449329376, 0.018177226185798645)","(0.5293633341789246, 0.31002920866012573, 0.044664740562438965)","(0.491632878780365, 0.3586289882659912, 0.054257724434137344)","(0.4699938893318176, 0.39935946464538574, 0.060001879930496216)","(0.6165172457695007, 0.312091201543808, 0.051084477454423904)","(0.5428626537322998, 0.34972354769706726, 0.07468165457248688)","(0.5176215171813965, 0.4245598018169403, 0.06924125552177429)","(0.5098491907119751, 0.4856846332550049, 0.06380271166563034)","(0.6243385076522827, 0.34411826729774475, 0.08294682949781418)","(0.5553525686264038, 0.3808819353580475, 0.0993652269244194)","(0.531995415687561, 0.4443880319595337, 0.08131527155637741)","(0.5260284543037415, 0.5018720626831055, 0.06833343207836151)","(0.6294593214988708, 0.3664056360721588, 0.11400990188121796)","(0.5744513869285583, 0.3993772864341736, 0.12003282457590103)","(0.5538926720619202, 0.44390976428985596, 0.10795577615499496)","(0.544779896736145, 0.48218828439712524, 0.10071529448032379)",Move
2820,"(0.6723776459693909, 0.5643621683120728, -4.895850906905252e-07)","(0.5963645577430725, 0.5281891822814941, -0.028123479336500168)","(0.5461174845695496, 0.4667951166629791, -0.018521765246987343)","(0.5061429738998413, 0.4380912780761719, 0.0015668526757508516)","(0.4770933985710144, 0.4215066730976105, 0.02516734041273594)","(0.6030875444412231, 0.3118625581264496, 0.014163900166749954)","(0.5370168089866638, 0.32381442189216614, 0.040803905576467514)","(0.5014540553092957, 0.3724850118160248, 0.05043099820613861)","(0.4794338345527649, 0.4107683002948761, 0.05581691488623619)","(0.6246280074119568, 0.3270084857940674, 0.045136090368032455)","(0.5536944270133972, 0.3529285192489624, 0.07257679849863052)","(0.5214969515800476, 0.4125823378562927, 0.06940139830112457)","(0.5040087699890137, 0.46668320894241333, 0.06360424309968948)","(0.633739709854126, 0.3576476573944092, 0.07535305619239807)","(0.5672953724861145, 0.38854339718818665, 0.09744932502508163)","(0.5387438535690308, 0.4369042217731476, 0.08360670506954193)","(0.5249884724617004, 0.4841492474079132, 0.0709698274731636)","(0.6387031078338623, 0.3818456828594208, 0.10427935421466827)","(0.5871588587760925, 0.4067423939704895, 0.1161818578839302)","(0.5623543858528137, 0.44200170040130615, 0.10882944613695145)","(0.5469797849655151, 0.4755971431732178, 0.10321266204118729)",Move
2821,"(0.6788063645362854, 0.5843651294708252, -4.5431016815200564e-07)","(0.6025221943855286, 0.5478906631469727, -0.026933379471302032)","(0.5506191849708557, 0.4862080514431, -0.015822259709239006)","(0.5121796131134033, 0.45595866441726685, 0.006192834582179785)","(0.48490047454833984, 0.4331477880477905, 0.03234870359301567)","(0.610066831111908, 0.3319478929042816, 0.013818787410855293)","(0.5436949729919434, 0.3426480293273926, 0.044075630605220795)","(0.5089848041534424, 0.39060941338539124, 0.0569220669567585)","(0.4880463480949402, 0.4269111454486847, 0.06443313509225845)","(0.6330113410949707, 0.3422808051109314, 0.0452529639005661)","(0.5654833912849426, 0.3541368246078491, 0.07814852893352509)","(0.5332062840461731, 0.40557101368904114, 0.07987330108880997)","(0.5155534744262695, 0.45481494069099426, 0.07717256247997284)","(0.6428436040878296, 0.3686208426952362, 0.07612841576337814)","(0.580672562122345, 0.3801572620868683, 0.10295766592025757)","(0.5524851083755493, 0.4197550415992737, 0.09401257336139679)","(0.537457287311554, 0.45802000164985657, 0.08422330766916275)","(0.6477353572845459, 0.3899685740470886, 0.10566829890012741)","(0.5989119410514832, 0.3989083170890808, 0.12141025066375732)","(0.5749925971031189, 0.4270409643650055, 0.11778152734041214)","(0.5586506128311157, 0.4530995786190033, 0.1146627739071846)",Move
2822,"(0.6838380694389343, 0.6084898114204407, -4.3974651475764404e-07)","(0.6056329011917114, 0.5691735744476318, -0.020666537806391716)","(0.55368572473526, 0.5051000118255615, -0.005910269916057587)","(0.5173839926719666, 0.4728334844112396, 0.01897716522216797)","(0.49091559648513794, 0.4484148323535919, 0.04864770174026489)","(0.6130289435386658, 0.35397177934646606, 0.020772220566868782)","(0.5496188998222351, 0.3619362711906433, 0.05682830512523651)","(0.5159382820129395, 0.41073843836784363, 0.07485582679510117)","(0.49752989411354065, 0.44804736971855164, 0.08583059906959534)","(0.6398719549179077, 0.36748024821281433, 0.051682379096746445)","(0.5769691467285156, 0.3703061640262604, 0.09132002294063568)","(0.5456405282020569, 0.4218977689743042, 0.09889620542526245)","(0.5305023193359375, 0.47002848982810974, 0.09985246509313583)","(0.6536332368850708, 0.3965938091278076, 0.08266817033290863)","(0.5977144837379456, 0.3949955105781555, 0.11618607491254807)","(0.5703479051589966, 0.4348437190055847, 0.11309802532196045)","(0.558135986328125, 0.4745802581310272, 0.10662290453910828)","(0.661525309085846, 0.4215727150440216, 0.1126149520277977)","(0.6185548305511475, 0.41985660791397095, 0.13515041768550873)","(0.5941437482833862, 0.44591227173805237, 0.13582052290439606)","(0.5786755681037903, 0.472579687833786, 0.13509193062782288)",Move
2823,"(0.6872813105583191, 0.6368647217750549, -4.285007264570595e-07)","(0.6101931929588318, 0.5985628366470337, -0.014546878635883331)","(0.5583063364028931, 0.5262202620506287, -0.002228318015113473)","(0.5217455625534058, 0.48909080028533936, 0.018284128978848457)","(0.49685895442962646, 0.46326979994773865, 0.04294099286198616)","(0.6171241998672485, 0.3754189610481262, 0.013541676104068756)","(0.5536174178123474, 0.38076052069664, 0.05117122456431389)","(0.5224490761756897, 0.4286957383155823, 0.07439939677715302)","(0.5043721199035645, 0.4666542410850525, 0.08861523866653442)","(0.6506528854370117, 0.386272132396698, 0.03928941488265991)","(0.5852941274642944, 0.3903002142906189, 0.07956977933645248)","(0.5546519756317139, 0.4399472773075104, 0.0932084321975708)","(0.5385887026786804, 0.48870712518692017, 0.09825117886066437)","(0.6707926392555237, 0.42002591490745544, 0.06661640107631683)","(0.6126020550727844, 0.41795170307159424, 0.1012723296880722)","(0.5835736989974976, 0.45125943422317505, 0.10536608099937439)","(0.5699702501296997, 0.4912227392196655, 0.10330931097269058)","(0.682624340057373, 0.4540232717990875, 0.09341438859701157)","(0.6384894847869873, 0.44645601511001587, 0.11649826914072037)","(0.6111899614334106, 0.46846580505371094, 0.12174943089485168)","(0.5943922996520996, 0.49810877442359924, 0.12435217946767807)",Move
2824,"(0.6849331855773926, 0.6644192934036255, -3.9151842656792724e-07)","(0.6132718920707703, 0.6286017298698425, -0.014522915706038475)","(0.5665680766105652, 0.5523784756660461, -0.007351095788180828)","(0.5315572023391724, 0.5071982145309448, 0.006836032494902611)","(0.5044321417808533, 0.4815499484539032, 0.023683570325374603)","(0.6155915260314941, 0.40428996086120605, 0.0038036948535591364)","(0.5600053071975708, 0.39944249391555786, 0.03785722702741623)","(0.5328662395477295, 0.44479626417160034, 0.06052635610103607)","(0.5175850987434387, 0.4816160202026367, 0.07409235090017319)","(0.6522935628890991, 0.4061804413795471, 0.025535948574543)","(0.5955283641815186, 0.40624356269836426, 0.0628514513373375)","(0.5671826601028442, 0.4516659080982208, 0.07736808806657791)","(0.5523447394371033, 0.49797263741493225, 0.08253305405378342)","(0.677246630191803, 0.4377303123474121, 0.04921882972121239)","(0.626799464225769, 0.4332021176815033, 0.08082995563745499)","(0.601270854473114, 0.4639272391796112, 0.08604835718870163)","(0.5883934497833252, 0.5033037662506104, 0.08410240709781647)","(0.69341641664505, 0.47332271933555603, 0.07241342216730118)","(0.6546427607536316, 0.4623105823993683, 0.09300456941127777)","(0.6318206787109375, 0.48067331314086914, 0.09883462637662888)","(0.6174513101577759, 0.5111194849014282, 0.10135696083307266)",Move
2825,"(0.6848501563072205, 0.6809862852096558, -4.3074166455880913e-07)","(0.6148735880851746, 0.6500924825668335, -0.013172173872590065)","(0.5685597658157349, 0.571645200252533, -0.00852918066084385)","(0.5351687669754028, 0.5204728245735168, 0.0016749893547967076)","(0.512243390083313, 0.49774399399757385, 0.013582251034677029)","(0.6150099039077759, 0.422702431678772, -0.00258245668374002)","(0.5614201426506042, 0.4224032163619995, 0.022544505074620247)","(0.5366802215576172, 0.4685250222682953, 0.03892102465033531)","(0.5245566368103027, 0.5051572322845459, 0.04847611486911774)","(0.6533182859420776, 0.4237772226333618, 0.013800709508359432)","(0.5994844436645508, 0.4233313202857971, 0.041937194764614105)","(0.5718163251876831, 0.4677123427391052, 0.05223304033279419)","(0.558593213558197, 0.5116327404975891, 0.054942261427640915)","(0.6804108619689941, 0.45448899269104004, 0.032115545123815536)","(0.6331836581230164, 0.44511678814888, 0.055161163210868835)","(0.6090947389602661, 0.4778663218021393, 0.058780256658792496)","(0.5981895327568054, 0.51901775598526, 0.05666472017765045)","(0.6979793906211853, 0.4915936589241028, 0.050039805471897125)","(0.6606028079986572, 0.4775431752204895, 0.06521779298782349)","(0.6389346122741699, 0.4958159625530243, 0.07059382647275925)","(0.626262366771698, 0.5260511040687561, 0.07310687005519867)",Move
2826,"(0.6882723569869995, 0.6950865387916565, -4.0818633806338767e-07)","(0.6193892359733582, 0.6704750061035156, -0.013168102130293846)","(0.5750003457069397, 0.5943877100944519, -0.009530002251267433)","(0.5440437197685242, 0.5420753359794617, -0.00038617668906226754)","(0.517758309841156, 0.5198065042495728, 0.01103318389505148)","(0.6194202303886414, 0.45113271474838257, -0.004829172044992447)","(0.5671592950820923, 0.4390107989311218, 0.01781626231968403)","(0.5426309704780579, 0.47910067439079285, 0.03532636910676956)","(0.5298069715499878, 0.5149452090263367, 0.04675763472914696)","(0.6562299728393555, 0.44709882140159607, 0.011492127552628517)","(0.6018774509429932, 0.4290935695171356, 0.036091212183237076)","(0.5720449686050415, 0.4690440893173218, 0.04876977577805519)","(0.5564515590667725, 0.5111885070800781, 0.05483159422874451)","(0.6826364994049072, 0.471347451210022, 0.029468737542629242)","(0.6354981064796448, 0.44695425033569336, 0.05010128393769264)","(0.6084992289543152, 0.4743318259716034, 0.057114869356155396)","(0.594540536403656, 0.5121499300003052, 0.05862757936120033)","(0.6999496221542358, 0.5032615661621094, 0.046985454857349396)","(0.6639105677604675, 0.47846823930740356, 0.06105465441942215)","(0.6392427682876587, 0.48932069540023804, 0.0676974356174469)","(0.6231112480163574, 0.5140867829322815, 0.07191033661365509)",Move
2827,"(0.6870430111885071, 0.699672281742096, -3.395454939436604e-07)","(0.6196433305740356, 0.6839160919189453, -0.006438467651605606)","(0.575401246547699, 0.6082650423049927, 0.005173207726329565)","(0.5459018349647522, 0.5533962249755859, 0.02188117802143097)","(0.5207157135009766, 0.5315192937850952, 0.04174433648586273)","(0.6143006086349487, 0.47296255826950073, 0.013929363340139389)","(0.5670441389083862, 0.45637232065200806, 0.046659138053655624)","(0.544745683670044, 0.49126818776130676, 0.07099153846502304)","(0.5326314568519592, 0.5237702131271362, 0.08668964356184006)","(0.6500990390777588, 0.4651983976364136, 0.03120885044336319)","(0.6019677519798279, 0.436279833316803, 0.06381847709417343)","(0.5758423805236816, 0.4713594317436218, 0.0815410390496254)","(0.5617167949676514, 0.5107626914978027, 0.09193012118339539)","(0.676913321018219, 0.48450011014938354, 0.05001865699887276)","(0.6351757645606995, 0.4554947018623352, 0.07746425271034241)","(0.6093518137931824, 0.4791024923324585, 0.08793142437934875)","(0.5962636470794678, 0.5126369595527649, 0.09231725335121155)","(0.6969230771064758, 0.5115829110145569, 0.06874395906925201)","(0.6644632816314697, 0.48226630687713623, 0.08919873833656311)","(0.6399287581443787, 0.4919293224811554, 0.09858919680118561)","(0.6246756911277771, 0.5166715383529663, 0.10474718362092972)",Move
2828,"(0.6879791021347046, 0.7132654190063477, -3.3410086075491563e-07)","(0.6223882436752319, 0.6965855360031128, -0.0051134866662323475)","(0.5782972574234009, 0.6219417452812195, 0.007859950885176659)","(0.5500648021697998, 0.570249617099762, 0.026682153344154358)","(0.5224698185920715, 0.5504700541496277, 0.04912649095058441)","(0.614916980266571, 0.4837832450866699, 0.012965861707925797)","(0.5678488612174988, 0.47055429220199585, 0.04808634892106056)","(0.5449712872505188, 0.5049903392791748, 0.0757652297616005)","(0.5319645404815674, 0.5400046706199646, 0.09437338262796402)","(0.6504189968109131, 0.47443336248397827, 0.03183705359697342)","(0.6022000312805176, 0.4476553201675415, 0.06755396723747253)","(0.577182948589325, 0.48311352729797363, 0.09033381938934326)","(0.5632697343826294, 0.5231260657310486, 0.10498496890068054)","(0.6770554780960083, 0.4932175278663635, 0.052555620670318604)","(0.635932445526123, 0.47013619542121887, 0.08248645812273026)","(0.6106862425804138, 0.494554728269577, 0.09671154618263245)","(0.5975810289382935, 0.5281186699867249, 0.10420648753643036)","(0.6964751482009888, 0.5190698504447937, 0.07337167114019394)","(0.6639178395271301, 0.49713584780693054, 0.09503373503684998)","(0.6408803462982178, 0.5090824365615845, 0.10583674907684326)","(0.6272444725036621, 0.5346454381942749, 0.11367906630039215)",Move
2829,"(0.6843319535255432, 0.7225692868232727, -3.517970981192775e-07)","(0.6207093596458435, 0.7073268890380859, -0.003662309143692255)","(0.5778996348381042, 0.6358315348625183, 0.008451998233795166)","(0.5516319274902344, 0.5818401575088501, 0.026394110172986984)","(0.5244105458259583, 0.5607110261917114, 0.04796168953180313)","(0.6115621328353882, 0.49890464544296265, 0.006856339517980814)","(0.5661329627037048, 0.4829599857330322, 0.039954885840415955)","(0.5439874529838562, 0.5148912668228149, 0.0686483159661293)","(0.5317690968513489, 0.5478912591934204, 0.0882396250963211)","(0.6463584303855896, 0.48536139726638794, 0.024354582652449608)","(0.598573625087738, 0.4569297730922699, 0.05610794946551323)","(0.5756392478942871, 0.4947163462638855, 0.08032220602035522)","(0.5641987323760986, 0.5339124798774719, 0.0969054326415062)","(0.6736025810241699, 0.5001241564750671, 0.04426899179816246)","(0.6326809525489807, 0.4766519069671631, 0.07090476155281067)","(0.6091978549957275, 0.5039702653884888, 0.08737052977085114)","(0.5976669192314148, 0.5376672744750977, 0.09730885922908783)","(0.6941741704940796, 0.5233972668647766, 0.06454502046108246)","(0.6639130711555481, 0.4963178038597107, 0.08482814580202103)","(0.6422556042671204, 0.5094279050827026, 0.09713110327720642)","(0.6303263306617737, 0.5365425944328308, 0.10656286031007767)",Move
2830,"(0.6809496283531189, 0.7338716387748718, -3.1589476634508173e-07)","(0.6171321272850037, 0.7137205004692078, 0.000689844076987356)","(0.576930820941925, 0.6444145441055298, 0.015089230611920357)","(0.552990734577179, 0.5906913876533508, 0.035101670771837234)","(0.5276862382888794, 0.566367506980896, 0.05984077230095863)","(0.6081848740577698, 0.5100632309913635, 0.012601494789123535)","(0.56357741355896, 0.49245765805244446, 0.04867938905954361)","(0.5430160760879517, 0.5221230983734131, 0.07960282266139984)","(0.5328114032745361, 0.5529016256332397, 0.10075123608112335)","(0.6433569192886353, 0.49678748846054077, 0.029219718649983406)","(0.5966871976852417, 0.4623345136642456, 0.06426094472408295)","(0.5743436813354492, 0.49501579999923706, 0.09134645760059357)","(0.5630643367767334, 0.5283588171005249, 0.11013636738061905)","(0.6706399917602539, 0.5103986263275146, 0.04848778247833252)","(0.6318307518959045, 0.4767140746116638, 0.07819175720214844)","(0.6071016192436218, 0.4981203079223633, 0.0990595817565918)","(0.5946479439735413, 0.5257912278175354, 0.11233291774988174)","(0.693560779094696, 0.53359055519104, 0.06824257224798203)","(0.6697903275489807, 0.487474262714386, 0.09248059242963791)","(0.6498927474021912, 0.4910505712032318, 0.10899040848016739)","(0.6380179524421692, 0.5106199979782104, 0.12163815647363663)",Move
2831,"(0.6771799921989441, 0.7397584319114685, -3.2589184684184147e-07)","(0.6152172088623047, 0.7237533926963806, -0.0025062381755560637)","(0.5755177736282349, 0.6538288593292236, 0.006257444620132446)","(0.5517575144767761, 0.5973026156425476, 0.019554389640688896)","(0.5265920758247375, 0.5733011364936829, 0.03640851005911827)","(0.6064771413803101, 0.5207749605178833, 0.0008319435291923583)","(0.5600606799125671, 0.49841904640197754, 0.02698148600757122)","(0.5398024320602417, 0.5279487371444702, 0.05161743238568306)","(0.530670702457428, 0.5568251609802246, 0.06866828352212906)","(0.6411559581756592, 0.5040236711502075, 0.013222516514360905)","(0.5921241044998169, 0.4664269983768463, 0.03721226006746292)","(0.5680966973304749, 0.4957096576690674, 0.05742421746253967)","(0.5577462315559387, 0.5265270471572876, 0.07145475596189499)","(0.6700820922851562, 0.5151330232620239, 0.028093606233596802)","(0.6284546256065369, 0.4771156907081604, 0.047496430575847626)","(0.6029040813446045, 0.4964481592178345, 0.0625302717089653)","(0.5902501344680786, 0.5220190286636353, 0.07233160734176636)","(0.6924553513526917, 0.5389488935470581, 0.04339394345879555)","(0.6703731417655945, 0.4839193522930145, 0.059930067509412766)","(0.6504477262496948, 0.4857252240180969, 0.07299450784921646)","(0.6383970379829407, 0.5061836242675781, 0.08317597955465317)",Move
2832,"(0.6731709241867065, 0.746697723865509, -3.87850434435677e-07)","(0.6125484108924866, 0.7285571694374084, -0.002259077038615942)","(0.5739779472351074, 0.6568177938461304, 0.0051812781020998955)","(0.550360381603241, 0.5991407632827759, 0.01655799336731434)","(0.5266754031181335, 0.576687753200531, 0.030646417289972305)","(0.6038901209831238, 0.5273491144180298, -0.004706412088125944)","(0.5567448735237122, 0.5072755813598633, 0.016760384663939476)","(0.5374241471290588, 0.5379489660263062, 0.03782431781291962)","(0.5300702452659607, 0.5645434856414795, 0.051756538450717926)","(0.6382821798324585, 0.5105645656585693, 0.0045988112688064575)","(0.5874201059341431, 0.4727212190628052, 0.021166907623410225)","(0.5644989609718323, 0.5082696080207825, 0.03626313805580139)","(0.5574867725372314, 0.5427422523498535, 0.04636180400848389)","(0.6679437756538391, 0.5214292407035828, 0.016721211373806)","(0.6241801977157593, 0.48425719141960144, 0.02889791689813137)","(0.6006964445114136, 0.5127688646316528, 0.03906794264912605)","(0.5930389165878296, 0.5431010127067566, 0.04553486034274101)","(0.6912872195243835, 0.5445485711097717, 0.02958771213889122)","(0.6710315346717834, 0.48255425691604614, 0.04038984328508377)","(0.6512032151222229, 0.4888095557689667, 0.049928613007068634)","(0.6410865187644958, 0.5126668214797974, 0.05703554302453995)",Move
2833,"(0.6712487936019897, 0.7510788440704346, -3.85202298502918e-07)","(0.6117759943008423, 0.7320795655250549, -0.0021941119339317083)","(0.5738987922668457, 0.6602543592453003, 0.004716610535979271)","(0.5507023930549622, 0.6019071340560913, 0.01536891795694828)","(0.5271335244178772, 0.5792638063430786, 0.02872512862086296)","(0.603286623954773, 0.5340766906738281, -0.0064368415623903275)","(0.5566239953041077, 0.5101706981658936, 0.01316467858850956)","(0.5363966822624207, 0.5404812097549438, 0.03380309045314789)","(0.5287183523178101, 0.5688566565513611, 0.047840625047683716)","(0.6370103359222412, 0.5160332918167114, 0.002605290850624442)","(0.5857162475585938, 0.47564268112182617, 0.016993118450045586)","(0.5616245865821838, 0.5103871822357178, 0.03162601590156555)","(0.5543585419654846, 0.5445346236228943, 0.041792016476392746)","(0.6664125919342041, 0.5255436301231384, 0.014505056664347649)","(0.6221272349357605, 0.4886203706264496, 0.02503030374646187)","(0.5971501469612122, 0.5177373886108398, 0.035333964973688126)","(0.5889278650283813, 0.5494012832641602, 0.042347636073827744)","(0.689801812171936, 0.5475138425827026, 0.02713841386139393)","(0.672649621963501, 0.4814612865447998, 0.03636447712779045)","(0.6532944440841675, 0.4837411940097809, 0.04519530013203621)","(0.6428312659263611, 0.5049718618392944, 0.05214676260948181)",Position
2834,"(0.6696316599845886, 0.7531140446662903, -3.826711463261745e-07)","(0.6104723215103149, 0.7316001057624817, -0.00042741012293845415)","(0.5728269815444946, 0.6591440439224243, 0.0094194570556283)","(0.5495067834854126, 0.6016703248023987, 0.023265646770596504)","(0.5271141529083252, 0.57904052734375, 0.04029767960309982)","(0.6013138890266418, 0.5334450602531433, -0.0023057085927575827)","(0.5554162859916687, 0.5123074054718018, 0.02108951471745968)","(0.5355598330497742, 0.5431545376777649, 0.04455944150686264)","(0.5277352333068848, 0.570996105670929, 0.06032916530966759)","(0.634781539440155, 0.5157899856567383, 0.007658211048692465)","(0.5841624736785889, 0.47853800654411316, 0.025384867563843727)","(0.5613795518875122, 0.5133885741233826, 0.04229038581252098)","(0.5547183752059937, 0.5473116040229797, 0.054100338369607925)","(0.664511501789093, 0.5258048176765442, 0.02052934467792511)","(0.6204367876052856, 0.48951852321624756, 0.03360237553715706)","(0.5953975915908813, 0.5190147161483765, 0.04475481063127518)","(0.5864608883857727, 0.5510632991790771, 0.052394524216651917)","(0.6885883808135986, 0.5481439828872681, 0.03425400331616402)","(0.6743054389953613, 0.4804684519767761, 0.04478604719042778)","(0.6556104421615601, 0.4812062680721283, 0.05329005792737007)","(0.6447975039482117, 0.5028824210166931, 0.060152117162942886)",Position
2835,"(0.6684193015098572, 0.7539060115814209, -3.6176911066831963e-07)","(0.6100053787231445, 0.7323765754699707, 0.00026887483545579016)","(0.5730428099632263, 0.6605492234230042, 0.00959303230047226)","(0.5502767562866211, 0.6014209985733032, 0.022263722494244576)","(0.5269029140472412, 0.5786147713661194, 0.037805069237947464)","(0.6005284786224365, 0.533782422542572, 0.0012355520157143474)","(0.5570580959320068, 0.5116778016090393, 0.02449004165828228)","(0.5377224087715149, 0.5408286452293396, 0.046541210263967514)","(0.5299842357635498, 0.5675958395004272, 0.06100217625498772)","(0.6337776184082031, 0.5157915353775024, 0.010249484330415726)","(0.5847822427749634, 0.4804553687572479, 0.028253767639398575)","(0.5615001320838928, 0.5118890404701233, 0.043402403593063354)","(0.5538848638534546, 0.5436360836029053, 0.05339964106678963)","(0.663625955581665, 0.5254802107810974, 0.02198352850973606)","(0.620695173740387, 0.48979753255844116, 0.035048723220825195)","(0.5954555869102478, 0.5169064998626709, 0.04483949765563011)","(0.5859588384628296, 0.547787606716156, 0.05108838528394699)","(0.6881576776504517, 0.5472273230552673, 0.03458717092871666)","(0.6748882532119751, 0.4809988737106323, 0.04522497206926346)","(0.6572416424751282, 0.4816964268684387, 0.0533316545188427)","(0.6473246812820435, 0.5025385022163391, 0.05953065678477287)",Position
2836,"(0.6682532429695129, 0.7558470964431763, -3.712372063091607e-07)","(0.6097199320793152, 0.7328200936317444, -0.0007657426176592708)","(0.5734123587608337, 0.6603788733482361, 0.00799541175365448)","(0.5503490567207336, 0.6020196676254272, 0.020599156618118286)","(0.5274382829666138, 0.5777639150619507, 0.03625638037919998)","(0.5998373031616211, 0.5319637060165405, -0.002701102290302515)","(0.5551765561103821, 0.5128156542778015, 0.020279355347156525)","(0.5366005897521973, 0.5441263914108276, 0.043048035353422165)","(0.5301040410995483, 0.5712858438491821, 0.0580151304602623)","(0.6335793137550354, 0.5146397948265076, 0.006801099516451359)","(0.5836136937141418, 0.4829859435558319, 0.023929007351398468)","(0.5610882639884949, 0.5174098610877991, 0.03977229446172714)","(0.5547274351119995, 0.5503415465354919, 0.0503891296684742)","(0.66367506980896, 0.5251706838607788, 0.01921173371374607)","(0.6201865077018738, 0.4904943108558655, 0.0314633846282959)","(0.5947340130805969, 0.5186436772346497, 0.041878435760736465)","(0.5856649875640869, 0.5503180027008057, 0.04872187599539757)","(0.688097357749939, 0.5479392409324646, 0.032492268830537796)","(0.6745575070381165, 0.4808180332183838, 0.042299043387174606)","(0.6565333008766174, 0.4816337823867798, 0.050389934331178665)","(0.646715521812439, 0.5031139850616455, 0.05683421716094017)",Position
2837,"(0.6678160429000854, 0.7549405097961426, -3.8575268490603776e-07)","(0.6089515686035156, 0.7320558428764343, -0.0024858007673174143)","(0.5721895098686218, 0.6586866974830627, 0.005216574762016535)","(0.5492002367973328, 0.5984547734260559, 0.01691971905529499)","(0.5269639492034912, 0.5744587182998657, 0.0314323864877224)","(0.6002758145332336, 0.532382607460022, -0.005912858061492443)","(0.554884672164917, 0.5143068432807922, 0.015231053344905376)","(0.5358243584632874, 0.5460828542709351, 0.03656485304236412)","(0.5289400815963745, 0.5737264752388, 0.050410445779561996)","(0.6341533064842224, 0.5152952075004578, 0.0033649823162704706)","(0.5829778909683228, 0.4837326407432556, 0.018299348652362823)","(0.5600181818008423, 0.5212278962135315, 0.031952302902936935)","(0.5536383390426636, 0.5567594766616821, 0.040790457278490067)","(0.6638308763504028, 0.5257982015609741, 0.015553837642073631)","(0.6198996305465698, 0.49171969294548035, 0.025473667308688164)","(0.5951197743415833, 0.5220723152160645, 0.03351465240120888)","(0.587299108505249, 0.5561716556549072, 0.03858451545238495)","(0.6873836517333984, 0.548048198223114, 0.02858630195260048)","(0.6741205453872681, 0.4821484088897705, 0.0360863134264946)","(0.6568431258201599, 0.4831165671348572, 0.04226769506931305)","(0.6479202508926392, 0.5048902034759521, 0.04712951183319092)",Position
2838,"(0.6664627194404602, 0.7549155950546265, -3.7747838632640196e-07)","(0.6072722673416138, 0.7339898943901062, -0.0010173252085223794)","(0.5714552998542786, 0.6599541306495667, 0.008808284066617489)","(0.5496867895126343, 0.5983214378356934, 0.022745339199900627)","(0.5278148055076599, 0.5747625827789307, 0.039863232523202896)","(0.5981547832489014, 0.5329412221908569, -0.0025442272890359163)","(0.5540851354598999, 0.515114426612854, 0.020957276225090027)","(0.535334050655365, 0.5460776090621948, 0.044116292148828506)","(0.5289598107337952, 0.5721146464347839, 0.05903497710824013)","(0.6318635940551758, 0.5153434872627258, 0.007102993316948414)","(0.5825144648551941, 0.48366183042526245, 0.024275723844766617)","(0.5609169006347656, 0.5193983316421509, 0.04025351628661156)","(0.5555811524391174, 0.5530479550361633, 0.050817228853702545)","(0.6617586016654968, 0.52559494972229, 0.019534913823008537)","(0.6189559698104858, 0.4903216063976288, 0.031124988570809364)","(0.5945892930030823, 0.5193076729774475, 0.040505703538656235)","(0.5866578221321106, 0.5518689155578613, 0.04654000326991081)","(0.6863184571266174, 0.5477721095085144, 0.03283276781439781)","(0.6752550601959229, 0.48111140727996826, 0.041590191423892975)","(0.6575683355331421, 0.4831736087799072, 0.04820913448929787)","(0.6477680802345276, 0.506868839263916, 0.053405746817588806)",Position
2839,"(0.6657845377922058, 0.7554584741592407, -3.8389418932638364e-07)","(0.6072487235069275, 0.7345104217529297, -0.0015154631109908223)","(0.5710048675537109, 0.661210834980011, 0.008004088886082172)","(0.5496308207511902, 0.6005327701568604, 0.021547818556427956)","(0.5275552868843079, 0.5772966742515564, 0.03828654810786247)","(0.5979960560798645, 0.5344477891921997, -0.0032545123249292374)","(0.5541509985923767, 0.5143449306488037, 0.018703512847423553)","(0.535427451133728, 0.544654130935669, 0.04116757959127426)","(0.528301477432251, 0.5725716948509216, 0.05603202432394028)","(0.6319001317024231, 0.5163279175758362, 0.006047004833817482)","(0.5822286009788513, 0.4840869903564453, 0.02271220088005066)","(0.5594369769096375, 0.5179129838943481, 0.03864319249987602)","(0.5524865388870239, 0.5511852502822876, 0.04929755628108978)","(0.6620370149612427, 0.5259814262390137, 0.01785256713628769)","(0.6189015507698059, 0.4907962381839752, 0.02902708388864994)","(0.5931599736213684, 0.5174404382705688, 0.03864429518580437)","(0.583187460899353, 0.5485163927078247, 0.04493274167180061)","(0.6865717172622681, 0.5484477281570435, 0.03034205734729767)","(0.6757037043571472, 0.48316749930381775, 0.03840631991624832)","(0.6586033701896667, 0.4822516441345215, 0.04480154439806938)","(0.648510217666626, 0.5031545162200928, 0.05003690719604492)",Position
2840,"(0.6648662686347961, 0.7546787261962891, -3.749780148609716e-07)","(0.6063677668571472, 0.7342638969421387, -0.0008802451193332672)","(0.5707576274871826, 0.6613110303878784, 0.009173907339572906)","(0.5494613647460938, 0.6001563668251038, 0.023148175328969955)","(0.5282580256462097, 0.5768391489982605, 0.040354542434215546)","(0.5966482758522034, 0.5342796444892883, -0.0015641582431271672)","(0.5535353422164917, 0.5154398083686829, 0.021327439695596695)","(0.5353586077690125, 0.5458813309669495, 0.044197019189596176)","(0.5287407636642456, 0.5730004906654358, 0.059167567640542984)","(0.6306772232055664, 0.5162954926490784, 0.007716709282249212)","(0.5822275280952454, 0.4837685823440552, 0.024498824030160904)","(0.5606530904769897, 0.5180413722991943, 0.04030447453260422)","(0.5546350479125977, 0.5512177348136902, 0.051000528037548065)","(0.661003053188324, 0.5257310271263123, 0.019588159397244453)","(0.6186720728874207, 0.49221643805503845, 0.03096148930490017)","(0.5939995646476746, 0.5199532508850098, 0.040479905903339386)","(0.5851882100105286, 0.5514883399009705, 0.046817127615213394)","(0.6858030557632446, 0.547893226146698, 0.03222385421395302)","(0.6749879717826843, 0.4835508465766907, 0.04089609906077385)","(0.657698392868042, 0.48379725217819214, 0.04751908406615257)","(0.6478877067565918, 0.5056184530258179, 0.05287285894155502)",Position
2841,"(0.6645745635032654, 0.7553825378417969, -3.637537702161353e-07)","(0.6058885455131531, 0.7343406677246094, 0.00012036169209750369)","(0.5709373354911804, 0.661959707736969, 0.010615586303174496)","(0.5503780841827393, 0.6005836129188538, 0.02495642751455307)","(0.5296760201454163, 0.5768158435821533, 0.04249776527285576)","(0.5960100293159485, 0.5349165201187134, -0.0001660528068896383)","(0.5538685917854309, 0.5157066583633423, 0.024245768785476685)","(0.5361523628234863, 0.5448349118232727, 0.04791322723031044)","(0.5301759243011475, 0.5708088874816895, 0.06303644180297852)","(0.6296046376228333, 0.516501247882843, 0.008952027186751366)","(0.5823379755020142, 0.4853871166706085, 0.027413424104452133)","(0.5615053176879883, 0.5183310508728027, 0.04363998770713806)","(0.5563375353813171, 0.5498095750808716, 0.05401238054037094)","(0.6599626541137695, 0.5256792902946472, 0.020744096487760544)","(0.6182384490966797, 0.49274909496307373, 0.03339947760105133)","(0.5934175848960876, 0.5207638144493103, 0.04278000816702843)","(0.5845829248428345, 0.5524460673332214, 0.048389632254838943)","(0.6853247284889221, 0.5474515557289124, 0.0333600714802742)","(0.676051914691925, 0.4822176992893219, 0.04223783686757088)","(0.6596617102622986, 0.4826418161392212, 0.04826617240905762)","(0.650459885597229, 0.5045351386070251, 0.05285840481519699)",Position
2842,"(0.6648101806640625, 0.7557141780853271, -3.821747895926819e-07)","(0.6064977049827576, 0.7351744174957275, -0.0009968625381588936)","(0.5711004137992859, 0.6620025634765625, 0.008247572928667068)","(0.5494948625564575, 0.5993682742118835, 0.021515419706702232)","(0.528904378414154, 0.5749191045761108, 0.037963829934597015)","(0.5960448384284973, 0.5344845652580261, -0.004947908688336611)","(0.5523951649665833, 0.51626056432724, 0.017891714349389076)","(0.5355542302131653, 0.5477723479270935, 0.04130805656313896)","(0.5310505032539368, 0.5752707719802856, 0.05629194527864456)","(0.6297218799591064, 0.5162454843521118, 0.00406115734949708)","(0.5804228186607361, 0.4856901466846466, 0.019936293363571167)","(0.5606212615966797, 0.523114025592804, 0.03542577102780342)","(0.5571916103363037, 0.5570758581161499, 0.04537713900208473)","(0.660237193107605, 0.5256037712097168, 0.01599293202161789)","(0.6173115968704224, 0.49377739429473877, 0.0262839887291193)","(0.5941477417945862, 0.5260478258132935, 0.03478122875094414)","(0.5875523090362549, 0.5609232783317566, 0.03996460512280464)","(0.6855607628822327, 0.5477197766304016, 0.02885075844824314)","(0.6752273440361023, 0.482526957988739, 0.036570049822330475)","(0.6585448384284973, 0.4854588508605957, 0.0421154759824276)","(0.6495760679244995, 0.5099611282348633, 0.04626714438199997)",Position
2843,"(0.665392279624939, 0.7574148178100586, -3.574539277906297e-07)","(0.6062372326850891, 0.7347441911697388, 0.0009591066627763212)","(0.5713980197906494, 0.6618441939353943, 0.01262659765779972)","(0.5505648255348206, 0.6013662219047546, 0.02849741280078888)","(0.5291147828102112, 0.578132152557373, 0.04769883677363396)","(0.5962139368057251, 0.5338651537895203, 0.0008896624785847962)","(0.5538488030433655, 0.5161055326461792, 0.02738860435783863)","(0.5363420844078064, 0.5459222197532654, 0.052680760622024536)","(0.530775785446167, 0.5710058808326721, 0.0688033476471901)","(0.6298267841339111, 0.5166701078414917, 0.01090779434889555)","(0.5824000835418701, 0.48768892884254456, 0.031343720853328705)","(0.5622868537902832, 0.522338330745697, 0.04877518117427826)","(0.5582045316696167, 0.5544725060462952, 0.05978965014219284)","(0.66010981798172, 0.5268076062202454, 0.023845626041293144)","(0.6184670329093933, 0.49546852707862854, 0.03820350393652916)","(0.5946627855300903, 0.5261930227279663, 0.04827070236206055)","(0.5870833396911621, 0.559583306312561, 0.05415763333439827)","(0.6851955056190491, 0.5491189360618591, 0.03778187930583954)","(0.676385223865509, 0.48421719670295715, 0.047845978289842606)","(0.6612632274627686, 0.48387691378593445, 0.0539555549621582)","(0.6536151170730591, 0.5046932101249695, 0.05853326991200447)",Position
2844,"(0.6650065183639526, 0.7559659481048584, -3.6254277802072465e-07)","(0.6060540676116943, 0.7359021306037903, -0.0020990550983697176)","(0.5712743997573853, 0.6628236770629883, 0.006033651996403933)","(0.5496998429298401, 0.5994490385055542, 0.018288778141140938)","(0.5286204218864441, 0.5723234415054321, 0.03372164070606232)","(0.5969506502151489, 0.5342143774032593, -0.006363464053720236)","(0.5520676374435425, 0.5186024904251099, 0.016379382461309433)","(0.5358021259307861, 0.5489410758018494, 0.03978206217288971)","(0.5326437950134277, 0.5737347602844238, 0.05431675165891647)","(0.6306695342063904, 0.516045093536377, 0.0027034077793359756)","(0.5801632404327393, 0.4872996509075165, 0.01781557686626911)","(0.5608959197998047, 0.5233796834945679, 0.03308482840657234)","(0.5587009787559509, 0.5559437274932861, 0.04256877675652504)","(0.6610027551651001, 0.5254128575325012, 0.014609668403863907)","(0.6163730025291443, 0.4924873411655426, 0.02380579151213169)","(0.5930896997451782, 0.5235371589660645, 0.032139986753463745)","(0.587118923664093, 0.5573364496231079, 0.03702142462134361)","(0.6862945556640625, 0.5480497479438782, 0.02735203504562378)","(0.6758533120155334, 0.48261749744415283, 0.03378162533044815)","(0.6595441102981567, 0.4857606887817383, 0.03844054043292999)","(0.6514275074005127, 0.5095114707946777, 0.041831180453300476)",Position
2845,"(0.6646702885627747, 0.7552250027656555, -3.790011078308453e-07)","(0.6061347723007202, 0.7355680465698242, 0.0007014236180111766)","(0.5715694427490234, 0.663974404335022, 0.010656023398041725)","(0.5512754917144775, 0.6013070940971375, 0.02431359887123108)","(0.5305684804916382, 0.5774924755096436, 0.040925778448581696)","(0.5965631604194641, 0.5358569622039795, -0.0021725851111114025)","(0.5541601181030273, 0.5170807838439941, 0.021160755306482315)","(0.5369933843612671, 0.5462630987167358, 0.04446328431367874)","(0.5319679379463196, 0.5725443363189697, 0.05936659127473831)","(0.6302953362464905, 0.5173766016960144, 0.006418709177523851)","(0.5818834900856018, 0.4871058762073517, 0.023552263155579567)","(0.5610249042510986, 0.5215153694152832, 0.03921753540635109)","(0.5566960573196411, 0.5544195771217346, 0.0489690825343132)","(0.6606959104537964, 0.5264556407928467, 0.017919369041919708)","(0.6180630922317505, 0.4959146976470947, 0.029264166951179504)","(0.5944954752922058, 0.5269005298614502, 0.037785936146974564)","(0.5878421068191528, 0.5606643557548523, 0.042645301669836044)","(0.6858952045440674, 0.5482485890388489, 0.0304433461278677)","(0.6765506267547607, 0.48532724380493164, 0.03836275264620781)","(0.6608820557594299, 0.48655349016189575, 0.043445196002721786)","(0.6528906226158142, 0.5081387162208557, 0.047132305800914764)",Position
2846,"(0.6647508144378662, 0.756335437297821, -3.995343149654218e-07)","(0.6061127185821533, 0.7359772324562073, 0.0005650360835716128)","(0.5715389847755432, 0.6642439365386963, 0.009725263342261314)","(0.5502206683158875, 0.6017261147499084, 0.022594109177589417)","(0.5287723541259766, 0.5776148438453674, 0.03829231485724449)","(0.5961557030677795, 0.5350507497787476, -0.004385930020362139)","(0.5521846413612366, 0.5182642340660095, 0.018171079456806183)","(0.5353073477745056, 0.5495503544807434, 0.04125705361366272)","(0.5318099856376648, 0.5766608715057373, 0.05587450787425041)","(0.629852294921875, 0.5172697305679321, 0.003925777040421963)","(0.5794832706451416, 0.4895946681499481, 0.019362302497029305)","(0.5598636269569397, 0.5294302105903625, 0.034437231719493866)","(0.5578101873397827, 0.563543975353241, 0.04380958527326584)","(0.6602159738540649, 0.5272581577301025, 0.015377428382635117)","(0.6160918474197388, 0.49692925810813904, 0.02506641484797001)","(0.5933893322944641, 0.5320571660995483, 0.03294329345226288)","(0.5884733200073242, 0.5678021907806396, 0.03742003068327904)","(0.6855846047401428, 0.550058901309967, 0.028014199808239937)","(0.6759393215179443, 0.4845500588417053, 0.03468213975429535)","(0.6604315638542175, 0.4872276484966278, 0.039140962064266205)","(0.6531497240066528, 0.5087664723396301, 0.04237429425120354)",Position
2847,"(0.6648343801498413, 0.7568333148956299, -3.657756337815954e-07)","(0.6060482859611511, 0.7360137104988098, 0.002094984520226717)","(0.5714424848556519, 0.6650258302688599, 0.012322111055254936)","(0.5508213639259338, 0.6029089689254761, 0.025964897125959396)","(0.5293720364570618, 0.5783048868179321, 0.04256248474121094)","(0.5960102677345276, 0.5359039902687073, 0.00039054782246239483)","(0.5534155964851379, 0.5185463428497314, 0.024356024339795113)","(0.5366024374961853, 0.5475075840950012, 0.04766581952571869)","(0.5320018529891968, 0.5718685388565063, 0.06247350573539734)","(0.6301135420799255, 0.5180512070655823, 0.00842487346380949)","(0.581481397151947, 0.49065589904785156, 0.02619306556880474)","(0.5613453388214111, 0.524627149105072, 0.04224216192960739)","(0.5575686693191528, 0.5560817718505859, 0.05239111930131912)","(0.6606370806694031, 0.5280393958091736, 0.019366735592484474)","(0.616981565952301, 0.49445778131484985, 0.03125617280602455)","(0.592634379863739, 0.5215945839881897, 0.04058137163519859)","(0.5847799777984619, 0.5523369312286377, 0.04608413949608803)","(0.6865198016166687, 0.5511991381645203, 0.03143896907567978)","(0.6763603687286377, 0.48653146624565125, 0.040753625333309174)","(0.6605336666107178, 0.4869537651538849, 0.04711657017469406)","(0.6525247097015381, 0.5070742964744568, 0.05172142758965492)",Position
2848,"(0.6642985939979553, 0.7579322457313538, -3.768086287436745e-07)","(0.6056417226791382, 0.7361125946044922, 0.001306219375692308)","(0.5715449452400208, 0.6654360890388489, 0.011263023130595684)","(0.5505398511886597, 0.6031410694122314, 0.024907052516937256)","(0.5293325781822205, 0.5768376588821411, 0.041645899415016174)","(0.5964124798774719, 0.5373337864875793, -0.0018461925210431218)","(0.5519798398017883, 0.5215814113616943, 0.022521845996379852)","(0.5355539321899414, 0.5519163608551025, 0.046934328973293304)","(0.5319133996963501, 0.5767000317573547, 0.06240955367684364)","(0.6300877928733826, 0.5191449522972107, 0.0068451594561338425)","(0.5791994333267212, 0.49284598231315613, 0.024333415552973747)","(0.5594619512557983, 0.5289728045463562, 0.04104285314679146)","(0.556443989276886, 0.5606767535209656, 0.0515611506998539)","(0.6606547832489014, 0.5286682844161987, 0.018585870042443275)","(0.615695595741272, 0.49535974860191345, 0.029780518263578415)","(0.5918554663658142, 0.5255251526832581, 0.03875475004315376)","(0.5850080251693726, 0.5580910444259644, 0.044026266783475876)","(0.6865045428276062, 0.551483154296875, 0.03153741732239723)","(0.676752507686615, 0.4854465425014496, 0.03974848613142967)","(0.6606252193450928, 0.4891139268875122, 0.04520231857895851)","(0.6527207493782043, 0.5130622982978821, 0.0492202490568161)",Position
2849,"(0.6636995077133179, 0.7562136054039001, -3.58167852709812e-07)","(0.6048505306243896, 0.7357419729232788, 0.002889956347644329)","(0.5715246796607971, 0.6661593317985535, 0.013788159936666489)","(0.5519717335700989, 0.6033494472503662, 0.028005657717585564)","(0.531048595905304, 0.575236439704895, 0.045348815619945526)","(0.5968791246414185, 0.5382561087608337, 0.00243334099650383)","(0.5545861721038818, 0.5201024413108826, 0.028718376532197)","(0.538149893283844, 0.5492573976516724, 0.05385775491595268)","(0.534343421459198, 0.5728930234909058, 0.06964154541492462)","(0.630623996257782, 0.5204881429672241, 0.010633977130055428)","(0.582543134689331, 0.4917815625667572, 0.030168749392032623)","(0.5628698468208313, 0.5248556137084961, 0.04721133038401604)","(0.5599480867385864, 0.5538135766983032, 0.05773197114467621)","(0.6612276434898376, 0.5301752090454102, 0.021867310628294945)","(0.618503212928772, 0.495384156703949, 0.03483174741268158)","(0.5949643850326538, 0.5248876214027405, 0.044512245804071426)","(0.5885814428329468, 0.5558168292045593, 0.05012524500489235)","(0.6873387098312378, 0.552712082862854, 0.03436071798205376)","(0.677749752998352, 0.4845172166824341, 0.04440216347575188)","(0.661458432674408, 0.4874795079231262, 0.051216576248407364)","(0.6538255214691162, 0.5109634399414062, 0.056046128273010254)",Position
2850,"(0.664298415184021, 0.7578442096710205, -3.5151006727573986e-07)","(0.6058480739593506, 0.7373422384262085, 0.0017137364484369755)","(0.5720621347427368, 0.6671093106269836, 0.011698653921484947)","(0.5523149371147156, 0.6026754379272461, 0.025366540998220444)","(0.5303052663803101, 0.5756157040596008, 0.04232892394065857)","(0.5970886945724487, 0.5383769273757935, -0.000249429460382089)","(0.5556663274765015, 0.5172103643417358, 0.025151897221803665)","(0.5398100018501282, 0.544927179813385, 0.050076697021722794)","(0.5362929105758667, 0.5681613683700562, 0.0655704140663147)","(0.6307525634765625, 0.5204149484634399, 0.008298100903630257)","(0.5824847221374512, 0.4886016845703125, 0.0263917688280344)","(0.5632585883140564, 0.520967960357666, 0.043175969272851944)","(0.5608664155006409, 0.549941897392273, 0.05353730544447899)","(0.6614977121353149, 0.5295588970184326, 0.019877701997756958)","(0.6186047196388245, 0.4964650869369507, 0.03194601833820343)","(0.5960149168968201, 0.5282127261161804, 0.04136558994650841)","(0.5905338525772095, 0.5611696243286133, 0.04675036668777466)","(0.6880816221237183, 0.551562488079071, 0.03262327238917351)","(0.678413987159729, 0.4847656190395355, 0.04166121780872345)","(0.6625223755836487, 0.4870786666870117, 0.04749729484319687)","(0.6552889943122864, 0.5090332627296448, 0.051502712070941925)",Position
2851,"(0.6650844216346741, 0.758640706539154, -3.822048881829687e-07)","(0.6063216924667358, 0.7367720603942871, 0.004115883726626635)","(0.5718422532081604, 0.6671899557113647, 0.014822205528616905)","(0.5524930357933044, 0.6044642925262451, 0.028357073664665222)","(0.5316647291183472, 0.579625129699707, 0.044702935963869095)","(0.5979458689689636, 0.5385013818740845, 0.003031932283192873)","(0.5583459138870239, 0.5150155425071716, 0.026599155738949776)","(0.5415112972259521, 0.5428280234336853, 0.04918188229203224)","(0.5362213850021362, 0.5691202282905579, 0.06348033249378204)","(0.6311506628990173, 0.5203331708908081, 0.009898358955979347)","(0.5841482877731323, 0.4894391894340515, 0.02743247151374817)","(0.5629953145980835, 0.5224021077156067, 0.04201038181781769)","(0.5580871105194092, 0.5542961359024048, 0.05079464986920357)","(0.6615042090415955, 0.5293426513671875, 0.019714295864105225)","(0.6183292269706726, 0.4966171383857727, 0.031905509531497955)","(0.5941365361213684, 0.5262158513069153, 0.0393984280526638)","(0.5864958763122559, 0.558647632598877, 0.043075159192085266)","(0.6877698302268982, 0.5513748526573181, 0.030820108950138092)","(0.6783972978591919, 0.4877103567123413, 0.03998445346951485)","(0.6636297106742859, 0.48841533064842224, 0.0448702797293663)","(0.6565026640892029, 0.50738126039505, 0.0479564368724823)",Position
2852,"(0.6656606793403625, 0.7581599950790405, -3.783210331675946e-07)","(0.6066780090332031, 0.7374460101127625, 0.004020157735794783)","(0.5716037154197693, 0.6676900386810303, 0.014481443911790848)","(0.551690399646759, 0.604715883731842, 0.027739064767956734)","(0.5306409001350403, 0.5794280171394348, 0.04386189579963684)","(0.598275899887085, 0.5404284596443176, 0.0023487985599786043)","(0.5584709644317627, 0.5159229040145874, 0.02559499628841877)","(0.5413281917572021, 0.5436187982559204, 0.04831318184733391)","(0.5358743071556091, 0.5696717500686646, 0.06273705512285233)","(0.6313229203224182, 0.5221717357635498, 0.008985861204564571)","(0.5842620134353638, 0.4881015717983246, 0.026020169258117676)","(0.5631363391876221, 0.519963264465332, 0.04101213067770004)","(0.558085024356842, 0.5502920150756836, 0.050209347158670425)","(0.6616331338882446, 0.5301699042320251, 0.018512969836592674)","(0.6181365847587585, 0.49470803141593933, 0.030236585065722466)","(0.5934798121452332, 0.5224402546882629, 0.03803262487053871)","(0.5849640369415283, 0.5533350110054016, 0.04195548966526985)","(0.6882274746894836, 0.551228940486908, 0.029305383563041687)","(0.678474485874176, 0.4872470498085022, 0.03832119703292847)","(0.6630106568336487, 0.4896083176136017, 0.043432965874671936)","(0.6549228429794312, 0.5101122856140137, 0.04658783972263336)",Position
2853,"(0.6655781269073486, 0.7601221203804016, -3.852880468002695e-07)","(0.6060971021652222, 0.7381848096847534, 0.006722102873027325)","(0.5719245672225952, 0.6685489416122437, 0.01896698772907257)","(0.553215503692627, 0.6065315008163452, 0.03335840255022049)","(0.5333139300346375, 0.5805498361587524, 0.050490379333496094)","(0.5968917012214661, 0.5411179661750793, 0.008253510110080242)","(0.5599879026412964, 0.5169644355773926, 0.032384734600782394)","(0.543103039264679, 0.5428044199943542, 0.05469435080885887)","(0.5374875664710999, 0.5682968497276306, 0.0689137801527977)","(0.630058765411377, 0.5228105783462524, 0.013769704848527908)","(0.585910439491272, 0.49238184094429016, 0.032832901924848557)","(0.5652484893798828, 0.5233391523361206, 0.04758584871888161)","(0.5604615807533264, 0.5540354251861572, 0.056439109146595)","(0.6608346104621887, 0.53066486120224, 0.022059710696339607)","(0.6195089221000671, 0.49758315086364746, 0.03517328202724457)","(0.5957037806510925, 0.5259140729904175, 0.04280416667461395)","(0.5880142450332642, 0.5570769309997559, 0.04657153785228729)","(0.6880349516868591, 0.5513037443161011, 0.03177580609917641)","(0.6790210604667664, 0.4866482615470886, 0.041763339191675186)","(0.6641436219215393, 0.48778820037841797, 0.04737600311636925)","(0.6566470861434937, 0.5077663064002991, 0.051026277244091034)",Position
2854,"(0.666387140750885, 0.7612680196762085, -3.5251065355623723e-07)","(0.608126699924469, 0.7404513359069824, 0.007016874384135008)","(0.5728464722633362, 0.670594334602356, 0.019967691972851753)","(0.553934633731842, 0.6089344620704651, 0.03506740927696228)","(0.5327650904655457, 0.5829795598983765, 0.053115490823984146)","(0.5965866446495056, 0.5466216802597046, 0.009788142517209053)","(0.5616092681884766, 0.5185879468917847, 0.03513485565781593)","(0.545157253742218, 0.5427998304367065, 0.05886782333254814)","(0.5386607050895691, 0.5683361887931824, 0.07439833134412766)","(0.62923264503479, 0.5274927616119385, 0.016231821849942207)","(0.5868576169013977, 0.49311885237693787, 0.03644442558288574)","(0.5652426481246948, 0.5178404450416565, 0.05214459076523781)","(0.5581744909286499, 0.5453371405601501, 0.06195540353655815)","(0.6603557467460632, 0.5338073968887329, 0.02548074908554554)","(0.6216879487037659, 0.5031207203865051, 0.040001656860113144)","(0.5996726751327515, 0.5313247442245483, 0.04870262369513512)","(0.5922861099243164, 0.5629597902297974, 0.053584977984428406)","(0.687699556350708, 0.5512630343437195, 0.03617538884282112)","(0.6791490912437439, 0.48792123794555664, 0.04753671586513519)","(0.6642535328865051, 0.48832523822784424, 0.054084330797195435)","(0.6560800075531006, 0.5082381367683411, 0.05864803120493889)",Position
2855,"(0.6661506295204163, 0.7605812549591064, -3.574578784082405e-07)","(0.6079675555229187, 0.7435137033462524, 0.0031866144854575396)","(0.5730039477348328, 0.6731640100479126, 0.014337500557303429)","(0.5549956560134888, 0.6103994250297546, 0.028007179498672485)","(0.5350678563117981, 0.5832776427268982, 0.04471270367503166)","(0.596234917640686, 0.5468155145645142, 0.005800291430205107)","(0.5612725615501404, 0.5187649726867676, 0.027817731723189354)","(0.5448060035705566, 0.5433937907218933, 0.049335941672325134)","(0.5390251874923706, 0.5709130764007568, 0.06358041614294052)","(0.6291680932044983, 0.5275251269340515, 0.01239266898483038)","(0.5869997143745422, 0.4925929009914398, 0.02995326742529869)","(0.565759003162384, 0.5179005861282349, 0.04437422752380371)","(0.5597211122512817, 0.5458709597587585, 0.05333676189184189)","(0.6603077054023743, 0.5330145359039307, 0.021108029410243034)","(0.6217509508132935, 0.5035329461097717, 0.03238561376929283)","(0.5996862649917603, 0.5330516695976257, 0.03975556790828705)","(0.5931317806243896, 0.5653201937675476, 0.044045135378837585)","(0.6876417994499207, 0.5499129891395569, 0.030842488631606102)","(0.678763747215271, 0.48795121908187866, 0.03898555412888527)","(0.6639220118522644, 0.4906306564807892, 0.04390401020646095)","(0.6561269164085388, 0.5122512578964233, 0.0474870391190052)",Position
2856,"(0.6668079495429993, 0.7627261877059937, -3.452400108017173e-07)","(0.608241617679596, 0.743749737739563, 0.004691832698881626)","(0.5730599761009216, 0.6739789843559265, 0.017435763031244278)","(0.554912805557251, 0.6112827658653259, 0.032797619700431824)","(0.5350063443183899, 0.5836583375930786, 0.05146157369017601)","(0.5963513255119324, 0.5478946566581726, 0.009405110962688923)","(0.5618536472320557, 0.5184314250946045, 0.03439166396856308)","(0.545234203338623, 0.5433193445205688, 0.057831957936286926)","(0.5387957096099854, 0.5702441334724426, 0.07335475832223892)","(0.629238486289978, 0.5290031433105469, 0.016902979463338852)","(0.5874378681182861, 0.49457353353500366, 0.03777005895972252)","(0.5661342740058899, 0.5185840129852295, 0.05383390560746193)","(0.5594607591629028, 0.545932948589325, 0.06387962400913239)","(0.6604045629501343, 0.5347711443901062, 0.026693645864725113)","(0.6219789385795593, 0.5044174194335938, 0.041142065078020096)","(0.5996986031532288, 0.5325369834899902, 0.04980292543768883)","(0.5921159982681274, 0.5645655989646912, 0.05482306331396103)","(0.6877370476722717, 0.5509291887283325, 0.03761673718690872)","(0.6787116527557373, 0.48864513635635376, 0.048127684742212296)","(0.663580060005188, 0.49106061458587646, 0.054068081080913544)","(0.6553232669830322, 0.5129445791244507, 0.05846957117319107)",Position
2857,"(0.6671037673950195, 0.763762354850769, -3.56526157929693e-07)","(0.6087254881858826, 0.7464611530303955, 0.005557895638048649)","(0.5731879472732544, 0.6759784817695618, 0.018750600516796112)","(0.5543512105941772, 0.6143243312835693, 0.03422309085726738)","(0.5346502661705017, 0.5866156816482544, 0.0531839095056057)","(0.5960243344306946, 0.5513242483139038, 0.01013388205319643)","(0.5627633333206177, 0.517977237701416, 0.03396599367260933)","(0.5461794137954712, 0.5434693098068237, 0.05676299333572388)","(0.539501965045929, 0.5719418525695801, 0.07202909141778946)","(0.6285872459411621, 0.5313330292701721, 0.016844263300299644)","(0.5871484279632568, 0.4933701157569885, 0.035942159593105316)","(0.5654581785202026, 0.517200767993927, 0.05135880410671234)","(0.5583415031433105, 0.5447841286659241, 0.06131342425942421)","(0.6596905589103699, 0.5356171131134033, 0.025792401283979416)","(0.621729850769043, 0.5030876994132996, 0.03927565738558769)","(0.5999236106872559, 0.5317980647087097, 0.04794687405228615)","(0.5928481817245483, 0.5644739866256714, 0.05325140058994293)","(0.6870666742324829, 0.5512335896492004, 0.035885367542505264)","(0.6778585314750671, 0.48847484588623047, 0.04653852432966232)","(0.6621956825256348, 0.49225562810897827, 0.05284853279590607)","(0.6538382172584534, 0.5158878564834595, 0.05749547854065895)",Position
2858,"(0.6670801639556885, 0.7663764953613281, -3.3053544257199974e-07)","(0.608428418636322, 0.7467469573020935, 0.004624854773283005)","(0.5726191401481628, 0.6765982508659363, 0.016855517402291298)","(0.5542275905609131, 0.6138755083084106, 0.03138791397213936)","(0.5349068641662598, 0.5826565623283386, 0.049283675849437714)","(0.5961123108863831, 0.5519202351570129, 0.00965585745871067)","(0.5632558465003967, 0.5186194777488708, 0.03244020417332649)","(0.546353816986084, 0.5406967997550964, 0.05418954789638519)","(0.5378445386886597, 0.568165123462677, 0.06900312006473541)","(0.6290911436080933, 0.5315215587615967, 0.016370464116334915)","(0.5880140662193298, 0.4939625561237335, 0.03546617552638054)","(0.5653045177459717, 0.5115229487419128, 0.04999646544456482)","(0.555477499961853, 0.5343064665794373, 0.059024710208177567)","(0.6601181626319885, 0.5360175371170044, 0.02515622042119503)","(0.6223243474960327, 0.5063480138778687, 0.03807605430483818)","(0.6005582213401794, 0.5332918167114258, 0.046260468661785126)","(0.5924526453018188, 0.5646407008171082, 0.051300298422575)","(0.6866465210914612, 0.5515502095222473, 0.03501085564494133)","(0.6758298873901367, 0.49087047576904297, 0.044703882187604904)","(0.6612709760665894, 0.49054330587387085, 0.05079399794340134)","(0.6533385515213013, 0.5090456008911133, 0.055445533245801926)",Position
2859,"(0.6667259931564331, 0.7646598815917969, -3.6350394339024206e-07)","(0.6084423661231995, 0.7447628974914551, 0.006720180157572031)","(0.5726767778396606, 0.6769294142723083, 0.02085651457309723)","(0.5541315674781799, 0.6158533096313477, 0.0371808297932148)","(0.5360873341560364, 0.5848265886306763, 0.05674361810088158)","(0.5955449342727661, 0.5519798398017883, 0.013044395484030247)","(0.5629624724388123, 0.5163847804069519, 0.03852161392569542)","(0.5461426973342896, 0.5413656234741211, 0.06200563162565231)","(0.5381320118904114, 0.570709228515625, 0.0779302641749382)","(0.6283986568450928, 0.5319458246231079, 0.020186282694339752)","(0.5868327021598816, 0.4962348937988281, 0.042094822973012924)","(0.5650275349617004, 0.5217741131782532, 0.05792706832289696)","(0.5570476055145264, 0.5517070293426514, 0.06798038631677628)","(0.6594008207321167, 0.5368372797966003, 0.029734250158071518)","(0.6209264397621155, 0.506527304649353, 0.04550313204526901)","(0.5995264649391174, 0.5358509421348572, 0.05442134290933609)","(0.5925440788269043, 0.5682216882705688, 0.05977225303649902)","(0.685569167137146, 0.5521140694618225, 0.040586646646261215)","(0.674102783203125, 0.49158021807670593, 0.05235132947564125)","(0.6590355038642883, 0.4929231107234955, 0.059026312083005905)","(0.651902437210083, 0.5126720070838928, 0.06415259838104248)",Position
2860,"(0.6666049957275391, 0.7664129734039307, -3.1917031151351694e-07)","(0.6074889898300171, 0.7451201677322388, 0.008021029643714428)","(0.5718539357185364, 0.6756250262260437, 0.02464931085705757)","(0.5535978674888611, 0.6158161163330078, 0.04382266849279404)","(0.5356488823890686, 0.5845681428909302, 0.06690751016139984)","(0.5947624444961548, 0.5503065586090088, 0.018748054280877113)","(0.5635971426963806, 0.514155387878418, 0.048968493938446045)","(0.5473150014877319, 0.5395845770835876, 0.07577365636825562)","(0.5391226410865784, 0.5686360001564026, 0.09396297484636307)","(0.6276892423629761, 0.5314690470695496, 0.027527906000614166)","(0.5884653329849243, 0.49537140130996704, 0.054301667958498)","(0.5676626563072205, 0.5167282819747925, 0.07348862290382385)","(0.5597444176673889, 0.5445189476013184, 0.08618670701980591)","(0.658785879611969, 0.5376942157745361, 0.0386781245470047)","(0.6223808526992798, 0.5083273649215698, 0.05835564434528351)","(0.6014065146446228, 0.5390794277191162, 0.07026433199644089)","(0.5941860675811768, 0.5728099942207336, 0.07813695073127747)","(0.6856226921081543, 0.553659200668335, 0.051171645522117615)","(0.6750940680503845, 0.4902750253677368, 0.06539769470691681)","(0.6602242588996887, 0.4917973577976227, 0.07391134649515152)","(0.6531625986099243, 0.5123589634895325, 0.08095793426036835)",Position
2861,"(0.6646592020988464, 0.7666962146759033, -3.5018075550397043e-07)","(0.6072741746902466, 0.7449372410774231, 0.006478196941316128)","(0.5716544389724731, 0.6757892370223999, 0.02158832922577858)","(0.5527952909469604, 0.6166322827339172, 0.039286673069000244)","(0.5360660552978516, 0.5830894708633423, 0.060621585696935654)","(0.5951290726661682, 0.5502036213874817, 0.014156684279441833)","(0.5642135143280029, 0.5136200189590454, 0.04188229516148567)","(0.5471646785736084, 0.5374241471290588, 0.06723350286483765)","(0.5378990173339844, 0.5662461519241333, 0.08432988077402115)","(0.627931535243988, 0.5319175720214844, 0.022304099053144455)","(0.5875706672668457, 0.49702680110931396, 0.04659295082092285)","(0.5656937956809998, 0.5204233527183533, 0.06407608836889267)","(0.5570281744003296, 0.5511426329612732, 0.07522528618574142)","(0.6589592099189758, 0.5381360054016113, 0.03277783840894699)","(0.6210703253746033, 0.5074378848075867, 0.05011454224586487)","(0.5990964770317078, 0.5369043350219727, 0.05971946194767952)","(0.5909391641616821, 0.5697810649871826, 0.06558743119239807)","(0.6856036186218262, 0.5539867877960205, 0.04452952370047569)","(0.6754440665245056, 0.4908892810344696, 0.05647971108555794)","(0.6597256660461426, 0.4932120442390442, 0.06289605051279068)","(0.6516145467758179, 0.5150739550590515, 0.06806512176990509)",Position
2862,"(0.6642319560050964, 0.7684347629547119, -3.32584789930479e-07)","(0.6061605215072632, 0.7477403283119202, 0.00437542237341404)","(0.5709600448608398, 0.6775821447372437, 0.01724010333418846)","(0.5525270700454712, 0.6162728667259216, 0.032843295484781265)","(0.5330692529678345, 0.5834716558456421, 0.051991213113069534)","(0.5951396822929382, 0.5492870211601257, 0.011358589865267277)","(0.564658522605896, 0.5103883743286133, 0.03743051365017891)","(0.547422468662262, 0.5338450074195862, 0.06122371926903725)","(0.5384323000907898, 0.5625674724578857, 0.07713481783866882)","(0.6283388137817383, 0.5322428941726685, 0.019652580842375755)","(0.5887460112571716, 0.49616968631744385, 0.042364344000816345)","(0.5664805173873901, 0.5204811096191406, 0.058450013399124146)","(0.5581014156341553, 0.5505772829055786, 0.06846225261688232)","(0.6591029167175293, 0.5404362082481384, 0.03018580563366413)","(0.6217657327651978, 0.5090388059616089, 0.04641897231340408)","(0.5997921228408813, 0.5387670993804932, 0.05546467751264572)","(0.5919637680053711, 0.571683943271637, 0.06080632284283638)","(0.6855810880661011, 0.5581655502319336, 0.04182273894548416)","(0.6754856705665588, 0.49377793073654175, 0.05319592356681824)","(0.6605915427207947, 0.4937853217124939, 0.059427063912153244)","(0.6534855365753174, 0.5129156708717346, 0.0642843171954155)",Position
2863,"(0.6633877754211426, 0.7688795328140259, -3.5929667774325935e-07)","(0.6051250696182251, 0.7472445964813232, 0.004563144873827696)","(0.5705805420875549, 0.6774166822433472, 0.01754803955554962)","(0.5524081587791443, 0.6153010725975037, 0.03327149897813797)","(0.5348523855209351, 0.5797441005706787, 0.05255543068051338)","(0.5957024693489075, 0.5496183633804321, 0.010044217109680176)","(0.5641626715660095, 0.5086053013801575, 0.036086566746234894)","(0.5466457605361938, 0.5343167781829834, 0.06021390110254288)","(0.5383777618408203, 0.564634382724762, 0.07624813914299011)","(0.628986656665802, 0.5330154299736023, 0.01807296648621559)","(0.5881100296974182, 0.4966133236885071, 0.04033643752336502)","(0.5654970407485962, 0.5239104628562927, 0.05597413703799248)","(0.557840883731842, 0.556098461151123, 0.06547766923904419)","(0.6595376133918762, 0.5415903925895691, 0.02852335199713707)","(0.6213236451148987, 0.5087780952453613, 0.044044241309165955)","(0.599257230758667, 0.5404390096664429, 0.052229706197977066)","(0.5922505855560303, 0.574786901473999, 0.05687367543578148)","(0.6857808232307434, 0.5595570802688599, 0.04020512476563454)","(0.6760382056236267, 0.49354296922683716, 0.05087638273835182)","(0.6605496406555176, 0.4952844977378845, 0.056537359952926636)","(0.6531500816345215, 0.5171869993209839, 0.06092322990298271)",Position
2864,"(0.663903534412384, 0.7689728140830994, -3.47853983839741e-07)","(0.6053701639175415, 0.7466570138931274, 0.004725901875644922)","(0.5706161856651306, 0.6766518354415894, 0.01752081885933876)","(0.5523303747177124, 0.6146412491798401, 0.03293534368276596)","(0.5338184237480164, 0.5807508826255798, 0.051770683377981186)","(0.5959807634353638, 0.5500720739364624, 0.010972998104989529)","(0.564916729927063, 0.5090516209602356, 0.03719975799322128)","(0.5475177764892578, 0.5335952639579773, 0.06107737869024277)","(0.5392789244651794, 0.5628044009208679, 0.07687896490097046)","(0.6287921667098999, 0.5331394672393799, 0.01902114786207676)","(0.5887500643730164, 0.49786704778671265, 0.041796620935201645)","(0.5669049024581909, 0.523548424243927, 0.05736669525504112)","(0.5596018433570862, 0.553466260433197, 0.0666816234588623)","(0.6590167880058289, 0.5412881970405579, 0.02946597896516323)","(0.6209579110145569, 0.5102750658988953, 0.04561798274517059)","(0.599857747554779, 0.5412813425064087, 0.05377671495079994)","(0.5934919714927673, 0.5749563574790955, 0.05821613967418671)","(0.6846801042556763, 0.5581912398338318, 0.0411234050989151)","(0.6747413873672485, 0.49470284581184387, 0.052169930189847946)","(0.6600525975227356, 0.49557894468307495, 0.057745497673749924)","(0.6533123850822449, 0.5154891610145569, 0.06194235384464264)",Position
2865,"(0.6618058681488037, 0.7686854600906372, -3.397086345557909e-07)","(0.6034883260726929, 0.745306134223938, 0.004681712947785854)","(0.5691565275192261, 0.6758642792701721, 0.018361061811447144)","(0.5507456064224243, 0.6137171387672424, 0.03488598018884659)","(0.5339597463607788, 0.577391505241394, 0.054975591599941254)","(0.5958238840103149, 0.5503486394882202, 0.012622958980500698)","(0.5648956298828125, 0.5077087879180908, 0.04061339795589447)","(0.5473933219909668, 0.5315291881561279, 0.06581059843301773)","(0.5386749505996704, 0.560384213924408, 0.08250148594379425)","(0.6288546919822693, 0.5345301032066345, 0.021472293883562088)","(0.5884877443313599, 0.49704959988594055, 0.045046351850032806)","(0.5661938190460205, 0.5231058597564697, 0.06071086600422859)","(0.5586124658584595, 0.554546594619751, 0.07032845169305801)","(0.6590434908866882, 0.5431888699531555, 0.03276427462697029)","(0.6208827495574951, 0.511389970779419, 0.04925081506371498)","(0.599778950214386, 0.5446252822875977, 0.05704804137349129)","(0.5935865044593811, 0.5792728662490845, 0.06165995076298714)","(0.685072660446167, 0.5607125759124756, 0.045411501079797745)","(0.6743772029876709, 0.4941348731517792, 0.05712207779288292)","(0.6594549417495728, 0.4962427318096161, 0.06302407383918762)","(0.652970016002655, 0.5176474452018738, 0.06760597974061966)",Position
2866,"(0.6614466309547424, 0.769107460975647, -3.4000538562395377e-07)","(0.602744460105896, 0.7459537982940674, 0.004665485117584467)","(0.5685160160064697, 0.6756516695022583, 0.018325481563806534)","(0.5501733422279358, 0.6127700805664062, 0.03515350818634033)","(0.531902015209198, 0.578336238861084, 0.05563309043645859)","(0.5952283143997192, 0.5498501062393188, 0.01127889659255743)","(0.5641129016876221, 0.5087830424308777, 0.039724089205265045)","(0.5464215278625488, 0.5337961912155151, 0.06554870307445526)","(0.5373157858848572, 0.562833309173584, 0.08268504589796066)","(0.628240704536438, 0.5340190529823303, 0.020822059363126755)","(0.5872219800949097, 0.4982340931892395, 0.04497980326414108)","(0.5650457143783569, 0.524666428565979, 0.06183740496635437)","(0.5572195053100586, 0.5556192398071289, 0.07234609872102737)","(0.6584004759788513, 0.5429716110229492, 0.032989803701639175)","(0.6196345686912537, 0.5109861493110657, 0.05067696422338486)","(0.5979906916618347, 0.5425446033477783, 0.05990210548043251)","(0.59076327085495, 0.5761821269989014, 0.0652952492237091)","(0.6840591430664062, 0.5606952905654907, 0.046469446271657944)","(0.673974335193634, 0.4961096942424774, 0.05922062695026398)","(0.6589757204055786, 0.49743548035621643, 0.06569947302341461)","(0.6520939469337463, 0.5177857875823975, 0.07066795229911804)",Position
2867,"(0.6625223159790039, 0.7698010802268982, -3.2307133324138704e-07)","(0.6025306582450867, 0.7438688278198242, 0.008160482160747051)","(0.5678930878639221, 0.6720747947692871, 0.025787778198719025)","(0.5494822859764099, 0.6115186810493469, 0.04694695398211479)","(0.5303623080253601, 0.5770418643951416, 0.07225100696086884)","(0.595120370388031, 0.5480473041534424, 0.018360350281000137)","(0.5638552904129028, 0.5098170638084412, 0.05286427214741707)","(0.5461055040359497, 0.5337549448013306, 0.08303678780794144)","(0.536848783493042, 0.5609135031700134, 0.1030893325805664)","(0.6283566355705261, 0.533597469329834, 0.029345950111746788)","(0.5877388119697571, 0.49696213006973267, 0.05960282310843468)","(0.565701425075531, 0.5223436951637268, 0.08114606887102127)","(0.5573246479034424, 0.553429126739502, 0.09536153078079224)","(0.6579297184944153, 0.5431055426597595, 0.043282654136419296)","(0.6206247210502625, 0.5088431239128113, 0.06691598147153854)","(0.5980943441390991, 0.5396524667739868, 0.08116766810417175)","(0.5901257395744324, 0.573090136051178, 0.09008816629648209)","(0.6839801073074341, 0.560544490814209, 0.05866805836558342)","(0.6735987663269043, 0.4946388006210327, 0.0760234072804451)","(0.6580619215965271, 0.4959690570831299, 0.08605047315359116)","(0.6510587930679321, 0.5156900882720947, 0.09397253394126892)",Position
2868,"(0.6621698141098022, 0.7703752517700195, -3.355529543114244e-07)","(0.6022980809211731, 0.744651198387146, 0.008111979812383652)","(0.5680081844329834, 0.6734876036643982, 0.0248616524040699)","(0.5498406291007996, 0.6126074194908142, 0.04501883685588837)","(0.531713604927063, 0.5784651041030884, 0.06939828395843506)","(0.5948194861412048, 0.5477926731109619, 0.01564897410571575)","(0.5637038350105286, 0.5065234899520874, 0.048477254807949066)","(0.5464580655097961, 0.5323377847671509, 0.0779191181063652)","(0.5383849143981934, 0.5610251426696777, 0.09735158830881119)","(0.6279798150062561, 0.5327444076538086, 0.025719081982970238)","(0.5865777134895325, 0.49561282992362976, 0.05404016003012657)","(0.5645798444747925, 0.5237180590629578, 0.07482792437076569)","(0.5573630928993225, 0.5562987923622131, 0.08827922493219376)","(0.657622218132019, 0.5422065854072571, 0.038812801241874695)","(0.6190429329872131, 0.5058634877204895, 0.06083971634507179)","(0.5957328081130981, 0.5366514921188354, 0.07428816705942154)","(0.5877830982208252, 0.5703240633010864, 0.08237142115831375)","(0.6839168071746826, 0.5604903697967529, 0.053378257900476456)","(0.6740835309028625, 0.4931255578994751, 0.06954021006822586)","(0.6585084199905396, 0.49431073665618896, 0.07873308658599854)","(0.6515805125236511, 0.5149964094161987, 0.0858277976512909)",Position
2869,"(0.6611826419830322, 0.7705392241477966, -3.487247965949791e-07)","(0.6022821664810181, 0.7452782392501831, 0.0049584126099944115)","(0.5669107437133789, 0.6738684177398682, 0.018349114805459976)","(0.5480958223342896, 0.6100361943244934, 0.03457626327872276)","(0.5320427417755127, 0.5735335350036621, 0.054502326995134354)","(0.5953921675682068, 0.5471095442771912, 0.01126670092344284)","(0.5638400316238403, 0.5064040422439575, 0.03832979127764702)","(0.5454147458076477, 0.5301511287689209, 0.06322614848613739)","(0.5354727506637573, 0.5588191151618958, 0.07974891364574432)","(0.6289071440696716, 0.5320947170257568, 0.019548706710338593)","(0.5865492820739746, 0.4955395460128784, 0.04237605258822441)","(0.5628795623779297, 0.5211881399154663, 0.058489929884672165)","(0.5538699626922607, 0.552777886390686, 0.06850332766771317)","(0.659011721611023, 0.5416445136070251, 0.030277129262685776)","(0.6189369559288025, 0.5072753429412842, 0.0464315302670002)","(0.5952873229980469, 0.5367851853370667, 0.055255208164453506)","(0.586422324180603, 0.5702943801879883, 0.06048133969306946)","(0.6851336359977722, 0.5604820847511292, 0.04224345088005066)","(0.6746724843978882, 0.49402305483818054, 0.05368189886212349)","(0.65923011302948, 0.49443650245666504, 0.059849485754966736)","(0.6516733169555664, 0.5147349834442139, 0.06469343602657318)",Position
2870,"(0.660785436630249, 0.7712714672088623, -3.3868064974740264e-07)","(0.6011795997619629, 0.7437465786933899, 0.007522948086261749)","(0.5659059286117554, 0.6722679138183594, 0.023768654093146324)","(0.5476450324058533, 0.6101207733154297, 0.04289809986948967)","(0.5306993126869202, 0.5747787356376648, 0.0654471144080162)","(0.5944786071777344, 0.5474495887756348, 0.017491627484560013)","(0.563703179359436, 0.5103337168693542, 0.05013613402843475)","(0.5460465550422668, 0.5331798195838928, 0.0781228244304657)","(0.5362438559532166, 0.5590818524360657, 0.09647207707166672)","(0.6279224157333374, 0.5327196717262268, 0.027047039940953255)","(0.5871429443359375, 0.5020999908447266, 0.056294891983270645)","(0.5647711157798767, 0.5272870063781738, 0.0747847631573677)","(0.5562315583229065, 0.5576157569885254, 0.08597315847873688)","(0.6582186818122864, 0.5424957275390625, 0.03943207487463951)","(0.6194289326667786, 0.5131213665008545, 0.06099652498960495)","(0.5977997779846191, 0.544492244720459, 0.07124071568250656)","(0.590605616569519, 0.5786671042442322, 0.07695134729146957)","(0.6837278008460999, 0.5597857236862183, 0.05333064869046211)","(0.6736706495285034, 0.4949040114879608, 0.06808707118034363)","(0.6592748761177063, 0.49432632327079773, 0.07541784644126892)","(0.652825117111206, 0.5131714344024658, 0.08106856048107147)",Position
2871,"(0.6605497002601624, 0.7704137563705444, -3.0832026709504134e-07)","(0.6001577377319336, 0.7421243190765381, 0.006906522437930107)","(0.5657387971878052, 0.6705584526062012, 0.024129563942551613)","(0.5470691919326782, 0.6104001998901367, 0.045507729053497314)","(0.5297461152076721, 0.57443767786026, 0.07162042707204819)","(0.5945940613746643, 0.5458590388298035, 0.016716456040740013)","(0.5640077590942383, 0.5060723423957825, 0.052925728261470795)","(0.5462748408317566, 0.5307998657226562, 0.08514382690191269)","(0.537316083908081, 0.5593304634094238, 0.10636288672685623)","(0.6283879280090332, 0.5329448580741882, 0.0288893710821867)","(0.585939884185791, 0.49607378244400024, 0.06021770089864731)","(0.5634083151817322, 0.5241929292678833, 0.08345998078584671)","(0.5555661916732788, 0.5565245151519775, 0.09872934222221375)","(0.6576290130615234, 0.5434811115264893, 0.044055137783288956)","(0.6175572872161865, 0.5049296021461487, 0.06849037110805511)","(0.5915881991386414, 0.5341127514839172, 0.08418400585651398)","(0.5816684365272522, 0.5679997205734253, 0.09389165788888931)","(0.684170126914978, 0.5621173977851868, 0.060550324618816376)","(0.6737516522407532, 0.49295705556869507, 0.07832232862710953)","(0.6566160917282104, 0.49266698956489563, 0.08868887275457382)","(0.6480416059494019, 0.5127946138381958, 0.09680711477994919)",Position
2872,"(0.6592417359352112, 0.769310474395752, -3.356792603881331e-07)","(0.599147617816925, 0.7448879480361938, 0.0049606808461248875)","(0.5638803243637085, 0.6735326051712036, 0.019521739333868027)","(0.5461736917495728, 0.6101050972938538, 0.037304751574993134)","(0.5299746990203857, 0.5752333402633667, 0.058989740908145905)","(0.5930758118629456, 0.5457174181938171, 0.01414282713085413)","(0.5623965263366699, 0.5052631497383118, 0.044249456375837326)","(0.5445845723152161, 0.5306785702705383, 0.07062961906194687)","(0.5352544784545898, 0.5599513053894043, 0.08794549852609634)","(0.6271782517433167, 0.5311573147773743, 0.02371387742459774)","(0.5855659246444702, 0.4956618845462799, 0.05018976330757141)","(0.5624317526817322, 0.5223569869995117, 0.06771714985370636)","(0.5537428259849548, 0.5535156726837158, 0.07840672880411148)","(0.6571671366691589, 0.5414748191833496, 0.03576629236340523)","(0.617497980594635, 0.5060004591941833, 0.05500968545675278)","(0.5928899049758911, 0.5341267585754395, 0.06501065939664841)","(0.5835031867027283, 0.5665789246559143, 0.07061698287725449)","(0.6836696267127991, 0.5600784420967102, 0.04901799559593201)","(0.6729332208633423, 0.4936992824077606, 0.06269040703773499)","(0.6574669480323792, 0.4934040606021881, 0.06999382376670837)","(0.6501190066337585, 0.5122314095497131, 0.07545240968465805)",Position
2873,"(0.6583284735679626, 0.7703277468681335, -3.228460911941511e-07)","(0.5978577733039856, 0.7449420094490051, 0.006706942804157734)","(0.5623888373374939, 0.6721802949905396, 0.024154584854841232)","(0.5440316200256348, 0.6125159859657288, 0.04461533576250076)","(0.5292560458183289, 0.577698290348053, 0.06910836696624756)","(0.591718852519989, 0.5450772643089294, 0.021236376836895943)","(0.5618612766265869, 0.50995934009552, 0.05369636416435242)","(0.5440348982810974, 0.5356823205947876, 0.08041449636220932)","(0.533835232257843, 0.5647293329238892, 0.09797859936952591)","(0.6254479885101318, 0.5314612984657288, 0.031025534495711327)","(0.5853138566017151, 0.4971027374267578, 0.061233747750520706)","(0.5623024702072144, 0.5163878202438354, 0.07932457327842712)","(0.5515051484107971, 0.5435281991958618, 0.09013126790523529)","(0.6556052565574646, 0.5419031977653503, 0.04293335601687431)","(0.6173877120018005, 0.5066510438919067, 0.06454955041408539)","(0.592951238155365, 0.5304155945777893, 0.074462890625)","(0.5818692445755005, 0.5612583160400391, 0.07994277775287628)","(0.6823011636734009, 0.5590307116508484, 0.05604587495326996)","(0.6723150610923767, 0.4945787191390991, 0.0702131986618042)","(0.6577853560447693, 0.49413570761680603, 0.07711691409349442)","(0.6496717929840088, 0.5127723217010498, 0.0824989452958107)",Position
2874,"(0.6564264893531799, 0.7698193788528442, -3.1791066135156143e-07)","(0.5959646701812744, 0.744811475276947, 0.007114945445209742)","(0.5609671473503113, 0.6720959544181824, 0.02529025264084339)","(0.543041467666626, 0.6119502782821655, 0.04668362811207771)","(0.5282884240150452, 0.5763189792633057, 0.07227367907762527)","(0.5898135900497437, 0.5473273992538452, 0.02200307883322239)","(0.561116099357605, 0.5103662610054016, 0.05542396754026413)","(0.5432655215263367, 0.5332431793212891, 0.08359725773334503)","(0.5329058766365051, 0.5615566372871399, 0.10232173651456833)","(0.6239455938339233, 0.5344676971435547, 0.03220299631357193)","(0.5852490663528442, 0.4970858693122864, 0.06162760406732559)","(0.5627638697624207, 0.5168882012367249, 0.08077094703912735)","(0.5526344180107117, 0.5457119345664978, 0.09316688030958176)","(0.6544871926307678, 0.5448666214942932, 0.04459796100854874)","(0.6172505617141724, 0.5087489485740662, 0.06582174450159073)","(0.5930244326591492, 0.5351355075836182, 0.07708966732025146)","(0.5828654170036316, 0.5669204592704773, 0.08435875922441483)","(0.6821678280830383, 0.5628249645233154, 0.05830751359462738)","(0.6715866327285767, 0.4953053295612335, 0.07337886840105057)","(0.6557232737541199, 0.4952036142349243, 0.08167760819196701)","(0.647424578666687, 0.5147455930709839, 0.08839660882949829)",Position
2875,"(0.6563699245452881, 0.7718820571899414, -3.2212017231358914e-07)","(0.5964213013648987, 0.7503060698509216, 0.0016214892966672778)","(0.5595466494560242, 0.677407443523407, 0.014199703931808472)","(0.5410407185554504, 0.614057183265686, 0.030036045238375664)","(0.5273488163948059, 0.5779950022697449, 0.04956003278493881)","(0.589274525642395, 0.5517929792404175, 0.01039218995720148)","(0.5608745217323303, 0.5115128755569458, 0.036753445863723755)","(0.5428650379180908, 0.533854067325592, 0.06042635068297386)","(0.5327605605125427, 0.5624382495880127, 0.07611802220344543)","(0.6235615015029907, 0.5386000871658325, 0.019200239330530167)","(0.5865062475204468, 0.4979996085166931, 0.041498228907585144)","(0.5636376738548279, 0.5182909369468689, 0.056371089071035385)","(0.5540046691894531, 0.5460267663002014, 0.06557051092386246)","(0.6546455025672913, 0.5482358336448669, 0.02990264631807804)","(0.6181232929229736, 0.5124651193618774, 0.04432317614555359)","(0.5954551100730896, 0.5407228469848633, 0.051549237221479416)","(0.5871114134788513, 0.573071300983429, 0.05619766563177109)","(0.6819364428520203, 0.5657777786254883, 0.04158328101038933)","(0.6712238788604736, 0.4958312213420868, 0.0514485239982605)","(0.655677318572998, 0.49563777446746826, 0.05726640298962593)","(0.6481733322143555, 0.5153265595436096, 0.06194157898426056)",Position
2876,"(0.6546595692634583, 0.7745254635810852, -3.509447594751691e-07)","(0.5954915285110474, 0.7498235702514648, 0.004524071700870991)","(0.5588327646255493, 0.6778064370155334, 0.01967327669262886)","(0.5399033427238464, 0.616997480392456, 0.038040488958358765)","(0.5266980528831482, 0.580441951751709, 0.06014993041753769)","(0.588921308517456, 0.5501244068145752, 0.014505532570183277)","(0.5601722002029419, 0.5114611387252808, 0.044514384120702744)","(0.5422437787055969, 0.5352024435997009, 0.07050547003746033)","(0.5320088267326355, 0.5638045072555542, 0.0875164270401001)","(0.6230122447013855, 0.5370437502861023, 0.02367672510445118)","(0.5842427611351013, 0.5005890130996704, 0.04998653382062912)","(0.5616859793663025, 0.5266597270965576, 0.06665439903736115)","(0.5529077053070068, 0.5589331388473511, 0.0768207460641861)","(0.654003381729126, 0.5476824045181274, 0.035164691507816315)","(0.6172798871994019, 0.5141136050224304, 0.05303731560707092)","(0.5956272482872009, 0.5462034344673157, 0.06135884299874306)","(0.5886679291725159, 0.58111971616745, 0.06636159121990204)","(0.6814604997634888, 0.5664590001106262, 0.047927096486091614)","(0.6710911393165588, 0.4973691403865814, 0.05968736484646797)","(0.6564579606056213, 0.49716097116470337, 0.06583438068628311)","(0.649992823600769, 0.5168033838272095, 0.07077961415052414)",Position
2877,"(0.6533327102661133, 0.7758468389511108, -3.598304090246529e-07)","(0.594377875328064, 0.750330924987793, 0.004406030289828777)","(0.558469831943512, 0.6779536008834839, 0.019194429740309715)","(0.5393505096435547, 0.6183452606201172, 0.037255529314279556)","(0.5257145762443542, 0.5823900103569031, 0.05914195999503136)","(0.5890450477600098, 0.5496912598609924, 0.01229837816208601)","(0.5591538548469543, 0.5134874582290649, 0.04052181914448738)","(0.5411151051521301, 0.5387343168258667, 0.06563533842563629)","(0.5319086909294128, 0.5681723356246948, 0.08202560991048813)","(0.6233432292938232, 0.5371979475021362, 0.020987190306186676)","(0.5837758779525757, 0.5002525448799133, 0.04533657059073448)","(0.5606731176376343, 0.5244140028953552, 0.06184779107570648)","(0.5512878894805908, 0.5556818842887878, 0.07188607007265091)","(0.6541539430618286, 0.5485470294952393, 0.0319041833281517)","(0.617111086845398, 0.5124163627624512, 0.0480373241007328)","(0.5935215353965759, 0.5409842133522034, 0.056465767323970795)","(0.5844122767448425, 0.5745964646339417, 0.061512649059295654)","(0.6814605593681335, 0.5684674978256226, 0.04404447600245476)","(0.6726165413856506, 0.49998095631599426, 0.053829126060009)","(0.6585621237754822, 0.49850472807884216, 0.05902994051575661)","(0.6516356468200684, 0.5174893736839294, 0.06338255107402802)",Position
2878,"(0.6532861590385437, 0.7782551050186157, -3.671412969197263e-07)","(0.594600260257721, 0.7517076134681702, 0.005585792008787394)","(0.558782160282135, 0.6789965033531189, 0.021328307688236237)","(0.5398606657981873, 0.6188340187072754, 0.04049873352050781)","(0.5270681381225586, 0.5830971598625183, 0.0636448860168457)","(0.5889054536819458, 0.5505310297012329, 0.013769992627203465)","(0.5606163740158081, 0.5115997791290283, 0.04403085261583328)","(0.5427769422531128, 0.5349991321563721, 0.07047317922115326)","(0.5332292318344116, 0.5627666115760803, 0.08754400908946991)","(0.6234584450721741, 0.5385231971740723, 0.022727102041244507)","(0.5846334099769592, 0.5027618408203125, 0.04944095015525818)","(0.561745822429657, 0.5277918577194214, 0.06708409637212753)","(0.5525234341621399, 0.559862494468689, 0.07766468077898026)","(0.65437251329422, 0.5502997040748596, 0.034130096435546875)","(0.6168652176856995, 0.5133991837501526, 0.05258340388536453)","(0.5927512049674988, 0.5409075021743774, 0.06158173829317093)","(0.5828946232795715, 0.5738051533699036, 0.06657285243272781)","(0.6821146607398987, 0.5708649754524231, 0.046878229826688766)","(0.6727710962295532, 0.5022935271263123, 0.05875337868928909)","(0.6581453680992126, 0.5013553500175476, 0.06480211764574051)","(0.6503492593765259, 0.5214122533798218, 0.06952337920665741)",Position
2879,"(0.6534057259559631, 0.7804045677185059, -3.8179848615982337e-07)","(0.5941755771636963, 0.7509075403213501, 0.005596465431153774)","(0.5584369897842407, 0.6788066029548645, 0.020647820085287094)","(0.5389456748962402, 0.6180583238601685, 0.03910306468605995)","(0.5262213945388794, 0.5817315578460693, 0.061218783259391785)","(0.5894625782966614, 0.5501041412353516, 0.01267909538000822)","(0.5594701766967773, 0.5136383771896362, 0.04352208226919174)","(0.5422900915145874, 0.5399483442306519, 0.07026395946741104)","(0.5341759324073792, 0.5688954591751099, 0.08736517280340195)","(0.6243463158607483, 0.5379425287246704, 0.02181910164654255)","(0.5837522149085999, 0.5088832378387451, 0.04923273250460625)","(0.5621765851974487, 0.5397812724113464, 0.06631607562303543)","(0.5554800033569336, 0.5752944946289062, 0.07607966661453247)","(0.6553174257278442, 0.5507822036743164, 0.03376882150769234)","(0.6159552931785583, 0.5193983912467957, 0.05291641876101494)","(0.5926705598831177, 0.5495617389678955, 0.06152988597750664)","(0.5849258899688721, 0.5846287608146667, 0.0658344253897667)","(0.6824085116386414, 0.5717983841896057, 0.04717264696955681)","(0.6719708442687988, 0.5042189955711365, 0.05918094143271446)","(0.6577272415161133, 0.5012820959091187, 0.06485224515199661)","(0.6512683629989624, 0.5189552307128906, 0.06919213384389877)",Position
2880,"(0.6530219912528992, 0.7796121835708618, -3.7993567048033583e-07)","(0.5943723917007446, 0.7503029108047485, 0.0035298182629048824)","(0.5586835145950317, 0.6794113516807556, 0.016475774347782135)","(0.5388842821121216, 0.6191216111183167, 0.03278776630759239)","(0.5260974168777466, 0.58262699842453, 0.05252769589424133)","(0.5894016027450562, 0.5500786900520325, 0.009121913462877274)","(0.5606030821800232, 0.5147005915641785, 0.036987919360399246)","(0.5430280566215515, 0.5394142270088196, 0.06122935563325882)","(0.5340620279312134, 0.5678584575653076, 0.0764666423201561)","(0.6245481967926025, 0.5385388135910034, 0.01769173890352249)","(0.5844932198524475, 0.5087462663650513, 0.042231008410453796)","(0.5622809529304504, 0.5384516716003418, 0.05721447616815567)","(0.5549383759498596, 0.5739576816558838, 0.06524167209863663)","(0.6556910276412964, 0.5522637367248535, 0.028857789933681488)","(0.6169697642326355, 0.5197438597679138, 0.045294880867004395)","(0.5936431288719177, 0.5475504398345947, 0.052362777292728424)","(0.585740864276886, 0.5820378661155701, 0.05551411956548691)","(0.6828784942626953, 0.5741443037986755, 0.0413062609732151)","(0.6727468967437744, 0.5063834190368652, 0.05096643790602684)","(0.6592190265655518, 0.5012065768241882, 0.05543375015258789)","(0.6528881788253784, 0.5169737935066223, 0.05875878036022186)",Position
2881,"(0.6527115702629089, 0.779495894908905, -3.84278735054977e-07)","(0.5939120650291443, 0.7500003576278687, 0.005253990646451712)","(0.5588740706443787, 0.6811733245849609, 0.01982087455689907)","(0.540103018283844, 0.6228278279304504, 0.03742922469973564)","(0.528715193271637, 0.5852606296539307, 0.05840032547712326)","(0.5891004800796509, 0.5516992211341858, 0.013768663629889488)","(0.5614749789237976, 0.5168687701225281, 0.04377070441842079)","(0.5446688532829285, 0.5403559803962708, 0.06926277279853821)","(0.536849319934845, 0.5680764317512512, 0.08529933542013168)","(0.6239931583404541, 0.5400395393371582, 0.022117607295513153)","(0.585671067237854, 0.5141074657440186, 0.04919782280921936)","(0.5648236274719238, 0.5455838441848755, 0.06506974995136261)","(0.55943363904953, 0.5821756720542908, 0.07372037321329117)","(0.6551943421363831, 0.5536435842514038, 0.03302135691046715)","(0.6181431412696838, 0.5228946208953857, 0.05101702734827995)","(0.5959400534629822, 0.5526818037033081, 0.05832714959979057)","(0.5895820260047913, 0.5878023505210876, 0.06169428676366806)","(0.6826701760292053, 0.574826717376709, 0.045374780893325806)","(0.6741007566452026, 0.5069227814674377, 0.05570589751005173)","(0.661123514175415, 0.502526044845581, 0.06038922071456909)","(0.6554704308509827, 0.5187191367149353, 0.06407500803470612)",Position
2882,"(0.6528879404067993, 0.7805668115615845, -3.8403356938943034e-07)","(0.5930547714233398, 0.7498669624328613, 0.00817505456507206)","(0.558858335018158, 0.6803379654884338, 0.026133134961128235)","(0.5407481789588928, 0.6222719550132751, 0.04743374139070511)","(0.5284607410430908, 0.5848455429077148, 0.07237666845321655)","(0.5895248651504517, 0.5532383918762207, 0.020135676488280296)","(0.5617461800575256, 0.5178242325782776, 0.05515405908226967)","(0.5445758700370789, 0.542319118976593, 0.08358197659254074)","(0.5369324684143066, 0.5698471069335938, 0.10151004046201706)","(0.6242560744285583, 0.5417718291282654, 0.029968326911330223)","(0.5862094163894653, 0.5149859189987183, 0.06212601810693741)","(0.5655407309532166, 0.5481023788452148, 0.08012428134679794)","(0.5603973865509033, 0.5852941870689392, 0.09021496772766113)","(0.6549316048622131, 0.5553121566772461, 0.042810115963220596)","(0.6191519498825073, 0.5259610414505005, 0.06565840542316437)","(0.597399115562439, 0.5589230060577393, 0.07499592751264572)","(0.5922099351882935, 0.5954848527908325, 0.07956167310476303)","(0.6826860904693604, 0.575973629951477, 0.05738990008831024)","(0.6739294528961182, 0.5073768496513367, 0.07178082317113876)","(0.6602973341941833, 0.503546953201294, 0.07849103957414627)","(0.6547855138778687, 0.519679605960846, 0.08363353461027145)",Position
2883,"(0.653293251991272, 0.7800414562225342, -3.864733457703551e-07)","(0.5929077863693237, 0.7499889135360718, 0.007156293839216232)","(0.559349775314331, 0.6813787221908569, 0.024556508287787437)","(0.5419282913208008, 0.6236319541931152, 0.04523817077279091)","(0.5313057899475098, 0.585679292678833, 0.06928350031375885)","(0.5898298621177673, 0.5523951053619385, 0.02045896090567112)","(0.5614931583404541, 0.5214831233024597, 0.05503232404589653)","(0.5445481538772583, 0.5473959445953369, 0.08197876065969467)","(0.537561297416687, 0.5747889876365662, 0.09864591062068939)","(0.6248335242271423, 0.5419606566429138, 0.030082378536462784)","(0.5873172283172607, 0.5176704525947571, 0.06211336329579353)","(0.5666064023971558, 0.5515286326408386, 0.07821564376354218)","(0.5617203116416931, 0.5890025496482849, 0.08650892227888107)","(0.6557055115699768, 0.5562111139297485, 0.04257513955235481)","(0.6204242706298828, 0.5279408693313599, 0.06500105559825897)","(0.5987687706947327, 0.5620169639587402, 0.07233116030693054)","(0.594265878200531, 0.5990298986434937, 0.07517597824335098)","(0.6833736896514893, 0.5772600173950195, 0.056739192456007004)","(0.6748815178871155, 0.5086076855659485, 0.07078874856233597)","(0.6613355278968811, 0.5053050518035889, 0.07660134881734848)","(0.6560510396957397, 0.5219951868057251, 0.08073931187391281)",Position
2884,"(0.6539691686630249, 0.7808710336685181, -3.9184328670671675e-07)","(0.59382164478302, 0.7492046356201172, 0.009466437622904778)","(0.5605167746543884, 0.678200900554657, 0.03078761138021946)","(0.5423811674118042, 0.6225561499595642, 0.05589042976498604)","(0.530936062335968, 0.5865975618362427, 0.08485579490661621)","(0.590621292591095, 0.5499192476272583, 0.02705399878323078)","(0.5628589987754822, 0.522838830947876, 0.06613531708717346)","(0.5461206436157227, 0.5491153597831726, 0.09606437385082245)","(0.5388365387916565, 0.5757627487182617, 0.11479982733726501)","(0.6253884434700012, 0.540132999420166, 0.038599539548158646)","(0.5883512496948242, 0.5177946090698242, 0.07583951205015182)","(0.56828373670578, 0.5517764091491699, 0.09588570892810822)","(0.5625297427177429, 0.5886285901069641, 0.10723057389259338)","(0.6555818915367126, 0.5537992119789124, 0.05304255336523056)","(0.6210640072822571, 0.5265578031539917, 0.0801386907696724)","(0.59930020570755, 0.5594773292541504, 0.09119537472724915)","(0.5939362049102783, 0.5955418944358826, 0.09664854407310486)","(0.6831075549125671, 0.5732263922691345, 0.06921999156475067)","(0.6732397079467773, 0.5074985027313232, 0.08617889881134033)","(0.6596089005470276, 0.505389928817749, 0.09394609928131104)","(0.654137134552002, 0.5214642286300659, 0.09989229589700699)",Position
2885,"(0.6549466848373413, 0.7798222303390503, -3.8856998685332655e-07)","(0.5938459634780884, 0.7472796440124512, 0.012876985594630241)","(0.5605361461639404, 0.6779561638832092, 0.03703184053301811)","(0.5428619384765625, 0.622474730014801, 0.0652155727148056)","(0.5340234041213989, 0.5865967869758606, 0.0974830687046051)","(0.5906974673271179, 0.5507766604423523, 0.032132767140865326)","(0.5644457340240479, 0.5229463577270508, 0.07488343119621277)","(0.5480614304542542, 0.5468406677246094, 0.10684976726770401)","(0.5403670072555542, 0.5720213651657104, 0.1267319768667221)","(0.6256115436553955, 0.5419060587882996, 0.04440629109740257)","(0.5902021527290344, 0.5172192454338074, 0.08554676920175552)","(0.5710967183113098, 0.5500420928001404, 0.10732145607471466)","(0.5650380253791809, 0.5866535305976868, 0.1196611300110817)","(0.6555518507957458, 0.5550127029418945, 0.060073625296354294)","(0.6230373978614807, 0.5286660194396973, 0.09133529663085938)","(0.6022946834564209, 0.562512993812561, 0.10462687909603119)","(0.5972756147384644, 0.5984102487564087, 0.11120031028985977)","(0.6834506392478943, 0.5738618969917297, 0.07772102952003479)","(0.6734575629234314, 0.5083092451095581, 0.09771456569433212)","(0.6604105830192566, 0.5055762529373169, 0.10726264119148254)","(0.6551842093467712, 0.5195545554161072, 0.11439905315637589)",Position
2886,"(0.6542286276817322, 0.7801259160041809, -3.85973919492244e-07)","(0.5936526656150818, 0.7478111386299133, 0.012003368698060513)","(0.5601938366889954, 0.6768780946731567, 0.035880595445632935)","(0.5426912307739258, 0.6210405826568604, 0.0636754110455513)","(0.5347838401794434, 0.5851606726646423, 0.09554455429315567)","(0.5909217596054077, 0.5506195425987244, 0.03216749057173729)","(0.5644417405128479, 0.521685779094696, 0.0743071436882019)","(0.5479055047035217, 0.5462357401847839, 0.10591799765825272)","(0.5403435826301575, 0.572784423828125, 0.1256592869758606)","(0.6261266469955444, 0.5414526462554932, 0.04437551274895668)","(0.5902891755104065, 0.5171535015106201, 0.08500725030899048)","(0.5707610845565796, 0.5502498745918274, 0.10641127079725266)","(0.564842939376831, 0.5873364210128784, 0.11859452724456787)","(0.6561152338981628, 0.5548635721206665, 0.059702951461076736)","(0.6230769753456116, 0.5280149579048157, 0.09021544456481934)","(0.6015758514404297, 0.5610430240631104, 0.10295554995536804)","(0.5963190793991089, 0.5967717170715332, 0.1092953085899353)","(0.6838274598121643, 0.5742335319519043, 0.07689841836690903)","(0.673697829246521, 0.5088056921958923, 0.09634720534086227)","(0.659988522529602, 0.5068593621253967, 0.10540055483579636)","(0.6544422507286072, 0.5223104357719421, 0.11222716420888901)",Position
2887,"(0.6538006067276001, 0.7801666259765625, -3.9354023328996846e-07)","(0.5933143496513367, 0.7470555901527405, 0.012504981830716133)","(0.5604556202888489, 0.6771557331085205, 0.03606068342924118)","(0.5429214835166931, 0.6220933794975281, 0.06316128373146057)","(0.5335336327552795, 0.5846684575080872, 0.09403610974550247)","(0.5913916230201721, 0.5507749319076538, 0.032783884555101395)","(0.5643674731254578, 0.5223188400268555, 0.07432696968317032)","(0.5476093292236328, 0.5476247668266296, 0.1050105094909668)","(0.540131688117981, 0.5741150379180908, 0.12408620119094849)","(0.6262916922569275, 0.5414161682128906, 0.044240422546863556)","(0.5903955698013306, 0.5188935399055481, 0.0844070166349411)","(0.5706798434257507, 0.5530866384506226, 0.1044153943657875)","(0.5648114085197449, 0.5901269316673279, 0.11538887023925781)","(0.6561505794525146, 0.555234432220459, 0.058892857283353806)","(0.6233921051025391, 0.5291167497634888, 0.08880618214607239)","(0.6020371317863464, 0.5628935098648071, 0.10041863471269608)","(0.5971646904945374, 0.5991904139518738, 0.10583607852458954)","(0.6837297677993774, 0.5749407410621643, 0.07551936060190201)","(0.6745096445083618, 0.5090776681900024, 0.09478235989809036)","(0.6614344716072083, 0.506515622138977, 0.10365894436836243)","(0.6563634276390076, 0.5212474465370178, 0.11020995676517487)",Position
2888,"(0.6536708474159241, 0.7819647789001465, -3.8403592839131306e-07)","(0.5920408368110657, 0.747430682182312, 0.015403992496430874)","(0.5600911974906921, 0.6772581934928894, 0.043873853981494904)","(0.543479859828949, 0.6231243014335632, 0.07613757252693176)","(0.534883439540863, 0.5885722637176514, 0.11316137760877609)","(0.5905792713165283, 0.5521540641784668, 0.042258329689502716)","(0.5644611716270447, 0.5220145583152771, 0.08812036365270615)","(0.5476787686347961, 0.5479803681373596, 0.12271405011415482)","(0.5411803126335144, 0.5781441330909729, 0.1450061947107315)","(0.625916600227356, 0.5452534556388855, 0.05533047392964363)","(0.5906034111976624, 0.5168982744216919, 0.10055804997682571)","(0.5710029006004333, 0.5501104593276978, 0.12630495429039001)","(0.5652110576629639, 0.5878528356552124, 0.14234288036823273)","(0.6556776762008667, 0.5587488412857056, 0.0710999071598053)","(0.6236198544502258, 0.5284119844436646, 0.10555834323167801)","(0.6008198857307434, 0.5595735311508179, 0.12257641553878784)","(0.5944103002548218, 0.5938080549240112, 0.13243916630744934)","(0.6840161085128784, 0.5782771706581116, 0.08869783580303192)","(0.674568235874176, 0.5134764313697815, 0.11103373765945435)","(0.6608244180679321, 0.5118293762207031, 0.12249868363142014)","(0.6547238826751709, 0.5268600583076477, 0.13171249628067017)",Position
2889,"(0.6542155742645264, 0.7833855152130127, -3.958087404498656e-07)","(0.5929422378540039, 0.7505776286125183, 0.013623090460896492)","(0.5604901313781738, 0.6792517900466919, 0.040275104343891144)","(0.5425626635551453, 0.6251541972160339, 0.07064589858055115)","(0.5351577997207642, 0.5889362692832947, 0.10553757846355438)","(0.5903953313827515, 0.5537115335464478, 0.038300108164548874)","(0.5637291073799133, 0.5245260000228882, 0.08200480043888092)","(0.5470731258392334, 0.552042543888092, 0.11468461155891418)","(0.5406198501586914, 0.5822160243988037, 0.13561484217643738)","(0.6260251998901367, 0.5462709069252014, 0.05068838223814964)","(0.5905372500419617, 0.521433413028717, 0.09367171674966812)","(0.5710508823394775, 0.5539875626564026, 0.11665082722902298)","(0.5657381415367126, 0.5920130610466003, 0.13037191331386566)","(0.6562763452529907, 0.5608413219451904, 0.06583280116319656)","(0.6242848634719849, 0.5297033786773682, 0.09767962247133255)","(0.6020681262016296, 0.5604923963546753, 0.11178664118051529)","(0.5965598821640015, 0.5952292680740356, 0.11963286250829697)","(0.6848918795585632, 0.5811453461647034, 0.0828661322593689)","(0.6756359934806824, 0.5147568583488464, 0.10358460992574692)","(0.6611132621765137, 0.5138814449310303, 0.11387011408805847)","(0.6545265316963196, 0.530974268913269, 0.12206673622131348)",Position
2890,"(0.6541062593460083, 0.7859809994697571, -3.689499408210395e-07)","(0.594194769859314, 0.7549239993095398, 0.009439582005143166)","(0.5607013702392578, 0.6811278462409973, 0.031889911741018295)","(0.5427263379096985, 0.623449444770813, 0.0579632893204689)","(0.5334628224372864, 0.5867469906806946, 0.0880536288022995)","(0.5913081765174866, 0.5560591220855713, 0.031232155859470367)","(0.5637943744659424, 0.5269646644592285, 0.07165306806564331)","(0.5472452640533447, 0.553776741027832, 0.10249562561511993)","(0.5404465794563293, 0.5831112861633301, 0.1219232976436615)","(0.626834511756897, 0.5473951697349548, 0.04307908937335014)","(0.59063720703125, 0.5202106237411499, 0.08130167424678802)","(0.5711403489112854, 0.553006112575531, 0.10191173106431961)","(0.5659701824188232, 0.5913589000701904, 0.11407484859228134)","(0.6569907665252686, 0.5618041157722473, 0.05746452510356903)","(0.6235550045967102, 0.5311086773872375, 0.08543391525745392)","(0.6013854146003723, 0.5624931454658508, 0.09746624529361725)","(0.5958368182182312, 0.5984971523284912, 0.10384155064821243)","(0.6849684119224548, 0.5822272896766663, 0.07342185825109482)","(0.6749721169471741, 0.5157248377799988, 0.09122370183467865)","(0.6605947613716125, 0.5143471360206604, 0.09970908612012863)","(0.6543437838554382, 0.5316283702850342, 0.1062927320599556)",Position
2891,"(0.654615044593811, 0.7893875241279602, -3.756579758373846e-07)","(0.5940572619438171, 0.7552505731582642, 0.012897124513983727)","(0.5604702234268188, 0.685065746307373, 0.03937654569745064)","(0.5409104228019714, 0.6323474049568176, 0.0699576884508133)","(0.5346086621284485, 0.5954700112342834, 0.10551096498966217)","(0.59112948179245, 0.5590064525604248, 0.037464600056409836)","(0.5650326609611511, 0.5291306376457214, 0.0821579322218895)","(0.5486407279968262, 0.556280255317688, 0.11654558032751083)","(0.5425258874893188, 0.5873059034347534, 0.1385563164949417)","(0.626585066318512, 0.551628828048706, 0.0509965755045414)","(0.5913828015327454, 0.5227804183959961, 0.09453658759593964)","(0.5722208619117737, 0.5548074841499329, 0.11996141076087952)","(0.5670507550239563, 0.5926186442375183, 0.13563422858715057)","(0.6568676829338074, 0.5653530359268188, 0.06715790927410126)","(0.6238412857055664, 0.5333645343780518, 0.1000213548541069)","(0.6007237434387207, 0.5630040168762207, 0.11639343202114105)","(0.5941436886787415, 0.5978383421897888, 0.12572239339351654)","(0.6849675178527832, 0.5851414799690247, 0.08500895649194717)","(0.6762676239013672, 0.5192791819572449, 0.1052984818816185)","(0.6617298126220703, 0.5170076489448547, 0.11534307897090912)","(0.6547330021858215, 0.5329557657241821, 0.12351840734481812)",Position
2892,"(0.6553553938865662, 0.7899384498596191, -3.765394183119497e-07)","(0.5934448838233948, 0.7531976103782654, 0.01872316747903824)","(0.5607864856719971, 0.6852975487709045, 0.049329984933137894)","(0.5431493520736694, 0.6345630884170532, 0.08375903964042664)","(0.536352276802063, 0.5973331332206726, 0.12347918003797531)","(0.5916815400123596, 0.5602323412895203, 0.04560859128832817)","(0.5665585994720459, 0.5311112403869629, 0.0935995876789093)","(0.5501172542572021, 0.552808403968811, 0.1303674727678299)","(0.5426962375640869, 0.5791005492210388, 0.1543596237897873)","(0.6261152029037476, 0.5551509261131287, 0.05909518897533417)","(0.5923624634742737, 0.5228317379951477, 0.10644564032554626)","(0.5737119317054749, 0.5520539283752441, 0.13562965393066406)","(0.5672265291213989, 0.5866511464118958, 0.15462617576122284)","(0.6559744477272034, 0.5676475763320923, 0.07548729330301285)","(0.6257333755493164, 0.5351751446723938, 0.11265534162521362)","(0.6034349203109741, 0.563753604888916, 0.1333543062210083)","(0.5956867337226868, 0.5953316688537598, 0.146110400557518)","(0.684071958065033, 0.5863534808158875, 0.09388510882854462)","(0.6753396391868591, 0.5211364030838013, 0.11826128512620926)","(0.6616695523262024, 0.5190168023109436, 0.13194134831428528)","(0.6546491980552673, 0.5327144861221313, 0.14320239424705505)",Position
2893,"(0.6545758843421936, 0.7930260896682739, -3.728121669155371e-07)","(0.5939865708351135, 0.7572888135910034, 0.0172322578728199)","(0.5615413784980774, 0.6900861859321594, 0.04573686793446541)","(0.5435836315155029, 0.639022707939148, 0.07836226373910904)","(0.5353965759277344, 0.6005211472511292, 0.11655078828334808)","(0.5916250348091125, 0.5642862915992737, 0.03942791745066643)","(0.5667741298675537, 0.5314995050430298, 0.08614719659090042)","(0.5501640439033508, 0.5523574948310852, 0.12417479604482651)","(0.5430223345756531, 0.5803321599960327, 0.1492353081703186)","(0.625983715057373, 0.5576744079589844, 0.05311991274356842)","(0.5914729237556458, 0.521963357925415, 0.09815239906311035)","(0.57322096824646, 0.552655816078186, 0.12916378676891327)","(0.5677940249443054, 0.5883153080940247, 0.1498928666114807)","(0.6557523012161255, 0.5689312219619751, 0.06986197829246521)","(0.6248578429222107, 0.5322672724723816, 0.10572349280118942)","(0.6023351550102234, 0.560342013835907, 0.1281377077102661)","(0.5946512818336487, 0.5927823781967163, 0.14210577309131622)","(0.6837872266769409, 0.587812066078186, 0.08848892152309418)","(0.6745393872261047, 0.5220597386360168, 0.11184766888618469)","(0.6601645946502686, 0.5216089487075806, 0.125553697347641)","(0.6535243988037109, 0.5383935570716858, 0.1368979960680008)",Position
2894,"(0.6540514230728149, 0.7979551553726196, -3.627841920206265e-07)","(0.5934457182884216, 0.761073648929596, 0.015967419371008873)","(0.56038898229599, 0.6902281045913696, 0.04348841309547424)","(0.5427576303482056, 0.6375880241394043, 0.0751357153058052)","(0.5356237292289734, 0.5975742340087891, 0.11219239234924316)","(0.5920594334602356, 0.5666218400001526, 0.03774024918675423)","(0.5669917464256287, 0.5329937934875488, 0.08309216797351837)","(0.5498529076576233, 0.552482545375824, 0.11953255534172058)","(0.5416370034217834, 0.5785905122756958, 0.14351408183574677)","(0.6262124180793762, 0.5607498288154602, 0.05100322514772415)","(0.5914866328239441, 0.5255932807922363, 0.09523738920688629)","(0.5725407600402832, 0.5539343357086182, 0.12474779039621353)","(0.5660459399223328, 0.5876938104629517, 0.1442979872226715)","(0.6556419730186462, 0.5735463500022888, 0.06717342138290405)","(0.6247338652610779, 0.5362686514854431, 0.10186166316270828)","(0.6022279858589172, 0.5645548701286316, 0.12328246235847473)","(0.5942236185073853, 0.5966773629188538, 0.1367805004119873)","(0.6836698055267334, 0.5929900407791138, 0.08512167632579803)","(0.674720048904419, 0.5247271060943604, 0.10804785788059235)","(0.6614254117012024, 0.5232958793640137, 0.12186853587627411)","(0.6552095413208008, 0.5388751029968262, 0.13334128260612488)",Position
2895,"(0.6523335576057434, 0.7984310388565063, -3.501790217796952e-07)","(0.5930083990097046, 0.7649834752082825, 0.012686137109994888)","(0.5598606467247009, 0.6941003799438477, 0.03569447621703148)","(0.5425663590431213, 0.6382437348365784, 0.06186524033546448)","(0.5349447727203369, 0.596659779548645, 0.09248001128435135)","(0.5908116698265076, 0.5710312128067017, 0.03301095962524414)","(0.566284716129303, 0.531104564666748, 0.07374337315559387)","(0.5501301884651184, 0.5515493154525757, 0.10595262050628662)","(0.5434756875038147, 0.5787174105644226, 0.12663422524929047)","(0.6251105666160583, 0.5623272061347961, 0.04406207799911499)","(0.5907679200172424, 0.5238977670669556, 0.08175729960203171)","(0.5726668238639832, 0.5537963509559631, 0.10487263649702072)","(0.5685995817184448, 0.588250994682312, 0.1194172203540802)","(0.6548599600791931, 0.5747919678688049, 0.05774858221411705)","(0.623397171497345, 0.5385431051254272, 0.08629243075847626)","(0.6033080220222473, 0.5702868700027466, 0.10075259953737259)","(0.5991080403327942, 0.6035043597221375, 0.10915028303861618)","(0.6828212738037109, 0.5933390259742737, 0.07323144376277924)","(0.6743400692939758, 0.5229272842407227, 0.09290826320648193)","(0.6607444286346436, 0.521506667137146, 0.10316284000873566)","(0.6556570529937744, 0.5373226404190063, 0.11095109581947327)",Position
2896,"(0.6501615643501282, 0.7979233264923096, -3.506602013203519e-07)","(0.5926553606987, 0.7680867314338684, 0.007665428798645735)","(0.5582596063613892, 0.696858286857605, 0.02592000737786293)","(0.5403710603713989, 0.6402750015258789, 0.04733951762318611)","(0.5353366732597351, 0.5975767374038696, 0.07286873459815979)","(0.5897759795188904, 0.5718191266059875, 0.022648382931947708)","(0.5661440491676331, 0.5327229499816895, 0.05747285112738609)","(0.5495160818099976, 0.5530320405960083, 0.08667487651109695)","(0.5420514345169067, 0.5798106789588928, 0.10557871311903)","(0.6239984631538391, 0.5634728670120239, 0.032494015991687775)","(0.5904616713523865, 0.5256885290145874, 0.06393289566040039)","(0.571080207824707, 0.5534271001815796, 0.08453290909528732)","(0.5662754774093628, 0.5881326794624329, 0.097658172249794)","(0.6547958254814148, 0.5759322643280029, 0.044574495404958725)","(0.6226817965507507, 0.5387251377105713, 0.06715136021375656)","(0.6012755036354065, 0.5669713020324707, 0.07889989763498306)","(0.5953142046928406, 0.5989826321601868, 0.0860125720500946)","(0.6826730966567993, 0.5947229862213135, 0.05808572843670845)","(0.6740663647651672, 0.5239934921264648, 0.07292795926332474)","(0.6596750020980835, 0.5222951173782349, 0.08095985651016235)","(0.6538755893707275, 0.5401822924613953, 0.08747253566980362)",Position
2897,"(0.6481950879096985, 0.7996470928192139, -3.5739407167056925e-07)","(0.5908067226409912, 0.7695571780204773, 0.009805338457226753)","(0.5575902462005615, 0.6974666714668274, 0.02942211553454399)","(0.5408517122268677, 0.6406530141830444, 0.05209163948893547)","(0.5351986885070801, 0.5968009829521179, 0.07901663333177567)","(0.5888406038284302, 0.5749241709709167, 0.02447342686355114)","(0.5655866265296936, 0.5312393307685852, 0.06037186458706856)","(0.5490172505378723, 0.5499663352966309, 0.09095725417137146)","(0.541286289691925, 0.5772122144699097, 0.11111357063055038)","(0.6229326128959656, 0.5663317441940308, 0.03424045443534851)","(0.5901657342910767, 0.5247730612754822, 0.06644917279481888)","(0.5714589953422546, 0.5528880953788757, 0.08821675926446915)","(0.5671488046646118, 0.5880265831947327, 0.1025921106338501)","(0.6538622379302979, 0.5778614282608032, 0.04647079110145569)","(0.6228644251823425, 0.5382457971572876, 0.07007566094398499)","(0.6024146676063538, 0.5673521757125854, 0.08273632079362869)","(0.5970470309257507, 0.599629819393158, 0.09073009341955185)","(0.6815963983535767, 0.5960067510604858, 0.06036674603819847)","(0.6732963919639587, 0.5250306725502014, 0.07658001780509949)","(0.6580241918563843, 0.524063229560852, 0.08539313077926636)","(0.6514492034912109, 0.5431500673294067, 0.09256211668252945)",Position
2898,"(0.6471394300460815, 0.7988073825836182, -3.536654844538134e-07)","(0.5894815921783447, 0.7685357928276062, 0.00971659179776907)","(0.556495726108551, 0.6966829299926758, 0.029328737407922745)","(0.5406744480133057, 0.6395620107650757, 0.051749780774116516)","(0.5358150005340576, 0.5959802865982056, 0.07817506790161133)","(0.5882280468940735, 0.5743979215621948, 0.0255888681858778)","(0.5652287602424622, 0.5317384004592896, 0.06076676771044731)","(0.5485480427742004, 0.5504361987113953, 0.09015680849552155)","(0.5404388904571533, 0.5766578912734985, 0.1094987615942955)","(0.6221550107002258, 0.5670925378799438, 0.03485783934593201)","(0.5897115468978882, 0.5243062973022461, 0.06637272238731384)","(0.5705893039703369, 0.5507345199584961, 0.08703092485666275)","(0.5655477046966553, 0.5853248834609985, 0.10066989064216614)","(0.6531426310539246, 0.5791378021240234, 0.046377167105674744)","(0.6218447685241699, 0.5385405421257019, 0.0689084529876709)","(0.600951075553894, 0.5671047568321228, 0.08020426332950592)","(0.5949630737304688, 0.5982967019081116, 0.08748214691877365)","(0.6807533502578735, 0.5971336960792542, 0.059582505375146866)","(0.6721208691596985, 0.5247963070869446, 0.07504833489656448)","(0.6565099358558655, 0.5245558619499207, 0.08338001370429993)","(0.6496070027351379, 0.5440137386322021, 0.09021546691656113)",Position
2899,"(0.6471008062362671, 0.7989372611045837, -3.66443089205859e-07)","(0.5892019867897034, 0.7694953680038452, 0.00862958375364542)","(0.5562157034873962, 0.6976661682128906, 0.02713090553879738)","(0.5403274297714233, 0.6395900845527649, 0.04856822267174721)","(0.5357495546340942, 0.5971202254295349, 0.07391956448554993)","(0.5880439877510071, 0.5756896138191223, 0.02217733860015869)","(0.5647892355918884, 0.5321186184883118, 0.055762726813554764)","(0.5480925440788269, 0.5516191720962524, 0.08441617339849472)","(0.5405875444412231, 0.5784765481948853, 0.10316699743270874)","(0.6220004558563232, 0.5673118233680725, 0.031211020424962044)","(0.5893774032592773, 0.5235378742218018, 0.060587022453546524)","(0.5707288980484009, 0.5525059700012207, 0.08033125102519989)","(0.5668134093284607, 0.5878571271896362, 0.09329011291265488)","(0.6531216502189636, 0.5790120959281921, 0.042563240975141525)","(0.6217777729034424, 0.5373241305351257, 0.06314931809902191)","(0.60136479139328, 0.5665922164916992, 0.07351507991552353)","(0.5964468717575073, 0.5986610054969788, 0.08013354241847992)","(0.6807459592819214, 0.5973429679870605, 0.05559065565466881)","(0.6720806360244751, 0.5243803262710571, 0.06960581243038177)","(0.6562445759773254, 0.5236004590988159, 0.0770968347787857)","(0.6495842337608337, 0.5429897308349609, 0.08321935683488846)",Position
2900,"(0.6466026306152344, 0.7977460026741028, -3.7673868291676627e-07)","(0.5895175933837891, 0.7696418166160583, 0.008327421732246876)","(0.5561637878417969, 0.6990982294082642, 0.025859329849481583)","(0.5401530861854553, 0.6400582194328308, 0.04603021219372749)","(0.5357054471969604, 0.5977160930633545, 0.06995680183172226)","(0.5877782702445984, 0.5755265951156616, 0.0208567064255476)","(0.5648356080055237, 0.5317071676254272, 0.052540019154548645)","(0.5481499433517456, 0.5515332221984863, 0.07969502359628677)","(0.5408209562301636, 0.5790484547615051, 0.09740690141916275)","(0.6214259266853333, 0.5661486387252808, 0.028992069885134697)","(0.589328408241272, 0.5224229097366333, 0.056465160101652145)","(0.5711672306060791, 0.5523820519447327, 0.07470685988664627)","(0.5679495334625244, 0.5883023142814636, 0.08649038523435593)","(0.6526179313659668, 0.5775795578956604, 0.03939110040664673)","(0.621634304523468, 0.5368810892105103, 0.05820031464099884)","(0.602001428604126, 0.567441999912262, 0.06709805876016617)","(0.5979956984519958, 0.6002470850944519, 0.07265257835388184)","(0.6804563999176025, 0.5962579846382141, 0.05147254094481468)","(0.6721838116645813, 0.5234837532043457, 0.06439260393381119)","(0.6566517949104309, 0.5239940881729126, 0.07119080424308777)","(0.6502735018730164, 0.5447508096694946, 0.07661642134189606)",Position
2901,"(0.6467054486274719, 0.7992633581161499, -3.727289765720343e-07)","(0.5886260271072388, 0.7687680125236511, 0.012913407757878304)","(0.5559046864509583, 0.6975592374801636, 0.035304710268974304)","(0.5404237508773804, 0.640751838684082, 0.06068715080618858)","(0.5363917946815491, 0.5982628464698792, 0.09038048982620239)","(0.5871617197990417, 0.5752547383308411, 0.029545770958065987)","(0.565056562423706, 0.5317171812057495, 0.06799694150686264)","(0.5488713979721069, 0.5503500699996948, 0.10000885277986526)","(0.5411447286605835, 0.5767779350280762, 0.1209818422794342)","(0.6212565898895264, 0.5666379928588867, 0.039327315986156464)","(0.5892087817192078, 0.5239008665084839, 0.07369786500930786)","(0.5711979866027832, 0.5530029535293579, 0.09646985679864883)","(0.5668692588806152, 0.5890442132949829, 0.111578069627285)","(0.6522572636604309, 0.5781205296516418, 0.05184352397918701)","(0.6218392848968506, 0.5376877784729004, 0.07709693908691406)","(0.6017985939979553, 0.5679764747619629, 0.09040645509958267)","(0.5969317555427551, 0.6001020073890686, 0.09891778975725174)","(0.6806778311729431, 0.5970087051391602, 0.0663883164525032)","(0.6723688244819641, 0.5246585607528687, 0.08423562347888947)","(0.6567828059196472, 0.5249639749526978, 0.09404903650283813)","(0.6500149965286255, 0.5445767641067505, 0.10196241736412048)",Position
2902,"(0.6473117470741272, 0.79866623878479, -3.71785318975526e-07)","(0.5897240042686462, 0.7702265381813049, 0.010825342498719692)","(0.5565608143806458, 0.6991699934005737, 0.030667688697576523)","(0.5400153398513794, 0.641250729560852, 0.05314149335026741)","(0.5360703468322754, 0.5978460311889648, 0.07941673696041107)","(0.58573317527771, 0.5776197910308838, 0.02561221458017826)","(0.5640633702278137, 0.5315603017807007, 0.0602552555501461)","(0.5480515360832214, 0.5516481995582581, 0.08936220407485962)","(0.5410468578338623, 0.579784631729126, 0.10857641696929932)","(0.619820237159729, 0.5683481097221375, 0.03436488285660744)","(0.588695764541626, 0.5228862762451172, 0.06474385410547256)","(0.5708699822425842, 0.5525844097137451, 0.08460766822099686)","(0.5675145387649536, 0.5896156430244446, 0.09780380129814148)","(0.6516996026039124, 0.5789944529533386, 0.04562711715698242)","(0.620739758014679, 0.5388064980506897, 0.06722287088632584)","(0.6020553708076477, 0.5704209208488464, 0.07738547027111053)","(0.5986046195030212, 0.6032580733299255, 0.08397267758846283)","(0.6801866888999939, 0.5966301560401917, 0.058862362056970596)","(0.6701722145080566, 0.5232616662979126, 0.07439675182104111)","(0.654220461845398, 0.5237405300140381, 0.0825909897685051)","(0.6481528282165527, 0.5436862111091614, 0.08913199603557587)",Position
2903,"(0.6457169651985168, 0.8013349771499634, -3.442135039222194e-07)","(0.5867217779159546, 0.7703145742416382, 0.01650339551270008)","(0.5553645491600037, 0.6974687576293945, 0.0416925810277462)","(0.5405579805374146, 0.640978991985321, 0.06942863017320633)","(0.5356974601745605, 0.5981782078742981, 0.1015373095870018)","(0.5842728018760681, 0.5796480774879456, 0.037484310567379)","(0.5626786351203918, 0.534695029258728, 0.07974006235599518)","(0.5474973320960999, 0.5545312166213989, 0.11431232839822769)","(0.5411860942840576, 0.5815573930740356, 0.1373182237148285)","(0.6187794208526611, 0.5704388618469238, 0.04745009168982506)","(0.587895393371582, 0.5229005813598633, 0.08522987365722656)","(0.5712019801139832, 0.5507197976112366, 0.11072640866041183)","(0.5676931738853455, 0.585594654083252, 0.12858302891254425)","(0.6501211524009705, 0.580579936504364, 0.06033061817288399)","(0.6207935214042664, 0.5379425883293152, 0.08856309205293655)","(0.6018425226211548, 0.5685391426086426, 0.10512537509202957)","(0.5982184410095215, 0.5989326238632202, 0.11669483035802841)","(0.6793315410614014, 0.5989121794700623, 0.07553074508905411)","(0.6690824627876282, 0.5248093605041504, 0.09678451716899872)","(0.6534836888313293, 0.5277682542800903, 0.10997335612773895)","(0.6481446623802185, 0.5480870604515076, 0.12085571885108948)",Position
2904,"(0.6453518867492676, 0.801333487033844, -3.516934157232754e-07)","(0.5857821106910706, 0.7696440815925598, 0.020704129710793495)","(0.5548790693283081, 0.6977959275245667, 0.04793402552604675)","(0.5401579141616821, 0.6432080864906311, 0.07684140652418137)","(0.5355912446975708, 0.6005638241767883, 0.1100531592965126)","(0.5826224684715271, 0.5817983150482178, 0.04341607540845871)","(0.5623748302459717, 0.5361563563346863, 0.08549819886684418)","(0.5473507046699524, 0.5544505715370178, 0.11918222904205322)","(0.5409852862358093, 0.5805378556251526, 0.1419506072998047)","(0.6163668036460876, 0.573512613773346, 0.052098095417022705)","(0.586990475654602, 0.5253642797470093, 0.09120999276638031)","(0.5706856846809387, 0.5510778427124023, 0.1174870952963829)","(0.5666932463645935, 0.5842663645744324, 0.1359943449497223)","(0.6475417613983154, 0.5824010372161865, 0.06362792104482651)","(0.6187416911125183, 0.5384467840194702, 0.09371215105056763)","(0.6001558899879456, 0.5674494504928589, 0.11140599846839905)","(0.5962842106819153, 0.596119225025177, 0.12365589290857315)","(0.6766327023506165, 0.598725438117981, 0.07766220718622208)","(0.666121244430542, 0.5261006355285645, 0.10094571858644485)","(0.6501242518424988, 0.5308775901794434, 0.11539101600646973)","(0.6439645886421204, 0.5523418188095093, 0.1271572858095169)",Position
2905,"(0.6443111300468445, 0.8023077249526978, -3.528247987105715e-07)","(0.5847629308700562, 0.7741518020629883, 0.020170697942376137)","(0.5536840558052063, 0.7030647993087769, 0.04577825218439102)","(0.5394291281700134, 0.6450335383415222, 0.072940893471241)","(0.533169150352478, 0.6017578840255737, 0.10428989678621292)","(0.5786990523338318, 0.5871481895446777, 0.03989313170313835)","(0.5600423812866211, 0.5384228229522705, 0.07973872870206833)","(0.5453445315361023, 0.5564525127410889, 0.11312225461006165)","(0.5393198132514954, 0.5845789313316345, 0.13605450093746185)","(0.6132001876831055, 0.5755851864814758, 0.04766591638326645)","(0.5848866701126099, 0.5226022601127625, 0.08377834409475327)","(0.5699583292007446, 0.5527527928352356, 0.10984530299901962)","(0.567498505115509, 0.5886480808258057, 0.1287558525800705)","(0.6450972557067871, 0.5832722187042236, 0.05836605280637741)","(0.6170870661735535, 0.5381247997283936, 0.08584596961736679)","(0.6002455949783325, 0.5713417530059814, 0.10346826165914536)","(0.5984315276145935, 0.6027705669403076, 0.11606792360544205)","(0.6747608780860901, 0.5993227362632751, 0.07165265828371048)","(0.6626924276351929, 0.5252983570098877, 0.09392353147268295)","(0.6478613018989563, 0.5313862562179565, 0.10861425846815109)","(0.6438820958137512, 0.5534936785697937, 0.12055088579654694)",Position
2906,"(0.6415671706199646, 0.8033268451690674, -3.7251390949677443e-07)","(0.5830170512199402, 0.7765475511550903, 0.020185505971312523)","(0.5511987209320068, 0.7065624594688416, 0.04300815239548683)","(0.5354275703430176, 0.6457503437995911, 0.06673470884561539)","(0.5308915972709656, 0.5995173454284668, 0.09464436769485474)","(0.5763105154037476, 0.5899053812026978, 0.03365306556224823)","(0.557101845741272, 0.5370392203330994, 0.0694553405046463)","(0.5427571535110474, 0.5568034052848816, 0.10137687623500824)","(0.5385667085647583, 0.5855189561843872, 0.12328008562326431)","(0.6106701493263245, 0.5748283863067627, 0.03869558498263359)","(0.5815598964691162, 0.5174443125724792, 0.06906905025243759)","(0.5667701363563538, 0.5487566590309143, 0.09398136287927628)","(0.5655364990234375, 0.5858150720596313, 0.11247147619724274)","(0.6427530646324158, 0.5809167623519897, 0.046855103224515915)","(0.6145399212837219, 0.5325818657875061, 0.07008273154497147)","(0.5982373952865601, 0.5656394958496094, 0.0879901871085167)","(0.5977080464363098, 0.5979055762290955, 0.10099918395280838)","(0.6729461550712585, 0.5975123047828674, 0.05753302574157715)","(0.6607471704483032, 0.5228255391120911, 0.0783703401684761)","(0.6459535360336304, 0.5333406329154968, 0.09390901029109955)","(0.64373379945755, 0.5614426136016846, 0.1062120869755745)",Position
2907,"(0.6406571865081787, 0.8064475655555725, -4.029524234283599e-07)","(0.5833913087844849, 0.782950758934021, 0.015764053910970688)","(0.5489954948425293, 0.7126708030700684, 0.033465657383203506)","(0.5337398052215576, 0.646273136138916, 0.0513557605445385)","(0.5318746566772461, 0.6007853746414185, 0.07265324145555496)","(0.5746588706970215, 0.5969183444976807, 0.023708734661340714)","(0.5566450357437134, 0.5352323651313782, 0.04982639476656914)","(0.5423212051391602, 0.5517603158950806, 0.07442103326320648)","(0.5381755828857422, 0.5824131369590759, 0.09155306965112686)","(0.6088939309120178, 0.5795689225196838, 0.02590205706655979)","(0.5798206329345703, 0.5184916257858276, 0.04828938469290733)","(0.565245509147644, 0.5478248596191406, 0.06735463440418243)","(0.5656741857528687, 0.583972692489624, 0.08105804026126862)","(0.6417462229728699, 0.5820161700248718, 0.03042498603463173)","(0.6122609376907349, 0.5323666930198669, 0.04688195884227753)","(0.5981768369674683, 0.5640367269515991, 0.05886690318584442)","(0.5994469523429871, 0.5961119532585144, 0.06705029308795929)","(0.6716516613960266, 0.5956131219863892, 0.03696182370185852)","(0.6592113375663757, 0.5224728584289551, 0.0525752529501915)","(0.6447847485542297, 0.5350372195243835, 0.0642649233341217)","(0.6428028345108032, 0.565820574760437, 0.07286573946475983)",Position
2908,"(0.6396639943122864, 0.8107336759567261, -3.999984414804203e-07)","(0.5821300148963928, 0.7860921621322632, 0.016510678455233574)","(0.5480713844299316, 0.7160464525222778, 0.03331797942519188)","(0.5326986312866211, 0.6507132649421692, 0.04987639933824539)","(0.5313384532928467, 0.6024162769317627, 0.06972043216228485)","(0.5704137086868286, 0.6004143357276917, 0.02373916283249855)","(0.5531689524650574, 0.5388912558555603, 0.04883280396461487)","(0.5405733585357666, 0.5577380657196045, 0.07246449589729309)","(0.5377252697944641, 0.5876293182373047, 0.08904397487640381)","(0.6052497625350952, 0.5833074450492859, 0.024731125682592392)","(0.5787675380706787, 0.520444393157959, 0.046722956001758575)","(0.566099226474762, 0.5512252449989319, 0.06539952754974365)","(0.5677816271781921, 0.5867016315460205, 0.07880663871765137)","(0.6391063928604126, 0.5857906937599182, 0.028107894584536552)","(0.6118225455284119, 0.5337874293327332, 0.04445992410182953)","(0.5988157391548157, 0.5662846565246582, 0.056914377957582474)","(0.6003429889678955, 0.5981441140174866, 0.06538795679807663)","(0.6698287129402161, 0.5993169546127319, 0.033552151173353195)","(0.6572386622428894, 0.5237969756126404, 0.04961075633764267)","(0.642848551273346, 0.5360360741615295, 0.06230786442756653)","(0.6404832601547241, 0.566176176071167, 0.07165316492319107)",Position
2909,"(0.6378825306892395, 0.8138756155967712, -4.093072050181945e-07)","(0.5803588032722473, 0.7882434129714966, 0.02042923867702484)","(0.5472261309623718, 0.7189006209373474, 0.03884345665574074)","(0.5322368144989014, 0.6542121767997742, 0.056487731635570526)","(0.5290235877037048, 0.6071047186851501, 0.07728882133960724)","(0.5688573122024536, 0.605048418045044, 0.026050284504890442)","(0.5520662665367126, 0.5414277911186218, 0.05189214646816254)","(0.5398873686790466, 0.557869553565979, 0.07605493813753128)","(0.5366997122764587, 0.5882384777069092, 0.09300415962934494)","(0.6038058996200562, 0.5862700343132019, 0.025724422186613083)","(0.5768886208534241, 0.5226806998252869, 0.04845494404435158)","(0.5646681785583496, 0.5525107979774475, 0.06751502305269241)","(0.5657093524932861, 0.5891644954681396, 0.08087515830993652)","(0.637222409248352, 0.5875065326690674, 0.02822190895676613)","(0.6114782691001892, 0.5353865623474121, 0.04639198258519173)","(0.5992376208305359, 0.5678306818008423, 0.05993574857711792)","(0.6010144948959351, 0.6004963517189026, 0.0684918537735939)","(0.6678820252418518, 0.6003207564353943, 0.033064842224121094)","(0.6553059816360474, 0.5261875987052917, 0.05145076662302017)","(0.6414142847061157, 0.5421684384346008, 0.06560490280389786)","(0.6394872665405273, 0.5753763914108276, 0.0754920020699501)",Position
2910,"(0.6373844742774963, 0.8166830539703369, -4.0358168007514905e-07)","(0.579703152179718, 0.7900145053863525, 0.01932845637202263)","(0.5472045540809631, 0.7205137610435486, 0.03665700554847717)","(0.5323714017868042, 0.6549072861671448, 0.05324530974030495)","(0.5303841829299927, 0.6078288555145264, 0.07262764126062393)","(0.5675303339958191, 0.607434868812561, 0.025273969396948814)","(0.5517412424087524, 0.543036162853241, 0.051645632833242416)","(0.5412760376930237, 0.5599412322044373, 0.07534845173358917)","(0.5397131443023682, 0.5879087448120117, 0.09140241146087646)","(0.6024056673049927, 0.5891963243484497, 0.025001592934131622)","(0.5785702466964722, 0.5268753170967102, 0.04894152283668518)","(0.567444920539856, 0.5583336353302002, 0.066675566136837)","(0.5693308115005493, 0.5936263799667358, 0.07817884534597397)","(0.636185348033905, 0.5909225940704346, 0.027702467516064644)","(0.6112115383148193, 0.540191650390625, 0.04668433964252472)","(0.6001707315444946, 0.5747789144515991, 0.058517564088106155)","(0.6027116775512695, 0.6070094704627991, 0.06499980390071869)","(0.6671880483627319, 0.6038961410522461, 0.03271899372339249)","(0.6548221707344055, 0.5286857485771179, 0.05160490795969963)","(0.6420722603797913, 0.5454695224761963, 0.0653715580701828)","(0.6410344243049622, 0.5780359506607056, 0.07431044429540634)",Position
2911,"(0.6358605027198792, 0.8176780343055725, -4.0298519365933316e-07)","(0.5780469179153442, 0.7910268306732178, 0.019006554037332535)","(0.5455313324928284, 0.7225875854492188, 0.035928528755903244)","(0.5304400324821472, 0.6553624868392944, 0.05252524092793465)","(0.5293922424316406, 0.605542004108429, 0.07249633967876434)","(0.5664726495742798, 0.608437180519104, 0.022846410050988197)","(0.5497332811355591, 0.5425509214401245, 0.04928317666053772)","(0.5389783382415771, 0.5615654587745667, 0.07477632910013199)","(0.5377396941184998, 0.592505693435669, 0.09234997630119324)","(0.602595329284668, 0.5898565053939819, 0.022929199039936066)","(0.5759121775627136, 0.5260636210441589, 0.046185452491045)","(0.5644524097442627, 0.557945191860199, 0.06603401154279709)","(0.5664703249931335, 0.593954861164093, 0.07950928807258606)","(0.6360687613487244, 0.5913199782371521, 0.026018809527158737)","(0.6096624732017517, 0.5400093793869019, 0.04426582530140877)","(0.5977127552032471, 0.573494017124176, 0.058375027030706406)","(0.5996505618095398, 0.6067086458206177, 0.06695130467414856)","(0.6663674116134644, 0.6035127639770508, 0.031393758952617645)","(0.6527107357978821, 0.5288476943969727, 0.048633869737386703)","(0.6393135190010071, 0.5426815748214722, 0.062279634177684784)","(0.6376504302024841, 0.5734664797782898, 0.0718044564127922)",Position
2912,"(0.6332316398620605, 0.8203521966934204, -4.0995891481543367e-07)","(0.575392484664917, 0.7912805080413818, 0.025829527527093887)","(0.5444992184638977, 0.7217221260070801, 0.04851921647787094)","(0.5283472537994385, 0.657998263835907, 0.07042694091796875)","(0.5283352136611938, 0.6079201102256775, 0.09595581144094467)","(0.5627930164337158, 0.6095279455184937, 0.03644547984004021)","(0.5489711165428162, 0.5451002717018127, 0.06970780342817307)","(0.539784848690033, 0.5658450722694397, 0.09877506643533707)","(0.539146363735199, 0.5946570038795471, 0.11849532276391983)","(0.5984213352203369, 0.5920577049255371, 0.03700386732816696)","(0.5745646953582764, 0.5252517461776733, 0.06627929955720901)","(0.5639695525169373, 0.5555847883224487, 0.0890934020280838)","(0.5652016401290894, 0.5919378995895386, 0.10495655238628387)","(0.6318180561065674, 0.594166100025177, 0.040977947413921356)","(0.6066083312034607, 0.5407325625419617, 0.06531933695077896)","(0.5947074890136719, 0.574259340763092, 0.08208782970905304)","(0.5960975885391235, 0.6055705547332764, 0.09246490895748138)","(0.6631307005882263, 0.6067379713058472, 0.047785233706235886)","(0.6504409313201904, 0.5296012759208679, 0.07059487700462341)","(0.6362297534942627, 0.5421452522277832, 0.08656027168035507)","(0.6334508061408997, 0.5708945989608765, 0.09765805304050446)",Position
2913,"(0.6333619952201843, 0.821744978427887, -4.2197359562123893e-07)","(0.5734587907791138, 0.7899103164672852, 0.030319876968860626)","(0.5434771776199341, 0.7195132374763489, 0.055679984390735626)","(0.5287385582923889, 0.656616747379303, 0.08016341179609299)","(0.5278481841087341, 0.6071702837944031, 0.10802852362394333)","(0.5611835718154907, 0.6087766289710999, 0.04185188189148903)","(0.5468044281005859, 0.5474005341529846, 0.0801340788602829)","(0.5385643243789673, 0.5687041282653809, 0.11069294065237045)","(0.537983238697052, 0.5943321585655212, 0.130448117852211)","(0.5964089632034302, 0.5916639566421509, 0.04246196895837784)","(0.5727065801620483, 0.5282377600669861, 0.07852911949157715)","(0.5635926723480225, 0.5593073964118958, 0.10259441286325455)","(0.5645385384559631, 0.5931574702262878, 0.11754215508699417)","(0.6293570399284363, 0.5937501788139343, 0.04727150499820709)","(0.6049089431762695, 0.5414584875106812, 0.07846786826848984)","(0.5938684344291687, 0.5760091543197632, 0.09629131853580475)","(0.5952569842338562, 0.6067584156990051, 0.10527333617210388)","(0.6609522104263306, 0.6056100130081177, 0.05526386946439743)","(0.6473096609115601, 0.5314640402793884, 0.08361431211233139)","(0.6348400115966797, 0.5474929809570312, 0.10149254649877548)","(0.6334500312805176, 0.5771552324295044, 0.11265750974416733)",Position
2914,"(0.6318464875221252, 0.823013961315155, -4.279820018382452e-07)","(0.5718954205513, 0.7874791622161865, 0.03615812584757805)","(0.5421715974807739, 0.7179698944091797, 0.06450857222080231)","(0.5281251072883606, 0.6590439677238464, 0.0919816717505455)","(0.5297301411628723, 0.6109501719474792, 0.12317676097154617)","(0.5573698878288269, 0.6099926233291626, 0.04162977263331413)","(0.5431801676750183, 0.5504970550537109, 0.08382367342710495)","(0.5372870564460754, 0.5691580176353455, 0.11986592411994934)","(0.5369919538497925, 0.5910715460777283, 0.1436191201210022)","(0.5932006239891052, 0.5925676822662354, 0.04154172167181969)","(0.5696225762367249, 0.5294356942176819, 0.08069941401481628)","(0.5621569156646729, 0.5594288110733032, 0.11079289764165878)","(0.5629132390022278, 0.5934248566627502, 0.13086345791816711)","(0.6267879009246826, 0.5925167202949524, 0.04673716425895691)","(0.6024067997932434, 0.5378840565681458, 0.08176480978727341)","(0.5918974280357361, 0.5722259283065796, 0.10588186234235764)","(0.5921998620033264, 0.6029701232910156, 0.11971933394670486)","(0.6587916612625122, 0.6031763553619385, 0.05558397248387337)","(0.6453540921211243, 0.5294107794761658, 0.08636931329965591)","(0.6317667365074158, 0.5451246500015259, 0.10748805850744247)","(0.62851482629776, 0.5759897828102112, 0.12202281504869461)",Position
2915,"(0.6297064423561096, 0.8211778402328491, -4.2969060132236336e-07)","(0.5696764588356018, 0.7858613729476929, 0.036581676453351974)","(0.5407723188400269, 0.7153207063674927, 0.06710746139287949)","(0.5263240933418274, 0.6575750112533569, 0.09680276364088058)","(0.529428243637085, 0.6094254851341248, 0.1303510069847107)","(0.5548350214958191, 0.6049627661705017, 0.04900132492184639)","(0.5426595211029053, 0.5474964380264282, 0.09282892942428589)","(0.5379783511161804, 0.5696383118629456, 0.1277780383825302)","(0.5393482446670532, 0.5918949842453003, 0.1504216194152832)","(0.5911287665367126, 0.5895571112632751, 0.05004759505391121)","(0.5694799423217773, 0.528793454170227, 0.09224749356508255)","(0.5634245276451111, 0.5607231855392456, 0.12164043635129929)","(0.5651555061340332, 0.5933858752250671, 0.14052732288837433)","(0.6246888041496277, 0.5916969776153564, 0.05600198730826378)","(0.6015198230743408, 0.5390836000442505, 0.09285544604063034)","(0.590938925743103, 0.5732740163803101, 0.11645860224962234)","(0.5913703441619873, 0.6027052402496338, 0.12963882088661194)","(0.6572256684303284, 0.6039140820503235, 0.06556059420108795)","(0.6438064575195312, 0.5283588767051697, 0.09712633490562439)","(0.629892110824585, 0.5410077571868896, 0.11799415946006775)","(0.6257854104042053, 0.5679876208305359, 0.13217821717262268)",Position
2916,"(0.6289305090904236, 0.8194004893302917, -4.618115099219722e-07)","(0.5646762847900391, 0.7763598561286926, 0.04044463112950325)","(0.5352386832237244, 0.7080860733985901, 0.0737479105591774)","(0.5218904614448547, 0.6561039090156555, 0.10900997370481491)","(0.5257759094238281, 0.6083711981773376, 0.1492433249950409)","(0.5469906330108643, 0.6025971174240112, 0.035433366894721985)","(0.535101592540741, 0.5504183769226074, 0.08624345064163208)","(0.536307156085968, 0.5773189067840576, 0.12866772711277008)","(0.539526641368866, 0.5949543714523315, 0.15556979179382324)","(0.5861314535140991, 0.5904932022094727, 0.038791388273239136)","(0.5652669072151184, 0.527709424495697, 0.0892299935221672)","(0.5627737045288086, 0.5573375821113586, 0.12616495788097382)","(0.564221978187561, 0.5867719650268555, 0.14845727384090424)","(0.6222979426383972, 0.5910766124725342, 0.049546048045158386)","(0.6006349921226501, 0.5330199599266052, 0.09729447215795517)","(0.5927847623825073, 0.5704092383384705, 0.12735508382320404)","(0.5931451916694641, 0.6007808446884155, 0.1421307474374771)","(0.6581695675849915, 0.6004065871238708, 0.06437186151742935)","(0.6448994278907776, 0.5323401093482971, 0.1060524731874466)","(0.6318479776382446, 0.5518235564231873, 0.132185161113739)","(0.6279438734054565, 0.5851324200630188, 0.148423433303833)",Position
2917,"(0.6272123456001282, 0.819464385509491, -2.0984168713766849e-07)","(0.616114616394043, 0.732519268989563, 0.040317270904779434)","(0.6038129925727844, 0.6414234042167664, 0.07518749684095383)","(0.5963426232337952, 0.5886175632476807, 0.11093013733625412)","(0.5961551070213318, 0.5643641948699951, 0.1497209370136261)","(0.5641167759895325, 0.5727537274360657, 0.04828285053372383)","(0.5491730570793152, 0.5348788499832153, 0.10399630665779114)","(0.5532917380332947, 0.5672205090522766, 0.14187031984329224)","(0.5606042146682739, 0.5864467620849609, 0.1641416847705841)","(0.571142852306366, 0.6001862287521362, 0.05272293835878372)","(0.5573129653930664, 0.5474750995635986, 0.11110955476760864)","(0.5630127787590027, 0.5635379552841187, 0.13963152468204498)","(0.5706409811973572, 0.5846095681190491, 0.15227727591991425)","(0.5827332735061646, 0.6344872117042542, 0.06449272483587265)","(0.5750888586044312, 0.5787390470504761, 0.11933228373527527)","(0.5787169337272644, 0.5979822278022766, 0.13928033411502838)","(0.5860316753387451, 0.6225754618644714, 0.14388734102249146)","(0.6002700328826904, 0.667711079120636, 0.08016440272331238)","(0.5943542718887329, 0.6047590970993042, 0.12982290983200073)","(0.5926563143730164, 0.6156595945358276, 0.1535530537366867)","(0.5948761105537415, 0.636239767074585, 0.16473637521266937)",Position
2918,"(0.6266316175460815, 0.8164301514625549, -3.6107766732129676e-07)","(0.5622482895851135, 0.7815809845924377, 0.027801094576716423)","(0.5297181606292725, 0.71076899766922, 0.0551217719912529)","(0.5179470777511597, 0.6490061283111572, 0.08394668251276016)","(0.5208810567855835, 0.6010019779205322, 0.11667007207870483)","(0.553199052810669, 0.5987988114356995, 0.04209664463996887)","(0.5397147536277771, 0.5503768920898438, 0.09026975184679031)","(0.5410066843032837, 0.5788485407829285, 0.12373155355453491)","(0.5439159274101257, 0.5997064113616943, 0.14365778863430023)","(0.5924398303031921, 0.5863792300224304, 0.048375993967056274)","(0.5704650282859802, 0.5298038721084595, 0.0954778790473938)","(0.5652660727500916, 0.556875467300415, 0.11826861649751663)","(0.566669225692749, 0.590304434299469, 0.12944670021533966)","(0.6268492341041565, 0.5906648635864258, 0.06015106290578842)","(0.6043655872344971, 0.5436084270477295, 0.1032814010977745)","(0.5938986539840698, 0.5737578272819519, 0.11810450255870819)","(0.5943364500999451, 0.6055047512054443, 0.12187626957893372)","(0.6607196927070618, 0.601715087890625, 0.07509738206863403)","(0.6446232199668884, 0.5446581840515137, 0.11552765220403671)","(0.6309886574745178, 0.5664620995521545, 0.13519376516342163)","(0.6278772354125977, 0.6019331812858582, 0.14516256749629974)",Position
2919,"(0.6260384321212769, 0.8156814575195312, -4.2287456381018274e-07)","(0.5652053356170654, 0.7763165831565857, 0.04606632888317108)","(0.5387721657752991, 0.7093762755393982, 0.07900756597518921)","(0.5242687463760376, 0.6548360586166382, 0.11049748212099075)","(0.5283229947090149, 0.6055942177772522, 0.1464574933052063)","(0.5501561760902405, 0.5988642573356628, 0.05183238536119461)","(0.541182816028595, 0.5463678240776062, 0.10253342241048813)","(0.5405250787734985, 0.5693726539611816, 0.14424322545528412)","(0.5438042879104614, 0.5885317921638489, 0.1710071712732315)","(0.5861158967018127, 0.584123969078064, 0.05144422501325607)","(0.5691618323326111, 0.5246214866638184, 0.1011979952454567)","(0.5668438673019409, 0.5545588135719299, 0.13886567950248718)","(0.567511796951294, 0.5847497582435608, 0.1629931479692459)","(0.6199221014976501, 0.5869694352149963, 0.05761341005563736)","(0.6025739312171936, 0.5379873514175415, 0.10392751544713974)","(0.5950492024421692, 0.5740075707435608, 0.1366683691740036)","(0.5952187776565552, 0.6045712232589722, 0.15454058349132538)","(0.6530286073684692, 0.5992827415466309, 0.06787601858377457)","(0.6412544250488281, 0.5323877334594727, 0.10703542828559875)","(0.6287983655929565, 0.5477514863014221, 0.13358454406261444)","(0.6250761151313782, 0.5728146433830261, 0.15121112763881683)",Position
2920,"(0.6240718960762024, 0.8162599802017212, -4.255625754012726e-07)","(0.5634934902191162, 0.7765447497367859, 0.03875340148806572)","(0.5351117849349976, 0.7067008018493652, 0.07037508487701416)","(0.5216414332389832, 0.6495351195335388, 0.10150468349456787)","(0.5273164510726929, 0.5996994376182556, 0.13720889389514923)","(0.5520838499069214, 0.5930023789405823, 0.04960670694708824)","(0.5416125059127808, 0.5443242788314819, 0.09856487810611725)","(0.538203775882721, 0.5738534927368164, 0.13761259615421295)","(0.5407087802886963, 0.598929762840271, 0.1623450517654419)","(0.5885510444641113, 0.5805259943008423, 0.05125787481665611)","(0.568925678730011, 0.5223655700683594, 0.09741131216287613)","(0.5634170770645142, 0.5555086135864258, 0.1300518959760666)","(0.5653109550476074, 0.5911693572998047, 0.1509407013654709)","(0.6224561333656311, 0.5870219469070435, 0.058636367321014404)","(0.6022109389305115, 0.5382018685340881, 0.09927545487880707)","(0.5921944379806519, 0.5741149187088013, 0.12613210082054138)","(0.5926246643066406, 0.6067491769790649, 0.14116737246513367)","(0.6561695337295532, 0.6034337282180786, 0.06978148967027664)","(0.6434223055839539, 0.5311989784240723, 0.1041918620467186)","(0.6284388899803162, 0.5448451042175293, 0.12706929445266724)","(0.6227331757545471, 0.572350800037384, 0.1425158679485321)",Position
2921,"(0.6242092847824097, 0.813402533531189, -4.303947207517922e-07)","(0.5630823969841003, 0.7723633050918579, 0.04482682794332504)","(0.5363706946372986, 0.7062029838562012, 0.07964741438627243)","(0.5219641327857971, 0.6540727615356445, 0.11373704671859741)","(0.5257141590118408, 0.6063330173492432, 0.1522548943758011)","(0.552893340587616, 0.5925326943397522, 0.053889840841293335)","(0.5413734912872314, 0.5451868176460266, 0.10414133965969086)","(0.5343697667121887, 0.5632873177528381, 0.14504428207874298)","(0.5331998467445374, 0.5824642777442932, 0.17190195620059967)","(0.5889552235603333, 0.5819942951202393, 0.05581710860133171)","(0.5675846934318542, 0.5247916579246521, 0.10583537817001343)","(0.5592820048332214, 0.5497891902923584, 0.14419128000736237)","(0.5562700629234314, 0.5794934034347534, 0.16962511837482452)","(0.6223520636558533, 0.5878307819366455, 0.06374125182628632)","(0.6008427739143372, 0.5408952236175537, 0.10934536904096603)","(0.5881706476211548, 0.5729653835296631, 0.14226403832435608)","(0.5850121378898621, 0.6027081608772278, 0.16157613694667816)","(0.6544815301895142, 0.6019685864448547, 0.07565350830554962)","(0.6409634947776794, 0.5365545749664307, 0.11259598284959793)","(0.6255195736885071, 0.546396017074585, 0.13778769969940186)","(0.6190259456634521, 0.5673770308494568, 0.15562017261981964)",Position
2922,"(0.6222296357154846, 0.8139522671699524, -4.251633072271943e-07)","(0.5625009536743164, 0.7740740776062012, 0.0441744290292263)","(0.5359699726104736, 0.7105129361152649, 0.07841506600379944)","(0.5219762921333313, 0.6574226021766663, 0.111256442964077)","(0.5243741273880005, 0.6092475652694702, 0.14894457161426544)","(0.5527517795562744, 0.5938826203346252, 0.05637718737125397)","(0.5412503480911255, 0.5450215935707092, 0.10515724867582321)","(0.5342006087303162, 0.5646665692329407, 0.14583438634872437)","(0.5334533452987671, 0.5869931578636169, 0.17279556393623352)","(0.5890107154846191, 0.5806102752685547, 0.05702616274356842)","(0.568403959274292, 0.5215925574302673, 0.10268352180719376)","(0.5604864358901978, 0.5499591827392578, 0.13943102955818176)","(0.5590821504592896, 0.5839551091194153, 0.1649579554796219)","(0.622545063495636, 0.5865275859832764, 0.06325604021549225)","(0.6033434867858887, 0.535742461681366, 0.10421861708164215)","(0.5910240411758423, 0.5685692429542542, 0.1366640329360962)","(0.5893183946609497, 0.5991694331169128, 0.1570354402065277)","(0.6549135446548462, 0.6033896803855896, 0.0734691321849823)","(0.643959105014801, 0.5328402519226074, 0.10793489217758179)","(0.6286264657974243, 0.5445199012756348, 0.13323158025741577)","(0.6230499744415283, 0.5687656402587891, 0.15182536840438843)",Position
2923,"(0.6223170161247253, 0.8110417127609253, -4.501975752191356e-07)","(0.5613207221031189, 0.7715452909469604, 0.044249195605516434)","(0.5356957316398621, 0.7076764106750488, 0.07921375334262848)","(0.5210508108139038, 0.6552634835243225, 0.11315713077783585)","(0.5236257314682007, 0.6066768169403076, 0.15144020318984985)","(0.5520627498626709, 0.5902336239814758, 0.05848482623696327)","(0.5411741137504578, 0.5452476739883423, 0.10940710455179214)","(0.5351967811584473, 0.5663491487503052, 0.14900276064872742)","(0.5350897312164307, 0.5871155261993408, 0.1744878590106964)","(0.5888310074806213, 0.5782278776168823, 0.05994097515940666)","(0.5689090490341187, 0.5272315740585327, 0.11031722277402878)","(0.5616168975830078, 0.5565558671951294, 0.14497388899326324)","(0.5603759288787842, 0.5903558135032654, 0.16702184081077576)","(0.622540295124054, 0.5854041576385498, 0.06720677018165588)","(0.60208660364151, 0.5444084405899048, 0.11172110587358475)","(0.5908339023590088, 0.579921305179596, 0.14096438884735107)","(0.5899074673652649, 0.6105709075927734, 0.15737409889698029)","(0.6550105810165405, 0.60164874792099, 0.07855817675590515)","(0.6439939737319946, 0.5346988439559937, 0.1143748089671135)","(0.6293579339981079, 0.5411441326141357, 0.13802263140678406)","(0.6228612661361694, 0.5576883554458618, 0.15432359278202057)",Position
2924,"(0.6230963468551636, 0.8095861673355103, -4.231368393448065e-07)","(0.5636054277420044, 0.7799794673919678, 0.03275369852781296)","(0.5353192687034607, 0.7162178158760071, 0.058458149433135986)","(0.5214051008224487, 0.6535255312919617, 0.08252829313278198)","(0.5218856930732727, 0.6065524816513062, 0.1105002760887146)","(0.5524059534072876, 0.5965691804885864, 0.04511992260813713)","(0.5406847596168518, 0.5412136316299438, 0.08266235888004303)","(0.535662829875946, 0.5639243721961975, 0.113324373960495)","(0.5365762114524841, 0.5898926258087158, 0.13300198316574097)","(0.5894502401351929, 0.57889723777771, 0.04342909902334213)","(0.5695219039916992, 0.5200906991958618, 0.07614646106958389)","(0.5627132654190063, 0.5512242317199707, 0.09951397031545639)","(0.564459502696991, 0.5855202674865723, 0.11478868126869202)","(0.6231894493103027, 0.5832839608192444, 0.046005211770534515)","(0.6041412353515625, 0.5345433354377747, 0.07366905361413956)","(0.5939780473709106, 0.5687493681907654, 0.09260950237512589)","(0.5965651273727417, 0.6002954244613647, 0.10358049720525742)","(0.6555485725402832, 0.6005551218986511, 0.05194169655442238)","(0.6432356238365173, 0.5298808813095093, 0.07789520174264908)","(0.6301925182342529, 0.5460216403007507, 0.09644851833581924)","(0.6290687918663025, 0.5770726799964905, 0.10899244248867035)",Position
2925,"(0.6227293014526367, 0.8094826936721802, -4.4004752908222144e-07)","(0.5634398460388184, 0.7740360498428345, 0.03376147523522377)","(0.5345006585121155, 0.71004319190979, 0.061024319380521774)","(0.5208709239959717, 0.6496537923812866, 0.08710029721260071)","(0.5233888626098633, 0.6032167673110962, 0.11698717623949051)","(0.554149329662323, 0.5909856557846069, 0.04512381553649902)","(0.5405718088150024, 0.5424559116363525, 0.0853235125541687)","(0.5326835513114929, 0.5627074837684631, 0.11762212216854095)","(0.5316601395606995, 0.5868791341781616, 0.1380385309457779)","(0.5912177562713623, 0.57692551612854, 0.04446805641055107)","(0.5682870745658875, 0.5204735994338989, 0.07918725162744522)","(0.5592700242996216, 0.5513147115707397, 0.10343055427074432)","(0.5597145557403564, 0.5865856409072876, 0.11897775530815125)","(0.6250028014183044, 0.5837437510490417, 0.04850955680012703)","(0.603314220905304, 0.5366439819335938, 0.07780012488365173)","(0.5914424061775208, 0.5716192722320557, 0.09672114253044128)","(0.5924431085586548, 0.6036267876625061, 0.10737696290016174)","(0.6574521660804749, 0.6020466089248657, 0.05612815171480179)","(0.6449984908103943, 0.5302239060401917, 0.0829138308763504)","(0.6311773657798767, 0.5448443293571472, 0.10110069066286087)","(0.6288538575172424, 0.5738163590431213, 0.11313558369874954)",Position
2926,"(0.6249794960021973, 0.809492826461792, -4.1466037714599224e-07)","(0.5656443238258362, 0.7776582837104797, 0.028536124154925346)","(0.5348010063171387, 0.7123859524726868, 0.051953211426734924)","(0.5217714905738831, 0.6486815810203552, 0.07419504225254059)","(0.5204265117645264, 0.6027724146842957, 0.10010417550802231)","(0.5570611953735352, 0.5923734903335571, 0.037362053990364075)","(0.5416293740272522, 0.5387980341911316, 0.07146982103586197)","(0.5319721698760986, 0.556012749671936, 0.10094697028398514)","(0.5298972129821777, 0.5819759964942932, 0.12044824659824371)","(0.5938397645950317, 0.5763882994651794, 0.03638937696814537)","(0.568671464920044, 0.5186508297920227, 0.06501954793930054)","(0.5572428107261658, 0.5456862449645996, 0.08803853392601013)","(0.5570303797721863, 0.5809338688850403, 0.10400772839784622)","(0.6275436878204346, 0.5821194052696228, 0.039209797978401184)","(0.6040365695953369, 0.5329053401947021, 0.06340233236551285)","(0.5909711718559265, 0.5640051364898682, 0.08141918480396271)","(0.5914317965507507, 0.5949664115905762, 0.09260325878858566)","(0.6587494611740112, 0.6005442142486572, 0.04502535238862038)","(0.6462194323539734, 0.5310633182525635, 0.06831391900777817)","(0.6322123408317566, 0.5472975373268127, 0.08548390865325928)","(0.6306248903274536, 0.57935631275177, 0.09751735627651215)",Position
2927,"(0.6262780427932739, 0.8085144758224487, -4.000412729965319e-07)","(0.5667910575866699, 0.7770134210586548, 0.022606875747442245)","(0.5359926819801331, 0.7094384431838989, 0.04261153191328049)","(0.5235234498977661, 0.6437200903892517, 0.06196923181414604)","(0.5216522812843323, 0.5986148715019226, 0.08451437950134277)","(0.558765172958374, 0.5890910029411316, 0.030419625341892242)","(0.540855348110199, 0.5396936535835266, 0.06126175820827484)","(0.5309088230133057, 0.5588741898536682, 0.08752550184726715)","(0.5299286246299744, 0.5840951204299927, 0.10449742525815964)","(0.595036506652832, 0.574234127998352, 0.0302677433937788)","(0.56876140832901, 0.5178175568580627, 0.05576036497950554)","(0.5569096207618713, 0.54557204246521, 0.07472360879182816)","(0.5577097535133362, 0.5796911716461182, 0.0871838852763176)","(0.6292444467544556, 0.5812242031097412, 0.03359606862068176)","(0.6044003367424011, 0.5334417819976807, 0.05413162708282471)","(0.5915339589118958, 0.5651468634605408, 0.06742185354232788)","(0.5927101373672485, 0.5965700745582581, 0.07506439089775085)","(0.6604123711585999, 0.6003621816635132, 0.03955589607357979)","(0.6480473279953003, 0.5315046310424805, 0.05977851524949074)","(0.6342768669128418, 0.5470141172409058, 0.07408588379621506)","(0.633094310760498, 0.5782467126846313, 0.08358451724052429)",Position
2928,"(0.6275734901428223, 0.8073074817657471, -4.185960165159486e-07)","(0.5670103430747986, 0.7772818803787231, 0.025359131395816803)","(0.535728394985199, 0.7124572396278381, 0.04696488380432129)","(0.5238460302352905, 0.6480753421783447, 0.06720274686813354)","(0.5226867198944092, 0.6038672924041748, 0.0903417319059372)","(0.5570247769355774, 0.5896031856536865, 0.0357210598886013)","(0.5416815876960754, 0.5420206189155579, 0.06672864407300949)","(0.5325791239738464, 0.5604804158210754, 0.09188573807477951)","(0.5312573313713074, 0.5856786966323853, 0.10802670568227768)","(0.5928489565849304, 0.5733311772346497, 0.03383795917034149)","(0.5706258416175842, 0.5163590312004089, 0.06071306765079498)","(0.5594028830528259, 0.5415119528770447, 0.07810498028993607)","(0.5588558912277222, 0.5749257802963257, 0.08878985047340393)","(0.6273268461227417, 0.5786316394805908, 0.03533689305186272)","(0.6065906882286072, 0.5342990159988403, 0.057074323296546936)","(0.5960659980773926, 0.5677599906921387, 0.06806980818510056)","(0.5971250534057617, 0.6006390452384949, 0.07330989092588425)","(0.6597482562065125, 0.5963239073753357, 0.03958109766244888)","(0.6490246057510376, 0.5308864116668701, 0.05988314747810364)","(0.6370286345481873, 0.5463404655456543, 0.0726495087146759)","(0.6349055767059326, 0.576797366142273, 0.08049270510673523)",Position
2929,"(0.6279163360595703, 0.8055440783500671, -4.1482311985419074e-07)","(0.568263828754425, 0.7773931622505188, 0.022467900067567825)","(0.535954475402832, 0.7120928764343262, 0.04215557500720024)","(0.5233567357063293, 0.6490678191184998, 0.06075885891914368)","(0.5229518413543701, 0.6044378280639648, 0.08225558698177338)","(0.5592338442802429, 0.5888755321502686, 0.030850151553750038)","(0.5421821475028992, 0.537537693977356, 0.05904452130198479)","(0.5310711860656738, 0.5554420948028564, 0.08262430131435394)","(0.5284713506698608, 0.5828049778938293, 0.09818340092897415)","(0.5953055620193481, 0.5737230181694031, 0.02969115972518921)","(0.5696884393692017, 0.517382025718689, 0.05455451086163521)","(0.5560953617095947, 0.5432021021842957, 0.07133344560861588)","(0.5551658272743225, 0.577754020690918, 0.08195161819458008)","(0.6296808123588562, 0.5799021124839783, 0.0316188782453537)","(0.6051718592643738, 0.5355969071388245, 0.05134576931595802)","(0.5917401909828186, 0.5681043267250061, 0.06206391006708145)","(0.5914515256881714, 0.6005197167396545, 0.0677439272403717)","(0.6613032221794128, 0.5977461338043213, 0.03609896078705788)","(0.648851752281189, 0.5308600068092346, 0.05453687161207199)","(0.6340961456298828, 0.5437703728675842, 0.06660683453083038)","(0.6302282214164734, 0.5731250643730164, 0.07444989681243896)",Position
2930,"(0.6281312704086304, 0.8049548864364624, -4.116438105938869e-07)","(0.567436158657074, 0.7757856249809265, 0.026111936196684837)","(0.5352400541305542, 0.7110117077827454, 0.04898231104016304)","(0.523600161075592, 0.6468775272369385, 0.07085316628217697)","(0.5243965983390808, 0.6031767725944519, 0.09607131034135818)","(0.5580394268035889, 0.5881698727607727, 0.03623448312282562)","(0.5417030453681946, 0.5419685244560242, 0.06921654939651489)","(0.5325854420661926, 0.5612123012542725, 0.09662581980228424)","(0.5313124656677246, 0.586030900478363, 0.11433672904968262)","(0.5941667556762695, 0.5725000500679016, 0.035385239869356155)","(0.5702820420265198, 0.5166833400726318, 0.06294336915016174)","(0.5585318207740784, 0.5415676832199097, 0.08309400081634521)","(0.5576542019844055, 0.5752343535423279, 0.09648267924785614)","(0.6283947229385376, 0.5785022974014282, 0.038014184683561325)","(0.6063488125801086, 0.5342899560928345, 0.06071367487311363)","(0.593946099281311, 0.5653704404830933, 0.07430625706911087)","(0.5937090516090393, 0.5960407257080078, 0.08201945573091507)","(0.6601228713989258, 0.5972893834114075, 0.04345422983169556)","(0.6489211320877075, 0.5330284237861633, 0.06518116593360901)","(0.6351327300071716, 0.5486183166503906, 0.0793585553765297)","(0.6320818066596985, 0.5795360207557678, 0.08863761276006699)",Position
2931,"(0.6282117962837219, 0.8062364459037781, -4.2628792584764597e-07)","(0.5673224329948425, 0.7745299339294434, 0.028411924839019775)","(0.5361183285713196, 0.7093663811683655, 0.05372156575322151)","(0.5239033699035645, 0.6497679948806763, 0.07853377610445023)","(0.5241521000862122, 0.6047253012657166, 0.1071811243891716)","(0.5580058097839355, 0.587522029876709, 0.03868836909532547)","(0.5410043597221375, 0.5393627882003784, 0.07464653998613358)","(0.5304787755012512, 0.5582795739173889, 0.10474216192960739)","(0.5281111001968384, 0.5839452147483826, 0.1245432049036026)","(0.5947290062904358, 0.5728352069854736, 0.0395086407661438)","(0.5684890747070312, 0.5187802910804749, 0.07054522633552551)","(0.555753231048584, 0.545246958732605, 0.09375523030757904)","(0.5544663071632385, 0.5795772671699524, 0.10935433208942413)","(0.6286750435829163, 0.5795907974243164, 0.04416372999548912)","(0.6039063930511475, 0.5349796414375305, 0.07021022588014603)","(0.5894097089767456, 0.567619264125824, 0.08709899336099625)","(0.5887298583984375, 0.5987693071365356, 0.09711113572120667)","(0.6604229807853699, 0.5971411466598511, 0.05186847969889641)","(0.6477161049842834, 0.5311112403869629, 0.07560140639543533)","(0.6318584680557251, 0.5451909303665161, 0.09122520685195923)","(0.6277070641517639, 0.573623538017273, 0.10192055255174637)",Position
2932,"(0.6281843185424805, 0.8046451807022095, -4.055871443142678e-07)","(0.5671748518943787, 0.7742129564285278, 0.02525889314711094)","(0.5349448919296265, 0.7074720859527588, 0.04744715243577957)","(0.5230411291122437, 0.6428165435791016, 0.06907720118761063)","(0.5222454071044922, 0.5981329679489136, 0.09404144436120987)","(0.5585154891014099, 0.5870141386985779, 0.03357549384236336)","(0.5418348908424377, 0.5416684746742249, 0.06685139983892441)","(0.5319239497184753, 0.562908947467804, 0.09483978897333145)","(0.530028760433197, 0.5887664556503296, 0.11304770410060883)","(0.5950292348861694, 0.5717851519584656, 0.033834874629974365)","(0.5706413984298706, 0.5178860425949097, 0.06225260719656944)","(0.5593609809875488, 0.5473472476005554, 0.08351366221904755)","(0.5597703456878662, 0.5823013782501221, 0.09764961898326874)","(0.6293900609016418, 0.5785597562789917, 0.03784037381410599)","(0.6069033741950989, 0.5311518907546997, 0.061562251299619675)","(0.5939908623695374, 0.5641438961029053, 0.07724615931510925)","(0.5944358110427856, 0.5960984826087952, 0.08635655045509338)","(0.6608089208602905, 0.5975898504257202, 0.04466300830245018)","(0.6489696502685547, 0.5301052331924438, 0.06737971305847168)","(0.635083794593811, 0.5466133952140808, 0.08323271572589874)","(0.6329792141914368, 0.5773053169250488, 0.0939432829618454)",Position
2933,"(0.627841591835022, 0.8052030801773071, -3.9886234048935876e-07)","(0.5665488839149475, 0.772396445274353, 0.029517464339733124)","(0.5350126624107361, 0.7072009444236755, 0.055155858397483826)","(0.5221071839332581, 0.6451209783554077, 0.07993564754724503)","(0.5190837979316711, 0.6005046367645264, 0.10832289606332779)","(0.5579538941383362, 0.5840572118759155, 0.04339481517672539)","(0.5420087575912476, 0.5466054081916809, 0.08252763748168945)","(0.5339311957359314, 0.5696513056755066, 0.11330512166023254)","(0.5320811867713928, 0.5933466553688049, 0.13273708522319794)","(0.5942344069480896, 0.5680922269821167, 0.04373559355735779)","(0.5710100531578064, 0.5199779868125916, 0.07695163041353226)","(0.56056809425354, 0.5462774038314819, 0.09942010045051575)","(0.5589088797569275, 0.5801682472229004, 0.1140962764620781)","(0.6281973123550415, 0.5750054121017456, 0.048233769834041595)","(0.6074097752571106, 0.532014012336731, 0.07658164948225021)","(0.5959375500679016, 0.5637407302856445, 0.09371279925107956)","(0.5958322882652283, 0.5943390130996704, 0.10343156009912491)","(0.6598304510116577, 0.5954608917236328, 0.055837035179138184)","(0.6481274366378784, 0.5323570966720581, 0.0828254222869873)","(0.6352083086967468, 0.5498453378677368, 0.10058309137821198)","(0.6330973505973816, 0.5804660320281982, 0.11244078725576401)",Position
2934,"(0.6269741654396057, 0.8051917552947998, -3.932246954718721e-07)","(0.5657012462615967, 0.7717927694320679, 0.031987883150577545)","(0.534802258014679, 0.7063345909118652, 0.06076738238334656)","(0.5218067169189453, 0.6458406448364258, 0.08880672603845596)","(0.5172187089920044, 0.6025990843772888, 0.12093625962734222)","(0.557354748249054, 0.5826169848442078, 0.05052943900227547)","(0.5412459373474121, 0.5453565716743469, 0.09310628473758698)","(0.5320748090744019, 0.5665163993835449, 0.12549176812171936)","(0.5292666554450989, 0.588833749294281, 0.1459721028804779)","(0.5941950678825378, 0.5679856538772583, 0.052436649799346924)","(0.5695969462394714, 0.5221673250198364, 0.08986391127109528)","(0.5575452446937561, 0.5459117293357849, 0.11427506804466248)","(0.5535765290260315, 0.5774545073509216, 0.13024728000164032)","(0.6274204850196838, 0.5759639143943787, 0.05857895314693451)","(0.6055178642272949, 0.5372192859649658, 0.09040111303329468)","(0.5930196046829224, 0.5695157051086426, 0.11019070446491241)","(0.5923177599906921, 0.6007566452026367, 0.12196973711252213)","(0.6595802307128906, 0.5966439843177795, 0.06791866570711136)","(0.6488110423088074, 0.5315075516700745, 0.09667639434337616)","(0.6355831623077393, 0.5440079569816589, 0.11578278243541718)","(0.631902813911438, 0.5702979564666748, 0.12909969687461853)",Position
2935,"(0.6274610161781311, 0.8032368421554565, -4.04934667130874e-07)","(0.5646006464958191, 0.7684932351112366, 0.037581656128168106)","(0.5355215072631836, 0.7037966251373291, 0.0694577768445015)","(0.5223578214645386, 0.6469628810882568, 0.10026349872350693)","(0.5166732668876648, 0.6035782098770142, 0.1352487951517105)","(0.5549512505531311, 0.5805678963661194, 0.05731818825006485)","(0.5390157103538513, 0.5475370287895203, 0.10551638156175613)","(0.5318893790245056, 0.5719038248062134, 0.1409182995557785)","(0.5310907363891602, 0.5920536518096924, 0.1626967042684555)","(0.5921563506126404, 0.5655685663223267, 0.05848219618201256)","(0.5680547952651978, 0.5236756801605225, 0.10221944749355316)","(0.5581963658332825, 0.5508162975311279, 0.12921680510044098)","(0.5563383102416992, 0.5840641260147095, 0.1458386927843094)","(0.6251079440116882, 0.5736480951309204, 0.06467190384864807)","(0.6035606265068054, 0.5367820262908936, 0.1028091236948967)","(0.5916053056716919, 0.5710647702217102, 0.12514464557170868)","(0.5921719074249268, 0.6023841500282288, 0.13706910610198975)","(0.6578503847122192, 0.5937983989715576, 0.07442662119865417)","(0.6471056938171387, 0.5295194983482361, 0.10761089622974396)","(0.6342452764511108, 0.541834831237793, 0.12858924269676208)","(0.6309542655944824, 0.5660476684570312, 0.1423955112695694)",Position
2936,"(0.6278455257415771, 0.8007389903068542, -4.1931465943889634e-07)","(0.5671253800392151, 0.7702161073684692, 0.028728023171424866)","(0.5349968075752258, 0.7058156728744507, 0.05597751960158348)","(0.521276593208313, 0.6470993757247925, 0.08296868205070496)","(0.516915500164032, 0.6060200929641724, 0.11381803452968597)","(0.5561974048614502, 0.5774410963058472, 0.04553612694144249)","(0.5377436876296997, 0.5459286570549011, 0.08640673011541367)","(0.5288286209106445, 0.5683596134185791, 0.11720595508813858)","(0.5263071060180664, 0.5898082852363586, 0.13607566058635712)","(0.5929538011550903, 0.5617280006408691, 0.04696410521864891)","(0.5663836598396301, 0.522983193397522, 0.08340021967887878)","(0.5538734197616577, 0.5490674376487732, 0.10582204908132553)","(0.5502383708953857, 0.5826541781425476, 0.11939258873462677)","(0.6264463067054749, 0.5700790882110596, 0.05231989547610283)","(0.602521538734436, 0.5357480049133301, 0.08224718272686005)","(0.5894548892974854, 0.5672067999839783, 0.09838172048330307)","(0.5884626507759094, 0.5979375243186951, 0.10667054355144501)","(0.6593698859214783, 0.5910906791687012, 0.06061124801635742)","(0.647189736366272, 0.5310838222503662, 0.08614496141672134)","(0.6344318985939026, 0.5451052784919739, 0.10181562602519989)","(0.6310789585113525, 0.5731595754623413, 0.1120462492108345)",Position
2937,"(0.6284669041633606, 0.7982778549194336, -4.0720243532632594e-07)","(0.5674192905426025, 0.7696206569671631, 0.0242267195135355)","(0.5352213978767395, 0.7078439593315125, 0.045854002237319946)","(0.5214974880218506, 0.6443840861320496, 0.06695158034563065)","(0.5157448649406433, 0.6020811200141907, 0.09115332365036011)","(0.5563549995422363, 0.5781116485595703, 0.03781397268176079)","(0.5396854877471924, 0.5478758215904236, 0.07465518265962601)","(0.5329180359840393, 0.5727853178977966, 0.10139446705579758)","(0.5323859453201294, 0.5944212675094604, 0.11678534746170044)","(0.5929664373397827, 0.5613797307014465, 0.0379866324365139)","(0.5698726773262024, 0.5257618427276611, 0.07162156701087952)","(0.5596203804016113, 0.5532129406929016, 0.08927752822637558)","(0.5592139363288879, 0.5851353406906128, 0.0978066474199295)","(0.6271681785583496, 0.569835901260376, 0.042039040476083755)","(0.6057651042938232, 0.5363045930862427, 0.06962866336107254)","(0.5949249267578125, 0.5683538913726807, 0.0812063068151474)","(0.5962643623352051, 0.6001960039138794, 0.08468921482563019)","(0.6606848239898682, 0.5910704731941223, 0.04868228733539581)","(0.6498925089836121, 0.5310089588165283, 0.07203390449285507)","(0.6389146447181702, 0.5461908578872681, 0.08526381850242615)","(0.6376419067382812, 0.5757769346237183, 0.0925133153796196)",Position
2938,"(0.6291961073875427, 0.7945553064346313, -4.2244224118803686e-07)","(0.5688905715942383, 0.7687941789627075, 0.023510033264756203)","(0.536187469959259, 0.7068964838981628, 0.046423811465501785)","(0.5220462083816528, 0.6458825469017029, 0.06923340260982513)","(0.5184924006462097, 0.6057906746864319, 0.09513548016548157)","(0.5587511658668518, 0.5784596800804138, 0.03959910199046135)","(0.5414867401123047, 0.5462750196456909, 0.07639481872320175)","(0.5323550701141357, 0.5713915228843689, 0.1019655093550682)","(0.5308568477630615, 0.5954559445381165, 0.11678038537502289)","(0.5956054925918579, 0.563281774520874, 0.04153592512011528)","(0.5697393417358398, 0.5280796885490417, 0.0764317512512207)","(0.5579288005828857, 0.5588414669036865, 0.09349098056554794)","(0.5571752190589905, 0.5929844975471497, 0.10146462172269821)","(0.6296135187149048, 0.5724906921386719, 0.04713904857635498)","(0.6054644584655762, 0.5397351384162903, 0.07497624307870865)","(0.5925465822219849, 0.5742185115814209, 0.08547632396221161)","(0.5936954021453857, 0.6077483892440796, 0.08847366273403168)","(0.6631050705909729, 0.592413604259491, 0.055412888526916504)","(0.6506298184394836, 0.5312973260879517, 0.07856360822916031)","(0.6380936503410339, 0.5449413061141968, 0.09093867987394333)","(0.6360823512077332, 0.5729429721832275, 0.09768937528133392)",Position
2939,"(0.6302830576896667, 0.7916979193687439, -3.8144148106766806e-07)","(0.5703442692756653, 0.770280659198761, 0.017182789742946625)","(0.5378560423851013, 0.7065017223358154, 0.03636633977293968)","(0.5249712467193604, 0.6452990174293518, 0.05624709650874138)","(0.5182754993438721, 0.6055936217308044, 0.07963073998689651)","(0.560809314250946, 0.5775193572044373, 0.029356570914387703)","(0.5417705774307251, 0.5459679365158081, 0.061097756028175354)","(0.531637966632843, 0.571670651435852, 0.08556374907493591)","(0.5301981568336487, 0.597980260848999, 0.10039051622152328)","(0.5977813601493835, 0.5619437098503113, 0.03231421485543251)","(0.5706304311752319, 0.5217965245246887, 0.06055770069360733)","(0.5566297173500061, 0.5502796769142151, 0.07732129842042923)","(0.5547304153442383, 0.5845457911491394, 0.08682043850421906)","(0.6319053173065186, 0.5711131691932678, 0.038401901721954346)","(0.6058348417282104, 0.5347549319267273, 0.059985630214214325)","(0.5895959138870239, 0.5657591819763184, 0.07103634625673294)","(0.5883327722549438, 0.5990497469902039, 0.07629074901342392)","(0.66524738073349, 0.5920687913894653, 0.04661376401782036)","(0.6536661386489868, 0.5301634669303894, 0.06485705077648163)","(0.6394754648208618, 0.5401673913002014, 0.07630515843629837)","(0.635765790939331, 0.5665488839149475, 0.08361873030662537)",Position
2940,"(0.6309531927108765, 0.7941907644271851, -4.355190981186752e-07)","(0.5701782703399658, 0.7706739902496338, 0.01633562706410885)","(0.536590576171875, 0.7067462205886841, 0.03327346593141556)","(0.5243985056877136, 0.6429749727249146, 0.049902789294719696)","(0.5208272337913513, 0.6023768782615662, 0.06895492970943451)","(0.5609309077262878, 0.5738450884819031, 0.02743605524301529)","(0.5424525737762451, 0.5459714531898499, 0.05509217083454132)","(0.5315614938735962, 0.573265790939331, 0.07502477616071701)","(0.5298473834991455, 0.602066695690155, 0.08679529279470444)","(0.5974912047386169, 0.5600970387458801, 0.027483120560646057)","(0.5726560950279236, 0.5277863144874573, 0.05427642911672592)","(0.5584336519241333, 0.5595986247062683, 0.06637183576822281)","(0.5571479797363281, 0.5952622890472412, 0.0713706761598587)","(0.6324318647384644, 0.5702976584434509, 0.03041393682360649)","(0.6085438132286072, 0.5420600175857544, 0.049593061208724976)","(0.5949994325637817, 0.5780078768730164, 0.05521976947784424)","(0.5957306027412415, 0.6137709021568298, 0.05586238577961922)","(0.6655604243278503, 0.5919710993766785, 0.03539706766605377)","(0.6538411378860474, 0.5334255695343018, 0.05141432583332062)","(0.6409367322921753, 0.5479261875152588, 0.060527898371219635)","(0.6385452151298523, 0.5773984789848328, 0.0654885321855545)",Position
2941,"(0.6319764256477356, 0.7907718420028687, -4.1720079480001004e-07)","(0.5719043612480164, 0.770302414894104, 0.016118217259645462)","(0.5379770994186401, 0.7060410976409912, 0.03425438702106476)","(0.5248211622238159, 0.6435748338699341, 0.0522378645837307)","(0.5210975408554077, 0.604806125164032, 0.0727837011218071)","(0.5613909959793091, 0.5753563046455383, 0.03124220110476017)","(0.5434664487838745, 0.5418283343315125, 0.059794921427965164)","(0.5338985323905945, 0.5706822872161865, 0.07935771346092224)","(0.5340242981910706, 0.6010202169418335, 0.09089025110006332)","(0.5981443524360657, 0.5619274377822876, 0.03273697942495346)","(0.5732191205024719, 0.5274972319602966, 0.06089748442173004)","(0.5605661273002625, 0.5618657469749451, 0.07303416728973389)","(0.5613739490509033, 0.5984950065612793, 0.07821378856897354)","(0.6327570676803589, 0.5726463198661804, 0.03682703152298927)","(0.6088220477104187, 0.5432537794113159, 0.05687112361192703)","(0.5957940220832825, 0.5809686183929443, 0.06252549588680267)","(0.598114550113678, 0.6172870397567749, 0.06350241601467133)","(0.6669774055480957, 0.5934271216392517, 0.04299464449286461)","(0.6558940410614014, 0.5342914462089539, 0.05999872833490372)","(0.6430802345275879, 0.5465090274810791, 0.06907457858324051)","(0.6411052346229553, 0.5729855298995972, 0.07403476536273956)",Position
2942,"(0.63258957862854, 0.7908110618591309, -4.039287944124226e-07)","(0.5728519558906555, 0.7722485065460205, 0.01358888205140829)","(0.5381900668144226, 0.7082082033157349, 0.03054863028228283)","(0.5247905850410461, 0.6458861827850342, 0.04764299467206001)","(0.5214077234268188, 0.6070175170898438, 0.0673828199505806)","(0.5618298053741455, 0.5758749842643738, 0.028741875663399696)","(0.5440877676010132, 0.5448042154312134, 0.05655613914132118)","(0.5335871577262878, 0.5736041069030762, 0.07593709975481033)","(0.5324055552482605, 0.6030449271202087, 0.08734580874443054)","(0.5987033247947693, 0.5621547102928162, 0.030659537762403488)","(0.5738363862037659, 0.5275623798370361, 0.05691821873188019)","(0.5601353049278259, 0.5613293647766113, 0.06862512975931168)","(0.5602256059646606, 0.5980709195137024, 0.07409510761499405)","(0.6338902711868286, 0.5724119544029236, 0.034990064799785614)","(0.6101071238517761, 0.543078601360321, 0.053072236478328705)","(0.5967848896980286, 0.5804468393325806, 0.0584598183631897)","(0.5988104343414307, 0.6165554523468018, 0.05998947098851204)","(0.6679230332374573, 0.5936689376831055, 0.04120548442006111)","(0.6560157537460327, 0.5348774194717407, 0.056838106364011765)","(0.6427443623542786, 0.548995316028595, 0.0658603236079216)","(0.6411243081092834, 0.5773797035217285, 0.07124625891447067)",Position
2943,"(0.6322628855705261, 0.7930587530136108, -4.1178626020155207e-07)","(0.5727350115776062, 0.7727372050285339, 0.01353518944233656)","(0.5386251211166382, 0.7070028185844421, 0.030746158212423325)","(0.5252072811126709, 0.644536018371582, 0.04825182631611824)","(0.5207132697105408, 0.6067802906036377, 0.06841719150543213)","(0.5632916688919067, 0.5761827826499939, 0.028826743364334106)","(0.5452147126197815, 0.545181155204773, 0.057021480053663254)","(0.5337129831314087, 0.5732300877571106, 0.07638350129127502)","(0.5312811136245728, 0.60260009765625, 0.08770404011011124)","(0.6000696420669556, 0.5631011128425598, 0.03112095408141613)","(0.5745047926902771, 0.5295023322105408, 0.058355920016765594)","(0.5602502822875977, 0.5639426708221436, 0.07008246332406998)","(0.5595409274101257, 0.6013920307159424, 0.07529577612876892)","(0.6349340677261353, 0.573811948299408, 0.035869378596544266)","(0.6107010841369629, 0.5436161756515503, 0.055046550929546356)","(0.5961803793907166, 0.5808764100074768, 0.06063009053468704)","(0.597277820110321, 0.6179865002632141, 0.06196102499961853)","(0.6687905788421631, 0.5947439670562744, 0.04247793182730675)","(0.6563035249710083, 0.5356589555740356, 0.058661043643951416)","(0.642444908618927, 0.548791766166687, 0.06768255680799484)","(0.6400272846221924, 0.5768198370933533, 0.07297161221504211)",Position
2944,"(0.6329112648963928, 0.7916597127914429, -3.9447354538424406e-07)","(0.5728113055229187, 0.7723286747932434, 0.013339915312826633)","(0.5386444926261902, 0.7058642506599426, 0.02995453216135502)","(0.5262241959571838, 0.6415603160858154, 0.04666775465011597)","(0.5230587720870972, 0.6049215197563171, 0.06588535755872726)","(0.5629478096961975, 0.5753324031829834, 0.027662357315421104)","(0.545369565486908, 0.5453912019729614, 0.05520501360297203)","(0.5351112484931946, 0.5733187198638916, 0.07431177794933319)","(0.5340638756752014, 0.6015897989273071, 0.0853382796049118)","(0.5995638966560364, 0.5626868605613708, 0.02930336631834507)","(0.5754798054695129, 0.5267822742462158, 0.05555112659931183)","(0.5623289346694946, 0.5605115294456482, 0.06720412522554398)","(0.5626122355461121, 0.5972702503204346, 0.07249365746974945)","(0.6345016360282898, 0.5738972425460815, 0.03338238596916199)","(0.6108421087265015, 0.5428099036216736, 0.05150184780359268)","(0.5974981188774109, 0.5805301666259766, 0.056960590183734894)","(0.5997103452682495, 0.6175942420959473, 0.058357663452625275)","(0.6684263348579407, 0.595554769039154, 0.03925807774066925)","(0.6569228768348694, 0.5352112650871277, 0.05477666109800339)","(0.6436010599136353, 0.5484265089035034, 0.06368367373943329)","(0.6415918469429016, 0.5772280097007751, 0.06884250789880753)",Position
2945,"(0.6330550312995911, 0.7924665212631226, -4.001810225418012e-07)","(0.5730218291282654, 0.7732767462730408, 0.01425324846059084)","(0.539113461971283, 0.7065455317497253, 0.031464602798223495)","(0.5269891619682312, 0.6420050859451294, 0.04849022626876831)","(0.5224898457527161, 0.6056270599365234, 0.06805192679166794)","(0.5630196928977966, 0.5763599276542664, 0.03018958680331707)","(0.5461087226867676, 0.5433623790740967, 0.05749595910310745)","(0.5360422730445862, 0.5698724985122681, 0.07621272653341293)","(0.5345332622528076, 0.5982679128646851, 0.08720850944519043)","(0.5996864438056946, 0.5630966424942017, 0.03146967664361)","(0.5757447481155396, 0.5265810489654541, 0.057716868817806244)","(0.562575101852417, 0.5596820712089539, 0.06945420056581497)","(0.5624542236328125, 0.5965724587440491, 0.07501624524593353)","(0.634628415107727, 0.5731766819953918, 0.03496738150715828)","(0.6115459203720093, 0.5423080325126648, 0.05344006046652794)","(0.5982871055603027, 0.5795977711677551, 0.059048816561698914)","(0.6001860499382019, 0.6156935095787048, 0.06060866639018059)","(0.6687936186790466, 0.5939957499504089, 0.040245551615953445)","(0.6570835113525391, 0.5360673666000366, 0.05657418072223663)","(0.643532395362854, 0.5508050918579102, 0.06582958251237869)","(0.6412420868873596, 0.579866886138916, 0.0711880698800087)",Position
2946,"(0.6325052976608276, 0.7908121943473816, -3.940885164865904e-07)","(0.5721395611763, 0.7708519697189331, 0.018892744556069374)","(0.5385246276855469, 0.705871045589447, 0.03922400623559952)","(0.5264149904251099, 0.6427542567253113, 0.05882031098008156)","(0.5231085419654846, 0.6049081087112427, 0.08103009313344955)","(0.5635080337524414, 0.576661229133606, 0.039465613663196564)","(0.5474556088447571, 0.541358232498169, 0.07100632041692734)","(0.5365601181983948, 0.5669376850128174, 0.09221551567316055)","(0.5330774188041687, 0.596211850643158, 0.1049870103597641)","(0.6001584529876709, 0.5630319714546204, 0.040503259748220444)","(0.5761951208114624, 0.5254294872283936, 0.07052031904459)","(0.5618813633918762, 0.556994616985321, 0.08338645845651627)","(0.5596456527709961, 0.5944640636444092, 0.08986960351467133)","(0.6346879601478577, 0.5728822350502014, 0.04402632638812065)","(0.6117098331451416, 0.5440720319747925, 0.0662880688905716)","(0.5980051159858704, 0.5811033248901367, 0.07290992885828018)","(0.5987853407859802, 0.6164245009422302, 0.07513727992773056)","(0.6688860058784485, 0.593958854675293, 0.0497298389673233)","(0.6563431024551392, 0.5383498668670654, 0.07007541507482529)","(0.6427006721496582, 0.5542303323745728, 0.08111588656902313)","(0.6399217247962952, 0.5836423635482788, 0.08761174231767654)",Position
2947,"(0.6340106725692749, 0.7926434278488159, -3.7970423250044405e-07)","(0.5736866593360901, 0.7723321318626404, 0.0133415712043643)","(0.5377728939056396, 0.705194354057312, 0.030553273856639862)","(0.5248031616210938, 0.6393899917602539, 0.047965578734874725)","(0.526185929775238, 0.6015931367874146, 0.06809788197278976)","(0.5638759136199951, 0.5743194818496704, 0.031229740008711815)","(0.5461364388465881, 0.5440074801445007, 0.061045560985803604)","(0.5354058742523193, 0.5703068971633911, 0.08121957629919052)","(0.5320935845375061, 0.5981573462486267, 0.0927833691239357)","(0.6005221605300903, 0.5618948936462402, 0.03355846554040909)","(0.5754762291908264, 0.5269688963890076, 0.06116647273302078)","(0.5610690712928772, 0.5578753352165222, 0.0724528357386589)","(0.5587270259857178, 0.594835102558136, 0.07758582383394241)","(0.6353205442428589, 0.5726544260978699, 0.038262683898210526)","(0.6107457280158997, 0.545433759689331, 0.05811068043112755)","(0.5965635776519775, 0.5811757445335388, 0.06292597949504852)","(0.5969874858856201, 0.6173875331878662, 0.0638318881392479)","(0.6694545745849609, 0.5940524935722351, 0.04471815750002861)","(0.6563063263893127, 0.5397671461105347, 0.06228307634592056)","(0.6425058245658875, 0.5547417402267456, 0.0712994709610939)","(0.6397883296012878, 0.5843601226806641, 0.07631941139698029)",Position
2948,"(0.6338027119636536, 0.7945346832275391, -3.7717850887020177e-07)","(0.5732415914535522, 0.77375328540802, 0.014262931421399117)","(0.5380653142929077, 0.7075300812721252, 0.03242425248026848)","(0.5251941680908203, 0.6417427659034729, 0.05105850473046303)","(0.5255232453346252, 0.6027289628982544, 0.07270660996437073)","(0.563817024230957, 0.5758243203163147, 0.03243963420391083)","(0.5457500219345093, 0.5438502430915833, 0.06456077098846436)","(0.5357922911643982, 0.569782555103302, 0.08667728304862976)","(0.5336116552352905, 0.597136378288269, 0.09928043186664581)","(0.600629448890686, 0.5626567602157593, 0.03546229377388954)","(0.5750351548194885, 0.527048647403717, 0.06517693400382996)","(0.561821460723877, 0.5576980113983154, 0.07838534563779831)","(0.5605033040046692, 0.5946556925773621, 0.08454509824514389)","(0.6350776553153992, 0.573358952999115, 0.04101348668336868)","(0.6106317043304443, 0.5445026159286499, 0.0630461573600769)","(0.5968565940856934, 0.5790977478027344, 0.06940986961126328)","(0.5976234674453735, 0.6147443652153015, 0.07081582397222519)","(0.6690106391906738, 0.5947913527488708, 0.048371024429798126)","(0.6556794047355652, 0.5399021506309509, 0.06718558073043823)","(0.6418718695640564, 0.5551667213439941, 0.07674571126699448)","(0.6391730904579163, 0.5848673582077026, 0.0819198340177536)",Position
2949,"(0.6339629292488098, 0.7943441867828369, -3.866421991460811e-07)","(0.573320746421814, 0.7718979120254517, 0.013232189230620861)","(0.5370633602142334, 0.7056894302368164, 0.03006775490939617)","(0.5242671966552734, 0.6395394206047058, 0.0474228635430336)","(0.5268902778625488, 0.5995844006538391, 0.0675143301486969)","(0.5643730759620667, 0.5739360451698303, 0.028516536578536034)","(0.5456014275550842, 0.5440093278884888, 0.05923116207122803)","(0.5352458357810974, 0.5705440044403076, 0.08079439401626587)","(0.5330129861831665, 0.5984498858451843, 0.0931253656744957)","(0.6005759239196777, 0.5610530376434326, 0.03130258619785309)","(0.5749903917312622, 0.5293654203414917, 0.06010208651423454)","(0.5613804459571838, 0.5599775314331055, 0.07273654639720917)","(0.5599873065948486, 0.5971168875694275, 0.07833894342184067)","(0.6351298689842224, 0.5723589658737183, 0.036697473376989365)","(0.6100899577140808, 0.5470970869064331, 0.058017585426568985)","(0.5964347720146179, 0.5814474821090698, 0.0632280707359314)","(0.5967796444892883, 0.6173617839813232, 0.06362932175397873)","(0.6682635545730591, 0.5944939255714417, 0.04385678470134735)","(0.6552148461341858, 0.5434268712997437, 0.06156134232878685)","(0.6414136290550232, 0.5588685274124146, 0.069931261241436)","(0.6383714079856873, 0.5889008045196533, 0.07424569875001907)",Position
2950,"(0.6340019106864929, 0.7962299585342407, -3.5990876767755253e-07)","(0.5731034278869629, 0.7744359374046326, 0.016459351405501366)","(0.5376161336898804, 0.7068213224411011, 0.03701512888073921)","(0.5254586338996887, 0.6415066719055176, 0.05805053189396858)","(0.5264386534690857, 0.6009190082550049, 0.0823732540011406)","(0.5643823146820068, 0.5759801864624023, 0.03793919458985329)","(0.5468267202377319, 0.5437937378883362, 0.07301630079746246)","(0.535405158996582, 0.5679054260253906, 0.09746114164590836)","(0.5304139256477356, 0.595470130443573, 0.1120440885424614)","(0.6012299656867981, 0.5624022483825684, 0.04160606861114502)","(0.5760483145713806, 0.5264056324958801, 0.07367684692144394)","(0.5617175698280334, 0.5547030568122864, 0.08872165530920029)","(0.5581734776496887, 0.592934787273407, 0.09703397750854492)","(0.6355229020118713, 0.5731699466705322, 0.04789033159613609)","(0.6110820770263672, 0.5457577705383301, 0.07228352129459381)","(0.5964109897613525, 0.5797785520553589, 0.08072114735841751)","(0.595712423324585, 0.6151387691497803, 0.0842786505818367)","(0.6689272522926331, 0.5960776805877686, 0.05614414066076279)","(0.6553838849067688, 0.5424099564552307, 0.07739417254924774)","(0.640715479850769, 0.5575127005577087, 0.08874280750751495)","(0.6367750763893127, 0.5874752402305603, 0.09572815895080566)",Release
2951,"(0.6349731087684631, 0.7973512411117554, -3.8226093579396547e-07)","(0.5730118155479431, 0.7747853994369507, 0.013144347816705704)","(0.5364944338798523, 0.7059053182601929, 0.03054303117096424)","(0.5246635675430298, 0.6388323307037354, 0.04871268570423126)","(0.5281423330307007, 0.5994318723678589, 0.0697430744767189)","(0.5648003220558167, 0.5733281373977661, 0.02970767952501774)","(0.5453882217407227, 0.5454387068748474, 0.06161350756883621)","(0.533869743347168, 0.5719811916351318, 0.08385653048753738)","(0.5303630232810974, 0.6001009345054626, 0.09675786644220352)","(0.6014428734779358, 0.5612785816192627, 0.033194925636053085)","(0.5750055313110352, 0.5318266749382019, 0.06372255831956863)","(0.5599119067192078, 0.5612689256668091, 0.07675434648990631)","(0.5571588277816772, 0.5980859994888306, 0.08254396915435791)","(0.6359132528305054, 0.5735122561454773, 0.03933437913656235)","(0.6097142100334167, 0.5482231378555298, 0.0618872344493866)","(0.5942414402961731, 0.5812650918960571, 0.06744430959224701)","(0.5932456851005554, 0.6178730130195618, 0.06807518750429153)","(0.6688923239707947, 0.5962681174278259, 0.04722636938095093)","(0.6555742621421814, 0.5448053479194641, 0.06569331884384155)","(0.641653299331665, 0.5581693649291992, 0.07444068044424057)","(0.6378410458564758, 0.5876451730728149, 0.07918565720319748)",Release
2952,"(0.6338256001472473, 0.8003034591674805, -3.549431539795478e-07)","(0.5723373293876648, 0.7769045829772949, 0.01594819501042366)","(0.537269651889801, 0.7069152593612671, 0.03718602657318115)","(0.5258876085281372, 0.6424346566200256, 0.05909767374396324)","(0.5273866653442383, 0.604016125202179, 0.08425729721784592)","(0.5654045939445496, 0.578899621963501, 0.03880311921238899)","(0.547873318195343, 0.5463051199913025, 0.07525759935379028)","(0.5358372330665588, 0.5687310099601746, 0.10028818249702454)","(0.5299016237258911, 0.5958968997001648, 0.11500130593776703)","(0.6019589900970459, 0.5665971636772156, 0.04304513707756996)","(0.5755483508110046, 0.5318889021873474, 0.07719114422798157)","(0.5590494871139526, 0.5579009652137756, 0.09197303652763367)","(0.5535240769386292, 0.5947533249855042, 0.09945894777774811)","(0.6354711055755615, 0.5773963928222656, 0.04982509836554527)","(0.6092454195022583, 0.5495280027389526, 0.07572634518146515)","(0.5922214984893799, 0.581665575504303, 0.08332744985818863)","(0.5893229246139526, 0.6167663931846619, 0.0856812596321106)","(0.668291449546814, 0.5988609194755554, 0.058459121733903885)","(0.6544813513755798, 0.5444457530975342, 0.07955234497785568)","(0.639989972114563, 0.5567697286605835, 0.08978945016860962)","(0.6347612142562866, 0.585161566734314, 0.09580802172422409)",Release
2953,"(0.6327850222587585, 0.7991820573806763, -3.5125532349411515e-07)","(0.5721885561943054, 0.777319073677063, 0.012638009153306484)","(0.5362356901168823, 0.7097926139831543, 0.030208377167582512)","(0.5242379307746887, 0.6427925825119019, 0.04829562455415726)","(0.52605801820755, 0.603310227394104, 0.06946778297424316)","(0.565398097038269, 0.578956127166748, 0.031657371670007706)","(0.5476712584495544, 0.5460124015808105, 0.06314878910779953)","(0.5354240536689758, 0.5691564679145813, 0.08518197387456894)","(0.5296309590339661, 0.5970577597618103, 0.0981127992272377)","(0.6012187600135803, 0.5661177039146423, 0.035026200115680695)","(0.5754640698432922, 0.5278356075286865, 0.06458879262208939)","(0.5591471195220947, 0.55317622423172, 0.0773308128118515)","(0.5537826418876648, 0.5892108678817749, 0.08342918753623962)","(0.6349980235099792, 0.5763815641403198, 0.04063444212079048)","(0.6097074747085571, 0.5476757287979126, 0.0625825822353363)","(0.594151496887207, 0.5794216990470886, 0.06812415271997452)","(0.5917649269104004, 0.6147500276565552, 0.06918833404779434)","(0.667172372341156, 0.597817063331604, 0.047803718596696854)","(0.6545676589012146, 0.5428662300109863, 0.06583856791257858)","(0.6408853530883789, 0.5559278130531311, 0.07453186810016632)","(0.6362670660018921, 0.5862873792648315, 0.07937426120042801)",Release
2954,"(0.6342148184776306, 0.8025094270706177, -3.7776487715746043e-07)","(0.5729211568832397, 0.7815081477165222, 0.014219749718904495)","(0.5365720391273499, 0.7125036120414734, 0.03360871225595474)","(0.5247340798377991, 0.6456321477890015, 0.053579747676849365)","(0.5262508988380432, 0.6052266955375671, 0.07653896510601044)","(0.5642674565315247, 0.5795304179191589, 0.03579099103808403)","(0.5475523471832275, 0.5438932180404663, 0.06935028731822968)","(0.5349953174591064, 0.5657573938369751, 0.09194610267877579)","(0.5283265709877014, 0.5944727659225464, 0.10530870407819748)","(0.6009290218353271, 0.5657133460044861, 0.039727818220853806)","(0.5745513439178467, 0.5323459506034851, 0.07249410450458527)","(0.5583875179290771, 0.5602515339851379, 0.08613058924674988)","(0.5531538128852844, 0.598717212677002, 0.0924835056066513)","(0.6350473165512085, 0.5763517618179321, 0.04590018838644028)","(0.6097699403762817, 0.550311803817749, 0.0706387311220169)","(0.5943843126296997, 0.5836131572723389, 0.07649719715118408)","(0.5924051403999329, 0.6196249127388, 0.07728294283151627)","(0.6680638790130615, 0.5976226925849915, 0.05377635732293129)","(0.654513955116272, 0.5480596423149109, 0.07423121482133865)","(0.6402455568313599, 0.5614328384399414, 0.08336784690618515)","(0.635368824005127, 0.5894003510475159, 0.08818532526493073)",Release
2955,"(0.6351585388183594, 0.804957926273346, -3.499004890272772e-07)","(0.5731029510498047, 0.7830183506011963, 0.009449955075979233)","(0.5367574691772461, 0.7136846780776978, 0.025675268843770027)","(0.5243567824363708, 0.6465875506401062, 0.0434737354516983)","(0.5212821960449219, 0.6069790124893188, 0.06447036564350128)","(0.5659133195877075, 0.5787081122398376, 0.02689037285745144)","(0.5450082421302795, 0.548720121383667, 0.05894872173666954)","(0.5322110056877136, 0.5725809931755066, 0.08158747106790543)","(0.5269303917884827, 0.5989353656768799, 0.09468527138233185)","(0.6028834581375122, 0.5661017894744873, 0.03243992105126381)","(0.5736929178237915, 0.5343527793884277, 0.0629570484161377)","(0.557071328163147, 0.5612887144088745, 0.07674618810415268)","(0.5524783134460449, 0.5971775054931641, 0.08305434137582779)","(0.6369918584823608, 0.5786267518997192, 0.04025023430585861)","(0.6087728142738342, 0.5525766015052795, 0.06310810148715973)","(0.591950535774231, 0.5843291878700256, 0.06901773065328598)","(0.589216411113739, 0.6198432445526123, 0.0697469413280487)","(0.6692714691162109, 0.6015114784240723, 0.0494338721036911)","(0.6556177735328674, 0.5520703196525574, 0.06797720491886139)","(0.6405741572380066, 0.563763439655304, 0.0762755498290062)","(0.6349747776985168, 0.5909936428070068, 0.08048097789287567)",Release
2956,"(0.6359660625457764, 0.8067365288734436, -3.611625061239465e-07)","(0.5741075277328491, 0.7854214906692505, 0.013556554913520813)","(0.5380926728248596, 0.7164473533630371, 0.033559639006853104)","(0.525656521320343, 0.6534056067466736, 0.05458878353238106)","(0.5232115983963013, 0.6153634190559387, 0.07885690778493881)","(0.5670727491378784, 0.5824511647224426, 0.03650546446442604)","(0.5487421154975891, 0.5509191751480103, 0.07187838107347488)","(0.5349811315536499, 0.5737271308898926, 0.0954475849866867)","(0.5274641513824463, 0.600602388381958, 0.10911136120557785)","(0.6036517024040222, 0.5704519748687744, 0.04153307154774666)","(0.5766015648841858, 0.5367488265037537, 0.07612400501966476)","(0.5599304437637329, 0.5628592371940613, 0.09092341363430023)","(0.55420982837677, 0.5988810658454895, 0.09781184047460556)","(0.6375181674957275, 0.5821776390075684, 0.048787109553813934)","(0.612141489982605, 0.5525256991386414, 0.0753232091665268)","(0.5948331952095032, 0.5834262371063232, 0.08270134776830673)","(0.5913528203964233, 0.6179354190826416, 0.0842103436589241)","(0.6704543828964233, 0.604521632194519, 0.05758761242032051)","(0.65739905834198, 0.5524516701698303, 0.0789361447095871)","(0.6419971585273743, 0.5651887059211731, 0.08887060731649399)","(0.6360334753990173, 0.5936987996101379, 0.09420554339885712)",Release
2957,"(0.639939546585083, 0.8057067394256592, -3.485450292828318e-07)","(0.5774646401405334, 0.7840211987495422, 0.02002413384616375)","(0.5400234460830688, 0.7144103646278381, 0.04697073996067047)","(0.5270029902458191, 0.652794361114502, 0.07445383816957474)","(0.525779128074646, 0.6145647764205933, 0.10544691979885101)","(0.5708831548690796, 0.5846676826477051, 0.05407855287194252)","(0.5531915426254272, 0.5485825538635254, 0.09577362984418869)","(0.5395649671554565, 0.5675777196884155, 0.12257985770702362)","(0.5306280851364136, 0.5951958894729614, 0.13895346224308014)","(0.6070162057876587, 0.573243260383606, 0.06013793870806694)","(0.580994725227356, 0.5329750776290894, 0.10044563561677933)","(0.5656428933143616, 0.5585492253303528, 0.11783555150032043)","(0.559533953666687, 0.5969168543815613, 0.12782633304595947)","(0.640116810798645, 0.5837706923484802, 0.06829342991113663)","(0.6172549724578857, 0.5549009442329407, 0.10020824521780014)","(0.6005080938339233, 0.5888723134994507, 0.11000106483697891)","(0.5976026058197021, 0.6225370168685913, 0.11425579339265823)","(0.6741842031478882, 0.6052032709121704, 0.0785149410367012)","(0.6598262786865234, 0.5533048510551453, 0.1058245301246643)","(0.6445668935775757, 0.5694150328636169, 0.11894623935222626)","(0.6393615007400513, 0.5980818867683411, 0.12701401114463806)",Release
2958,"(0.6437596678733826, 0.8023967742919922, -3.4330878406763077e-07)","(0.5810944437980652, 0.7823847532272339, 0.019567329436540604)","(0.5436459183692932, 0.7138000130653381, 0.04519224911928177)","(0.5307931900024414, 0.6535812020301819, 0.0707678496837616)","(0.5280100703239441, 0.6138933897018433, 0.09972859174013138)","(0.5760490894317627, 0.5842601656913757, 0.052601397037506104)","(0.5566724538803101, 0.5433756113052368, 0.09086859226226807)","(0.5418067574501038, 0.5611732006072998, 0.11699341982603073)","(0.5323836207389832, 0.5911440849304199, 0.13416625559329987)","(0.6117645502090454, 0.5723178386688232, 0.05807122960686684)","(0.5859577059745789, 0.5298519730567932, 0.09636616706848145)","(0.5708718299865723, 0.5548031330108643, 0.11513486504554749)","(0.5648020505905151, 0.5914130210876465, 0.12738481163978577)","(0.6456104516983032, 0.5821563601493835, 0.06518342345952988)","(0.6233139634132385, 0.5519064664840698, 0.09480675309896469)","(0.6077836155891418, 0.5841869115829468, 0.10646829754114151)","(0.6041293740272522, 0.6158739924430847, 0.1133943721652031)","(0.6795120239257812, 0.6039350032806396, 0.07429000735282898)","(0.6655859351158142, 0.5530275106430054, 0.09976111352443695)","(0.6508862972259521, 0.5674713253974915, 0.11380477994680405)","(0.6453736424446106, 0.5943690538406372, 0.12376284599304199)",Release
2959,"(0.6508156061172485, 0.7991199493408203, -2.56396759823474e-07)","(0.5853725671768188, 0.7783745527267456, 0.021665604785084724)","(0.5485166311264038, 0.7092586755752563, 0.05084224045276642)","(0.5368074178695679, 0.6482781767845154, 0.080253966152668)","(0.5314677953720093, 0.6029551029205322, 0.11436212807893753)","(0.5824092626571655, 0.5796781182289124, 0.06318534910678864)","(0.5621867775917053, 0.5371137857437134, 0.10779488831758499)","(0.5475013256072998, 0.5517846941947937, 0.13953690230846405)","(0.539283812046051, 0.5790919661521912, 0.16101506352424622)","(0.6196417808532715, 0.5682411193847656, 0.07081178575754166)","(0.5963433980941772, 0.5187947750091553, 0.1143350824713707)","(0.5818489193916321, 0.5351659655570984, 0.1392449289560318)","(0.5753190517425537, 0.5687586665153503, 0.15753832459449768)","(0.6528751850128174, 0.5784623026847839, 0.07974398136138916)","(0.6308393478393555, 0.5451156497001648, 0.11344718188047409)","(0.6132731437683105, 0.5732571482658386, 0.13166217505931854)","(0.6074185967445374, 0.6031992435455322, 0.14480531215667725)","(0.6868277192115784, 0.6026099920272827, 0.09058114141225815)","(0.6720807552337646, 0.5491205453872681, 0.1190425455570221)","(0.6561750769615173, 0.5642661452293396, 0.13710178434848785)","(0.6486799120903015, 0.5932191610336304, 0.1513800323009491)",Reach
2960,"(0.6535111665725708, 0.8005000352859497, -2.1466586019869283e-07)","(0.5887065529823303, 0.7749289274215698, 0.017672881484031677)","(0.5527597665786743, 0.7014639973640442, 0.041691169142723083)","(0.5421494245529175, 0.636604905128479, 0.0661860853433609)","(0.5380273461341858, 0.5875730514526367, 0.09540947526693344)","(0.5867898464202881, 0.5734349489212036, 0.05155700072646141)","(0.5664740204811096, 0.5300167202949524, 0.09162994474172592)","(0.5524104237556458, 0.5439746975898743, 0.12189370393753052)","(0.5433812141418457, 0.5711462497711182, 0.1425274759531021)","(0.6241346597671509, 0.561882495880127, 0.05831482633948326)","(0.6029152870178223, 0.5111422538757324, 0.09637999534606934)","(0.5890989303588867, 0.5220898389816284, 0.11984912306070328)","(0.5812413096427917, 0.5504083633422852, 0.13719068467617035)","(0.6579200625419617, 0.5734261870384216, 0.06634218990802765)","(0.6362404823303223, 0.5383319854736328, 0.09579114615917206)","(0.6172392964363098, 0.5580701231956482, 0.11300211399793625)","(0.6072355508804321, 0.5836246609687805, 0.12539564073085785)","(0.6917714476585388, 0.5989245772361755, 0.07596203684806824)","(0.6784986257553101, 0.5465231537818909, 0.10200116038322449)","(0.6637591123580933, 0.5580123662948608, 0.11919403821229935)","(0.6552127003669739, 0.5853471159934998, 0.13265176117420197)",Reach
2961,"(0.6580087542533875, 0.7992963790893555, -3.295777730727423e-07)","(0.5933126211166382, 0.7681008577346802, 0.0167664997279644)","(0.5581843852996826, 0.6912517547607422, 0.039531998336315155)","(0.5464431643486023, 0.6235390901565552, 0.062651626765728)","(0.5417526960372925, 0.57743901014328, 0.08847153186798096)","(0.5904299020767212, 0.5626360177993774, 0.04671674221754074)","(0.568070650100708, 0.5205795168876648, 0.08443501591682434)","(0.5523276329040527, 0.5356276631355286, 0.10925192385911942)","(0.5422812700271606, 0.5607983469963074, 0.12491057813167572)","(0.6288077235221863, 0.5523563027381897, 0.052552927285432816)","(0.5997970700263977, 0.5106528997421265, 0.09037132561206818)","(0.5811941623687744, 0.5343255996704102, 0.10624378174543381)","(0.5714346766471863, 0.5702008605003357, 0.11501386016607285)","(0.662721574306488, 0.5670025944709778, 0.0603586882352829)","(0.6352285742759705, 0.5392836928367615, 0.08895477652549744)","(0.6187630295753479, 0.5718043446540833, 0.09646601229906082)","(0.6143782138824463, 0.6055583953857422, 0.09932459890842438)","(0.6945841312408447, 0.5910878777503967, 0.07021114975214005)","(0.6770060062408447, 0.5420706868171692, 0.09409891068935394)","(0.6623209714889526, 0.5557168126106262, 0.10532530397176743)","(0.656611979007721, 0.5833906531333923, 0.11229860037565231)",Reach
2962,"(0.6584206223487854, 0.7890613079071045, -3.1781365805727546e-07)","(0.5947619080543518, 0.7592281699180603, 0.01156268734484911)","(0.5591804385185242, 0.6790655851364136, 0.02973615936934948)","(0.5491827726364136, 0.605767548084259, 0.049046486616134644)","(0.5454795360565186, 0.5581978559494019, 0.07143840193748474)","(0.596605122089386, 0.5516429543495178, 0.030139831826090813)","(0.5723327994346619, 0.5036634206771851, 0.059451501816511154)","(0.5545451045036316, 0.5178255438804626, 0.08099701255559921)","(0.5438482761383057, 0.540860652923584, 0.09513606131076813)","(0.6342076063156128, 0.5426877737045288, 0.03531403839588165)","(0.6030709147453308, 0.48559173941612244, 0.06250519305467606)","(0.5814871191978455, 0.5054714679718018, 0.07716701924800873)","(0.5707693696022034, 0.5377477407455444, 0.08646167069673538)","(0.667384147644043, 0.5583869218826294, 0.04232488572597504)","(0.6376065015792847, 0.5198805332183838, 0.061971165239810944)","(0.6189234256744385, 0.5514575839042664, 0.06857044249773026)","(0.6135531067848206, 0.5838330984115601, 0.07221417129039764)","(0.6968435645103455, 0.5847902894020081, 0.05113017186522484)","(0.6796371936798096, 0.5280170440673828, 0.06951822340488434)","(0.663886308670044, 0.5434437990188599, 0.07974524050951004)","(0.6590631604194641, 0.5743905305862427, 0.08648402243852615)",Reach
2963,"(0.6617028713226318, 0.7834712266921997, -2.9215570407359337e-07)","(0.5945306420326233, 0.7429165244102478, 0.016315985471010208)","(0.5605486631393433, 0.656216561794281, 0.040372010320425034)","(0.5502394437789917, 0.5832067131996155, 0.06756068021059036)","(0.5454820394515991, 0.5335058569908142, 0.09983386844396591)","(0.6002176403999329, 0.5275453329086304, 0.037655528634786606)","(0.5756872296333313, 0.4796021580696106, 0.08126401156187057)","(0.5583550333976746, 0.4932625889778137, 0.11455260217189789)","(0.5467569231987, 0.5164402723312378, 0.13589221239089966)","(0.6401007175445557, 0.5220711827278137, 0.0481908842921257)","(0.6069730520248413, 0.46321892738342285, 0.0875001922249794)","(0.5854705572128296, 0.4808950424194336, 0.11302777379751205)","(0.5718090534210205, 0.5120955109596252, 0.1298365443944931)","(0.6714134812355042, 0.5420560240745544, 0.06186828017234802)","(0.6408967971801758, 0.49609893560409546, 0.09483356773853302)","(0.6178468465805054, 0.517143726348877, 0.11264827847480774)","(0.6076937317848206, 0.5459062457084656, 0.12269236892461777)","(0.7002750635147095, 0.5730078220367432, 0.07754546403884888)","(0.6797086000442505, 0.5200780630111694, 0.1074538454413414)","(0.6601109504699707, 0.5322186946868896, 0.1248277947306633)","(0.6514540910720825, 0.5591702461242676, 0.13621802628040314)",Reach
2964,"(0.6611412167549133, 0.7713581323623657, -2.896670991958672e-07)","(0.5921913385391235, 0.7271208167076111, 0.01737884059548378)","(0.5582738518714905, 0.6356713175773621, 0.040364209562540054)","(0.5481464862823486, 0.5579728484153748, 0.06517774611711502)","(0.543899655342102, 0.5066732168197632, 0.09428438544273376)","(0.5975825190544128, 0.5108357071876526, 0.04052988067269325)","(0.5730131268501282, 0.46141916513442993, 0.08416230976581573)","(0.5559277534484863, 0.4782921373844147, 0.11746950447559357)","(0.5454630255699158, 0.5043700337409973, 0.13878196477890015)","(0.6373399496078491, 0.5057814717292786, 0.04899962246417999)","(0.6056464314460754, 0.4449577331542969, 0.08840034902095795)","(0.5861883163452148, 0.4699273109436035, 0.11339092254638672)","(0.576626181602478, 0.5062301754951477, 0.12995962798595428)","(0.669481098651886, 0.5263477563858032, 0.060499247163534164)","(0.6389630436897278, 0.4769839346408844, 0.09375248849391937)","(0.6168158650398254, 0.5020012259483337, 0.11138514429330826)","(0.6089658737182617, 0.532855212688446, 0.12095178663730621)","(0.6984541416168213, 0.5571590065956116, 0.07396728545427322)","(0.6784325838088989, 0.5007121562957764, 0.10401594638824463)","(0.6584342122077942, 0.5141632556915283, 0.12162159383296967)","(0.6507361531257629, 0.5419222712516785, 0.13299909234046936)",Reach
2965,"(0.6561796069145203, 0.7472207546234131, -3.1406688094648416e-07)","(0.5873138904571533, 0.7088761925697327, 0.00846112985163927)","(0.5520579218864441, 0.6153643131256104, 0.024719148874282837)","(0.5423712134361267, 0.5351688265800476, 0.04292904585599899)","(0.5373309254646301, 0.48541009426116943, 0.06489742547273636)","(0.5921406149864197, 0.4912286400794983, 0.024202516302466393)","(0.5653620958328247, 0.4312377870082855, 0.05325871706008911)","(0.547601580619812, 0.4494757652282715, 0.07675670832395554)","(0.5396984815597534, 0.4789699614048004, 0.09250569343566895)","(0.6328437924385071, 0.4829518496990204, 0.031121879816055298)","(0.5980052351951599, 0.4129890203475952, 0.05672650411725044)","(0.5782184600830078, 0.44315052032470703, 0.07510992884635925)","(0.5734344720840454, 0.48312270641326904, 0.08840835094451904)","(0.6662015914916992, 0.501245379447937, 0.03987575322389603)","(0.6308414340019226, 0.4408379793167114, 0.060350529849529266)","(0.6081726551055908, 0.465842604637146, 0.07239101082086563)","(0.6029595732688904, 0.4964311420917511, 0.07977654784917831)","(0.6946235299110413, 0.529919445514679, 0.049932658672332764)","(0.6732264757156372, 0.4717331528663635, 0.0696602463722229)","(0.6537463068962097, 0.48449400067329407, 0.0824587419629097)","(0.6489348411560059, 0.5126360654830933, 0.09131395816802979)",Reach
2966,"(0.6490715146064758, 0.725678563117981, -2.929372442395106e-07)","(0.5795178413391113, 0.6891127824783325, 0.0030821352265775204)","(0.5429875254631042, 0.5924648642539978, 0.01697525382041931)","(0.532605767250061, 0.5122982859611511, 0.03350231423974037)","(0.5265202522277832, 0.4661586880683899, 0.05351576954126358)","(0.5860357284545898, 0.4666719436645508, 0.017339244484901428)","(0.557996392250061, 0.4048535227775574, 0.042939767241477966)","(0.5380609035491943, 0.4220462441444397, 0.06325538456439972)","(0.5285424590110779, 0.4506876468658447, 0.0766497552394867)","(0.6269429326057434, 0.4590543210506439, 0.02551562339067459)","(0.590715765953064, 0.38544461131095886, 0.04742353409528732)","(0.5673778653144836, 0.411273330450058, 0.06231483444571495)","(0.5597520470619202, 0.450852632522583, 0.07312306761741638)","(0.6603205800056458, 0.4789296090602875, 0.035143326967954636)","(0.6231865882873535, 0.412416011095047, 0.05230418220162392)","(0.5978595018386841, 0.431583970785141, 0.0605015903711319)","(0.5885254740715027, 0.46136176586151123, 0.06524882465600967)","(0.6872844696044922, 0.5094917416572571, 0.04567810893058777)","(0.6669901013374329, 0.45464807748794556, 0.06130559369921684)","(0.64751136302948, 0.46075308322906494, 0.07011760026216507)","(0.6403317451477051, 0.4827295243740082, 0.07610907405614853)",Reach
2967,"(0.6393862366676331, 0.6984899044036865, -2.8234055093889765e-07)","(0.5676651000976562, 0.661066472530365, 0.0032981226686388254)","(0.5296257734298706, 0.564333975315094, 0.019657842814922333)","(0.5171664953231812, 0.48475080728530884, 0.03909778594970703)","(0.5113916397094727, 0.43675896525382996, 0.062349483370780945)","(0.5702306628227234, 0.4319157898426056, 0.021829605102539062)","(0.5389453768730164, 0.37860342860221863, 0.05309760943055153)","(0.5216464400291443, 0.4009694457054138, 0.07691534608602524)","(0.5159117579460144, 0.42967745661735535, 0.09204576909542084)","(0.6120439767837524, 0.42278990149497986, 0.03196978569030762)","(0.5731066465377808, 0.3546547293663025, 0.05796591192483902)","(0.550981342792511, 0.3838289976119995, 0.07483844459056854)","(0.5443390607833862, 0.42684412002563477, 0.08687756210565567)","(0.6457356810569763, 0.4423516094684601, 0.04373288154602051)","(0.607000470161438, 0.3801094591617584, 0.06417293101549149)","(0.5825505256652832, 0.40230071544647217, 0.07326212525367737)","(0.5745036602020264, 0.43461155891418457, 0.07857152074575424)","(0.6731173396110535, 0.4728037714958191, 0.056406740099191666)","(0.6526486277580261, 0.41654476523399353, 0.07474697381258011)","(0.6345601081848145, 0.42448440194129944, 0.08424850553274155)","(0.6288787126541138, 0.449762225151062, 0.09074072539806366)",Reach
2968,"(0.6234109401702881, 0.6688857078552246, -2.8127422524448775e-07)","(0.5499441623687744, 0.627466082572937, 0.005993576254695654)","(0.5142412781715393, 0.5327791571617126, 0.02587808109819889)","(0.5017229914665222, 0.45883265137672424, 0.049579255282878876)","(0.49259668588638306, 0.410775363445282, 0.07771707326173782)","(0.5510085821151733, 0.40071070194244385, 0.02724575437605381)","(0.519304096698761, 0.3462793231010437, 0.06380396336317062)","(0.5015023350715637, 0.3665522336959839, 0.09243322908878326)","(0.4950226843357086, 0.39493799209594727, 0.11130323261022568)","(0.5931057333946228, 0.3907628655433655, 0.03962422162294388)","(0.5534074306488037, 0.3214848041534424, 0.06998246163129807)","(0.5312679409980774, 0.3528714179992676, 0.09090695530176163)","(0.523993194103241, 0.39803677797317505, 0.10644671320915222)","(0.6265771985054016, 0.4093371033668518, 0.053929101675748825)","(0.5876782536506653, 0.34972280263900757, 0.07854517549276352)","(0.5635156631469727, 0.37589284777641296, 0.09055950492620468)","(0.556185245513916, 0.40882015228271484, 0.09832657128572464)","(0.6558458805084229, 0.43677839636802673, 0.06951921433210373)","(0.6350658535957336, 0.3786262273788452, 0.09171131998300552)","(0.6164065003395081, 0.3863563537597656, 0.10318326950073242)","(0.6103957891464233, 0.4099328815937042, 0.11142680048942566)",Reach
2969,"(0.6050432920455933, 0.6397151350975037, -2.8010785513288283e-07)","(0.5303382277488708, 0.5960338115692139, 0.00710492767393589)","(0.4939314126968384, 0.505906879901886, 0.027596350759267807)","(0.4798491299152374, 0.4326704442501068, 0.052452024072408676)","(0.472425639629364, 0.3836001753807068, 0.08190860599279404)","(0.5298002362251282, 0.37045353651046753, 0.02698458731174469)","(0.49555861949920654, 0.31986719369888306, 0.06799629330635071)","(0.47900405526161194, 0.34365758299827576, 0.09948255121707916)","(0.4732692241668701, 0.3704635500907898, 0.1194140836596489)","(0.5716652274131775, 0.3583800494670868, 0.040950577706098557)","(0.5302266478538513, 0.29395341873168945, 0.07566487044095993)","(0.5098497867584229, 0.3282667100429535, 0.09777816385030746)","(0.5037769079208374, 0.3730689585208893, 0.1128893718123436)","(0.6052419543266296, 0.3764552175998688, 0.057709548622369766)","(0.565224289894104, 0.32169944047927856, 0.08717973530292511)","(0.542629599571228, 0.3502778708934784, 0.09978103637695312)","(0.536532461643219, 0.3845231533050537, 0.10646802932024002)","(0.6347793340682983, 0.40342840552330017, 0.07587424665689468)","(0.6158062815666199, 0.3454836905002594, 0.10099831223487854)","(0.5992093682289124, 0.35140353441238403, 0.11235080659389496)","(0.5937477946281433, 0.37249016761779785, 0.11980176717042923)",Reach
2970,"(0.5847694277763367, 0.6095899939537048, -2.581594173989288e-07)","(0.5102017521858215, 0.5646178126335144, 0.013532530516386032)","(0.47297513484954834, 0.4745633900165558, 0.038193363696336746)","(0.458634614944458, 0.4021812677383423, 0.06636121869087219)","(0.4519508481025696, 0.35544583201408386, 0.09952808171510696)","(0.5056577324867249, 0.34152549505233765, 0.03831538185477257)","(0.47274836897850037, 0.28693509101867676, 0.08292801678180695)","(0.4567672908306122, 0.30849942564964294, 0.11677613854408264)","(0.4511425197124481, 0.33508071303367615, 0.13860765099525452)","(0.5477508306503296, 0.32885289192199707, 0.05139788240194321)","(0.5068400502204895, 0.26263749599456787, 0.09059838205575943)","(0.4879850149154663, 0.2951291799545288, 0.11590171605348587)","(0.48272210359573364, 0.3382347524166107, 0.13381022214889526)","(0.5821007490158081, 0.3451533615589142, 0.06739315390586853)","(0.5444818735122681, 0.28973686695098877, 0.10141731798648834)","(0.5223088264465332, 0.3176213800907135, 0.11796949803829193)","(0.515961766242981, 0.350763738155365, 0.12782907485961914)","(0.6133676171302795, 0.37134790420532227, 0.08509961515665054)","(0.597987711429596, 0.31078818440437317, 0.11460752040147781)","(0.5815441012382507, 0.31282660365104675, 0.12921132147312164)","(0.5749053955078125, 0.3305298388004303, 0.13943889737129211)",Reach
2971,"(0.5610725283622742, 0.5690329670906067, -3.253751401643967e-07)","(0.48777803778648376, 0.5344010591506958, 0.0075927055440843105)","(0.4486769139766693, 0.44970202445983887, 0.022930454462766647)","(0.43388092517852783, 0.3756182789802551, 0.04010605439543724)","(0.43010061979293823, 0.3298645615577698, 0.06034986302256584)","(0.47735217213630676, 0.3140663206577301, 0.01855197735130787)","(0.4449334740638733, 0.2564663290977478, 0.047922853380441666)","(0.43011474609375, 0.284177303314209, 0.07208846509456635)","(0.4281308650970459, 0.31796178221702576, 0.08789977431297302)","(0.5193504691123962, 0.29658937454223633, 0.02543466165661812)","(0.4791770875453949, 0.23507869243621826, 0.05050702765583992)","(0.46116429567337036, 0.2725283205509186, 0.0655275359749794)","(0.46051663160324097, 0.31720998883247375, 0.07557980716228485)","(0.55701744556427, 0.3068732023239136, 0.0349944531917572)","(0.516761302947998, 0.25968658924102783, 0.054806292057037354)","(0.49863240122795105, 0.2931166887283325, 0.06119846552610397)","(0.49792972207069397, 0.3312082588672638, 0.06419242918491364)","(0.5878019332885742, 0.32756227254867554, 0.04615350067615509)","(0.56966233253479, 0.267017662525177, 0.06282012164592743)","(0.5537444353103638, 0.2779729664325714, 0.07085920125246048)","(0.5505843758583069, 0.306713342666626, 0.07650291174650192)",Reach
2972,"(0.5370063781738281, 0.537467896938324, -3.3314776715087646e-07)","(0.4654129445552826, 0.5059760808944702, 0.006288579665124416)","(0.42522069811820984, 0.4248214066028595, 0.01909903809428215)","(0.4124854803085327, 0.3521871566772461, 0.03381237015128136)","(0.415804386138916, 0.30952316522598267, 0.05197019502520561)","(0.45258772373199463, 0.28631746768951416, 0.012542640790343285)","(0.4210902154445648, 0.2299424111843109, 0.03657514601945877)","(0.4080914556980133, 0.25752753019332886, 0.05685815587639809)","(0.4098084568977356, 0.2922114133834839, 0.07027611136436462)","(0.4936375021934509, 0.2678613066673279, 0.01812957040965557)","(0.45516031980514526, 0.2127346247434616, 0.04115232452750206)","(0.4398268461227417, 0.24873748421669006, 0.05575287342071533)","(0.44231924414634705, 0.28923705220222473, 0.06505453586578369)","(0.531608521938324, 0.2760027050971985, 0.02602284401655197)","(0.49261993169784546, 0.2340615689754486, 0.04442037642002106)","(0.47579166293144226, 0.26628828048706055, 0.05154915899038315)","(0.4768817722797394, 0.3024140000343323, 0.0547933392226696)","(0.5638138651847839, 0.295677125453949, 0.03505265712738037)","(0.5480237007141113, 0.23354306817054749, 0.04979018494486809)","(0.5331627130508423, 0.2405400574207306, 0.05757062882184982)","(0.5306524634361267, 0.26644694805145264, 0.06323051452636719)",Reach
2973,"(0.5169244408607483, 0.5060945749282837, -3.436953477375937e-07)","(0.4453178346157074, 0.48067617416381836, 0.00662895105779171)","(0.4044245481491089, 0.4022584855556488, 0.01835314929485321)","(0.3942200541496277, 0.32959672808647156, 0.031046241521835327)","(0.4005512595176697, 0.2877975106239319, 0.046652086079120636)","(0.42673781514167786, 0.2605442404747009, 0.012992199510335922)","(0.39776670932769775, 0.2125452160835266, 0.03424117714166641)","(0.38932186365127563, 0.2453005313873291, 0.05138540640473366)","(0.3953695297241211, 0.28117987513542175, 0.06257417798042297)","(0.46745535731315613, 0.2410874366760254, 0.016102902591228485)","(0.4333500564098358, 0.19099920988082886, 0.03713054209947586)","(0.42068275809288025, 0.22839650511741638, 0.049188051372766495)","(0.4255858361721039, 0.26815444231033325, 0.05629504844546318)","(0.5056646466255188, 0.24707424640655518, 0.02127956785261631)","(0.4717511832714081, 0.21190395951271057, 0.03653068095445633)","(0.45788341760635376, 0.2460876703262329, 0.0411342978477478)","(0.4624907672405243, 0.28350621461868286, 0.04280736669898033)","(0.5379725694656372, 0.2631323039531708, 0.027615927159786224)","(0.5232872366905212, 0.20089970529079437, 0.04012918472290039)","(0.5097751021385193, 0.21046507358551025, 0.0474325492978096)","(0.50904780626297, 0.23882943391799927, 0.05266181007027626)",Reach
2974,"(0.4942494034767151, 0.47656142711639404, -3.716731100666948e-07)","(0.4242438077926636, 0.45263779163360596, 0.007921822369098663)","(0.38540294766426086, 0.3787352442741394, 0.020934846252202988)","(0.3778552711009979, 0.30943045020103455, 0.03500865772366524)","(0.39005497097969055, 0.27111926674842834, 0.05198012292385101)","(0.40135636925697327, 0.23240885138511658, 0.0138821080327034)","(0.3777400553226471, 0.19570842385292053, 0.03630700707435608)","(0.37588539719581604, 0.23873797059059143, 0.05347593128681183)","(0.38678568601608276, 0.27376633882522583, 0.06380247324705124)","(0.44203007221221924, 0.2139762043952942, 0.016183465719223022)","(0.4124688506126404, 0.16650135815143585, 0.03684677556157112)","(0.40404143929481506, 0.20807337760925293, 0.048641324043273926)","(0.4120050370693207, 0.24720972776412964, 0.05527190491557121)","(0.4804861545562744, 0.21968573331832886, 0.020729444921016693)","(0.45192983746528625, 0.19209957122802734, 0.03486577421426773)","(0.44221821427345276, 0.2309994399547577, 0.03810029849410057)","(0.44993674755096436, 0.2674310505390167, 0.03889310359954834)","(0.513859212398529, 0.23449024558067322, 0.026614174246788025)","(0.5000535249710083, 0.1726929098367691, 0.03734205663204193)","(0.4892033636569977, 0.18851780891418457, 0.04346832260489464)","(0.49125421047210693, 0.22102463245391846, 0.04775625094771385)",Reach
2975,"(0.4777778089046478, 0.44508665800094604, -3.286107244093728e-07)","(0.4051172733306885, 0.4219556748867035, 0.010192536748945713)","(0.3708532750606537, 0.3481460213661194, 0.023426128551363945)","(0.37068891525268555, 0.27560165524482727, 0.03672821819782257)","(0.3862479329109192, 0.23303277790546417, 0.05206799879670143)","(0.3805617690086365, 0.20734843611717224, 0.021373970434069633)","(0.36388838291168213, 0.18147850036621094, 0.044899143278598785)","(0.3652215600013733, 0.22036248445510864, 0.06074924394488335)","(0.37508976459503174, 0.2500258684158325, 0.06993922591209412)","(0.42012518644332886, 0.18534642457962036, 0.022452693432569504)","(0.39601433277130127, 0.14649586379528046, 0.04538439214229584)","(0.3906177282333374, 0.18240618705749512, 0.05534609407186508)","(0.3987700045108795, 0.2175651490688324, 0.060421932488679886)","(0.45853370428085327, 0.18836158514022827, 0.02561088278889656)","(0.43286842107772827, 0.17231349647045135, 0.041594162583351135)","(0.42633941769599915, 0.2122366726398468, 0.04319778084754944)","(0.4335279166698456, 0.2466793954372406, 0.04250128194689751)","(0.49215367436408997, 0.20003031194210052, 0.030205927789211273)","(0.47810685634613037, 0.15367759764194489, 0.0431317500770092)","(0.4703496992588043, 0.16941192746162415, 0.04915991052985191)","(0.47300007939338684, 0.19584903120994568, 0.053026627749204636)",Reach
2976,"(0.45848917961120605, 0.417864054441452, -3.5289073707645e-07)","(0.38891348242759705, 0.3948766589164734, 0.014151402749121189)","(0.35703033208847046, 0.32823994755744934, 0.027838876470923424)","(0.3587362766265869, 0.25807881355285645, 0.040465448051691055)","(0.3747471570968628, 0.21812352538108826, 0.05470722168684006)","(0.36176592111587524, 0.18491795659065247, 0.024969754740595818)","(0.3535037636756897, 0.16210231184959412, 0.04731594771146774)","(0.35789090394973755, 0.19781391322612762, 0.06192368268966675)","(0.36647266149520874, 0.22489947080612183, 0.0701456144452095)","(0.4000376760959625, 0.16157305240631104, 0.023162195459008217)","(0.38561731576919556, 0.12824513018131256, 0.046456228941679)","(0.3836355209350586, 0.1659107357263565, 0.056141261011362076)","(0.39176610112190247, 0.20144084095954895, 0.060544803738594055)","(0.438987135887146, 0.16230422258377075, 0.023525232449173927)","(0.42057502269744873, 0.14843906462192535, 0.03984249755740166)","(0.4170116186141968, 0.1893051266670227, 0.04211307317018509)","(0.4245886504650116, 0.22353960573673248, 0.04139580577611923)","(0.4741518497467041, 0.1735970377922058, 0.025466114282608032)","(0.46319612860679626, 0.12702424824237823, 0.038228388875722885)","(0.4564439654350281, 0.14789420366287231, 0.044981714338064194)","(0.4589151442050934, 0.17869147658348083, 0.04932863265275955)",Reach
2977,"(0.4449290931224823, 0.3947181701660156, -3.7695684795835405e-07)","(0.37905633449554443, 0.3758084177970886, 0.01964925043284893)","(0.3486805260181427, 0.30661672353744507, 0.036831773817539215)","(0.34934353828430176, 0.2386326789855957, 0.05236677825450897)","(0.3685242235660553, 0.19684337079524994, 0.069318987429142)","(0.34993457794189453, 0.1684407889842987, 0.033372312784194946)","(0.34408608078956604, 0.1460292935371399, 0.0594332329928875)","(0.34938716888427734, 0.18129202723503113, 0.0752817690372467)","(0.3566424548625946, 0.20784328877925873, 0.08400748670101166)","(0.3878757953643799, 0.1440923660993576, 0.03081020899116993)","(0.3751174211502075, 0.11530309915542603, 0.0587334930896759)","(0.3742189407348633, 0.1523408144712448, 0.06925132125616074)","(0.38185009360313416, 0.18419376015663147, 0.07322980463504791)","(0.4263027608394623, 0.14328476786613464, 0.030818382278084755)","(0.4092455804347992, 0.12810829281806946, 0.052210818976163864)","(0.40488961338996887, 0.16793552041053772, 0.05539985001087189)","(0.4113635718822479, 0.19905833899974823, 0.05401567369699478)","(0.46127209067344666, 0.15385115146636963, 0.03277761861681938)","(0.4501347839832306, 0.11077596247196198, 0.05084241181612015)","(0.4425049424171448, 0.13251763582229614, 0.05918176472187042)","(0.443663626909256, 0.16137845814228058, 0.06359140574932098)",Reach
2978,"(0.4310857951641083, 0.3734799027442932, -3.988140520050365e-07)","(0.3684082627296448, 0.3508553206920624, 0.016681723296642303)","(0.33973002433776855, 0.28254857659339905, 0.02986261248588562)","(0.34317415952682495, 0.22077420353889465, 0.041415438055992126)","(0.3628478944301605, 0.18464875221252441, 0.053730230778455734)","(0.33876410126686096, 0.14762145280838013, 0.02673974819481373)","(0.33694636821746826, 0.13561788201332092, 0.047332100570201874)","(0.34219124913215637, 0.17443999648094177, 0.05763983353972435)","(0.3469885289669037, 0.20060746371746063, 0.06264922767877579)","(0.37641796469688416, 0.12338528037071228, 0.023257765918970108)","(0.367601603269577, 0.11255761981010437, 0.04745928943157196)","(0.36723700165748596, 0.15400373935699463, 0.053866177797317505)","(0.3751052916049957, 0.18434017896652222, 0.054606109857559204)","(0.4149090647697449, 0.12290690839290619, 0.022341588512063026)","(0.4008510112762451, 0.11767458915710449, 0.04110070690512657)","(0.39659300446510315, 0.15978427231311798, 0.04270550608634949)","(0.4031195044517517, 0.18926838040351868, 0.040381934493780136)","(0.4497266411781311, 0.13409939408302307, 0.023135585710406303)","(0.4402296245098114, 0.09368056058883667, 0.04009159281849861)","(0.43246108293533325, 0.11601460725069046, 0.049029845744371414)","(0.43393996357917786, 0.14278295636177063, 0.05412759631872177)",Reach
2979,"(0.4202192723751068, 0.3551214337348938, -4.776635478265234e-07)","(0.35765907168388367, 0.32572588324546814, 0.02730504609644413)","(0.3330719470977783, 0.25680404901504517, 0.04722674563527107)","(0.3382329046726227, 0.20147503912448883, 0.06467322260141373)","(0.35863837599754333, 0.16923542320728302, 0.0820988193154335)","(0.33090049028396606, 0.1285342574119568, 0.03957347571849823)","(0.3382079601287842, 0.1358894258737564, 0.06588999181985855)","(0.34502241015434265, 0.1769436150789261, 0.07634036988019943)","(0.3472691774368286, 0.19921040534973145, 0.08077867329120636)","(0.3687945008277893, 0.1102248951792717, 0.03344856575131416)","(0.3694651424884796, 0.12314396351575851, 0.06823674589395523)","(0.3716719448566437, 0.16686564683914185, 0.07448524981737137)","(0.37840694189071655, 0.19103679060935974, 0.07215208560228348)","(0.4060419201850891, 0.11334118992090225, 0.031003497540950775)","(0.4005695581436157, 0.12280260026454926, 0.05829089879989624)","(0.3979894816875458, 0.16844579577445984, 0.05929476395249367)","(0.4028119146823883, 0.19602736830711365, 0.05397086217999458)","(0.4399886131286621, 0.12464123219251633, 0.031230561435222626)","(0.43368035554885864, 0.08013683557510376, 0.0537058524787426)","(0.4276087284088135, 0.0958254262804985, 0.06434496492147446)","(0.4282073974609375, 0.11675558239221573, 0.06934139877557755)",Reach
2980,"(0.41072559356689453, 0.34174615144729614, -4.926538963445637e-07)","(0.35186031460762024, 0.31713882088661194, 0.02169525809586048)","(0.327398419380188, 0.2556026577949524, 0.035980191081762314)","(0.33048149943351746, 0.20631974935531616, 0.04834122955799103)","(0.3478788137435913, 0.17845657467842102, 0.06070680916309357)","(0.3243880867958069, 0.12183265388011932, 0.024868667125701904)","(0.3358631432056427, 0.13708312809467316, 0.04278267174959183)","(0.34297606348991394, 0.17556864023208618, 0.049522433429956436)","(0.3441224992275238, 0.19951917231082916, 0.05204124003648758)","(0.3610914647579193, 0.10240361839532852, 0.01777329482138157)","(0.3668784201145172, 0.12408019602298737, 0.044288329780101776)","(0.37018346786499023, 0.16563162207603455, 0.04975800961256027)","(0.37520039081573486, 0.1882544606924057, 0.047450121492147446)","(0.39809662103652954, 0.10416100174188614, 0.01397200208157301)","(0.3986732065677643, 0.11731120944023132, 0.033025551587343216)","(0.39797109365463257, 0.16081303358078003, 0.035371389240026474)","(0.40080180764198303, 0.1885662078857422, 0.032132577151060104)","(0.43189916014671326, 0.11560577154159546, 0.012253007851541042)","(0.4295694828033447, 0.07031945884227753, 0.026529300957918167)","(0.4257238507270813, 0.08365604281425476, 0.03605277091264725)","(0.4266500771045685, 0.10330498218536377, 0.04138956964015961)",Reach
2981,"(0.40226155519485474, 0.33357489109039307, -5.253417043604713e-07)","(0.34838056564331055, 0.302796870470047, 0.028903411701321602)","(0.325844943523407, 0.23691806197166443, 0.04649777337908745)","(0.3298339247703552, 0.19008390605449677, 0.060244619846343994)","(0.34663692116737366, 0.16908401250839233, 0.07312265783548355)","(0.3199179172515869, 0.11971333622932434, 0.03435672074556351)","(0.3364468216896057, 0.13859759271144867, 0.051378656178712845)","(0.3434566557407379, 0.17665517330169678, 0.05526287108659744)","(0.3425962030887604, 0.19951365888118744, 0.056068263947963715)","(0.354855477809906, 0.10051929205656052, 0.023586055263876915)","(0.36720624566078186, 0.12487976253032684, 0.050742898136377335)","(0.3709714412689209, 0.16534873843193054, 0.05373068526387215)","(0.3738231956958771, 0.18719956278800964, 0.049407415091991425)","(0.39081814885139465, 0.10009744018316269, 0.01633734069764614)","(0.39729398488998413, 0.1103457659482956, 0.03674323856830597)","(0.39789265394210815, 0.1539216786623001, 0.03815228119492531)","(0.39891600608825684, 0.1806315779685974, 0.03401386737823486)","(0.42463696002960205, 0.10999713093042374, 0.011601950973272324)","(0.42584118247032166, 0.06307551264762878, 0.029786529019474983)","(0.42333340644836426, 0.07480160146951675, 0.041359879076480865)","(0.42358243465423584, 0.09317255765199661, 0.047445930540561676)",Reach
2982,"(0.39658039808273315, 0.3265155553817749, -4.934037178827566e-07)","(0.3436805009841919, 0.2887376546859741, 0.027722494676709175)","(0.3231922686100006, 0.21766112744808197, 0.04363614693284035)","(0.32857006788253784, 0.17166751623153687, 0.05573011934757233)","(0.3452858328819275, 0.15384884178638458, 0.06669513881206512)","(0.3142974078655243, 0.11811765283346176, 0.03239452466368675)","(0.3358510434627533, 0.14110898971557617, 0.04600626975297928)","(0.34347885847091675, 0.17711837589740753, 0.04656373709440231)","(0.34031611680984497, 0.19798098504543304, 0.04525993391871452)","(0.3485372066497803, 0.09913720190525055, 0.021208303049206734)","(0.36558055877685547, 0.12420646101236343, 0.044905975461006165)","(0.3711511492729187, 0.1635420173406601, 0.045421991497278214)","(0.37215152382850647, 0.18546803295612335, 0.03983919322490692)","(0.3849986791610718, 0.0980244055390358, 0.01345753762871027)","(0.39465510845184326, 0.10757191479206085, 0.031191783025860786)","(0.3972761631011963, 0.1508125364780426, 0.03242615982890129)","(0.39718371629714966, 0.17794378101825714, 0.028708651661872864)","(0.4206292927265167, 0.10778671503067017, 0.00810979027301073)","(0.42296910285949707, 0.061196133494377136, 0.025418048724532127)","(0.4217066168785095, 0.07016198337078094, 0.03746260330080986)","(0.4210270941257477, 0.08427586406469345, 0.04397236928343773)",Reach
2983,"(0.39359280467033386, 0.3233335614204407, -4.3362010160308273e-07)","(0.3424280881881714, 0.28659993410110474, 0.028322385624051094)","(0.3226626217365265, 0.21732287108898163, 0.04402535781264305)","(0.32870906591415405, 0.17046323418617249, 0.05554678663611412)","(0.3453575372695923, 0.15380458533763885, 0.06563452631235123)","(0.30940526723861694, 0.12380446493625641, 0.03571436181664467)","(0.3280749022960663, 0.14389868080615997, 0.05103236064314842)","(0.3358691930770874, 0.17849932610988617, 0.05203285440802574)","(0.3335897922515869, 0.19822369515895844, 0.050918880850076675)","(0.3444710373878479, 0.10045989602804184, 0.024438558146357536)","(0.36033904552459717, 0.1233997642993927, 0.04877351596951485)","(0.3661227226257324, 0.16102741658687592, 0.047783263027668)","(0.36926016211509705, 0.18362224102020264, 0.04151969403028488)","(0.38194331526756287, 0.09694832563400269, 0.016773201525211334)","(0.3910098373889923, 0.10496720671653748, 0.03588084131479263)","(0.39339104294776917, 0.14396755397319794, 0.036023788154125214)","(0.39520877599716187, 0.16970835626125336, 0.031696900725364685)","(0.41915130615234375, 0.1053885817527771, 0.011551822535693645)","(0.42226123809814453, 0.06436686962842941, 0.03244674205780029)","(0.42113110423088074, 0.0695551186800003, 0.045449867844581604)","(0.42131170630455017, 0.07926105707883835, 0.052269428968429565)",Reach
2984,"(0.38844364881515503, 0.3203877806663513, -4.59181194401026e-07)","(0.33791977167129517, 0.2840877175331116, 0.027370383962988853)","(0.31736883521080017, 0.21301135420799255, 0.046235427260398865)","(0.32406744360923767, 0.16666540503501892, 0.0623086541891098)","(0.340654581785202, 0.15067684650421143, 0.07737985998392105)","(0.30720287561416626, 0.12398102134466171, 0.035965852439403534)","(0.3249107003211975, 0.14844048023223877, 0.05337410420179367)","(0.3322093188762665, 0.18355876207351685, 0.05528075248003006)","(0.3291012942790985, 0.20091742277145386, 0.05458894371986389)","(0.3436189293861389, 0.10231129825115204, 0.02684158831834793)","(0.35671666264533997, 0.1267513632774353, 0.05346556007862091)","(0.36275699734687805, 0.1658228039741516, 0.052664559334516525)","(0.36562269926071167, 0.18709087371826172, 0.04619224742054939)","(0.3805251717567444, 0.09813212603330612, 0.021327605471014977)","(0.38693520426750183, 0.10579735040664673, 0.04258096218109131)","(0.38976573944091797, 0.14648334681987762, 0.042090028524398804)","(0.39227303862571716, 0.17143063247203827, 0.03692004084587097)","(0.4169975817203522, 0.10562054812908173, 0.018255753442645073)","(0.4183768033981323, 0.06241913139820099, 0.04080831632018089)","(0.41696396470069885, 0.0686694011092186, 0.05372581258416176)","(0.4175484776496887, 0.0812259390950203, 0.0601426362991333)",Reach
2985,"(0.386148065328598, 0.31823790073394775, -4.631287708889431e-07)","(0.3349969983100891, 0.2779778242111206, 0.023994777351617813)","(0.31713056564331055, 0.20580901205539703, 0.03868819773197174)","(0.32731279730796814, 0.15934769809246063, 0.05063652619719505)","(0.34716731309890747, 0.14281167089939117, 0.06181265786290169)","(0.3086516857147217, 0.117597296833992, 0.026751069352030754)","(0.32967108488082886, 0.13886460661888123, 0.038595594465732574)","(0.33635568618774414, 0.17359419167041779, 0.03883730620145798)","(0.3332698941230774, 0.19380392134189606, 0.037541404366493225)","(0.34280872344970703, 0.09872957319021225, 0.017239974811673164)","(0.35850265622138977, 0.12128706276416779, 0.03942401334643364)","(0.3637319505214691, 0.15983322262763977, 0.041047386825084686)","(0.3651275932788849, 0.17989784479141235, 0.03668898344039917)","(0.3779192566871643, 0.09844149649143219, 0.010789837688207626)","(0.3871379792690277, 0.10237762331962585, 0.026685617864131927)","(0.3894693851470947, 0.14361272752285004, 0.029417378827929497)","(0.389793336391449, 0.1705809235572815, 0.027572065591812134)","(0.412865549325943, 0.10925456136465073, 0.006396215409040451)","(0.4150174856185913, 0.055023908615112305, 0.021886924281716347)","(0.41448962688446045, 0.05594370514154434, 0.03405581787228584)","(0.41439032554626465, 0.06608350574970245, 0.04125290364027023)",Reach
2986,"(0.38388311862945557, 0.31806227564811707, -4.611717656644032e-07)","(0.33474913239479065, 0.27460911870002747, 0.025698265060782433)","(0.3171778917312622, 0.20292961597442627, 0.040794823318719864)","(0.32602277398109436, 0.15856853127479553, 0.051621679216623306)","(0.3443317711353302, 0.14224453270435333, 0.06123773381114006)","(0.3111441731452942, 0.11639237403869629, 0.03405808284878731)","(0.3287413418292999, 0.13607056438922882, 0.04740083962678909)","(0.3365096151828766, 0.17198096215724945, 0.048514846712350845)","(0.3348192274570465, 0.1938013881444931, 0.0482625775039196)","(0.34436386823654175, 0.09630876034498215, 0.02352871373295784)","(0.3598167300224304, 0.11866918206214905, 0.045217979699373245)","(0.3650590479373932, 0.15988922119140625, 0.04512852430343628)","(0.3655075132846832, 0.1844569891691208, 0.040684353560209274)","(0.3793662190437317, 0.0967458188533783, 0.01601472683250904)","(0.38817498087882996, 0.10175622254610062, 0.031511347740888596)","(0.3913585841655731, 0.14467565715312958, 0.032894816249608994)","(0.3914797306060791, 0.1736087054014206, 0.030988479033112526)","(0.4140781760215759, 0.10901311784982681, 0.010817776434123516)","(0.41576069593429565, 0.04962672293186188, 0.02697281539440155)","(0.4143528938293457, 0.0475587397813797, 0.03952733427286148)","(0.4129219353199005, 0.05637453496456146, 0.0473247654736042)",Reach
2987,"(0.3837708532810211, 0.31684553623199463, -4.2084812434950436e-07)","(0.3335789740085602, 0.2690388858318329, 0.025544404983520508)","(0.31669875979423523, 0.19782482087612152, 0.04042531177401543)","(0.32493823766708374, 0.15422765910625458, 0.050711557269096375)","(0.3430434465408325, 0.13773590326309204, 0.059725742787122726)","(0.3098592460155487, 0.11800406873226166, 0.03637288883328438)","(0.3253459334373474, 0.13292008638381958, 0.05036618933081627)","(0.3337665796279907, 0.16782675683498383, 0.05243518203496933)","(0.33322247862815857, 0.19034074246883392, 0.053125448524951935)","(0.3434920907020569, 0.09710128605365753, 0.02588162198662758)","(0.35786306858062744, 0.11787495017051697, 0.04712327569723129)","(0.36286798119544983, 0.15771228075027466, 0.046231839805841446)","(0.36389485001564026, 0.18286935985088348, 0.04178125411272049)","(0.37898415327072144, 0.09721273183822632, 0.018307430669665337)","(0.3868080973625183, 0.10348367691040039, 0.0334775410592556)","(0.3900007903575897, 0.1446458399295807, 0.033611178398132324)","(0.3906661570072174, 0.17297808825969696, 0.0312734991312027)","(0.4135320782661438, 0.10934988409280777, 0.013124826364219189)","(0.41575780510902405, 0.053096115589141846, 0.029673174023628235)","(0.4149768650531769, 0.04972250014543533, 0.04190034791827202)","(0.4142645597457886, 0.05653625726699829, 0.0496070496737957)",Reach
2988,"(0.3814961910247803, 0.31699323654174805, -4.4842465740657644e-07)","(0.33486074209213257, 0.2712239921092987, 0.03131664916872978)","(0.31754270195961, 0.19891254603862762, 0.05083461105823517)","(0.3258189857006073, 0.15711107850074768, 0.06522901356220245)","(0.3431064188480377, 0.14736337959766388, 0.07778996974229813)","(0.3088357746601105, 0.12070891261100769, 0.044952742755413055)","(0.32370778918266296, 0.13911710679531097, 0.061824727803468704)","(0.33119767904281616, 0.17472989857196808, 0.0635577142238617)","(0.33061832189559937, 0.1965624988079071, 0.06346491724252701)","(0.3420405089855194, 0.09829293191432953, 0.033254873007535934)","(0.35559239983558655, 0.12114165723323822, 0.057675961405038834)","(0.360951691865921, 0.16184714436531067, 0.05598444491624832)","(0.3619730472564697, 0.1874513030052185, 0.05047157406806946)","(0.3767440617084503, 0.09693735092878342, 0.02483249269425869)","(0.38473692536354065, 0.10542958229780197, 0.04354717209935188)","(0.38783028721809387, 0.14625930786132812, 0.04246539995074272)","(0.3884395360946655, 0.1736319214105606, 0.03837542235851288)","(0.41136953234672546, 0.10742581635713577, 0.019185252487659454)","(0.4135476052761078, 0.058706603944301605, 0.03898334503173828)","(0.41418886184692383, 0.05410902202129364, 0.05062602460384369)","(0.4147789180278778, 0.05812717229127884, 0.05706813558936119)",Reach
2989,"(0.3802297115325928, 0.3155280351638794, -4.4254866793380643e-07)","(0.3329661786556244, 0.2708495855331421, 0.030599195510149002)","(0.315493643283844, 0.19753143191337585, 0.04946278780698776)","(0.324496328830719, 0.1544536054134369, 0.06346679478883743)","(0.3429999053478241, 0.14287176728248596, 0.0758199691772461)","(0.3077637553215027, 0.11995595693588257, 0.04212801158428192)","(0.3245522081851959, 0.13513068854808807, 0.05844271183013916)","(0.3317762613296509, 0.1714836061000824, 0.05985543504357338)","(0.33007967472076416, 0.19262439012527466, 0.05960382893681526)","(0.3413739502429962, 0.0996122658252716, 0.030868086963891983)","(0.3552556037902832, 0.11857394129037857, 0.05581401661038399)","(0.3605220913887024, 0.15877489745616913, 0.05511646345257759)","(0.36161133646965027, 0.18315009772777557, 0.050043556839227676)","(0.37585073709487915, 0.09808766841888428, 0.022977245971560478)","(0.3836425840854645, 0.10197485983371735, 0.042548567056655884)","(0.3864366114139557, 0.14415186643600464, 0.04287207871675491)","(0.3873853385448456, 0.17189142107963562, 0.03966084495186806)","(0.4099043011665344, 0.10756310820579529, 0.017760496586561203)","(0.41182827949523926, 0.05398485064506531, 0.039023175835609436)","(0.41191890835762024, 0.05464053899049759, 0.05254441499710083)","(0.41280677914619446, 0.06468494981527328, 0.06032157689332962)",Reach
2990,"(0.37997838854789734, 0.3168800473213196, -5.029158955949242e-07)","(0.33341020345687866, 0.27417370676994324, 0.04418494552373886)","(0.31511542201042175, 0.20315413177013397, 0.07171323895454407)","(0.3211555480957031, 0.1619637906551361, 0.09265279024839401)","(0.33735784888267517, 0.15115953981876373, 0.11120773106813431)","(0.30726516246795654, 0.12430088967084885, 0.06172418221831322)","(0.3221745193004608, 0.14037960767745972, 0.08808170258998871)","(0.3290397524833679, 0.17672722041606903, 0.09259743243455887)","(0.3277128338813782, 0.19505110383033752, 0.09314421564340591)","(0.34055086970329285, 0.10230147838592529, 0.04740684852004051)","(0.3522910475730896, 0.12243887782096863, 0.0834968313574791)","(0.3575407862663269, 0.16367462277412415, 0.08311104029417038)","(0.35919731855392456, 0.1879235804080963, 0.07601296901702881)","(0.373847097158432, 0.09731420129537582, 0.03776951879262924)","(0.38037094473838806, 0.10250934958457947, 0.06920433789491653)","(0.38260599970817566, 0.14581897854804993, 0.06888166069984436)","(0.3850133419036865, 0.17304354906082153, 0.0621739886701107)","(0.4075901508331299, 0.10326381027698517, 0.031822506338357925)","(0.4099518060684204, 0.050563499331474304, 0.06410940736532211)","(0.40978965163230896, 0.054325997829437256, 0.08035953342914581)","(0.41113173961639404, 0.06942230463027954, 0.08779087662696838)",Grasp
2991,"(0.38145941495895386, 0.31635695695877075, -4.6696524691469676e-07)","(0.332419753074646, 0.274248331785202, 0.037618398666381836)","(0.3136679530143738, 0.20186364650726318, 0.060405898839235306)","(0.32057109475135803, 0.15856054425239563, 0.0773550495505333)","(0.3381466865539551, 0.14586110413074493, 0.09226953983306885)","(0.3056125044822693, 0.12380506098270416, 0.05153592303395271)","(0.32054251432418823, 0.1346423625946045, 0.07356616854667664)","(0.32862240076065063, 0.16943393647670746, 0.07761291414499283)","(0.3283676505088806, 0.1897057443857193, 0.07863102108240128)","(0.3381161391735077, 0.1008031815290451, 0.03909842669963837)","(0.35158848762512207, 0.11910338699817657, 0.0704440101981163)","(0.3577570617198944, 0.15891265869140625, 0.07045868039131165)","(0.35949474573135376, 0.18234968185424805, 0.06463824212551117)","(0.37192583084106445, 0.09696410596370697, 0.03087528422474861)","(0.37933167815208435, 0.10273541510105133, 0.05704030394554138)","(0.38279056549072266, 0.14358283579349518, 0.0569850392639637)","(0.38528376817703247, 0.1698918491601944, 0.05182734504342079)","(0.4053924083709717, 0.10436791926622391, 0.025969412177801132)","(0.407108336687088, 0.05141834169626236, 0.05341451242566109)","(0.4067619740962982, 0.0497441291809082, 0.0683709979057312)","(0.4076325297355652, 0.05838321894407272, 0.0759303867816925)",Grasp
2992,"(0.37820032238960266, 0.3129875957965851, -5.426865641311451e-07)","(0.33233118057250977, 0.27604538202285767, 0.04864155873656273)","(0.3127765357494354, 0.20681247115135193, 0.08036315441131592)","(0.3174512982368469, 0.1638433337211609, 0.10560484975576401)","(0.33319228887557983, 0.14896796643733978, 0.12838053703308105)","(0.30442899465560913, 0.1224730908870697, 0.067832812666893)","(0.3229130506515503, 0.13599292933940887, 0.099058598279953)","(0.33160170912742615, 0.17383332550525665, 0.1050681322813034)","(0.3296035826206207, 0.19201914966106415, 0.10591644793748856)","(0.33767902851104736, 0.10377686470746994, 0.05422043427824974)","(0.35125279426574707, 0.11981353163719177, 0.0970071479678154)","(0.3579474687576294, 0.16215479373931885, 0.09789209067821503)","(0.35849934816360474, 0.18485692143440247, 0.08996821194887161)","(0.37033477425575256, 0.09945779293775558, 0.04593256860971451)","(0.3776170313358307, 0.10290165990591049, 0.08338708430528641)","(0.38088467717170715, 0.14798089861869812, 0.08366179466247559)","(0.3829176723957062, 0.17523163557052612, 0.07553131133317947)","(0.4031960666179657, 0.10323437303304672, 0.04181135073304176)","(0.40384066104888916, 0.04767352342605591, 0.07757191359996796)","(0.4038318991661072, 0.047477126121520996, 0.09425239264965057)","(0.4048314094543457, 0.05763580650091171, 0.10096128284931183)",Grasp
2993,"(0.3768636882305145, 0.31583136320114136, -5.208140123613703e-07)","(0.3310242295265198, 0.27650216221809387, 0.04577294737100601)","(0.31191515922546387, 0.2060099095106125, 0.07391903549432755)","(0.3162159025669098, 0.1611652970314026, 0.09594614058732986)","(0.3318451941013336, 0.14528807997703552, 0.11581722646951675)","(0.30165642499923706, 0.12285055220127106, 0.059830546379089355)","(0.3187805712223053, 0.1324646919965744, 0.08826181292533875)","(0.3276955485343933, 0.16838203370571136, 0.09441990405321121)","(0.3274701237678528, 0.18878929316997528, 0.0956277847290039)","(0.3343396782875061, 0.10215696692466736, 0.046829987317323685)","(0.3476297855377197, 0.1164172887802124, 0.0861826092004776)","(0.35471317172050476, 0.15783503651618958, 0.08810371160507202)","(0.3561015725135803, 0.18082430958747864, 0.08131548762321472)","(0.3673758804798126, 0.09850448369979858, 0.039223939180374146)","(0.37476852536201477, 0.10201962292194366, 0.07369537651538849)","(0.37741273641586304, 0.14452393352985382, 0.07569872587919235)","(0.379737913608551, 0.17235270142555237, 0.06926769763231277)","(0.4011755585670471, 0.10481590032577515, 0.03561871871352196)","(0.4012972116470337, 0.0477604866027832, 0.06896490603685379)","(0.40068700909614563, 0.04271286725997925, 0.08580351620912552)","(0.402026504278183, 0.04916644096374512, 0.09308620542287827)",Grasp
2994,"(0.373539537191391, 0.31355392932891846, -5.455380005514598e-07)","(0.32848072052001953, 0.2763737738132477, 0.047465793788433075)","(0.30903878808021545, 0.20673003792762756, 0.0776263177394867)","(0.31338438391685486, 0.16294367611408234, 0.10195908695459366)","(0.3291809558868408, 0.148873969912529, 0.12415172159671783)","(0.29899847507476807, 0.12191936373710632, 0.061969783157110214)","(0.31721973419189453, 0.13235527276992798, 0.09229421615600586)","(0.3262333869934082, 0.1696278154850006, 0.09832946211099625)","(0.3260159194469452, 0.1895272135734558, 0.09903044253587723)","(0.33218178153038025, 0.10118621587753296, 0.049285195767879486)","(0.34530991315841675, 0.11739954352378845, 0.09118400514125824)","(0.35226792097091675, 0.15915192663669586, 0.09218820184469223)","(0.35389620065689087, 0.18189793825149536, 0.08398143947124481)","(0.3650684356689453, 0.09657149761915207, 0.0423576645553112)","(0.3721465766429901, 0.10169671475887299, 0.07954324036836624)","(0.37460845708847046, 0.14513935148715973, 0.08032198250293732)","(0.37736520171165466, 0.17279702425003052, 0.07205525040626526)","(0.3988155424594879, 0.1008431613445282, 0.03960700333118439)","(0.3989831805229187, 0.04592432081699371, 0.07431939244270325)","(0.3985711336135864, 0.03678768873214722, 0.09006679058074951)","(0.39996448159217834, 0.037922173738479614, 0.09602271765470505)",Grasp
2995,"(0.3703981041908264, 0.3091244697570801, -5.495335813066049e-07)","(0.32669419050216675, 0.2728120684623718, 0.05241347849369049)","(0.30767130851745605, 0.20693039894104004, 0.08497178554534912)","(0.31033122539520264, 0.16525356471538544, 0.10982219129800797)","(0.32487282156944275, 0.1510995328426361, 0.13194704055786133)","(0.2978673577308655, 0.12124709039926529, 0.07406623661518097)","(0.31411346793174744, 0.1305803507566452, 0.10637388378381729)","(0.32307928800582886, 0.16765610873699188, 0.11243331432342529)","(0.32226836681365967, 0.18743126094341278, 0.11317740380764008)","(0.33062341809272766, 0.09936202317476273, 0.059161797165870667)","(0.3425084054470062, 0.1154235303401947, 0.10186907649040222)","(0.34968236088752747, 0.15693050622940063, 0.10154140740633011)","(0.3510594069957733, 0.18035611510276794, 0.09285303205251694)","(0.36323943734169006, 0.0939343050122261, 0.04990005120635033)","(0.3697888255119324, 0.09887968003749847, 0.08822117745876312)","(0.37252798676490784, 0.14183399081230164, 0.08852623403072357)","(0.37568801641464233, 0.1681957244873047, 0.08020254969596863)","(0.3969222605228424, 0.09767806529998779, 0.04510613530874252)","(0.3972576856613159, 0.04461272060871124, 0.0825502872467041)","(0.39676061272621155, 0.04123885929584503, 0.09982897341251373)","(0.3984709680080414, 0.04686731845140457, 0.10666121542453766)",Grasp
2996,"(0.367098331451416, 0.30720046162605286, -5.295561322782305e-07)","(0.3241613805294037, 0.2705634534358978, 0.05063807591795921)","(0.3055402338504791, 0.20409877598285675, 0.0819716528058052)","(0.3091212213039398, 0.16239938139915466, 0.10554849356412888)","(0.32401636242866516, 0.14739592373371124, 0.12658651173114777)","(0.298134446144104, 0.11976627260446548, 0.0728856772184372)","(0.3132658898830414, 0.1280338317155838, 0.10509506613016129)","(0.32184821367263794, 0.1652572602033615, 0.11254037916660309)","(0.32105720043182373, 0.1852409988641739, 0.11444155871868134)","(0.3297196626663208, 0.09613118320703506, 0.05811614543199539)","(0.34099557995796204, 0.11337485909461975, 0.09923213720321655)","(0.34765052795410156, 0.15422961115837097, 0.09941930323839188)","(0.34987714886665344, 0.17787005007266998, 0.09186547249555588)","(0.36153194308280945, 0.08944960683584213, 0.04877839609980583)","(0.36737269163131714, 0.09557440131902695, 0.08557365834712982)","(0.36978837847709656, 0.13789618015289307, 0.08608556538820267)","(0.37345972657203674, 0.163774311542511, 0.07859259098768234)","(0.39448657631874084, 0.09308282285928726, 0.04374544322490692)","(0.3958805799484253, 0.04281561076641083, 0.08085791021585464)","(0.3955042362213135, 0.04265490919351578, 0.09842966496944427)","(0.39742299914360046, 0.05105604976415634, 0.10580359399318695)",Grasp
2997,"(0.3648948073387146, 0.302921324968338, -5.585043822975422e-07)","(0.3223419487476349, 0.2591286897659302, 0.060129985213279724)","(0.3064957559108734, 0.19309405982494354, 0.09724043309688568)","(0.3102695345878601, 0.15325932204723358, 0.12524370849132538)","(0.3250599503517151, 0.1356329619884491, 0.1503429412841797)","(0.2978471517562866, 0.11474284529685974, 0.08735037595033646)","(0.3146941363811493, 0.11990656703710556, 0.1255621612071991)","(0.32382330298423767, 0.15707048773765564, 0.13508379459381104)","(0.32283955812454224, 0.17639251053333282, 0.13772572576999664)","(0.32907965779304504, 0.0966649055480957, 0.06992337852716446)","(0.3417547345161438, 0.11087888479232788, 0.1174582988023758)","(0.348511278629303, 0.15329621732234955, 0.11787574738264084)","(0.3490513563156128, 0.17708714306354523, 0.10928806662559509)","(0.3601433038711548, 0.09181264787912369, 0.05855724960565567)","(0.3669147789478302, 0.09662872552871704, 0.10119028389453888)","(0.3693140149116516, 0.1405285894870758, 0.10187218338251114)","(0.372072696685791, 0.16769665479660034, 0.09305866062641144)","(0.392284631729126, 0.09472157806158066, 0.05222182348370552)","(0.3929765522480011, 0.04098993539810181, 0.09219350665807724)","(0.39232954382896423, 0.03703200817108154, 0.11007629334926605)","(0.39338865876197815, 0.0427076518535614, 0.11690687388181686)",Grasp
2998,"(0.36194249987602234, 0.29934224486351013, -5.993024956296722e-07)","(0.32639843225479126, 0.26157575845718384, 0.06894024461507797)","(0.3103477656841278, 0.2024196833372116, 0.11091811954975128)","(0.31270265579223633, 0.16282771527767181, 0.14271894097328186)","(0.3250698149204254, 0.14312675595283508, 0.1710582822561264)","(0.297713041305542, 0.1158471405506134, 0.09730563312768936)","(0.3152056932449341, 0.11888168752193451, 0.14076712727546692)","(0.3252609670162201, 0.15832951664924622, 0.15272775292396545)","(0.3239259719848633, 0.1780627965927124, 0.15626516938209534)","(0.32669758796691895, 0.09549873322248459, 0.07804840058088303)","(0.3399549126625061, 0.10756519436836243, 0.12987194955348969)","(0.3480796217918396, 0.15245851874351501, 0.13150326907634735)","(0.34784403443336487, 0.17753374576568604, 0.12290021777153015)","(0.3572142720222473, 0.08675940334796906, 0.06578615307807922)","(0.3651716709136963, 0.09286385029554367, 0.11406929045915604)","(0.36851993203163147, 0.13870221376419067, 0.11550509929656982)","(0.37099727988243103, 0.16450418531894684, 0.10548505932092667)","(0.38933733105659485, 0.08633631467819214, 0.059248536825180054)","(0.39226892590522766, 0.04463299363851547, 0.1048351377248764)","(0.39298468828201294, 0.04982040077447891, 0.12399709969758987)","(0.39488500356674194, 0.059428729116916656, 0.13023942708969116)",Grasp
2999,"(0, 0, 0)","(0, 0, 0)","(0, 0, 0)","(0, 0, 0)","(0, 0, 0)","(0, 0, 0)","(0, 0, 0)","(0, 0, 0)","(0, 0, 0)","(0, 0, 0)","(0, 0, 0)","(0, 0, 0)","(0, 0, 0)","(0, 0, 0)","(0, 0, 0)","(0, 0, 0)","(0, 0, 0)","(0, 0, 0)","(0, 0, 0)","(0, 0, 0)","(0, 0, 0)",Negative
3000,"(0.3654561936855316, 0.2958625853061676, -7.225677904898475e-07)","(0.31131166219711304, 0.2419264316558838, 0.04321925714612007)","(0.29589933156967163, 0.175037682056427, 0.06760229915380478)","(0.2977864742279053, 0.12789881229400635, 0.08396883308887482)","(0.3107030391693115, 0.1032053679227829, 0.09810788929462433)","(0.29242420196533203, 0.09576783329248428, 0.05707404762506485)","(0.3045344650745392, 0.07861493527889252, 0.0873732790350914)","(0.3129289448261261, 0.12166891247034073, 0.10054167360067368)","(0.3127732276916504, 0.14966797828674316, 0.10735800862312317)","(0.3224045932292938, 0.07580230385065079, 0.04363581910729408)","(0.3371841013431549, 0.08634351938962936, 0.08099856972694397)","(0.34125402569770813, 0.13799794018268585, 0.0824977457523346)","(0.33950918912887573, 0.1624542623758316, 0.07608139514923096)","(0.35753828287124634, 0.07675951719284058, 0.03594909608364105)","(0.3617664873600006, 0.07416243851184845, 0.06723948568105698)","(0.36590123176574707, 0.1263779103755951, 0.06645949184894562)","(0.36634841561317444, 0.15679679811000824, 0.058664675801992416)","(0.39097100496292114, 0.08551319688558578, 0.03271821513772011)","(0.39105841517448425, 0.020928211510181427, 0.06330398470163345)","(0.39310765266418457, 0.025385187938809395, 0.08036015927791595)","(0.39511725306510925, 0.0374993272125721, 0.08846022933721542)",Grasp
3001,"(0.3577702045440674, 0.293773353099823, -6.490595865216164e-07)","(0.32434314489364624, 0.25318583846092224, 0.07092361152172089)","(0.3109983801841736, 0.19264228641986847, 0.11450027674436569)","(0.31566357612609863, 0.15147578716278076, 0.14773137867450714)","(0.3278660178184509, 0.1299639195203781, 0.17803098261356354)","(0.29261040687561035, 0.10350234061479568, 0.09975933283567429)","(0.31667840480804443, 0.10153964161872864, 0.1451210379600525)","(0.328230619430542, 0.14332617819309235, 0.15854616463184357)","(0.3258122205734253, 0.16691717505455017, 0.1626196950674057)","(0.32268843054771423, 0.08674543350934982, 0.07944132387638092)","(0.3416384160518646, 0.09276087582111359, 0.13330607116222382)","(0.350563108921051, 0.14079171419143677, 0.13564905524253845)","(0.3477693498134613, 0.1671314239501953, 0.12641701102256775)","(0.35417312383651733, 0.08146487176418304, 0.06619471311569214)","(0.3668575882911682, 0.08195558935403824, 0.1142626479268074)","(0.371136873960495, 0.1285155564546585, 0.11611105501651764)","(0.3716680109500885, 0.15678487718105316, 0.10561680793762207)","(0.3876948058605194, 0.08119182288646698, 0.05890831723809242)","(0.38963666558265686, 0.03276107460260391, 0.10148406773805618)","(0.3917542099952698, 0.0319705456495285, 0.11915291100740433)","(0.394092857837677, 0.035482488572597504, 0.12412258982658386)",Grasp
3002,"(0.3511313199996948, 0.2911984324455261, -4.0416043134428037e-07)","(0.388386607170105, 0.2220337986946106, 0.055219344794750214)","(0.39319247007369995, 0.14714618027210236, 0.09155120700597763)","(0.3826620280742645, 0.09424129873514175, 0.11986999958753586)","(0.37457871437072754, 0.07325156033039093, 0.1455521583557129)","(0.35382670164108276, 0.07972978055477142, 0.08631397783756256)","(0.36824852228164673, 0.07914157211780548, 0.12671750783920288)","(0.37274348735809326, 0.12239714711904526, 0.13984991610050201)","(0.36794838309288025, 0.14715078473091125, 0.1441730260848999)","(0.32986122369766235, 0.07353296130895615, 0.07292996346950531)","(0.3451452851295471, 0.09229792654514313, 0.12129586935043335)","(0.3513389825820923, 0.13567793369293213, 0.12519286572933197)","(0.35066819190979004, 0.16157253086566925, 0.11876450479030609)","(0.31288689374923706, 0.08295785635709763, 0.0647200345993042)","(0.32655251026153564, 0.09866812825202942, 0.10894684493541718)","(0.33587199449539185, 0.13718144595623016, 0.11132636666297913)","(0.3381683826446533, 0.16315923631191254, 0.10219798982143402)","(0.2995073199272156, 0.10076901316642761, 0.0610051266849041)","(0.3052113652229309, 0.09425520896911621, 0.1000596210360527)","(0.31526023149490356, 0.12336744368076324, 0.11483331024646759)","(0.3219394385814667, 0.14934933185577393, 0.11887969821691513)",Grasp
3003,"(0.34788647294044495, 0.2841724157333374, -3.5892733762921125e-07)","(0.39116156101226807, 0.21608641743659973, 0.060908783227205276)","(0.39722272753715515, 0.14167441427707672, 0.0981544703245163)","(0.385131299495697, 0.08258392661809921, 0.12725378572940826)","(0.37303319573402405, 0.06049440801143646, 0.1528826504945755)","(0.3669227957725525, 0.0746065080165863, 0.08982958644628525)","(0.37487149238586426, 0.08723797649145126, 0.1311938464641571)","(0.3774321973323822, 0.13193123042583466, 0.14221571385860443)","(0.3720659017562866, 0.15333685278892517, 0.14529041945934296)","(0.33569690585136414, 0.0730709657073021, 0.07587592303752899)","(0.34615927934646606, 0.09580212086439133, 0.1245664730668068)","(0.3508215844631195, 0.14286382496356964, 0.12407183647155762)","(0.3486582338809967, 0.1714407205581665, 0.11542938649654388)","(0.31203824281692505, 0.08297677338123322, 0.06855913251638412)","(0.3239114284515381, 0.09923690557479858, 0.11705740541219711)","(0.3326648473739624, 0.1424848586320877, 0.11527760326862335)","(0.3346005976200104, 0.16823895275592804, 0.10282283276319504)","(0.2910161316394806, 0.09854228794574738, 0.06652683019638062)","(0.2992965877056122, 0.09697361290454865, 0.11138081550598145)","(0.3076190650463104, 0.13030198216438293, 0.1259918212890625)","(0.31301313638687134, 0.1563551425933838, 0.12928271293640137)",Grasp
3004,"(0.34935319423675537, 0.28237658739089966, -2.9126985623406654e-07)","(0.3923589885234833, 0.216920405626297, 0.056334707885980606)","(0.39895686507225037, 0.14436975121498108, 0.09104955941438675)","(0.388386607170105, 0.08528219908475876, 0.11822361499071121)","(0.3770783543586731, 0.06022179126739502, 0.14270369708538055)","(0.36756980419158936, 0.07921209931373596, 0.08411940187215805)","(0.37694060802459717, 0.09119799733161926, 0.1229807585477829)","(0.37792184948921204, 0.13211779296398163, 0.1350419521331787)","(0.37462782859802246, 0.1545291244983673, 0.1391187310218811)","(0.33508527278900146, 0.07301538437604904, 0.07112543284893036)","(0.345971018075943, 0.09657636284828186, 0.117170050740242)","(0.34964612126350403, 0.14013591408729553, 0.12100038677453995)","(0.3497474491596222, 0.16835682094097137, 0.11618924885988235)","(0.3100195527076721, 0.0819171890616417, 0.06375820189714432)","(0.3222237527370453, 0.10080145299434662, 0.10912134498357773)","(0.3302784562110901, 0.14106422662734985, 0.11279887706041336)","(0.3336718678474426, 0.16752231121063232, 0.10512687265872955)","(0.2890686094760895, 0.09926775097846985, 0.06084680184721947)","(0.2971353232860565, 0.10681387782096863, 0.10139824450016022)","(0.30461278557777405, 0.14057448506355286, 0.11619255691766739)","(0.30979058146476746, 0.16524258255958557, 0.12081917375326157)",Grasp
3005,"(0.34963369369506836, 0.28106123208999634, -3.1574566605740984e-07)","(0.38958412408828735, 0.22095292806625366, 0.06359262764453888)","(0.39617109298706055, 0.15352730453014374, 0.10281173884868622)","(0.3850575089454651, 0.1009463220834732, 0.1331920325756073)","(0.3732209801673889, 0.07647602260112762, 0.1604257971048355)","(0.36404332518577576, 0.08275780081748962, 0.09676214307546616)","(0.37454065680503845, 0.09782090783119202, 0.1398739069700241)","(0.3774288296699524, 0.13864383101463318, 0.15274804830551147)","(0.37391793727874756, 0.15871697664260864, 0.15713512897491455)","(0.33357518911361694, 0.07714501768350601, 0.08154505491256714)","(0.34591951966285706, 0.10027407109737396, 0.13189749419689178)","(0.351728618144989, 0.14493782818317413, 0.13496340811252594)","(0.3512490391731262, 0.17280717194080353, 0.12918266654014587)","(0.3105464577674866, 0.08420513570308685, 0.07243754714727402)","(0.32376590371131897, 0.10250621289014816, 0.12143818289041519)","(0.33389487862586975, 0.14364948868751526, 0.1241377741098404)","(0.3373032510280609, 0.16965027153491974, 0.11535005271434784)","(0.29113394021987915, 0.09910857677459717, 0.06832695007324219)","(0.2994140684604645, 0.10424884408712387, 0.1123768761754036)","(0.30784133076667786, 0.13795869052410126, 0.1284923553466797)","(0.31317567825317383, 0.16320261359214783, 0.13349436223506927)",Grasp
3006,"(0.3494146466255188, 0.28359657526016235, -2.6588008950056974e-07)","(0.39146342873573303, 0.22621791064739227, 0.055807679891586304)","(0.3975166976451874, 0.15735581517219543, 0.09218903630971909)","(0.3850449025630951, 0.10719099640846252, 0.1200905591249466)","(0.36940470337867737, 0.0894121527671814, 0.14556275308132172)","(0.364778608083725, 0.09105443209409714, 0.09385042637586594)","(0.3757932782173157, 0.09836883842945099, 0.13200508058071136)","(0.37830105423927307, 0.13380686938762665, 0.14390860497951508)","(0.37501445412635803, 0.1570482850074768, 0.14849919080734253)","(0.3337963819503784, 0.07982075214385986, 0.0798434391617775)","(0.34615394473075867, 0.10016080737113953, 0.12507127225399017)","(0.35170111060142517, 0.13975182175636292, 0.12939855456352234)","(0.35311904549598694, 0.16754117608070374, 0.12576113641262054)","(0.3097265362739563, 0.08530591428279877, 0.07004252076148987)","(0.32223883271217346, 0.10343767702579498, 0.11164812743663788)","(0.33128786087036133, 0.14018972218036652, 0.11677347868680954)","(0.335199236869812, 0.16742700338363647, 0.11192306876182556)","(0.2908649444580078, 0.1032470166683197, 0.06430862098932266)","(0.29733502864837646, 0.10556462407112122, 0.1018434688448906)","(0.30544450879096985, 0.13603489100933075, 0.1177227720618248)","(0.310656875371933, 0.16060756146907806, 0.12414909154176712)",Grasp
3007,"(0.3501475155353546, 0.28375035524368286, -2.9895915076849633e-07)","(0.39026182889938354, 0.22911162674427032, 0.058566395193338394)","(0.3970033526420593, 0.1615944802761078, 0.09618371725082397)","(0.3849155902862549, 0.11263912916183472, 0.12532661855220795)","(0.36946922540664673, 0.09445968270301819, 0.1519145518541336)","(0.3630576729774475, 0.09143862128257751, 0.0938892662525177)","(0.3747442066669464, 0.09867630898952484, 0.1337892860174179)","(0.37730923295021057, 0.135218545794487, 0.14638547599315643)","(0.3733351528644562, 0.1576901376247406, 0.15115848183631897)","(0.333902508020401, 0.08164644241333008, 0.07949500530958176)","(0.34644198417663574, 0.10125680267810822, 0.12675675749778748)","(0.3523707985877991, 0.14245447516441345, 0.1314166635274887)","(0.35303279757499695, 0.16976289451122284, 0.12732884287834167)","(0.3115706741809845, 0.08724993467330933, 0.07002308964729309)","(0.32415643334388733, 0.10402855277061462, 0.11372347921133041)","(0.33359941840171814, 0.14187143743038177, 0.11930808424949646)","(0.33727332949638367, 0.16805151104927063, 0.11407744884490967)","(0.2942310869693756, 0.10467810928821564, 0.06498092412948608)","(0.29922914505004883, 0.10258214175701141, 0.10450442880392075)","(0.30745580792427063, 0.13173753023147583, 0.12159823626279831)","(0.3132363557815552, 0.154987171292305, 0.12840016186237335)",Grasp
3008,"(0.3508126437664032, 0.28373807668685913, -3.2221487344941124e-07)","(0.3776048421859741, 0.23395028710365295, 0.06295212358236313)","(0.3803959786891937, 0.16942012310028076, 0.103917695581913)","(0.3716602623462677, 0.12395484000444412, 0.1361730396747589)","(0.36274829506874084, 0.10502047836780548, 0.16588899493217468)","(0.3448348939418793, 0.09471337497234344, 0.1025036871433258)","(0.3584236800670624, 0.1064738780260086, 0.14618048071861267)","(0.362983375787735, 0.14221979677677155, 0.15958333015441895)","(0.3595704734325409, 0.16168919205665588, 0.16450254619121552)","(0.3279333710670471, 0.08463693410158157, 0.08753245323896408)","(0.34122347831726074, 0.10234887152910233, 0.13826808333396912)","(0.34910720586776733, 0.14123131334781647, 0.14351435005664825)","(0.3496377468109131, 0.16733597218990326, 0.13943828642368317)","(0.31729158759117126, 0.08718174695968628, 0.07769712805747986)","(0.32935529947280884, 0.10227847099304199, 0.12457668781280518)","(0.3385070264339447, 0.13905246555805206, 0.13026808202266693)","(0.34211599826812744, 0.1643957942724228, 0.12463609874248505)","(0.3107556104660034, 0.09938682615756989, 0.07252906262874603)","(0.3157467842102051, 0.09755699336528778, 0.11488257348537445)","(0.3223039209842682, 0.1279090791940689, 0.13266940414905548)","(0.3261638283729553, 0.15127547085285187, 0.13932229578495026)",Grasp
3009,"(0, 0, 0)","(0, 0, 0)","(0, 0, 0)","(0, 0, 0)","(0, 0, 0)","(0, 0, 0)","(0, 0, 0)","(0, 0, 0)","(0, 0, 0)","(0, 0, 0)","(0, 0, 0)","(0, 0, 0)","(0, 0, 0)","(0, 0, 0)","(0, 0, 0)","(0, 0, 0)","(0, 0, 0)","(0, 0, 0)","(0, 0, 0)","(0, 0, 0)","(0, 0, 0)",Negative
3010,"(0.3638087809085846, 0.2953824996948242, -6.943081416466157e-07)","(0.3080853819847107, 0.24291324615478516, 0.0370001494884491)","(0.29302865266799927, 0.17825958132743835, 0.059044018387794495)","(0.2958570718765259, 0.1311890184879303, 0.07419445365667343)","(0.3088594973087311, 0.10723452270030975, 0.08741271495819092)","(0.29234564304351807, 0.0940987765789032, 0.05268082395195961)","(0.30535760521888733, 0.086528480052948, 0.08040095865726471)","(0.31336748600006104, 0.12647193670272827, 0.09208878874778748)","(0.31354251503944397, 0.15467619895935059, 0.09838420152664185)","(0.32410991191864014, 0.07646515965461731, 0.04140371084213257)","(0.3373779058456421, 0.09135080873966217, 0.07553154230117798)","(0.34108075499534607, 0.14133203029632568, 0.07587911188602448)","(0.34046095609664917, 0.16811877489089966, 0.06939470767974854)","(0.35878869891166687, 0.07958264648914337, 0.03509015962481499)","(0.3617090880870819, 0.08206142485141754, 0.06282544881105423)","(0.36553525924682617, 0.13186290860176086, 0.06067652255296707)","(0.36687207221984863, 0.16299504041671753, 0.052837010473012924)","(0.39086562395095825, 0.09070634841918945, 0.032697442919015884)","(0.3926074206829071, 0.03283779323101044, 0.05985367298126221)","(0.39416107535362244, 0.03155340999364853, 0.07444924116134644)","(0.39487025141716003, 0.0367128849029541, 0.08132263273000717)",Grasp
3011,"(0.357779860496521, 0.2978052496910095, -5.07069216837408e-07)","(0.31641674041748047, 0.2580111026763916, 0.0555422380566597)","(0.30063197016716003, 0.19355644285678864, 0.09084254503250122)","(0.3062373697757721, 0.1526351273059845, 0.11720084398984909)","(0.3206675350666046, 0.13610698282718658, 0.14109505712985992)","(0.29202401638031006, 0.11136145889759064, 0.0873037651181221)","(0.31215569376945496, 0.10929779708385468, 0.1253102421760559)","(0.3223714530467987, 0.14489442110061646, 0.13700774312019348)","(0.3207336962223053, 0.16747143864631653, 0.14129938185214996)","(0.32450151443481445, 0.09218563884496689, 0.07081859558820724)","(0.3400905132293701, 0.09958599507808685, 0.11501453816890717)","(0.3475675582885742, 0.14147043228149414, 0.11607970297336578)","(0.34675389528274536, 0.16720950603485107, 0.10919342190027237)","(0.3562972843647003, 0.08894585818052292, 0.05942670628428459)","(0.36633142828941345, 0.09039229154586792, 0.09676802158355713)","(0.370128870010376, 0.13035331666469574, 0.0976833626627922)","(0.37130582332611084, 0.15762248635292053, 0.09065703302621841)","(0.38991519808769226, 0.09497115015983582, 0.05273577943444252)","(0.3905656933784485, 0.04654286801815033, 0.08881394565105438)","(0.3919690251350403, 0.04395797848701477, 0.10568377375602722)","(0.39333727955818176, 0.04791101813316345, 0.11252500116825104)",Grasp
3012,"(0.35685813426971436, 0.2960347533226013, -4.3569545482569083e-07)","(0.3080108165740967, 0.2463689148426056, 0.03478708118200302)","(0.2941957712173462, 0.17534680664539337, 0.05598455294966698)","(0.3055283725261688, 0.13224272429943085, 0.07101265341043472)","(0.326238214969635, 0.11839598417282104, 0.0844358429312706)","(0.2935188412666321, 0.10566522926092148, 0.05248235911130905)","(0.31193581223487854, 0.10704189538955688, 0.07513943314552307)","(0.32076239585876465, 0.14318761229515076, 0.08208400011062622)","(0.31942903995513916, 0.16765081882476807, 0.0849614292383194)","(0.32582512497901917, 0.0874033123254776, 0.04034768417477608)","(0.3421466648578644, 0.09867741912603378, 0.06903817504644394)","(0.34825003147125244, 0.14048953354358673, 0.06971108913421631)","(0.3475187420845032, 0.1649937778711319, 0.06537123024463654)","(0.3590141534805298, 0.08917244523763657, 0.031818754971027374)","(0.3692960739135742, 0.08948378264904022, 0.053857360035181046)","(0.37272563576698303, 0.1318245679140091, 0.055006369948387146)","(0.37240174412727356, 0.16036036610603333, 0.05191623046994209)","(0.39290785789489746, 0.10143673419952393, 0.026462789624929428)","(0.3947620987892151, 0.04312637448310852, 0.04900076612830162)","(0.3947196900844574, 0.04048196226358414, 0.0631236806511879)","(0.3946508765220642, 0.047366999089717865, 0.07102133333683014)",Grasp
3013,"(0.3590831458568573, 0.29837819933891296, -4.3415377604105743e-07)","(0.30762964487075806, 0.2462323009967804, 0.03229194134473801)","(0.2946173846721649, 0.172087624669075, 0.05215933546423912)","(0.3072221279144287, 0.12599578499794006, 0.06648910790681839)","(0.3293434977531433, 0.10967187583446503, 0.07929982990026474)","(0.295035183429718, 0.10147364437580109, 0.04777582734823227)","(0.3129468560218811, 0.10384645313024521, 0.0697854533791542)","(0.32141998410224915, 0.1397390365600586, 0.07691853493452072)","(0.3196813464164734, 0.16353492438793182, 0.07996902614831924)","(0.32827866077423096, 0.08428392559289932, 0.03649890422821045)","(0.344343364238739, 0.0977441668510437, 0.06484135240316391)","(0.34950292110443115, 0.1381666362285614, 0.06544987112283707)","(0.3483562469482422, 0.16145989298820496, 0.0609016977250576)","(0.3620745539665222, 0.08804485201835632, 0.02881496027112007)","(0.37188389897346497, 0.08939316868782043, 0.050184980034828186)","(0.37509751319885254, 0.13058054447174072, 0.050831425935029984)","(0.374405175447464, 0.15833425521850586, 0.04730224609375)","(0.3954136073589325, 0.10250299423933029, 0.02417665533721447)","(0.39724594354629517, 0.0432794913649559, 0.04551967605948448)","(0.3967934846878052, 0.03968138247728348, 0.058882590383291245)","(0.3957425653934479, 0.04672430455684662, 0.06629646569490433)",Grasp
3014,"(0.3606424927711487, 0.29590117931365967, -4.275409821730136e-07)","(0.30914586782455444, 0.24523334205150604, 0.03305184096097946)","(0.2951318025588989, 0.17379483580589294, 0.052762776613235474)","(0.30587631464004517, 0.1278933882713318, 0.06678890436887741)","(0.327100932598114, 0.1112704947590828, 0.0792158842086792)","(0.2966070771217346, 0.10030019283294678, 0.04643772542476654)","(0.3141052722930908, 0.10141440480947495, 0.06858059018850327)","(0.32234275341033936, 0.13642732799053192, 0.076399065554142)","(0.32098057866096497, 0.15960794687271118, 0.07990473508834839)","(0.329445481300354, 0.0839947909116745, 0.03483574092388153)","(0.34511563181877136, 0.09590904414653778, 0.0636591836810112)","(0.3502354323863983, 0.13486438989639282, 0.06550569832324982)","(0.34968850016593933, 0.15670530498027802, 0.061519503593444824)","(0.36291995644569397, 0.08844193071126938, 0.027002321556210518)","(0.3725651800632477, 0.08879822492599487, 0.04873289167881012)","(0.3753654658794403, 0.1285327523946762, 0.050091832876205444)","(0.374614953994751, 0.15529865026474, 0.04678129777312279)","(0.39572644233703613, 0.103474460542202, 0.022282641381025314)","(0.3987305462360382, 0.044441111385822296, 0.04393898695707321)","(0.3986554741859436, 0.042341865599155426, 0.05769381672143936)","(0.3980102837085724, 0.051285602152347565, 0.06524734944105148)",Grasp
3015,"(0.35929229855537415, 0.2949390709400177, -4.181357269317232e-07)","(0.3081965744495392, 0.24133534729480743, 0.02958511933684349)","(0.29596930742263794, 0.16958829760551453, 0.047416578978300095)","(0.3094607889652252, 0.1245156079530716, 0.05996600538492203)","(0.33228811621665955, 0.10859037935733795, 0.07111115753650665)","(0.2986622750759125, 0.09662611782550812, 0.04317030683159828)","(0.31666576862335205, 0.10139232873916626, 0.06340859085321426)","(0.3244876265525818, 0.13668134808540344, 0.06955211609601974)","(0.3229629099369049, 0.15992870926856995, 0.07166099548339844)","(0.3314153850078583, 0.08150380849838257, 0.03229338675737381)","(0.34785205125808716, 0.096320241689682, 0.06021943688392639)","(0.3527762293815613, 0.1349019706249237, 0.0617099292576313)","(0.35197922587394714, 0.15649183094501495, 0.057180553674697876)","(0.3646599352359772, 0.08866631239652634, 0.024677343666553497)","(0.3750857710838318, 0.0888487845659256, 0.04490149766206741)","(0.37786203622817993, 0.12864309549331665, 0.04623374715447426)","(0.3764028549194336, 0.15687589347362518, 0.04277696833014488)","(0.3980804681777954, 0.10631121695041656, 0.01971522532403469)","(0.4035932123661041, 0.04522468149662018, 0.0376046858727932)","(0.40330690145492554, 0.04163701832294464, 0.049472875893116)","(0.40069258213043213, 0.051109589636325836, 0.05596930533647537)",Grasp
3016,"(0.3639402687549591, 0.2957959473133087, -4.0878040863390197e-07)","(0.3106563687324524, 0.26207661628723145, 0.027212679386138916)","(0.29503166675567627, 0.2000037133693695, 0.042733386158943176)","(0.3051232695579529, 0.1552952527999878, 0.052854955196380615)","(0.32452479004859924, 0.13891705870628357, 0.061409976333379745)","(0.29945358633995056, 0.1029854416847229, 0.04102012887597084)","(0.311954528093338, 0.1124621033668518, 0.05680840089917183)","(0.3180728256702423, 0.14612455666065216, 0.05896271392703056)","(0.31738370656967163, 0.16699697077274323, 0.05845683068037033)","(0.3321741819381714, 0.08311165124177933, 0.029393406584858894)","(0.3435885012149811, 0.10323511809110641, 0.05225619301199913)","(0.3469785451889038, 0.1405048817396164, 0.05118165537714958)","(0.34744158387184143, 0.16143082082271576, 0.04551883041858673)","(0.36514416337013245, 0.08647168427705765, 0.020505309104919434)","(0.37305498123168945, 0.09274455904960632, 0.036517683416604996)","(0.37389740347862244, 0.13221456110477448, 0.036636319011449814)","(0.3732368052005768, 0.15907803177833557, 0.033255334943532944)","(0.3975825309753418, 0.10239595174789429, 0.013855346478521824)","(0.4045466184616089, 0.05152913182973862, 0.029536837711930275)","(0.4038597643375397, 0.05528346449136734, 0.040836628526449203)","(0.40263330936431885, 0.06940561532974243, 0.04734223335981369)",Grasp
3017,"(0.36794963479042053, 0.2968395948410034, -4.598188070303877e-07)","(0.3122502863407135, 0.29116225242614746, 0.0341828390955925)","(0.2921624183654785, 0.25359129905700684, 0.05761020630598068)","(0.2897118031978607, 0.22829237580299377, 0.07704802602529526)","(0.29127299785614014, 0.2209792137145996, 0.09606625139713287)","(0.29883065819740295, 0.10257605463266373, 0.05087389051914215)","(0.31286782026290894, 0.10746444016695023, 0.0782301127910614)","(0.3207646906375885, 0.1402319371700287, 0.08883445709943771)","(0.32153403759002686, 0.1642860472202301, 0.09317640960216522)","(0.3361436724662781, 0.08722984790802002, 0.04126540571451187)","(0.3470118045806885, 0.10135667771100998, 0.07609566301107407)","(0.3517315983772278, 0.1386285126209259, 0.08154740929603577)","(0.3529863953590393, 0.15969707071781158, 0.078269824385643)","(0.3703874945640564, 0.09498332440853119, 0.03538082167506218)","(0.3768414556980133, 0.09581194072961807, 0.06029542535543442)","(0.3775727152824402, 0.1314191371202469, 0.06349672377109528)","(0.3774450123310089, 0.15602996945381165, 0.06021290645003319)","(0.40392521023750305, 0.11472546309232712, 0.03257982060313225)","(0.4093054533004761, 0.058625735342502594, 0.05036041885614395)","(0.4079011380672455, 0.05715516209602356, 0.0606076642870903)","(0.40538492798805237, 0.06639338284730911, 0.06575220078229904)",Grasp
3018,"(0.3725989758968353, 0.3045087456703186, -4.399423403356195e-07)","(0.3153536021709442, 0.2966495156288147, 0.02310839667916298)","(0.2931092381477356, 0.25967803597450256, 0.039057355374097824)","(0.2893426716327667, 0.23366661369800568, 0.05258851498365402)","(0.2869446575641632, 0.22890806198120117, 0.0660855695605278)","(0.29862844944000244, 0.09997988492250443, 0.031191080808639526)","(0.3085220456123352, 0.1093130111694336, 0.05221541225910187)","(0.31551316380500793, 0.1409844309091568, 0.06175105273723602)","(0.3175278902053833, 0.16388748586177826, 0.06598938256502151)","(0.3340325951576233, 0.08442717045545578, 0.023734208196401596)","(0.34280461072921753, 0.1042914018034935, 0.05129973962903023)","(0.3453531861305237, 0.1417238563299179, 0.05683022737503052)","(0.34851229190826416, 0.16320374608039856, 0.054260462522506714)","(0.3691355586051941, 0.09452026337385178, 0.019353820011019707)","(0.37256860733032227, 0.09961608052253723, 0.03666846826672554)","(0.3718511462211609, 0.13664370775222778, 0.038123589009046555)","(0.3726734519004822, 0.16365022957324982, 0.0347944013774395)","(0.4025763273239136, 0.11533977091312408, 0.01735905557870865)","(0.41092127561569214, 0.06130390614271164, 0.028740614652633667)","(0.4091147482395172, 0.06690867990255356, 0.03655325993895531)","(0.4064543843269348, 0.08379324525594711, 0.040752798318862915)",Grasp
3019,"(0.37777820229530334, 0.309085488319397, -4.4024338308190636e-07)","(0.3196735978126526, 0.301523357629776, 0.02564338408410549)","(0.29514655470848083, 0.26128631830215454, 0.04540945962071419)","(0.28864023089408875, 0.2349724918603897, 0.06274516880512238)","(0.2873135209083557, 0.23168329894542694, 0.08028680831193924)","(0.3023087680339813, 0.10108941793441772, 0.04045439139008522)","(0.31035223603248596, 0.10751917958259583, 0.06703050434589386)","(0.31631141901016235, 0.14116394519805908, 0.07940788567066193)","(0.31906622648239136, 0.16564644873142242, 0.08498746156692505)","(0.33826589584350586, 0.08776851743459702, 0.034270837903022766)","(0.34284090995788574, 0.10451123863458633, 0.06638646870851517)","(0.3445768356323242, 0.1427280306816101, 0.07258812338113785)","(0.3481033742427826, 0.16555644571781158, 0.07019826769828796)","(0.37327393889427185, 0.0997544601559639, 0.031263936311006546)","(0.37166935205459595, 0.10218949615955353, 0.05214221775531769)","(0.37065666913986206, 0.1387127935886383, 0.05303765460848808)","(0.37228742241859436, 0.16566866636276245, 0.048865947872400284)","(0.40657728910446167, 0.1214100569486618, 0.03096524439752102)","(0.41249969601631165, 0.06877870857715607, 0.044883474707603455)","(0.41031381487846375, 0.07436046004295349, 0.05208589509129524)","(0.407174289226532, 0.08971798419952393, 0.05540364235639572)",Move
3020,"(0.38183921575546265, 0.31284216046333313, -4.2833420366150676e-07)","(0.3220364451408386, 0.3047581613063812, 0.022578896954655647)","(0.2959142327308655, 0.2623194456100464, 0.04136728495359421)","(0.28885090351104736, 0.23583641648292542, 0.05803605169057846)","(0.2879143953323364, 0.2314911037683487, 0.07489758729934692)","(0.3076031506061554, 0.09794437885284424, 0.03922245278954506)","(0.3104889690876007, 0.10609010607004166, 0.06416556239128113)","(0.3145104944705963, 0.14211127161979675, 0.074383944272995)","(0.3184587359428406, 0.16766978800296783, 0.07855682820081711)","(0.3441506028175354, 0.08862697333097458, 0.034177713096141815)","(0.3434416651725769, 0.10641732811927795, 0.0650719702243805)","(0.3433226943016052, 0.14491486549377441, 0.06967291235923767)","(0.3483501076698303, 0.1692529320716858, 0.06641791015863419)","(0.37857621908187866, 0.10395080596208572, 0.031817033886909485)","(0.3731553852558136, 0.10794857144355774, 0.05164194107055664)","(0.37035590410232544, 0.14429554343223572, 0.05089963227510452)","(0.3730378746986389, 0.17184258997440338, 0.04580235108733177)","(0.4106312096118927, 0.12730830907821655, 0.031847961246967316)","(0.41599759459495544, 0.07824961096048355, 0.044045086950063705)","(0.4137404263019562, 0.08227823674678802, 0.04901575669646263)","(0.41217032074928284, 0.09511177241802216, 0.050953421741724014)",Move
3021,"(0.3857949376106262, 0.3145555257797241, -3.811016142662993e-07)","(0.32505613565444946, 0.3064780831336975, 0.009474147111177444)","(0.2953837215900421, 0.2616085112094879, 0.019591130316257477)","(0.28699904680252075, 0.2329430878162384, 0.029381342232227325)","(0.2861340343952179, 0.229455828666687, 0.039748724550008774)","(0.3134896159172058, 0.09704503417015076, 0.018701689317822456)","(0.31075844168663025, 0.10104134678840637, 0.03609704226255417)","(0.3122957944869995, 0.136040598154068, 0.04360814392566681)","(0.3174499571323395, 0.16300421953201294, 0.04645150154829025)","(0.3501107692718506, 0.0882643386721611, 0.0167759470641613)","(0.34230276942253113, 0.10454362630844116, 0.03942637890577316)","(0.3403109014034271, 0.14144587516784668, 0.04316385090351105)","(0.34751296043395996, 0.16720649600028992, 0.040350113064050674)","(0.38467520475387573, 0.1044873297214508, 0.016655780375003815)","(0.3733106255531311, 0.10736388713121414, 0.02946620248258114)","(0.3688374161720276, 0.14280758798122406, 0.027817437425255775)","(0.37331536412239075, 0.17344269156455994, 0.02321934513747692)","(0.41601961851119995, 0.1275126338005066, 0.017812082543969154)","(0.4193221926689148, 0.08331626653671265, 0.023373261094093323)","(0.41566091775894165, 0.09213663637638092, 0.025589080527424812)","(0.41526874899864197, 0.11111428588628769, 0.026549095287919044)",Move
3022,"(0.3896752893924713, 0.316023588180542, -3.885650698975951e-07)","(0.3278258144855499, 0.30355602502822876, 0.010358378291130066)","(0.2922443449497223, 0.25680914521217346, 0.022882400080561638)","(0.28371113538742065, 0.22651007771492004, 0.03566155955195427)","(0.2973770797252655, 0.2222459316253662, 0.04928578436374664)","(0.31615984439849854, 0.09325550496578217, 0.020505299791693687)","(0.3123645782470703, 0.10265073925256729, 0.04339618235826492)","(0.3128604590892792, 0.13997016847133636, 0.05502030998468399)","(0.3175951838493347, 0.16748695075511932, 0.05977458506822586)","(0.3535415530204773, 0.08693533390760422, 0.020139355212450027)","(0.34276407957077026, 0.1078438088297844, 0.04706112667918205)","(0.3408426344394684, 0.14510796964168549, 0.052845533937215805)","(0.349395215511322, 0.17117777466773987, 0.050935856997966766)","(0.388902485370636, 0.1052328497171402, 0.022079382091760635)","(0.37479671835899353, 0.11016949266195297, 0.03887699544429779)","(0.3700621426105499, 0.14542052149772644, 0.03737145662307739)","(0.37550321221351624, 0.17575402557849884, 0.032126154750585556)","(0.4209707975387573, 0.13027438521385193, 0.025452427566051483)","(0.42306551337242126, 0.08893886208534241, 0.03302204608917236)","(0.4182722568511963, 0.10211694985628128, 0.03485582023859024)","(0.4176158905029297, 0.12513215839862823, 0.0352395623922348)",Move
3023,"(0.3960217535495758, 0.32200875878334045, -4.2433092062310607e-07)","(0.3320184051990509, 0.3051629662513733, 0.010284783318638802)","(0.29348134994506836, 0.2557656168937683, 0.02412426844239235)","(0.28333744406700134, 0.22037632763385773, 0.03906449303030968)","(0.2995169162750244, 0.21459735929965973, 0.0552363395690918)","(0.32089000940322876, 0.09467364847660065, 0.017246859148144722)","(0.312207967042923, 0.10556665807962418, 0.04288489371538162)","(0.3112504780292511, 0.14190517365932465, 0.05755343288183212)","(0.31656989455223083, 0.17020563781261444, 0.06384813785552979)","(0.35829412937164307, 0.08590099215507507, 0.018836114555597305)","(0.3415931463241577, 0.10415100306272507, 0.04744227975606918)","(0.33793893456459045, 0.14150643348693848, 0.05562201142311096)","(0.3462049961090088, 0.17051288485527039, 0.054979726672172546)","(0.3944428861141205, 0.10327766835689545, 0.02327197603881359)","(0.3754650354385376, 0.10495249181985855, 0.042101629078388214)","(0.3684029281139374, 0.13962405920028687, 0.041539039462804794)","(0.3741142749786377, 0.17242863774299622, 0.03623288869857788)","(0.4274004101753235, 0.12691038846969604, 0.029214859008789062)","(0.4250420331954956, 0.09047285467386246, 0.038306184113025665)","(0.4179808497428894, 0.11128579080104828, 0.040148019790649414)","(0.4179140627384186, 0.14101724326610565, 0.03999161720275879)",Move
3024,"(0.4034788906574249, 0.3273133635520935, -4.6128670305733976e-07)","(0.3373120427131653, 0.3087231516838074, 0.009574350900948048)","(0.2955642640590668, 0.259038507938385, 0.025497062131762505)","(0.28189247846603394, 0.22381074726581573, 0.04340134561061859)","(0.2989422678947449, 0.21729138493537903, 0.06261799484491348)","(0.32719331979751587, 0.09070504456758499, 0.021074894815683365)","(0.3121736943721771, 0.11388635635375977, 0.049312397837638855)","(0.31090202927589417, 0.15554924309253693, 0.06326942145824432)","(0.3179023861885071, 0.18418751657009125, 0.06878255307674408)","(0.36627355217933655, 0.08358650654554367, 0.02505100704729557)","(0.3433675765991211, 0.11317188292741776, 0.05820433795452118)","(0.3383861780166626, 0.15345510840415955, 0.06512157618999481)","(0.34823256731033325, 0.18357671797275543, 0.06270887702703476)","(0.40266358852386475, 0.10354167222976685, 0.03195813298225403)","(0.37877359986305237, 0.11504868417978287, 0.05536291003227234)","(0.36942407488822937, 0.15014290809631348, 0.05270429328083992)","(0.3760048449039459, 0.18315574526786804, 0.045055538415908813)","(0.4342714548110962, 0.12940025329589844, 0.04026763513684273)","(0.42584916949272156, 0.10093270987272263, 0.05266489461064339)","(0.41804736852645874, 0.12256539613008499, 0.05401530861854553)","(0.4201328456401825, 0.1527254432439804, 0.05303453654050827)",Move
3025,"(0.4106590747833252, 0.3347744941711426, -5.029060616834613e-07)","(0.34409579634666443, 0.3163613975048065, 0.009120900183916092)","(0.3008052706718445, 0.2621619403362274, 0.027089716866612434)","(0.28340306878089905, 0.22346530854701996, 0.04775884374976158)","(0.29826614260673523, 0.2130204141139984, 0.07023312151432037)","(0.334952712059021, 0.08931124210357666, 0.0253157839179039)","(0.3174446225166321, 0.11079137772321701, 0.05619218200445175)","(0.3131173253059387, 0.15718629956245422, 0.0704609826207161)","(0.31814590096473694, 0.18698005378246307, 0.0761152058839798)","(0.3746514916419983, 0.08351052552461624, 0.03186418116092682)","(0.3480459153652191, 0.11264900118112564, 0.06893375515937805)","(0.34068042039871216, 0.15714122354984283, 0.07682476937770844)","(0.34898778796195984, 0.18835140764713287, 0.07476067543029785)","(0.4102575182914734, 0.10522583872079849, 0.04127078503370285)","(0.3833073377609253, 0.11918521672487259, 0.06869596987962723)","(0.3723130226135254, 0.15658535063266754, 0.06644202768802643)","(0.37866079807281494, 0.1899876594543457, 0.05870930105447769)","(0.44106003642082214, 0.13150399923324585, 0.05199700966477394)","(0.4266089200973511, 0.11174949258565903, 0.06866496801376343)","(0.41819944977760315, 0.13798364996910095, 0.07144372165203094)","(0.4216865301132202, 0.17028354108333588, 0.07116159796714783)",Move
3026,"(0.418512225151062, 0.3417585492134094, -4.898267889075214e-07)","(0.35170862078666687, 0.32514023780822754, 0.005671535152941942)","(0.30627501010894775, 0.26915377378463745, 0.01887916959822178)","(0.28628212213516235, 0.22751674056053162, 0.03440896421670914)","(0.2968369722366333, 0.2176014631986618, 0.05146997421979904)","(0.34480375051498413, 0.09615378826856613, 0.018010010942816734)","(0.3248998522758484, 0.10070963948965073, 0.044344473630189896)","(0.31631696224212646, 0.14794369041919708, 0.05707882344722748)","(0.31812986731529236, 0.1829107105731964, 0.06233556568622589)","(0.3840014934539795, 0.08837173879146576, 0.024592790752649307)","(0.355148583650589, 0.10535908490419388, 0.05611824989318848)","(0.34395766258239746, 0.1491536945104599, 0.06421175599098206)","(0.3493342697620392, 0.18382002413272858, 0.06339670717716217)","(0.41858845949172974, 0.10939671099185944, 0.03368295729160309)","(0.3892882764339447, 0.11886751651763916, 0.057668425142765045)","(0.37706807255744934, 0.15495802462100983, 0.05689051002264023)","(0.38193705677986145, 0.1911163032054901, 0.050812654197216034)","(0.4471098482608795, 0.13489322364330292, 0.043713849037885666)","(0.42889603972435, 0.11990311741828918, 0.0587095245718956)","(0.4194270074367523, 0.14552100002765656, 0.06189669296145439)","(0.4221870005130768, 0.17728132009506226, 0.062145646661520004)",Move
3027,"(0.4279573857784271, 0.35024333000183105, -5.017239459448319e-07)","(0.3593648374080658, 0.33428412675857544, 0.008375881239771843)","(0.3119218647480011, 0.27674293518066406, 0.023453684523701668)","(0.29029688239097595, 0.2326158583164215, 0.04039597511291504)","(0.30094417929649353, 0.22324959933757782, 0.058933671563863754)","(0.353907972574234, 0.10458510369062424, 0.023399503901600838)","(0.3314496576786041, 0.09215694665908813, 0.05106722190976143)","(0.32059699296951294, 0.1412111222743988, 0.06500554084777832)","(0.32055211067199707, 0.18251922726631165, 0.07168906182050705)","(0.39235490560531616, 0.09608424454927444, 0.03068128600716591)","(0.36282238364219666, 0.10131470859050751, 0.0646626353263855)","(0.3493839502334595, 0.14649298787117004, 0.07365497946739197)","(0.35177043080329895, 0.18446485698223114, 0.07360753417015076)","(0.426009863615036, 0.11609374731779099, 0.04045473039150238)","(0.3963976502418518, 0.12124723196029663, 0.06795846670866013)","(0.3831767439842224, 0.15643396973609924, 0.06735432147979736)","(0.3862334191799164, 0.19496145844459534, 0.06089135631918907)","(0.45273557305336, 0.13961228728294373, 0.051404982805252075)","(0.43082699179649353, 0.1296597421169281, 0.0699876993894577)","(0.4205189645290375, 0.15670561790466309, 0.07361607998609543)","(0.42226606607437134, 0.18958458304405212, 0.07374851405620575)",Move
3028,"(0.4359513819217682, 0.36009615659713745, -5.128836164658424e-07)","(0.3661598563194275, 0.34490758180618286, 0.006522518116980791)","(0.31814759969711304, 0.2816964387893677, 0.022307945415377617)","(0.2942426800727844, 0.23493075370788574, 0.040806517004966736)","(0.30491673946380615, 0.2262088805437088, 0.06151578947901726)","(0.36169224977493286, 0.10721505433320999, 0.022985095158219337)","(0.33597925305366516, 0.09570613503456116, 0.05379721522331238)","(0.3255392014980316, 0.14656367897987366, 0.07123778760433197)","(0.3262118697166443, 0.1903277188539505, 0.08029448986053467)","(0.40089744329452515, 0.10161024332046509, 0.03251880779862404)","(0.3681957423686981, 0.10389626771211624, 0.06887942552566528)","(0.3538476824760437, 0.15039893984794617, 0.08012990653514862)","(0.355185866355896, 0.19284111261367798, 0.08181499689817429)","(0.43428391218185425, 0.12315908819437027, 0.04455159232020378)","(0.402140349149704, 0.12237032502889633, 0.07360219210386276)","(0.3871249556541443, 0.15781155228614807, 0.07386933267116547)","(0.38851073384284973, 0.19985553622245789, 0.0680631771683693)","(0.46016162633895874, 0.14807285368442535, 0.057731304317712784)","(0.43441030383110046, 0.13844437897205353, 0.07724853605031967)","(0.42259472608566284, 0.16626442968845367, 0.08080264180898666)","(0.4227549731731415, 0.202363058924675, 0.08092373609542847)",Move
3029,"(0.4442119002342224, 0.3694605231285095, -4.969104452356987e-07)","(0.3748224079608917, 0.3510744273662567, 0.0043431916274130344)","(0.3268880844116211, 0.2896021008491516, 0.017206821590662003)","(0.299850732088089, 0.24467217922210693, 0.032664064317941666)","(0.3091333210468292, 0.2328636199235916, 0.05019104480743408)","(0.37117478251457214, 0.1119532585144043, 0.018961597234010696)","(0.3419044017791748, 0.10418307036161423, 0.048778142780065536)","(0.3324291408061981, 0.15555208921432495, 0.06571667641401291)","(0.3341333270072937, 0.1977733075618744, 0.07423847913742065)","(0.4107164144515991, 0.10826344788074493, 0.02811526134610176)","(0.3757365942001343, 0.1138690859079361, 0.06236262246966362)","(0.3619539141654968, 0.1593593955039978, 0.07197759300470352)","(0.36356568336486816, 0.2005566954612732, 0.07241643220186234)","(0.4433465600013733, 0.1317574679851532, 0.03997369483113289)","(0.40980467200279236, 0.1320946216583252, 0.06675107032060623)","(0.39488670229911804, 0.16482043266296387, 0.06657760590314865)","(0.3962618410587311, 0.20607121288776398, 0.06070471554994583)","(0.4673565924167633, 0.1590867042541504, 0.05286145955324173)","(0.440034419298172, 0.14738750457763672, 0.07056114822626114)","(0.4283357560634613, 0.173533633351326, 0.07431288808584213)","(0.4283841550350189, 0.20975035429000854, 0.0748487189412117)",Move
3030,"(0.45264512300491333, 0.37856268882751465, -4.989071840100223e-07)","(0.38296574354171753, 0.35931193828582764, 0.004254837520420551)","(0.33538898825645447, 0.2975345253944397, 0.018614554777741432)","(0.30670279264450073, 0.2526882588863373, 0.03598100319504738)","(0.3123464286327362, 0.23842808604240417, 0.05569848045706749)","(0.381374329328537, 0.12205783277750015, 0.020464973524212837)","(0.35054469108581543, 0.10852738469839096, 0.05306859314441681)","(0.3377774953842163, 0.15982230007648468, 0.07285496592521667)","(0.33616939187049866, 0.2053721398115158, 0.08373493701219559)","(0.42056065797805786, 0.1187531054019928, 0.031430840492248535)","(0.383568674325943, 0.11910742521286011, 0.06857578456401825)","(0.36528801918029785, 0.16305813193321228, 0.07985197752714157)","(0.36208048462867737, 0.20828749239444733, 0.08166065067052841)","(0.45231908559799194, 0.14240238070487976, 0.0452180840075016)","(0.4163099229335785, 0.14010632038116455, 0.07516858726739883)","(0.3981705605983734, 0.1704011708498001, 0.07631887495517731)","(0.3955244719982147, 0.21251583099365234, 0.07123788446187973)","(0.47502511739730835, 0.1700892448425293, 0.060074470937252045)","(0.4460521936416626, 0.1575898826122284, 0.08006210625171661)","(0.43142905831336975, 0.17951032519340515, 0.08458075672388077)","(0.4275197386741638, 0.2145233303308487, 0.08572028577327728)",Move
3031,"(0.46319055557250977, 0.38978660106658936, -4.941184670315124e-07)","(0.39270925521850586, 0.371201753616333, 0.0037060766480863094)","(0.34460118412971497, 0.3087078630924225, 0.019267240539193153)","(0.3153352737426758, 0.26558583974838257, 0.03833524137735367)","(0.3206283152103424, 0.24872303009033203, 0.060280848294496536)","(0.3924279808998108, 0.13004571199417114, 0.02166130207479)","(0.35906481742858887, 0.11704155057668686, 0.05717931315302849)","(0.3453468978404999, 0.16967174410820007, 0.0793873518705368)","(0.34291526675224304, 0.2167993187904358, 0.0922851711511612)","(0.43173280358314514, 0.1293804943561554, 0.03465775400400162)","(0.39127710461616516, 0.12706251442432404, 0.07557787746191025)","(0.3706284165382385, 0.16967055201530457, 0.08929644525051117)","(0.3656122088432312, 0.2181258499622345, 0.09306465834379196)","(0.46315035223960876, 0.15515071153640747, 0.05052456259727478)","(0.424095094203949, 0.1494150161743164, 0.08421844244003296)","(0.40359124541282654, 0.17878687381744385, 0.08734771609306335)","(0.39909225702285767, 0.2212018370628357, 0.08372098207473755)","(0.4843471944332123, 0.1852690577507019, 0.06736194342374802)","(0.45355379581451416, 0.16981768608093262, 0.09008222073316574)","(0.4363580048084259, 0.19011227786540985, 0.09595762193202972)","(0.429967999458313, 0.22535979747772217, 0.09838922321796417)",Move
3032,"(0.4720882773399353, 0.4046604633331299, -4.991243827134895e-07)","(0.4024670422077179, 0.38337111473083496, 0.000679793010931462)","(0.35556063055992126, 0.3190578818321228, 0.013779167085886002)","(0.32505887746810913, 0.2777160704135895, 0.030809054151177406)","(0.32312309741973877, 0.2630980610847473, 0.050789281725883484)","(0.4038759171962738, 0.14055082201957703, 0.01604161597788334)","(0.3685656785964966, 0.12735703587532043, 0.049407392740249634)","(0.35296830534935, 0.18062570691108704, 0.07114572077989578)","(0.34881114959716797, 0.22903099656105042, 0.08405821025371552)","(0.4427781105041504, 0.14057409763336182, 0.02967391163110733)","(0.39971625804901123, 0.13987067341804504, 0.06743219494819641)","(0.37703341245651245, 0.18528471887111664, 0.08078499883413315)","(0.3711395263671875, 0.23505085706710815, 0.08502133935689926)","(0.47296154499053955, 0.16710706055164337, 0.046161774545907974)","(0.43166622519493103, 0.15973788499832153, 0.07717327028512955)","(0.4089370667934418, 0.1907263547182083, 0.08115754276514053)","(0.4032118618488312, 0.2350129783153534, 0.07886350899934769)","(0.49333590269088745, 0.19788482785224915, 0.06340796500444412)","(0.46186307072639465, 0.17974942922592163, 0.08364450186491013)","(0.4428836405277252, 0.19942407310009003, 0.08954524993896484)","(0.43488186597824097, 0.2353149801492691, 0.09272699803113937)",Move
3033,"(0.48549947142601013, 0.4214937388896942, -4.963756623510562e-07)","(0.4134923219680786, 0.3972308039665222, -0.0008166159386746585)","(0.3641006350517273, 0.3285987675189972, 0.015988919883966446)","(0.3318849503993988, 0.2844848036766052, 0.03790383040904999)","(0.33332768082618713, 0.26696932315826416, 0.06357190757989883)","(0.41707703471183777, 0.1507302224636078, 0.023094553500413895)","(0.378715842962265, 0.13632754981517792, 0.06200084090232849)","(0.362016499042511, 0.19242510199546814, 0.08646166324615479)","(0.3584040105342865, 0.24181675910949707, 0.10113631933927536)","(0.45525139570236206, 0.1537969708442688, 0.04122374951839447)","(0.410342276096344, 0.15180644392967224, 0.08532240986824036)","(0.38642337918281555, 0.19862526655197144, 0.10010137408971786)","(0.38083556294441223, 0.24849571287631989, 0.10509209334850311)","(0.4841660261154175, 0.18237143754959106, 0.06192540377378464)","(0.4413798749446869, 0.17547056078910828, 0.0981605276465416)","(0.4174344539642334, 0.2063818722963333, 0.10102490335702896)","(0.41169068217277527, 0.24988800287246704, 0.09769614785909653)","(0.5029298663139343, 0.21308737993240356, 0.08332155644893646)","(0.46942025423049927, 0.19700229167938232, 0.10668008774518967)","(0.4487125277519226, 0.21771477162837982, 0.11143318563699722)","(0.4398636221885681, 0.2538943886756897, 0.11382907629013062)",Move
3034,"(0.49601486325263977, 0.4328800439834595, -4.830083071283298e-07)","(0.42448747158050537, 0.41088566184043884, -0.005506585817784071)","(0.37361258268356323, 0.3418181538581848, 0.004992126487195492)","(0.33985280990600586, 0.29664063453674316, 0.019958430901169777)","(0.33607280254364014, 0.27825966477394104, 0.03777198866009712)","(0.42743659019470215, 0.16575440764427185, 0.012249221093952656)","(0.38812577724456787, 0.14443843066692352, 0.04445352777838707)","(0.37064576148986816, 0.19968846440315247, 0.06587658822536469)","(0.3651735782623291, 0.25101253390312195, 0.0788831114768982)","(0.4655245542526245, 0.1657085120677948, 0.028101634234189987)","(0.42062342166900635, 0.16333605349063873, 0.0638878121972084)","(0.3963516354560852, 0.2115851640701294, 0.0751546174287796)","(0.3895072638988495, 0.2606697678565979, 0.0781182050704956)","(0.49356794357299805, 0.1924072653055191, 0.04624149203300476)","(0.4497988820075989, 0.1869288682937622, 0.07472873479127884)","(0.42676597833633423, 0.21859759092330933, 0.07551296800374985)","(0.4196794331073761, 0.2635810077190399, 0.07125973701477051)","(0.51050865650177, 0.22314074635505676, 0.06484337151050568)","(0.47430408000946045, 0.20830309391021729, 0.08261997252702713)","(0.45418423414230347, 0.22845187783241272, 0.08626314997673035)","(0.4442886710166931, 0.2640243172645569, 0.08795539289712906)",Move
3035,"(0.5076557397842407, 0.45023709535598755, -5.051633706898428e-07)","(0.43485820293426514, 0.4246752858161926, -0.006310946308076382)","(0.38299238681793213, 0.3510569930076599, 0.006576776038855314)","(0.3499574661254883, 0.3059479892253876, 0.02507791668176651)","(0.3515707850456238, 0.28970593214035034, 0.047059379518032074)","(0.4420176148414612, 0.17462296783924103, 0.011771293357014656)","(0.39951103925704956, 0.15439757704734802, 0.047989849001169205)","(0.3798704445362091, 0.21236364543437958, 0.07351095974445343)","(0.372605562210083, 0.2676864266395569, 0.08944682776927948)","(0.4803255498409271, 0.17975527048110962, 0.030607564374804497)","(0.4322403371334076, 0.17432668805122375, 0.07025310397148132)","(0.405612051486969, 0.22418202459812164, 0.08487740904092789)","(0.39650872349739075, 0.276123970746994, 0.09021661430597305)","(0.5076470375061035, 0.21219374239444733, 0.0520072840154171)","(0.46237412095069885, 0.20100092887878418, 0.08406554907560349)","(0.43662595748901367, 0.2324201464653015, 0.08614323288202286)","(0.4269367754459381, 0.2790636420249939, 0.08249226212501526)","(0.5223374962806702, 0.2487628161907196, 0.07392865419387817)","(0.48694372177124023, 0.23100493848323822, 0.09363683313131332)","(0.46460896730422974, 0.2505165636539459, 0.0970684289932251)","(0.45265907049179077, 0.2865946292877197, 0.0984760969877243)",Move
3036,"(0.51838219165802, 0.46929699182510376, -5.049720357419574e-07)","(0.4460863769054413, 0.43973100185394287, -0.0060179578140378)","(0.3947664201259613, 0.3626614809036255, 0.007732441183179617)","(0.35974693298339844, 0.3164515495300293, 0.027184640988707542)","(0.3596697449684143, 0.30240800976753235, 0.05044558644294739)","(0.4531002640724182, 0.18532073497772217, 0.014260231517255306)","(0.40970373153686523, 0.1621253490447998, 0.05117989704012871)","(0.3885207176208496, 0.22120854258537292, 0.07751914858818054)","(0.38078370690345764, 0.27777352929115295, 0.09427734464406967)","(0.491673082113266, 0.19276964664459229, 0.0339115671813488)","(0.44323837757110596, 0.18376994132995605, 0.07456067949533463)","(0.41571587324142456, 0.23537904024124146, 0.09130817651748657)","(0.4056181013584137, 0.28777700662612915, 0.0987640917301178)","(0.5190374851226807, 0.22748243808746338, 0.055923689156770706)","(0.47336941957473755, 0.21454423666000366, 0.08901388198137283)","(0.4470179080963135, 0.2458469718694687, 0.09316270798444748)","(0.436709463596344, 0.2924858629703522, 0.09143006801605225)","(0.5338796377182007, 0.2660428583621979, 0.0783691257238388)","(0.4977884888648987, 0.24931113421916962, 0.09857924282550812)","(0.4748108685016632, 0.26897141337394714, 0.10272964090108871)","(0.462414026260376, 0.3054640293121338, 0.10511746257543564)",Move
3037,"(0.5292510390281677, 0.48502063751220703, -5.11231462496653e-07)","(0.4551769495010376, 0.450151264667511, -0.005905439145863056)","(0.4027756452560425, 0.36947956681251526, 0.009976619854569435)","(0.36820024251937866, 0.3185187578201294, 0.03213261812925339)","(0.37604227662086487, 0.3043133616447449, 0.058645591139793396)","(0.4661347270011902, 0.19386616349220276, 0.018837368115782738)","(0.42199817299842834, 0.17164099216461182, 0.060603342950344086)","(0.3989882171154022, 0.23185846209526062, 0.08951783925294876)","(0.3892916440963745, 0.2878727912902832, 0.10745801031589508)","(0.503652036190033, 0.2032831311225891, 0.04035773128271103)","(0.4537382125854492, 0.1980186402797699, 0.08597784489393234)","(0.4257938265800476, 0.24977920949459076, 0.10331950336694717)","(0.41487762331962585, 0.3019830286502838, 0.11037858575582504)","(0.5298782587051392, 0.23901090025901794, 0.0644441768527031)","(0.48257872462272644, 0.2290097177028656, 0.10193503648042679)","(0.45557138323783875, 0.2598719000816345, 0.10564994066953659)","(0.44468092918395996, 0.30720269680023193, 0.10278087109327316)","(0.544095516204834, 0.2770562767982483, 0.08888167887926102)","(0.5074602961540222, 0.2621511220932007, 0.11205699294805527)","(0.48401567339897156, 0.28220823407173157, 0.11589299887418747)","(0.47115808725357056, 0.3185714781284332, 0.11763739585876465)",Move
3038,"(0.5391746759414673, 0.49584734439849854, -4.815759098164563e-07)","(0.4652903079986572, 0.46109989285469055, -0.006279652006924152)","(0.4112429916858673, 0.380267471075058, 0.0070379809476435184)","(0.3793063163757324, 0.32617446780204773, 0.02588125504553318)","(0.39164963364601135, 0.3115474283695221, 0.048465121537446976)","(0.4758693277835846, 0.2081804871559143, 0.015264864079654217)","(0.43246132135391235, 0.1804039478302002, 0.05530352145433426)","(0.41036558151245117, 0.23763689398765564, 0.0832941085100174)","(0.4003196954727173, 0.2922576069831848, 0.10032365471124649)","(0.5135650038719177, 0.2155485302209854, 0.03458041325211525)","(0.4638949930667877, 0.20883557200431824, 0.07762307673692703)","(0.4371595084667206, 0.2579286992549896, 0.0932241752743721)","(0.42667293548583984, 0.3084585964679718, 0.09879099577665329)","(0.5402674078941345, 0.2494318187236786, 0.05655662342905998)","(0.4920746088027954, 0.24068748950958252, 0.09187182784080505)","(0.4668680727481842, 0.27036750316619873, 0.0940166562795639)","(0.45659372210502625, 0.31696853041648865, 0.08981359004974365)","(0.5546011328697205, 0.28743666410446167, 0.07885831594467163)","(0.516922116279602, 0.2719324827194214, 0.1013447642326355)","(0.4946461617946625, 0.2916816771030426, 0.10513810068368912)","(0.48230209946632385, 0.3291148543357849, 0.10636795312166214)",Move
3039,"(0.5488738417625427, 0.5071059465408325, -5.092696255815099e-07)","(0.4744274616241455, 0.46909403800964355, -0.0060609085485339165)","(0.4218119978904724, 0.3893825113773346, 0.008840597234666348)","(0.3894869089126587, 0.33727291226387024, 0.02985355630517006)","(0.40059879422187805, 0.3237816393375397, 0.055124953389167786)","(0.48951292037963867, 0.21844647824764252, 0.017373057082295418)","(0.4449922442436218, 0.19036823511123657, 0.058647602796554565)","(0.4208693206310272, 0.24796518683433533, 0.08708267658948898)","(0.4093606173992157, 0.3034929633140564, 0.10472375899553299)","(0.52625972032547, 0.2282988727092743, 0.038501039147377014)","(0.47473055124282837, 0.2229847013950348, 0.08440488576889038)","(0.4464414119720459, 0.27251794934272766, 0.10111463069915771)","(0.43473154306411743, 0.3230697214603424, 0.10718629509210587)","(0.5512887835502625, 0.263535737991333, 0.06226591020822525)","(0.5017221570014954, 0.2549171447753906, 0.10010804235935211)","(0.47461721301078796, 0.2857067584991455, 0.10320751368999481)","(0.46346649527549744, 0.33252233266830444, 0.09946990013122559)","(0.5645624995231628, 0.30051058530807495, 0.08633264154195786)","(0.5267140865325928, 0.2855644226074219, 0.11036227643489838)","(0.503463625907898, 0.3054201304912567, 0.11446061730384827)","(0.4905445873737335, 0.3411988317966461, 0.11599414795637131)",Move
3040,"(0.5630073547363281, 0.5221561193466187, -5.279396191326668e-07)","(0.4869982600212097, 0.48460742831230164, -0.006160416640341282)","(0.43343469500541687, 0.4027171730995178, 0.009329942986369133)","(0.3993036448955536, 0.3508307635784149, 0.03138469159603119)","(0.40680378675460815, 0.3328613340854645, 0.0575951524078846)","(0.5024621486663818, 0.23075169324874878, 0.016634976491332054)","(0.45626798272132874, 0.2019134759902954, 0.05896570533514023)","(0.4308193325996399, 0.25957033038139343, 0.08812438696622849)","(0.41850361227989197, 0.31346970796585083, 0.10602878034114838)","(0.5391364693641663, 0.24217884242534637, 0.038586344569921494)","(0.48626571893692017, 0.2359025627374649, 0.0855075865983963)","(0.45676764845848083, 0.286873459815979, 0.10220663249492645)","(0.4449961483478546, 0.3377147912979126, 0.10776341706514359)","(0.5637302994728088, 0.2785292863845825, 0.06336391717195511)","(0.5133029818534851, 0.27011117339134216, 0.10208547115325928)","(0.4854472279548645, 0.3026949465274811, 0.10417130589485168)","(0.4741586744785309, 0.3509480357170105, 0.09913065284490585)","(0.5763004422187805, 0.31571489572525024, 0.0886002629995346)","(0.5376642346382141, 0.301606684923172, 0.11279486119747162)","(0.5137143731117249, 0.32280397415161133, 0.11590120196342468)","(0.5004087090492249, 0.35934963822364807, 0.11636915802955627)",Move
3041,"(0.5756989121437073, 0.5389946699142456, -5.251786774351785e-07)","(0.4965938627719879, 0.4972570240497589, -0.004581994842737913)","(0.44316938519477844, 0.41274964809417725, 0.014055545441806316)","(0.41020089387893677, 0.35762670636177063, 0.03999365493655205)","(0.41862010955810547, 0.33886852860450745, 0.07074257731437683)","(0.5139085054397583, 0.2411021739244461, 0.020089708268642426)","(0.4676191210746765, 0.21107256412506104, 0.0661197155714035)","(0.4418981671333313, 0.2655254900455475, 0.09765031933784485)","(0.4295479357242584, 0.31729671359062195, 0.11690809577703476)","(0.5505314469337463, 0.2541116774082184, 0.04342987388372421)","(0.4977290630340576, 0.24512940645217896, 0.09460224956274033)","(0.46917465329170227, 0.29406630992889404, 0.1137780025601387)","(0.45773571729660034, 0.34344032406806946, 0.12068265676498413)","(0.5747460722923279, 0.2908753752708435, 0.06969862431287766)","(0.5240740180015564, 0.28074347972869873, 0.11203739792108536)","(0.49678266048431396, 0.31149470806121826, 0.11558981239795685)","(0.48597076535224915, 0.35741376876831055, 0.1110718697309494)","(0.5869096517562866, 0.3274196982383728, 0.0964737981557846)","(0.5473558902740479, 0.3140746057033539, 0.12295818328857422)","(0.5235517024993896, 0.33505958318710327, 0.12641490995883942)","(0.5106213688850403, 0.37035393714904785, 0.1269260048866272)",Move
3042,"(0.5870829820632935, 0.5528397560119629, -5.437869390334527e-07)","(0.5068222880363464, 0.5068864226341248, -0.0022944610100239515)","(0.45492520928382874, 0.4220271706581116, 0.019899530336260796)","(0.42299017310142517, 0.3652552366256714, 0.04991387203335762)","(0.42959195375442505, 0.34741970896720886, 0.08545544743537903)","(0.5255151391029358, 0.2518773078918457, 0.0260517168790102)","(0.48021143674850464, 0.21946746110916138, 0.07526043057441711)","(0.4539754390716553, 0.27345898747444153, 0.10832963138818741)","(0.4417491853237152, 0.32309600710868835, 0.1285678744316101)","(0.5605683326721191, 0.265735387802124, 0.050951920449733734)","(0.5082830190658569, 0.25717371702194214, 0.10717765241861343)","(0.48082199692726135, 0.30734434723854065, 0.12924940884113312)","(0.47069093585014343, 0.35405224561691284, 0.13754484057426453)","(0.583554744720459, 0.3022960126399994, 0.0787011981010437)","(0.5346322655677795, 0.2898305654525757, 0.12540417909622192)","(0.5086011290550232, 0.32276567816734314, 0.1309542953968048)","(0.49948006868362427, 0.36655595898628235, 0.12715309858322144)","(0.595573365688324, 0.3371417224407196, 0.10699990391731262)","(0.5579832792282104, 0.32279449701309204, 0.137417733669281)","(0.5350121259689331, 0.3458409905433655, 0.14250096678733826)","(0.5236340761184692, 0.38005709648132324, 0.14371848106384277)",Move
3043,"(0.5968449115753174, 0.5667021870613098, -5.330584826879203e-07)","(0.517556369304657, 0.5174539685249329, -0.004417106043547392)","(0.4665290117263794, 0.43165531754493713, 0.016384301707148552)","(0.4340660572052002, 0.37383243441581726, 0.045034974813461304)","(0.4415171146392822, 0.35003164410591125, 0.07921294122934341)","(0.5376858711242676, 0.26486819982528687, 0.025535373017191887)","(0.492339164018631, 0.22944407165050507, 0.07496266067028046)","(0.46535930037498474, 0.28097668290138245, 0.1086885929107666)","(0.45246315002441406, 0.33001989126205444, 0.12946343421936035)","(0.5724878907203674, 0.27834564447402954, 0.05152245983481407)","(0.5192839503288269, 0.27020809054374695, 0.10742921382188797)","(0.49093079566955566, 0.31973472237586975, 0.12982267141342163)","(0.47979944944381714, 0.3659813106060028, 0.13861696422100067)","(0.5948033332824707, 0.3145441710948944, 0.08016370236873627)","(0.544998049736023, 0.3014845848083496, 0.12651324272155762)","(0.5180245041847229, 0.3333016335964203, 0.13299109041690826)","(0.507940411567688, 0.37739551067352295, 0.13008186221122742)","(0.6067721843719482, 0.34853100776672363, 0.10914865136146545)","(0.5691571831703186, 0.33379486203193665, 0.13945762813091278)","(0.5451617240905762, 0.35645806789398193, 0.14513389766216278)","(0.5330217480659485, 0.3906020224094391, 0.14698174595832825)",Move
3044,"(0.6060804128646851, 0.5809257626533508, -5.484261009769398e-07)","(0.5283564329147339, 0.5275156497955322, -0.004039600491523743)","(0.47889116406440735, 0.4401884377002716, 0.016956347972154617)","(0.44663578271865845, 0.38338664174079895, 0.0458582378923893)","(0.45026522874832153, 0.3561302721500397, 0.08037099242210388)","(0.5495703816413879, 0.2768594026565552, 0.024571938440203667)","(0.5036541819572449, 0.23983308672904968, 0.0733778327703476)","(0.47578752040863037, 0.29018375277519226, 0.10683082789182663)","(0.46168410778045654, 0.33918148279190063, 0.12755773961544037)","(0.5835182666778564, 0.2912513315677643, 0.05079233646392822)","(0.5292211771011353, 0.2803950607776642, 0.10571447759866714)","(0.4995391070842743, 0.32902759313583374, 0.12787051498889923)","(0.4868048429489136, 0.37612083554267883, 0.13656586408615112)","(0.6051198244094849, 0.3272203207015991, 0.07975035160779953)","(0.5547722578048706, 0.3123764991760254, 0.1260932832956314)","(0.5264934301376343, 0.34292083978652954, 0.13280412554740906)","(0.514722466468811, 0.3864721357822418, 0.12986041605472565)","(0.6170888543128967, 0.3600175380706787, 0.10907622426748276)","(0.5802831649780273, 0.3438442051410675, 0.13949395716190338)","(0.5547349452972412, 0.3650341331958771, 0.1451379656791687)","(0.5407460331916809, 0.3981594145298004, 0.14678969979286194)",Move
3045,"(0.6146493554115295, 0.5901098847389221, -5.568664960264869e-07)","(0.5356798768043518, 0.5370399951934814, -0.004597451072186232)","(0.48759788274765015, 0.4495584964752197, 0.0160477664321661)","(0.4580047130584717, 0.3929020166397095, 0.04498468339443207)","(0.46099627017974854, 0.3648543357849121, 0.07927193492650986)","(0.5610876083374023, 0.2871406078338623, 0.0205993615090847)","(0.5161776542663574, 0.24929478764533997, 0.06850723922252655)","(0.4873961806297302, 0.2971808612346649, 0.10161047428846359)","(0.4719027280807495, 0.34368228912353516, 0.12201251834630966)","(0.5950837135314941, 0.3011203706264496, 0.04625702276825905)","(0.5410431027412415, 0.2889645993709564, 0.10019756853580475)","(0.5101014971733093, 0.33481132984161377, 0.12204127758741379)","(0.496128648519516, 0.37988173961639404, 0.1302153617143631)","(0.6158280372619629, 0.3362048268318176, 0.07475505024194717)","(0.5649405717849731, 0.3213531970977783, 0.120082788169384)","(0.5368983149528503, 0.3511791229248047, 0.12602558732032776)","(0.5248187780380249, 0.3922058939933777, 0.12221340090036392)","(0.6266868114471436, 0.3683447539806366, 0.1036243885755539)","(0.5892956256866455, 0.35367846488952637, 0.13274641335010529)","(0.5638669729232788, 0.373979777097702, 0.13766475021839142)","(0.5492843985557556, 0.40624508261680603, 0.1386106163263321)",Move
3046,"(0.6240583062171936, 0.6018734574317932, -5.692924673894595e-07)","(0.5466168522834778, 0.549832284450531, -0.004744724836200476)","(0.49812594056129456, 0.45955270528793335, 0.016030415892601013)","(0.46788814663887024, 0.40175801515579224, 0.04517045244574547)","(0.4697897732257843, 0.37141987681388855, 0.0798063650727272)","(0.5714387893676758, 0.3001400828361511, 0.01976662687957287)","(0.5274247527122498, 0.2578216791152954, 0.06678175181150436)","(0.49858689308166504, 0.3058508634567261, 0.09938732534646988)","(0.4833333492279053, 0.3525342643260956, 0.11945747584104538)","(0.6052811741828918, 0.31383922696113586, 0.04531271383166313)","(0.551571249961853, 0.29992035031318665, 0.09861162304878235)","(0.5206258893013, 0.3450191617012024, 0.12016816437244415)","(0.5071735978126526, 0.38961100578308105, 0.1280858963727951)","(0.6263611316680908, 0.348092645406723, 0.07362603396177292)","(0.5757891535758972, 0.3307866156101227, 0.11829971522092819)","(0.5480117797851562, 0.35971570014953613, 0.12418565154075623)","(0.5363497138023376, 0.39913997054100037, 0.12034789472818375)","(0.637484073638916, 0.3795410990715027, 0.1023569330573082)","(0.6000597476959229, 0.36227983236312866, 0.13104671239852905)","(0.5748030543327332, 0.38186779618263245, 0.13606564700603485)","(0.5610664486885071, 0.41264116764068604, 0.1371171474456787)",Move
3047,"(0.6324265599250793, 0.6136090159416199, -5.867092340849922e-07)","(0.5539424419403076, 0.5580726861953735, -0.00454591354355216)","(0.5063233375549316, 0.46721917390823364, 0.018374407663941383)","(0.4786302149295807, 0.40753796696662903, 0.05041468143463135)","(0.4811122417449951, 0.3764740228652954, 0.08823159337043762)","(0.5821017622947693, 0.3115267753601074, 0.020758286118507385)","(0.5392953753471375, 0.26678234338760376, 0.06968171894550323)","(0.5093798637390137, 0.31228041648864746, 0.10379853844642639)","(0.49296778440475464, 0.3579404354095459, 0.12494531273841858)","(0.6156070232391357, 0.32699036598205566, 0.04756470397114754)","(0.5623915195465088, 0.31209176778793335, 0.10331844538450241)","(0.5307151079177856, 0.3573029935359955, 0.12611377239227295)","(0.5169367790222168, 0.4002801477909088, 0.13449518382549286)","(0.6354677081108093, 0.3611384928226471, 0.07714995741844177)","(0.5856260657310486, 0.34272274374961853, 0.12370471656322479)","(0.5576673746109009, 0.37263229489326477, 0.1295599341392517)","(0.5460171699523926, 0.4107044041156769, 0.12517042458057404)","(0.6456471681594849, 0.39147645235061646, 0.10718002170324326)","(0.609123706817627, 0.37404558062553406, 0.1366858184337616)","(0.5834143161773682, 0.39417409896850586, 0.14112073183059692)","(0.5689265727996826, 0.4246339797973633, 0.14146415889263153)",Move
3048,"(0.6408942937850952, 0.6249863505363464, -5.625772132589191e-07)","(0.5633466839790344, 0.5683848857879639, -0.00524786114692688)","(0.5162364840507507, 0.4764094948768616, 0.015033094212412834)","(0.4881407618522644, 0.4169703722000122, 0.04367310181260109)","(0.4878627359867096, 0.3835597634315491, 0.07772955298423767)","(0.5927516222000122, 0.3243142366409302, 0.019523894414305687)","(0.5487644672393799, 0.2767605185508728, 0.06675834208726883)","(0.5186246633529663, 0.3224361538887024, 0.09944834560155869)","(0.5023733973503113, 0.3689413070678711, 0.11962933093309402)","(0.6261252164840698, 0.33914709091186523, 0.04545849561691284)","(0.5723442435264587, 0.32357192039489746, 0.09941570460796356)","(0.5407688617706299, 0.3676203191280365, 0.12086743116378784)","(0.5274415016174316, 0.4090981185436249, 0.12830300629138947)","(0.6460719108581543, 0.3734560012817383, 0.0741872638463974)","(0.5961249470710754, 0.3545463979244232, 0.11996206641197205)","(0.5682383179664612, 0.3825415074825287, 0.1262742429971695)","(0.5566355586051941, 0.4201696217060089, 0.12206544727087021)","(0.6561026573181152, 0.4044351577758789, 0.10324583947658539)","(0.6203141212463379, 0.3866237998008728, 0.1329231858253479)","(0.5948650240898132, 0.4057035446166992, 0.138512521982193)","(0.5806611776351929, 0.43502047657966614, 0.13960273563861847)",Move
3049,"(0.6495711207389832, 0.6378060579299927, -5.598976144938206e-07)","(0.5740045309066772, 0.5831787586212158, -0.007372656371444464)","(0.5266638398170471, 0.4878910183906555, 0.011290880851447582)","(0.49790647625923157, 0.426091730594635, 0.03836752101778984)","(0.49639207124710083, 0.39089256525039673, 0.07067076116800308)","(0.6025555729866028, 0.336953341960907, 0.016541795805096626)","(0.5578833818435669, 0.28491830825805664, 0.062366265803575516)","(0.5274849534034729, 0.3295994699001312, 0.0946233868598938)","(0.5109397172927856, 0.3760364353656769, 0.11453934013843536)","(0.6362208127975464, 0.3509473502635956, 0.042484112083911896)","(0.5808543562889099, 0.33376264572143555, 0.0938672199845314)","(0.549065113067627, 0.37693190574645996, 0.11409986019134521)","(0.535548746585846, 0.4179996848106384, 0.12097039818763733)","(0.6561586856842041, 0.3855603337287903, 0.07109097391366959)","(0.6044476628303528, 0.3668298125267029, 0.11424584686756134)","(0.576653242111206, 0.39426276087760925, 0.11906902492046356)","(0.5647631883621216, 0.4317323565483093, 0.11419003456830978)","(0.6658649444580078, 0.4167585074901581, 0.09997721016407013)","(0.628761351108551, 0.39880993962287903, 0.1274702250957489)","(0.6033147573471069, 0.4176926016807556, 0.13177981972694397)","(0.5891656875610352, 0.4472150504589081, 0.13207675516605377)",Move
3050,"(0.657678484916687, 0.6486404538154602, -5.446573254630493e-07)","(0.5828827619552612, 0.5935726761817932, -0.008737490512430668)","(0.5353797674179077, 0.4979468584060669, 0.007567791733890772)","(0.5070481300354004, 0.43616074323654175, 0.032064665108919144)","(0.5040116310119629, 0.398914635181427, 0.06145152077078819)","(0.6125513911247253, 0.34906190633773804, 0.01278204657137394)","(0.5665721297264099, 0.29384511709213257, 0.05720609799027443)","(0.5359000563621521, 0.3380253314971924, 0.08916968107223511)","(0.518977165222168, 0.384580135345459, 0.1090368926525116)","(0.6464422345161438, 0.36158424615859985, 0.03814605250954628)","(0.5897272825241089, 0.34261929988861084, 0.08699280023574829)","(0.557628870010376, 0.38450244069099426, 0.10648255795240402)","(0.5438093543052673, 0.42613205313682556, 0.1132109984755516)","(0.6661242246627808, 0.39568910002708435, 0.06623832136392593)","(0.6124251484870911, 0.37721988558769226, 0.1070437878370285)","(0.5847950577735901, 0.4037085473537445, 0.11164041608572006)","(0.5721574425697327, 0.44147831201553345, 0.10705423355102539)","(0.6751595139503479, 0.4267084300518036, 0.09460828453302383)","(0.6369649171829224, 0.4072619676589966, 0.12039566040039062)","(0.6115327477455139, 0.4251558780670166, 0.12474256753921509)","(0.5964252948760986, 0.4547695815563202, 0.12536662817001343)",Move
3051,"(0.6644186973571777, 0.659377932548523, -5.161084004612349e-07)","(0.5906479954719543, 0.6023947596549988, -0.011381921358406544)","(0.544041633605957, 0.505225658416748, 0.0021912141237407923)","(0.516075074672699, 0.4416937232017517, 0.023787835612893105)","(0.511080801486969, 0.40307435393333435, 0.04995235055685043)","(0.623699963092804, 0.3614000082015991, 0.009804613888263702)","(0.5770295262336731, 0.30254536867141724, 0.051471810787916183)","(0.545708954334259, 0.345131516456604, 0.0810210183262825)","(0.528164267539978, 0.3915551006793976, 0.09931894391775131)","(0.657069981098175, 0.37381184101104736, 0.03490430489182472)","(0.599511981010437, 0.35162612795829773, 0.08111654967069626)","(0.5665493011474609, 0.3912259340286255, 0.09851009398698807)","(0.5518350601196289, 0.4316539764404297, 0.10378625243902206)","(0.675445556640625, 0.4080531597137451, 0.06247285008430481)","(0.6208904385566711, 0.3875415027141571, 0.10147149860858917)","(0.5932180285453796, 0.4129115343093872, 0.10537935048341751)","(0.5800483226776123, 0.44986236095428467, 0.10030540078878403)","(0.6834966540336609, 0.43993520736694336, 0.0899922326207161)","(0.6449564695358276, 0.41907161474227905, 0.11516951769590378)","(0.6204885244369507, 0.4363425076007843, 0.11981435865163803)","(0.6057137846946716, 0.4653168320655823, 0.12047387659549713)",Move
3052,"(0.6718151569366455, 0.6721293330192566, -5.064694050815888e-07)","(0.5984407663345337, 0.6110135316848755, -0.011896135285496712)","(0.5533125400543213, 0.5137301683425903, 0.0006188860861584544)","(0.5257669687271118, 0.449288934469223, 0.021424250677227974)","(0.5195637941360474, 0.4098260700702667, 0.046836189925670624)","(0.6326043009757996, 0.3718796968460083, 0.00689114211127162)","(0.5856225490570068, 0.31437891721725464, 0.048774510622024536)","(0.5540145635604858, 0.3542759120464325, 0.07898131012916565)","(0.5364524126052856, 0.3989855945110321, 0.09764991700649261)","(0.6655360460281372, 0.3849273920059204, 0.03213615342974663)","(0.6081514954566956, 0.3617456555366516, 0.07835591584444046)","(0.5758079886436462, 0.40087684988975525, 0.0966978371143341)","(0.5616459846496582, 0.4399687349796295, 0.10263532400131226)","(0.6835180521011353, 0.41903290152549744, 0.06001973897218704)","(0.6295912265777588, 0.39740943908691406, 0.09927570819854736)","(0.6027290225028992, 0.4226875305175781, 0.10384070128202438)","(0.589666485786438, 0.4586670398712158, 0.09903430938720703)","(0.6911523938179016, 0.4504172205924988, 0.08782040327787399)","(0.6531583666801453, 0.4281865358352661, 0.11303882300853729)","(0.6290122866630554, 0.44470304250717163, 0.11773764342069626)","(0.613978922367096, 0.4723314642906189, 0.11836550384759903)",Move
3053,"(0.6803315281867981, 0.6826927661895752, -5.19409297794482e-07)","(0.6067384481430054, 0.6180247664451599, -0.008291446603834629)","(0.5637763142585754, 0.5208702087402344, 0.008302431553602219)","(0.5378968715667725, 0.457299143075943, 0.03368346393108368)","(0.5268069505691528, 0.41818565130233765, 0.06404627114534378)","(0.6397672295570374, 0.3798292875289917, 0.010130970738828182)","(0.593278169631958, 0.3258187472820282, 0.0556676909327507)","(0.5615429878234863, 0.36323776841163635, 0.08941730111837387)","(0.543645977973938, 0.40656259655952454, 0.1108342707157135)","(0.6722958087921143, 0.394944429397583, 0.03610620275139809)","(0.616037130355835, 0.3684859573841095, 0.08708959072828293)","(0.5836341381072998, 0.40727853775024414, 0.11001525819301605)","(0.5683753490447998, 0.4459330439567566, 0.11924155801534653)","(0.6898013353347778, 0.4284385144710541, 0.06500494480133057)","(0.6376990079879761, 0.4039674699306488, 0.10805694013834)","(0.6110893487930298, 0.4289916753768921, 0.11531106382608414)","(0.5977805852890015, 0.46399763226509094, 0.11217846721410751)","(0.6978346109390259, 0.4580332636833191, 0.09411171823740005)","(0.6603233814239502, 0.43563199043273926, 0.12126760929822922)","(0.635774552822113, 0.45230311155319214, 0.12682081758975983)","(0.619947612285614, 0.4801091253757477, 0.12817975878715515)",Move
3054,"(0.689468264579773, 0.6938814520835876, -4.738344614452217e-07)","(0.6165928244590759, 0.6274368762969971, -0.010226084850728512)","(0.5747827887535095, 0.5282374024391174, 0.006354373414069414)","(0.5486185550689697, 0.46493956446647644, 0.03200162202119827)","(0.5346024036407471, 0.4233807325363159, 0.062485288828611374)","(0.6493170261383057, 0.38982897996902466, 0.012373833917081356)","(0.6010783314704895, 0.3394005298614502, 0.059911761432886124)","(0.5689704418182373, 0.3737534284591675, 0.09446210414171219)","(0.5507319569587708, 0.4123607873916626, 0.11626292765140533)","(0.6816589832305908, 0.4064916670322418, 0.03982749581336975)","(0.6256052255630493, 0.3773884177207947, 0.09321123361587524)","(0.5918225646018982, 0.4122943580150604, 0.11711572110652924)","(0.5742579698562622, 0.4493159055709839, 0.12687702476978302)","(0.6987324953079224, 0.441089391708374, 0.06980617344379425)","(0.6473817825317383, 0.41507184505462646, 0.11463632434606552)","(0.6197130084037781, 0.4364386200904846, 0.12226095795631409)","(0.6046082377433777, 0.46918657422065735, 0.11922033876180649)","(0.7068915963172913, 0.47085118293762207, 0.09973568469285965)","(0.6698977947235107, 0.44776487350463867, 0.12827718257904053)","(0.644850492477417, 0.46253231167793274, 0.13416190445423126)","(0.6277256608009338, 0.48964646458625793, 0.13551628589630127)",Move
3055,"(0.6946737766265869, 0.7010273933410645, -4.5271249859979434e-07)","(0.6233096122741699, 0.6325531601905823, -0.01206927839666605)","(0.5834370851516724, 0.533933699131012, 0.003752671182155609)","(0.5583857893943787, 0.4693467319011688, 0.0294497050344944)","(0.5429216027259827, 0.42758116126060486, 0.06012197583913803)","(0.6563460230827332, 0.40030890703201294, 0.008087065070867538)","(0.6083984971046448, 0.3501409888267517, 0.05577172338962555)","(0.576521098613739, 0.38269364833831787, 0.09135305881500244)","(0.5576838254928589, 0.4185042083263397, 0.11380616575479507)","(0.6885002255439758, 0.4164939522743225, 0.03651801124215126)","(0.6329692602157593, 0.38610437512397766, 0.0899103656411171)","(0.5992133021354675, 0.419721394777298, 0.11507352441549301)","(0.5808795690536499, 0.4536486566066742, 0.1256166249513626)","(0.7052097916603088, 0.4496021866798401, 0.0675424113869667)","(0.6540292501449585, 0.4235207438468933, 0.11247986555099487)","(0.6271469593048096, 0.4460141062736511, 0.12074732780456543)","(0.6121261715888977, 0.4772379398345947, 0.11796426773071289)","(0.7131668925285339, 0.47812291979789734, 0.0983709767460823)","(0.6765432357788086, 0.4552944302558899, 0.12700505554676056)","(0.6516045928001404, 0.46971091628074646, 0.132932648062706)","(0.6339661478996277, 0.4960446357727051, 0.13413584232330322)",Move
3056,"(0.7041287422180176, 0.7104088068008423, -4.2607018713169964e-07)","(0.6324983835220337, 0.6431881189346313, -0.01235512550920248)","(0.594044029712677, 0.5419444441795349, 0.003861698554828763)","(0.5695801377296448, 0.47569960355758667, 0.029734112322330475)","(0.5526834726333618, 0.43268293142318726, 0.06025915592908859)","(0.6627392768859863, 0.410600483417511, 0.01065156515687704)","(0.6152598261833191, 0.36011818051338196, 0.058959487825632095)","(0.5835645198822021, 0.3878670930862427, 0.09422114491462708)","(0.5645982623100281, 0.4192255139350891, 0.1162799522280693)","(0.6954727172851562, 0.42615458369255066, 0.038820553570985794)","(0.6401958465576172, 0.3945559859275818, 0.0932348296046257)","(0.6060252785682678, 0.4244001507759094, 0.11803924292325974)","(0.58610999584198, 0.4560736119747162, 0.12833461165428162)","(0.712708055973053, 0.45938506722450256, 0.06931467354297638)","(0.6616028547286987, 0.43316030502319336, 0.11480877548456192)","(0.6346491575241089, 0.45288631319999695, 0.12264377623796463)","(0.6185088157653809, 0.48129570484161377, 0.11954547464847565)","(0.7212615609169006, 0.4880962371826172, 0.0994904562830925)","(0.6842932105064392, 0.46652430295944214, 0.1284126341342926)","(0.659737765789032, 0.47914913296699524, 0.13413865864276886)","(0.6417561769485474, 0.5039671063423157, 0.13515090942382812)",Move
3057,"(0.7105298042297363, 0.7171622514724731, -3.8245531186476e-07)","(0.6388326287269592, 0.6469004154205322, -0.012294229120016098)","(0.6022188663482666, 0.5480641722679138, 0.002729400061070919)","(0.5794460773468018, 0.48236343264579773, 0.027216607704758644)","(0.5634724497795105, 0.4362677335739136, 0.05634521692991257)","(0.6704896688461304, 0.41889530420303345, 0.010329877957701683)","(0.6229687929153442, 0.3701894283294678, 0.059205688536167145)","(0.5918566584587097, 0.3941582441329956, 0.0953463539481163)","(0.57275390625, 0.422402948141098, 0.1179819256067276)","(0.7034868001937866, 0.4362024962902069, 0.03842011094093323)","(0.6493563055992126, 0.40051472187042236, 0.09309588372707367)","(0.615117073059082, 0.42780596017837524, 0.11921034008264542)","(0.5939006805419922, 0.4571278691291809, 0.13057973980903625)","(0.7208802700042725, 0.47026148438453674, 0.06891350448131561)","(0.6711552143096924, 0.4393301010131836, 0.11491119861602783)","(0.6436915397644043, 0.4563896059989929, 0.12503626942634583)","(0.6261147260665894, 0.48360496759414673, 0.1235809251666069)","(0.7294992208480835, 0.4997377097606659, 0.09903498739004135)","(0.6931263208389282, 0.4740341901779175, 0.1287272572517395)","(0.6679273247718811, 0.4839550852775574, 0.1360843926668167)","(0.6489952802658081, 0.5071976780891418, 0.1382938176393509)",Move
3058,"(0.7212290167808533, 0.7274218797683716, -3.611217209709139e-07)","(0.6491036415100098, 0.6609380841255188, -0.01399200689047575)","(0.6118550300598145, 0.5586903691291809, -0.0003971998521592468)","(0.5904228687286377, 0.489256352186203, 0.022371109575033188)","(0.572574257850647, 0.44227302074432373, 0.049641016870737076)","(0.6775486469268799, 0.43047577142715454, 0.008937232196331024)","(0.6304266452789307, 0.38004788756370544, 0.05468442291021347)","(0.5999505519866943, 0.40108415484428406, 0.08842164278030396)","(0.5804484486579895, 0.4253719747066498, 0.10961411893367767)","(0.7112056016921997, 0.44464111328125, 0.03597377985715866)","(0.6573541760444641, 0.4100392162799835, 0.08707419782876968)","(0.6232591271400452, 0.4339672923088074, 0.11172305047512054)","(0.601417601108551, 0.46068501472473145, 0.1230134516954422)","(0.7289091348648071, 0.47704315185546875, 0.06497568637132645)","(0.6789166331291199, 0.44774341583251953, 0.10747605562210083)","(0.6516888737678528, 0.4626229703426361, 0.11794155091047287)","(0.6335871815681458, 0.48720717430114746, 0.11796367913484573)","(0.7374440431594849, 0.5061749219894409, 0.09334192425012589)","(0.7003476619720459, 0.4803636968135834, 0.12077155709266663)","(0.6754449009895325, 0.48921874165534973, 0.12867863476276398)","(0.6565563678741455, 0.5110921859741211, 0.13215026259422302)",Move
3059,"(0.7265090942382812, 0.738148033618927, -3.2268127370116417e-07)","(0.652637243270874, 0.6619184017181396, -0.011276889592409134)","(0.6183075308799744, 0.5640287399291992, 0.004833042621612549)","(0.5985524654388428, 0.4972735643386841, 0.03067491017282009)","(0.5803420543670654, 0.44954153895378113, 0.06156983599066734)","(0.6825254559516907, 0.43891024589538574, 0.014616969041526318)","(0.6361242532730103, 0.39317435026168823, 0.06678033620119095)","(0.606894850730896, 0.4099518656730652, 0.10616789758205414)","(0.5887998342514038, 0.4330827593803406, 0.13136857748031616)","(0.7159295082092285, 0.4581579267978668, 0.04346812516450882)","(0.6637120842933655, 0.42206138372421265, 0.10262946784496307)","(0.6300578713417053, 0.44717052578926086, 0.1329972892999649)","(0.6079475283622742, 0.47109225392341614, 0.14779812097549438)","(0.7329765558242798, 0.49240219593048096, 0.0745396614074707)","(0.6843188405036926, 0.46347352862358093, 0.12409508973360062)","(0.6581341028213501, 0.4800083637237549, 0.1379559487104416)","(0.6413850784301758, 0.5063439011573792, 0.13938279449939728)","(0.7419949769973755, 0.5216485261917114, 0.10508042573928833)","(0.7052075266838074, 0.4995509684085846, 0.13779756426811218)","(0.6812525391578674, 0.5073437690734863, 0.1474478393793106)","(0.6625454425811768, 0.5286469459533691, 0.1516120731830597)",Move
3060,"(0.7330676317214966, 0.7467958331108093, -3.267850843258202e-07)","(0.6573227047920227, 0.6647366881370544, -0.006171568762511015)","(0.6247280836105347, 0.5710802674293518, 0.012882163748145103)","(0.60538250207901, 0.5090284943580627, 0.04187392070889473)","(0.5869734287261963, 0.4584991931915283, 0.0756794735789299)","(0.6855504512786865, 0.44828879833221436, 0.01669888012111187)","(0.6420719027519226, 0.40626201033592224, 0.07284197211265564)","(0.6140012145042419, 0.41834557056427, 0.11510276794433594)","(0.5963498950004578, 0.4375794231891632, 0.14206060767173767)","(0.7176602482795715, 0.47217071056365967, 0.0452851764857769)","(0.6696600317955017, 0.4361255168914795, 0.11036336421966553)","(0.637182354927063, 0.462318480014801, 0.14298470318317413)","(0.6156232953071594, 0.4832438826560974, 0.1578778773546219)","(0.7354008555412292, 0.5065971612930298, 0.07688542455434799)","(0.6906088590621948, 0.4769825041294098, 0.1327967345714569)","(0.6668820381164551, 0.5006888508796692, 0.1455315351486206)","(0.6522824168205261, 0.528693437576294, 0.14398640394210815)","(0.7456879019737244, 0.5338683724403381, 0.10851113498210907)","(0.7119380831718445, 0.5143404006958008, 0.14635314047336578)","(0.6888999342918396, 0.5247209072113037, 0.15528178215026855)","(0.6706398129463196, 0.5473618507385254, 0.1571301370859146)",Move
3061,"(0.7371308207511902, 0.7578380703926086, -3.394324608052557e-07)","(0.664158046245575, 0.6807944774627686, -0.008019336499273777)","(0.6309513449668884, 0.5863303542137146, 0.00953108910471201)","(0.6104636192321777, 0.5227657556533813, 0.03702216222882271)","(0.5922060012817383, 0.47209957242012024, 0.06993567943572998)","(0.6900824308395386, 0.45969054102897644, 0.014012521132826805)","(0.6444653868675232, 0.41580864787101746, 0.06659843772649765)","(0.6151512861251831, 0.43215253949165344, 0.10758871585130692)","(0.5975615382194519, 0.45728617906570435, 0.13449722528457642)","(0.7236950397491455, 0.48106518387794495, 0.04246065393090248)","(0.6727778315544128, 0.444632351398468, 0.10444090515375137)","(0.6400387287139893, 0.4718349874019623, 0.13841292262077332)","(0.6184293031692505, 0.49568477272987366, 0.15535373985767365)","(0.741649866104126, 0.5166841745376587, 0.0734410509467125)","(0.6955114603042603, 0.4875113368034363, 0.12601619958877563)","(0.6704208850860596, 0.5063884258270264, 0.14260052144527435)","(0.6547131538391113, 0.5338429808616638, 0.1452292948961258)","(0.7521789073944092, 0.547517716884613, 0.10411019623279572)","(0.7176252603530884, 0.526526689529419, 0.13946406543254852)","(0.694369912147522, 0.5354002118110657, 0.15075601637363434)","(0.6764074563980103, 0.5593780279159546, 0.15569061040878296)",Move
3062,"(0.7398979663848877, 0.7683005928993225, -3.4221784517285414e-07)","(0.6660681366920471, 0.6927114725112915, -0.011904269456863403)","(0.6335093975067139, 0.5943824052810669, 0.0025331524666398764)","(0.6121277809143066, 0.5293737649917603, 0.026708362624049187)","(0.590510904788971, 0.4834594130516052, 0.05559602007269859)","(0.6960898637771606, 0.4720291793346405, 0.009933140128850937)","(0.6460232138633728, 0.4273990988731384, 0.05752221867442131)","(0.6152099967002869, 0.44744592905044556, 0.09255354851484299)","(0.5958181023597717, 0.4726700186729431, 0.11505603790283203)","(0.7295948266983032, 0.4931226670742035, 0.0378008596599102)","(0.6760043501853943, 0.4559427797794342, 0.09508749097585678)","(0.6423567533493042, 0.4816117584705353, 0.12276452034711838)","(0.619316816329956, 0.5058974623680115, 0.13469456136226654)","(0.747464120388031, 0.5289480686187744, 0.06790938228368759)","(0.6984106302261353, 0.4986285865306854, 0.11712386459112167)","(0.6730788946151733, 0.5173342227935791, 0.13002291321754456)","(0.6566504836082458, 0.5440436601638794, 0.12974870204925537)","(0.7573055624961853, 0.5593581795692444, 0.09727267920970917)","(0.7218749523162842, 0.5373666882514954, 0.13030537962913513)","(0.6994290351867676, 0.5472040176391602, 0.140159010887146)","(0.681364119052887, 0.5715152621269226, 0.14367417991161346)",Move
3063,"(0.7395058870315552, 0.773556113243103, -3.7361502336352714e-07)","(0.666559636592865, 0.7052507400512695, -0.008798201568424702)","(0.6327707171440125, 0.6057466268539429, 0.0023236654233187437)","(0.6113988161087036, 0.5360722541809082, 0.02087949775159359)","(0.5871857404708862, 0.49215638637542725, 0.042476486414670944)","(0.6935511231422424, 0.48227930068969727, 0.008791672065854073)","(0.6459218263626099, 0.4360837936401367, 0.05083632096648216)","(0.6162380576133728, 0.4570006728172302, 0.08038757741451263)","(0.5973668694496155, 0.4807094931602478, 0.09851613640785217)","(0.7289566397666931, 0.49727585911750793, 0.03115614876151085)","(0.6759395599365234, 0.4736940264701843, 0.08124715089797974)","(0.6473172903060913, 0.5075662732124329, 0.10356566309928894)","(0.631944477558136, 0.5371459126472473, 0.11178012937307358)","(0.7501434683799744, 0.5333467125892639, 0.05596555396914482)","(0.7010530829429626, 0.5124226212501526, 0.09878932684659958)","(0.6795297861099243, 0.5397037267684937, 0.10702814161777496)","(0.6680443286895752, 0.5714668035507202, 0.10378050059080124)","(0.76247239112854, 0.5656217932701111, 0.08050772547721863)","(0.7284302711486816, 0.5447801947593689, 0.10943906754255295)","(0.7081150412559509, 0.5605572462081909, 0.11671476811170578)","(0.6938166618347168, 0.5897880792617798, 0.1181284561753273)",Move
3064,"(0.737652063369751, 0.775485098361969, -3.7246533679535787e-07)","(0.667356550693512, 0.7142349481582642, -0.008419456891715527)","(0.6320631504058838, 0.6151387691497803, 0.001145450514741242)","(0.6088671088218689, 0.5454069972038269, 0.016602063551545143)","(0.584009051322937, 0.5038130879402161, 0.03424745053052902)","(0.6903842687606812, 0.49151018261909485, 0.01038412470370531)","(0.6435952186584473, 0.44637683033943176, 0.047254472970962524)","(0.6139361262321472, 0.4690815806388855, 0.07231729477643967)","(0.5953293442726135, 0.493592768907547, 0.0877993255853653)","(0.7264319658279419, 0.5023245215415955, 0.029821839183568954)","(0.6744558215141296, 0.48210322856903076, 0.07388301193714142)","(0.6448140144348145, 0.5105791091918945, 0.09186157584190369)","(0.6280279159545898, 0.539768397808075, 0.09815072268247604)","(0.7488193511962891, 0.5376914739608765, 0.05136563256382942)","(0.6997846364974976, 0.5221313834190369, 0.08831552416086197)","(0.6770297288894653, 0.543969452381134, 0.09535962343215942)","(0.6635071635246277, 0.5744268894195557, 0.09308715164661407)","(0.7617864608764648, 0.5720074772834778, 0.07270092517137527)","(0.7248636484146118, 0.5516597628593445, 0.09807802736759186)","(0.7041844725608826, 0.5655214786529541, 0.10621427744626999)","(0.6891868710517883, 0.5946193337440491, 0.10945228487253189)",Move
3065,"(0.7353499531745911, 0.7779820561408997, -3.635649363786797e-07)","(0.6661086678504944, 0.7191166877746582, -0.008656074292957783)","(0.630669116973877, 0.6215173602104187, -0.0020319020841270685)","(0.6072016358375549, 0.5515809059143066, 0.009600626304745674)","(0.581795334815979, 0.5112035870552063, 0.022839214652776718)","(0.6882624626159668, 0.4978194236755371, 0.006465757731348276)","(0.6398732662200928, 0.4546881914138794, 0.03870563581585884)","(0.6112868189811707, 0.4796956777572632, 0.0609295479953289)","(0.5946594476699829, 0.5061917901039124, 0.07475375384092331)","(0.7247908115386963, 0.5058055520057678, 0.023490488529205322)","(0.6713100671768188, 0.4861203134059906, 0.062389202415943146)","(0.6412656903266907, 0.5121645331382751, 0.07782454043626785)","(0.6239385604858398, 0.5405200123786926, 0.08281093835830688)","(0.7480809688568115, 0.539962112903595, 0.04265507310628891)","(0.6979561448097229, 0.5267953872680664, 0.07553733140230179)","(0.675801694393158, 0.5464726686477661, 0.08221212774515152)","(0.6623194217681885, 0.5763800144195557, 0.0802890807390213)","(0.7616065740585327, 0.5742673873901367, 0.061552006751298904)","(0.7236895561218262, 0.555404007434845, 0.08417955040931702)","(0.7038331031799316, 0.5685287117958069, 0.09241877496242523)","(0.6893940567970276, 0.5965933799743652, 0.09613735228776932)",Move
3066,"(0.7332013845443726, 0.7758950591087341, -3.8443357652795385e-07)","(0.6638273000717163, 0.7192285060882568, -0.007399550173431635)","(0.628502607345581, 0.6264862418174744, 0.0006703250110149384)","(0.6049227714538574, 0.5611936450004578, 0.013715343549847603)","(0.57989901304245, 0.5228404998779297, 0.028491683304309845)","(0.6854224801063538, 0.5042514801025391, 0.007134392391890287)","(0.6377624273300171, 0.4611743986606598, 0.03870795667171478)","(0.608802318572998, 0.485337495803833, 0.06093709543347359)","(0.5907684564590454, 0.512319028377533, 0.07518746703863144)","(0.721451997756958, 0.5113106369972229, 0.023762941360473633)","(0.6676967740058899, 0.49030813574790955, 0.062307607382535934)","(0.6336256265640259, 0.5130399465560913, 0.07690352946519852)","(0.6116830706596375, 0.5411854386329651, 0.08128747344017029)","(0.7446230053901672, 0.5433724522590637, 0.04263912886381149)","(0.6947238445281982, 0.5292103290557861, 0.07512056827545166)","(0.6700785160064697, 0.5491888523101807, 0.08122973144054413)","(0.6545513272285461, 0.5817470550537109, 0.07909118384122849)","(0.7579039931297302, 0.5763155221939087, 0.06140650436282158)","(0.719427227973938, 0.5587173104286194, 0.08351019769906998)","(0.6980775594711304, 0.5710243582725525, 0.09145662188529968)","(0.6824283599853516, 0.6003611087799072, 0.09523532539606094)",Move
3067,"(0.7303157448768616, 0.7773317098617554, -3.510371868742368e-07)","(0.6619189977645874, 0.7219992876052856, -0.007444773800671101)","(0.6266157031059265, 0.6298621892929077, 0.0014192030066624284)","(0.6033944487571716, 0.5670331716537476, 0.015423961915075779)","(0.5771734714508057, 0.5306195616722107, 0.03134617581963539)","(0.6819027066230774, 0.5065417885780334, 0.009565435349941254)","(0.6344749331474304, 0.4672755002975464, 0.04395999759435654)","(0.6061410903930664, 0.4908919334411621, 0.06872541457414627)","(0.5876671075820923, 0.5170627236366272, 0.08484973758459091)","(0.7176557779312134, 0.5147535800933838, 0.02745501883327961)","(0.6644781231880188, 0.4950389862060547, 0.0689777061343193)","(0.6299018263816833, 0.5182446241378784, 0.08669844269752502)","(0.6067190170288086, 0.5478135943412781, 0.09389156103134155)","(0.740777850151062, 0.5467923879623413, 0.04745686799287796)","(0.6902614831924438, 0.5334815979003906, 0.08279657363891602)","(0.6643425226211548, 0.5524575114250183, 0.09195631742477417)","(0.6476036310195923, 0.5837163925170898, 0.09229950606822968)","(0.7543511390686035, 0.5783621668815613, 0.06716609001159668)","(0.7164188623428345, 0.5604246854782104, 0.09117458015680313)","(0.6939768195152283, 0.5710645318031311, 0.10057399421930313)","(0.677405595779419, 0.5983527302742004, 0.10580310225486755)",Move
3068,"(0.728211522102356, 0.7759670615196228, -3.548204290382273e-07)","(0.6605477929115295, 0.7232680320739746, -0.008734802715480328)","(0.6243678331375122, 0.6324611902236938, -0.00019366035121493042)","(0.6010674834251404, 0.5697717070579529, 0.013743341900408268)","(0.5751039385795593, 0.534949004650116, 0.02960026264190674)","(0.6794630289077759, 0.5092446804046631, 0.007864836603403091)","(0.6308742761611938, 0.47265923023223877, 0.04200160503387451)","(0.6030026078224182, 0.4980570673942566, 0.06688009947538376)","(0.5851844549179077, 0.5243103504180908, 0.0829259380698204)","(0.7150885462760925, 0.5170421600341797, 0.02605959214270115)","(0.6605985760688782, 0.5004469752311707, 0.06657210737466812)","(0.6262004375457764, 0.5253934860229492, 0.08387001603841782)","(0.6037575006484985, 0.5561877489089966, 0.09072303026914597)","(0.7379419803619385, 0.5489640831947327, 0.046314358711242676)","(0.6858393549919128, 0.5385833978652954, 0.08087742328643799)","(0.6595905423164368, 0.5580741763114929, 0.08911409974098206)","(0.6432030200958252, 0.5896592140197754, 0.08872267603874207)","(0.7511008381843567, 0.5807422399520874, 0.06619755178689957)","(0.712084949016571, 0.5659990906715393, 0.0892825573682785)","(0.6889380812644958, 0.5773458480834961, 0.09764304757118225)","(0.6723147630691528, 0.605154812335968, 0.10203050076961517)",Move
3069,"(0.7259020805358887, 0.778403639793396, -3.675756943266606e-07)","(0.6600146889686584, 0.7284342050552368, -0.008260706439614296)","(0.6227905750274658, 0.6375005841255188, -0.001134677673690021)","(0.5987734794616699, 0.5752348303794861, 0.010888642631471157)","(0.572731077671051, 0.5421240925788879, 0.024542244151234627)","(0.6756638884544373, 0.5125629901885986, 0.004174622241407633)","(0.6262484192848206, 0.4757692813873291, 0.034994326531887054)","(0.5988730192184448, 0.5021772384643555, 0.05833932012319565)","(0.5821309685707092, 0.5296478867530823, 0.07357919961214066)","(0.7113010287284851, 0.517544150352478, 0.02072005346417427)","(0.6564850211143494, 0.5012110471725464, 0.05704425275325775)","(0.6226773858070374, 0.52730393409729, 0.07325836271047592)","(0.6008556485176086, 0.5587474703788757, 0.0800776258111)","(0.735011100769043, 0.5477573871612549, 0.03947949782013893)","(0.682314395904541, 0.5382019281387329, 0.07027822732925415)","(0.6570180058479309, 0.5590406656265259, 0.0781383290886879)","(0.6415382623672485, 0.5915454626083374, 0.07831215858459473)","(0.7486003637313843, 0.5790430903434753, 0.058014605194330215)","(0.7090568542480469, 0.5641447901725769, 0.07829534262418747)","(0.68674635887146, 0.5761138200759888, 0.08612054586410522)","(0.6711001396179199, 0.6040779948234558, 0.0906505361199379)",Move
3070,"(0.722518265247345, 0.7780649662017822, -3.880050485349784e-07)","(0.6573216915130615, 0.731198787689209, -0.004404265899211168)","(0.6207114458084106, 0.6422433853149414, 0.002803107723593712)","(0.5969064235687256, 0.5789717435836792, 0.013689553365111351)","(0.5710363388061523, 0.5486545562744141, 0.025806598365306854)","(0.6702930927276611, 0.5164459943771362, 0.005942525342106819)","(0.6243422031402588, 0.48031145334243774, 0.034940652549266815)","(0.599166750907898, 0.5083298683166504, 0.056659068912267685)","(0.5850684642791748, 0.5366499423980713, 0.07051932066679001)","(0.7060681581497192, 0.5185951590538025, 0.019319189712405205)","(0.6541425585746765, 0.5040573477745056, 0.053243789821863174)","(0.6243674755096436, 0.532678484916687, 0.06787995249032974)","(0.6068150401115417, 0.5619649291038513, 0.07355355471372604)","(0.7311968207359314, 0.5475128293037415, 0.035215675830841064)","(0.6821557283401489, 0.5371619462966919, 0.0633397251367569)","(0.6603142619132996, 0.5594964623451233, 0.07002346217632294)","(0.6481692790985107, 0.5916659235954285, 0.06959439069032669)","(0.7460415363311768, 0.5781482458114624, 0.05135376751422882)","(0.7087461948394775, 0.5619480609893799, 0.06996332854032516)","(0.6892009973526001, 0.5754858255386353, 0.07746342569589615)","(0.6767189502716064, 0.6038946509361267, 0.08174704760313034)",Move
3071,"(0.7204549908638, 0.774677038192749, -3.5721834024116106e-07)","(0.6546722650527954, 0.7322126626968384, -0.002965308493003249)","(0.6182315349578857, 0.6481615304946899, 0.004977099131792784)","(0.5958157777786255, 0.5848438739776611, 0.01624608412384987)","(0.570586621761322, 0.5545065402984619, 0.02862592786550522)","(0.6642346382141113, 0.5191395282745361, 0.010282900184392929)","(0.6225857138633728, 0.487989604473114, 0.04123489186167717)","(0.5987688302993774, 0.5142949819564819, 0.06308477371931076)","(0.584301769733429, 0.539549708366394, 0.07648355513811111)","(0.7002946138381958, 0.5207510590553284, 0.02312879078090191)","(0.6523891687393188, 0.5073617696762085, 0.05874902009963989)","(0.6235570907592773, 0.534059464931488, 0.07317690551280975)","(0.6061292886734009, 0.5621331930160522, 0.0782809779047966)","(0.7262568473815918, 0.5490553975105286, 0.03849566727876663)","(0.6815248727798462, 0.5374466180801392, 0.06808058172464371)","(0.6601177453994751, 0.5589504241943359, 0.07456590980291367)","(0.648154616355896, 0.5908645987510681, 0.073581762611866)","(0.742756187915802, 0.5790374875068665, 0.05414101481437683)","(0.7085667848587036, 0.5615586638450623, 0.07393763214349747)","(0.6891935467720032, 0.573728084564209, 0.08161012828350067)","(0.6766108870506287, 0.6012388467788696, 0.08562850952148438)",Move
3072,"(0.7175360321998596, 0.7725997567176819, -3.733952098627924e-07)","(0.6515491008758545, 0.7345767617225647, -0.0035844550002366304)","(0.6148316264152527, 0.6510472297668457, 0.00508116465061903)","(0.5939497947692871, 0.588366687297821, 0.0171975027769804)","(0.5694928765296936, 0.56034255027771, 0.03025054559111595)","(0.6610989570617676, 0.5229361057281494, 0.010513193905353546)","(0.6200716495513916, 0.495277464389801, 0.03987256437540054)","(0.5968160033226013, 0.52229905128479, 0.06011402979493141)","(0.5826430916786194, 0.5491533279418945, 0.07259634137153625)","(0.6973096132278442, 0.524659276008606, 0.023052411153912544)","(0.6526613831520081, 0.5154885649681091, 0.056853532791137695)","(0.6249942183494568, 0.5455885529518127, 0.06971623003482819)","(0.6089308857917786, 0.5761699676513672, 0.07411707192659378)","(0.7233055830001831, 0.5527760982513428, 0.03785413131117821)","(0.6811591386795044, 0.5432817935943604, 0.06530141830444336)","(0.6601492166519165, 0.5666033029556274, 0.07011256366968155)","(0.6491011381149292, 0.5985559821128845, 0.06847357004880905)","(0.7397292852401733, 0.5829746127128601, 0.052973486483097076)","(0.7056694030761719, 0.5665386915206909, 0.0713079646229744)","(0.6860353946685791, 0.5806291699409485, 0.07824474573135376)","(0.6740138530731201, 0.6087066531181335, 0.08194823563098907)",Move
3073,"(0.7157474756240845, 0.7765640020370483, -3.9344132574115065e-07)","(0.6495477557182312, 0.7393900156021118, -0.003564192447811365)","(0.6128041744232178, 0.6541563272476196, 0.005599113181233406)","(0.592339277267456, 0.5889555215835571, 0.01892777532339096)","(0.569938063621521, 0.5607024431228638, 0.033139973878860474)","(0.6562397480010986, 0.5256115794181824, 0.0072005800902843475)","(0.6149308681488037, 0.5037918090820312, 0.037008196115493774)","(0.5937091708183289, 0.5309937000274658, 0.05733070895075798)","(0.5828644037246704, 0.5554973483085632, 0.06903433799743652)","(0.6927441954612732, 0.5263627171516418, 0.01945767179131508)","(0.648685872554779, 0.5267901420593262, 0.0528741218149662)","(0.626310408115387, 0.5624202489852905, 0.06520397216081619)","(0.6163731813430786, 0.5942667722702026, 0.06859445571899414)","(0.7186075448989868, 0.5542627573013306, 0.0343073271214962)","(0.6761277914047241, 0.550591766834259, 0.061029646545648575)","(0.65779048204422, 0.577057957649231, 0.0640345960855484)","(0.649970293045044, 0.6096990704536438, 0.060473453253507614)","(0.7356970310211182, 0.5839006304740906, 0.04961714893579483)","(0.7005554437637329, 0.5712811350822449, 0.06709153950214386)","(0.6831464767456055, 0.5890581011772156, 0.07245351374149323)","(0.6740507483482361, 0.6185486316680908, 0.0744335949420929)",Move
3074,"(0.7130881547927856, 0.7749351263046265, -3.533834274094261e-07)","(0.6467299461364746, 0.7407891750335693, -0.001204913598485291)","(0.6110072731971741, 0.6556463241577148, 0.010634129866957664)","(0.5929449796676636, 0.5891741514205933, 0.02612510323524475)","(0.5727871656417847, 0.5592607259750366, 0.042705778032541275)","(0.6525649428367615, 0.53022700548172, 0.015063031576573849)","(0.6150156259536743, 0.5059763193130493, 0.04834706708788872)","(0.5941874980926514, 0.5308994054794312, 0.07093041390180588)","(0.5824075937271118, 0.5558559894561768, 0.08435600996017456)","(0.6886281967163086, 0.530115008354187, 0.027489876374602318)","(0.647668719291687, 0.5253209471702576, 0.06522689014673233)","(0.623478353023529, 0.5555320978164673, 0.08004200458526611)","(0.6104835271835327, 0.5873646140098572, 0.08532865345478058)","(0.7148835062980652, 0.5574827194213867, 0.04222031310200691)","(0.6759104132652283, 0.5507864356040955, 0.07292956858873367)","(0.656577467918396, 0.5745028853416443, 0.07830341905355453)","(0.6475985646247864, 0.6057599186897278, 0.07629203051328659)","(0.7329971790313721, 0.5867252349853516, 0.05733863636851311)","(0.7005727887153625, 0.5735166668891907, 0.07823120802640915)","(0.6821454167366028, 0.5883110165596008, 0.08522939682006836)","(0.6719869375228882, 0.6160120964050293, 0.08828804641962051)",Position
3075,"(0.7095819115638733, 0.776431679725647, -3.492038445074286e-07)","(0.6444180607795715, 0.7396549582481384, 2.0124689399381168e-05)","(0.6094148755073547, 0.6551132202148438, 0.014313706196844578)","(0.5914514660835266, 0.5908421277999878, 0.03274305909872055)","(0.5723698735237122, 0.5621046423912048, 0.05250959098339081)","(0.6509125828742981, 0.5337098240852356, 0.01924196444451809)","(0.6147581934928894, 0.5104154944419861, 0.05679954215884209)","(0.5942580103874207, 0.5335444808006287, 0.08218550682067871)","(0.5818197131156921, 0.5562179684638977, 0.09721542149782181)","(0.6865930557250977, 0.5347680449485779, 0.03304767981171608)","(0.6470486521720886, 0.5319223999977112, 0.07498203963041306)","(0.6242567300796509, 0.5645665526390076, 0.09182389080524445)","(0.612018346786499, 0.5967029333114624, 0.09828615933656693)","(0.7123773694038391, 0.5615530014038086, 0.049247778952121735)","(0.6748149991035461, 0.5551049113273621, 0.08362136036157608)","(0.6554934978485107, 0.5796909332275391, 0.08959224820137024)","(0.6464685797691345, 0.6104214787483215, 0.08755747228860855)","(0.7307036519050598, 0.5895018577575684, 0.06598187983036041)","(0.6989103555679321, 0.5768554210662842, 0.08980225771665573)","(0.6803947687149048, 0.5923681855201721, 0.09725789725780487)","(0.6702612638473511, 0.6205544471740723, 0.10030926764011383)",Position
3076,"(0.7064541578292847, 0.7794927358627319, -3.294929058483831e-07)","(0.6417478919029236, 0.7406797409057617, 0.0008796704933047295)","(0.6080897450447083, 0.6566635966300964, 0.015219823457300663)","(0.5913167595863342, 0.5928624272346497, 0.03340347483754158)","(0.5720622539520264, 0.5635642409324646, 0.053177520632743835)","(0.650554358959198, 0.5353752374649048, 0.02146540954709053)","(0.6155067682266235, 0.5102026462554932, 0.05921945720911026)","(0.5959681868553162, 0.5323835611343384, 0.08489356935024261)","(0.5842089653015137, 0.5562685132026672, 0.10036659240722656)","(0.6860766410827637, 0.537253737449646, 0.034989576786756516)","(0.6466123461723328, 0.5324375629425049, 0.07799611985683441)","(0.6239681243896484, 0.5623385906219482, 0.0961114764213562)","(0.6112871766090393, 0.5939387679100037, 0.10369006544351578)","(0.7112686038017273, 0.5646567344665527, 0.05070563405752182)","(0.6734103560447693, 0.5595248341560364, 0.08646433800458908)","(0.6539068818092346, 0.5827680230140686, 0.09445827454328537)","(0.6445337533950806, 0.6127983331680298, 0.09393516927957535)","(0.7296155691146851, 0.5934987664222717, 0.06679186224937439)","(0.6979909539222717, 0.5819883942604065, 0.09176085889339447)","(0.6791266798973083, 0.5958121418952942, 0.10031573474407196)","(0.6682243347167969, 0.6224128007888794, 0.10434317588806152)",Position
3077,"(0.7050374150276184, 0.7800040245056152, -3.514358013489982e-07)","(0.6403598785400391, 0.7430495619773865, 0.00033213739516213536)","(0.6066294312477112, 0.6580461263656616, 0.01319906860589981)","(0.5903759002685547, 0.5928210020065308, 0.029473450034856796)","(0.5716335773468018, 0.5635680556297302, 0.04711538553237915)","(0.6503875255584717, 0.5373390913009644, 0.018332861363887787)","(0.6152424812316895, 0.5103331804275513, 0.051079001277685165)","(0.5948370695114136, 0.5327048897743225, 0.07285534590482712)","(0.5828123688697815, 0.5562407970428467, 0.0858793556690216)","(0.6857656836509705, 0.5390463471412659, 0.02990461140871048)","(0.646334707736969, 0.5323125123977661, 0.06763587146997452)","(0.6224675178527832, 0.5600684285163879, 0.08259949088096619)","(0.6092272400856018, 0.5907548069953918, 0.08829330652952194)","(0.7108333706855774, 0.5665284991264343, 0.04350605607032776)","(0.673103392124176, 0.559457540512085, 0.0746031329035759)","(0.6535772085189819, 0.5818676352500916, 0.08116551488637924)","(0.6442239284515381, 0.61139976978302, 0.08026930689811707)","(0.7291787266731262, 0.5961927175521851, 0.05741207301616669)","(0.6975479125976562, 0.582811713218689, 0.07932604104280472)","(0.6792077422142029, 0.5957728624343872, 0.08742941915988922)","(0.6687683463096619, 0.6217347979545593, 0.09141704440116882)",Position
3078,"(0.7030696868896484, 0.7820736765861511, -3.5859278568750597e-07)","(0.6385130882263184, 0.7439694404602051, 0.001702014938928187)","(0.6057498455047607, 0.6606443524360657, 0.014173244126141071)","(0.589671790599823, 0.5954108238220215, 0.029895562678575516)","(0.5699403285980225, 0.5645360946655273, 0.04671350494027138)","(0.6484047174453735, 0.5394904613494873, 0.017796199768781662)","(0.6140105724334717, 0.5111744999885559, 0.05197569727897644)","(0.5941095352172852, 0.5343149900436401, 0.07518415153026581)","(0.5834778547286987, 0.5596253871917725, 0.0890192836523056)","(0.6833792924880981, 0.5409204363822937, 0.02933594025671482)","(0.6444693803787231, 0.535812258720398, 0.06856771558523178)","(0.6225598454475403, 0.5684083700180054, 0.08440817892551422)","(0.6122313737869263, 0.599345326423645, 0.09018341451883316)","(0.7088095545768738, 0.5684049129486084, 0.04332733899354935)","(0.6719797253608704, 0.5617201924324036, 0.07565536350011826)","(0.6536922454833984, 0.5876779556274414, 0.08169985562562943)","(0.6462531685829163, 0.6190553903579712, 0.07971619069576263)","(0.7273411154747009, 0.5972684621810913, 0.05796580761671066)","(0.6962916851043701, 0.584335207939148, 0.08077926188707352)","(0.6789544820785522, 0.600609302520752, 0.08843789249658585)","(0.6706153750419617, 0.6284100413322449, 0.09157487750053406)",Position
3079,"(0.7012694478034973, 0.7837195992469788, -3.6641171163864783e-07)","(0.6374518871307373, 0.7439938187599182, 0.001447942340746522)","(0.6050134301185608, 0.6591781973838806, 0.013979755342006683)","(0.588934063911438, 0.5941272974014282, 0.029600173234939575)","(0.5690275430679321, 0.562982976436615, 0.046368569135665894)","(0.6489015817642212, 0.5407095551490784, 0.01873031258583069)","(0.6146727800369263, 0.5113938450813293, 0.05159144476056099)","(0.5943934917449951, 0.5335870981216431, 0.07376325875520706)","(0.5828509330749512, 0.5585941076278687, 0.08724820613861084)","(0.683921754360199, 0.5427688360214233, 0.030208645388484)","(0.6452586650848389, 0.5393379926681519, 0.06855715066194534)","(0.6241142153739929, 0.5721158981323242, 0.08433501422405243)","(0.6144428849220276, 0.6034557819366455, 0.09053343534469604)","(0.7092029452323914, 0.5709266066551208, 0.04382750391960144)","(0.6724671125411987, 0.565981924533844, 0.07526664435863495)","(0.6543939113616943, 0.5913071036338806, 0.08166302740573883)","(0.6469419002532959, 0.6219868659973145, 0.08047439903020859)","(0.727567732334137, 0.6002101898193359, 0.057999737560749054)","(0.6965402364730835, 0.588684618473053, 0.08015919476747513)","(0.6789929866790771, 0.6047698855400085, 0.08800891786813736)","(0.6702688932418823, 0.6320480108261108, 0.09173122048377991)",Position
3080,"(0.700256884098053, 0.7842310667037964, -3.7679018305425416e-07)","(0.6371380686759949, 0.7478573322296143, 0.00013443965872284025)","(0.6044255495071411, 0.664141058921814, 0.01020837016403675)","(0.5881243944168091, 0.5973215699195862, 0.02286399155855179)","(0.5685395002365112, 0.5661441683769226, 0.03660403564572334)","(0.6490647792816162, 0.5425423383712769, 0.015382933430373669)","(0.614376425743103, 0.5108900666236877, 0.04307052865624428)","(0.5933127999305725, 0.5357716679573059, 0.06166224926710129)","(0.5820821523666382, 0.5649610757827759, 0.07306741178035736)","(0.6841551065444946, 0.5442186594009399, 0.025341536849737167)","(0.6456927061080933, 0.537194013595581, 0.05800516903400421)","(0.6245992183685303, 0.5694255828857422, 0.071039117872715)","(0.6154544949531555, 0.6012263894081116, 0.07589976489543915)","(0.7097494602203369, 0.5725284218788147, 0.03721876069903374)","(0.6734674572944641, 0.5636263489723206, 0.06356431543827057)","(0.6556265950202942, 0.5882195234298706, 0.06923922151327133)","(0.6483696103096008, 0.6202808022499084, 0.06841468065977097)","(0.728090763092041, 0.6033034324645996, 0.049533598124980927)","(0.6972173452377319, 0.5879906415939331, 0.06781427562236786)","(0.6800364255905151, 0.6029285192489624, 0.0751434713602066)","(0.6716129779815674, 0.6297276020050049, 0.07908380776643753)",Position
3081,"(0.7001002430915833, 0.7874404191970825, -3.867063185225561e-07)","(0.6365591883659363, 0.7499855756759644, -0.00089186558034271)","(0.6038789749145508, 0.6638685464859009, 0.008357747457921505)","(0.587352454662323, 0.5964271426200867, 0.020174024626612663)","(0.5665244460105896, 0.5659964084625244, 0.032814398407936096)","(0.650333821773529, 0.5437362194061279, 0.01349027268588543)","(0.6148959994316101, 0.5132222771644592, 0.03926001489162445)","(0.5932114124298096, 0.5365536212921143, 0.0559471994638443)","(0.58160400390625, 0.5631669759750366, 0.06596378982067108)","(0.6857645511627197, 0.546538770198822, 0.02303164452314377)","(0.6464327573776245, 0.5403646230697632, 0.05358221381902695)","(0.6246261596679688, 0.5732401013374329, 0.06507162749767303)","(0.6156145930290222, 0.6048041582107544, 0.0688997432589531)","(0.7110070586204529, 0.5756911635398865, 0.034409068524837494)","(0.6742266416549683, 0.5661925673484802, 0.058673784136772156)","(0.6556589007377625, 0.5906901955604553, 0.06323886662721634)","(0.6479862928390503, 0.6226304769515991, 0.061853546649217606)","(0.7286092042922974, 0.6068989038467407, 0.046175964176654816)","(0.6973150968551636, 0.5915536880493164, 0.062935009598732)","(0.6797310709953308, 0.6069162487983704, 0.06968186050653458)","(0.671055257320404, 0.6337555646896362, 0.07324589788913727)",Position
3082,"(0.6978719830513, 0.7878792881965637, -3.828683077244932e-07)","(0.6354970932006836, 0.7498587369918823, 0.0012426807079464197)","(0.60338294506073, 0.6644957661628723, 0.011533411219716072)","(0.5874001979827881, 0.5972434878349304, 0.023928752169013023)","(0.5681491494178772, 0.566398561000824, 0.037346094846725464)","(0.6487277150154114, 0.5437778234481812, 0.016758427023887634)","(0.6148321032524109, 0.5121061205863953, 0.042671021074056625)","(0.5934183597564697, 0.5356924533843994, 0.059642400592565536)","(0.5817672610282898, 0.5635432004928589, 0.07009110599756241)","(0.6837550401687622, 0.5456938743591309, 0.025553429499268532)","(0.6464628577232361, 0.5379015803337097, 0.05662352964282036)","(0.6244896054267883, 0.5678510665893555, 0.06881152093410492)","(0.614368736743927, 0.5997745394706726, 0.07350075244903564)","(0.7093803286552429, 0.5742186903953552, 0.0361771322786808)","(0.6741380095481873, 0.5634742975234985, 0.061381541192531586)","(0.6554028391838074, 0.5864090919494629, 0.06746497750282288)","(0.6473896503448486, 0.6183241605758667, 0.06742216646671295)","(0.7280677556991577, 0.6057559847831726, 0.047222502529621124)","(0.6976447105407715, 0.5898697376251221, 0.06511733680963516)","(0.6800402402877808, 0.6037729978561401, 0.07305232435464859)","(0.6713413000106812, 0.630187451839447, 0.07777044922113419)",Position
3083,"(0.6980314254760742, 0.7869417667388916, -3.703057700477075e-07)","(0.6359695196151733, 0.750207245349884, 0.0014375473838299513)","(0.6034090518951416, 0.6653026342391968, 0.011583949439227581)","(0.5862932205200195, 0.5981849431991577, 0.023627640679478645)","(0.5654595494270325, 0.5667407512664795, 0.036587219685316086)","(0.6476487517356873, 0.5437918901443481, 0.018532644957304)","(0.614897608757019, 0.5127694606781006, 0.04482491314411163)","(0.5934514999389648, 0.5352877378463745, 0.06160925701260567)","(0.5815842151641846, 0.5623677968978882, 0.07187408953905106)","(0.6823712587356567, 0.5449874401092529, 0.027288056910037994)","(0.6467726826667786, 0.537623941898346, 0.05876829847693443)","(0.6255046725273132, 0.5672177076339722, 0.07093769311904907)","(0.6159384250640869, 0.5989658236503601, 0.07563323527574539)","(0.7082457542419434, 0.5732691287994385, 0.03777453675866127)","(0.6744836568832397, 0.5630246996879578, 0.06338129937648773)","(0.656396746635437, 0.5855621695518494, 0.06922704726457596)","(0.648776113986969, 0.617088258266449, 0.06901033967733383)","(0.7273252010345459, 0.6045175194740295, 0.04867571219801903)","(0.6982623934745789, 0.5894551277160645, 0.06719566136598587)","(0.6809377074241638, 0.6032435297966003, 0.07506080716848373)","(0.6724592447280884, 0.6295117735862732, 0.07958035171031952)",Position
3084,"(0.697352945804596, 0.7898804545402527, -3.9562996789754834e-07)","(0.6352553963661194, 0.7506287693977356, 0.0011479732347652316)","(0.602703869342804, 0.6643555164337158, 0.012521397322416306)","(0.5863751173019409, 0.5983939170837402, 0.026263393461704254)","(0.5663923025131226, 0.5684775710105896, 0.041140515357255936)","(0.6488182544708252, 0.5451602339744568, 0.017893129959702492)","(0.6147813200950623, 0.514513373374939, 0.04426496848464012)","(0.5931167602539062, 0.5366864204406738, 0.061171747744083405)","(0.5802859663963318, 0.5621672868728638, 0.07160580903291702)","(0.6836485862731934, 0.5468795895576477, 0.027184542268514633)","(0.6462008357048035, 0.5409365892410278, 0.058628976345062256)","(0.6249054670333862, 0.5719600319862366, 0.07083781808614731)","(0.6153911352157593, 0.6038103103637695, 0.0756346583366394)","(0.7092082500457764, 0.5747440457344055, 0.038156986236572266)","(0.6739888787269592, 0.5653542280197144, 0.06332363933324814)","(0.6555952429771423, 0.5891467332839966, 0.06881412118673325)","(0.647796094417572, 0.6200382709503174, 0.06859312206506729)","(0.7277450561523438, 0.6054081320762634, 0.04960460960865021)","(0.6976230144500732, 0.5888760089874268, 0.0676279366016388)","(0.6798239350318909, 0.6037772297859192, 0.0753171369433403)","(0.6710483431816101, 0.6309855580329895, 0.07992441952228546)",Position
3085,"(0.6963643431663513, 0.7892423272132874, -3.8945728420003434e-07)","(0.633637011051178, 0.7512250542640686, 0.0007460306514985859)","(0.6007289886474609, 0.6668559908866882, 0.010306875221431255)","(0.5844258069992065, 0.5991806387901306, 0.02195432223379612)","(0.5644164085388184, 0.5679919719696045, 0.03434929996728897)","(0.6480130553245544, 0.54526686668396, 0.016011657193303108)","(0.6146342754364014, 0.5165205001831055, 0.04094940796494484)","(0.5929132699966431, 0.5380271077156067, 0.056436944752931595)","(0.5801764130592346, 0.5634312033653259, 0.06551913172006607)","(0.6830890774726868, 0.5478246808052063, 0.024225400760769844)","(0.645451545715332, 0.542719304561615, 0.05359218642115593)","(0.6246596574783325, 0.5740011930465698, 0.06370937079191208)","(0.6162492036819458, 0.6053030490875244, 0.06653397530317307)","(0.7088195085525513, 0.576457679271698, 0.03424244001507759)","(0.6736931800842285, 0.56587153673172, 0.057452961802482605)","(0.6557506918907166, 0.5906071066856384, 0.06110616400837898)","(0.6489065289497375, 0.6226175427436829, 0.05921252816915512)","(0.7275657057762146, 0.6082276105880737, 0.04479707404971123)","(0.6974740624427795, 0.590110182762146, 0.061293620616197586)","(0.6800056099891663, 0.605613112449646, 0.06795166432857513)","(0.6719524264335632, 0.6331737041473389, 0.07139035314321518)",Position
3086,"(0.6956820487976074, 0.7914726138114929, -3.930579168809345e-07)","(0.6337688565254211, 0.753649115562439, 0.000803706469014287)","(0.6010118722915649, 0.6681466698646545, 0.01089601032435894)","(0.584516167640686, 0.6008163690567017, 0.02328001894056797)","(0.5644908547401428, 0.5706478357315063, 0.03672165423631668)","(0.6478107571601868, 0.5470846891403198, 0.01581561751663685)","(0.6147544384002686, 0.5175532102584839, 0.0412113256752491)","(0.5928108096122742, 0.5396183133125305, 0.057456064969301224)","(0.5794556140899658, 0.5655010342597961, 0.06727693229913712)","(0.6825535893440247, 0.5489866137504578, 0.024719027802348137)","(0.6451847553253174, 0.5424203872680664, 0.05495272949337959)","(0.6235524415969849, 0.5730710625648499, 0.06640899181365967)","(0.6138784885406494, 0.6047229766845703, 0.07041460275650024)","(0.7081573009490967, 0.5768346786499023, 0.03545340895652771)","(0.6731127500534058, 0.5653197169303894, 0.05967264249920845)","(0.6544257998466492, 0.5886026620864868, 0.06487749516963959)","(0.6464465260505676, 0.6207160949707031, 0.06425334513187408)","(0.7267226576805115, 0.6081186532974243, 0.046670250594615936)","(0.6966026425361633, 0.5889202952384949, 0.06410535424947739)","(0.678482711315155, 0.6029193997383118, 0.07168371230363846)","(0.6694214344024658, 0.6303609609603882, 0.07601646333932877)",Position
3087,"(0.695382297039032, 0.7920373678207397, -4.0403526213594887e-07)","(0.6331249475479126, 0.7538718581199646, 0.00091168173821643)","(0.6002535223960876, 0.6679797768592834, 0.011488019488751888)","(0.5840291976928711, 0.6003077030181885, 0.024442164227366447)","(0.5650466680526733, 0.5703182220458984, 0.03846610710024834)","(0.6470357179641724, 0.5457859039306641, 0.015785284340381622)","(0.6129234433174133, 0.5165175795555115, 0.0419049970805645)","(0.5910658836364746, 0.5403989553451538, 0.05872073397040367)","(0.5784440636634827, 0.5672972202301025, 0.06880249828100204)","(0.6818596720695496, 0.5480992794036865, 0.024774620309472084)","(0.6437839269638062, 0.5438112020492554, 0.05532517284154892)","(0.6220014095306396, 0.5762119293212891, 0.06655727326869965)","(0.6128444671630859, 0.6084306240081787, 0.07036799192428589)","(0.7076537013053894, 0.5768648982048035, 0.03570300340652466)","(0.6715645790100098, 0.5667979717254639, 0.05987219139933586)","(0.6527079939842224, 0.592374324798584, 0.06413175165653229)","(0.6454369425773621, 0.6250197291374207, 0.06288129836320877)","(0.726558268070221, 0.6086747646331787, 0.04721119627356529)","(0.6962146162986755, 0.5895663499832153, 0.0644315704703331)","(0.6778175830841064, 0.605090856552124, 0.07140699774026871)","(0.6690657734870911, 0.633452832698822, 0.07530371099710464)",Position
3088,"(0.6952580809593201, 0.7920281887054443, -4.0215786611952353e-07)","(0.632819652557373, 0.7534885406494141, 0.0015184016665443778)","(0.5999082922935486, 0.6687663197517395, 0.01208217442035675)","(0.5840210914611816, 0.6005473732948303, 0.02496138960123062)","(0.5656896829605103, 0.5697639584541321, 0.03890540450811386)","(0.6470938324928284, 0.5463729500770569, 0.015794701874256134)","(0.6140921115875244, 0.5170187950134277, 0.04168863967061043)","(0.592684268951416, 0.5387466549873352, 0.05820013955235481)","(0.5799607634544373, 0.5639471411705017, 0.06800858676433563)","(0.6821056604385376, 0.5485877394676208, 0.02438553422689438)","(0.6446344256401062, 0.543913722038269, 0.055042266845703125)","(0.6238744258880615, 0.575147271156311, 0.06645503640174866)","(0.6153753995895386, 0.6062856316566467, 0.07015363872051239)","(0.7077963948249817, 0.5772098302841187, 0.03495209664106369)","(0.6728722453117371, 0.5669878721237183, 0.059303876012563705)","(0.6548687219619751, 0.5915136337280273, 0.0639529675245285)","(0.647881031036377, 0.6233561038970947, 0.06272274255752563)","(0.7265191674232483, 0.609046459197998, 0.04611105099320412)","(0.6968510150909424, 0.5904284715652466, 0.06354710459709167)","(0.6791563034057617, 0.6056805849075317, 0.07084380090236664)","(0.670730471611023, 0.6337567567825317, 0.0748092383146286)",Position
3089,"(0.6950801014900208, 0.7916931509971619, -4.089504557214241e-07)","(0.6326716542243958, 0.753010630607605, 0.0016900355694815516)","(0.5999285578727722, 0.6685241460800171, 0.012938816100358963)","(0.5838578939437866, 0.6011135578155518, 0.026580967009067535)","(0.5647345781326294, 0.5712809562683105, 0.04126475378870964)","(0.6474207639694214, 0.5464447736740112, 0.017050180584192276)","(0.6136484146118164, 0.5182716250419617, 0.04370909556746483)","(0.5919661521911621, 0.5410561561584473, 0.060475535690784454)","(0.57929527759552, 0.5664756894111633, 0.07040166109800339)","(0.6821785569190979, 0.5489596128463745, 0.026062576100230217)","(0.6445206999778748, 0.5453340411186218, 0.05737432464957237)","(0.6234858632087708, 0.5776327848434448, 0.06857522577047348)","(0.6150946617126465, 0.6092749834060669, 0.07205485552549362)","(0.7077203392982483, 0.5777973532676697, 0.037080083042383194)","(0.6726527810096741, 0.5680704712867737, 0.06206102296710014)","(0.6542322635650635, 0.5932542681694031, 0.06622831523418427)","(0.6473241448402405, 0.6255025267601013, 0.06457588821649551)","(0.7263836860656738, 0.609621524810791, 0.04874255880713463)","(0.6967349052429199, 0.5911158323287964, 0.06666788458824158)","(0.6785853505134583, 0.6065725684165955, 0.0737176239490509)","(0.6700127124786377, 0.6347675919532776, 0.07742854207754135)",Position
3090,"(0.693890392780304, 0.7902743816375732, -4.2103928876713326e-07)","(0.6315947771072388, 0.7515677213668823, 0.0011642309837043285)","(0.5990307927131653, 0.6680176854133606, 0.011751391924917698)","(0.5830301642417908, 0.6010454893112183, 0.024828573688864708)","(0.5637736916542053, 0.5709353089332581, 0.03883972764015198)","(0.6470628976821899, 0.5446816682815552, 0.014646288938820362)","(0.6121114492416382, 0.5188143253326416, 0.04087350144982338)","(0.590065598487854, 0.5434409976005554, 0.057715240865945816)","(0.5774085521697998, 0.5692766904830933, 0.0676543116569519)","(0.6816901564598083, 0.5470879673957825, 0.023674936965107918)","(0.6426408886909485, 0.5455747842788696, 0.05413706228137016)","(0.6205962896347046, 0.578657865524292, 0.06486450880765915)","(0.6117873787879944, 0.610770583152771, 0.06800664216279984)","(0.7074891924858093, 0.5761529803276062, 0.03488016128540039)","(0.6706992983818054, 0.5684802532196045, 0.05890115723013878)","(0.6517215967178345, 0.5954769849777222, 0.06223827973008156)","(0.6449686288833618, 0.628592848777771, 0.06015114486217499)","(0.726331353187561, 0.6081832051277161, 0.046801261603832245)","(0.6965394020080566, 0.5897065997123718, 0.06375022977590561)","(0.6779873371124268, 0.6060131192207336, 0.07013087719678879)","(0.6693348288536072, 0.6349236369132996, 0.07349518686532974)",Position
3091,"(0.6931663155555725, 0.7899836301803589, -4.113048817089293e-07)","(0.6312166452407837, 0.7507427930831909, 0.0011470193276181817)","(0.5990718603134155, 0.6680489182472229, 0.012345525436103344)","(0.5831395387649536, 0.601808488368988, 0.02642478048801422)","(0.5643053650856018, 0.5710789561271667, 0.04162456840276718)","(0.6475836038589478, 0.5450983047485352, 0.014879369176924229)","(0.6129176616668701, 0.5198780298233032, 0.04324273765087128)","(0.5910623669624329, 0.5428684949874878, 0.062017980962991714)","(0.5782945156097412, 0.5677094459533691, 0.07321041077375412)","(0.6823034882545471, 0.5482920408248901, 0.024858487769961357)","(0.6434949636459351, 0.5467849373817444, 0.05755780637264252)","(0.6218221187591553, 0.5797376036643982, 0.06981326639652252)","(0.6132187843322754, 0.6115858554840088, 0.07382263988256454)","(0.7080082297325134, 0.5778900980949402, 0.037136588245630264)","(0.6722498536109924, 0.569368839263916, 0.06305943429470062)","(0.6530997157096863, 0.5960580110549927, 0.06689891219139099)","(0.6460297703742981, 0.6290932297706604, 0.06483405083417892)","(0.7266206741333008, 0.6099799871444702, 0.05017215013504028)","(0.6976203918457031, 0.5915415287017822, 0.06831690669059753)","(0.6787543296813965, 0.607542097568512, 0.07468248903751373)","(0.6695989370346069, 0.6363663673400879, 0.07785986363887787)",Position
3092,"(0.6935315728187561, 0.7900017499923706, -4.1439565734435746e-07)","(0.631330668926239, 0.7516509294509888, 0.0006141905905678868)","(0.5995746850967407, 0.668781042098999, 0.0103940200060606)","(0.5835297703742981, 0.6011526584625244, 0.022883150726556778)","(0.5632226467132568, 0.5701475739479065, 0.03644423186779022)","(0.6481654047966003, 0.5480082631111145, 0.01345964428037405)","(0.6142566204071045, 0.5201818346977234, 0.039946284145116806)","(0.5919344425201416, 0.5435932874679565, 0.05748002976179123)","(0.5788004398345947, 0.5701358318328857, 0.06799907237291336)","(0.682629406452179, 0.5502631068229675, 0.023135900497436523)","(0.6442826390266418, 0.5471709966659546, 0.05415976420044899)","(0.6227238774299622, 0.5804886817932129, 0.06567876040935516)","(0.6143550872802734, 0.6118476986885071, 0.06918063014745712)","(0.7082574367523193, 0.5790852904319763, 0.03504053130745888)","(0.6726671457290649, 0.5701338052749634, 0.05981650575995445)","(0.6536102890968323, 0.5967000126838684, 0.0636870339512825)","(0.6466940641403198, 0.6299962997436523, 0.061628349125385284)","(0.7268882989883423, 0.6108996868133545, 0.047651149332523346)","(0.6976749300956726, 0.5919076204299927, 0.06528348475694656)","(0.678870677947998, 0.6081202030181885, 0.07180596143007278)","(0.6699547171592712, 0.6370313167572021, 0.07501658797264099)",Position
3093,"(0.6934801936149597, 0.7896079421043396, -4.236455311001919e-07)","(0.6322838068008423, 0.7540314197540283, 0.0002770459686871618)","(0.6001272797584534, 0.6718839406967163, 0.009772081859409809)","(0.5839542150497437, 0.6045508980751038, 0.02189740352332592)","(0.5636897087097168, 0.5739621520042419, 0.0350162610411644)","(0.6460867524147034, 0.5496863126754761, 0.012023616582155228)","(0.6127685904502869, 0.5245776176452637, 0.035981908440589905)","(0.5909920930862427, 0.5463624000549316, 0.05160181224346161)","(0.5781981945037842, 0.5707215666770935, 0.0610303170979023)","(0.6809164881706238, 0.5507521033287048, 0.02094852551817894)","(0.6439692378044128, 0.548152506351471, 0.04978019371628761)","(0.6232811212539673, 0.5809652805328369, 0.06069851294159889)","(0.6155494451522827, 0.6116068959236145, 0.06410018354654312)","(0.7073696255683899, 0.5785835981369019, 0.031875599175691605)","(0.6731567978858948, 0.5690951347351074, 0.054126426577568054)","(0.6550102829933167, 0.5948558449745178, 0.05776910483837128)","(0.6485418677330017, 0.6270589828491211, 0.05612453818321228)","(0.7269001007080078, 0.6100853681564331, 0.0434885174036026)","(0.6989690661430359, 0.5900856852531433, 0.05927146598696709)","(0.680716872215271, 0.605141282081604, 0.0656159371137619)","(0.6718712449073792, 0.6333357095718384, 0.06903214007616043)",Position
3094,"(0.6935491561889648, 0.7898176908493042, -3.973770503762353e-07)","(0.6316879987716675, 0.7558317184448242, 0.00302699813619256)","(0.5994501709938049, 0.6754902601242065, 0.015051989816129208)","(0.5841971039772034, 0.6095446944236755, 0.029331481084227562)","(0.5647449493408203, 0.5761351585388184, 0.04486953094601631)","(0.6450509428977966, 0.5534185171127319, 0.020528996363282204)","(0.6144486665725708, 0.5239246487617493, 0.048997558653354645)","(0.5933226346969604, 0.5445569157600403, 0.06697467714548111)","(0.5807401537895203, 0.5704360008239746, 0.07793039083480835)","(0.6796696186065674, 0.5529604554176331, 0.030186140909790993)","(0.64455646276474, 0.5480644106864929, 0.06463629752397537)","(0.6240711808204651, 0.5807741284370422, 0.07767485827207565)","(0.6162216067314148, 0.6111435294151306, 0.0821223109960556)","(0.7062963247299194, 0.5792116522789001, 0.04174042493104935)","(0.6741337180137634, 0.5688721537590027, 0.06915563344955444)","(0.6560803055763245, 0.5953818559646606, 0.07410857081413269)","(0.6500211358070374, 0.6270772814750671, 0.07258562743663788)","(0.7263689637184143, 0.6084674000740051, 0.054095227271318436)","(0.6999371647834778, 0.5889699459075928, 0.07431258261203766)","(0.6822751760482788, 0.6048637628555298, 0.08197008073329926)","(0.6744385361671448, 0.6328570246696472, 0.08575572818517685)",Position
3095,"(0.694005012512207, 0.7963229417800903, -3.79371215331048e-07)","(0.6312696933746338, 0.7575510144233704, 0.006288526579737663)","(0.5990091562271118, 0.6750473380088806, 0.022388633340597153)","(0.583663284778595, 0.611159086227417, 0.04134681448340416)","(0.5639301538467407, 0.5776885747909546, 0.06206366792321205)","(0.6435692310333252, 0.5565237998962402, 0.026294421404600143)","(0.6124452948570251, 0.5271264910697937, 0.06249847635626793)","(0.5920612812042236, 0.5459469556808472, 0.08647975325584412)","(0.5793142914772034, 0.5685138702392578, 0.10122555494308472)","(0.6784921884536743, 0.5567880868911743, 0.037931036204099655)","(0.6426882743835449, 0.5496570467948914, 0.08071358501911163)","(0.6221588253974915, 0.5827537775039673, 0.09914415329694748)","(0.6136583685874939, 0.613406777381897, 0.10699056088924408)","(0.7051100134849548, 0.5824559330940247, 0.051986344158649445)","(0.6727120280265808, 0.5691000819206238, 0.08632151782512665)","(0.6532468795776367, 0.5949967503547668, 0.09472916275262833)","(0.6463537812232971, 0.6258831024169922, 0.09503661841154099)","(0.7262753844261169, 0.6101363897323608, 0.06717673689126968)","(0.6999025344848633, 0.5868402123451233, 0.0925167128443718)","(0.6811985969543457, 0.6019232869148254, 0.10265786945819855)","(0.6727880239486694, 0.6301870346069336, 0.10806610435247421)",Position
3096,"(0.6930791139602661, 0.7986955642700195, -3.6847896467406827e-07)","(0.6306892037391663, 0.7600103616714478, 0.006203724071383476)","(0.5996147394180298, 0.6789035797119141, 0.022040603682398796)","(0.5852521061897278, 0.6158984899520874, 0.04068771004676819)","(0.5668139457702637, 0.582432210445404, 0.06134839355945587)","(0.6426255702972412, 0.5611407160758972, 0.024941736832261086)","(0.6127691268920898, 0.5273455381393433, 0.06082656607031822)","(0.5929978489875793, 0.547097384929657, 0.08567944169044495)","(0.580797016620636, 0.5721790790557861, 0.10122869908809662)","(0.6779661774635315, 0.5611267685890198, 0.0363769456744194)","(0.6424359083175659, 0.5469706654548645, 0.07807871699333191)","(0.6212313771247864, 0.5777639746665955, 0.09694256633520126)","(0.6115939021110535, 0.6088207960128784, 0.10537311434745789)","(0.705207347869873, 0.5855669975280762, 0.05025327950716019)","(0.672889232635498, 0.5673332214355469, 0.08409085124731064)","(0.6536182165145874, 0.590876042842865, 0.09373986721038818)","(0.6459392309188843, 0.6213409900665283, 0.09506972879171371)","(0.7268009781837463, 0.6122618913650513, 0.06518641859292984)","(0.7017085552215576, 0.5850062966346741, 0.08990422636270523)","(0.6832703351974487, 0.5958659648895264, 0.10039334744215012)","(0.6740103960037231, 0.6213945150375366, 0.10627786815166473)",Position
3097,"(0.6922662258148193, 0.7997469305992126, -3.4209242016913777e-07)","(0.6300349831581116, 0.7603265047073364, 0.009773826226592064)","(0.5996835231781006, 0.6799434423446655, 0.027774956077337265)","(0.5855327248573303, 0.6182989478111267, 0.04814363643527031)","(0.5676147937774658, 0.5856184363365173, 0.07073286920785904)","(0.6397947669029236, 0.5661129355430603, 0.031199153512716293)","(0.6128380298614502, 0.5270646810531616, 0.06965167820453644)","(0.593753457069397, 0.5454888343811035, 0.09616728127002716)","(0.5816946029663086, 0.5710671544075012, 0.11294994503259659)","(0.6758127212524414, 0.564828097820282, 0.04214230924844742)","(0.6412901878356934, 0.545527458190918, 0.0865991935133934)","(0.6203281879425049, 0.5735787153244019, 0.10650750249624252)","(0.610693097114563, 0.6041244268417358, 0.1156347244977951)","(0.7032553553581238, 0.5877756476402283, 0.05573161318898201)","(0.6720994114875793, 0.5671737790107727, 0.09176915884017944)","(0.6530014872550964, 0.5890517830848694, 0.10297366231679916)","(0.6456295847892761, 0.6190406084060669, 0.10538079589605331)","(0.7263563275337219, 0.6130145788192749, 0.07064876705408096)","(0.7049493193626404, 0.5801942348480225, 0.09720663726329803)","(0.6888306736946106, 0.5844885110855103, 0.10910499840974808)","(0.6802582740783691, 0.6034309267997742, 0.11605069041252136)",Position
3098,"(0.6918683052062988, 0.799957811832428, -3.463332518549578e-07)","(0.6304188370704651, 0.7657213807106018, 0.006842372007668018)","(0.5988137722015381, 0.6853246092796326, 0.021761542186141014)","(0.5844486355781555, 0.6212641596794128, 0.03881987929344177)","(0.5676338076591492, 0.5873434543609619, 0.05737341195344925)","(0.63719242811203, 0.5687476396560669, 0.024973534047603607)","(0.610035240650177, 0.528531014919281, 0.05814201012253761)","(0.5904834270477295, 0.5459798574447632, 0.08045072853565216)","(0.5779262781143188, 0.5698623061180115, 0.0943966805934906)","(0.67397141456604, 0.5653114318847656, 0.03446708992123604)","(0.6390068531036377, 0.5455447435379028, 0.07280346006155014)","(0.6171997785568237, 0.5730072855949402, 0.08796459436416626)","(0.6076437830924988, 0.6048858761787415, 0.09395565837621689)","(0.7032002210617065, 0.5872716307640076, 0.0464433953166008)","(0.6699277758598328, 0.5665034055709839, 0.07672835141420364)","(0.6516100168228149, 0.5900287628173828, 0.0836016908288002)","(0.6448975801467896, 0.6215314865112305, 0.08354074507951736)","(0.72658771276474, 0.6124228239059448, 0.05970441550016403)","(0.7048502564430237, 0.5768856406211853, 0.08144840598106384)","(0.6894954442977905, 0.5782561898231506, 0.09044766426086426)","(0.6815428733825684, 0.5944344997406006, 0.09547942876815796)",Position
3099,"(0.6905385255813599, 0.8036549091339111, -3.2176589570553915e-07)","(0.6291252374649048, 0.7690035104751587, 0.004616179969161749)","(0.598013162612915, 0.6877924203872681, 0.01908884197473526)","(0.584378719329834, 0.6236182451248169, 0.03656400367617607)","(0.5675371289253235, 0.5895894169807434, 0.05609248951077461)","(0.6354909539222717, 0.5694063305854797, 0.021525362506508827)","(0.6079066395759583, 0.528928816318512, 0.0570329912006855)","(0.5887123346328735, 0.5471790432929993, 0.08284377306699753)","(0.5771772861480713, 0.5727885961532593, 0.09905557334423065)","(0.6728135347366333, 0.5658833980560303, 0.032564133405685425)","(0.6369162797927856, 0.5436878204345703, 0.07217828929424286)","(0.6143482327461243, 0.5714542269706726, 0.08973730355501175)","(0.6046273112297058, 0.6042302846908569, 0.0974966436624527)","(0.7020851969718933, 0.5875257849693298, 0.04619525745511055)","(0.6675591468811035, 0.5642853379249573, 0.07709842920303345)","(0.6481211185455322, 0.5873460173606873, 0.08543810993432999)","(0.6406940221786499, 0.6195561289787292, 0.08640838414430618)","(0.7253928780555725, 0.6128042340278625, 0.06095551326870918)","(0.7047938108444214, 0.573211669921875, 0.08257465809583664)","(0.6894097924232483, 0.5716332793235779, 0.0917835682630539)","(0.6809073090553284, 0.5863672494888306, 0.09707159548997879)",Position
3100,"(0.6907573342323303, 0.8039735555648804, -3.2794466164887126e-07)","(0.6286240816116333, 0.7712990045547485, 0.0060877492651343346)","(0.5971572995185852, 0.6905229091644287, 0.021536484360694885)","(0.5829904079437256, 0.6270502805709839, 0.039302002638578415)","(0.5675911903381348, 0.5906379222869873, 0.058972179889678955)","(0.6321991682052612, 0.5710437297821045, 0.026330184191465378)","(0.6065385341644287, 0.5282529592514038, 0.06096663326025009)","(0.5871365070343018, 0.5471038818359375, 0.08515927940607071)","(0.5753626823425293, 0.5738503336906433, 0.10049139708280563)","(0.6698178052902222, 0.5668771266937256, 0.03635057061910629)","(0.634915828704834, 0.5417524576187134, 0.0749611034989357)","(0.6118886470794678, 0.5692477822303772, 0.09114249795675278)","(0.6018165946006775, 0.6033188104629517, 0.09844012558460236)","(0.7000789642333984, 0.5882596373558044, 0.048676103353500366)","(0.6662760376930237, 0.5631300210952759, 0.07850094884634018)","(0.6469300389289856, 0.587307870388031, 0.08623817563056946)","(0.6403276324272156, 0.6195218563079834, 0.08742412179708481)","(0.724889874458313, 0.613714873790741, 0.062253646552562714)","(0.704084038734436, 0.5723291635513306, 0.08387265354394913)","(0.6884663105010986, 0.571345329284668, 0.09348537027835846)","(0.6806947588920593, 0.5861719250679016, 0.09929788112640381)",Position
3101,"(0.6909740567207336, 0.8066534996032715, -3.2041577924246667e-07)","(0.6283047795295715, 0.7709530591964722, 0.009408662095665932)","(0.5964959859848022, 0.6892001628875732, 0.027707641944289207)","(0.5821995735168457, 0.6275368928909302, 0.04798588156700134)","(0.5678797960281372, 0.589669406414032, 0.07030000537633896)","(0.6316184401512146, 0.5714687705039978, 0.033750757575035095)","(0.6062566637992859, 0.5291872024536133, 0.07128726691007614)","(0.5871368646621704, 0.5470748543739319, 0.09654199331998825)","(0.574737012386322, 0.5723850131034851, 0.11256029456853867)","(0.6682755351066589, 0.5675609111785889, 0.043713606894016266)","(0.6336178779602051, 0.5423715710639954, 0.08594983071088791)","(0.6113184094429016, 0.5675426721572876, 0.10325448215007782)","(0.601060152053833, 0.5997823476791382, 0.11121280491352081)","(0.6983087658882141, 0.5878797173500061, 0.05600845441222191)","(0.6651422381401062, 0.5623243451118469, 0.08901326358318329)","(0.6457692980766296, 0.58621746301651, 0.09789138287305832)","(0.6389700174331665, 0.616526186466217, 0.09978051483631134)","(0.7239651083946228, 0.6114323735237122, 0.06974241882562637)","(0.7034134864807129, 0.5674846172332764, 0.09410367906093597)","(0.6884171962738037, 0.5673559308052063, 0.10517322272062302)","(0.6813675761222839, 0.5819281339645386, 0.11199598759412766)",Position
3102,"(0.6899028420448303, 0.8082467317581177, -3.193870554696332e-07)","(0.6267911791801453, 0.7706869840621948, 0.01161952130496502)","(0.594704270362854, 0.6911538243293762, 0.030968589708209038)","(0.5809040069580078, 0.6305819153785706, 0.05177679657936096)","(0.5667009949684143, 0.592700183391571, 0.07445569336414337)","(0.6281599402427673, 0.5721423625946045, 0.038499366492033005)","(0.6035634875297546, 0.53091961145401, 0.07707757502794266)","(0.5849694013595581, 0.5486640334129333, 0.10166743397712708)","(0.5730453133583069, 0.5735982060432434, 0.11694848537445068)","(0.6647408604621887, 0.5675062537193298, 0.047690313309431076)","(0.6321654319763184, 0.5444698929786682, 0.09139327704906464)","(0.6121528148651123, 0.5723890066146851, 0.1082836389541626)","(0.6041921973228455, 0.6061208248138428, 0.11569958180189133)","(0.6949543952941895, 0.5874091982841492, 0.059223875403404236)","(0.6633614897727966, 0.5630994439125061, 0.09353676438331604)","(0.6450265049934387, 0.5897964239120483, 0.10241205990314484)","(0.6398411989212036, 0.6212860345840454, 0.10405244678258896)","(0.7214603424072266, 0.6105215549468994, 0.0723038837313652)","(0.7019218802452087, 0.5654708743095398, 0.09777569770812988)","(0.6869596242904663, 0.5678108334541321, 0.109324611723423)","(0.680229663848877, 0.5838683843612671, 0.11632944643497467)",Position
3103,"(0.689192533493042, 0.8090266585350037, -3.268624766405992e-07)","(0.6270205974578857, 0.7728123068809509, 0.012783237732946873)","(0.5939850807189941, 0.6941578984260559, 0.03286714106798172)","(0.5804370045661926, 0.6341456174850464, 0.05400560051202774)","(0.5691204071044922, 0.5947273969650269, 0.07702143490314484)","(0.6257967948913574, 0.5734461545944214, 0.04107093811035156)","(0.6027875542640686, 0.5310462117195129, 0.07929674535989761)","(0.5853004455566406, 0.548541784286499, 0.10336808115243912)","(0.5738667249679565, 0.5735382437705994, 0.11831153929233551)","(0.662347137928009, 0.5673008561134338, 0.049270737916231155)","(0.6310489773750305, 0.5473657250404358, 0.09303763508796692)","(0.612608790397644, 0.5743718147277832, 0.10978998243808746)","(0.605636477470398, 0.6075713038444519, 0.11711737513542175)","(0.6930355429649353, 0.5861817002296448, 0.059602901339530945)","(0.6623732447624207, 0.5636404752731323, 0.09383678436279297)","(0.645258367061615, 0.5907450914382935, 0.10307379812002182)","(0.6406657695770264, 0.6213446855545044, 0.10503994673490524)","(0.7205043435096741, 0.6092013120651245, 0.07144948840141296)","(0.701361358165741, 0.5638230443000793, 0.096700519323349)","(0.6869906187057495, 0.5672714114189148, 0.10858112573623657)","(0.6808435320854187, 0.5835080146789551, 0.11594487726688385)",Position
3104,"(0.6892473697662354, 0.8115633130073547, -3.876878338360257e-07)","(0.6273554563522339, 0.7773222327232361, 0.00986719224601984)","(0.5917907357215881, 0.6983682513237, 0.025938784703612328)","(0.5767632126808167, 0.6350258588790894, 0.043170422315597534)","(0.5700908899307251, 0.5964989066123962, 0.06202177703380585)","(0.6252659559249878, 0.57305508852005, 0.028467684984207153)","(0.600201427936554, 0.532944917678833, 0.06064557284116745)","(0.5826656222343445, 0.5549920201301575, 0.08175799250602722)","(0.5724579691886902, 0.5832491517066956, 0.09448233246803284)","(0.6615301370620728, 0.5661138296127319, 0.03475823625922203)","(0.6292214393615723, 0.5507062673568726, 0.07123390585184097)","(0.6111524105072021, 0.5818674564361572, 0.08422142267227173)","(0.6058585047721863, 0.616995632648468, 0.08856301754713058)","(0.6933290362358093, 0.5853630900382996, 0.04345862567424774)","(0.6610068082809448, 0.5650699734687805, 0.0710216760635376)","(0.6447666883468628, 0.5933976769447327, 0.07579763233661652)","(0.6408378481864929, 0.6268985271453857, 0.07457494735717773)","(0.720555305480957, 0.6099526882171631, 0.05370289832353592)","(0.6997708082199097, 0.5653825998306274, 0.07322272658348083)","(0.6855491399765015, 0.570830762386322, 0.08152496814727783)","(0.679961621761322, 0.5911999940872192, 0.08609828352928162)",Position
3105,"(0.6893936991691589, 0.8152297735214233, -4.2103795294679003e-07)","(0.6272377371788025, 0.7809456586837769, 0.009145560674369335)","(0.5916317701339722, 0.702464759349823, 0.02349233627319336)","(0.5746936202049255, 0.6397581696510315, 0.039012424647808075)","(0.5669475793838501, 0.600850522518158, 0.056041866540908813)","(0.6263484954833984, 0.5787132978439331, 0.023404942825436592)","(0.5999249219894409, 0.5370757579803467, 0.0523163303732872)","(0.5817425847053528, 0.5596015453338623, 0.07153312116861343)","(0.5722092986106873, 0.5892438292503357, 0.0831228494644165)","(0.6626495122909546, 0.5710574388504028, 0.029102854430675507)","(0.6296523809432983, 0.557701587677002, 0.062421079725027084)","(0.6129959225654602, 0.5922346115112305, 0.07397644221782684)","(0.6099374294281006, 0.6274796724319458, 0.07717710733413696)","(0.6940518617630005, 0.589601993560791, 0.03733086585998535)","(0.661094605922699, 0.5698525905609131, 0.06272035092115402)","(0.6455941796302795, 0.5988063812255859, 0.06623288989067078)","(0.6424000859260559, 0.6338059902191162, 0.0638030543923378)","(0.7201521992683411, 0.6135879755020142, 0.04713808000087738)","(0.6991307139396667, 0.5724769830703735, 0.0649801567196846)","(0.6852964758872986, 0.5779191255569458, 0.07191099971532822)","(0.6797935962677002, 0.5977723002433777, 0.0752507746219635)",Position
3106,"(0.6884393692016602, 0.8205524682998657, -4.433717322172015e-07)","(0.6271265149116516, 0.7844001054763794, 0.007213516626507044)","(0.5917812585830688, 0.7058424949645996, 0.01920035481452942)","(0.5738932490348816, 0.6434687376022339, 0.03245924413204193)","(0.5659138560295105, 0.6042565107345581, 0.04718368873000145)","(0.630191445350647, 0.578765332698822, 0.01847679913043976)","(0.6044753789901733, 0.5403892993927002, 0.04357155039906502)","(0.5850405693054199, 0.5619962215423584, 0.059644218534231186)","(0.5738878846168518, 0.5902163982391357, 0.06905781477689743)","(0.6663153171539307, 0.5737148523330688, 0.023507418110966682)","(0.6331319808959961, 0.5649504661560059, 0.05342048034071922)","(0.6161409020423889, 0.5990236401557922, 0.06301261484622955)","(0.6122259497642517, 0.6319291591644287, 0.06463941931724548)","(0.6967887878417969, 0.5948069095611572, 0.03098408319056034)","(0.6638395190238953, 0.5773818492889404, 0.053403403609991074)","(0.6486806273460388, 0.6041654348373413, 0.05625908449292183)","(0.6444584727287292, 0.6382734179496765, 0.053460657596588135)","(0.7216782569885254, 0.6212427020072937, 0.0398244708776474)","(0.7004073858261108, 0.5819547772407532, 0.055299676954746246)","(0.6863253116607666, 0.5835008025169373, 0.06153903901576996)","(0.6792894005775452, 0.5998453497886658, 0.06444960087537766)",Position
3107,"(0.6887803673744202, 0.823377251625061, -4.4975274704484036e-07)","(0.6274009943008423, 0.7868945598602295, 0.007727870251983404)","(0.5913148522377014, 0.7070861458778381, 0.019309625029563904)","(0.5734732747077942, 0.6419774293899536, 0.0319276824593544)","(0.5652952194213867, 0.6036436557769775, 0.045974377542734146)","(0.6304169297218323, 0.5823719501495361, 0.017552100121974945)","(0.6049391627311707, 0.5405420660972595, 0.04146908223628998)","(0.585496187210083, 0.5599468350410461, 0.057343874126672745)","(0.5742919445037842, 0.5892727971076965, 0.06673695147037506)","(0.6664295792579651, 0.5774742960929871, 0.021722763776779175)","(0.633123517036438, 0.5656217336654663, 0.049826353788375854)","(0.6166830658912659, 0.5993555188179016, 0.059187691658735275)","(0.6135152578353882, 0.6321665048599243, 0.06080187112092972)","(0.697107195854187, 0.5984301567077637, 0.028287971392273903)","(0.6643218994140625, 0.5776854753494263, 0.04897678270936012)","(0.6495111584663391, 0.6053209900856018, 0.051282793283462524)","(0.6463286876678467, 0.6394438743591309, 0.048217903822660446)","(0.722434401512146, 0.6249277591705322, 0.03633948042988777)","(0.6994389295578003, 0.5859267711639404, 0.05082199349999428)","(0.6845166683197021, 0.5926791429519653, 0.05665842443704605)","(0.6785065531730652, 0.6135330200195312, 0.05917734280228615)",Position
3108,"(0.6876221895217896, 0.827027440071106, -4.4332867332741444e-07)","(0.6269645094871521, 0.7898330092430115, 0.007223639637231827)","(0.591289758682251, 0.7092339396476746, 0.01810269057750702)","(0.5734618902206421, 0.6427373290061951, 0.02983897179365158)","(0.5632470846176147, 0.6022844910621643, 0.04296482354402542)","(0.6302615404129028, 0.5836544036865234, 0.018143579363822937)","(0.6060769557952881, 0.5421991348266602, 0.04080194607377052)","(0.5867739319801331, 0.560404896736145, 0.055156975984573364)","(0.5752622485160828, 0.5884181261062622, 0.06362275034189224)","(0.6658722162246704, 0.5788572430610657, 0.022093290463089943)","(0.6344790458679199, 0.5690717101097107, 0.049955982714891434)","(0.618380606174469, 0.6014200448989868, 0.05887918919324875)","(0.6150376200675964, 0.6332453489303589, 0.06018264591693878)","(0.6962555050849915, 0.6000648140907288, 0.02822740003466606)","(0.6658033132553101, 0.5801082849502563, 0.04934275895357132)","(0.6514104008674622, 0.6061429381370544, 0.05240193009376526)","(0.6476155519485474, 0.6393177509307861, 0.049724459648132324)","(0.7212641835212708, 0.6275444030761719, 0.03561624139547348)","(0.6998509168624878, 0.5903539657592773, 0.05075535550713539)","(0.6851253509521484, 0.5957870483398438, 0.05737215280532837)","(0.6784639358520508, 0.615480363368988, 0.06046968698501587)",Position
3109,"(0.6865391135215759, 0.8285306692123413, -4.511521751737746e-07)","(0.6257604956626892, 0.7887003421783447, 0.008292492479085922)","(0.5902064442634583, 0.7086560726165771, 0.019985424354672432)","(0.572572648525238, 0.6434582471847534, 0.03258248791098595)","(0.5649689435958862, 0.603424072265625, 0.046534646302461624)","(0.6307154893875122, 0.5840743184089661, 0.018519369885325432)","(0.605589747428894, 0.5416650176048279, 0.04242689535021782)","(0.58623206615448, 0.5604619383811951, 0.05778505280613899)","(0.5747433304786682, 0.5883731245994568, 0.06672855466604233)","(0.666347861289978, 0.5799906253814697, 0.022747784852981567)","(0.6335499882698059, 0.5688529014587402, 0.051088765263557434)","(0.6171255707740784, 0.602791428565979, 0.0604747012257576)","(0.6137906908988953, 0.6354774832725525, 0.06204194203019142)","(0.6965587139129639, 0.6016764044761658, 0.029435638338327408)","(0.6652665138244629, 0.5810372829437256, 0.05126028507947922)","(0.6503420472145081, 0.6084464192390442, 0.05415699630975723)","(0.6468506455421448, 0.6423810124397278, 0.051190316677093506)","(0.7207902073860168, 0.6292328238487244, 0.03757447749376297)","(0.6976925730705261, 0.5943682789802551, 0.05334528535604477)","(0.6824223399162292, 0.6040294170379639, 0.05979858338832855)","(0.6766449213027954, 0.6270294189453125, 0.06259100884199142)",Position
3110,"(0.6842575073242188, 0.8287060260772705, -4.523450627402781e-07)","(0.6239683628082275, 0.788904070854187, 0.008052459917962551)","(0.5884567499160767, 0.7069582343101501, 0.020586300641298294)","(0.57185298204422, 0.6403617262840271, 0.034488655626773834)","(0.5675047636032104, 0.6032413244247437, 0.04998436197638512)","(0.6308028697967529, 0.5841308832168579, 0.01753348484635353)","(0.6052041053771973, 0.5408450365066528, 0.04384985193610191)","(0.585442066192627, 0.5610242486000061, 0.06191520392894745)","(0.5729866027832031, 0.5905460119247437, 0.07270510494709015)","(0.666782021522522, 0.5804544687271118, 0.023052342236042023)","(0.6329009532928467, 0.5694897770881653, 0.05332784354686737)","(0.6159506440162659, 0.6025964021682739, 0.06432879716157913)","(0.6115635633468628, 0.6360199451446533, 0.06710842251777649)","(0.6967706680297852, 0.6027276515960693, 0.03132779151201248)","(0.6639394760131836, 0.5833964347839355, 0.05516659840941429)","(0.6482856869697571, 0.6098883152008057, 0.058967459946870804)","(0.643509566783905, 0.6440998315811157, 0.05652978643774986)","(0.7204998731613159, 0.6308497190475464, 0.04104747623205185)","(0.6973457932472229, 0.5966272354125977, 0.057955991476774216)","(0.6811008453369141, 0.6050546765327454, 0.06458856910467148)","(0.6733055114746094, 0.6276841163635254, 0.0675710067152977)",Position
3111,"(0.682888388633728, 0.8295738697052002, -4.4467964244176983e-07)","(0.6230471134185791, 0.7880531549453735, 0.008426845073699951)","(0.5883289575576782, 0.7079816460609436, 0.0220975112169981)","(0.5702187418937683, 0.6447451114654541, 0.03752332925796509)","(0.56650710105896, 0.6046773195266724, 0.05476446449756622)","(0.6307684183120728, 0.5842311978340149, 0.019912272691726685)","(0.606097936630249, 0.5413711667060852, 0.049629099667072296)","(0.5872652530670166, 0.5635640621185303, 0.07010199874639511)","(0.5757603049278259, 0.5926868319511414, 0.08244638890028)","(0.6669476628303528, 0.581638753414154, 0.027014421299099922)","(0.6335999369621277, 0.5725029110908508, 0.061252422630786896)","(0.6167039275169373, 0.6059750318527222, 0.07427042722702026)","(0.6127033233642578, 0.6392712593078613, 0.07823280990123749)","(0.6969486474990845, 0.6050994396209717, 0.03701261803507805)","(0.6642483472824097, 0.5868449807167053, 0.0640731230378151)","(0.6482804417610168, 0.6129971146583557, 0.06900255382061005)","(0.6434667110443115, 0.6462900042533875, 0.06716406345367432)","(0.720130205154419, 0.6328266263008118, 0.04856101796030998)","(0.6965175867080688, 0.5991182327270508, 0.06724768131971359)","(0.680122435092926, 0.6073071360588074, 0.07433154433965683)","(0.6726831197738647, 0.6289864778518677, 0.07780107855796814)",Position
3112,"(0.6820794939994812, 0.830194354057312, -4.4187291337038914e-07)","(0.6228558421134949, 0.7888917922973633, 0.006269799079746008)","(0.5885515809059143, 0.7082268595695496, 0.01854475773870945)","(0.5703015923500061, 0.6434293389320374, 0.0329463817179203)","(0.5652310252189636, 0.6045400500297546, 0.04920760169625282)","(0.6318683624267578, 0.5844013094902039, 0.015889303758740425)","(0.606283962726593, 0.5413185358047485, 0.0445614829659462)","(0.5867214202880859, 0.5630211234092712, 0.06450755894184113)","(0.5745006203651428, 0.5916371941566467, 0.07631879299879074)","(0.6679688692092896, 0.5830032825469971, 0.02334546484053135)","(0.6329017281532288, 0.569619357585907, 0.05547633022069931)","(0.6148711442947388, 0.6024174094200134, 0.06758405268192291)","(0.6098313927650452, 0.6355303525924683, 0.07089859992265701)","(0.6974144577980042, 0.607181966304779, 0.033692616969347)","(0.6632853150367737, 0.5868464708328247, 0.0587504506111145)","(0.646671712398529, 0.613166868686676, 0.06256028264760971)","(0.641348123550415, 0.6470964550971985, 0.06003052368760109)","(0.7203727960586548, 0.6354619860649109, 0.045456741005182266)","(0.696733832359314, 0.5996684432029724, 0.06235937774181366)","(0.6797291040420532, 0.6073734164237976, 0.06822921335697174)","(0.6713746786117554, 0.6294207572937012, 0.0707271546125412)",Position
3113,"(0.6816452145576477, 0.8309758901596069, -4.420843424668419e-07)","(0.6221611499786377, 0.7893580198287964, 0.0065485890954732895)","(0.5882415771484375, 0.7074795365333557, 0.019184119999408722)","(0.5714928507804871, 0.641419529914856, 0.03409833833575249)","(0.5669676661491394, 0.6040518283843994, 0.05104173719882965)","(0.6311067342758179, 0.5847140550613403, 0.015245720744132996)","(0.6059101819992065, 0.539298415184021, 0.04451265186071396)","(0.5874186754226685, 0.5625939965248108, 0.06552904844284058)","(0.5767810344696045, 0.5934048891067505, 0.07813933491706848)","(0.6675118207931519, 0.5833356380462646, 0.022835951298475266)","(0.6324761509895325, 0.5683480501174927, 0.05576189234852791)","(0.6147052645683289, 0.6019179224967957, 0.06896127015352249)","(0.6103627681732178, 0.6350998878479004, 0.07301998138427734)","(0.6969369053840637, 0.6075687408447266, 0.03338314965367317)","(0.6626756191253662, 0.5859458446502686, 0.05905906856060028)","(0.646094024181366, 0.6121768951416016, 0.06353931874036789)","(0.6412646174430847, 0.6458320617675781, 0.06136777997016907)","(0.7196813225746155, 0.6358689069747925, 0.04538251459598541)","(0.6964086890220642, 0.598106861114502, 0.06270205974578857)","(0.6797363758087158, 0.6058955192565918, 0.06897420436143875)","(0.6721485257148743, 0.6280897855758667, 0.07172262668609619)",Position
3114,"(0.6813668608665466, 0.8299243450164795, -4.4849224423160194e-07)","(0.6216641664505005, 0.7859855890274048, 0.00842395517975092)","(0.5875999331474304, 0.7049846053123474, 0.02335510589182377)","(0.5698678493499756, 0.6420559287071228, 0.04090043529868126)","(0.5660474896430969, 0.604123592376709, 0.06036500260233879)","(0.6314513087272644, 0.5827217102050781, 0.018151190131902695)","(0.6052452325820923, 0.5404967665672302, 0.052173249423503876)","(0.5863173604011536, 0.5636883974075317, 0.0763421356678009)","(0.5750341415405273, 0.5923135280609131, 0.09067635238170624)","(0.6675623655319214, 0.5817503929138184, 0.0269496850669384)","(0.6314559578895569, 0.57158362865448, 0.06414685398340225)","(0.6131991147994995, 0.6055781245231628, 0.07883993536233902)","(0.6081097722053528, 0.6394372582435608, 0.08350759744644165)","(0.6966342329978943, 0.6068689823150635, 0.03923305496573448)","(0.661425769329071, 0.5895647406578064, 0.06885503232479095)","(0.6444240212440491, 0.616067111492157, 0.07338565587997437)","(0.6392823457717896, 0.6496994495391846, 0.07067450135946274)","(0.7188887000083923, 0.635072648525238, 0.05325710028409958)","(0.6946322917938232, 0.6021444201469421, 0.07327425479888916)","(0.6775053143501282, 0.6101236939430237, 0.07953760772943497)","(0.669545590877533, 0.6314772367477417, 0.08198924362659454)",Position
3115,"(0.6809342503547668, 0.829925537109375, -4.6500682060468534e-07)","(0.6210530400276184, 0.7864002585411072, 0.007768127601593733)","(0.5863685011863708, 0.7058688402175903, 0.02086598239839077)","(0.5692909359931946, 0.6415557265281677, 0.036129314452409744)","(0.5659744143486023, 0.6050922870635986, 0.05318296700716019)","(0.6298477649688721, 0.5803878903388977, 0.0154410470277071)","(0.6023299098014832, 0.5399255156517029, 0.04521580785512924)","(0.5836820602416992, 0.5646441578865051, 0.06614807993173599)","(0.5736709237098694, 0.5943308472633362, 0.07832407206296921)","(0.6659145355224609, 0.5794952511787415, 0.022336632013320923)","(0.6300579309463501, 0.5687613487243652, 0.05528200790286064)","(0.612988293170929, 0.604399561882019, 0.06778629124164581)","(0.6096928715705872, 0.6373003125190735, 0.0709928646683693)","(0.6956210136413574, 0.6051312685012817, 0.03246114030480385)","(0.6612575054168701, 0.5865906476974487, 0.05762437731027603)","(0.6449328064918518, 0.6145297288894653, 0.060464151203632355)","(0.6411480903625488, 0.6488118171691895, 0.05700311064720154)","(0.7190155982971191, 0.6347530484199524, 0.04429076239466667)","(0.6953733563423157, 0.5986011028289795, 0.061137959361076355)","(0.6787368059158325, 0.6082426905632019, 0.06649214774370193)","(0.6719229221343994, 0.6318901181221008, 0.0683891698718071)",Position
3116,"(0.6812272667884827, 0.8299146890640259, -4.549722234514775e-07)","(0.6210485696792603, 0.7843466997146606, 0.008839110843837261)","(0.5864766836166382, 0.7033626437187195, 0.023758329451084137)","(0.5685129761695862, 0.6408525705337524, 0.04128815978765488)","(0.5660873055458069, 0.6044716835021973, 0.06053917855024338)","(0.6303995251655579, 0.5787421464920044, 0.018496811389923096)","(0.6041938066482544, 0.5415906310081482, 0.052692607045173645)","(0.5850223302841187, 0.5645828247070312, 0.07573781907558441)","(0.5736595988273621, 0.5914875268936157, 0.08885606378316879)","(0.6663398146629333, 0.5792062282562256, 0.02675708942115307)","(0.6313079595565796, 0.5730603337287903, 0.06441829353570938)","(0.6140661835670471, 0.6083405613899231, 0.07766928523778915)","(0.6101104617118835, 0.6415075659751892, 0.08071129769086838)","(0.6956235766410828, 0.6059864163398743, 0.03868722915649414)","(0.6619024276733398, 0.5905306339263916, 0.06830719858407974)","(0.6454318761825562, 0.6183179616928101, 0.07113073766231537)","(0.6408946514129639, 0.6529845595359802, 0.06683838367462158)","(0.7187122106552124, 0.6358738541603088, 0.05244961008429527)","(0.6966539025306702, 0.6013199687004089, 0.07220087945461273)","(0.6795035004615784, 0.6065111756324768, 0.07754243910312653)","(0.6707025766372681, 0.6259603500366211, 0.07900255173444748)",Position
3117,"(0.6803745031356812, 0.8284564018249512, -4.495240375490539e-07)","(0.6209593415260315, 0.784480094909668, 0.010909388773143291)","(0.58641517162323, 0.7040939331054688, 0.027292227372527122)","(0.5690944194793701, 0.6411159038543701, 0.04583830386400223)","(0.5680477023124695, 0.6053252220153809, 0.06625765562057495)","(0.6294750571250916, 0.5790265202522278, 0.022817621007561684)","(0.6060178279876709, 0.5392689108848572, 0.05686774104833603)","(0.5872320532798767, 0.5604603886604309, 0.07975247502326965)","(0.5750831961631775, 0.5873655080795288, 0.093044213950634)","(0.6649591326713562, 0.579441487789154, 0.030473850667476654)","(0.6323965191841125, 0.5677102208137512, 0.06899134069681168)","(0.6149963140487671, 0.6005191206932068, 0.08367962390184402)","(0.6095144748687744, 0.6345618963241577, 0.08806706219911575)","(0.6945435404777527, 0.6055078506469727, 0.04150024801492691)","(0.6632405519485474, 0.5854026079177856, 0.07197936624288559)","(0.6467077732086182, 0.6127306222915649, 0.07690509408712387)","(0.6414803266525269, 0.6472539305686951, 0.07435552775859833)","(0.718652069568634, 0.6354231238365173, 0.054346080869436264)","(0.6969119310379028, 0.5998189449310303, 0.07502197474241257)","(0.6794488430023193, 0.6069924235343933, 0.08170894533395767)","(0.6708040237426758, 0.6283826231956482, 0.08437532931566238)",Position
3118,"(0.6802006363868713, 0.8275209069252014, -4.550664982616581e-07)","(0.6207955479621887, 0.7832685112953186, 0.01085553877055645)","(0.586258053779602, 0.7038615942001343, 0.027137191966176033)","(0.5683717131614685, 0.642306387424469, 0.045764751732349396)","(0.5667663216590881, 0.6053354144096375, 0.06626500189304352)","(0.6293659210205078, 0.5774258971214294, 0.022240113466978073)","(0.6047859191894531, 0.5406721830368042, 0.057221245020627975)","(0.5859858393669128, 0.5631566047668457, 0.08056259155273438)","(0.5747354626655579, 0.5898585915565491, 0.09398861229419708)","(0.6651007533073425, 0.5775985717773438, 0.030063273385167122)","(0.6318033337593079, 0.5725144147872925, 0.06946806609630585)","(0.6148777008056641, 0.6070867776870728, 0.083717942237854)","(0.6106480956077576, 0.6403830051422119, 0.08752089738845825)","(0.6945098638534546, 0.6047746539115906, 0.041525617241859436)","(0.6628429889678955, 0.5895319581031799, 0.07269585877656937)","(0.6466925740242004, 0.6172195672988892, 0.07710719853639603)","(0.6418045163154602, 0.6515687704086304, 0.07395738363265991)","(0.7185646891593933, 0.6359269618988037, 0.05485003814101219)","(0.6987848281860352, 0.6021394729614258, 0.07586592435836792)","(0.682031512260437, 0.6033938527107239, 0.08219045400619507)","(0.6724374890327454, 0.6183604001998901, 0.08449868857860565)",Position
3119,"(0.6792555451393127, 0.8271043300628662, -4.565529252431588e-07)","(0.6206774115562439, 0.7840121388435364, 0.009499200619757175)","(0.585824191570282, 0.7045658230781555, 0.024447841569781303)","(0.5684425830841064, 0.641758918762207, 0.041491877287626266)","(0.5675020813941956, 0.6045263409614563, 0.0605730302631855)","(0.6295108199119568, 0.5782146453857422, 0.020512884482741356)","(0.6056722402572632, 0.538821280002594, 0.05213462933897972)","(0.5867083668708801, 0.5609870553016663, 0.07375597953796387)","(0.5750828385353088, 0.5895320177078247, 0.08643170446157455)","(0.6650689244270325, 0.5780929327011108, 0.02760826237499714)","(0.6323691606521606, 0.5692325234413147, 0.06379315257072449)","(0.6154536008834839, 0.6022548079490662, 0.077577605843544)","(0.6107253432273865, 0.6357746720314026, 0.08164017647504807)","(0.6946403384208679, 0.6042728424072266, 0.03782902657985687)","(0.6630826592445374, 0.5859005451202393, 0.06607860326766968)","(0.6472875475883484, 0.6126692295074463, 0.07075177878141403)","(0.6420649886131287, 0.6469151377677917, 0.06842134892940521)","(0.7188476324081421, 0.6352774500846863, 0.049674421548843384)","(0.6984206438064575, 0.6014646887779236, 0.06824745982885361)","(0.681713342666626, 0.6041130423545837, 0.07420079410076141)","(0.6720709204673767, 0.6205287575721741, 0.07671112567186356)",Position
3120,"(0.6797549724578857, 0.8268461227416992, -4.6035648892939207e-07)","(0.6202369332313538, 0.7824711799621582, 0.009608536027371883)","(0.5848067998886108, 0.7031025886535645, 0.02468850091099739)","(0.5662261247634888, 0.6421396732330322, 0.04168768599629402)","(0.5664987564086914, 0.6049054265022278, 0.06057662516832352)","(0.6297965049743652, 0.5768597722053528, 0.021690620109438896)","(0.6041241884231567, 0.540050208568573, 0.05385947972536087)","(0.5844013094902039, 0.5636078715324402, 0.07537003606557846)","(0.5730670690536499, 0.5928610563278198, 0.08793158084154129)","(0.6651755571365356, 0.5775033235549927, 0.02872725948691368)","(0.6315581202507019, 0.572731614112854, 0.06505635380744934)","(0.6143879890441895, 0.60651034116745, 0.07756640762090683)","(0.6103487014770508, 0.6393910050392151, 0.08068308979272842)","(0.6946955919265747, 0.6045017242431641, 0.03900780528783798)","(0.6626968383789062, 0.5891929268836975, 0.06744567304849625)","(0.646296501159668, 0.615875780582428, 0.0708267092704773)","(0.6413035988807678, 0.6502314209938049, 0.06762087345123291)","(0.7185794115066528, 0.6360900402069092, 0.05098825320601463)","(0.698853611946106, 0.601855456829071, 0.07005909830331802)","(0.6818793416023254, 0.6034125089645386, 0.0758260115981102)","(0.6720865368843079, 0.6198427677154541, 0.07817113399505615)",Position
3121,"(0.6784881949424744, 0.8269581198692322, -4.531188153578114e-07)","(0.6197141408920288, 0.7830924987792969, 0.010435951873660088)","(0.5849220752716064, 0.7038416266441345, 0.02594485878944397)","(0.5666742324829102, 0.6420937180519104, 0.04319382831454277)","(0.5655799508094788, 0.6053749322891235, 0.062309738248586655)","(0.6293777823448181, 0.5789408683776855, 0.023042386397719383)","(0.6056488752365112, 0.5401627421379089, 0.05537864565849304)","(0.5861108899116516, 0.5614765286445618, 0.07691799849271774)","(0.5744245648384094, 0.5896313786506653, 0.08951085805892944)","(0.664628267288208, 0.5786927938461304, 0.029876843094825745)","(0.6316830515861511, 0.5720131397247314, 0.06675942242145538)","(0.6137620210647583, 0.6044897437095642, 0.07986769080162048)","(0.6087045073509216, 0.6374998092651367, 0.08341997116804123)","(0.6940470337867737, 0.6048669219017029, 0.03987998142838478)","(0.6624614000320435, 0.5899388790130615, 0.06909549981355667)","(0.6459384560585022, 0.6162601113319397, 0.07327010482549667)","(0.6405858993530273, 0.6503989696502686, 0.07051754742860794)","(0.7178633213043213, 0.635896623134613, 0.05153127387166023)","(0.6986708045005798, 0.6040565371513367, 0.07157178968191147)","(0.6818699836730957, 0.6057075262069702, 0.0777425765991211)","(0.6723094582557678, 0.6219679713249207, 0.08024242520332336)",Position
3122,"(0.6784687638282776, 0.8260248899459839, -4.6233367356762756e-07)","(0.618882954120636, 0.785260021686554, 0.01088147982954979)","(0.5830856561660767, 0.7083818912506104, 0.026001708582043648)","(0.5652292966842651, 0.6454756855964661, 0.0424623042345047)","(0.5639563202857971, 0.608616828918457, 0.06092570722103119)","(0.6292408108711243, 0.5802035331726074, 0.024680299684405327)","(0.6071001291275024, 0.5376523733139038, 0.054795268923044205)","(0.5872530341148376, 0.5591806769371033, 0.07449677586555481)","(0.5753248929977417, 0.5902120471000671, 0.08625485748052597)","(0.664742648601532, 0.5796432495117188, 0.030783245339989662)","(0.6326695680618286, 0.5726410746574402, 0.06652316451072693)","(0.6150832176208496, 0.605622410774231, 0.0795028805732727)","(0.6106349229812622, 0.638477087020874, 0.08315268158912659)","(0.6940200924873352, 0.6055514216423035, 0.039630066603422165)","(0.6630029082298279, 0.5913596153259277, 0.06815910339355469)","(0.6466721296310425, 0.6178286075592041, 0.07299765944480896)","(0.6419830918312073, 0.6513718366622925, 0.07082980126142502)","(0.7178469300270081, 0.6369678378105164, 0.05000847205519676)","(0.6969379782676697, 0.6072070002555847, 0.07016926258802414)","(0.680184543132782, 0.6140992641448975, 0.07724092155694962)","(0.6720711588859558, 0.6344227194786072, 0.08044753223657608)",Release
3123,"(0.6791950464248657, 0.8277387619018555, -4.866359972766077e-07)","(0.6192662715911865, 0.7874696254730225, 0.011042646132409573)","(0.5826638340950012, 0.7106156945228577, 0.027007559314370155)","(0.5654355883598328, 0.6479677557945251, 0.044326066970825195)","(0.5645366907119751, 0.6129635572433472, 0.06334573030471802)","(0.6288667321205139, 0.57984858751297, 0.02497255988419056)","(0.6046590209007263, 0.5416628122329712, 0.05551867559552193)","(0.5852635502815247, 0.5614154934883118, 0.07492224872112274)","(0.5731209516525269, 0.5894043445587158, 0.08622483909130096)","(0.6641976833343506, 0.5800802707672119, 0.03073027729988098)","(0.6319895386695862, 0.5786759853363037, 0.06595957279205322)","(0.6150181293487549, 0.6127777695655823, 0.07772564142942429)","(0.6112033128738403, 0.6457349061965942, 0.08054248988628387)","(0.6938591003417969, 0.6066511273384094, 0.039318036288022995)","(0.6627051830291748, 0.5950818061828613, 0.0670648142695427)","(0.6464717984199524, 0.6226649880409241, 0.07010402530431747)","(0.6425207853317261, 0.6553505659103394, 0.0668410062789917)","(0.717863917350769, 0.6388492584228516, 0.04952147975564003)","(0.6968575716018677, 0.6079685688018799, 0.069473035633564)","(0.6795960068702698, 0.616516649723053, 0.07606322318315506)","(0.671905517578125, 0.6395621299743652, 0.07877838611602783)",Release
3124,"(0.6798433661460876, 0.8277843594551086, -4.924881409351656e-07)","(0.6202642321586609, 0.7888599038124084, 0.01187348086386919)","(0.5825834274291992, 0.7114053964614868, 0.026898154988884926)","(0.5644003748893738, 0.646436333656311, 0.04254991561174393)","(0.564284086227417, 0.6114805340766907, 0.05946166813373566)","(0.6297563910484314, 0.5817708969116211, 0.025974886491894722)","(0.6071021556854248, 0.5452322363853455, 0.05516276881098747)","(0.587567150592804, 0.5637539029121399, 0.07295173406600952)","(0.5742011070251465, 0.5898898839950562, 0.08294219523668289)","(0.664396345615387, 0.5798922777175903, 0.030387630686163902)","(0.6341438293457031, 0.5830312967300415, 0.06434453278779984)","(0.6184963583946228, 0.6178658604621887, 0.0751533955335617)","(0.6147580146789551, 0.6498270034790039, 0.07714439928531647)","(0.6943121552467346, 0.6049602627754211, 0.037561506032943726)","(0.664426326751709, 0.5991713404655457, 0.06485477834939957)","(0.6497052311897278, 0.6281090378761292, 0.06754098832607269)","(0.646220862865448, 0.6606733202934265, 0.0636746734380722)","(0.718191921710968, 0.636574923992157, 0.04630881920456886)","(0.6956650614738464, 0.6128638982772827, 0.06663975864648819)","(0.6789916157722473, 0.6281314492225647, 0.07347282767295837)","(0.6727291345596313, 0.6558654308319092, 0.07596495747566223)",Release
3125,"(0.682055652141571, 0.829727828502655, -4.79340144465823e-07)","(0.620364248752594, 0.7907995581626892, 0.010802538134157658)","(0.5826470255851746, 0.7094681859016418, 0.027104977518320084)","(0.5649784803390503, 0.6451758742332458, 0.044427089393138885)","(0.5647494196891785, 0.6108238697052002, 0.06292833387851715)","(0.6330134272575378, 0.5822404026985168, 0.02802792564034462)","(0.6070663332939148, 0.5498322248458862, 0.06056683138012886)","(0.5871878862380981, 0.5706968307495117, 0.08045671135187149)","(0.5736292004585266, 0.596213698387146, 0.09156610816717148)","(0.6685386896133423, 0.5819922685623169, 0.03409561514854431)","(0.6349234580993652, 0.5846044421195984, 0.07056478410959244)","(0.6166868805885315, 0.6187712550163269, 0.0821504220366478)","(0.6105560064315796, 0.6517961621284485, 0.08484838902950287)","(0.6979483366012573, 0.6084628105163574, 0.04293452575802803)","(0.6655775904655457, 0.6033565402030945, 0.07224622368812561)","(0.6484214663505554, 0.631800651550293, 0.0748404860496521)","(0.643518328666687, 0.6648169755935669, 0.07101082056760788)","(0.7211708426475525, 0.6406993865966797, 0.053298063576221466)","(0.6951972842216492, 0.6200101971626282, 0.07488478720188141)","(0.6769939064979553, 0.6373782157897949, 0.08169382810592651)","(0.669853687286377, 0.668106734752655, 0.08430754393339157)",Release
3126,"(0.6832385659217834, 0.8308407068252563, -4.6391329533435055e-07)","(0.6218945980072021, 0.7931694388389587, 0.008065338246524334)","(0.5833641290664673, 0.7126407027244568, 0.021329881623387337)","(0.5648406147956848, 0.6465478539466858, 0.035737380385398865)","(0.5637123584747314, 0.6092307567596436, 0.0515475757420063)","(0.6354536414146423, 0.5854878425598145, 0.023988930508494377)","(0.6113485097885132, 0.5488535165786743, 0.05351211503148079)","(0.5908284187316895, 0.5689936876296997, 0.072049580514431)","(0.5764942169189453, 0.5963990092277527, 0.08260954171419144)","(0.6708053946495056, 0.5846828818321228, 0.03034774214029312)","(0.6373459696769714, 0.5821496844291687, 0.06508038938045502)","(0.6177463531494141, 0.6150513887405396, 0.07675402611494064)","(0.610161304473877, 0.6483905911445618, 0.0794328972697258)","(0.7001017928123474, 0.6103345155715942, 0.03906221315264702)","(0.6673997640609741, 0.6028128862380981, 0.06701846420764923)","(0.6497741937637329, 0.6307138204574585, 0.07038182765245438)","(0.6437914371490479, 0.6647689342498779, 0.06696166098117828)","(0.7231034636497498, 0.6422423124313354, 0.049006715416908264)","(0.6959439516067505, 0.62132728099823, 0.06928537786006927)","(0.6781681180000305, 0.6390154957771301, 0.07602805644273758)","(0.6710454821586609, 0.6702814698219299, 0.0786193385720253)",Release
3127,"(0.6854792237281799, 0.832060694694519, -4.784309339811443e-07)","(0.623325765132904, 0.7954391241073608, 0.007495724596083164)","(0.5853452682495117, 0.7152844667434692, 0.020152771845459938)","(0.5678229331970215, 0.649053156375885, 0.033937517553567886)","(0.5644587278366089, 0.610617995262146, 0.04886781424283981)","(0.6376690864562988, 0.5877002477645874, 0.021371057257056236)","(0.6115402579307556, 0.552103579044342, 0.04959438368678093)","(0.5906630754470825, 0.5725875496864319, 0.06735542416572571)","(0.5769309997558594, 0.5994860529899597, 0.07747505605220795)","(0.6731540560722351, 0.5867726802825928, 0.027479002252221107)","(0.6384531259536743, 0.5867447257041931, 0.0608309768140316)","(0.618821918964386, 0.6199629902839661, 0.07180322706699371)","(0.6122812032699585, 0.6525208950042725, 0.07397269457578659)","(0.7020825743675232, 0.6126946806907654, 0.036006856709718704)","(0.6688755750656128, 0.6067860126495361, 0.06261512637138367)","(0.651279628276825, 0.6342201232910156, 0.06521638482809067)","(0.6457839012145996, 0.6681155562400818, 0.06131221354007721)","(0.7241011261940002, 0.6443121433258057, 0.0457463301718235)","(0.6962487697601318, 0.6252068877220154, 0.06485389173030853)","(0.6782518625259399, 0.6432999968528748, 0.07097523659467697)","(0.6710966229438782, 0.6748359203338623, 0.07317058742046356)",Release
3128,"(0.6864433288574219, 0.8327404856681824, -4.7505770339739684e-07)","(0.6247376799583435, 0.7951473593711853, 0.009229550138115883)","(0.5869413018226624, 0.7163392901420593, 0.02418690361082554)","(0.5698639154434204, 0.6521209478378296, 0.040304772555828094)","(0.5690087080001831, 0.6155900359153748, 0.05761314556002617)","(0.6399620771408081, 0.5893982648849487, 0.02634606324136257)","(0.615041971206665, 0.5541864037513733, 0.05712924897670746)","(0.593932032585144, 0.5719521045684814, 0.07609496265649796)","(0.5789028406143188, 0.5969805121421814, 0.08697596937417984)","(0.675408124923706, 0.5887031555175781, 0.03300900384783745)","(0.6416417360305786, 0.5877285003662109, 0.0692213773727417)","(0.6218172311782837, 0.6202406883239746, 0.08113689720630646)","(0.6139550805091858, 0.652916669845581, 0.08392803370952606)","(0.7042413353919983, 0.6146852970123291, 0.04208756610751152)","(0.6715109944343567, 0.6092273592948914, 0.07122581452131271)","(0.6542518138885498, 0.6370280981063843, 0.07406777888536453)","(0.6486440896987915, 0.6702637076377869, 0.07017979770898819)","(0.7260770797729492, 0.6462830305099487, 0.05251775681972504)","(0.6978052854537964, 0.6288440823554993, 0.073493093252182)","(0.6802511215209961, 0.6470305323600769, 0.07977665960788727)","(0.6735159158706665, 0.6779488921165466, 0.0819646418094635)",Release
3129,"(0.688287615776062, 0.8353773951530457, -4.551552876819187e-07)","(0.6259392499923706, 0.7966920733451843, 0.009703347459435463)","(0.587996780872345, 0.7149400115013123, 0.026857374235987663)","(0.5705723762512207, 0.6496706604957581, 0.04534320905804634)","(0.5676131248474121, 0.6126139760017395, 0.06526791304349899)","(0.6398652195930481, 0.590300977230072, 0.033170465379953384)","(0.6153903007507324, 0.5538962483406067, 0.06855184584856033)","(0.5950847864151001, 0.5729222893714905, 0.09049840271472931)","(0.5807551145553589, 0.6000155210494995, 0.10346080362796783)","(0.6756498217582703, 0.5888016223907471, 0.04169323295354843)","(0.6424854397773743, 0.5877512097358704, 0.08354365825653076)","(0.6226888298988342, 0.6203962564468384, 0.0980280339717865)","(0.6143789887428284, 0.6534771919250488, 0.10270997881889343)","(0.7048574686050415, 0.6145986914634705, 0.05242161825299263)","(0.6721310615539551, 0.6085242033004761, 0.08607147634029388)","(0.6534257531166077, 0.6374248266220093, 0.09029844403266907)","(0.6467534899711609, 0.6706634163856506, 0.08728483319282532)","(0.727703869342804, 0.64652019739151, 0.0644972026348114)","(0.6983262896537781, 0.6287547945976257, 0.08860047161579132)","(0.6790237426757812, 0.6481788158416748, 0.0958467349410057)","(0.6709767580032349, 0.6795202493667603, 0.09881026297807693)",Release
3130,"(0.6908843517303467, 0.8403313159942627, -4.501295904901781e-07)","(0.6281399726867676, 0.8010998368263245, 0.009158216416835785)","(0.5902339220046997, 0.7181041836738586, 0.02683544158935547)","(0.5731987953186035, 0.6550039649009705, 0.04605388268828392)","(0.5678780674934387, 0.6160390377044678, 0.06677762418985367)","(0.6427484154701233, 0.5904355049133301, 0.03385673463344574)","(0.6184807419776917, 0.5564837455749512, 0.07007557153701782)","(0.5974751710891724, 0.5752553939819336, 0.09216874092817307)","(0.5819644927978516, 0.600800096988678, 0.10527842491865158)","(0.6792834997177124, 0.5909241437911987, 0.042833469808101654)","(0.6462718844413757, 0.5902456641197205, 0.0860861986875534)","(0.6250858306884766, 0.6221282482147217, 0.10148412734270096)","(0.6153770089149475, 0.6562748551368713, 0.10689421743154526)","(0.7080209255218506, 0.6183541417121887, 0.053865544497966766)","(0.6759445071220398, 0.611393928527832, 0.0886462852358818)","(0.6563515067100525, 0.6386444568634033, 0.09446506947278976)","(0.6484547257423401, 0.6704564094543457, 0.09269994497299194)","(0.730379045009613, 0.6508762836456299, 0.06606705486774445)","(0.7021520137786865, 0.6313738226890564, 0.09093489497900009)","(0.6824150085449219, 0.6486362814903259, 0.09936895966529846)","(0.6732869744300842, 0.6782706379890442, 0.10342806577682495)",Release
3131,"(0.6927563548088074, 0.8460032343864441, -4.349197126884974e-07)","(0.6284093260765076, 0.8012524843215942, 0.012289450503885746)","(0.5918592810630798, 0.7165206670761108, 0.03369805961847305)","(0.5753631591796875, 0.6548172235488892, 0.057041965425014496)","(0.5704779624938965, 0.6168959140777588, 0.08221431076526642)","(0.6453067660331726, 0.589043378829956, 0.03989032655954361)","(0.6209930181503296, 0.5556250810623169, 0.08188305050134659)","(0.6003618240356445, 0.5731001496315002, 0.10750670731067657)","(0.5845336318016052, 0.5977718830108643, 0.1226501315832138)","(0.6821315884590149, 0.5922190546989441, 0.050352972000837326)","(0.6490511894226074, 0.5913379192352295, 0.1000140905380249)","(0.6282479166984558, 0.6225916743278503, 0.11813006550073624)","(0.6180911660194397, 0.6570827960968018, 0.12483780086040497)","(0.7106403112411499, 0.6211357712745667, 0.06329741328954697)","(0.678017795085907, 0.6139560341835022, 0.10399635881185532)","(0.658048152923584, 0.6409353017807007, 0.11131890118122101)","(0.6502078771591187, 0.6718247532844543, 0.10980281978845596)","(0.7326546907424927, 0.6537173986434937, 0.07767287641763687)","(0.7031064629554749, 0.6344486474990845, 0.1070302426815033)","(0.6826465725898743, 0.6533864140510559, 0.11683431267738342)","(0.673526406288147, 0.6836099028587341, 0.12147815525531769)",Release
3132,"(0.6966128349304199, 0.8470034003257751, -4.4406175447875285e-07)","(0.6314257979393005, 0.802693247795105, 0.011411704123020172)","(0.5948871374130249, 0.7184364199638367, 0.031791508197784424)","(0.5779283046722412, 0.6566458344459534, 0.05418940261006355)","(0.5705989003181458, 0.6176168918609619, 0.0782163143157959)","(0.647132158279419, 0.5914745926856995, 0.03737744316458702)","(0.6207669377326965, 0.5568076968193054, 0.0778551921248436)","(0.6000458598136902, 0.5757461786270142, 0.10284300893545151)","(0.5853535532951355, 0.6006323099136353, 0.11779524385929108)","(0.6837171316146851, 0.5941866636276245, 0.04806489124894142)","(0.6495258808135986, 0.5924291610717773, 0.09623292088508606)","(0.6285542845726013, 0.6248156428337097, 0.11390307545661926)","(0.6187819242477417, 0.6588965654373169, 0.12031666189432144)","(0.7120480537414551, 0.6231003403663635, 0.061225440353155136)","(0.6795806288719177, 0.6147525906562805, 0.10059582442045212)","(0.6598300933837891, 0.64259272813797, 0.10705038905143738)","(0.6521878838539124, 0.6748369932174683, 0.10489120334386826)","(0.7339712977409363, 0.6546598672866821, 0.07586479932069778)","(0.7045376896858215, 0.6373211145401001, 0.10415516793727875)","(0.6846385598182678, 0.6566836833953857, 0.11300908029079437)","(0.6757495999336243, 0.6866524815559387, 0.11690546572208405)",Reach
3133,"(0.6985318064689636, 0.8521444797515869, -4.5030211026642064e-07)","(0.6327142715454102, 0.8023778200149536, 0.013793923892080784)","(0.5966683030128479, 0.7167789340019226, 0.03750056400895119)","(0.5800371170043945, 0.6564410328865051, 0.06357379257678986)","(0.5744425654411316, 0.6158563494682312, 0.0915679857134819)","(0.6506771445274353, 0.5902286767959595, 0.04231632873415947)","(0.6238739490509033, 0.5575577020645142, 0.08772715926170349)","(0.6023708581924438, 0.5755249261856079, 0.11557117849588394)","(0.5859420895576477, 0.5979218482971191, 0.13214509189128876)","(0.687664806842804, 0.59527987241745, 0.05420154705643654)","(0.6524261236190796, 0.5957661271095276, 0.10823634266853333)","(0.6305878162384033, 0.628173828125, 0.12816222012043)","(0.6192470788955688, 0.6626110076904297, 0.1355583220720291)","(0.7155790328979492, 0.6254104971885681, 0.06887901574373245)","(0.6815686225891113, 0.6201151013374329, 0.11370158195495605)","(0.6607121825218201, 0.6479780077934265, 0.12144079804420471)","(0.6520224213600159, 0.6787549257278442, 0.11937602609395981)","(0.736796498298645, 0.6578525304794312, 0.08517302572727203)","(0.7061704397201538, 0.6424881815910339, 0.1174505352973938)","(0.6847924590110779, 0.6630576252937317, 0.12751570343971252)","(0.674281656742096, 0.6931736469268799, 0.13190017640590668)",Reach
3134,"(0.7025984525680542, 0.8558731079101562, -4.217878029066924e-07)","(0.636013388633728, 0.8067314028739929, 0.010698304511606693)","(0.5995478630065918, 0.7190269827842712, 0.032201822847127914)","(0.5822024345397949, 0.6573939323425293, 0.056195639073848724)","(0.5757462382316589, 0.6146129965782166, 0.08219902217388153)","(0.6544139981269836, 0.592284619808197, 0.038961246609687805)","(0.6267938613891602, 0.557931125164032, 0.08277176320552826)","(0.6043686866760254, 0.5744332075119019, 0.11031778156757355)","(0.5864957571029663, 0.596077561378479, 0.12705522775650024)","(0.6920552849769592, 0.5974286198616028, 0.05124635249376297)","(0.655158281326294, 0.5937759876251221, 0.10370517522096634)","(0.6317788362503052, 0.6216305494308472, 0.12396931648254395)","(0.6184484362602234, 0.6550716757774353, 0.13224363327026367)","(0.7204797267913818, 0.6282535195350647, 0.06596831232309341)","(0.6843516230583191, 0.621314287185669, 0.10926903784275055)","(0.6626286506652832, 0.6440679430961609, 0.11827082186937332)","(0.652071475982666, 0.6731376647949219, 0.1178918406367302)","(0.7418347597122192, 0.6618513464927673, 0.08192502707242966)","(0.709540605545044, 0.6441183686256409, 0.11259035766124725)","(0.6872924566268921, 0.6590381264686584, 0.12304012477397919)","(0.6750960946083069, 0.6876025199890137, 0.12847599387168884)",Reach
3135,"(0.7066847681999207, 0.8606144189834595, -4.415484227138222e-07)","(0.6385921239852905, 0.8076056241989136, 0.007177917752414942)","(0.6022912859916687, 0.718162477016449, 0.02783195674419403)","(0.5850085616111755, 0.6555039882659912, 0.052044615149497986)","(0.5790802836418152, 0.6123030185699463, 0.07835114002227783)","(0.6611173748970032, 0.5936791896820068, 0.033160965889692307)","(0.6297639012336731, 0.5589089393615723, 0.07649314403533936)","(0.6062496304512024, 0.5758780241012573, 0.1042092815041542)","(0.5875031352043152, 0.5963969230651855, 0.12087323516607285)","(0.6986645460128784, 0.6005959510803223, 0.04721558466553688)","(0.65846186876297, 0.5982658267021179, 0.09791108220815659)","(0.6336402893066406, 0.6282291412353516, 0.11677627265453339)","(0.6193315982818604, 0.6629543304443359, 0.12383923679590225)","(0.7259942889213562, 0.632441520690918, 0.06380297988653183)","(0.687482476234436, 0.6270642876625061, 0.10568661987781525)","(0.6645169854164124, 0.6506487727165222, 0.11234152317047119)","(0.6525801420211792, 0.6805675029754639, 0.11002256721258163)","(0.7454589605331421, 0.6657384037971497, 0.08151181042194366)","(0.7121817469596863, 0.651608943939209, 0.11034653335809708)","(0.6886678338050842, 0.6672568321228027, 0.11842592805624008)","(0.6744154095649719, 0.696346640586853, 0.12194987386465073)",Reach
3136,"(0.7103859782218933, 0.8698404431343079, -4.2147553358518053e-07)","(0.6427308917045593, 0.813513457775116, 0.005059492774307728)","(0.6060396432876587, 0.7207311987876892, 0.022943174466490746)","(0.5876604914665222, 0.6570131778717041, 0.04446342587471008)","(0.5790563225746155, 0.6094962954521179, 0.0679306834936142)","(0.6666866540908813, 0.594964861869812, 0.029605098068714142)","(0.634619951248169, 0.5598590970039368, 0.07113077491521835)","(0.6104221940040588, 0.5741564631462097, 0.09750978648662567)","(0.5908459424972534, 0.591666579246521, 0.1132984608411789)","(0.7053232192993164, 0.6026474833488464, 0.04349995777010918)","(0.663765549659729, 0.60005784034729, 0.09298910945653915)","(0.6378973722457886, 0.6272298693656921, 0.1113135889172554)","(0.6229352951049805, 0.6607713103294373, 0.11790220439434052)","(0.7326073050498962, 0.6368421316146851, 0.059806473553180695)","(0.6931146383285522, 0.6315036416053772, 0.10058148950338364)","(0.6694865822792053, 0.6520224213600159, 0.10710185021162033)","(0.6565060019493103, 0.6810972690582275, 0.10473661869764328)","(0.7514791488647461, 0.6721147894859314, 0.0770537257194519)","(0.7173710465431213, 0.6579443216323853, 0.10517627000808716)","(0.6935858726501465, 0.6707775592803955, 0.11331214755773544)","(0.6787070631980896, 0.6975581049919128, 0.11689935624599457)",Reach
3137,"(0.714198887348175, 0.8753892183303833, -4.079484483554552e-07)","(0.6453850865364075, 0.8142480850219727, 0.0063869645819067955)","(0.6095237731933594, 0.7190840840339661, 0.026364579796791077)","(0.5917327404022217, 0.654066801071167, 0.05036894977092743)","(0.581920862197876, 0.60611492395401, 0.07661313563585281)","(0.6719447374343872, 0.5945695638656616, 0.033136408776044846)","(0.6380172967910767, 0.5615744590759277, 0.0783497616648674)","(0.612520158290863, 0.574607789516449, 0.10736043751239777)","(0.5915025472640991, 0.5891936421394348, 0.12491125613451004)","(0.7102747559547424, 0.6060076951980591, 0.0484902560710907)","(0.6670904755592346, 0.5982750058174133, 0.10222221910953522)","(0.6394689083099365, 0.6211317777633667, 0.12351325899362564)","(0.6211557984352112, 0.6517176032066345, 0.1321306824684143)","(0.7366775870323181, 0.6422030925750732, 0.06640322506427765)","(0.6951154470443726, 0.6334558129310608, 0.1111716479063034)","(0.6705195307731628, 0.6509831547737122, 0.1200263500213623)","(0.6561523079872131, 0.678483784198761, 0.11906062811613083)","(0.7552281618118286, 0.6780674457550049, 0.08525995165109634)","(0.7191388607025146, 0.6632656455039978, 0.11626584827899933)","(0.6947514414787292, 0.6745339035987854, 0.1257719099521637)","(0.678989827632904, 0.7003321051597595, 0.13037285208702087)",Reach
3138,"(0.7191468477249146, 0.8831186294555664, -4.1253596805290726e-07)","(0.6481795907020569, 0.8158184885978699, 0.006780308671295643)","(0.6129381060600281, 0.7204871773719788, 0.028587982058525085)","(0.5946688055992126, 0.655072033405304, 0.05608302354812622)","(0.5850012302398682, 0.6044963002204895, 0.08649112284183502)","(0.6771863698959351, 0.5962487459182739, 0.030015310272574425)","(0.6420271992683411, 0.5639525651931763, 0.08069287240505219)","(0.616572380065918, 0.5748059749603271, 0.11397433280944824)","(0.5961071848869324, 0.5867348313331604, 0.1335339993238449)","(0.7151669859886169, 0.610560417175293, 0.04803837463259697)","(0.6713662147521973, 0.597865879535675, 0.10674847662448883)","(0.644338846206665, 0.6242853999137878, 0.13016964495182037)","(0.6275231242179871, 0.6552391052246094, 0.13858281075954437)","(0.740319550037384, 0.6465114951133728, 0.06953376531600952)","(0.6981614828109741, 0.6324625611305237, 0.11877547949552536)","(0.6737901568412781, 0.6556708812713623, 0.12601202726364136)","(0.6612336039543152, 0.6854089498519897, 0.12185221165418625)","(0.7579426169395447, 0.6796399354934692, 0.09238613396883011)","(0.7231928706169128, 0.6631726622581482, 0.1261466145515442)","(0.698865532875061, 0.6784024238586426, 0.1338491588830948)","(0.6838765144348145, 0.7057282328605652, 0.1355416178703308)",Reach
3139,"(0.7235722541809082, 0.8882582187652588, -4.186100568404072e-07)","(0.6522192358970642, 0.8187952637672424, 0.0036533258389681578)","(0.6163251399993896, 0.7208830714225769, 0.02368309162557125)","(0.5968708395957947, 0.6525501012802124, 0.05040615797042847)","(0.5876623392105103, 0.6010680794715881, 0.08006349951028824)","(0.6840929388999939, 0.5966745615005493, 0.022957513108849525)","(0.6443130373954773, 0.5609352588653564, 0.07278582453727722)","(0.6171818971633911, 0.5731075406074524, 0.1059298887848854)","(0.5967702269554138, 0.5855823755264282, 0.1251187026500702)","(0.7216469049453735, 0.6115303635597229, 0.04256269708275795)","(0.6739054322242737, 0.5978607535362244, 0.09989578276872635)","(0.6473628878593445, 0.626380980014801, 0.12213609367609024)","(0.6322089433670044, 0.6580173969268799, 0.1290448158979416)","(0.7458456754684448, 0.6487863659858704, 0.0659194365143776)","(0.7014432549476624, 0.6335728764533997, 0.11409209668636322)","(0.6783207058906555, 0.6585863828659058, 0.11935156583786011)","(0.6667571067810059, 0.6903837323188782, 0.11310386657714844)","(0.7617732286453247, 0.6821385025978088, 0.0906214490532875)","(0.7260472178459167, 0.6657423377037048, 0.12295614928007126)","(0.7028322815895081, 0.6830055117607117, 0.1286618858575821)","(0.6887401342391968, 0.7115035057067871, 0.12842632830142975)",Reach
3140,"(0.7266993522644043, 0.895221471786499, -4.1846905673992296e-07)","(0.6554837226867676, 0.8230154514312744, 0.0023918768856674433)","(0.6193222403526306, 0.7222582697868347, 0.02111324481666088)","(0.5989133715629578, 0.6513113975524902, 0.04691217839717865)","(0.5888326168060303, 0.5971473455429077, 0.07590329647064209)","(0.6886716485023499, 0.5977061986923218, 0.01926117204129696)","(0.6458671689033508, 0.557237982749939, 0.06834442168474197)","(0.6174727082252502, 0.5686273574829102, 0.10149522125720978)","(0.5965904593467712, 0.57936692237854, 0.12069378048181534)","(0.7259998321533203, 0.613408088684082, 0.0396578274667263)","(0.6756432056427002, 0.5930150747299194, 0.09580764919519424)","(0.6488268375396729, 0.623025119304657, 0.11862782388925552)","(0.6339899301528931, 0.6554005742073059, 0.12611529231071472)","(0.7494695782661438, 0.6506116390228271, 0.06393946707248688)","(0.7026962041854858, 0.6298385858535767, 0.11168690770864487)","(0.6791417598724365, 0.6565314531326294, 0.11776901036500931)","(0.668048620223999, 0.6901742219924927, 0.11210256814956665)","(0.764814019203186, 0.6836880445480347, 0.08947938680648804)","(0.7288154363632202, 0.6630565524101257, 0.12175045907497406)","(0.7046905755996704, 0.6806640028953552, 0.1277042180299759)","(0.6901769638061523, 0.7097705602645874, 0.12763303518295288)",Reach
3141,"(0.7314002513885498, 0.9055402278900146, -4.326371367824322e-07)","(0.6589624881744385, 0.8253960013389587, -0.0010799531592056155)","(0.6232656836509705, 0.7199118733406067, 0.018763503059744835)","(0.6010894775390625, 0.6485329866409302, 0.047605063766241074)","(0.5917344689369202, 0.5955896377563477, 0.08031797409057617)","(0.6965675950050354, 0.5980431437492371, 0.015855707228183746)","(0.651166558265686, 0.5561053156852722, 0.06755004823207855)","(0.6204947233200073, 0.5660600066184998, 0.10300764441490173)","(0.5978188514709473, 0.5745280981063843, 0.12363334745168686)","(0.7331231832504272, 0.6180937886238098, 0.039830002933740616)","(0.6801403760910034, 0.5926092267036438, 0.0980662852525711)","(0.650763750076294, 0.6242830157279968, 0.1218554675579071)","(0.6339815258979797, 0.656102180480957, 0.1296469271183014)","(0.7547421455383301, 0.6561456918716431, 0.06774365901947021)","(0.7049774527549744, 0.6302160024642944, 0.1167316660284996)","(0.6799342632293701, 0.6578378677368164, 0.12128759175539017)","(0.6679664254188538, 0.6909682154655457, 0.1142333373427391)","(0.7687608003616333, 0.6883150935173035, 0.09688446670770645)","(0.730895459651947, 0.666389524936676, 0.12972764670848846)","(0.7060074806213379, 0.6835285425186157, 0.13405168056488037)","(0.690457284450531, 0.7124212384223938, 0.1324746459722519)",Reach
3142,"(0.7349288463592529, 0.908230185508728, -4.004693039405538e-07)","(0.6626845598220825, 0.8291234374046326, -0.00878867320716381)","(0.6255590915679932, 0.7174093723297119, 0.0025538955815136433)","(0.6024554371833801, 0.6416075825691223, 0.021714046597480774)","(0.5919067859649658, 0.5843653678894043, 0.043380171060562134)","(0.7028226852416992, 0.5985031723976135, 0.006890907883644104)","(0.6518465876579285, 0.5487132668495178, 0.050309065729379654)","(0.619248628616333, 0.5597950220108032, 0.0798206552863121)","(0.5972445011138916, 0.5694705247879028, 0.09639028459787369)","(0.7402541637420654, 0.6134961843490601, 0.0287485308945179)","(0.6810275316238403, 0.5872365832328796, 0.07565684616565704)","(0.6521984338760376, 0.6208467483520508, 0.09315767139196396)","(0.6380208134651184, 0.655351996421814, 0.09767183661460876)","(0.761875569820404, 0.6519275307655334, 0.05376755818724632)","(0.7062614560127258, 0.6285980939865112, 0.09233122318983078)","(0.6824297308921814, 0.6559852361679077, 0.0938929095864296)","(0.6708609461784363, 0.6908653378486633, 0.0862533450126648)","(0.7745974063873291, 0.6857600212097168, 0.07935083657503128)","(0.7321757078170776, 0.6629011631011963, 0.10394109785556793)","(0.7088517546653748, 0.6811888813972473, 0.10628928244113922)","(0.6951237916946411, 0.7119327187538147, 0.10410281270742416)",Reach
3143,"(0.7412258982658386, 0.9140321016311646, -4.1484096868771303e-07)","(0.668485701084137, 0.8325728178024292, -0.013931261375546455)","(0.6297312378883362, 0.7162835597991943, -0.005470662377774715)","(0.6039648056030273, 0.6372185349464417, 0.012179379351437092)","(0.5930730104446411, 0.576458215713501, 0.03258092328906059)","(0.7122291326522827, 0.5956426858901978, -0.0015855854144319892)","(0.6559373140335083, 0.5411291718482971, 0.04101390764117241)","(0.6206008195877075, 0.5516167283058167, 0.07081958651542664)","(0.5981890559196472, 0.5613229274749756, 0.08729802817106247)","(0.7486369609832764, 0.6135750412940979, 0.022749068215489388)","(0.6840180158615112, 0.5841279625892639, 0.06644704192876816)","(0.6540364623069763, 0.6235901117324829, 0.08249494433403015)","(0.6413949131965637, 0.6614834666252136, 0.08593399077653885)","(0.7681984901428223, 0.6531996726989746, 0.05043986067175865)","(0.7076448798179626, 0.6252217292785645, 0.08560019731521606)","(0.6834521293640137, 0.6585209369659424, 0.0843215137720108)","(0.6732373833656311, 0.697903573513031, 0.07477200776338577)","(0.7789932489395142, 0.687015175819397, 0.07870988547801971)","(0.7330510020256042, 0.6609335541725159, 0.09991324692964554)","(0.7089186906814575, 0.6841853857040405, 0.09970108419656754)","(0.6955578327178955, 0.7183393836021423, 0.09567444026470184)",Reach
3144,"(0.7448311448097229, 0.9162222146987915, -3.961008019359724e-07)","(0.6717544794082642, 0.8326334953308105, -0.018266810104250908)","(0.6318780779838562, 0.7088329792022705, -0.01139453612267971)","(0.6061177849769592, 0.625187873840332, 0.004611925687640905)","(0.5960944294929504, 0.563502311706543, 0.02374960482120514)","(0.7187129259109497, 0.591778576374054, -0.0030831098556518555)","(0.6599147915840149, 0.5261262655258179, 0.03387346491217613)","(0.6221640706062317, 0.5361359119415283, 0.05897877737879753)","(0.5981079339981079, 0.5485085844993591, 0.07328514754772186)","(0.7560234665870667, 0.6084824800491333, 0.0217168889939785)","(0.6899209022521973, 0.5677154660224915, 0.06048959866166115)","(0.6567147374153137, 0.6001095771789551, 0.07410451769828796)","(0.6403504014015198, 0.6359719634056091, 0.0773187205195427)","(0.7754035592079163, 0.6459829807281494, 0.04891149699687958)","(0.7128363251686096, 0.6124396324157715, 0.08092017471790314)","(0.6852627396583557, 0.6361247301101685, 0.08115804940462112)","(0.671103298664093, 0.6683142781257629, 0.07425901293754578)","(0.7844681739807129, 0.6801871657371521, 0.07591580599546432)","(0.737092912197113, 0.6473327279090881, 0.09568611532449722)","(0.7102258205413818, 0.6627628803253174, 0.09741427004337311)","(0.6934854388237, 0.6921787261962891, 0.09597504884004593)",Reach
3145,"(0.7503451108932495, 0.9185438752174377, -4.2882737716354313e-07)","(0.6741865873336792, 0.8318284749984741, -0.02205008640885353)","(0.6334394216537476, 0.7015386819839478, -0.016973694786429405)","(0.6078075766563416, 0.6126994490623474, -0.002238909713923931)","(0.597109854221344, 0.5494462847709656, 0.015932874754071236)","(0.7291657328605652, 0.5863312482833862, -0.007971332408487797)","(0.6662854552268982, 0.5116298198699951, 0.026985783129930496)","(0.6266119480133057, 0.5213984847068787, 0.0515298917889595)","(0.6023948192596436, 0.5350284576416016, 0.06550470739603043)","(0.7666329145431519, 0.6030393838882446, 0.01779717206954956)","(0.6954020261764526, 0.5546393394470215, 0.052486274391412735)","(0.6601511240005493, 0.5891984701156616, 0.06472983211278915)","(0.6439439058303833, 0.6280270218849182, 0.06756483763456345)","(0.784651517868042, 0.6395676732063293, 0.04575560614466667)","(0.716849684715271, 0.5992397665977478, 0.07337000221014023)","(0.6870784759521484, 0.6230624914169312, 0.0723646879196167)","(0.671550452709198, 0.6571600437164307, 0.06546879559755325)","(0.7917026281356812, 0.6736021637916565, 0.07338441163301468)","(0.7409242987632751, 0.6348300576210022, 0.08939460664987564)","(0.7129946947097778, 0.6507886052131653, 0.09006302058696747)","(0.6950433850288391, 0.6822628974914551, 0.0885484516620636)",Reach
3146,"(0.7554763555526733, 0.9146897792816162, -4.507769517658744e-07)","(0.6794801354408264, 0.825320303440094, -0.02522437833249569)","(0.6371146440505981, 0.6904913783073425, -0.022353313863277435)","(0.6099083423614502, 0.5969187021255493, -0.009348727762699127)","(0.5983603596687317, 0.528403639793396, 0.007626919075846672)","(0.7387368083000183, 0.5777590870857239, -0.012548855505883694)","(0.6742303967475891, 0.4910774827003479, 0.019707459956407547)","(0.632306694984436, 0.5036665797233582, 0.043372802436351776)","(0.6069642901420593, 0.5235819816589355, 0.05734053626656532)","(0.7763117551803589, 0.5935075879096985, 0.014602425508201122)","(0.7017855644226074, 0.5370000600814819, 0.0464782640337944)","(0.663551390171051, 0.5713163018226624, 0.0577445924282074)","(0.6453975439071655, 0.6115469932556152, 0.06025761738419533)","(0.7932053804397583, 0.6286106109619141, 0.04378078132867813)","(0.7220284342765808, 0.5826244950294495, 0.06918025761842728)","(0.6896361708641052, 0.6057990193367004, 0.06798653304576874)","(0.6719005703926086, 0.6414544582366943, 0.061385806649923325)","(0.7982968091964722, 0.6617493033409119, 0.07246532291173935)","(0.7456278800964355, 0.6193132996559143, 0.08674115687608719)","(0.7158958315849304, 0.6346277594566345, 0.0871720239520073)","(0.6957738399505615, 0.6667819023132324, 0.08596577495336533)",Reach
3147,"(0.761732816696167, 0.911806046962738, -4.7240280309779337e-07)","(0.68468177318573, 0.8200772404670715, -0.027485771104693413)","(0.6416949033737183, 0.6809237003326416, -0.0236076507717371)","(0.613181471824646, 0.5855943560600281, -0.00855676643550396)","(0.6013830900192261, 0.5164646506309509, 0.010968980379402637)","(0.7495450377464294, 0.5650562047958374, -0.012274211272597313)","(0.6831122636795044, 0.4739077687263489, 0.020971102640032768)","(0.6376653909683228, 0.4838075041770935, 0.044570982456207275)","(0.6070050001144409, 0.500446617603302, 0.05877932161092758)","(0.7854177951812744, 0.5817720293998718, 0.01767890155315399)","(0.7101810574531555, 0.5174673199653625, 0.05152839422225952)","(0.6670655608177185, 0.5454156994819641, 0.06290559470653534)","(0.6421177983283997, 0.5818175673484802, 0.0656178817152977)","(0.800533652305603, 0.6162403225898743, 0.04954831302165985)","(0.7280955910682678, 0.5634356737136841, 0.0778314471244812)","(0.6926558017730713, 0.5824756622314453, 0.07714027911424637)","(0.6705999374389648, 0.6142908334732056, 0.07073274999856949)","(0.8035779595375061, 0.6480703353881836, 0.08056195825338364)","(0.7498419284820557, 0.6031671166419983, 0.09641419351100922)","(0.7178698182106018, 0.6147035956382751, 0.09682206064462662)","(0.6940311789512634, 0.64359450340271, 0.0958063155412674)",Reach
3148,"(0.7700045108795166, 0.9102258682250977, -5.257816155790351e-07)","(0.6917684674263, 0.8160547614097595, -0.034266550093889236)","(0.6478042006492615, 0.6721889972686768, -0.031219927594065666)","(0.6178939342498779, 0.5705104470252991, -0.014031006954610348)","(0.6034655570983887, 0.4984552264213562, 0.009054080583155155)","(0.7640349864959717, 0.5553183555603027, -0.021189993247389793)","(0.6936577558517456, 0.45294180512428284, 0.011117897927761078)","(0.6427226066589355, 0.4596487879753113, 0.0337669663131237)","(0.6076614260673523, 0.47744596004486084, 0.04723907634615898)","(0.7972127795219421, 0.5719974637031555, 0.014933675527572632)","(0.7160485982894897, 0.5036230683326721, 0.0464860163629055)","(0.6745683550834656, 0.5438273549079895, 0.05619632452726364)","(0.6545289754867554, 0.5864132642745972, 0.05775630101561546)","(0.8096014261245728, 0.6033944487571716, 0.05306354910135269)","(0.7314548492431641, 0.5441809296607971, 0.07977274805307388)","(0.696159839630127, 0.575597882270813, 0.07635592669248581)","(0.6774498224258423, 0.6152611374855042, 0.06799884140491486)","(0.8111408948898315, 0.6294586658477783, 0.09019577503204346)","(0.754136323928833, 0.5840253829956055, 0.1040923073887825)","(0.7205184698104858, 0.6026196479797363, 0.10108891129493713)","(0.6981891393661499, 0.6343444585800171, 0.09763116389513016)",Reach
3149,"(0.7783710956573486, 0.9009566307067871, -5.366443360799167e-07)","(0.6999205946922302, 0.8061951994895935, -0.039514731615781784)","(0.6531627774238586, 0.6582381129264832, -0.040722329169511795)","(0.6216849088668823, 0.5467981696128845, -0.026433253660798073)","(0.6073284149169922, 0.4659697413444519, -0.005352774169296026)","(0.7778379321098328, 0.5455201864242554, -0.032888833433389664)","(0.7097789645195007, 0.42677122354507446, -0.001630636746995151)","(0.6583130359649658, 0.4345407485961914, 0.022946486249566078)","(0.6223049163818359, 0.4554411768913269, 0.0376582071185112)","(0.8107536435127258, 0.5545148849487305, 0.0055766841396689415)","(0.7262863516807556, 0.477649062871933, 0.0337858647108078)","(0.6826855540275574, 0.5190969705581665, 0.043191079050302505)","(0.6616573929786682, 0.560096800327301, 0.04452281445264816)","(0.8216838240623474, 0.5788915157318115, 0.046479273587465286)","(0.7407104969024658, 0.5136888027191162, 0.0705803856253624)","(0.7053748369216919, 0.5481192469596863, 0.06704404950141907)","(0.6856638789176941, 0.5892571806907654, 0.058406952768564224)","(0.8210384845733643, 0.6004234552383423, 0.08627448976039886)","(0.7625740766525269, 0.553114116191864, 0.09774334728717804)","(0.7289286851882935, 0.5749248266220093, 0.09390857815742493)","(0.706152617931366, 0.6067986488342285, 0.09002929925918579)",Reach
3150,"(0.7878577709197998, 0.8928995132446289, -6.461281145675457e-07)","(0.7086067795753479, 0.799289882183075, -0.04683438688516617)","(0.6606320738792419, 0.6456809043884277, -0.0537288598716259)","(0.6307207942008972, 0.5232560634613037, -0.04428710415959358)","(0.6174001693725586, 0.4339536428451538, -0.027683861553668976)","(0.7958263158798218, 0.5345079302787781, -0.04768805578351021)","(0.7274187803268433, 0.3999292254447937, -0.02587353065609932)","(0.6722598075866699, 0.40886664390563965, -0.004567814990878105)","(0.6336681246757507, 0.4349270761013031, 0.008772440254688263)","(0.8306662440299988, 0.5409688949584961, -0.008372905664145947)","(0.7354256510734558, 0.46431171894073486, 0.008466966450214386)","(0.6907346844673157, 0.5176708698272705, 0.017024699598550797)","(0.6744124293327332, 0.5678622722625732, 0.019065413624048233)","(0.8408517241477966, 0.5626427531242371, 0.03263317048549652)","(0.7496269345283508, 0.49790292978286743, 0.04599845036864281)","(0.7130019068717957, 0.5410236716270447, 0.043516214936971664)","(0.6953738331794739, 0.59158855676651, 0.03723808005452156)","(0.8394789099693298, 0.5847597122192383, 0.0719757154583931)","(0.7729731202125549, 0.5399417281150818, 0.07378927618265152)","(0.7381758689880371, 0.5687374472618103, 0.06819457560777664)","(0.7162051200866699, 0.6077221632003784, 0.06467624008655548)",Reach
3151,"(0.7996630668640137, 0.8866179585456848, -6.729041501785105e-07)","(0.7210023403167725, 0.7891707420349121, -0.05688275769352913)","(0.6727713346481323, 0.6266984343528748, -0.06838056445121765)","(0.6410874724388123, 0.494428426027298, -0.06153751537203789)","(0.6276826858520508, 0.40140604972839355, -0.04690438136458397)","(0.8213397264480591, 0.5231814384460449, -0.06159796565771103)","(0.748429000377655, 0.37373507022857666, -0.04737796261906624)","(0.6888295412063599, 0.3765853941440582, -0.03024517558515072)","(0.646213948726654, 0.39961469173431396, -0.018645793199539185)","(0.8536166548728943, 0.5267900824546814, -0.018295733258128166)","(0.756256639957428, 0.42735886573791504, -0.009788003750145435)","(0.7037824392318726, 0.47006356716156006, -0.003987329080700874)","(0.6790246963500977, 0.5184085369110107, -0.002080917824059725)","(0.8606072068214417, 0.5431914329528809, 0.02601991780102253)","(0.7665433883666992, 0.4574892520904541, 0.03149186819791794)","(0.7225695848464966, 0.49326440691947937, 0.027532750740647316)","(0.6976181268692017, 0.5434831976890564, 0.022603780031204224)","(0.855884313583374, 0.5609946846961975, 0.0679948553442955)","(0.7855857014656067, 0.5060326457023621, 0.06260014325380325)","(0.7471565008163452, 0.5316435694694519, 0.05457694083452225)","(0.721564531326294, 0.5716041922569275, 0.05121268332004547)",Reach
3152,"(0.8169494867324829, 0.8734398484230042, -6.345231327031797e-07)","(0.7364344000816345, 0.7742566466331482, -0.07047142833471298)","(0.6885283589363098, 0.6071552038192749, -0.0873817428946495)","(0.6564143300056458, 0.4636077284812927, -0.08350513130426407)","(0.6456649899482727, 0.35941773653030396, -0.07078582048416138)","(0.849271833896637, 0.5098857283592224, -0.07180307060480118)","(0.7767710089683533, 0.3427742123603821, -0.062143951654434204)","(0.7139623165130615, 0.3400460481643677, -0.04853322356939316)","(0.6697150468826294, 0.3627975583076477, -0.03873372822999954)","(0.880835235118866, 0.51305091381073, -0.02266434021294117)","(0.7910287976264954, 0.37897032499313354, -0.018487682566046715)","(0.729522705078125, 0.411072313785553, -0.015341926366090775)","(0.696698784828186, 0.4607701301574707, -0.014083370566368103)","(0.886100709438324, 0.5273943543434143, 0.0260654017329216)","(0.7971065640449524, 0.4094683825969696, 0.025301437824964523)","(0.7451093792915344, 0.4398541748523712, 0.01769227162003517)","(0.715385913848877, 0.49012258648872375, 0.012156547047197819)","(0.8801621198654175, 0.5406560301780701, 0.071830153465271)","(0.8142214417457581, 0.4595646858215332, 0.060118723660707474)","(0.7708752155303955, 0.47878867387771606, 0.04863209277391434)","(0.7431108951568604, 0.5182276964187622, 0.04404601454734802)",Reach
3153,"(0.8369033932685852, 0.8596878051757812, -6.594004275939369e-07)","(0.7569546699523926, 0.7659181356430054, -0.09249783307313919)","(0.7134572863578796, 0.5934414267539978, -0.12126898020505905)","(0.6851255893707275, 0.4350932538509369, -0.12515783309936523)","(0.6753095388412476, 0.31736239790916443, -0.1196805089712143)","(0.8966670036315918, 0.49935299158096313, -0.10301350057125092)","(0.8164761066436768, 0.3076525926589966, -0.10462255030870438)","(0.7473756074905396, 0.298252671957016, -0.09597113728523254)","(0.6985775828361511, 0.3222905099391937, -0.08866146951913834)","(0.9257382154464722, 0.5015097260475159, -0.04596243053674698)","(0.8304044604301453, 0.3373521566390991, -0.05717654898762703)","(0.7624719142913818, 0.372010737657547, -0.057960666716098785)","(0.7291752099990845, 0.431532621383667, -0.05726742371916771)","(0.9272188544273376, 0.510602593421936, 0.009629599750041962)","(0.835323691368103, 0.36235180497169495, -0.005008718930184841)","(0.7772939801216125, 0.40022701025009155, -0.013532252982258797)","(0.749211311340332, 0.46357613801956177, -0.017069190740585327)","(0.9173794984817505, 0.5167468190193176, 0.0608215406537056)","(0.851523220539093, 0.41219907999038696, 0.036246925592422485)","(0.803711473941803, 0.43452754616737366, 0.02072630077600479)","(0.777626097202301, 0.4809108078479767, 0.015362945385277271)",Reach
3154,"(0.8635603785514832, 0.8499050140380859, -7.320983286263072e-07)","(0.7861081957817078, 0.7543041706085205, -0.08913281559944153)","(0.7438884973526001, 0.5584536790847778, -0.11682673543691635)","(0.7221079468727112, 0.3805769681930542, -0.1224936917424202)","(0.7219890356063843, 0.2608432471752167, -0.11908194422721863)","(0.9343916177749634, 0.4909839630126953, -0.09327443689107895)","(0.872077226638794, 0.2849387526512146, -0.1090753898024559)","(0.7994372844696045, 0.2561406195163727, -0.11372517794370651)","(0.7436949014663696, 0.2728468179702759, -0.11316032707691193)","(0.9643223285675049, 0.4868074953556061, -0.04245617613196373)","(0.8914088606834412, 0.2934414744377136, -0.06374309957027435)","(0.8104129433631897, 0.310222327709198, -0.06888260692358017)","(0.7644713521003723, 0.36900776624679565, -0.06741209328174591)","(0.9666746854782104, 0.4905540347099304, 0.005105297081172466)","(0.8908968567848206, 0.32126712799072266, -0.0192234106361866)","(0.8215352892875671, 0.34896034002304077, -0.027332453057169914)","(0.7851495742797852, 0.4166039228439331, -0.0261458158493042)","(0.9556782841682434, 0.49801790714263916, 0.048102714121341705)","(0.8975048065185547, 0.3772699236869812, 0.019939538091421127)","(0.8432629108428955, 0.38845205307006836, 0.007874342612922192)","(0.8108638525009155, 0.4387003183364868, 0.007378496695309877)",Reach
3155,"(0.9013888239860535, 0.8330521583557129, -4.965090738551226e-07)","(0.8283640742301941, 0.7302755117416382, -0.071955606341362)","(0.7898690700531006, 0.5393122434616089, -0.09170271456241608)","(0.7781440019607544, 0.37081971764564514, -0.10091794282197952)","(0.7856684327125549, 0.24554656445980072, -0.10034798830747604)","(0.9427242875099182, 0.45219704508781433, -0.01402299851179123)","(0.9404296278953552, 0.2866159975528717, -0.04208586737513542)","(0.8848606944084167, 0.24880333244800568, -0.06635354459285736)","(0.8333390951156616, 0.2700055241584778, -0.07664458453655243)","(0.9648709893226624, 0.4459366798400879, 0.016681930050253868)","(0.9501203894615173, 0.2891651690006256, -0.010017290711402893)","(0.8844062685966492, 0.30301153659820557, -0.026786770671606064)","(0.8545591831207275, 0.35855457186698914, -0.028815777972340584)","(0.9745867252349854, 0.4416850507259369, 0.036270372569561005)","(0.9530442357063293, 0.286221981048584, 0.0036892390344291925)","(0.894311785697937, 0.32056736946105957, -0.007607574108988047)","(0.8740530610084534, 0.39216095209121704, -0.0032286634668707848)","(0.9802685976028442, 0.44215381145477295, 0.050428200513124466)","(0.950768232345581, 0.30811434984207153, 0.02441919781267643)","(0.9062705636024475, 0.3222113847732544, 0.01845056377351284)","(0.892811119556427, 0.38541650772094727, 0.024194026365876198)",Reach
3156,"(0.9447317719459534, 0.8412590026855469, 9.49251955262298e-07)","(0.9132195711135864, 0.6973905563354492, -0.06892534345388412)","(0.8837777376174927, 0.5064209699630737, -0.07869350165128708)","(0.8722249269485474, 0.35102686285972595, -0.07754621654748917)","(0.8792283535003662, 0.21973052620887756, -0.07075803726911545)","(0.8673014640808105, 0.3948744237422943, 0.017453912645578384)","(0.8642759919166565, 0.2299889177083969, 0.0160223301500082)","(0.8996502757072449, 0.155317485332489, -0.0002773813030216843)","(0.9336189031600952, 0.12131106853485107, -0.010258725844323635)","(0.8899560570716858, 0.40614116191864014, 0.053777892142534256)","(0.8967292904853821, 0.24977028369903564, 0.06174850091338158)","(0.93120938539505, 0.17832940816879272, 0.042641859501600266)","(0.9698002934455872, 0.14216649532318115, 0.0280858613550663)","(0.9204882383346558, 0.4240540564060211, 0.07938691228628159)","(0.9280124306678772, 0.27998998761177063, 0.08525606244802475)","(0.9567759037017822, 0.2127448320388794, 0.06978049129247665)","(0.9889858961105347, 0.17072153091430664, 0.057878509163856506)","(0.9530634880065918, 0.44996312260627747, 0.09762152284383774)","(0.9605299830436707, 0.3280160427093506, 0.10375847667455673)","(0.9807288646697998, 0.27544692158699036, 0.09993619471788406)","(1.007150411605835, 0.24191394448280334, 0.09677232801914215)",Reach
3157,"(0, 0, 0)","(0, 0, 0)","(0, 0, 0)","(0, 0, 0)","(0, 0, 0)","(0, 0, 0)","(0, 0, 0)","(0, 0, 0)","(0, 0, 0)","(0, 0, 0)","(0, 0, 0)","(0, 0, 0)","(0, 0, 0)","(0, 0, 0)","(0, 0, 0)","(0, 0, 0)","(0, 0, 0)","(0, 0, 0)","(0, 0, 0)","(0, 0, 0)","(0, 0, 0)",Negative
3158,"(0, 0, 0)","(0, 0, 0)","(0, 0, 0)","(0, 0, 0)","(0, 0, 0)","(0, 0, 0)","(0, 0, 0)","(0, 0, 0)","(0, 0, 0)","(0, 0, 0)","(0, 0, 0)","(0, 0, 0)","(0, 0, 0)","(0, 0, 0)","(0, 0, 0)","(0, 0, 0)","(0, 0, 0)","(0, 0, 0)","(0, 0, 0)","(0, 0, 0)","(0, 0, 0)",Negative
3159,"(0, 0, 0)","(0, 0, 0)","(0, 0, 0)","(0, 0, 0)","(0, 0, 0)","(0, 0, 0)","(0, 0, 0)","(0, 0, 0)","(0, 0, 0)","(0, 0, 0)","(0, 0, 0)","(0, 0, 0)","(0, 0, 0)","(0, 0, 0)","(0, 0, 0)","(0, 0, 0)","(0, 0, 0)","(0, 0, 0)","(0, 0, 0)","(0, 0, 0)","(0, 0, 0)",Negative
3160,"(0, 0, 0)","(0, 0, 0)","(0, 0, 0)","(0, 0, 0)","(0, 0, 0)","(0, 0, 0)","(0, 0, 0)","(0, 0, 0)","(0, 0, 0)","(0, 0, 0)","(0, 0, 0)","(0, 0, 0)","(0, 0, 0)","(0, 0, 0)","(0, 0, 0)","(0, 0, 0)","(0, 0, 0)","(0, 0, 0)","(0, 0, 0)","(0, 0, 0)","(0, 0, 0)",Negative
3161,"(0, 0, 0)","(0, 0, 0)","(0, 0, 0)","(0, 0, 0)","(0, 0, 0)","(0, 0, 0)","(0, 0, 0)","(0, 0, 0)","(0, 0, 0)","(0, 0, 0)","(0, 0, 0)","(0, 0, 0)","(0, 0, 0)","(0, 0, 0)","(0, 0, 0)","(0, 0, 0)","(0, 0, 0)","(0, 0, 0)","(0, 0, 0)","(0, 0, 0)","(0, 0, 0)",Negative
3162,"(0, 0, 0)","(0, 0, 0)","(0, 0, 0)","(0, 0, 0)","(0, 0, 0)","(0, 0, 0)","(0, 0, 0)","(0, 0, 0)","(0, 0, 0)","(0, 0, 0)","(0, 0, 0)","(0, 0, 0)","(0, 0, 0)","(0, 0, 0)","(0, 0, 0)","(0, 0, 0)","(0, 0, 0)","(0, 0, 0)","(0, 0, 0)","(0, 0, 0)","(0, 0, 0)",Negative
3163,"(0, 0, 0)","(0, 0, 0)","(0, 0, 0)","(0, 0, 0)","(0, 0, 0)","(0, 0, 0)","(0, 0, 0)","(0, 0, 0)","(0, 0, 0)","(0, 0, 0)","(0, 0, 0)","(0, 0, 0)","(0, 0, 0)","(0, 0, 0)","(0, 0, 0)","(0, 0, 0)","(0, 0, 0)","(0, 0, 0)","(0, 0, 0)","(0, 0, 0)","(0, 0, 0)",Negative
3164,"(0, 0, 0)","(0, 0, 0)","(0, 0, 0)","(0, 0, 0)","(0, 0, 0)","(0, 0, 0)","(0, 0, 0)","(0, 0, 0)","(0, 0, 0)","(0, 0, 0)","(0, 0, 0)","(0, 0, 0)","(0, 0, 0)","(0, 0, 0)","(0, 0, 0)","(0, 0, 0)","(0, 0, 0)","(0, 0, 0)","(0, 0, 0)","(0, 0, 0)","(0, 0, 0)",Negative
3165,"(0, 0, 0)","(0, 0, 0)","(0, 0, 0)","(0, 0, 0)","(0, 0, 0)","(0, 0, 0)","(0, 0, 0)","(0, 0, 0)","(0, 0, 0)","(0, 0, 0)","(0, 0, 0)","(0, 0, 0)","(0, 0, 0)","(0, 0, 0)","(0, 0, 0)","(0, 0, 0)","(0, 0, 0)","(0, 0, 0)","(0, 0, 0)","(0, 0, 0)","(0, 0, 0)",Negative
3166,"(0, 0, 0)","(0, 0, 0)","(0, 0, 0)","(0, 0, 0)","(0, 0, 0)","(0, 0, 0)","(0, 0, 0)","(0, 0, 0)","(0, 0, 0)","(0, 0, 0)","(0, 0, 0)","(0, 0, 0)","(0, 0, 0)","(0, 0, 0)","(0, 0, 0)","(0, 0, 0)","(0, 0, 0)","(0, 0, 0)","(0, 0, 0)","(0, 0, 0)","(0, 0, 0)",Negative
3167,"(0, 0, 0)","(0, 0, 0)","(0, 0, 0)","(0, 0, 0)","(0, 0, 0)","(0, 0, 0)","(0, 0, 0)","(0, 0, 0)","(0, 0, 0)","(0, 0, 0)","(0, 0, 0)","(0, 0, 0)","(0, 0, 0)","(0, 0, 0)","(0, 0, 0)","(0, 0, 0)","(0, 0, 0)","(0, 0, 0)","(0, 0, 0)","(0, 0, 0)","(0, 0, 0)",Negative
3168,"(0, 0, 0)","(0, 0, 0)","(0, 0, 0)","(0, 0, 0)","(0, 0, 0)","(0, 0, 0)","(0, 0, 0)","(0, 0, 0)","(0, 0, 0)","(0, 0, 0)","(0, 0, 0)","(0, 0, 0)","(0, 0, 0)","(0, 0, 0)","(0, 0, 0)","(0, 0, 0)","(0, 0, 0)","(0, 0, 0)","(0, 0, 0)","(0, 0, 0)","(0, 0, 0)",Negative
3169,"(0, 0, 0)","(0, 0, 0)","(0, 0, 0)","(0, 0, 0)","(0, 0, 0)","(0, 0, 0)","(0, 0, 0)","(0, 0, 0)","(0, 0, 0)","(0, 0, 0)","(0, 0, 0)","(0, 0, 0)","(0, 0, 0)","(0, 0, 0)","(0, 0, 0)","(0, 0, 0)","(0, 0, 0)","(0, 0, 0)","(0, 0, 0)","(0, 0, 0)","(0, 0, 0)",Negative
3170,"(0, 0, 0)","(0, 0, 0)","(0, 0, 0)","(0, 0, 0)","(0, 0, 0)","(0, 0, 0)","(0, 0, 0)","(0, 0, 0)","(0, 0, 0)","(0, 0, 0)","(0, 0, 0)","(0, 0, 0)","(0, 0, 0)","(0, 0, 0)","(0, 0, 0)","(0, 0, 0)","(0, 0, 0)","(0, 0, 0)","(0, 0, 0)","(0, 0, 0)","(0, 0, 0)",Negative
3171,"(0, 0, 0)","(0, 0, 0)","(0, 0, 0)","(0, 0, 0)","(0, 0, 0)","(0, 0, 0)","(0, 0, 0)","(0, 0, 0)","(0, 0, 0)","(0, 0, 0)","(0, 0, 0)","(0, 0, 0)","(0, 0, 0)","(0, 0, 0)","(0, 0, 0)","(0, 0, 0)","(0, 0, 0)","(0, 0, 0)","(0, 0, 0)","(0, 0, 0)","(0, 0, 0)",Negative
3172,"(0, 0, 0)","(0, 0, 0)","(0, 0, 0)","(0, 0, 0)","(0, 0, 0)","(0, 0, 0)","(0, 0, 0)","(0, 0, 0)","(0, 0, 0)","(0, 0, 0)","(0, 0, 0)","(0, 0, 0)","(0, 0, 0)","(0, 0, 0)","(0, 0, 0)","(0, 0, 0)","(0, 0, 0)","(0, 0, 0)","(0, 0, 0)","(0, 0, 0)","(0, 0, 0)",Negative
3173,"(0, 0, 0)","(0, 0, 0)","(0, 0, 0)","(0, 0, 0)","(0, 0, 0)","(0, 0, 0)","(0, 0, 0)","(0, 0, 0)","(0, 0, 0)","(0, 0, 0)","(0, 0, 0)","(0, 0, 0)","(0, 0, 0)","(0, 0, 0)","(0, 0, 0)","(0, 0, 0)","(0, 0, 0)","(0, 0, 0)","(0, 0, 0)","(0, 0, 0)","(0, 0, 0)",Negative
3174,"(0, 0, 0)","(0, 0, 0)","(0, 0, 0)","(0, 0, 0)","(0, 0, 0)","(0, 0, 0)","(0, 0, 0)","(0, 0, 0)","(0, 0, 0)","(0, 0, 0)","(0, 0, 0)","(0, 0, 0)","(0, 0, 0)","(0, 0, 0)","(0, 0, 0)","(0, 0, 0)","(0, 0, 0)","(0, 0, 0)","(0, 0, 0)","(0, 0, 0)","(0, 0, 0)",Negative
3175,"(0, 0, 0)","(0, 0, 0)","(0, 0, 0)","(0, 0, 0)","(0, 0, 0)","(0, 0, 0)","(0, 0, 0)","(0, 0, 0)","(0, 0, 0)","(0, 0, 0)","(0, 0, 0)","(0, 0, 0)","(0, 0, 0)","(0, 0, 0)","(0, 0, 0)","(0, 0, 0)","(0, 0, 0)","(0, 0, 0)","(0, 0, 0)","(0, 0, 0)","(0, 0, 0)",Negative
3176,"(0, 0, 0)","(0, 0, 0)","(0, 0, 0)","(0, 0, 0)","(0, 0, 0)","(0, 0, 0)","(0, 0, 0)","(0, 0, 0)","(0, 0, 0)","(0, 0, 0)","(0, 0, 0)","(0, 0, 0)","(0, 0, 0)","(0, 0, 0)","(0, 0, 0)","(0, 0, 0)","(0, 0, 0)","(0, 0, 0)","(0, 0, 0)","(0, 0, 0)","(0, 0, 0)",Negative
3177,"(0, 0, 0)","(0, 0, 0)","(0, 0, 0)","(0, 0, 0)","(0, 0, 0)","(0, 0, 0)","(0, 0, 0)","(0, 0, 0)","(0, 0, 0)","(0, 0, 0)","(0, 0, 0)","(0, 0, 0)","(0, 0, 0)","(0, 0, 0)","(0, 0, 0)","(0, 0, 0)","(0, 0, 0)","(0, 0, 0)","(0, 0, 0)","(0, 0, 0)","(0, 0, 0)",Negative
3178,"(0, 0, 0)","(0, 0, 0)","(0, 0, 0)","(0, 0, 0)","(0, 0, 0)","(0, 0, 0)","(0, 0, 0)","(0, 0, 0)","(0, 0, 0)","(0, 0, 0)","(0, 0, 0)","(0, 0, 0)","(0, 0, 0)","(0, 0, 0)","(0, 0, 0)","(0, 0, 0)","(0, 0, 0)","(0, 0, 0)","(0, 0, 0)","(0, 0, 0)","(0, 0, 0)",Negative
3179,"(0, 0, 0)","(0, 0, 0)","(0, 0, 0)","(0, 0, 0)","(0, 0, 0)","(0, 0, 0)","(0, 0, 0)","(0, 0, 0)","(0, 0, 0)","(0, 0, 0)","(0, 0, 0)","(0, 0, 0)","(0, 0, 0)","(0, 0, 0)","(0, 0, 0)","(0, 0, 0)","(0, 0, 0)","(0, 0, 0)","(0, 0, 0)","(0, 0, 0)","(0, 0, 0)",Negative
3180,"(0, 0, 0)","(0, 0, 0)","(0, 0, 0)","(0, 0, 0)","(0, 0, 0)","(0, 0, 0)","(0, 0, 0)","(0, 0, 0)","(0, 0, 0)","(0, 0, 0)","(0, 0, 0)","(0, 0, 0)","(0, 0, 0)","(0, 0, 0)","(0, 0, 0)","(0, 0, 0)","(0, 0, 0)","(0, 0, 0)","(0, 0, 0)","(0, 0, 0)","(0, 0, 0)",Negative
3181,"(0, 0, 0)","(0, 0, 0)","(0, 0, 0)","(0, 0, 0)","(0, 0, 0)","(0, 0, 0)","(0, 0, 0)","(0, 0, 0)","(0, 0, 0)","(0, 0, 0)","(0, 0, 0)","(0, 0, 0)","(0, 0, 0)","(0, 0, 0)","(0, 0, 0)","(0, 0, 0)","(0, 0, 0)","(0, 0, 0)","(0, 0, 0)","(0, 0, 0)","(0, 0, 0)",Negative
3182,"(0, 0, 0)","(0, 0, 0)","(0, 0, 0)","(0, 0, 0)","(0, 0, 0)","(0, 0, 0)","(0, 0, 0)","(0, 0, 0)","(0, 0, 0)","(0, 0, 0)","(0, 0, 0)","(0, 0, 0)","(0, 0, 0)","(0, 0, 0)","(0, 0, 0)","(0, 0, 0)","(0, 0, 0)","(0, 0, 0)","(0, 0, 0)","(0, 0, 0)","(0, 0, 0)",Negative
3183,"(0, 0, 0)","(0, 0, 0)","(0, 0, 0)","(0, 0, 0)","(0, 0, 0)","(0, 0, 0)","(0, 0, 0)","(0, 0, 0)","(0, 0, 0)","(0, 0, 0)","(0, 0, 0)","(0, 0, 0)","(0, 0, 0)","(0, 0, 0)","(0, 0, 0)","(0, 0, 0)","(0, 0, 0)","(0, 0, 0)","(0, 0, 0)","(0, 0, 0)","(0, 0, 0)",Negative
3184,"(0, 0, 0)","(0, 0, 0)","(0, 0, 0)","(0, 0, 0)","(0, 0, 0)","(0, 0, 0)","(0, 0, 0)","(0, 0, 0)","(0, 0, 0)","(0, 0, 0)","(0, 0, 0)","(0, 0, 0)","(0, 0, 0)","(0, 0, 0)","(0, 0, 0)","(0, 0, 0)","(0, 0, 0)","(0, 0, 0)","(0, 0, 0)","(0, 0, 0)","(0, 0, 0)",Negative
3185,"(0, 0, 0)","(0, 0, 0)","(0, 0, 0)","(0, 0, 0)","(0, 0, 0)","(0, 0, 0)","(0, 0, 0)","(0, 0, 0)","(0, 0, 0)","(0, 0, 0)","(0, 0, 0)","(0, 0, 0)","(0, 0, 0)","(0, 0, 0)","(0, 0, 0)","(0, 0, 0)","(0, 0, 0)","(0, 0, 0)","(0, 0, 0)","(0, 0, 0)","(0, 0, 0)",Negative
3186,"(0, 0, 0)","(0, 0, 0)","(0, 0, 0)","(0, 0, 0)","(0, 0, 0)","(0, 0, 0)","(0, 0, 0)","(0, 0, 0)","(0, 0, 0)","(0, 0, 0)","(0, 0, 0)","(0, 0, 0)","(0, 0, 0)","(0, 0, 0)","(0, 0, 0)","(0, 0, 0)","(0, 0, 0)","(0, 0, 0)","(0, 0, 0)","(0, 0, 0)","(0, 0, 0)",Negative
3187,"(0, 0, 0)","(0, 0, 0)","(0, 0, 0)","(0, 0, 0)","(0, 0, 0)","(0, 0, 0)","(0, 0, 0)","(0, 0, 0)","(0, 0, 0)","(0, 0, 0)","(0, 0, 0)","(0, 0, 0)","(0, 0, 0)","(0, 0, 0)","(0, 0, 0)","(0, 0, 0)","(0, 0, 0)","(0, 0, 0)","(0, 0, 0)","(0, 0, 0)","(0, 0, 0)",Negative
3188,"(0, 0, 0)","(0, 0, 0)","(0, 0, 0)","(0, 0, 0)","(0, 0, 0)","(0, 0, 0)","(0, 0, 0)","(0, 0, 0)","(0, 0, 0)","(0, 0, 0)","(0, 0, 0)","(0, 0, 0)","(0, 0, 0)","(0, 0, 0)","(0, 0, 0)","(0, 0, 0)","(0, 0, 0)","(0, 0, 0)","(0, 0, 0)","(0, 0, 0)","(0, 0, 0)",Negative
3189,"(0, 0, 0)","(0, 0, 0)","(0, 0, 0)","(0, 0, 0)","(0, 0, 0)","(0, 0, 0)","(0, 0, 0)","(0, 0, 0)","(0, 0, 0)","(0, 0, 0)","(0, 0, 0)","(0, 0, 0)","(0, 0, 0)","(0, 0, 0)","(0, 0, 0)","(0, 0, 0)","(0, 0, 0)","(0, 0, 0)","(0, 0, 0)","(0, 0, 0)","(0, 0, 0)",Negative
3190,"(0, 0, 0)","(0, 0, 0)","(0, 0, 0)","(0, 0, 0)","(0, 0, 0)","(0, 0, 0)","(0, 0, 0)","(0, 0, 0)","(0, 0, 0)","(0, 0, 0)","(0, 0, 0)","(0, 0, 0)","(0, 0, 0)","(0, 0, 0)","(0, 0, 0)","(0, 0, 0)","(0, 0, 0)","(0, 0, 0)","(0, 0, 0)","(0, 0, 0)","(0, 0, 0)",Negative
3191,"(0, 0, 0)","(0, 0, 0)","(0, 0, 0)","(0, 0, 0)","(0, 0, 0)","(0, 0, 0)","(0, 0, 0)","(0, 0, 0)","(0, 0, 0)","(0, 0, 0)","(0, 0, 0)","(0, 0, 0)","(0, 0, 0)","(0, 0, 0)","(0, 0, 0)","(0, 0, 0)","(0, 0, 0)","(0, 0, 0)","(0, 0, 0)","(0, 0, 0)","(0, 0, 0)",Negative
3192,"(0, 0, 0)","(0, 0, 0)","(0, 0, 0)","(0, 0, 0)","(0, 0, 0)","(0, 0, 0)","(0, 0, 0)","(0, 0, 0)","(0, 0, 0)","(0, 0, 0)","(0, 0, 0)","(0, 0, 0)","(0, 0, 0)","(0, 0, 0)","(0, 0, 0)","(0, 0, 0)","(0, 0, 0)","(0, 0, 0)","(0, 0, 0)","(0, 0, 0)","(0, 0, 0)",Negative
3193,"(0, 0, 0)","(0, 0, 0)","(0, 0, 0)","(0, 0, 0)","(0, 0, 0)","(0, 0, 0)","(0, 0, 0)","(0, 0, 0)","(0, 0, 0)","(0, 0, 0)","(0, 0, 0)","(0, 0, 0)","(0, 0, 0)","(0, 0, 0)","(0, 0, 0)","(0, 0, 0)","(0, 0, 0)","(0, 0, 0)","(0, 0, 0)","(0, 0, 0)","(0, 0, 0)",Negative
3194,"(0, 0, 0)","(0, 0, 0)","(0, 0, 0)","(0, 0, 0)","(0, 0, 0)","(0, 0, 0)","(0, 0, 0)","(0, 0, 0)","(0, 0, 0)","(0, 0, 0)","(0, 0, 0)","(0, 0, 0)","(0, 0, 0)","(0, 0, 0)","(0, 0, 0)","(0, 0, 0)","(0, 0, 0)","(0, 0, 0)","(0, 0, 0)","(0, 0, 0)","(0, 0, 0)",Negative
