Unnamed: 0,WRIST,THUMB_CMC,THUMB_MCP,THUMB_IP,THUMB_TIP,INDEX_FINGER_MCP,INDEX_FINGER_PIP,INDEX_FINGER_DIP,INDEX_FINGER_TIP,MIDDLE_FINGER_MCP,MIDDLE_FINGER_PIP,MIDDLE_FINGER_DIP,MIDDLE_FINGER_TIP,RING_FINGER_MCP,RING_FINGER_PIP,RING_FINGER_DIP,RING_FINGER_TIP,PINKY_MCP,PINKY_PIP,PINKY_DIP,PINKY_TIP,LABEL
1615,"(0.6239045262336731, 0.4229750633239746, -5.57633611606434e-05)","(0.5579285025596619, 0.46733516454696655, 0.000758409674745053)","(0.5298237800598145, 0.556105375289917, 0.014211435802280903)","(0.5221431851387024, 0.6408908367156982, 0.04092327132821083)","(0.5222749710083008, 0.7000195384025574, 0.06850387901067734)","(0.5682559013366699, 0.6507964134216309, -0.043325573205947876)","(0.5388331413269043, 0.7566806674003601, -0.01411066297441721)","(0.515595555305481, 0.7739239931106567, 0.0253978930413723)","(0.5033222436904907, 0.7758951187133789, 0.05678199604153633)","(0.6031560301780701, 0.6601877212524414, -0.02013985626399517)","(0.5707515478134155, 0.7601322531700134, 0.023020852357149124)","(0.5451703071594238, 0.7476723790168762, 0.07207398861646652)","(0.531869113445282, 0.7267339825630188, 0.10264474898576736)","(0.6284353137016296, 0.6525630950927734, 0.010320072062313557)","(0.6016875505447388, 0.7383071780204773, 0.04905782639980316)","(0.5790706872940063, 0.7277626991271973, 0.08832991123199463)","(0.5673097372055054, 0.7037018537521362, 0.11081188917160034)","(0.6478935480117798, 0.6365976929664612, 0.04101894795894623)","(0.6315325498580933, 0.710524320602417, 0.07360364496707916)","(0.6123093962669373, 0.7092739939689636, 0.09683392196893692)","(0.600170910358429, 0.6908281445503235, 0.11215107887983322)",Move
1616,"(0.6244142055511475, 0.3888019025325775, -7.711677608313039e-05)","(0.565262496471405, 0.4226838946342468, 0.0025122191291302443)","(0.5345190167427063, 0.504895806312561, 0.01504179835319519)","(0.5221602320671082, 0.5898361802101135, 0.03807506710290909)","(0.5184600353240967, 0.6448257565498352, 0.06140497326850891)","(0.5714330077171326, 0.6068302392959595, -0.040681589394807816)","(0.5373955368995667, 0.7119675278663635, -0.007351743057370186)","(0.5135089159011841, 0.7210337519645691, 0.03319389000535011)","(0.5020047426223755, 0.7125275135040283, 0.0638127401471138)","(0.6065630316734314, 0.6242430806159973, -0.020819853991270065)","(0.5687572360038757, 0.7232391238212585, 0.025230232626199722)","(0.5443632006645203, 0.7061576247215271, 0.07514860481023788)","(0.5330750346183777, 0.6782695651054382, 0.10523750633001328)","(0.6323105692863464, 0.619638204574585, 0.006107601802796125)","(0.6020117402076721, 0.707175612449646, 0.04351174458861351)","(0.5798007249832153, 0.6958388090133667, 0.08102407306432724)","(0.5695921778678894, 0.667941153049469, 0.10198602825403214)","(0.6516298651695251, 0.6028335094451904, 0.03381730988621712)","(0.6348061561584473, 0.6822538375854492, 0.06321187317371368)","(0.6154294610023499, 0.678780734539032, 0.08611569553613663)","(0.6040471792221069, 0.6546666622161865, 0.1013495922088623)",Move
1617,"(0.6276065707206726, 0.3571612238883972, -8.351404540007934e-05)","(0.56700599193573, 0.3972512483596802, 0.0009211123106069863)","(0.5379645824432373, 0.4790581166744232, 0.008274255320429802)","(0.526456356048584, 0.564822793006897, 0.026488782837986946)","(0.5242611169815063, 0.6239228248596191, 0.04338761791586876)","(0.5797130465507507, 0.5807893872261047, -0.04374527931213379)","(0.5458019971847534, 0.6758490800857544, 0.004659675993025303)","(0.5237444043159485, 0.6724138259887695, 0.05012828856706619)","(0.515971839427948, 0.653755247592926, 0.07762262225151062)","(0.6131629943847656, 0.5953697562217712, -0.023759184405207634)","(0.5753046870231628, 0.6789578199386597, 0.034379277378320694)","(0.5547308921813965, 0.6564674377441406, 0.08130816370248795)","(0.548285722732544, 0.6252553462982178, 0.10334686934947968)","(0.6373156309127808, 0.5903196930885315, 0.005095717962831259)","(0.6038236618041992, 0.6643694043159485, 0.05540281906723976)","(0.5868930816650391, 0.6447778344154358, 0.0906059592962265)","(0.5822587609291077, 0.6112653017044067, 0.10405103862285614)","(0.6552948951721191, 0.5755459666252136, 0.03365273028612137)","(0.6330339312553406, 0.6450618505477905, 0.07104718685150146)","(0.6170968413352966, 0.6353042125701904, 0.0930427834391594)","(0.6107274889945984, 0.6063022613525391, 0.10399903357028961)",Move
1618,"(0.6277675032615662, 0.33173486590385437, -7.16027498128824e-05)","(0.5650312900543213, 0.38043737411499023, 0.0011630424996837974)","(0.5385918021202087, 0.46508604288101196, 0.01004861295223236)","(0.5308470129966736, 0.5470181107521057, 0.029697241261601448)","(0.5293135643005371, 0.6034876704216003, 0.04743333160877228)","(0.5866603255271912, 0.565845787525177, -0.03358668088912964)","(0.5557303428649902, 0.6520758271217346, 0.016147920861840248)","(0.5336955785751343, 0.6443135738372803, 0.06001981720328331)","(0.5249900817871094, 0.6220879554748535, 0.08735613524913788)","(0.6203717589378357, 0.5735027194023132, -0.013346120715141296)","(0.5850074887275696, 0.6425215005874634, 0.04694924131035805)","(0.563581645488739, 0.6177322864532471, 0.08862247318029404)","(0.5549411177635193, 0.5855123400688171, 0.1054503321647644)","(0.6432580947875977, 0.5612003803253174, 0.015686169266700745)","(0.6124807596206665, 0.6227292418479919, 0.06820522248744965)","(0.59363853931427, 0.6015778183937073, 0.09800194948911667)","(0.5863275527954102, 0.5669467449188232, 0.10682554543018341)","(0.6584111452102661, 0.5397942662239075, 0.044465526938438416)","(0.6373468637466431, 0.6006430983543396, 0.08371620625257492)","(0.6206120252609253, 0.5921760201454163, 0.10442477464675903)","(0.612022340297699, 0.5640481114387512, 0.11327457427978516)",Move
1619,"(0.6288180351257324, 0.30836111307144165, -7.055990863591433e-05)","(0.5660540461540222, 0.3588120937347412, -0.0008011139580048621)","(0.5392675399780273, 0.44797831773757935, 0.007945586927235126)","(0.5314698815345764, 0.5305168628692627, 0.027041522786021233)","(0.5276771783828735, 0.5871357321739197, 0.04504463076591492)","(0.5884284973144531, 0.5461110472679138, -0.02213434688746929)","(0.561873197555542, 0.6348510384559631, 0.02137516811490059)","(0.5392888784408569, 0.6322987079620361, 0.06255713105201721)","(0.5278975367546082, 0.6141977310180664, 0.09097723662853241)","(0.6225964426994324, 0.5501949787139893, -0.0023620291613042355)","(0.5901414155960083, 0.6241300702095032, 0.050745055079460144)","(0.5634737014770508, 0.60750812292099, 0.09294667840003967)","(0.5483643412590027, 0.5805261135101318, 0.11370881646871567)","(0.6458587646484375, 0.534278154373169, 0.02454162947833538)","(0.6193343997001648, 0.5973278284072876, 0.07083812355995178)","(0.596041202545166, 0.5838412642478943, 0.10135095566511154)","(0.5827907919883728, 0.5547682046890259, 0.11408433318138123)","(0.6613386273384094, 0.5098523497581482, 0.050915125757455826)","(0.6432616710662842, 0.5695963501930237, 0.08668159693479538)","(0.623569905757904, 0.5687685012817383, 0.10780002176761627)","(0.6107651591300964, 0.5470884442329407, 0.11794914305210114)",Move
1620,"(0.6325411796569824, 0.28855445981025696, -8.357832848560065e-05)","(0.5706467032432556, 0.33785223960876465, -0.007033033762127161)","(0.5429290533065796, 0.42779141664505005, -0.0014687605435028672)","(0.5335851907730103, 0.514035165309906, 0.015582390129566193)","(0.5270283818244934, 0.5754731893539429, 0.03223200514912605)","(0.5933569073677063, 0.5257399678230286, -0.027511250227689743)","(0.5643764734268188, 0.6164055466651917, 0.012414256110787392)","(0.5406932234764099, 0.6181939840316772, 0.051650989800691605)","(0.5273836851119995, 0.604985773563385, 0.07977227866649628)","(0.6256459355354309, 0.5317476391792297, -0.0055025313049554825)","(0.5922369360923767, 0.6126764416694641, 0.04142436757683754)","(0.5643134117126465, 0.6003397703170776, 0.08255448937416077)","(0.5476600527763367, 0.5763185024261475, 0.10478944331407547)","(0.6467485427856445, 0.5176418423652649, 0.023302579298615456)","(0.6193225383758545, 0.5861698389053345, 0.06551565229892731)","(0.5946489572525024, 0.5781680345535278, 0.0966024100780487)","(0.5797644853591919, 0.5538425445556641, 0.11145611852407455)","(0.6599515080451965, 0.49456819891929626, 0.05101332068443298)","(0.6405026912689209, 0.5584375262260437, 0.08503467589616776)","(0.6188887357711792, 0.5622945427894592, 0.10646215826272964)","(0.604412853717804, 0.5445578694343567, 0.11777349561452866)",Move
1621,"(0.632611095905304, 0.27607110142707825, -0.0001042866861098446)","(0.5732098817825317, 0.32660984992980957, -0.014108534902334213)","(0.5472526550292969, 0.41607898473739624, -0.009878640063107014)","(0.5379598736763, 0.5024336576461792, 0.006789221893996)","(0.5271862745285034, 0.5674882531166077, 0.025151025503873825)","(0.5961869955062866, 0.5133621096611023, -0.026569174602627754)","(0.5615254640579224, 0.6033186912536621, 0.012885121628642082)","(0.5385396480560303, 0.6056210994720459, 0.05270751938223839)","(0.5262609124183655, 0.5950007438659668, 0.0812486857175827)","(0.6267592906951904, 0.5195348262786865, -0.0010260208509862423)","(0.5898557305335999, 0.6088413000106812, 0.04239467531442642)","(0.5634805560112, 0.6026385426521301, 0.08497870713472366)","(0.5474564433097839, 0.5867513418197632, 0.11032729595899582)","(0.6452901363372803, 0.5071796178817749, 0.030671076849102974)","(0.6179494857788086, 0.5890164971351624, 0.0668528750538826)","(0.5915287137031555, 0.5947646498680115, 0.09794137626886368)","(0.5731009244918823, 0.5845138430595398, 0.11586935073137283)","(0.6558640599250793, 0.48515012860298157, 0.06163858249783516)","(0.6383721828460693, 0.5591591596603394, 0.0887584388256073)","(0.6173601150512695, 0.5742639899253845, 0.11069870740175247)","(0.601464033126831, 0.570397138595581, 0.12534023821353912)",Move
1622,"(0.6327416300773621, 0.26661908626556396, -9.696967754280195e-05)","(0.5723809599876404, 0.3204690217971802, -0.012756971642374992)","(0.5477761626243591, 0.41000300645828247, -0.006365810055285692)","(0.5414689779281616, 0.4948221743106842, 0.012565596960484982)","(0.5306746363639832, 0.5576209425926208, 0.034285664558410645)","(0.5928257703781128, 0.5034373998641968, -0.022557809948921204)","(0.5596454739570618, 0.5906612277030945, 0.015828900039196014)","(0.5371893644332886, 0.5910762548446655, 0.053824201226234436)","(0.5260271430015564, 0.5780652761459351, 0.08049282431602478)","(0.6233307123184204, 0.5095528364181519, 0.003209659131243825)","(0.5933544039726257, 0.6011289358139038, 0.044844988733530045)","(0.568648099899292, 0.5957480072975159, 0.086087666451931)","(0.5543740391731262, 0.5779765844345093, 0.11145129054784775)","(0.6424927711486816, 0.49658071994781494, 0.034557219594717026)","(0.6220176815986633, 0.5822364091873169, 0.06857237964868546)","(0.597109854221344, 0.5891942381858826, 0.09754344075918198)","(0.5796836018562317, 0.5788069367408752, 0.11491222679615021)","(0.6543039679527283, 0.472733736038208, 0.06544795632362366)","(0.6416049599647522, 0.546326756477356, 0.0908825695514679)","(0.6216715574264526, 0.5628371238708496, 0.11127721518278122)","(0.6066358089447021, 0.5600379705429077, 0.1255236268043518)",Move
1623,"(0.6334894299507141, 0.2655135691165924, -0.00012013242667308077)","(0.5722742676734924, 0.3178367614746094, -0.011507909744977951)","(0.5474420189857483, 0.4080788493156433, -0.003120436565950513)","(0.540196418762207, 0.4930442273616791, 0.018357984721660614)","(0.5272541642189026, 0.5562560558319092, 0.041540857404470444)","(0.5924469828605652, 0.5025562047958374, -0.023272668942809105)","(0.5575008392333984, 0.5887365341186523, 0.018703825771808624)","(0.5352485179901123, 0.5854541063308716, 0.057733528316020966)","(0.5248574614524841, 0.5700864195823669, 0.08385276049375534)","(0.6227325201034546, 0.5090884566307068, 0.0026965816505253315)","(0.5885028839111328, 0.5954129099845886, 0.04944548010826111)","(0.5629723072052002, 0.5824127197265625, 0.09035070985555649)","(0.5487919449806213, 0.5619896650314331, 0.11332773417234421)","(0.6412729024887085, 0.4970623850822449, 0.03446333482861519)","(0.6154603362083435, 0.5782210826873779, 0.07173274457454681)","(0.5897687673568726, 0.5766758918762207, 0.1006738618016243)","(0.5736547708511353, 0.5605159997940063, 0.11639589816331863)","(0.6522196531295776, 0.475068598985672, 0.06582417339086533)","(0.6346384882926941, 0.5475702881813049, 0.09290751069784164)","(0.6137639284133911, 0.5570847392082214, 0.11322686076164246)","(0.5996761322021484, 0.5485129356384277, 0.12676578760147095)",Move
1624,"(0.6302418112754822, 0.2635214626789093, -0.00012554331624414772)","(0.5703946948051453, 0.3174055218696594, -0.011402598582208157)","(0.5469167828559875, 0.40603411197662354, -0.0016488933470100164)","(0.5396865606307983, 0.4880770742893219, 0.020378677174448967)","(0.5256050825119019, 0.5503535866737366, 0.044085003435611725)","(0.5933831334114075, 0.5006227493286133, -0.016334539279341698)","(0.5571115016937256, 0.5832338333129883, 0.021137937903404236)","(0.5334112644195557, 0.5855503678321838, 0.057203467935323715)","(0.5206531882286072, 0.5760805010795593, 0.08261372894048691)","(0.6218212842941284, 0.506977915763855, 0.009212106466293335)","(0.5858973264694214, 0.5904858708381653, 0.0515388660132885)","(0.5586487054824829, 0.5834761261940002, 0.08934684842824936)","(0.541922390460968, 0.5700750350952148, 0.11146270483732224)","(0.6383771896362305, 0.4950661361217499, 0.039879318326711655)","(0.6120800971984863, 0.5738470554351807, 0.07476907968521118)","(0.5852705240249634, 0.5773702263832092, 0.10329366475343704)","(0.567130446434021, 0.5682569146156311, 0.11958736926317215)","(0.6475660800933838, 0.47355329990386963, 0.07011858373880386)","(0.6303609013557434, 0.5435308218002319, 0.09547915309667587)","(0.6090618968009949, 0.5561261773109436, 0.11521093547344208)","(0.5934475660324097, 0.5533402562141418, 0.12856066226959229)",Move
1625,"(0.6289787888526917, 0.26502975821495056, -0.00011757484026020393)","(0.5685062408447266, 0.32074302434921265, -0.006414421368390322)","(0.5451093912124634, 0.4091082811355591, 0.006126667372882366)","(0.5384990572929382, 0.49061867594718933, 0.02951544150710106)","(0.5256507992744446, 0.5507322549819946, 0.05495371297001839)","(0.5899688005447388, 0.5022968649864197, -0.008916662074625492)","(0.5563774704933167, 0.5837392807006836, 0.031779441982507706)","(0.5340520143508911, 0.5826494097709656, 0.06770643591880798)","(0.522794246673584, 0.5702133774757385, 0.09234361350536346)","(0.6183483600616455, 0.5077790021896362, 0.014049180783331394)","(0.5848464965820312, 0.5890475511550903, 0.06031385064125061)","(0.5591788291931152, 0.5789992213249207, 0.09883143752813339)","(0.5444055795669556, 0.5638945698738098, 0.12023259699344635)","(0.6355020403862, 0.49569636583328247, 0.042062416672706604)","(0.6105380058288574, 0.5727976560592651, 0.07898035645484924)","(0.5845430493354797, 0.5738047361373901, 0.10793250054121017)","(0.567822277545929, 0.5629612803459167, 0.12364532053470612)","(0.6456542015075684, 0.4739028811454773, 0.06972674280405045)","(0.6291871666908264, 0.5424962639808655, 0.09719225764274597)","(0.608384370803833, 0.5532441735267639, 0.11821949481964111)","(0.5939140319824219, 0.5490467548370361, 0.13244664669036865)",Move
1626,"(0.6282715201377869, 0.26785022020339966, -0.00012495418195612729)","(0.5674189329147339, 0.32192671298980713, -0.005247823428362608)","(0.542532205581665, 0.409577876329422, 0.008814778178930283)","(0.5365839600563049, 0.490988552570343, 0.03413436934351921)","(0.526566207408905, 0.5501354932785034, 0.06173331290483475)","(0.5875949263572693, 0.5026432871818542, -0.013170845806598663)","(0.5548015236854553, 0.582288384437561, 0.02976541966199875)","(0.5334011316299438, 0.5816122889518738, 0.06830588728189468)","(0.5224148035049438, 0.5701595544815063, 0.09428772330284119)","(0.6166126132011414, 0.5093849897384644, 0.009059746749699116)","(0.5834363102912903, 0.5886533260345459, 0.05761236697435379)","(0.5588425993919373, 0.577026903629303, 0.09826367348432541)","(0.5448300838470459, 0.559890627861023, 0.12069166451692581)","(0.6344771385192871, 0.49811723828315735, 0.0369991809129715)","(0.6086760759353638, 0.5742526054382324, 0.07474561780691147)","(0.5837510824203491, 0.5730369091033936, 0.10551998019218445)","(0.5678173899650574, 0.5591068267822266, 0.12181752920150757)","(0.645249605178833, 0.47676247358322144, 0.06435783207416534)","(0.6266942024230957, 0.544982373714447, 0.09276772290468216)","(0.6061642169952393, 0.5535169839859009, 0.11437185853719711)","(0.5921432971954346, 0.5461658239364624, 0.12898746132850647)",Move
1627,"(0.6266430616378784, 0.2715969383716583, -0.00012040665023960173)","(0.5655239224433899, 0.3255103826522827, -0.0064515285193920135)","(0.5407245755195618, 0.4130115509033203, 0.006258453242480755)","(0.5352927446365356, 0.4950926899909973, 0.030344169586896896)","(0.5265480279922485, 0.5547881722450256, 0.056512609124183655)","(0.5871203541755676, 0.5053340792655945, -0.015961432829499245)","(0.5548458099365234, 0.5831657648086548, 0.02842751331627369)","(0.5339784026145935, 0.5825425386428833, 0.06907065957784653)","(0.52305006980896, 0.5720881819725037, 0.09647853672504425)","(0.6164915561676025, 0.5116457939147949, 0.006608751602470875)","(0.5830992460250854, 0.590309739112854, 0.05618389695882797)","(0.5593265891075134, 0.5800628662109375, 0.09828900545835495)","(0.5458242297172546, 0.5641448497772217, 0.12195850908756256)","(0.6344336271286011, 0.4996050298213959, 0.035151612013578415)","(0.6081090569496155, 0.5749050974845886, 0.07376354187726974)","(0.5837312936782837, 0.5751962661743164, 0.10533490031957626)","(0.5682026147842407, 0.5627309083938599, 0.12175925821065903)","(0.6452715396881104, 0.47731226682662964, 0.06292463093996048)","(0.6264371275901794, 0.5454156398773193, 0.09213577210903168)","(0.6060435175895691, 0.5548977851867676, 0.11382035166025162)","(0.5919753909111023, 0.5482904314994812, 0.12809182703495026)",Move
1628,"(0.6254261136054993, 0.27613264322280884, -0.00010903739894274622)","(0.5646072626113892, 0.3286503553390503, -0.005858946591615677)","(0.5401935577392578, 0.416978657245636, 0.006612327415496111)","(0.5349617004394531, 0.4988022744655609, 0.029952596873044968)","(0.525861382484436, 0.5576263070106506, 0.054787326604127884)","(0.5855115652084351, 0.5069707632064819, -0.01682954467833042)","(0.553512454032898, 0.5863867998123169, 0.02522881329059601)","(0.5321980118751526, 0.5866071581840515, 0.06432005017995834)","(0.5209419131278992, 0.5768439173698425, 0.09102179855108261)","(0.6147581934928894, 0.5133805274963379, 0.005786759778857231)","(0.5816774964332581, 0.5927057862281799, 0.053711455315351486)","(0.5572105646133423, 0.5799212455749512, 0.09470941126346588)","(0.5432090759277344, 0.5626094937324524, 0.117129847407341)","(0.6326693892478943, 0.5016931891441345, 0.03407571092247963)","(0.6071308851242065, 0.5766700506210327, 0.07211662828922272)","(0.5832723379135132, 0.5731476545333862, 0.10249332338571548)","(0.5684477686882019, 0.5576965808868408, 0.11798696219921112)","(0.6432749629020691, 0.48021233081817627, 0.06206750124692917)","(0.6250560283660889, 0.5490857362747192, 0.09092647582292557)","(0.6050071716308594, 0.5560204386711121, 0.11235670745372772)","(0.5913912057876587, 0.5462086200714111, 0.12662571668624878)",Position
1629,"(0.6248970031738281, 0.279344379901886, -0.00010846503573702648)","(0.5651683211326599, 0.3293953537940979, -0.008249212987720966)","(0.5410833358764648, 0.4166310131549835, 0.0015271187294274569)","(0.5350648164749146, 0.4991968870162964, 0.02282973937690258)","(0.5238696932792664, 0.5611051321029663, 0.04509748890995979)","(0.58564692735672, 0.5089280009269714, -0.0198696069419384)","(0.5513530373573303, 0.5872842073440552, 0.024075519293546677)","(0.5304549932479858, 0.5848954916000366, 0.06453800946474075)","(0.5207358002662659, 0.5729684829711914, 0.09175668656826019)","(0.6147099137306213, 0.5160863995552063, 0.0036407175939530134)","(0.5800069570541382, 0.5953189134597778, 0.05178827792406082)","(0.5567225217819214, 0.5812004208564758, 0.09362317621707916)","(0.5446591377258301, 0.5633980631828308, 0.1164175271987915)","(0.6325388550758362, 0.5052211880683899, 0.03272714465856552)","(0.6061898469924927, 0.5807563662528992, 0.07078772038221359)","(0.5831460356712341, 0.5765362977981567, 0.10069741308689117)","(0.5696631669998169, 0.5619558691978455, 0.11557266116142273)","(0.6429059505462646, 0.48459723591804504, 0.06143883988261223)","(0.6252358555793762, 0.554399847984314, 0.08922294527292252)","(0.605815052986145, 0.5613735914230347, 0.10967200249433517)","(0.5930800437927246, 0.5518901944160461, 0.12274523079395294)",Position
1630,"(0.6243324875831604, 0.28228509426116943, -0.00010904880764428526)","(0.5637778043746948, 0.3325178027153015, -0.006164806429296732)","(0.5390813946723938, 0.4190824627876282, 0.003842920996248722)","(0.5327313542366028, 0.5015197396278381, 0.025255078449845314)","(0.5217595100402832, 0.5630243420600891, 0.04739689826965332)","(0.5824153423309326, 0.5100561380386353, -0.02300991863012314)","(0.5486534237861633, 0.5890448689460754, 0.02227974683046341)","(0.5286532044410706, 0.584443986415863, 0.06338504701852798)","(0.5199844837188721, 0.571161687374115, 0.08969976752996445)","(0.6124141216278076, 0.5176725387573242, -0.0001604070857865736)","(0.5796961784362793, 0.5977159738540649, 0.04901624098420143)","(0.5580410361289978, 0.5786604881286621, 0.09138751029968262)","(0.5475974082946777, 0.5572497844696045, 0.11354034394025803)","(0.63177889585495, 0.5074115991592407, 0.028742726892232895)","(0.6067733764648438, 0.5840205550193787, 0.06689447909593582)","(0.5853237509727478, 0.5744996666908264, 0.09674741327762604)","(0.573832631111145, 0.5561410784721375, 0.11104781180620193)","(0.6436548233032227, 0.4876323342323303, 0.057563457638025284)","(0.6264771223068237, 0.5576704144477844, 0.08422069996595383)","(0.6072041392326355, 0.5610929131507874, 0.10399921983480453)","(0.595391035079956, 0.5481758713722229, 0.11713557690382004)",Position
1631,"(0.6225356459617615, 0.2836793065071106, -0.00010963661770801991)","(0.5640058517456055, 0.3341897130012512, -0.009093903936445713)","(0.5398145914077759, 0.42033979296684265, -0.0019419474992901087)","(0.5331401228904724, 0.5026176571846008, 0.0167202427983284)","(0.5204086899757385, 0.5653053522109985, 0.035647276788949966)","(0.5859407782554626, 0.5112058520317078, -0.02522677555680275)","(0.5491467118263245, 0.590290904045105, 0.01576436124742031)","(0.5280131697654724, 0.5897286534309387, 0.05588561296463013)","(0.5181843042373657, 0.5790179371833801, 0.08323255181312561)","(0.6164301633834839, 0.5196226835250854, -0.0015662582591176033)","(0.5796102285385132, 0.6012517213821411, 0.04358439892530441)","(0.5561657547950745, 0.5883734226226807, 0.08659207075834274)","(0.5439521074295044, 0.5711414217948914, 0.11067178100347519)","(0.6348600387573242, 0.5099878311157227, 0.027824843302369118)","(0.6069691181182861, 0.5891537666320801, 0.06284347921609879)","(0.5824478268623352, 0.5881130695343018, 0.09335436671972275)","(0.5670034885406494, 0.5763091444969177, 0.10975891351699829)","(0.6452686786651611, 0.49019482731819153, 0.05688764899969101)","(0.6270571351051331, 0.5627634525299072, 0.08193094283342361)","(0.6066871285438538, 0.571370542049408, 0.10211960971355438)","(0.5923774242401123, 0.5639221668243408, 0.11587710678577423)",Position
1632,"(0.6223529577255249, 0.287761390209198, -0.00010353405377827585)","(0.562896192073822, 0.33835935592651367, -0.006560865323990583)","(0.5376545786857605, 0.42300090193748474, 0.0015101131284609437)","(0.530759334564209, 0.5065553188323975, 0.02166738361120224)","(0.5202837586402893, 0.5675100684165955, 0.04416188225150108)","(0.5809323787689209, 0.5127915143966675, -0.028441471979022026)","(0.5462971329689026, 0.5924793481826782, 0.015976496040821075)","(0.5269173383712769, 0.5887184739112854, 0.05758167430758476)","(0.5190326571464539, 0.5759150981903076, 0.0842900425195694)","(0.6120955944061279, 0.5222655534744263, -0.006489800289273262)","(0.5774016380310059, 0.6054084300994873, 0.0399274080991745)","(0.5559669137001038, 0.5898408889770508, 0.08395383507013321)","(0.5462214350700378, 0.5692014098167419, 0.10763690620660782)","(0.632477343082428, 0.5138774514198303, 0.021885275840759277)","(0.6053084135055542, 0.5936008095741272, 0.057047247886657715)","(0.5824252367019653, 0.589584469795227, 0.08831697702407837)","(0.5697543621063232, 0.5748711824417114, 0.10428343713283539)","(0.6453587412834167, 0.49535050988197327, 0.050230998545885086)","(0.6282057166099548, 0.5676247477531433, 0.07413552701473236)","(0.6081247329711914, 0.5737723708152771, 0.09369183331727982)","(0.5952015519142151, 0.5627914071083069, 0.10668844729661942)",Position
1633,"(0.6209609508514404, 0.28602010011672974, -0.00011409107537474483)","(0.5617448687553406, 0.33969199657440186, -0.006030731368809938)","(0.5374423861503601, 0.4246712625026703, 0.002725475700572133)","(0.530673623085022, 0.507480263710022, 0.022570744156837463)","(0.5191166400909424, 0.5684751868247986, 0.04417923465371132)","(0.5804109573364258, 0.5136929154396057, -0.021829910576343536)","(0.5469061136245728, 0.5938102006912231, 0.020681729540228844)","(0.5279552340507507, 0.5930109620094299, 0.06088126450777054)","(0.5193537473678589, 0.5816925764083862, 0.08787009119987488)","(0.6112304329872131, 0.5216516256332397, 0.00012097180297132581)","(0.5783905982971191, 0.6034858226776123, 0.046383894979953766)","(0.5571967363357544, 0.5905815958976746, 0.08890406787395477)","(0.5462523698806763, 0.5722754001617432, 0.11330617964267731)","(0.6314811706542969, 0.5117949843406677, 0.028043748810887337)","(0.6071730852127075, 0.5911321640014648, 0.06402822583913803)","(0.5848153829574585, 0.5894873738288879, 0.09466325491666794)","(0.5709456205368042, 0.5772901177406311, 0.11052066832780838)","(0.6446753740310669, 0.4917905926704407, 0.05607685446739197)","(0.6301771402359009, 0.5644440054893494, 0.0797625258564949)","(0.6106466054916382, 0.5736204385757446, 0.0992739349603653)","(0.5966313481330872, 0.5664031505584717, 0.11285990476608276)",Position
1634,"(0.6203460693359375, 0.290065735578537, -0.0001018332113744691)","(0.5619176626205444, 0.34125208854675293, -0.008772360160946846)","(0.537320613861084, 0.42695724964141846, -0.0019034042488783598)","(0.5309175252914429, 0.5101271867752075, 0.016751576215028763)","(0.520494282245636, 0.5707038640975952, 0.037373680621385574)","(0.5818434357643127, 0.5148822069168091, -0.0306065883487463)","(0.5475221276283264, 0.5961580276489258, 0.011475753039121628)","(0.528025209903717, 0.5951053500175476, 0.05314324051141739)","(0.5194414258003235, 0.5837597846984863, 0.08110862970352173)","(0.6135333180427551, 0.5238293409347534, -0.007966176606714725)","(0.578364372253418, 0.6067830324172974, 0.03757162764668465)","(0.5565072894096375, 0.5938587784767151, 0.08249416947364807)","(0.5456569194793701, 0.5758328437805176, 0.10766095668077469)","(0.6339232325553894, 0.5150174498558044, 0.020731911063194275)","(0.6068326234817505, 0.5944955348968506, 0.05548157915472984)","(0.5834217667579651, 0.5924822092056274, 0.0873570442199707)","(0.5689929723739624, 0.5797808170318604, 0.10398383438587189)","(0.6466630101203918, 0.49579060077667236, 0.04918910935521126)","(0.6293516159057617, 0.5677425265312195, 0.0726792961359024)","(0.6090183854103088, 0.5756295919418335, 0.09241795539855957)","(0.5949060916900635, 0.5675219893455505, 0.10585290938615799)",Position
1635,"(0.620893120765686, 0.290099561214447, -0.00010791998647619039)","(0.5620119571685791, 0.3413983881473541, -0.005066172685474157)","(0.5378175973892212, 0.4275907278060913, 0.0037743840366601944)","(0.5319496989250183, 0.5103582143783569, 0.023556295782327652)","(0.52182936668396, 0.5697934031486511, 0.045114584267139435)","(0.5795262455940247, 0.5147728323936462, -0.024033110588788986)","(0.5478391647338867, 0.5966009497642517, 0.017064178362488747)","(0.5285763144493103, 0.5964391827583313, 0.056667037308216095)","(0.5196883678436279, 0.5854123830795288, 0.08380690217018127)","(0.6108258962631226, 0.523308515548706, -0.003129435470327735)","(0.5786023139953613, 0.6081519722938538, 0.04115043208003044)","(0.556847870349884, 0.5974692702293396, 0.08494923263788223)","(0.5460107326507568, 0.5804847478866577, 0.11033319681882858)","(0.6315514445304871, 0.5143480896949768, 0.023887788876891136)","(0.6078404188156128, 0.5951969027519226, 0.05818253383040428)","(0.5846579074859619, 0.5947538018226624, 0.08955195546150208)","(0.5706368088722229, 0.5829656720161438, 0.10635161399841309)","(0.6450409293174744, 0.4952179789543152, 0.0511186309158802)","(0.6306667923927307, 0.5675081014633179, 0.07489807158708572)","(0.6107203960418701, 0.5765270590782166, 0.0958525538444519)","(0.5968589782714844, 0.5688648819923401, 0.1104750707745552)",Position
1636,"(0.6209456920623779, 0.2917463183403015, -0.00011351539433235303)","(0.5612356662750244, 0.34320420026779175, -0.007452731486409903)","(0.536095380783081, 0.42936185002326965, 0.0006739608361385763)","(0.5291993618011475, 0.5123443603515625, 0.020308896899223328)","(0.5189709663391113, 0.5737074613571167, 0.04191197454929352)","(0.5804635286331177, 0.5201910138130188, -0.026222895830869675)","(0.5477352142333984, 0.6004756689071655, 0.01643180288374424)","(0.5286547541618347, 0.5985854268074036, 0.057505834847688675)","(0.5195692181587219, 0.5873210430145264, 0.08564351499080658)","(0.6117136478424072, 0.5279794335365295, -0.003492736490443349)","(0.5787805914878845, 0.6098825931549072, 0.04297289624810219)","(0.557529091835022, 0.5963891744613647, 0.08734896779060364)","(0.5464483499526978, 0.5783708691596985, 0.11245599389076233)","(0.6320604085922241, 0.517566978931427, 0.025212092325091362)","(0.6070772409439087, 0.5954031348228455, 0.06169579178094864)","(0.5844348073005676, 0.5928808450698853, 0.09399991482496262)","(0.5704736709594727, 0.5797368884086609, 0.11092367768287659)","(0.644950807094574, 0.4969434440135956, 0.054026879370212555)","(0.628871500492096, 0.5676321983337402, 0.07908996939659119)","(0.608963131904602, 0.5760365724563599, 0.10001800954341888)","(0.5951080322265625, 0.5679671168327332, 0.1144113838672638)",Position
1637,"(0.6197706460952759, 0.29420459270477295, -0.00010402368206996471)","(0.561140239238739, 0.34548911452293396, -0.007495536468923092)","(0.5362353324890137, 0.4317617416381836, 0.001818687655031681)","(0.5297496914863586, 0.5137774348258972, 0.023581478744745255)","(0.5203499794006348, 0.5728824138641357, 0.04727570712566376)","(0.5818107724189758, 0.5224999785423279, -0.02976430021226406)","(0.547285258769989, 0.6019710302352905, 0.014639411121606827)","(0.5270817875862122, 0.599559485912323, 0.05656665191054344)","(0.5179016590118408, 0.5886725187301636, 0.08404499292373657)","(0.6126489639282227, 0.5307999849319458, -0.006669999100267887)","(0.5775143504142761, 0.6122118234634399, 0.04087138548493385)","(0.5555987358093262, 0.596981942653656, 0.08478448539972305)","(0.5447809100151062, 0.5765184164047241, 0.1087944284081459)","(0.6323027014732361, 0.5207215547561646, 0.022939346730709076)","(0.6051321029663086, 0.5980566740036011, 0.059271007776260376)","(0.5817815661430359, 0.5937583446502686, 0.08994148671627045)","(0.5676651000976562, 0.5780543684959412, 0.1054123193025589)","(0.6445107460021973, 0.49993786215782166, 0.05256062000989914)","(0.6263712048530579, 0.5711719393730164, 0.07758475840091705)","(0.6060428023338318, 0.5773892998695374, 0.09649249911308289)","(0.592070996761322, 0.5662854313850403, 0.1090867817401886)",Position
1638,"(0.6200746893882751, 0.29617586731910706, -9.953232802217826e-05)","(0.562301516532898, 0.346204549074173, -0.0068977405317127705)","(0.5380316972732544, 0.4313487112522125, 0.002011050470173359)","(0.5318291783332825, 0.513063907623291, 0.023140065371990204)","(0.521721363067627, 0.5716124773025513, 0.045925483107566833)","(0.5814739465713501, 0.522333562374115, -0.0292346328496933)","(0.5473021268844604, 0.6036832928657532, 0.014073302038013935)","(0.5272988080978394, 0.6026483774185181, 0.05660329759120941)","(0.5183261036872864, 0.5923163294792175, 0.085320383310318)","(0.6123406887054443, 0.5308554768562317, -0.0064301989041268826)","(0.5772703289985657, 0.6138772964477539, 0.0402754545211792)","(0.5550365447998047, 0.5995073914527893, 0.08558440953493118)","(0.5439023375511169, 0.5803266167640686, 0.11103660613298416)","(0.6319211721420288, 0.5214533805847168, 0.022797146812081337)","(0.6050280332565308, 0.5994682908058167, 0.059176307171583176)","(0.5815550684928894, 0.5962440967559814, 0.09121110290288925)","(0.5674195289611816, 0.5818498730659485, 0.10813847929239273)","(0.6440696120262146, 0.5018748044967651, 0.05210556089878082)","(0.626622200012207, 0.5732182264328003, 0.07758116722106934)","(0.606387734413147, 0.5796486735343933, 0.09784504771232605)","(0.5926292538642883, 0.5689235925674438, 0.11170411854982376)",Position
1639,"(0.6213585734367371, 0.2953609526157379, -0.00011080005060648546)","(0.5629814863204956, 0.3454665541648865, -0.006030168849974871)","(0.537732720375061, 0.43103286623954773, 0.0029034705366939306)","(0.5312128067016602, 0.5134028792381287, 0.023736828938126564)","(0.5215795636177063, 0.5714332461357117, 0.0470154732465744)","(0.5802509784698486, 0.5218212008476257, -0.025430209934711456)","(0.547325611114502, 0.6032609939575195, 0.017580147832632065)","(0.5278308987617493, 0.6019590497016907, 0.05957883968949318)","(0.5184127688407898, 0.5915051102638245, 0.08844935894012451)","(0.6116166114807129, 0.5299056172370911, -0.0032929976005107164)","(0.5776422619819641, 0.6133779883384705, 0.04362568259239197)","(0.5553986430168152, 0.6008802056312561, 0.08921700716018677)","(0.5437132716178894, 0.582604706287384, 0.11522164195775986)","(0.6319541335105896, 0.5196410417556763, 0.025315094739198685)","(0.60664963722229, 0.5987172722816467, 0.062126196920871735)","(0.5827489495277405, 0.5983094573020935, 0.09509842842817307)","(0.5674456357955933, 0.5860949754714966, 0.11279694736003876)","(0.645083487033844, 0.4989025294780731, 0.05409054458141327)","(0.6295570731163025, 0.570935845375061, 0.0798814594745636)","(0.6094870567321777, 0.5803396701812744, 0.10165005177259445)","(0.5951536893844604, 0.5724391937255859, 0.11606933176517487)",Position
1640,"(0.6218298077583313, 0.2967612147331238, -0.00010839330934686586)","(0.5622839331626892, 0.3453561067581177, -0.007570495363324881)","(0.5368589162826538, 0.4312300980091095, 0.0002672025002539158)","(0.5305016040802002, 0.5140674114227295, 0.020148590207099915)","(0.5209863185882568, 0.5739303827285767, 0.04185538738965988)","(0.5802289247512817, 0.5227857828140259, -0.0291419830173254)","(0.5469813942909241, 0.6047778129577637, 0.0133516825735569)","(0.5275184512138367, 0.6016876697540283, 0.05530276522040367)","(0.5188671946525574, 0.5887917876243591, 0.0840812399983406)","(0.6119927763938904, 0.5307618975639343, -0.006414538715034723)","(0.5775343179702759, 0.6154021620750427, 0.04040712118148804)","(0.5554310083389282, 0.6022892594337463, 0.0859212577342987)","(0.5444744229316711, 0.583066999912262, 0.11134134978055954)","(0.6326333284378052, 0.5204035043716431, 0.022570038214325905)","(0.6065341234207153, 0.6008526086807251, 0.059051647782325745)","(0.5828691720962524, 0.5987554788589478, 0.0923716276884079)","(0.568536102771759, 0.5848228931427002, 0.11011768132448196)","(0.6457729339599609, 0.49966689944267273, 0.0517042875289917)","(0.6291341185569763, 0.5719160437583923, 0.07731534540653229)","(0.6088452339172363, 0.5800282955169678, 0.09954255819320679)","(0.594943106174469, 0.5712782740592957, 0.11454862356185913)",Position
1641,"(0.6228720545768738, 0.29520493745803833, -0.0001141783213824965)","(0.5621225237846375, 0.34598830342292786, -0.006763957440853119)","(0.5359917879104614, 0.43239501118659973, 0.0016297207912430167)","(0.5294437408447266, 0.5158724188804626, 0.022172775119543076)","(0.5189436078071594, 0.577029824256897, 0.04396037012338638)","(0.5803192257881165, 0.5250898599624634, -0.02710438333451748)","(0.5456559658050537, 0.6046963930130005, 0.018153971061110497)","(0.5259448289871216, 0.5994276404380798, 0.06063894182443619)","(0.5171291828155518, 0.5863631367683411, 0.08871041238307953)","(0.6115137338638306, 0.5328258275985718, -0.00458524189889431)","(0.5754213333129883, 0.6135100722312927, 0.04486643522977829)","(0.5536551475524902, 0.5967944264411926, 0.08974286913871765)","(0.5427910089492798, 0.5764967203140259, 0.11388415843248367)","(0.6317216753959656, 0.5228063464164734, 0.02436996065080166)","(0.6037755012512207, 0.6002172827720642, 0.06284879148006439)","(0.5806146264076233, 0.5946635603904724, 0.0951211228966713)","(0.5672218203544617, 0.5789859890937805, 0.11113443225622177)","(0.6446815133094788, 0.5029892921447754, 0.05361374467611313)","(0.6266943216323853, 0.5752059817314148, 0.0799809917807579)","(0.6067898273468018, 0.5810915231704712, 0.10191398859024048)","(0.5936759114265442, 0.5699254870414734, 0.1161317452788353)",Position
1642,"(0.6223748922348022, 0.2951012849807739, -0.00010776545241242275)","(0.5608178377151489, 0.3457362651824951, -0.005136667285114527)","(0.5343721508979797, 0.43155205249786377, 0.003948336932808161)","(0.526944637298584, 0.514930248260498, 0.025295760482549667)","(0.5175873041152954, 0.5750485062599182, 0.04868428781628609)","(0.5773497819900513, 0.525355875492096, -0.028749627992510796)","(0.543499767780304, 0.604758083820343, 0.020184282213449478)","(0.5256632566452026, 0.5938235521316528, 0.06353262811899185)","(0.5190781950950623, 0.5764171481132507, 0.08999025076627731)","(0.6093059182167053, 0.5337042212486267, -0.0065995389595627785)","(0.5746395587921143, 0.6131851673126221, 0.04668356850743294)","(0.5547704696655273, 0.5925259590148926, 0.0918586254119873)","(0.5467560291290283, 0.5694888830184937, 0.11487113684415817)","(0.6308686137199402, 0.5235247611999512, 0.02250313013792038)","(0.6034748554229736, 0.599928617477417, 0.06349650770425797)","(0.5823960900306702, 0.5889221429824829, 0.09609001129865646)","(0.5722586512565613, 0.5693432092666626, 0.11123883724212646)","(0.6450989246368408, 0.5032645463943481, 0.051729559898376465)","(0.6267266869544983, 0.5741153359413147, 0.07939119637012482)","(0.6076580286026001, 0.5763240456581116, 0.10095109045505524)","(0.5966616868972778, 0.5621330142021179, 0.11495933681726456)",Position
1643,"(0.6222741603851318, 0.2949014902114868, -0.00010349256626795977)","(0.5617605447769165, 0.34356826543807983, -0.002982247853651643)","(0.5354495048522949, 0.4282112419605255, 0.007957721129059792)","(0.528171181678772, 0.5099523663520813, 0.030771389603614807)","(0.5185137391090393, 0.5674111247062683, 0.05592905730009079)","(0.576538622379303, 0.5230014324188232, -0.026251737028360367)","(0.5433133244514465, 0.601852536201477, 0.02088579162955284)","(0.525349497795105, 0.5945316553115845, 0.06431571394205093)","(0.5182427167892456, 0.5799809098243713, 0.09193935245275497)","(0.608145534992218, 0.5324627757072449, -0.005292193964123726)","(0.5740853548049927, 0.6124733686447144, 0.04545322433114052)","(0.5537818670272827, 0.5946629643440247, 0.09153114259243011)","(0.5447600483894348, 0.5735756754875183, 0.11717107892036438)","(0.6295261979103088, 0.5231358408927917, 0.02274334244430065)","(0.6026016473770142, 0.6005941033363342, 0.061321016401052475)","(0.5806589722633362, 0.5923995971679688, 0.09435409307479858)","(0.5689625144004822, 0.5744656324386597, 0.11111520975828171)","(0.6437711119651794, 0.5031890869140625, 0.05106273293495178)","(0.6255897879600525, 0.5747302770614624, 0.07760202139616013)","(0.6056119203567505, 0.5785650610923767, 0.09892837703227997)","(0.5932854413986206, 0.5654212832450867, 0.11341336369514465)",Position
1644,"(0.6213233470916748, 0.2935203015804291, -0.00010517401824472472)","(0.5601917505264282, 0.3449586033821106, -0.0018318826332688332)","(0.5346270203590393, 0.43011170625686646, 0.010492718778550625)","(0.5276217460632324, 0.5108492970466614, 0.03439246118068695)","(0.517973780632019, 0.5657917261123657, 0.06064404547214508)","(0.5756178498268127, 0.5227630734443665, -0.021280406042933464)","(0.5431420803070068, 0.6002529263496399, 0.024547593668103218)","(0.5249233245849609, 0.5940939784049988, 0.0656210258603096)","(0.5170416235923767, 0.5805518627166748, 0.0921420305967331)","(0.6072831153869629, 0.531298816204071, -0.0003232876770198345)","(0.5751603841781616, 0.6096013784408569, 0.049768995493650436)","(0.5547441244125366, 0.5929350852966309, 0.0937252938747406)","(0.5453760623931885, 0.5721961259841919, 0.11862801015377045)","(0.6289483308792114, 0.520449697971344, 0.027400584891438484)","(0.6047219634056091, 0.5965303778648376, 0.0657307356595993)","(0.5829591155052185, 0.5902243852615356, 0.09766470640897751)","(0.5705921053886414, 0.5739351511001587, 0.11445007473230362)","(0.6436448097229004, 0.49868711829185486, 0.05559542775154114)","(0.6280009746551514, 0.5689969658851624, 0.08165716379880905)","(0.6085243225097656, 0.5745250582695007, 0.10285806655883789)","(0.5958406925201416, 0.5636611580848694, 0.11783186346292496)",Position
1645,"(0.620867908000946, 0.2948686480522156, -0.00010576714703347534)","(0.5599178671836853, 0.3450520634651184, -0.0009107636287808418)","(0.534618079662323, 0.43004849553108215, 0.010562925599515438)","(0.5277475714683533, 0.5116284489631653, 0.03259572759270668)","(0.5182254910469055, 0.569605827331543, 0.05635734274983406)","(0.5744668245315552, 0.5251146554946899, -0.019887803122401237)","(0.5433602333068848, 0.6007718443870544, 0.02696516178548336)","(0.5264116525650024, 0.5940996408462524, 0.06883222609758377)","(0.5193429589271545, 0.5813868641853333, 0.0959853008389473)","(0.6064534783363342, 0.5326520204544067, 0.00028448450029827654)","(0.576058566570282, 0.6103624105453491, 0.051611416041851044)","(0.5572887659072876, 0.593630850315094, 0.09721414744853973)","(0.5492494702339172, 0.5742195248603821, 0.12320254743099213)","(0.6287535429000854, 0.5206765532493591, 0.02692825347185135)","(0.6055818796157837, 0.5964187383651733, 0.06692400574684143)","(0.5852565169334412, 0.5891448259353638, 0.10076378285884857)","(0.5745047926902771, 0.5732444524765015, 0.11806550621986389)","(0.6439058780670166, 0.49777868390083313, 0.053641341626644135)","(0.628620982170105, 0.567286491394043, 0.0813300758600235)","(0.6097443103790283, 0.5719608068466187, 0.10412023216485977)","(0.5984181761741638, 0.5609742999076843, 0.11999200284481049)",Position
1646,"(0.6211998462677002, 0.2962169945240021, -0.0001094171529985033)","(0.5594016909599304, 0.3449094295501709, -0.0006908394279889762)","(0.533322811126709, 0.4298625588417053, 0.010561817325651646)","(0.5263715386390686, 0.5124273300170898, 0.032103169709444046)","(0.5169941186904907, 0.5722041130065918, 0.05516033247113228)","(0.5732741355895996, 0.5241556167602539, -0.019653182476758957)","(0.5425959825515747, 0.6000787019729614, 0.025907717645168304)","(0.5258789658546448, 0.5943939685821533, 0.0667387992143631)","(0.5187816023826599, 0.581329345703125, 0.09349116683006287)","(0.6053686738014221, 0.5325983166694641, -8.879866072675213e-05)","(0.5744345784187317, 0.6109236478805542, 0.04982708767056465)","(0.5551609396934509, 0.5957698225975037, 0.09497420489788055)","(0.5468026399612427, 0.5777231454849243, 0.12098418921232224)","(0.6277077198028564, 0.5221052765846252, 0.02572551928460598)","(0.6033486127853394, 0.5983121395111084, 0.06464385986328125)","(0.5823444128036499, 0.5926049947738647, 0.09802059084177017)","(0.5710921287536621, 0.5784074068069458, 0.11545956134796143)","(0.6428631544113159, 0.5010718107223511, 0.05194665119051933)","(0.6270541548728943, 0.5711779594421387, 0.0785118043422699)","(0.6075666546821594, 0.577009379863739, 0.10139419883489609)","(0.5955158472061157, 0.5673261880874634, 0.11738380789756775)",Position
1647,"(0.6207913160324097, 0.2971135377883911, -0.00010769263462862)","(0.5593063831329346, 0.34568363428115845, 0.000494769774377346)","(0.5334692597389221, 0.4308966100215912, 0.012442794628441334)","(0.5262264013290405, 0.5121771097183228, 0.03448847681283951)","(0.5165058374404907, 0.5698726773262024, 0.057829856872558594)","(0.5728810429573059, 0.5243630409240723, -0.02110847271978855)","(0.5416235327720642, 0.6008322834968567, 0.025796035304665565)","(0.5249335765838623, 0.5941086411476135, 0.06822887063026428)","(0.518244206905365, 0.5809444189071655, 0.0961797758936882)","(0.6047463417053223, 0.5329478979110718, -0.0016508686821907759)","(0.5740240812301636, 0.611129879951477, 0.04906252771615982)","(0.5553606748580933, 0.5934350490570068, 0.09501345455646515)","(0.5476138591766357, 0.5739716291427612, 0.12181854248046875)","(0.6270090341567993, 0.5223361253738403, 0.024395622313022614)","(0.6027555465698242, 0.5983313918113708, 0.06440907716751099)","(0.5827404856681824, 0.5894759893417358, 0.09864384680986404)","(0.5726027488708496, 0.5730231404304504, 0.11666403710842133)","(0.6420736908912659, 0.5011095404624939, 0.050871871411800385)","(0.6251996159553528, 0.5712729692459106, 0.07869409024715424)","(0.6062615513801575, 0.5737370252609253, 0.10185201466083527)","(0.5955236554145813, 0.5610955357551575, 0.1185510903596878)",Position
1648,"(0.6199370622634888, 0.2969837188720703, -0.00011209007789148018)","(0.5589492321014404, 0.3449881672859192, -5.104099545860663e-05)","(0.5331658720970154, 0.4288739562034607, 0.01125058438628912)","(0.525998592376709, 0.5101217031478882, 0.032698120921850204)","(0.5161405205726624, 0.568958044052124, 0.05528256297111511)","(0.5722838640213013, 0.5240933895111084, -0.023350121453404427)","(0.5409342646598816, 0.6006923913955688, 0.023632973432540894)","(0.5244218111038208, 0.5929822325706482, 0.06684551388025284)","(0.5179765820503235, 0.578694224357605, 0.09518726170063019)","(0.6043003797531128, 0.5329083800315857, -0.004003501031547785)","(0.5726155638694763, 0.6102083325386047, 0.04652731493115425)","(0.5538895726203918, 0.5918224453926086, 0.09294049441814423)","(0.5460854768753052, 0.5722995400428772, 0.11991315335035324)","(0.6267192959785461, 0.5223625898361206, 0.022163836285471916)","(0.6014395952224731, 0.5977224707603455, 0.06223176792263985)","(0.5814070105552673, 0.5891839861869812, 0.09680984169244766)","(0.5711830854415894, 0.5728362798690796, 0.11498578637838364)","(0.6419999003410339, 0.5011187195777893, 0.04856933280825615)","(0.6247003674507141, 0.5711436867713928, 0.07645808905363083)","(0.6056995391845703, 0.5745618939399719, 0.0997888371348381)","(0.5947833061218262, 0.562555730342865, 0.11649519205093384)",Position
1649,"(0.6198141574859619, 0.2969539165496826, -0.00010656551603460684)","(0.5592369437217712, 0.34526753425598145, 0.002740121679380536)","(0.5339609384536743, 0.42959100008010864, 0.015600349754095078)","(0.5271151661872864, 0.5105600953102112, 0.037566013634204865)","(0.51744544506073, 0.5690516233444214, 0.06099164858460426)","(0.5709537267684937, 0.5233230590820312, -0.019388793036341667)","(0.5414226651191711, 0.6007164716720581, 0.025190362706780434)","(0.5250865817070007, 0.5959171056747437, 0.06786660104990005)","(0.518153727054596, 0.5843483805656433, 0.0970628634095192)","(0.6030536890029907, 0.5322309136390686, -0.0018101127352565527)","(0.5731366872787476, 0.6092643737792969, 0.0476204939186573)","(0.5542696714401245, 0.593043863773346, 0.09419597685337067)","(0.5460020899772644, 0.5756908655166626, 0.12188048660755157)","(0.6258314847946167, 0.5218175649642944, 0.0223549697548151)","(0.6025162935256958, 0.5965331196784973, 0.06183961406350136)","(0.582541823387146, 0.5890389084815979, 0.09740176051855087)","(0.5719852447509766, 0.5740842819213867, 0.1163279265165329)","(0.6416758894920349, 0.5006139278411865, 0.046920377761125565)","(0.6258381009101868, 0.5700960159301758, 0.074789859354496)","(0.6070048213005066, 0.574781596660614, 0.09894508123397827)","(0.5958375334739685, 0.5644951462745667, 0.11637295037508011)",Release
1650,"(0.6205756664276123, 0.3003791570663452, -0.00010527308040764183)","(0.5600473880767822, 0.34681010246276855, 0.003623729106038809)","(0.5345040559768677, 0.4302840232849121, 0.017199471592903137)","(0.5271899104118347, 0.511050820350647, 0.03979163244366646)","(0.5182163119316101, 0.568607747554779, 0.06392070651054382)","(0.5716651678085327, 0.522431492805481, -0.017709089443087578)","(0.5425716638565063, 0.6033347249031067, 0.026908723637461662)","(0.5261306762695312, 0.6009791493415833, 0.07032746076583862)","(0.519037663936615, 0.5907430648803711, 0.1010880321264267)","(0.603512167930603, 0.532201886177063, 0.00043474978883750737)","(0.574099063873291, 0.6128019094467163, 0.04992586001753807)","(0.5555917620658875, 0.5975131988525391, 0.09627947956323624)","(0.5476714968681335, 0.5797551274299622, 0.12380422651767731)","(0.6259235143661499, 0.5227336883544922, 0.02496151253581047)","(0.6030752062797546, 0.60015869140625, 0.06479513645172119)","(0.5831188559532166, 0.5925742387771606, 0.10078489780426025)","(0.5730069875717163, 0.5762220025062561, 0.11976909637451172)","(0.6414098143577576, 0.5024765133857727, 0.050010766834020615)","(0.6257023811340332, 0.5727121829986572, 0.07930541038513184)","(0.6068552732467651, 0.5759050846099854, 0.10413401573896408)","(0.5961211919784546, 0.5637289881706238, 0.1220318153500557)",Release
1651,"(0.6213559508323669, 0.3005836606025696, -0.00010913868027273566)","(0.5610905289649963, 0.34666723012924194, 0.000946905929595232)","(0.5361292958259583, 0.4302290976047516, 0.012900293804705143)","(0.5288026332855225, 0.5119380354881287, 0.034672245383262634)","(0.519689679145813, 0.5709201097488403, 0.057653363794088364)","(0.5737752914428711, 0.5223031044006348, -0.019998963922262192)","(0.5441296696662903, 0.6040505766868591, 0.025386063382029533)","(0.5274103879928589, 0.6000181436538696, 0.0692540630698204)","(0.5206627249717712, 0.5878276228904724, 0.09931886941194534)","(0.6050508618354797, 0.5320316553115845, -0.000805551593657583)","(0.5756846070289612, 0.6134847402572632, 0.049039386212825775)","(0.5571268200874329, 0.5973302125930786, 0.09468404948711395)","(0.5495458841323853, 0.5777918696403503, 0.12165357172489166)","(0.6269022822380066, 0.5224438309669495, 0.024708153679966927)","(0.6041191816329956, 0.6007903814315796, 0.06449877470731735)","(0.584214448928833, 0.5921089053153992, 0.0991751179099083)","(0.5744322538375854, 0.5743420124053955, 0.11713819205760956)","(0.6417547464370728, 0.5017996430397034, 0.050551190972328186)","(0.6257953643798828, 0.573369562625885, 0.07895606011152267)","(0.6070239543914795, 0.576673150062561, 0.10235309600830078)","(0.5964763164520264, 0.5638060569763184, 0.11936094611883163)",Release
1652,"(0.6220918297767639, 0.3014622926712036, -0.00011028660082956776)","(0.561109185218811, 0.34782469272613525, -0.0017011171439662576)","(0.5359472632408142, 0.4324479401111603, 0.009106169454753399)","(0.5286638140678406, 0.5146412253379822, 0.030138758942484856)","(0.5198205709457397, 0.5740044116973877, 0.05237375199794769)","(0.5759227871894836, 0.5240674614906311, -0.019900523126125336)","(0.5460700988769531, 0.6069720983505249, 0.02495868317782879)","(0.528780460357666, 0.603219747543335, 0.06783872842788696)","(0.5214866399765015, 0.5906872153282166, 0.09758402407169342)","(0.6072322130203247, 0.5327986478805542, 0.0008906737784855068)","(0.578069269657135, 0.615097165107727, 0.0507628507912159)","(0.5589926838874817, 0.5997397899627686, 0.09552998095750809)","(0.5506412982940674, 0.5801519751548767, 0.12187378108501434)","(0.628700852394104, 0.5221579074859619, 0.027748262509703636)","(0.6066057085990906, 0.6005710959434509, 0.06756718456745148)","(0.5861493945121765, 0.5942826867103577, 0.10157109051942825)","(0.5751632452011108, 0.5778564810752869, 0.11942480504512787)","(0.6429536938667297, 0.5004796385765076, 0.054653607308864594)","(0.6270201206207275, 0.5714440941810608, 0.08325385302305222)","(0.60807204246521, 0.5762223601341248, 0.10657070577144623)","(0.5969018340110779, 0.5647492408752441, 0.12351369112730026)",Release
1653,"(0.6210214495658875, 0.3011704981327057, -0.00011306865053484216)","(0.5606144666671753, 0.3493177592754364, 0.0004866827221121639)","(0.5370050668716431, 0.4335381090641022, 0.01316317729651928)","(0.5306827425956726, 0.513575553894043, 0.03567736968398094)","(0.5210584998130798, 0.5716844797134399, 0.05977455526590347)","(0.5767579674720764, 0.5260021686553955, -0.0155263002961874)","(0.5488858222961426, 0.608569860458374, 0.02711927890777588)","(0.5318202376365662, 0.611552894115448, 0.07017578929662704)","(0.5232720375061035, 0.6050330996513367, 0.10198338329792023)","(0.608171820640564, 0.5332211852073669, 0.005255579017102718)","(0.5806625485420227, 0.6164515018463135, 0.05279210954904556)","(0.5609660148620605, 0.6093554496765137, 0.09869825094938278)","(0.5510343909263611, 0.596001148223877, 0.12754854559898376)","(0.6292990446090698, 0.5208948850631714, 0.032152146100997925)","(0.6093208193778992, 0.6002514958381653, 0.07034534960985184)","(0.5877200365066528, 0.6015207171440125, 0.10456530749797821)","(0.5741376876831055, 0.590221643447876, 0.1244313046336174)","(0.6433566212654114, 0.4975067675113678, 0.05940917134284973)","(0.629334568977356, 0.5676548480987549, 0.08816195279359818)","(0.6099451184272766, 0.5782944560050964, 0.11192847043275833)","(0.5968310236930847, 0.5721139311790466, 0.12979359924793243)",Release
1654,"(0.6220963001251221, 0.3017144203186035, -0.00011098683171439916)","(0.5608624815940857, 0.3503667116165161, -0.0006201714859344065)","(0.5371332764625549, 0.4359113276004791, 0.010906600393354893)","(0.5307002663612366, 0.5166124701499939, 0.03250771015882492)","(0.5220561623573303, 0.5757684707641602, 0.05604805052280426)","(0.5771715044975281, 0.5277863144874573, -0.01615985855460167)","(0.5508487820625305, 0.6115031838417053, 0.02732381410896778)","(0.5342934131622314, 0.6125240921974182, 0.07021153718233109)","(0.5260764360427856, 0.6057012677192688, 0.10072211176156998)","(0.6087867021560669, 0.5333850979804993, 0.005086751189082861)","(0.5830199718475342, 0.617973268032074, 0.05372996628284454)","(0.5638239979743958, 0.6088256239891052, 0.09851637482643127)","(0.5545273423194885, 0.5940766930580139, 0.12567995488643646)","(0.6301850080490112, 0.5199617743492126, 0.032367464154958725)","(0.611684262752533, 0.599639356136322, 0.07106906175613403)","(0.5909016728401184, 0.598595380783081, 0.10459977388381958)","(0.5786198377609253, 0.5855681896209717, 0.12341845035552979)","(0.6441643834114075, 0.4960765540599823, 0.060010410845279694)","(0.6310138702392578, 0.5660693049430847, 0.08848945051431656)","(0.6120622158050537, 0.5754516124725342, 0.11183163523674011)","(0.5997225046157837, 0.5680785179138184, 0.12916384637355804)",Release
1655,"(0.6209185123443604, 0.29918527603149414, -0.00010840436152648181)","(0.5606105327606201, 0.3468296527862549, 0.0016855743015184999)","(0.5379608273506165, 0.43280380964279175, 0.014455866068601608)","(0.532241940498352, 0.5123805403709412, 0.03687407448887825)","(0.5236504077911377, 0.5704375505447388, 0.060269176959991455)","(0.5792295336723328, 0.5247033834457397, -0.013762297108769417)","(0.5537140965461731, 0.6086015701293945, 0.023087847977876663)","(0.5366886258125305, 0.6229369640350342, 0.06385102868080139)","(0.5259711146354675, 0.6278525590896606, 0.096591055393219)","(0.6111189126968384, 0.5310502052307129, 0.007373410742729902)","(0.5863043069839478, 0.6182248592376709, 0.05145706236362457)","(0.5661035776138306, 0.6192168593406677, 0.09799707680940628)","(0.5549290776252747, 0.6123719811439514, 0.1292073279619217)","(0.6320821046829224, 0.5176278352737427, 0.034695591777563095)","(0.6151756644248962, 0.6000705361366272, 0.07107272744178772)","(0.5934098362922668, 0.6086083054542542, 0.10540361702442169)","(0.5783227682113647, 0.6038405299186707, 0.12732519209384918)","(0.64551842212677, 0.49317827820777893, 0.06248893961310387)","(0.6333216428756714, 0.5635045170783997, 0.09177599847316742)","(0.6138230562210083, 0.5794645547866821, 0.1160508543252945)","(0.5992544293403625, 0.5790832042694092, 0.13489380478858948)",Release
1656,"(0.6201439499855042, 0.29984617233276367, -0.00011011944297933951)","(0.5608205795288086, 0.34683847427368164, 0.003816012991592288)","(0.5382542610168457, 0.43228042125701904, 0.014622190035879612)","(0.5323653221130371, 0.5136309862136841, 0.03405001014471054)","(0.523703932762146, 0.5730404257774353, 0.05501028150320053)","(0.5804334282875061, 0.5234426259994507, -0.012692495249211788)","(0.5566408038139343, 0.6110037565231323, 0.019991165027022362)","(0.5411136150360107, 0.6325941681861877, 0.057366471737623215)","(0.5297064185142517, 0.644589900970459, 0.08793165534734726)","(0.6126784682273865, 0.5306581258773804, 0.006111723370850086)","(0.5896580815315247, 0.62220698595047, 0.04577457532286644)","(0.5702699422836304, 0.6316555738449097, 0.09015807509422302)","(0.5587141513824463, 0.6312083005905151, 0.12114940583705902)","(0.6341592073440552, 0.5180734395980835, 0.030643058940768242)","(0.6187255382537842, 0.6051666736602783, 0.06315253674983978)","(0.5971317291259766, 0.6208468675613403, 0.09507313370704651)","(0.581165611743927, 0.6216055154800415, 0.11573302000761032)","(0.6481049656867981, 0.49418649077415466, 0.05624416097998619)","(0.6378357410430908, 0.5672413110733032, 0.08372087776660919)","(0.6188167333602905, 0.5889978408813477, 0.10622169822454453)","(0.6031849980354309, 0.593165934085846, 0.12409143894910812)",Release
1657,"(0.6227326393127441, 0.305553674697876, -9.628316183807328e-05)","(0.5625283122062683, 0.35377952456474304, 0.003122084541246295)","(0.5404213070869446, 0.4418199062347412, 0.013737961649894714)","(0.5363577008247375, 0.5262303352355957, 0.032916776835918427)","(0.5293228030204773, 0.5899789929389954, 0.05271604284644127)","(0.5832706689834595, 0.532924234867096, -0.017147988080978394)","(0.5605859756469727, 0.6225911378860474, 0.017143703997135162)","(0.5446039438247681, 0.644107460975647, 0.057331379503011703)","(0.533664882183075, 0.6565266251564026, 0.09023315459489822)","(0.6167540550231934, 0.5374544262886047, 0.0020679181907325983)","(0.5937104821205139, 0.6303848028182983, 0.04627341032028198)","(0.5732806921005249, 0.6336953043937683, 0.09349796921014786)","(0.5622379779815674, 0.6283760666847229, 0.12436046451330185)","(0.6389197707176208, 0.5231252908706665, 0.02729104645550251)","(0.6234885454177856, 0.6115502119064331, 0.06430890411138535)","(0.6010530591011047, 0.6204668283462524, 0.10121703147888184)","(0.5860964059829712, 0.615230917930603, 0.12309694290161133)","(0.6531178951263428, 0.49827903509140015, 0.05292059853672981)","(0.6424567699432373, 0.5739402770996094, 0.08403506129980087)","(0.6230183839797974, 0.5913835763931274, 0.1110667958855629)","(0.6086909174919128, 0.5908925533294678, 0.13143527507781982)",Reach
1658,"(0.6258673071861267, 0.3181719183921814, -9.534038690617308e-05)","(0.5646815299987793, 0.36635705828666687, -0.0016726236790418625)","(0.5419546961784363, 0.4585406184196472, 0.003313675057142973)","(0.5382716059684753, 0.5483449101448059, 0.017489247024059296)","(0.5316169857978821, 0.6151624917984009, 0.030521590262651443)","(0.5851693749427795, 0.5437185168266296, -0.02896835096180439)","(0.5614780187606812, 0.6358919739723206, 0.005320538766682148)","(0.5452167391777039, 0.6583919525146484, 0.045720454305410385)","(0.5352718830108643, 0.6697200536727905, 0.07840794324874878)","(0.6201395392417908, 0.5498316884040833, -0.009302744641900063)","(0.5956340432167053, 0.649060070514679, 0.03499830141663551)","(0.5740990042686462, 0.6546052694320679, 0.083783820271492)","(0.5631099939346313, 0.6506282091140747, 0.11517762392759323)","(0.6434689164161682, 0.5367277264595032, 0.016488684341311455)","(0.6251915097236633, 0.630172848701477, 0.05383658409118652)","(0.6010521650314331, 0.6385819911956787, 0.09042413532733917)","(0.5861481428146362, 0.6337149739265442, 0.11094407737255096)","(0.6576722264289856, 0.5137277841567993, 0.04207475110888481)","(0.6436997056007385, 0.594794511795044, 0.07257062196731567)","(0.6228076815605164, 0.6110097169876099, 0.09969152510166168)","(0.6087839603424072, 0.6096277832984924, 0.11928754299879074)",Reach
1659,"(0.6256405711174011, 0.3351705074310303, -0.00010218023817287758)","(0.5646744966506958, 0.3883512318134308, 0.0016827326035127044)","(0.5406757593154907, 0.4831589460372925, 0.007630317006260157)","(0.5366885662078857, 0.575551450252533, 0.02337951771914959)","(0.534509539604187, 0.6416925191879272, 0.03840392082929611)","(0.5823994278907776, 0.5651876330375671, -0.03337166830897331)","(0.5609827041625977, 0.6600381135940552, 0.007777865044772625)","(0.5447906851768494, 0.6688152551651001, 0.054130829870700836)","(0.5361661911010742, 0.6647513508796692, 0.08845064789056778)","(0.6184122562408447, 0.5724928975105286, -0.015979548916220665)","(0.5957016348838806, 0.6752609014511108, 0.03125659376382828)","(0.5753054618835449, 0.6703178882598877, 0.08147609233856201)","(0.567225992679596, 0.654800295829773, 0.11107788980007172)","(0.6441078186035156, 0.5612416863441467, 0.008337686769664288)","(0.6248036026954651, 0.6569441556930542, 0.04756687209010124)","(0.602290689945221, 0.6532244682312012, 0.08647599816322327)","(0.5922282934188843, 0.6367794275283813, 0.10636084526777267)","(0.6612230539321899, 0.5405592918395996, 0.0324803851544857)","(0.6454160213470459, 0.6229157447814941, 0.0628141239285469)","(0.6244500279426575, 0.627317488193512, 0.08946944773197174)","(0.6136723160743713, 0.6125572323799133, 0.10766667127609253)",Reach
1660,"(0.6215678453445435, 0.3562174141407013, -9.873096132650971e-05)","(0.563017725944519, 0.4109906852245331, 0.023789752274751663)","(0.5439165234565735, 0.5020748972892761, 0.03988853096961975)","(0.5454162359237671, 0.5841317772865295, 0.0629517212510109)","(0.550162672996521, 0.6363259553909302, 0.08555446565151215)","(0.569280207157135, 0.5820022225379944, -0.03916290029883385)","(0.5522343516349792, 0.6855961084365845, 0.009600048884749413)","(0.542380154132843, 0.6852201819419861, 0.062318142503499985)","(0.5404173731803894, 0.6671362519264221, 0.09724011272192001)","(0.6065934300422668, 0.5946176052093506, -0.032458528876304626)","(0.5878145694732666, 0.6998301148414612, 0.019768577069044113)","(0.5744227170944214, 0.6867991089820862, 0.072254978120327)","(0.572799563407898, 0.6625630855560303, 0.10155951976776123)","(0.6368709802627563, 0.5886198282241821, -0.015569268725812435)","(0.6178614497184753, 0.6876910328865051, 0.03114580176770687)","(0.6024459600448608, 0.6688482165336609, 0.07465297728776932)","(0.6005393266677856, 0.6407083868980408, 0.09518430382013321)","(0.6594592332839966, 0.5723769068717957, 0.003227504901587963)","(0.6425060033798218, 0.6557946801185608, 0.04241807013750076)","(0.6259270310401917, 0.6475798487663269, 0.07479937374591827)","(0.6219830513000488, 0.6230777502059937, 0.09537068009376526)",Reach
1661,"(0.6139219999313354, 0.38444817066192627, -6.834990199422464e-05)","(0.5582574605941772, 0.44020676612854004, 0.03324924036860466)","(0.5432213544845581, 0.5314174294471741, 0.05514870584011078)","(0.5478006601333618, 0.6073402762413025, 0.08161265403032303)","(0.5527747273445129, 0.6562546491622925, 0.10662268847227097)","(0.5610321760177612, 0.6168691515922546, -0.02163090743124485)","(0.5485324263572693, 0.719200611114502, 0.023291945457458496)","(0.5400614738464355, 0.7352172136306763, 0.0763111263513565)","(0.5347243547439575, 0.7320085763931274, 0.11447427421808243)","(0.5986116528511047, 0.6265223622322083, -0.01745634526014328)","(0.5856482982635498, 0.7357996106147766, 0.031829942017793655)","(0.5731750130653381, 0.7349002361297607, 0.08775659650564194)","(0.568911612033844, 0.7156879305839539, 0.12412998825311661)","(0.6304161548614502, 0.6170141100883484, -0.00335073028691113)","(0.6198715567588806, 0.720354437828064, 0.04059981182217598)","(0.6051335334777832, 0.7103517055511475, 0.08861249685287476)","(0.6012853384017944, 0.6860119104385376, 0.11671525985002518)","(0.6543756127357483, 0.5969285368919373, 0.013889918103814125)","(0.6458491086959839, 0.6817840933799744, 0.051897794008255005)","(0.6299757361412048, 0.6785962581634521, 0.08644220232963562)","(0.6244038343429565, 0.6562361717224121, 0.11210808902978897)",Reach
1662,"(0.6083606481552124, 0.41373321413993835, -5.610094376606867e-05)","(0.5528126358985901, 0.4688938856124878, 0.04212912917137146)","(0.5388244986534119, 0.5547633767127991, 0.07118861377239227)","(0.544854462146759, 0.6242558360099792, 0.10258098691701889)","(0.5507484674453735, 0.670893669128418, 0.1341894418001175)","(0.5541881322860718, 0.653943657875061, 0.001267557148821652)","(0.5423864722251892, 0.7474238872528076, 0.04870454594492912)","(0.534781277179718, 0.763325035572052, 0.10243126004934311)","(0.5294735431671143, 0.7657504677772522, 0.1408414989709854)","(0.5911608338356018, 0.6630955934524536, 0.0033420680556446314)","(0.5803642272949219, 0.7675325274467468, 0.05212569609284401)","(0.5696319341659546, 0.7711121439933777, 0.10905778408050537)","(0.5653934478759766, 0.7555052042007446, 0.14839112758636475)","(0.6223670244216919, 0.6530060768127441, 0.01554341334849596)","(0.6147106289863586, 0.7520960569381714, 0.05953194946050644)","(0.6007116436958313, 0.7526559233665466, 0.10985013097524643)","(0.5956053733825684, 0.7358813285827637, 0.14164301753044128)","(0.6464364528656006, 0.6307244896888733, 0.03157820925116539)","(0.641449511051178, 0.7119507193565369, 0.06768236309289932)","(0.6265836954116821, 0.7180414199829102, 0.10190147906541824)","(0.6199085116386414, 0.7032549977302551, 0.12869121134281158)",Reach
1663,"(0.6006776690483093, 0.4454974830150604, -5.3140647651162e-05)","(0.5455663800239563, 0.4972303509712219, 0.04878540337085724)","(0.5308048725128174, 0.5841193795204163, 0.07901842147111893)","(0.5383458137512207, 0.6537067890167236, 0.11054933816194534)","(0.5470727682113647, 0.6957647204399109, 0.1427602767944336)","(0.545006513595581, 0.683134138584137, -0.0005433180485852063)","(0.5326991677284241, 0.7801464796066284, 0.05550478771328926)","(0.5302639007568359, 0.7746139764785767, 0.11072899401187897)","(0.5312947630882263, 0.7508494257926941, 0.14594638347625732)","(0.5826859474182129, 0.6927264332771301, -0.002430418971925974)","(0.5722709894180298, 0.8019732236862183, 0.050229571759700775)","(0.5673512816429138, 0.7995706796646118, 0.10898572206497192)","(0.5665536522865295, 0.774423360824585, 0.14758507907390594)","(0.6159058213233948, 0.6828072667121887, 0.005855438765138388)","(0.6080907583236694, 0.7912832498550415, 0.05286649242043495)","(0.5994836091995239, 0.7836639881134033, 0.10490620136260986)","(0.5972915887832642, 0.7584573030471802, 0.13607509434223175)","(0.642834484577179, 0.6603574156761169, 0.01917656697332859)","(0.6363252401351929, 0.7474167943000793, 0.05913928896188736)","(0.6241714954376221, 0.7451984882354736, 0.09693489223718643)","(0.6207399368286133, 0.7224900126457214, 0.12501956522464752)",Reach
1664,"(0.5951530933380127, 0.4776800870895386, -3.9607206417713314e-05)","(0.5400550365447998, 0.5277175903320312, 0.05345427989959717)","(0.5247636437416077, 0.6073114275932312, 0.08655770123004913)","(0.5307152271270752, 0.6755222678184509, 0.11908547580242157)","(0.5391740798950195, 0.7194420099258423, 0.15423615276813507)","(0.5389887690544128, 0.7106945514678955, 0.019437409937381744)","(0.5259261727333069, 0.800714910030365, 0.0760076716542244)","(0.5254589319229126, 0.7907756567001343, 0.12891243398189545)","(0.5288121700286865, 0.763342022895813, 0.16271136701107025)","(0.5745131969451904, 0.7236262559890747, 0.015279283747076988)","(0.5649199485778809, 0.8312063217163086, 0.06586626172065735)","(0.5609664916992188, 0.8299084901809692, 0.12235963344573975)","(0.5613834857940674, 0.80416339635849, 0.1605295091867447)","(0.6059836149215698, 0.7156942486763, 0.020924601703882217)","(0.6006565093994141, 0.8213348984718323, 0.06529194861650467)","(0.5935476422309875, 0.8151352405548096, 0.11571525037288666)","(0.5921593308448792, 0.7897658944129944, 0.14691688120365143)","(0.6324667930603027, 0.6930419206619263, 0.0318487174808979)","(0.6308543682098389, 0.7782852053642273, 0.07000555843114853)","(0.6198780536651611, 0.7757188677787781, 0.10688714683055878)","(0.6157732009887695, 0.7513814568519592, 0.13564786314964294)",Reach
1665,"(0.5880714654922485, 0.5048242211341858, -5.945239172433503e-05)","(0.5327058434486389, 0.5533237457275391, 0.04906286671757698)","(0.5155315399169922, 0.6320167779922485, 0.0799618735909462)","(0.5186559557914734, 0.7022855877876282, 0.11114957928657532)","(0.5273787379264832, 0.7463680505752563, 0.14523886144161224)","(0.5350437760353088, 0.7399991154670715, 0.02374335192143917)","(0.5221982598304749, 0.8176424503326416, 0.07863235473632812)","(0.5192617177963257, 0.8056445121765137, 0.12625402212142944)","(0.5211400389671326, 0.7810191512107849, 0.15570326149463654)","(0.5700606107711792, 0.753607988357544, 0.021912094205617905)","(0.5607611536979675, 0.856879472732544, 0.07292933017015457)","(0.5521714687347412, 0.8510865569114685, 0.1264180839061737)","(0.5506318807601929, 0.8220476508140564, 0.1623823195695877)","(0.5997673869132996, 0.7429293990135193, 0.029287802055478096)","(0.5960162878036499, 0.8457260131835938, 0.07212059944868088)","(0.5851595401763916, 0.8372042179107666, 0.11973931640386581)","(0.5822144746780396, 0.8109670281410217, 0.14886833727359772)","(0.6238963603973389, 0.7150475978851318, 0.04148352891206741)","(0.6237860918045044, 0.7966010570526123, 0.07825203984975815)","(0.6102604269981384, 0.7913636565208435, 0.1113387793302536)","(0.6037981510162354, 0.7654816508293152, 0.13691462576389313)",Reach
1666,"(0.5816144943237305, 0.5234740972518921, -5.264349601930007e-05)","(0.5259413719177246, 0.5776280760765076, 0.05716828629374504)","(0.5107640624046326, 0.6539546847343445, 0.09115909785032272)","(0.515163779258728, 0.7197493314743042, 0.12369668483734131)","(0.5255476832389832, 0.7598866820335388, 0.159306138753891)","(0.5250719785690308, 0.7607665061950684, 0.02963344193994999)","(0.5162665843963623, 0.8360843062400818, 0.08931777626276016)","(0.5188708901405334, 0.806928277015686, 0.13626909255981445)","(0.5241245031356812, 0.7728165984153748, 0.16310198605060577)","(0.560245156288147, 0.7745189666748047, 0.022487707436084747)","(0.552156925201416, 0.872771143913269, 0.07984088361263275)","(0.5500789284706116, 0.8547273874282837, 0.13164380192756653)","(0.5516683459281921, 0.8220725655555725, 0.16264590620994568)","(0.5916675329208374, 0.7667765617370605, 0.025945404544472694)","(0.5867437720298767, 0.8663421869277954, 0.07481349259614944)","(0.5813215970993042, 0.8496792316436768, 0.12272771447896957)","(0.5813929438591003, 0.8202400803565979, 0.1484520584344864)","(0.6186872720718384, 0.7427482604980469, 0.03382172808051109)","(0.616169810295105, 0.823166012763977, 0.07483180612325668)","(0.606204628944397, 0.8121688961982727, 0.10946062207221985)","(0.6030328273773193, 0.7843180894851685, 0.13505509495735168)",Reach
1667,"(0.5781787633895874, 0.536607027053833, -4.905311288894154e-05)","(0.523356020450592, 0.5949857831001282, 0.05806035175919533)","(0.5077364444732666, 0.6696208715438843, 0.0917123481631279)","(0.5078258514404297, 0.736835777759552, 0.12279146909713745)","(0.5168473124504089, 0.7795354127883911, 0.1561938375234604)","(0.5215683579444885, 0.7766222953796387, 0.033695537596940994)","(0.5114502310752869, 0.8484594821929932, 0.09595046192407608)","(0.514510989189148, 0.8161608576774597, 0.14461176097393036)","(0.520370364189148, 0.7818585634231567, 0.1724255234003067)","(0.5557927489280701, 0.7903295755386353, 0.025887371972203255)","(0.5467438697814941, 0.8817017078399658, 0.08551868796348572)","(0.5451422929763794, 0.8612343072891235, 0.13757814466953278)","(0.5474929213523865, 0.8297745585441589, 0.1684221774339676)","(0.587104320526123, 0.7830137610435486, 0.02885613404214382)","(0.581719696521759, 0.8744378089904785, 0.08056983351707458)","(0.5773441791534424, 0.8565676212310791, 0.1275956630706787)","(0.5784724354743958, 0.828211784362793, 0.1520594209432602)","(0.6144890189170837, 0.7593875527381897, 0.03621918708086014)","(0.6129719018936157, 0.8344298601150513, 0.07923702895641327)","(0.6036388278007507, 0.823096513748169, 0.1138213723897934)","(0.6000753045082092, 0.796055793762207, 0.1389084756374359)",Reach
1668,"(0.5747318267822266, 0.5424706935882568, -6.281135574681684e-05)","(0.5218660235404968, 0.6074047684669495, 0.05542520433664322)","(0.5077289342880249, 0.6830804944038391, 0.08761656284332275)","(0.507750928401947, 0.7502397298812866, 0.11774566024541855)","(0.5159444212913513, 0.7909952998161316, 0.1504833698272705)","(0.5204114317893982, 0.7856972217559814, 0.027424544095993042)","(0.5132378339767456, 0.8524587750434875, 0.08721014857292175)","(0.5164002776145935, 0.8190635442733765, 0.13363660871982574)","(0.5213472843170166, 0.7864280939102173, 0.1584336757659912)","(0.5545031428337097, 0.796715259552002, 0.018908707424998283)","(0.5488300323486328, 0.8859378099441528, 0.07566700130701065)","(0.5473814010620117, 0.8653185367584229, 0.12636366486549377)","(0.5488796830177307, 0.832538366317749, 0.1561647653579712)","(0.5858861207962036, 0.787326455116272, 0.02145151048898697)","(0.5823618769645691, 0.8795883655548096, 0.0705951526761055)","(0.5777873396873474, 0.8635963201522827, 0.11715923249721527)","(0.5780011415481567, 0.8349441289901733, 0.1409996598958969)","(0.61351478099823, 0.7623472213745117, 0.028393235057592392)","(0.6139421463012695, 0.8419550657272339, 0.06849312782287598)","(0.60476154088974, 0.8356452584266663, 0.10268862545490265)","(0.6003939509391785, 0.8113247752189636, 0.12744155526161194)",Grasp
1669,"(0.5716993808746338, 0.5524850487709045, -6.841614958830178e-05)","(0.5186518430709839, 0.6189900636672974, 0.056785497814416885)","(0.504770040512085, 0.6937901377677917, 0.08826563507318497)","(0.5068687200546265, 0.7590756416320801, 0.11712591350078583)","(0.5171500444412231, 0.7938607335090637, 0.1471983939409256)","(0.5169480443000793, 0.789480984210968, 0.026370903477072716)","(0.5102657079696655, 0.8624898195266724, 0.08267005532979965)","(0.5142820477485657, 0.8291271924972534, 0.12479911744594574)","(0.5193500518798828, 0.7947748303413391, 0.1475325971841812)","(0.5508977174758911, 0.8003854751586914, 0.016758842393755913)","(0.5458977818489075, 0.8905954957008362, 0.07248816639184952)","(0.5463882088661194, 0.8656812906265259, 0.11953530460596085)","(0.5484654307365417, 0.8316566348075867, 0.14576126635074615)","(0.5822544693946838, 0.7927433252334595, 0.018271764740347862)","(0.5797755718231201, 0.8849858045578003, 0.06746454536914825)","(0.5765776634216309, 0.8632192611694336, 0.11065281182527542)","(0.5774987936019897, 0.8312975168228149, 0.13145600259304047)","(0.61005699634552, 0.770931601524353, 0.024201370775699615)","(0.60956871509552, 0.8509483933448792, 0.06531229615211487)","(0.6009891033172607, 0.838250994682312, 0.09915822744369507)","(0.5983059406280518, 0.8096444606781006, 0.12315057218074799)",Grasp
1670,"(0.5702850222587585, 0.5594280958175659, -7.223554712254554e-05)","(0.5171270966529846, 0.6263458728790283, 0.054785553365945816)","(0.5049471855163574, 0.7022150754928589, 0.08655328303575516)","(0.5076221823692322, 0.7671090364456177, 0.11608204245567322)","(0.5181108713150024, 0.8004778623580933, 0.14720965921878815)","(0.5175477266311646, 0.7939627170562744, 0.023157719522714615)","(0.5131838917732239, 0.8636435270309448, 0.08107241988182068)","(0.5153831243515015, 0.8336536884307861, 0.12624399363994598)","(0.5199463367462158, 0.8016044497489929, 0.15008008480072021)","(0.5516537427902222, 0.8031730055809021, 0.015126965008676052)","(0.5472625494003296, 0.8950257301330566, 0.06902879476547241)","(0.5447363257408142, 0.8752308487892151, 0.11934813857078552)","(0.5458782911300659, 0.8421785831451416, 0.14954090118408203)","(0.5826054811477661, 0.7935576438903809, 0.018300969153642654)","(0.5787862539291382, 0.8890531659126282, 0.06442375481128693)","(0.572884738445282, 0.8724753260612488, 0.10926113277673721)","(0.5729838013648987, 0.843187153339386, 0.13248126208782196)","(0.6096411943435669, 0.7690472602844238, 0.02616303786635399)","(0.6084340810775757, 0.8517636060714722, 0.06308513134717941)","(0.5981422066688538, 0.8426445722579956, 0.09561224281787872)","(0.5943872332572937, 0.8155747652053833, 0.11994247138500214)",Grasp
1671,"(0.5690479278564453, 0.5610533952713013, -7.677452958887443e-05)","(0.5140389204025269, 0.6228209733963013, 0.058984868228435516)","(0.5010985136032104, 0.6969255805015564, 0.09113426506519318)","(0.5061318874359131, 0.7587918639183044, 0.12058420479297638)","(0.5173168182373047, 0.7914553880691528, 0.1519063115119934)","(0.5069639682769775, 0.7884931564331055, 0.018820175901055336)","(0.5072340369224548, 0.8627315163612366, 0.07590185850858688)","(0.513795018196106, 0.8340113162994385, 0.12079207599163055)","(0.5194834470748901, 0.802473247051239, 0.14516600966453552)","(0.5417132377624512, 0.8001331686973572, 0.00769270583987236)","(0.5399156212806702, 0.8918361067771912, 0.061653923243284225)","(0.5426254868507385, 0.8665159940719604, 0.11036858707666397)","(0.5449718832969666, 0.8332273364067078, 0.13761590421199799)","(0.5743987560272217, 0.7947465181350708, 0.008284908719360828)","(0.5716851353645325, 0.8864058256149292, 0.05695698410272598)","(0.5698618292808533, 0.8643191456794739, 0.10197747498750687)","(0.5713816285133362, 0.8331815600395203, 0.12256040424108505)","(0.6041116118431091, 0.7766440510749817, 0.013800472021102905)","(0.6009881496429443, 0.8545420169830322, 0.053279656916856766)","(0.5928277373313904, 0.8399983644485474, 0.08725859969854355)","(0.5916265845298767, 0.8108432292938232, 0.11038105189800262)",Grasp
1672,"(0.5672100782394409, 0.5590437650680542, -6.10415663686581e-05)","(0.5154343843460083, 0.6230201721191406, 0.059856973588466644)","(0.5029181838035583, 0.6965515613555908, 0.09088770300149918)","(0.5054262280464172, 0.7577322721481323, 0.11875241249799728)","(0.5155705213546753, 0.789340615272522, 0.14768162369728088)","(0.5080904364585876, 0.7856868505477905, 0.021273070946335793)","(0.51359623670578, 0.858048677444458, 0.0772833302617073)","(0.5200704336166382, 0.8311328887939453, 0.12387750297784805)","(0.5236276388168335, 0.8001038432121277, 0.14978502690792084)","(0.5429667830467224, 0.797498881816864, 0.009542664512991905)","(0.5443305373191833, 0.8889821767807007, 0.0616811066865921)","(0.5459108352661133, 0.8653912544250488, 0.11248131841421127)","(0.5476804971694946, 0.8320478200912476, 0.14165084064006805)","(0.5765143632888794, 0.7903028726577759, 0.009586689993739128)","(0.5750321745872498, 0.8843255639076233, 0.05723785236477852)","(0.5722845792770386, 0.8611986041069031, 0.10461026430130005)","(0.5730340480804443, 0.8279080986976624, 0.12809690833091736)","(0.6070642471313477, 0.7697135210037231, 0.014402116648852825)","(0.6064380407333374, 0.8519067764282227, 0.052751440554857254)","(0.5982734560966492, 0.8384095430374146, 0.08689305186271667)","(0.5952339172363281, 0.8084436058998108, 0.11134089529514313)",Grasp
1673,"(0.5688632726669312, 0.5629364848136902, -5.937658715993166e-05)","(0.5164443850517273, 0.6193625330924988, 0.06274351477622986)","(0.5036255121231079, 0.6896197199821472, 0.09661183506250381)","(0.507563591003418, 0.7504681944847107, 0.12652631103992462)","(0.5175398588180542, 0.7849433422088623, 0.15830031037330627)","(0.5064079761505127, 0.7867113947868347, 0.02966279536485672)","(0.5072879195213318, 0.8593319654464722, 0.08692511171102524)","(0.516309916973114, 0.8338500261306763, 0.13394127786159515)","(0.5221348404884338, 0.8033802509307861, 0.1610054075717926)","(0.5404655337333679, 0.8013405203819275, 0.016241712495684624)","(0.5418967008590698, 0.8927127122879028, 0.06961340457201004)","(0.5470135807991028, 0.8718245625495911, 0.11947935074567795)","(0.5499923229217529, 0.8399717807769775, 0.1484633833169937)","(0.5741507411003113, 0.7960806488990784, 0.014372852630913258)","(0.5747252106666565, 0.8894408941268921, 0.06211695820093155)","(0.5748115181922913, 0.8681393265724182, 0.1081605926156044)","(0.5762126445770264, 0.8360791206359863, 0.13097988069057465)","(0.605920672416687, 0.7763825058937073, 0.017085162922739983)","(0.6068665385246277, 0.8576971888542175, 0.05485525354743004)","(0.6002690196037292, 0.8448673486709595, 0.08772426843643188)","(0.5981158018112183, 0.8151193261146545, 0.11104519665241241)",Grasp
1674,"(0.5716508626937866, 0.561088502407074, -6.0892496549058706e-05)","(0.5181853771209717, 0.6189113855361938, 0.06225543096661568)","(0.5043203234672546, 0.6899223327636719, 0.0957585796713829)","(0.5084055066108704, 0.7507596015930176, 0.12527570128440857)","(0.5194656252861023, 0.7832768559455872, 0.15623146295547485)","(0.5074559450149536, 0.783434271812439, 0.02767893485724926)","(0.5135819315910339, 0.8578307032585144, 0.08468490093946457)","(0.5225797295570374, 0.8333789110183716, 0.13412736356258392)","(0.5268189311027527, 0.8037053346633911, 0.16255393624305725)","(0.5417259931564331, 0.798884928226471, 0.013517706654965878)","(0.5446823835372925, 0.8928589820861816, 0.06557320803403854)","(0.549470841884613, 0.8717748522758484, 0.11645099520683289)","(0.552376925945282, 0.8399708271026611, 0.14611181616783142)","(0.5761774778366089, 0.7938990592956543, 0.010776856914162636)","(0.5771706700325012, 0.8904905915260315, 0.05650212988257408)","(0.5773482322692871, 0.8674687147140503, 0.10319028049707413)","(0.5790119767189026, 0.8340162634849548, 0.1270776242017746)","(0.6088081002235413, 0.7741667032241821, 0.012871631421148777)","(0.6101894974708557, 0.8578889966011047, 0.047148916870355606)","(0.603847324848175, 0.8435019254684448, 0.07876867055892944)","(0.6012464761734009, 0.8121383786201477, 0.10193078964948654)",Grasp
1675,"(0.5739747285842896, 0.5617169737815857, -7.126388663891703e-05)","(0.5206784009933472, 0.6210538744926453, 0.06461913138628006)","(0.5060981512069702, 0.6903169751167297, 0.09751558303833008)","(0.5094472765922546, 0.7518736720085144, 0.12629114091396332)","(0.5198819041252136, 0.7874990701675415, 0.15678536891937256)","(0.5070583820343018, 0.7850196361541748, 0.025952832773327827)","(0.5107799172401428, 0.8640188574790955, 0.08252263069152832)","(0.5216407775878906, 0.8390634655952454, 0.13264474272727966)","(0.5271484851837158, 0.8081479668617249, 0.1631179302930832)","(0.5412679314613342, 0.8006865978240967, 0.010213061235845089)","(0.544355571269989, 0.8944219350814819, 0.062457092106342316)","(0.5512065291404724, 0.8727437853813171, 0.11326298862695694)","(0.553896963596344, 0.841582715511322, 0.14257824420928955)","(0.5758137106895447, 0.79530930519104, 0.006491269450634718)","(0.5774797201156616, 0.8911241292953491, 0.052937015891075134)","(0.5790890455245972, 0.8691118955612183, 0.10013031214475632)","(0.5805878043174744, 0.8373812437057495, 0.12416164577007294)","(0.6088637709617615, 0.7750046253204346, 0.007707536686211824)","(0.6105102300643921, 0.8581568002700806, 0.04434498772025108)","(0.6048217415809631, 0.8438597321510315, 0.07710092514753342)","(0.6024743318557739, 0.81365966796875, 0.10028370469808578)",Grasp
1676,"(0.5764901638031006, 0.5596245527267456, -7.701411232119426e-05)","(0.5220134854316711, 0.617578387260437, 0.0649767518043518)","(0.5066605806350708, 0.6857637166976929, 0.09782591462135315)","(0.5099515914916992, 0.7468937635421753, 0.1265127956867218)","(0.5206688642501831, 0.781779408454895, 0.15706545114517212)","(0.5076979994773865, 0.7833065390586853, 0.025118621066212654)","(0.5120126008987427, 0.864729642868042, 0.08194423466920853)","(0.522896409034729, 0.8391751646995544, 0.13277167081832886)","(0.5279232859611511, 0.8071355223655701, 0.1635463684797287)","(0.5427577495574951, 0.8001224994659424, 0.009637649171054363)","(0.5459989309310913, 0.894267201423645, 0.0620359405875206)","(0.5528197884559631, 0.871640682220459, 0.1131911426782608)","(0.5553883910179138, 0.8398516178131104, 0.14223815500736237)","(0.5777605175971985, 0.7951875925064087, 0.0064062210731208324)","(0.5789116621017456, 0.8911527991294861, 0.05351170897483826)","(0.5803881883621216, 0.8687353134155273, 0.10164065659046173)","(0.5817177295684814, 0.8363784551620483, 0.1257602572441101)","(0.61107337474823, 0.7747788429260254, 0.00816247146576643)","(0.6120856404304504, 0.8573834300041199, 0.04618869349360466)","(0.6060829758644104, 0.8430265188217163, 0.07963606715202332)","(0.6035295724868774, 0.8130865693092346, 0.10279907286167145)",Grasp
1677,"(0.5773426294326782, 0.5615484118461609, -6.513901462312788e-05)","(0.5234888195991516, 0.6162072420120239, 0.06866118311882019)","(0.5089934468269348, 0.6831278204917908, 0.10349118709564209)","(0.5116041898727417, 0.7420651912689209, 0.13304132223129272)","(0.5207470655441284, 0.7775586843490601, 0.16523347795009613)","(0.5085639357566833, 0.7853561043739319, 0.030748067423701286)","(0.5107373595237732, 0.8664024472236633, 0.08844562619924545)","(0.5217005610466003, 0.8463296890258789, 0.14097242057323456)","(0.5280523300170898, 0.8177102208137512, 0.1735885739326477)","(0.5436367392539978, 0.802284300327301, 0.013877278193831444)","(0.5454421043395996, 0.8971436023712158, 0.06658043712377548)","(0.5520767569541931, 0.876306414604187, 0.11970212310552597)","(0.5552241802215576, 0.8454015254974365, 0.1510564684867859)","(0.5790356397628784, 0.7978256344795227, 0.009172705002129078)","(0.5801504850387573, 0.892092764377594, 0.05736054107546806)","(0.5815895199775696, 0.8706821203231812, 0.1073698177933693)","(0.5828360319137573, 0.8400828838348389, 0.13359802961349487)","(0.6129018068313599, 0.7777392864227295, 0.00934392400085926)","(0.6145862340927124, 0.857852041721344, 0.048597417771816254)","(0.608524739742279, 0.8431294560432434, 0.08283130079507828)","(0.6054065823554993, 0.8139968514442444, 0.10655586421489716)",Grasp
1678,"(0.579622209072113, 0.5596076846122742, -7.224606088129804e-05)","(0.5250235199928284, 0.6162714958190918, 0.06610089540481567)","(0.5095787644386292, 0.6853448152542114, 0.09841101616621017)","(0.5128227472305298, 0.7460657358169556, 0.12658657133579254)","(0.523352861404419, 0.781749963760376, 0.15706031024456024)","(0.5117173790931702, 0.7856295704841614, 0.018912939354777336)","(0.5151798129081726, 0.8798068165779114, 0.07461961358785629)","(0.5251824855804443, 0.858571469783783, 0.1294928640127182)","(0.5305246710777283, 0.8268744945526123, 0.16550610959529877)","(0.5469684600830078, 0.7999898195266724, 0.0029546746518462896)","(0.5492504239082336, 0.896351158618927, 0.05668507516384125)","(0.5548912286758423, 0.8727589845657349, 0.11184107512235641)","(0.5570930242538452, 0.8425120115280151, 0.1428886204957962)","(0.5822884440422058, 0.793566107749939, -0.0004278019187040627)","(0.5820189118385315, 0.8889884948730469, 0.04796939715743065)","(0.5821285247802734, 0.8652552366256714, 0.09943865239620209)","(0.5829072594642639, 0.8335087895393372, 0.12619447708129883)","(0.6155951023101807, 0.773668110370636, 0.001483528409153223)","(0.6151033639907837, 0.8556223511695862, 0.04151541739702225)","(0.6090784072875977, 0.8401500582695007, 0.07774867862462997)","(0.6071972250938416, 0.8111816048622131, 0.10295496881008148)",Grasp
1679,"(0.5813626646995544, 0.5563299655914307, -7.780179294059053e-05)","(0.5270830392837524, 0.616875171661377, 0.0662623792886734)","(0.5111165642738342, 0.6868981122970581, 0.09619598835706711)","(0.515912652015686, 0.7477826476097107, 0.12186959385871887)","(0.5265299677848816, 0.7815930843353271, 0.1478400081396103)","(0.5114943981170654, 0.7823523283004761, 0.00915773306041956)","(0.5184037685394287, 0.8845881819725037, 0.06461119651794434)","(0.5273954272270203, 0.8635861873626709, 0.11719153821468353)","(0.5314620137214661, 0.8292943239212036, 0.1503293663263321)","(0.547817587852478, 0.7955455780029297, -0.006974280346184969)","(0.5550281405448914, 0.8825631737709045, 0.054268959909677505)","(0.5601423382759094, 0.8502748608589172, 0.1062072217464447)","(0.5605531334877014, 0.8176799416542053, 0.12826605141162872)","(0.5835856199264526, 0.7895143628120422, -0.009562917053699493)","(0.5871167778968811, 0.8716588616371155, 0.04675346240401268)","(0.5866506099700928, 0.8426820039749146, 0.09295179694890976)","(0.58620285987854, 0.8107703328132629, 0.110169917345047)","(0.6167393326759338, 0.7728745341300964, -0.006982478778809309)","(0.6164426803588867, 0.8476690649986267, 0.039580073207616806)","(0.6111608743667603, 0.8277512192726135, 0.0739138200879097)","(0.6099501848220825, 0.7981722950935364, 0.09267283231019974)",Grasp
1680,"(0.5833674073219299, 0.5475721955299377, -8.64376561366953e-05)","(0.5274927020072937, 0.6088616847991943, 0.057140473276376724)","(0.5108280181884766, 0.6830339431762695, 0.08531883358955383)","(0.5166621208190918, 0.7472816705703735, 0.11221939325332642)","(0.5269315242767334, 0.7830108404159546, 0.13923050463199615)","(0.5166531205177307, 0.7809427976608276, -0.006893678102642298)","(0.5230040550231934, 0.8822515606880188, 0.05109693855047226)","(0.5282973647117615, 0.8568449020385742, 0.10710269957780838)","(0.5315058827400208, 0.8191428184509277, 0.1416209489107132)","(0.5537965893745422, 0.7932034730911255, -0.01633911207318306)","(0.5592976808547974, 0.8721556663513184, 0.05133967101573944)","(0.5599587559700012, 0.8346790671348572, 0.10467729717493057)","(0.5589749217033386, 0.8003574013710022, 0.12285556644201279)","(0.5891728401184082, 0.786806046962738, -0.012490424327552319)","(0.5896112322807312, 0.8566645383834839, 0.05038989335298538)","(0.5852391123771667, 0.8268538117408752, 0.09425130486488342)","(0.5846291184425354, 0.7960153222084045, 0.10665301233530045)","(0.620599091053009, 0.770632803440094, -0.004071056842803955)","(0.616530179977417, 0.8350677490234375, 0.046667374670505524)","(0.6090338230133057, 0.8144018054008484, 0.07965193688869476)","(0.6076265573501587, 0.7870983481407166, 0.09512419998645782)",Grasp
1681,"(0.5874984860420227, 0.5432642698287964, -7.035986345726997e-05)","(0.531663179397583, 0.5962451696395874, 0.04878054931759834)","(0.5144830942153931, 0.6734966039657593, 0.07711871713399887)","(0.5171500444412231, 0.7427948713302612, 0.10596799105405807)","(0.5239260792732239, 0.784629225730896, 0.1354532688856125)","(0.5237802863121033, 0.7750576734542847, -0.005137262400239706)","(0.5248841047286987, 0.8805390000343323, 0.050568584352731705)","(0.5250605344772339, 0.8680367469787598, 0.10933057218790054)","(0.5259881019592285, 0.8369461297988892, 0.1495731770992279)","(0.5603017210960388, 0.7875952124595642, -0.008945032022893429)","(0.5591520667076111, 0.8723316192626953, 0.05714167654514313)","(0.5557074546813965, 0.840864360332489, 0.11400876194238663)","(0.554519534111023, 0.809367835521698, 0.1388859897851944)","(0.5937941670417786, 0.7802762389183044, -0.0016260715201497078)","(0.5885694622993469, 0.854128897190094, 0.05762283131480217)","(0.5811371803283691, 0.8283551335334778, 0.10395186394453049)","(0.5806341767311096, 0.7986266613006592, 0.12170981615781784)","(0.6224660277366638, 0.7627137899398804, 0.010039998218417168)","(0.6161665320396423, 0.8294978141784668, 0.05863754078745842)","(0.6065754294395447, 0.8131418228149414, 0.09257616847753525)","(0.6039609313011169, 0.7865319848060608, 0.11205535382032394)",Grasp
1682,"(0.5905300974845886, 0.5411165952682495, -7.239703700179234e-05)","(0.5323480367660522, 0.5932223796844482, 0.037058454006910324)","(0.5144168138504028, 0.6742677688598633, 0.06293872743844986)","(0.5178114771842957, 0.7456148266792297, 0.09259947389364243)","(0.5239595770835876, 0.7898980975151062, 0.12382534891366959)","(0.529470682144165, 0.7717589139938354, -0.01737433858215809)","(0.5257556438446045, 0.8804261088371277, 0.03698060289025307)","(0.5207602977752686, 0.8694377541542053, 0.09674226492643356)","(0.520286500453949, 0.8415747284889221, 0.13775764405727386)","(0.5663548707962036, 0.7841939330101013, -0.013424107804894447)","(0.5584423542022705, 0.8731604814529419, 0.051110073924064636)","(0.5504472851753235, 0.8430473208427429, 0.10994904488325119)","(0.5487260818481445, 0.8119170069694519, 0.13795602321624756)","(0.5984928607940674, 0.7767806053161621, 0.0004237087268847972)","(0.5865303874015808, 0.8539491891860962, 0.057135388255119324)","(0.5757193565368652, 0.8289021253585815, 0.1022631973028183)","(0.5754855275154114, 0.7986669540405273, 0.1212601438164711)","(0.6248277425765991, 0.758934497833252, 0.018257087096571922)","(0.6143863201141357, 0.8271977305412292, 0.06216476857662201)","(0.6025029420852661, 0.8133609294891357, 0.09404004365205765)","(0.5994629859924316, 0.7864887118339539, 0.1134304404258728)",Grasp
1683,"(0.5974690914154053, 0.5338948965072632, -8.522037387592718e-05)","(0.5367358922958374, 0.5853177905082703, 0.03376145288348198)","(0.5153507590293884, 0.6684699654579163, 0.05823210999369621)","(0.5168091058731079, 0.7433534860610962, 0.08767971396446228)","(0.5233801007270813, 0.7892102599143982, 0.11986762285232544)","(0.5354543328285217, 0.7712783217430115, -0.01707119308412075)","(0.5268727540969849, 0.8740761876106262, 0.04141601175069809)","(0.5228350758552551, 0.8495752811431885, 0.10073626041412354)","(0.5252140760421753, 0.8142401576042175, 0.13980337977409363)","(0.572119951248169, 0.7829234004020691, -0.01149823796004057)","(0.559119701385498, 0.8720196485519409, 0.055258553475141525)","(0.5513204336166382, 0.8409200310707092, 0.11526753008365631)","(0.5513533353805542, 0.8093929290771484, 0.14275296032428741)","(0.6035582423210144, 0.774242639541626, 0.003830825677141547)","(0.5877797603607178, 0.8550851345062256, 0.06059904769062996)","(0.5769500732421875, 0.8305037021636963, 0.10822935402393341)","(0.577579915523529, 0.7993242740631104, 0.128351092338562)","(0.6292279362678528, 0.7550817728042603, 0.02298719249665737)","(0.6162365674972534, 0.8249244689941406, 0.0668983906507492)","(0.6048227548599243, 0.8110440969467163, 0.10075411200523376)","(0.6029180288314819, 0.7837507724761963, 0.12092661112546921)",Grasp
1684,"(0.6022284030914307, 0.5259392261505127, -7.838127203285694e-05)","(0.5409510135650635, 0.5786142945289612, 0.022571031004190445)","(0.519910454750061, 0.6644005179405212, 0.043502241373062134)","(0.5219642519950867, 0.7415220141410828, 0.07189638912677765)","(0.5296547412872314, 0.7868572473526001, 0.10269578546285629)","(0.5441120266914368, 0.7669359445571899, -0.021810472011566162)","(0.528719961643219, 0.8657607436180115, 0.03461744636297226)","(0.5202051401138306, 0.8406491279602051, 0.08881981670856476)","(0.5223153829574585, 0.8054919242858887, 0.12300073355436325)","(0.5804064869880676, 0.7777324914932251, -0.01024133525788784)","(0.563220739364624, 0.8670470118522644, 0.05550985410809517)","(0.5526332259178162, 0.8369171023368835, 0.1124643012881279)","(0.5519372820854187, 0.8057622313499451, 0.13835525512695312)","(0.6094942688941956, 0.7678964734077454, 0.010101987980306149)","(0.5915448069572449, 0.8517115116119385, 0.06344618648290634)","(0.5775735378265381, 0.8277901411056519, 0.10755595564842224)","(0.5763841271400452, 0.7967064380645752, 0.12621118128299713)","(0.6320061683654785, 0.7466387748718262, 0.03323084115982056)","(0.6178134679794312, 0.818253755569458, 0.07301724702119827)","(0.6043727397918701, 0.8069590926170349, 0.10342546552419662)","(0.601331889629364, 0.7819637656211853, 0.12200512737035751)",Grasp
1685,"(0.6038344502449036, 0.5276191234588623, -9.098857844946906e-05)","(0.5440491437911987, 0.5767208337783813, 0.026111813262104988)","(0.5240339636802673, 0.6615847945213318, 0.05022362619638443)","(0.5276550054550171, 0.7385891675949097, 0.08119037002325058)","(0.5354108214378357, 0.7837023138999939, 0.11538562923669815)","(0.5472190976142883, 0.7653989195823669, -0.0141170434653759)","(0.532086193561554, 0.8659365177154541, 0.0393185093998909)","(0.521630048751831, 0.8543563485145569, 0.09215745329856873)","(0.5205224752426147, 0.8286219835281372, 0.1273496448993683)","(0.58327716588974, 0.7759235501289368, -0.0036587323993444443)","(0.5650537014007568, 0.8708323240280151, 0.05749298632144928)","(0.5513458847999573, 0.8480324149131775, 0.11349750310182571)","(0.548117458820343, 0.8198301792144775, 0.14189481735229492)","(0.6117461919784546, 0.7666109204292297, 0.015364241786301136)","(0.5926171541213989, 0.8546569347381592, 0.06497614085674286)","(0.5770626664161682, 0.8334838151931763, 0.10962697863578796)","(0.574159562587738, 0.8034551739692688, 0.13150405883789062)","(0.6334277987480164, 0.7462721467018127, 0.0372609943151474)","(0.6185567378997803, 0.82056725025177, 0.07619629055261612)","(0.6040022373199463, 0.8108769655227661, 0.10785073041915894)","(0.5997171401977539, 0.7858808040618896, 0.12949542701244354)",Grasp
1686,"(0.6043705940246582, 0.5289959907531738, -8.348258415935561e-05)","(0.5467079877853394, 0.5748664736747742, 0.031369809061288834)","(0.5296533703804016, 0.6568427681922913, 0.0580199770629406)","(0.5358374118804932, 0.7271413803100586, 0.09064063429832458)","(0.542485773563385, 0.7697171568870544, 0.12640129029750824)","(0.5441163778305054, 0.7642711997032166, -0.014384051784873009)","(0.5305809378623962, 0.8625802993774414, 0.03958508372306824)","(0.5232724547386169, 0.853972315788269, 0.09444799274206161)","(0.523277759552002, 0.8300790190696716, 0.13120229542255402)","(0.580254077911377, 0.776064932346344, -0.006274711806327105)","(0.5643718242645264, 0.8690983653068542, 0.0552440769970417)","(0.5538192391395569, 0.8449558615684509, 0.11260700225830078)","(0.5517556667327881, 0.8165872693061829, 0.14144068956375122)","(0.6105612516403198, 0.7670013308525085, 0.010977639816701412)","(0.593761682510376, 0.8531717658042908, 0.06249695643782616)","(0.5808578729629517, 0.8292412161827087, 0.10892720520496368)","(0.5797037482261658, 0.7984213829040527, 0.1303335726261139)","(0.6349225640296936, 0.7463080883026123, 0.03162696212530136)","(0.6220273375511169, 0.8185362219810486, 0.07192856818437576)","(0.6091243028640747, 0.8063621520996094, 0.10427702218294144)","(0.6062330007553101, 0.7796121835708618, 0.12562295794487)",Grasp
1687,"(0.6031628847122192, 0.5270664691925049, -6.51920709060505e-05)","(0.5456854701042175, 0.5788924694061279, 0.03571024537086487)","(0.5302295684814453, 0.6601412296295166, 0.06396963447332382)","(0.5371148586273193, 0.7298497557640076, 0.09675857424736023)","(0.544384241104126, 0.7724466919898987, 0.1318301260471344)","(0.5428664684295654, 0.7655143737792969, -0.013827254995703697)","(0.5286144018173218, 0.8564720153808594, 0.045425791293382645)","(0.5248972177505493, 0.829339861869812, 0.09950429946184158)","(0.529380738735199, 0.794104814529419, 0.1313544064760208)","(0.5784446001052856, 0.7752030491828918, -0.008528015576303005)","(0.562987208366394, 0.8609914779663086, 0.05948970839381218)","(0.5555588006973267, 0.8307499885559082, 0.11480817198753357)","(0.5560987591743469, 0.7996005415916443, 0.13945084810256958)","(0.6091762781143188, 0.7661170959472656, 0.006933564320206642)","(0.5943854451179504, 0.8491400480270386, 0.06333354860544205)","(0.584312379360199, 0.8222395181655884, 0.10837291926145554)","(0.5846642851829529, 0.7891966700553894, 0.1264522522687912)","(0.6351916193962097, 0.7465566396713257, 0.026273339986801147)","(0.6243310570716858, 0.820137619972229, 0.06793711334466934)","(0.6133098602294922, 0.8061634302139282, 0.10091628134250641)","(0.6115445494651794, 0.7775216102600098, 0.12140154838562012)",Grasp
1688,"(0.604278028011322, 0.5252817869186401, -5.82565444346983e-05)","(0.5468649864196777, 0.5755282640457153, 0.03163740783929825)","(0.5302353501319885, 0.654906153678894, 0.05627036839723587)","(0.5363231301307678, 0.7272079586982727, 0.0861833468079567)","(0.5433540940284729, 0.7711156010627747, 0.11871404945850372)","(0.5438635945320129, 0.76046222448349, -0.017025135457515717)","(0.5259240865707397, 0.8484734296798706, 0.03882656246423721)","(0.5212302207946777, 0.8224083781242371, 0.08944933861494064)","(0.5254513025283813, 0.7886279225349426, 0.11923285573720932)","(0.5797399282455444, 0.772646427154541, -0.010795076377689838)","(0.5625942945480347, 0.855157196521759, 0.05463182553648949)","(0.5553607940673828, 0.8227230310440063, 0.10720262676477432)","(0.5561509728431702, 0.7906284928321838, 0.13053473830223083)","(0.6102182865142822, 0.7643989324569702, 0.005751792341470718)","(0.5952209830284119, 0.8464255928993225, 0.0601130947470665)","(0.5851458311080933, 0.8179875016212463, 0.10309796780347824)","(0.585449755191803, 0.7848196625709534, 0.12020958960056305)","(0.6358656883239746, 0.7439756393432617, 0.025640491396188736)","(0.625359058380127, 0.8194190263748169, 0.06631188094615936)","(0.6143806576728821, 0.8051506280899048, 0.09753404557704926)","(0.6126149892807007, 0.7757359147071838, 0.11735564470291138)",Grasp
1689,"(0.6042410731315613, 0.5309010744094849, -6.794645014451817e-05)","(0.5468382239341736, 0.5799279808998108, 0.0323949009180069)","(0.5298846364021301, 0.6600745916366577, 0.05615545064210892)","(0.5372878909111023, 0.7339762449264526, 0.0855940654873848)","(0.5454555153846741, 0.7773851156234741, 0.11791180819272995)","(0.5456225275993347, 0.7657074332237244, -0.019487645477056503)","(0.5250619053840637, 0.849250078201294, 0.03879693150520325)","(0.5237665176391602, 0.8139857053756714, 0.08907092362642288)","(0.5307286977767944, 0.776883602142334, 0.1174873560667038)","(0.5814006328582764, 0.778709352016449, -0.013998772948980331)","(0.5612346529960632, 0.8574994802474976, 0.05274393409490585)","(0.556059718132019, 0.8200783133506775, 0.10206282138824463)","(0.5586965680122375, 0.7862069606781006, 0.12163092941045761)","(0.6118730306625366, 0.7713533043861389, 0.0020423755049705505)","(0.5928560495376587, 0.8497133255004883, 0.0586848221719265)","(0.5851932764053345, 0.8185926675796509, 0.09833534061908722)","(0.5877352952957153, 0.7855437397956848, 0.11156591773033142)","(0.6376715898513794, 0.751811146736145, 0.02113930694758892)","(0.6229873299598694, 0.8236868381500244, 0.06574992835521698)","(0.6142286062240601, 0.8047128915786743, 0.09681827574968338)","(0.6156491637229919, 0.7747617363929749, 0.11446128785610199)",Grasp
1690,"(0.6036696434020996, 0.5335427522659302, -6.361953273881227e-05)","(0.5472535490989685, 0.5854408740997314, 0.0288198534399271)","(0.5319870710372925, 0.6643737554550171, 0.050603751093149185)","(0.5403773784637451, 0.7350116968154907, 0.0791102945804596)","(0.5495607256889343, 0.776497483253479, 0.1097833439707756)","(0.5484752655029297, 0.7662965655326843, -0.02724906988441944)","(0.523175835609436, 0.8459867238998413, 0.029186267405748367)","(0.5196476578712463, 0.8110166192054749, 0.07796396315097809)","(0.52614825963974, 0.7766179442405701, 0.10369398444890976)","(0.5841154456138611, 0.7784790992736816, -0.01934080570936203)","(0.5594332814216614, 0.85456383228302, 0.046620629727840424)","(0.5527225136756897, 0.8172755837440491, 0.09546906501054764)","(0.5560300946235657, 0.7842411994934082, 0.11441134661436081)","(0.6139017343521118, 0.7707658410072327, -0.0007976132910698652)","(0.59178227186203, 0.8483420014381409, 0.055042147636413574)","(0.5825552344322205, 0.8170281052589417, 0.09304774552583694)","(0.5854557752609253, 0.7845522165298462, 0.10546137392520905)","(0.6383927464485168, 0.7507433891296387, 0.020909832790493965)","(0.6220938563346863, 0.8223720788955688, 0.06415261328220367)","(0.6124183535575867, 0.8050302863121033, 0.09391295909881592)","(0.6136178970336914, 0.7766739130020142, 0.11140359193086624)",Grasp
1691,"(0.6015333533287048, 0.5354304313659668, -6.841905269538984e-05)","(0.5450642704963684, 0.5879290699958801, 0.028747249394655228)","(0.5303776264190674, 0.6682754755020142, 0.049520544707775116)","(0.5397050380706787, 0.7396634817123413, 0.07656607031822205)","(0.5478104948997498, 0.7798076272010803, 0.10499908030033112)","(0.5478273630142212, 0.7670190334320068, -0.029871346428990364)","(0.5213671922683716, 0.8432609438896179, 0.02679314650595188)","(0.5202659368515015, 0.8044992089271545, 0.07361225038766861)","(0.5287051796913147, 0.7687370777130127, 0.0964403748512268)","(0.5831493735313416, 0.7790800333023071, -0.023647960275411606)","(0.5582788586616516, 0.84645015001297, 0.04212416708469391)","(0.554636538028717, 0.8079455494880676, 0.08549562096595764)","(0.5601401329040527, 0.7751712203025818, 0.09872020781040192)","(0.612914502620697, 0.7718046307563782, -0.007001074030995369)","(0.5905632972717285, 0.8421258926391602, 0.050046466290950775)","(0.5834043622016907, 0.8101248741149902, 0.08281312882900238)","(0.5877248644828796, 0.7778968214988708, 0.08965407311916351)","(0.637431263923645, 0.7525601387023926, 0.012889008969068527)","(0.621171236038208, 0.8220313787460327, 0.05610712245106697)","(0.6127925515174866, 0.8034600019454956, 0.08315098285675049)","(0.6147834658622742, 0.7741371989250183, 0.0970277488231659)",Grasp
1692,"(0.6021508574485779, 0.5327890515327454, -8.095626253634691e-05)","(0.5432520508766174, 0.5864993333816528, 0.02238760143518448)","(0.5283674001693726, 0.6691374778747559, 0.040335290133953094)","(0.5399117469787598, 0.7421962022781372, 0.0657867044210434)","(0.5502216815948486, 0.7791488170623779, 0.09490044414997101)","(0.5517941117286682, 0.7664464116096497, -0.035969290882349014)","(0.5210111737251282, 0.8372728824615479, 0.01900951750576496)","(0.5205803513526917, 0.7888769507408142, 0.061869822442531586)","(0.5321719646453857, 0.7522090673446655, 0.07955232262611389)","(0.5865834951400757, 0.7770017981529236, -0.02720940113067627)","(0.5555639266967773, 0.8391456604003906, 0.032728567719459534)","(0.5515925288200378, 0.7986186742782593, 0.06994432955980301)","(0.5603028535842896, 0.7642959952354431, 0.07904276996850967)","(0.6149674654006958, 0.7692679762840271, -0.00856473296880722)","(0.5874395966529846, 0.8370440602302551, 0.044217828661203384)","(0.5808043479919434, 0.8046630024909973, 0.07199985533952713)","(0.5877014398574829, 0.7719295024871826, 0.07574677467346191)","(0.6380050182342529, 0.7501696944236755, 0.01263910811394453)","(0.6187627911567688, 0.8208532333374023, 0.05301583558320999)","(0.6106745004653931, 0.8027198910713196, 0.07661160081624985)","(0.6140407919883728, 0.7725166082382202, 0.08771299570798874)",Grasp
1693,"(0.6043607592582703, 0.5366042852401733, -7.41341573302634e-05)","(0.5442483425140381, 0.5865743160247803, 0.01746661588549614)","(0.5283240079879761, 0.6688052415847778, 0.03376312181353569)","(0.5373414754867554, 0.7431134581565857, 0.05868227034807205)","(0.5473225116729736, 0.7814099788665771, 0.08747761696577072)","(0.5580838918685913, 0.7676154971122742, -0.03626135736703873)","(0.5218921303749084, 0.8325931429862976, 0.018127236515283585)","(0.5192632675170898, 0.7852575182914734, 0.06109651178121567)","(0.5314235091209412, 0.7505388855934143, 0.07948566228151321)","(0.5926390290260315, 0.7791466116905212, -0.02462516538798809)","(0.5556797385215759, 0.8397420644760132, 0.0351337231695652)","(0.5505176782608032, 0.7980843782424927, 0.07163000106811523)","(0.5607082843780518, 0.7635026574134827, 0.08128077536821365)","(0.6196433901786804, 0.7720259428024292, -0.003874273505061865)","(0.5874074101448059, 0.8378733396530151, 0.04943758621811867)","(0.5802246332168579, 0.8056492805480957, 0.07582361251115799)","(0.5878067016601562, 0.7738579511642456, 0.07925675809383392)","(0.6400057673454285, 0.7526089549064636, 0.018770160153508186)","(0.6173112988471985, 0.8179973363876343, 0.06031719967722893)","(0.6098556518554688, 0.7991081476211548, 0.08255844563245773)","(0.6147623062133789, 0.7705574035644531, 0.09275121241807938)",Grasp
1694,"(0.6041591763496399, 0.5493254661560059, -8.307566895382479e-05)","(0.5444628000259399, 0.5919113755226135, 0.018655972555279732)","(0.5292051434516907, 0.6726053357124329, 0.03450416773557663)","(0.540274977684021, 0.7454214096069336, 0.058973200619220734)","(0.5514335036277771, 0.7825876474380493, 0.08788946270942688)","(0.5545194149017334, 0.767859697341919, -0.03850310668349266)","(0.5216580033302307, 0.836281955242157, 0.01580316387116909)","(0.5216159820556641, 0.7925755381584167, 0.06075248867273331)","(0.5333697199821472, 0.7581005096435547, 0.08240225166082382)","(0.5898337960243225, 0.7814958691596985, -0.027822552248835564)","(0.5552148222923279, 0.8523315191268921, 0.029737720265984535)","(0.5504200458526611, 0.8146978616714478, 0.0680742859840393)","(0.5588716268539429, 0.7806645631790161, 0.07950997352600098)","(0.6185348033905029, 0.7759808301925659, -0.007993118837475777)","(0.5872790813446045, 0.8506004810333252, 0.04580705985426903)","(0.5806014537811279, 0.8204098343849182, 0.07522830367088318)","(0.5875309109687805, 0.7901320457458496, 0.08061763644218445)","(0.6404215693473816, 0.7576255202293396, 0.013994038105010986)","(0.6163367629051208, 0.8255046010017395, 0.059154048562049866)","(0.6093966364860535, 0.8052076101303101, 0.08426178246736526)","(0.6158176064491272, 0.7771008014678955, 0.09523559361696243)",Grasp
1695,"(0.6021536588668823, 0.5512990951538086, -7.587364234495908e-05)","(0.544735848903656, 0.5931341648101807, 0.023341849446296692)","(0.528522253036499, 0.6705276966094971, 0.04192890226840973)","(0.5349735617637634, 0.7423865795135498, 0.06760348379611969)","(0.5407382249832153, 0.7878544926643372, 0.0961979478597641)","(0.5491750836372375, 0.767402708530426, -0.029007991775870323)","(0.5209096074104309, 0.8409696817398071, 0.023316407576203346)","(0.5169396996498108, 0.8116351366043091, 0.06773822009563446)","(0.5226802825927734, 0.7837758660316467, 0.09068387746810913)","(0.5849902629852295, 0.7787253260612488, -0.01986347883939743)","(0.5556461215019226, 0.856139600276947, 0.042993489652872086)","(0.5479744672775269, 0.8248486518859863, 0.09231039881706238)","(0.5512782335281372, 0.7951192855834961, 0.11280310153961182)","(0.6146327257156372, 0.7711748480796814, -0.0017736669396981597)","(0.5890262126922607, 0.852634847164154, 0.05145077779889107)","(0.5792497396469116, 0.8263137936592102, 0.08918709307909012)","(0.5820760726928711, 0.7968862056732178, 0.1027754545211792)","(0.6384961605072021, 0.7503392100334167, 0.01902857981622219)","(0.6214816570281982, 0.8235532641410828, 0.05997597053647041)","(0.6112707257270813, 0.8088991641998291, 0.08841687440872192)","(0.6119958162307739, 0.7812166810035706, 0.10485191643238068)",Grasp
1696,"(0.6047568917274475, 0.5481352210044861, -8.820191578706726e-05)","(0.5455990433692932, 0.5930346250534058, 0.014529133215546608)","(0.5286169648170471, 0.6742811799049377, 0.0264599546790123)","(0.5365692377090454, 0.7492162585258484, 0.047885712236166)","(0.5447192192077637, 0.7912958264350891, 0.07352292537689209)","(0.5520497560501099, 0.7686616778373718, -0.04867864027619362)","(0.5223951935768127, 0.8412543535232544, 0.004291064105927944)","(0.5205616354942322, 0.7962732315063477, 0.05078895390033722)","(0.5299118757247925, 0.7626993060112, 0.07320607453584671)","(0.588050365447998, 0.7798517346382141, -0.035955723375082016)","(0.5556294918060303, 0.8508954048156738, 0.023552846163511276)","(0.5496588945388794, 0.8116379380226135, 0.06711128354072571)","(0.5574147701263428, 0.7800747752189636, 0.08191287517547607)","(0.6171605587005615, 0.7721524238586426, -0.01422192808240652)","(0.5871210694313049, 0.8464065194129944, 0.039421189576387405)","(0.5791052579879761, 0.8126801252365112, 0.07218916714191437)","(0.5858091115951538, 0.7802110314369202, 0.07984635978937149)","(0.6402009725570679, 0.7524754405021667, 0.009927433915436268)","(0.6169283390045166, 0.8231296539306641, 0.05341755598783493)","(0.6082330942153931, 0.8007751107215881, 0.0788315162062645)","(0.6134743094444275, 0.7696213722229004, 0.0915064886212349)",Grasp
1697,"(0.6035826206207275, 0.5491523146629333, -7.878385804360732e-05)","(0.5467008948326111, 0.5899137258529663, 0.019427167251706123)","(0.5295692086219788, 0.6710967421531677, 0.03304605931043625)","(0.5370715260505676, 0.7458716630935669, 0.054338257759809494)","(0.5421306490898132, 0.7925110459327698, 0.07794761657714844)","(0.5491213202476501, 0.762572705745697, -0.03633863478899002)","(0.5219243168830872, 0.840660572052002, 0.012299510650336742)","(0.5144879817962646, 0.8258969783782959, 0.056046102195978165)","(0.5153374075889587, 0.8064974546432495, 0.08066964894533157)","(0.5858527421951294, 0.7740077376365662, -0.027009420096874237)","(0.5575190186500549, 0.8533215522766113, 0.032706014811992645)","(0.5486573576927185, 0.8243888020515442, 0.08134589344263077)","(0.5507665872573853, 0.7955953478813171, 0.10225561261177063)","(0.6160163879394531, 0.7663206458091736, -0.008773287758231163)","(0.5907787084579468, 0.8471401929855347, 0.0441705696284771)","(0.5796951651573181, 0.8166386485099792, 0.0815894827246666)","(0.5818034410476685, 0.7836695909500122, 0.09463859349489212)","(0.6401407718658447, 0.746620774269104, 0.012173968367278576)","(0.621732234954834, 0.8197126984596252, 0.05371531844139099)","(0.6101037263870239, 0.8015872836112976, 0.08117178082466125)","(0.6110686659812927, 0.7709605097770691, 0.09651646763086319)",Grasp
1698,"(0.6005371809005737, 0.5435736179351807, -6.9188725319691e-05)","(0.5471104383468628, 0.5801011323928833, 0.02310832217335701)","(0.5311576724052429, 0.6585696935653687, 0.04062960669398308)","(0.5390745997428894, 0.7288196086883545, 0.06474607437849045)","(0.5470373630523682, 0.777775764465332, 0.09289637953042984)","(0.5499320030212402, 0.755916178226471, -0.02610962651669979)","(0.5269784331321716, 0.8349167108535767, 0.02081524394452572)","(0.5189504027366638, 0.8297316431999207, 0.0678657665848732)","(0.5185662508010864, 0.8153773546218872, 0.09864970296621323)","(0.586498498916626, 0.7673008441925049, -0.017071563750505447)","(0.566067099571228, 0.8546182513237, 0.0389847457408905)","(0.5563802123069763, 0.833405613899231, 0.09254632145166397)","(0.5560176968574524, 0.8061537742614746, 0.12198027968406677)","(0.616702675819397, 0.757122278213501, 0.002040719147771597)","(0.599876880645752, 0.8441658616065979, 0.05089215561747551)","(0.5874190330505371, 0.8191440105438232, 0.09539271891117096)","(0.5865026712417603, 0.7880817651748657, 0.11656712740659714)","(0.6405633687973022, 0.7344570755958557, 0.023232469335198402)","(0.6283769011497498, 0.80723637342453, 0.06330037862062454)","(0.6160805821418762, 0.7930355072021484, 0.09389512240886688)","(0.6139896512031555, 0.7653359770774841, 0.11445259302854538)",Grasp
1699,"(0.6004394888877869, 0.5315180420875549, -7.365110650425777e-05)","(0.5472512245178223, 0.5657986402511597, 0.026345975697040558)","(0.5301986932754517, 0.6423946619033813, 0.04365970194339752)","(0.53658127784729, 0.712073802947998, 0.06631257385015488)","(0.5450693964958191, 0.760387659072876, 0.09222117066383362)","(0.5507988333702087, 0.7330049872398376, -0.02592477574944496)","(0.5301337242126465, 0.8265003561973572, 0.006629869341850281)","(0.5175415277481079, 0.8399282097816467, 0.04952046647667885)","(0.5138102173805237, 0.8349122405052185, 0.0834539458155632)","(0.5881605744361877, 0.7462766170501709, -0.017126312479376793)","(0.5716004371643066, 0.8493120670318604, 0.024954980239272118)","(0.5576141476631165, 0.840442419052124, 0.08081012964248657)","(0.5537393093109131, 0.815665066242218, 0.11828745901584625)","(0.618619978427887, 0.7366783618927002, 0.0008478967938572168)","(0.6029649972915649, 0.8322083353996277, 0.040865231305360794)","(0.5872450470924377, 0.8181653022766113, 0.08912555128335953)","(0.5830234289169312, 0.7899147272109985, 0.1176731064915657)","(0.6427441239356995, 0.7144390940666199, 0.021574148908257484)","(0.6321375966072083, 0.7920863628387451, 0.05788225308060646)","(0.6176168322563171, 0.7858777642250061, 0.09077905118465424)","(0.6123744249343872, 0.7607102990150452, 0.1154753789305687)",Grasp
1700,"(0.60306715965271, 0.5099519491195679, -6.638117338297889e-05)","(0.5494181513786316, 0.5484753847122192, 0.02778666466474533)","(0.531658411026001, 0.6311444044113159, 0.04135247319936752)","(0.5354225039482117, 0.7043157815933228, 0.06147967651486397)","(0.5414920449256897, 0.7548273205757141, 0.08082496374845505)","(0.5487768054008484, 0.70882648229599, -0.04429466277360916)","(0.5316930413246155, 0.8134009838104248, -0.016918908804655075)","(0.5187435746192932, 0.8411746025085449, 0.024902451783418655)","(0.5132838487625122, 0.8470221161842346, 0.05869288370013237)","(0.5873620510101318, 0.7226613163948059, -0.035410650074481964)","(0.574863612651825, 0.8346536159515381, 0.0027984243351966143)","(0.5606136918067932, 0.8344820141792297, 0.06231160834431648)","(0.5555505156517029, 0.8144523501396179, 0.10264108330011368)","(0.6194344758987427, 0.7151175737380981, -0.01631300337612629)","(0.6033823490142822, 0.8113031387329102, 0.024963486939668655)","(0.5869631171226501, 0.7960789203643799, 0.07384039461612701)","(0.5824336409568787, 0.7680861353874207, 0.09881556779146194)","(0.644335925579071, 0.6959897875785828, 0.005661231465637684)","(0.63004070520401, 0.7718577980995178, 0.04665118455886841)","(0.6156227588653564, 0.7606661319732666, 0.07843022048473358)","(0.6115638613700867, 0.7348335385322571, 0.09869828820228577)",Move
1701,"(0.610416829586029, 0.47898802161216736, -4.1428516851738095e-05)","(0.5537860989570618, 0.5170056819915771, 0.023687219247221947)","(0.5358847379684448, 0.5993998050689697, 0.03481503203511238)","(0.5393266677856445, 0.671851634979248, 0.0534835085272789)","(0.5460705161094666, 0.723457396030426, 0.07198794186115265)","(0.5530602931976318, 0.68137127161026, -0.04381253942847252)","(0.5375082492828369, 0.7858582735061646, -0.019424043595790863)","(0.5230823755264282, 0.8144075870513916, 0.02268131822347641)","(0.5167478322982788, 0.820589542388916, 0.05541249364614487)","(0.5931567549705505, 0.692602813243866, -0.03050185553729534)","(0.583595335483551, 0.8064872622489929, 0.0037971618585288525)","(0.5665315389633179, 0.8138590455055237, 0.06452612578868866)","(0.5588608384132385, 0.7975831627845764, 0.10696446150541306)","(0.625041663646698, 0.6825554370880127, -0.008180949836969376)","(0.6102976202964783, 0.7776806354522705, 0.03415917977690697)","(0.5892497301101685, 0.7725566029548645, 0.08408761024475098)","(0.580390214920044, 0.748888373374939, 0.11134440451860428)","(0.647765040397644, 0.6613098978996277, 0.01667385920882225)","(0.6323625445365906, 0.7341573238372803, 0.05898822844028473)","(0.6151089668273926, 0.7309428453445435, 0.09032071381807327)","(0.6075348854064941, 0.7097148895263672, 0.11126158386468887)",Move
1702,"(0.6170058250427246, 0.44692885875701904, -3.866628685500473e-05)","(0.5610082149505615, 0.4864899516105652, 0.023112311959266663)","(0.5425096154212952, 0.5682989358901978, 0.03360380232334137)","(0.5451859831809998, 0.6404449939727783, 0.052071891725063324)","(0.5534928441047668, 0.6924719214439392, 0.06985284388065338)","(0.5582248568534851, 0.6479182839393616, -0.04569709673523903)","(0.5403902530670166, 0.7510038018226624, -0.021798159927129745)","(0.5256106853485107, 0.7843363285064697, 0.018134446814656258)","(0.5184797048568726, 0.7949685454368591, 0.048184968531131744)","(0.5980287194252014, 0.6601445078849792, -0.032332487404346466)","(0.5862469673156738, 0.773353099822998, 0.003092577215284109)","(0.5705038905143738, 0.7816616892814636, 0.06258576363325119)","(0.5636423230171204, 0.7646366953849792, 0.10327908396720886)","(0.6301355361938477, 0.652185320854187, -0.010042663663625717)","(0.6124684810638428, 0.744330883026123, 0.03435591608285904)","(0.5939276218414307, 0.730682909488678, 0.08088415116071701)","(0.5870183706283569, 0.7002840042114258, 0.10415781289339066)","(0.6533645987510681, 0.633337676525116, 0.014701015315949917)","(0.63698810338974, 0.7052028775215149, 0.05814375355839729)","(0.6215776801109314, 0.6968717575073242, 0.08807475119829178)","(0.615992546081543, 0.6712775826454163, 0.10587377846240997)",Move
1703,"(0.6233021020889282, 0.41263991594314575, -4.561811510939151e-05)","(0.566495418548584, 0.45169177651405334, 0.028202421963214874)","(0.549606204032898, 0.5358530879020691, 0.044416215270757675)","(0.5542559027671814, 0.6064374446868896, 0.06678467243909836)","(0.5609585642814636, 0.659837007522583, 0.08945661038160324)","(0.5622718334197998, 0.6144981980323792, -0.029331505298614502)","(0.5461990237236023, 0.717556357383728, -0.010947532951831818)","(0.535146176815033, 0.7661325931549072, 0.02012566477060318)","(0.5303195714950562, 0.7922460436820984, 0.0464165061712265)","(0.6009108424186707, 0.6251734495162964, -0.019691387191414833)","(0.587989330291748, 0.7333665490150452, 0.01875954307615757)","(0.5751807689666748, 0.743706226348877, 0.07484685629606247)","(0.5705853700637817, 0.7300040125846863, 0.11258429288864136)","(0.6323223114013672, 0.6166780591011047, -0.0026973113417625427)","(0.6162731647491455, 0.7077982425689697, 0.041491687297821045)","(0.6013491749763489, 0.6991545557975769, 0.08846122771501541)","(0.596130907535553, 0.6734121441841125, 0.11385052651166916)","(0.6562334299087524, 0.5965743660926819, 0.01689564250409603)","(0.6420455574989319, 0.6695343852043152, 0.05931134894490242)","(0.6285436749458313, 0.6631312966346741, 0.09065734595060349)","(0.6227654814720154, 0.6401203870773315, 0.11116460710763931)",Move
1704,"(0.6308927536010742, 0.3787615895271301, -5.965153468423523e-05)","(0.5764728784561157, 0.42264944314956665, 0.013294152915477753)","(0.5580427646636963, 0.5124639868736267, 0.02402319200336933)","(0.5593696236610413, 0.5917134881019592, 0.04317916929721832)","(0.5631540417671204, 0.6501725316047668, 0.06284328550100327)","(0.5781728029251099, 0.5782577395439148, -0.051988378167152405)","(0.5668594837188721, 0.6918981671333313, -0.030276719480752945)","(0.5541104674339294, 0.7250243425369263, 0.009311341680586338)","(0.5472226142883301, 0.7343114018440247, 0.04089750349521637)","(0.6145930290222168, 0.5864068865776062, -0.037985168397426605)","(0.597804069519043, 0.6907745003700256, 0.003584138350561261)","(0.5811631679534912, 0.692976713180542, 0.059141892939805984)","(0.5744097828865051, 0.6797952651977539, 0.09223615378141403)","(0.6437122225761414, 0.5793355107307434, -0.01674479991197586)","(0.6211186051368713, 0.6646692156791687, 0.02815840393304825)","(0.6051282286643982, 0.6539384126663208, 0.07224369794130325)","(0.6013197898864746, 0.6301661133766174, 0.09322633594274521)","(0.6661327481269836, 0.5656876564025879, 0.005706052761524916)","(0.6465280652046204, 0.6359087824821472, 0.04626043140888214)","(0.6328673958778381, 0.6283957958221436, 0.07421117275953293)","(0.6285680532455444, 0.6071736812591553, 0.0916004404425621)",Move
1705,"(0.6392345428466797, 0.3469833731651306, -5.264154970063828e-05)","(0.5819911956787109, 0.39658138155937195, 0.010753982700407505)","(0.5636361837387085, 0.49090614914894104, 0.021553928032517433)","(0.5661014914512634, 0.5729787945747375, 0.041701510548591614)","(0.5736653804779053, 0.6303816437721252, 0.06394604593515396)","(0.5874549746513367, 0.5510479807853699, -0.0613059364259243)","(0.5772294402122498, 0.665138840675354, -0.01852240227162838)","(0.5658194422721863, 0.6544877290725708, 0.039300642907619476)","(0.5646488070487976, 0.6277820467948914, 0.07636093348264694)","(0.6240391135215759, 0.5557315945625305, -0.04870360717177391)","(0.6077842712402344, 0.6613149046897888, 0.00016777709242887795)","(0.5931634902954102, 0.6433565020561218, 0.05593428388237953)","(0.5912033915519714, 0.617882490158081, 0.08422981947660446)","(0.6536896228790283, 0.5483838319778442, -0.027228064835071564)","(0.6320092678070068, 0.6369376182556152, 0.021525684744119644)","(0.6164289712905884, 0.6163921356201172, 0.06517206132411957)","(0.6161324381828308, 0.5857530236244202, 0.08165906369686127)","(0.6772822141647339, 0.5366851687431335, -0.004349584225565195)","(0.6565642952919006, 0.6063740253448486, 0.03559262305498123)","(0.6427650451660156, 0.5929176807403564, 0.06341017782688141)","(0.6413640975952148, 0.568166196346283, 0.07827520370483398)",Move
1706,"(0.6500408053398132, 0.3183804154396057, -5.2870484068989754e-05)","(0.5917896628379822, 0.36247366666793823, 0.011460804380476475)","(0.5703606605529785, 0.45364612340927124, 0.02136615291237831)","(0.5723254084587097, 0.5346971750259399, 0.041335247457027435)","(0.5805584192276001, 0.5876417756080627, 0.06471335887908936)","(0.5950636863708496, 0.525314450263977, -0.05864078551530838)","(0.5743622183799744, 0.6318026185035706, -0.010960014536976814)","(0.5639445781707764, 0.6109269857406616, 0.04267391189932823)","(0.5665696859359741, 0.5774919986724854, 0.07447013258934021)","(0.6317018866539001, 0.5357663631439209, -0.04626985266804695)","(0.6077565550804138, 0.640762209892273, 0.0023083556443452835)","(0.5940719842910767, 0.6163023710250854, 0.0528980977833271)","(0.5950167179107666, 0.5830491781234741, 0.0778050497174263)","(0.6609053611755371, 0.5277207493782043, -0.0235702246427536)","(0.6347614526748657, 0.6172112822532654, 0.02445109188556671)","(0.6202139854431152, 0.5907310247421265, 0.06408289074897766)","(0.6220751404762268, 0.5562477707862854, 0.07795080542564392)","(0.683506429195404, 0.5120346546173096, 0.0008124999003484845)","(0.6607202291488647, 0.5835269093513489, 0.039998993277549744)","(0.6477501392364502, 0.5648593902587891, 0.06568827480077744)","(0.6486333608627319, 0.5354461073875427, 0.07862402498722076)",Move
1707,"(0.6580845713615417, 0.2956082820892334, -7.678639667574316e-05)","(0.6012352108955383, 0.33591368794441223, 0.00793028436601162)","(0.5774841904640198, 0.424114465713501, 0.02002987079322338)","(0.5765905976295471, 0.5028692483901978, 0.04310298711061478)","(0.5804412364959717, 0.5544145107269287, 0.06925544142723083)","(0.6037046909332275, 0.5071549415588379, -0.044281210750341415)","(0.5770161151885986, 0.601757287979126, -0.0009885927429422736)","(0.5617863535881042, 0.5916282534599304, 0.047420598566532135)","(0.5590654015541077, 0.5686991214752197, 0.07811339944601059)","(0.638480544090271, 0.5220601558685303, -0.028180046007037163)","(0.6091512441635132, 0.6194534301757812, 0.015917634591460228)","(0.5906046032905579, 0.6069455146789551, 0.06795833259820938)","(0.5854173898696899, 0.5811078548431396, 0.10068576037883759)","(0.6654619574546814, 0.5154032707214355, -0.0031624550465494394)","(0.6376073956489563, 0.6025080680847168, 0.035986561328172684)","(0.6186767220497131, 0.5885205864906311, 0.07748895138502121)","(0.613195538520813, 0.560692548751831, 0.10063590854406357)","(0.6860502362251282, 0.49796053767204285, 0.023011725395917892)","(0.6637240052223206, 0.5685881972312927, 0.05548928305506706)","(0.646199643611908, 0.5610869526863098, 0.08169922232627869)","(0.6400754451751709, 0.5383334755897522, 0.0994492694735527)",Move
1708,"(0.6635029315948486, 0.2815036177635193, -7.677151006646454e-05)","(0.6043849587440491, 0.3221288025379181, 0.008078821934759617)","(0.5824968218803406, 0.40916985273361206, 0.02212327904999256)","(0.5858110785484314, 0.4877866804599762, 0.04757862165570259)","(0.59202641248703, 0.5357075333595276, 0.07813262939453125)","(0.6046754717826843, 0.49761077761650085, -0.0482555516064167)","(0.5755060315132141, 0.5889385342597961, 0.000815951672848314)","(0.5649127960205078, 0.5637072920799255, 0.05068317800760269)","(0.5678644180297852, 0.5322387218475342, 0.0804610326886177)","(0.640036940574646, 0.5128265619277954, -0.030930953100323677)","(0.6097010374069214, 0.6074898838996887, 0.018284812569618225)","(0.595832884311676, 0.5841748714447021, 0.069597989320755)","(0.5964951515197754, 0.5536389350891113, 0.09902454912662506)","(0.667452871799469, 0.5051319003105164, -0.004489126615226269)","(0.6390367746353149, 0.5905064344406128, 0.03969752788543701)","(0.624000608921051, 0.5658898949623108, 0.07932477444410324)","(0.6240875720977783, 0.5330765247344971, 0.0979175940155983)","(0.6887158155441284, 0.48693984746932983, 0.023765821009874344)","(0.6662525534629822, 0.5559530258178711, 0.05882978439331055)","(0.6511244773864746, 0.5418365001678467, 0.08529499173164368)","(0.6491152048110962, 0.5149788856506348, 0.10170853137969971)",Move
1709,"(0.6668582558631897, 0.27406978607177734, -8.273199637187645e-05)","(0.6078342795372009, 0.31354665756225586, 0.007171167992055416)","(0.5848248600959778, 0.4006716012954712, 0.020344428718090057)","(0.5849354863166809, 0.4802303612232208, 0.044914308935403824)","(0.5863974094390869, 0.5299415588378906, 0.07356487214565277)","(0.6078675985336304, 0.4906386137008667, -0.0420331247150898)","(0.5792856216430664, 0.5827627778053284, 0.0013522738590836525)","(0.5655432939529419, 0.5712937116622925, 0.048614539206027985)","(0.5642863512039185, 0.5476711392402649, 0.07955732196569443)","(0.6419285535812378, 0.5078302621841431, -0.02442200668156147)","(0.6125931739807129, 0.6021214127540588, 0.021022014319896698)","(0.5963574647903442, 0.5844742059707642, 0.07320279628038406)","(0.5936239361763, 0.5575628876686096, 0.10590147972106934)","(0.6684244275093079, 0.5017018914222717, 0.0015659312484785914)","(0.6399165987968445, 0.584848165512085, 0.04208236187696457)","(0.6223206520080566, 0.5651144981384277, 0.08250350505113602)","(0.618736207485199, 0.536099910736084, 0.10491419583559036)","(0.688887894153595, 0.4837695062160492, 0.029188698157668114)","(0.6648844480514526, 0.5499767065048218, 0.06214168667793274)","(0.64711594581604, 0.5407816171646118, 0.08926953375339508)","(0.6411442756652832, 0.5194007158279419, 0.10802114754915237)",Move
1710,"(0.6658803224563599, 0.26708537340164185, -9.416574175702408e-05)","(0.6071707606315613, 0.31073635816574097, 0.010884544812142849)","(0.5846848487854004, 0.396711140871048, 0.027716796845197678)","(0.5856965780258179, 0.4709129333496094, 0.05501815676689148)","(0.5894758701324463, 0.5151793956756592, 0.08518074452877045)","(0.6100572943687439, 0.48805978894233704, -0.03152179718017578)","(0.5827851295471191, 0.5781291723251343, 0.009593989700078964)","(0.5666757822036743, 0.5716637372970581, 0.05394910275936127)","(0.5620753169059753, 0.551581621170044, 0.08336535841226578)","(0.6428854465484619, 0.5039078593254089, -0.014954082667827606)","(0.6147401332855225, 0.5955911874771118, 0.030409613624215126)","(0.5967429876327515, 0.5807792544364929, 0.08246398717164993)","(0.5908096432685852, 0.5555378198623657, 0.11563727259635925)","(0.6683061122894287, 0.49644070863723755, 0.009818640537559986)","(0.6404629945755005, 0.5772814750671387, 0.04814215749502182)","(0.6211521029472351, 0.5631710290908813, 0.08823441714048386)","(0.6149831414222717, 0.5376431941986084, 0.11157999187707901)","(0.687183141708374, 0.4762267470359802, 0.03618204966187477)","(0.6637204885482788, 0.5403270721435547, 0.06763969361782074)","(0.6452445387840271, 0.5346270799636841, 0.0939374640583992)","(0.6371387839317322, 0.5164552927017212, 0.11315473914146423)",Move
1711,"(0.6647151112556458, 0.2680858373641968, -9.945501369656995e-05)","(0.6059324741363525, 0.30900055170059204, 0.01562696136534214)","(0.5831220149993896, 0.3952196538448334, 0.03452450409531593)","(0.5834789872169495, 0.4711853563785553, 0.06258685886859894)","(0.5866841673851013, 0.5162551999092102, 0.09339284896850586)","(0.6060951948165894, 0.4895871877670288, -0.023285867646336555)","(0.580207884311676, 0.5771924257278442, 0.021244149655103683)","(0.5654019713401794, 0.5705993175506592, 0.06623398512601852)","(0.5608533024787903, 0.5516684651374817, 0.09577084332704544)","(0.638848602771759, 0.505811870098114, -0.008770737797021866)","(0.6122023463249207, 0.5947415232658386, 0.040813345462083817)","(0.5963440537452698, 0.5759718418121338, 0.09107157588005066)","(0.5915560722351074, 0.5489668250083923, 0.12160643190145493)","(0.6646775603294373, 0.49824586510658264, 0.014032190665602684)","(0.6372283697128296, 0.5745719075202942, 0.056550245732069016)","(0.6196863651275635, 0.5539435744285583, 0.09528367966413498)","(0.6153160929679871, 0.525813102722168, 0.11638011783361435)","(0.6837118864059448, 0.4787270426750183, 0.038735199719667435)","(0.6601050496101379, 0.5379930734634399, 0.07323779165744781)","(0.6430177688598633, 0.5268725156784058, 0.09889624267816544)","(0.6369309425354004, 0.5050087571144104, 0.1164930909872055)",Move
1712,"(0.6632770299911499, 0.2700665295124054, -9.836169192567468e-05)","(0.6035608649253845, 0.31009942293167114, 0.014614302664995193)","(0.5807126760482788, 0.3961764872074127, 0.03379293903708458)","(0.5817393660545349, 0.47136276960372925, 0.0625419169664383)","(0.5856489539146423, 0.5144097208976746, 0.09471717476844788)","(0.6037672162055969, 0.48573023080825806, -0.027178190648555756)","(0.5801483392715454, 0.5788419842720032, 0.015375333838164806)","(0.5660507678985596, 0.5737353563308716, 0.0610647015273571)","(0.5621680021286011, 0.5546653270721436, 0.09185668081045151)","(0.6367494463920593, 0.5007129907608032, -0.012086120434105396)","(0.610978901386261, 0.593050479888916, 0.03553299605846405)","(0.5948399305343628, 0.5755065679550171, 0.0870349109172821)","(0.5901695489883423, 0.5495761036872864, 0.11779557913541794)","(0.6630310416221619, 0.49426570534706116, 0.010977867990732193)","(0.63702791929245, 0.5741464495658875, 0.051516421139240265)","(0.6195077896118164, 0.5555774569511414, 0.09210532903671265)","(0.6153795123100281, 0.527397871017456, 0.11447450518608093)","(0.6830962896347046, 0.47711220383644104, 0.036278992891311646)","(0.6611819863319397, 0.5397713780403137, 0.06933493912220001)","(0.6443832516670227, 0.5293968319892883, 0.09701785445213318)","(0.6385825872421265, 0.5068044662475586, 0.11637679487466812)",Move
1713,"(0.6597909331321716, 0.2720576524734497, -9.047744970303029e-05)","(0.6027894616127014, 0.31109923124313354, 0.016670458018779755)","(0.5803399085998535, 0.3938519358634949, 0.03553532436490059)","(0.5794251561164856, 0.4684161841869354, 0.06288601458072662)","(0.5823252201080322, 0.514080286026001, 0.09357983618974686)","(0.6000521779060364, 0.484221875667572, -0.02590319700539112)","(0.5769083499908447, 0.5771654844284058, 0.015255498699843884)","(0.563737690448761, 0.5763289928436279, 0.06233181059360504)","(0.559187650680542, 0.5596504807472229, 0.09591733664274216)","(0.6327900290489197, 0.5003983974456787, -0.012172915041446686)","(0.6080923676490784, 0.5950655341148376, 0.032454732805490494)","(0.5918761491775513, 0.5831702947616577, 0.08491536974906921)","(0.5852903127670288, 0.5594621896743774, 0.1182275041937828)","(0.6594300270080566, 0.4957290589809418, 0.009867090731859207)","(0.6347824931144714, 0.5780463814735413, 0.04901396110653877)","(0.6177152395248413, 0.5632612109184265, 0.0910455659031868)","(0.6119844317436218, 0.5369803309440613, 0.11571098119020462)","(0.6800520420074463, 0.4800545871257782, 0.03433503210544586)","(0.6601342558860779, 0.5448962450027466, 0.06641565263271332)","(0.6438530087471008, 0.5370591282844543, 0.09480056911706924)","(0.6370244026184082, 0.5156193375587463, 0.11590667814016342)",Move
1714,"(0.6596039533615112, 0.2722639739513397, -8.819407230475917e-05)","(0.6021741032600403, 0.31142330169677734, 0.01576373167335987)","(0.5794749855995178, 0.3934415578842163, 0.0348026379942894)","(0.5782020092010498, 0.46805399656295776, 0.0628938227891922)","(0.5810685157775879, 0.5136399269104004, 0.09468021243810654)","(0.5984934568405151, 0.4844200611114502, -0.02413218282163143)","(0.5746517181396484, 0.5757882595062256, 0.016683533787727356)","(0.5614921450614929, 0.57562655210495, 0.06270937621593475)","(0.5565135478973389, 0.560479998588562, 0.0953153669834137)","(0.6312711834907532, 0.5009840726852417, -0.009559576399624348)","(0.6060869097709656, 0.5947456359863281, 0.03492776304483414)","(0.5899547338485718, 0.5827755928039551, 0.0866946205496788)","(0.5832999348640442, 0.5596576929092407, 0.11984241753816605)","(0.6579577326774597, 0.49629998207092285, 0.0129115404561162)","(0.633055567741394, 0.5774595737457275, 0.05174599587917328)","(0.6156089901924133, 0.5638401508331299, 0.09290850907564163)","(0.6094304323196411, 0.5385464429855347, 0.11722714453935623)","(0.6789445281028748, 0.4806249737739563, 0.037921734154224396)","(0.6600837707519531, 0.546045184135437, 0.06887300312519073)","(0.6437369585037231, 0.5403153300285339, 0.09650569409132004)","(0.6365252137184143, 0.520042359828949, 0.11716121435165405)",Position
1715,"(0.6555183529853821, 0.27545928955078125, -8.152578811859712e-05)","(0.5992892980575562, 0.31494906544685364, 0.017281636595726013)","(0.5773164629936218, 0.3974771499633789, 0.03675360977649689)","(0.5773677825927734, 0.47115424275398254, 0.06447264552116394)","(0.5814231634140015, 0.5146397948265076, 0.09600453078746796)","(0.5962637662887573, 0.48814132809638977, -0.02443852089345455)","(0.5727647542953491, 0.5786278247833252, 0.015828540548682213)","(0.559831976890564, 0.5773740410804749, 0.061012282967567444)","(0.5556390881538391, 0.5605901479721069, 0.09269578009843826)","(0.6290684342384338, 0.5051566362380981, -0.011385984718799591)","(0.6040881872177124, 0.59827721118927, 0.03256700187921524)","(0.5880609154701233, 0.5853755474090576, 0.08372070640325546)","(0.5817026495933533, 0.5616079568862915, 0.1157921552658081)","(0.656074047088623, 0.5006201267242432, 0.009768866933882236)","(0.6318762302398682, 0.5817884206771851, 0.0481647290289402)","(0.6156485080718994, 0.5654028058052063, 0.089242123067379)","(0.6107834577560425, 0.5385769605636597, 0.1131317988038063)","(0.6772513389587402, 0.4848853349685669, 0.0332162082195282)","(0.6587774753570557, 0.5498615503311157, 0.06451167166233063)","(0.6432181000709534, 0.5420687198638916, 0.09237440675497055)","(0.6371135115623474, 0.5204642415046692, 0.11347696930170059)",Position
1716,"(0.6560220718383789, 0.2765789330005646, -7.427679520333186e-05)","(0.5989211201667786, 0.31691083312034607, 0.013904892839491367)","(0.5756149291992188, 0.40008318424224854, 0.031216003000736237)","(0.5750345587730408, 0.4744330942630768, 0.05766000226140022)","(0.5779449939727783, 0.519761860370636, 0.08731178939342499)","(0.5966343879699707, 0.49160489439964294, -0.028563089668750763)","(0.571356475353241, 0.580109715461731, 0.010322649963200092)","(0.5565516948699951, 0.5772843360900879, 0.05309079587459564)","(0.5511676073074341, 0.5615212321281433, 0.08299080282449722)","(0.6297681927680969, 0.5083760023117065, -0.014725717715919018)","(0.6036514043807983, 0.5990194082260132, 0.02885071560740471)","(0.5868533849716187, 0.5837724208831787, 0.07911870628595352)","(0.5802457928657532, 0.5597919821739197, 0.11032627522945404)","(0.656776487827301, 0.5028148293495178, 0.007012797053903341)","(0.6320357322692871, 0.583293616771698, 0.04367624595761299)","(0.6147042512893677, 0.5672053098678589, 0.08388084173202515)","(0.6091240048408508, 0.5409209132194519, 0.10701428353786469)","(0.6778069138526917, 0.48535022139549255, 0.03072257526218891)","(0.6595855355262756, 0.5508249402046204, 0.0601627342402935)","(0.6431984305381775, 0.5448592305183411, 0.08703256398439407)","(0.6361908316612244, 0.5241295695304871, 0.10721153020858765)",Position
1717,"(0.6535763144493103, 0.2785823941230774, -7.791065581841394e-05)","(0.5976691842079163, 0.3219342827796936, 0.01523162517696619)","(0.5754480361938477, 0.4053420424461365, 0.034618400037288666)","(0.575775682926178, 0.47888004779815674, 0.0630202516913414)","(0.5799870491027832, 0.5208644866943359, 0.09409862756729126)","(0.598014771938324, 0.49459579586982727, -0.02522483840584755)","(0.5715922117233276, 0.5817592740058899, 0.01592879928648472)","(0.5566990971565247, 0.5788553357124329, 0.059130724519491196)","(0.5515502095222473, 0.5629700422286987, 0.08823073655366898)","(0.6306483149528503, 0.5112300515174866, -0.01175810769200325)","(0.6026018261909485, 0.6014308333396912, 0.03342987969517708)","(0.5855733156204224, 0.5872243642807007, 0.0841405987739563)","(0.5787222385406494, 0.5635836720466614, 0.11505516618490219)","(0.6568964719772339, 0.5059207081794739, 0.009684544987976551)","(0.6304636001586914, 0.5870501399040222, 0.04652415215969086)","(0.6128380298614502, 0.5726273655891418, 0.0867353230714798)","(0.6066129207611084, 0.5473151206970215, 0.10966390371322632)","(0.6772658228874207, 0.4886811077594757, 0.03307831287384033)","(0.6579803824424744, 0.555206835269928, 0.06224554777145386)","(0.641096830368042, 0.5503026247024536, 0.08906412869691849)","(0.6334353685379028, 0.5304429531097412, 0.10885998606681824)",Position
1718,"(0.6557356119155884, 0.2800649404525757, -8.688378147780895e-05)","(0.59877610206604, 0.3232165575027466, 0.01413364801555872)","(0.5760475397109985, 0.40556031465530396, 0.03389722481369972)","(0.5759136080741882, 0.4784519374370575, 0.06316404044628143)","(0.5793096423149109, 0.5206916332244873, 0.09546354413032532)","(0.5989456176757812, 0.4969712197780609, -0.02461783029139042)","(0.571327805519104, 0.5833622217178345, 0.017202598974108696)","(0.5559542179107666, 0.5787858963012695, 0.060073792934417725)","(0.5511654019355774, 0.5614904165267944, 0.08855082094669342)","(0.6314299702644348, 0.5137606263160706, -0.010778423398733139)","(0.6029382944107056, 0.6024034023284912, 0.03573581576347351)","(0.5862342119216919, 0.5877425074577332, 0.0865689218044281)","(0.5803229808807373, 0.5635743141174316, 0.11770234256982803)","(0.6572341918945312, 0.5082133412361145, 0.011053532361984253)","(0.6307826042175293, 0.5897035598754883, 0.04761233925819397)","(0.6130668520927429, 0.577028751373291, 0.0872502252459526)","(0.6069661974906921, 0.552527904510498, 0.10982460528612137)","(0.6772485375404358, 0.48962706327438354, 0.03451836109161377)","(0.6580767035484314, 0.5571897625923157, 0.06309542059898376)","(0.6410155296325684, 0.5539246201515198, 0.08873943239450455)","(0.6330362558364868, 0.5353988409042358, 0.10793045908212662)",Position
1719,"(0.6560357213020325, 0.284700483083725, -8.265573706012219e-05)","(0.5983744263648987, 0.32619839906692505, 0.011082448065280914)","(0.5751105546951294, 0.40907976031303406, 0.028740087524056435)","(0.5750467777252197, 0.48367440700531006, 0.05641110613942146)","(0.5796256065368652, 0.5268871784210205, 0.08794708549976349)","(0.5996637940406799, 0.5002559423446655, -0.029254263266921043)","(0.5735419988632202, 0.5902942419052124, 0.013793950900435448)","(0.5594959259033203, 0.583507239818573, 0.05818377807736397)","(0.5563678741455078, 0.5631349086761475, 0.08720806986093521)","(0.6322742700576782, 0.5162743926048279, -0.014177445322275162)","(0.6046353578567505, 0.6068161725997925, 0.032663457095623016)","(0.5876047611236572, 0.5912863612174988, 0.08239782601594925)","(0.5816640257835388, 0.5668723583221436, 0.1114388033747673)","(0.6581634283065796, 0.5109360814094543, 0.0087578184902668)","(0.6320823431015015, 0.5926691889762878, 0.04621690884232521)","(0.6147118210792542, 0.5782364010810852, 0.08503365516662598)","(0.6093896627426147, 0.5529866218566895, 0.10598346590995789)","(0.6779189109802246, 0.49365234375, 0.0330498032271862)","(0.6581616401672363, 0.5610364079475403, 0.062126047909259796)","(0.6414209604263306, 0.5562554597854614, 0.08785852789878845)","(0.6342546343803406, 0.5366316437721252, 0.10669022053480148)",Position
1720,"(0.6584328413009644, 0.28722190856933594, -7.59907197789289e-05)","(0.5997304320335388, 0.3275325894355774, 0.009439735673367977)","(0.5767091512680054, 0.4097652733325958, 0.02540726773440838)","(0.577238142490387, 0.4843256175518036, 0.05241743102669716)","(0.5823063850402832, 0.5285229086875916, 0.08387766033411026)","(0.6001156568527222, 0.5026931166648865, -0.03355518355965614)","(0.5729166269302368, 0.5925278067588806, 0.012097040191292763)","(0.560836911201477, 0.5783405900001526, 0.05789973586797714)","(0.5604555606842041, 0.5538887977600098, 0.08691418915987015)","(0.6328960657119751, 0.518858790397644, -0.017884254455566406)","(0.6050161123275757, 0.608902096748352, 0.0316011942923069)","(0.5907909274101257, 0.5887662768363953, 0.08111030608415604)","(0.5885891914367676, 0.5622283816337585, 0.10810964554548264)","(0.6589763164520264, 0.5139897465705872, 0.005717122461646795)","(0.633053719997406, 0.5965352058410645, 0.0463644415140152)","(0.6176946759223938, 0.5779425501823425, 0.08548512309789658)","(0.615192174911499, 0.5504897832870483, 0.10498588532209396)","(0.6791559457778931, 0.4974418580532074, 0.030467696487903595)","(0.6590242981910706, 0.5649949908256531, 0.06236836686730385)","(0.643936038017273, 0.5564891695976257, 0.0887676253914833)","(0.6392488479614258, 0.5348238945007324, 0.10718949139118195)",Position
1721,"(0.656769335269928, 0.28559771180152893, -8.414718467975035e-05)","(0.599143385887146, 0.32854655385017395, 0.012627539224922657)","(0.5766541361808777, 0.41015997529029846, 0.031038498505949974)","(0.5778119564056396, 0.48315542936325073, 0.05958040431141853)","(0.5825897455215454, 0.5266206860542297, 0.09175233542919159)","(0.6012771725654602, 0.5038318634033203, -0.026811137795448303)","(0.5760023593902588, 0.5916639566421509, 0.015052550472319126)","(0.5621196031570435, 0.5869559645652771, 0.05904524773359299)","(0.5583339333534241, 0.5693044066429138, 0.08839274197816849)","(0.6335364580154419, 0.5198295712471008, -0.01230782363563776)","(0.6068708896636963, 0.6070762872695923, 0.0348765030503273)","(0.5907344818115234, 0.5914938449859619, 0.08501626551151276)","(0.5848720073699951, 0.5679290890693665, 0.11406847834587097)","(0.6589786410331726, 0.5143349170684814, 0.010241792537271976)","(0.6341018080711365, 0.5942355990409851, 0.04878558963537216)","(0.6172741055488586, 0.5791329145431519, 0.08894850313663483)","(0.6122327446937561, 0.5538185834884644, 0.11066865175962448)","(0.6782452464103699, 0.4966118633747101, 0.03412790223956108)","(0.6588211059570312, 0.5627484321594238, 0.06466090679168701)","(0.6425098180770874, 0.5571909546852112, 0.09109362959861755)","(0.6356508135795593, 0.5374834537506104, 0.11048848927021027)",Position
1722,"(0.657441258430481, 0.28791993856430054, -7.908407860668376e-05)","(0.599939227104187, 0.33141472935676575, 0.011682497337460518)","(0.5775362849235535, 0.4133462607860565, 0.028808457776904106)","(0.5777971744537354, 0.4871981143951416, 0.05610790103673935)","(0.5831628441810608, 0.5307980179786682, 0.08690673112869263)","(0.6015639305114746, 0.5049043893814087, -0.030630264431238174)","(0.5756672620773315, 0.5945868492126465, 0.013411819003522396)","(0.5626794099807739, 0.5876296162605286, 0.059411901980638504)","(0.5602496862411499, 0.5683485865592957, 0.0896688774228096)","(0.6344249248504639, 0.5200525522232056, -0.015976082533597946)","(0.6069442629814148, 0.6084650754928589, 0.032953862100839615)","(0.5914990901947021, 0.5919718146324158, 0.08352840691804886)","(0.5873122811317444, 0.5678665041923523, 0.11201469600200653)","(0.6605246067047119, 0.514550507068634, 0.0066802348010241985)","(0.6353147029876709, 0.5960034728050232, 0.04646420106291771)","(0.6189907193183899, 0.5796789526939392, 0.08680283278226852)","(0.6150004267692566, 0.5535138249397278, 0.10764344036579132)","(0.6805422902107239, 0.4973202347755432, 0.030655618757009506)","(0.6616230607032776, 0.5647988319396973, 0.061650700867176056)","(0.6457155346870422, 0.5585885047912598, 0.08827359974384308)","(0.6394860148429871, 0.5382945537567139, 0.10744617879390717)",Position
1723,"(0.6585244536399841, 0.28958386182785034, -8.766328392084688e-05)","(0.6015247702598572, 0.3331488072872162, 0.011444594711065292)","(0.5787571668624878, 0.41678473353385925, 0.02803618833422661)","(0.5785610675811768, 0.4920775890350342, 0.054751135408878326)","(0.5812904238700867, 0.5371858477592468, 0.0842181146144867)","(0.6032447218894958, 0.5045825242996216, -0.030414754524827003)","(0.576312780380249, 0.5944356918334961, 0.01046427246183157)","(0.5619021654129028, 0.590254545211792, 0.054324887692928314)","(0.5576344132423401, 0.5738008618354797, 0.08376942574977875)","(0.6356161236763, 0.5203758478164673, -0.016753975301980972)","(0.6065056920051575, 0.6093583703041077, 0.030276913195848465)","(0.5895072221755981, 0.593384325504303, 0.07990189641714096)","(0.5833761692047119, 0.5710745453834534, 0.10807216167449951)","(0.6610038876533508, 0.515986442565918, 0.004899068735539913)","(0.6342859864234924, 0.5972830653190613, 0.04352259263396263)","(0.6163086295127869, 0.5803521275520325, 0.08264584094285965)","(0.6107637882232666, 0.5546750426292419, 0.10311134159564972)","(0.6802242994308472, 0.5004278421401978, 0.027986785396933556)","(0.6591852903366089, 0.5680871605873108, 0.05877868831157684)","(0.6420955657958984, 0.5609497427940369, 0.0854334756731987)","(0.6351639032363892, 0.5403623580932617, 0.10415997356176376)",Position
1724,"(0.659003496170044, 0.29011964797973633, -8.99608712643385e-05)","(0.6013924479484558, 0.33550381660461426, 0.009816872887313366)","(0.5795430541038513, 0.41929712891578674, 0.0262049101293087)","(0.5797980427742004, 0.4939097464084625, 0.05286671593785286)","(0.5826534628868103, 0.538780689239502, 0.08226129412651062)","(0.6041515469551086, 0.5054301023483276, -0.03151782974600792)","(0.5770887136459351, 0.5956443548202515, 0.008867154829204082)","(0.5625786781311035, 0.5912190079689026, 0.052820511162281036)","(0.5584392547607422, 0.5741719007492065, 0.08244367688894272)","(0.6363279819488525, 0.5210449695587158, -0.016595155000686646)","(0.6074559092521667, 0.6094771027565002, 0.029558217152953148)","(0.59027498960495, 0.5947690010070801, 0.07820101082324982)","(0.5840759873390198, 0.5722432732582092, 0.10612595826387405)","(0.66131192445755, 0.5164837837219238, 0.006479941308498383)","(0.6349676251411438, 0.5978641510009766, 0.044531214982271194)","(0.6167454123497009, 0.5825405716896057, 0.08302976936101913)","(0.6107397675514221, 0.5572643876075745, 0.10381563007831573)","(0.6799275279045105, 0.5003728866577148, 0.03078565187752247)","(0.6586724519729614, 0.5679150223731995, 0.061188310384750366)","(0.6413354277610779, 0.5613656640052795, 0.08753979951143265)","(0.634010374546051, 0.5414251089096069, 0.1065138727426529)",Position
1725,"(0.6586710214614868, 0.2897471785545349, -0.00010269098856952041)","(0.6020143628120422, 0.33405062556266785, 0.010673976503312588)","(0.5796152949333191, 0.41656631231307983, 0.028623025864362717)","(0.5789526104927063, 0.4909099042415619, 0.05637228861451149)","(0.5803369879722595, 0.5363381505012512, 0.08674681931734085)","(0.6058210134506226, 0.5040420889854431, -0.02537177875638008)","(0.5797126293182373, 0.5953931212425232, 0.007161054294556379)","(0.5626522302627563, 0.6051573753356934, 0.048543475568294525)","(0.5534635782241821, 0.6005631685256958, 0.08051998913288116)","(0.6381035447120667, 0.5200037956237793, -0.010403663851320744)","(0.6095019578933716, 0.6110057830810547, 0.030162664130330086)","(0.5907379388809204, 0.6034008860588074, 0.07952144742012024)","(0.5808072090148926, 0.5859217047691345, 0.11118569225072861)","(0.662585437297821, 0.5151994228363037, 0.01252278033643961)","(0.6367124915122986, 0.597679853439331, 0.04685604199767113)","(0.6156817674636841, 0.5915504693984985, 0.08636163920164108)","(0.6048420071601868, 0.5718914270401001, 0.11071677505970001)","(0.6804767847061157, 0.4980522096157074, 0.03664356470108032)","(0.660325825214386, 0.5664065480232239, 0.0649765357375145)","(0.6408839225769043, 0.5676922798156738, 0.09093861281871796)","(0.6292634606361389, 0.5532639622688293, 0.11066923290491104)",Position
1726,"(0.6601340770721436, 0.2906970679759979, -0.00010376450518378988)","(0.6024426221847534, 0.33645859360694885, 0.008830872364342213)","(0.5794938206672668, 0.41863206028938293, 0.025179460644721985)","(0.5778753161430359, 0.4950597584247589, 0.0519128292798996)","(0.5792136192321777, 0.5429903268814087, 0.08127787709236145)","(0.6063101291656494, 0.5050152540206909, -0.03008222207427025)","(0.5800614356994629, 0.599485456943512, 0.00512616615742445)","(0.5638319849967957, 0.604941189289093, 0.04857001081109047)","(0.556912362575531, 0.5959138870239258, 0.08084707707166672)","(0.638748824596405, 0.5200005173683167, -0.014386235736310482)","(0.6099491119384766, 0.6124861836433411, 0.028746891766786575)","(0.5916991829872131, 0.6014530658721924, 0.07827696949243546)","(0.5833348631858826, 0.5820707678794861, 0.10893887281417847)","(0.6630778312683105, 0.5155658721923828, 0.009273353964090347)","(0.6362484693527222, 0.5993936061859131, 0.045529600232839584)","(0.6157404184341431, 0.590164840221405, 0.08481667190790176)","(0.6066412925720215, 0.5685948729515076, 0.10776861011981964)","(0.6806955337524414, 0.4995836019515991, 0.034071121364831924)","(0.65948486328125, 0.5703163146972656, 0.06352561712265015)","(0.6404767036437988, 0.5698291659355164, 0.08951285481452942)","(0.630298912525177, 0.5535600185394287, 0.10877136141061783)",Position
1727,"(0.6591684818267822, 0.29025784134864807, -9.714217594591901e-05)","(0.6018345952033997, 0.33710554242134094, 0.00997154600918293)","(0.5795422792434692, 0.4191604554653168, 0.026080435141921043)","(0.5781821012496948, 0.49491024017333984, 0.052353717386722565)","(0.5793909430503845, 0.5434588193893433, 0.0809781551361084)","(0.6049638986587524, 0.5044361352920532, -0.029401691630482674)","(0.5801575779914856, 0.5997549891471863, 0.003295468632131815)","(0.5643005967140198, 0.6095161437988281, 0.046086911112070084)","(0.5565932989120483, 0.6034820675849915, 0.07877145707607269)","(0.6378054618835449, 0.5194718837738037, -0.013988393358886242)","(0.610640823841095, 0.6137945055961609, 0.027217216789722443)","(0.59261554479599, 0.6061131358146667, 0.07740586996078491)","(0.5835169553756714, 0.5880721807479858, 0.10940568894147873)","(0.6626226902008057, 0.5146979689598083, 0.009634405374526978)","(0.6371669173240662, 0.5994204878807068, 0.044969379901885986)","(0.6162770986557007, 0.5938752293586731, 0.08529745042324066)","(0.6057892441749573, 0.5745940804481506, 0.10975860804319382)","(0.6805113554000854, 0.49834901094436646, 0.0344717837870121)","(0.6600439548492432, 0.5685730576515198, 0.06363692879676819)","(0.6408083438873291, 0.5700231790542603, 0.09028308093547821)","(0.6297051906585693, 0.5554025173187256, 0.11031414568424225)",Position
1728,"(0.6583336591720581, 0.2851092219352722, -0.00010602069232845679)","(0.6005430817604065, 0.3343559205532074, 0.010559418238699436)","(0.5787632465362549, 0.4183221459388733, 0.027389289811253548)","(0.5768958330154419, 0.4929180145263672, 0.05377262458205223)","(0.5768457055091858, 0.5400410294532776, 0.08235709369182587)","(0.6060552597045898, 0.5040770173072815, -0.023708030581474304)","(0.5813858509063721, 0.5959998369216919, 0.008586231619119644)","(0.5656501054763794, 0.6098864674568176, 0.04952546954154968)","(0.5566186308860779, 0.6096080541610718, 0.08123369514942169)","(0.6385247707366943, 0.5189008116722107, -0.008484241552650928)","(0.6116644740104675, 0.6091264486312866, 0.03295619413256645)","(0.5936716198921204, 0.6060656309127808, 0.082322858273983)","(0.5841863751411438, 0.5921191573143005, 0.11413421481847763)","(0.6629962921142578, 0.5133410692214966, 0.014379410073161125)","(0.6379953026771545, 0.5947231650352478, 0.0507589690387249)","(0.6175661683082581, 0.5919911861419678, 0.08986872434616089)","(0.6068823337554932, 0.5745166540145874, 0.11339455097913742)","(0.6807612180709839, 0.4955666959285736, 0.038452886044979095)","(0.6609374284744263, 0.5634732246398926, 0.06826052814722061)","(0.6416792273521423, 0.5672276020050049, 0.09337246417999268)","(0.6302382349967957, 0.5542510747909546, 0.11203722655773163)",Position
1729,"(0.6589221954345703, 0.28812989592552185, -0.00010521445074118674)","(0.601378858089447, 0.33449453115463257, 0.01577703468501568)","(0.5800518989562988, 0.4172767996788025, 0.03409857675433159)","(0.5786157846450806, 0.49169281125068665, 0.06066015735268593)","(0.580128014087677, 0.5394622683525085, 0.08874331414699554)","(0.6042522192001343, 0.5035977363586426, -0.024638012051582336)","(0.5816538333892822, 0.5983419418334961, 0.006148918531835079)","(0.5671476125717163, 0.6180261373519897, 0.04776725545525551)","(0.5579297542572021, 0.6238899230957031, 0.08131695538759232)","(0.6370728015899658, 0.5192325711250305, -0.011182761751115322)","(0.610832154750824, 0.6112139821052551, 0.032126542180776596)","(0.5930002927780151, 0.6060818433761597, 0.08373316377401352)","(0.5835332274436951, 0.5919368863105774, 0.11594749987125397)","(0.662114679813385, 0.5141103863716125, 0.01042386144399643)","(0.6365053653717041, 0.5945895314216614, 0.049337029457092285)","(0.6162064671516418, 0.5886840224266052, 0.09121254831552505)","(0.6064528822898865, 0.5700818300247192, 0.11602087318897247)","(0.6804530620574951, 0.49673816561698914, 0.03344551473855972)","(0.66048264503479, 0.5644760727882385, 0.06646288931369781)","(0.6413889527320862, 0.5655690431594849, 0.09380478411912918)","(0.630437433719635, 0.5509825944900513, 0.1130344420671463)",Release
1730,"(0.659909188747406, 0.28722506761550903, -9.273157775169238e-05)","(0.6016155481338501, 0.3312239646911621, 0.011034524999558926)","(0.5797274112701416, 0.4155178964138031, 0.025551652535796165)","(0.5786833167076111, 0.49297386407852173, 0.04952818155288696)","(0.5807927846908569, 0.5446750521659851, 0.07590387761592865)","(0.6028400659561157, 0.5005351305007935, -0.03194905072450638)","(0.5811653137207031, 0.5984217524528503, -0.002627174137160182)","(0.5674811601638794, 0.6182435154914856, 0.039950598031282425)","(0.5594702959060669, 0.6226016283035278, 0.07534772902727127)","(0.6367201805114746, 0.5158990025520325, -0.015997499227523804)","(0.6142242550849915, 0.6121227145195007, 0.02457605116069317)","(0.5968723297119141, 0.609305739402771, 0.07626435905694962)","(0.5877780914306641, 0.595042884349823, 0.10966244339942932)","(0.6629663109779358, 0.5096682906150818, 0.007943953387439251)","(0.641183614730835, 0.5932010412216187, 0.0451788529753685)","(0.6221972703933716, 0.5885220766067505, 0.08634425699710846)","(0.6127464771270752, 0.5695281624794006, 0.11095578968524933)","(0.6823704838752747, 0.49155065417289734, 0.03326665237545967)","(0.6654355525970459, 0.559636652469635, 0.06463609635829926)","(0.648025631904602, 0.5603269338607788, 0.0912451520562172)","(0.6378779411315918, 0.5447672009468079, 0.11041434854269028)",Release
1731,"(0.6596936583518982, 0.28724876046180725, -0.00010534592729527503)","(0.6005458235740662, 0.33463039994239807, 0.006794465705752373)","(0.5778746008872986, 0.42138639092445374, 0.018059642985463142)","(0.5764732360839844, 0.5030706524848938, 0.04020324721932411)","(0.5774614810943604, 0.5583857893943787, 0.0638444647192955)","(0.604854166507721, 0.5001049041748047, -0.04380730167031288)","(0.5831912755966187, 0.6015231609344482, -0.011121046729385853)","(0.5701484084129333, 0.619195818901062, 0.03435361385345459)","(0.5634928941726685, 0.6208733320236206, 0.06939917802810669)","(0.6391217708587646, 0.5157629251480103, -0.026911577209830284)","(0.6148999333381653, 0.6129570007324219, 0.01691294088959694)","(0.596627950668335, 0.6058050990104675, 0.06993795931339264)","(0.5874849557876587, 0.5877528190612793, 0.1019555851817131)","(0.665579617023468, 0.5106489062309265, -0.0015491035301238298)","(0.6407127976417542, 0.5955718159675598, 0.03772209957242012)","(0.6214908957481384, 0.5879117250442505, 0.07812241464853287)","(0.612866222858429, 0.5671230554580688, 0.0999334305524826)","(0.6847638487815857, 0.49360373616218567, 0.02486683428287506)","(0.6637109518051147, 0.5633369088172913, 0.05645861476659775)","(0.6459207534790039, 0.5624378323554993, 0.08136949688196182)","(0.6363603472709656, 0.5467963218688965, 0.09794435650110245)",Release
1732,"(0.6611555814743042, 0.2879779636859894, -0.00010895280138356611)","(0.5987685918807983, 0.33834564685821533, -0.005258176010102034)","(0.5736805200576782, 0.42813703417778015, 0.0007541966624557972)","(0.5701811909675598, 0.5154812932014465, 0.019629230722784996)","(0.5679129362106323, 0.5760994553565979, 0.03969303146004677)","(0.610775351524353, 0.508451521396637, -0.048423927277326584)","(0.5862522721290588, 0.606144368648529, -0.007369021885097027)","(0.5715627670288086, 0.612115204334259, 0.04021982476115227)","(0.5660349130630493, 0.6037014126777649, 0.0724572092294693)","(0.6453266143798828, 0.5201026201248169, -0.026686055585741997)","(0.6183779239654541, 0.6160236597061157, 0.020727436989545822)","(0.5987661480903625, 0.6083620190620422, 0.07054509222507477)","(0.5904388427734375, 0.5893224477767944, 0.09818794578313828)","(0.6704006195068359, 0.512087345123291, 0.0026728110387921333)","(0.6445177793502808, 0.5978903770446777, 0.04393623396754265)","(0.6236673593521118, 0.5904941558837891, 0.08093977719545364)","(0.6148458123207092, 0.5694570541381836, 0.09849336743354797)","(0.687819242477417, 0.49369528889656067, 0.03191397711634636)","(0.6648042798042297, 0.5662009119987488, 0.06260305643081665)","(0.6455223560333252, 0.5673155784606934, 0.0855415090918541)","(0.6360262632369995, 0.5523526668548584, 0.10065538436174393)",Grasp
1733,"(0.6580345034599304, 0.2902072072029114, -0.00011921375698875636)","(0.5958788394927979, 0.34245872497558594, 0.0005810923757962883)","(0.5708895325660706, 0.4328477680683136, 0.006061279680579901)","(0.5662696361541748, 0.5208495259284973, 0.02290864661335945)","(0.5634378790855408, 0.582786500453949, 0.040044430643320084)","(0.6069066524505615, 0.5094374418258667, -0.048043373972177505)","(0.5848419070243835, 0.6122499108314514, -0.012899798341095448)","(0.5703972578048706, 0.6257871389389038, 0.03359198942780495)","(0.5631645321846008, 0.622154176235199, 0.06902576982975006)","(0.6423285007476807, 0.521205723285675, -0.030440013855695724)","(0.6169569492340088, 0.6240229606628418, 0.011686626821756363)","(0.5970180630683899, 0.6208699941635132, 0.06299783289432526)","(0.5874792337417603, 0.6066039204597473, 0.09431314468383789)","(0.668131411075592, 0.5140669345855713, -0.005046003498136997)","(0.6439560651779175, 0.6045990586280823, 0.03308633342385292)","(0.6223684549331665, 0.6006209850311279, 0.07339148223400116)","(0.6119087338447571, 0.5825539231300354, 0.09484948962926865)","(0.6859994530677795, 0.4967358708381653, 0.021027609705924988)","(0.6648003458976746, 0.5719059109687805, 0.05173756927251816)","(0.6457608938217163, 0.572958767414093, 0.07733143866062164)","(0.6358720064163208, 0.5579584240913391, 0.09448112547397614)",Grasp
1734,"(0.6543541550636292, 0.29955196380615234, -0.00012149590475019068)","(0.5917262434959412, 0.35249143838882446, 0.0025830280501395464)","(0.5668116211891174, 0.44558507204055786, 0.008666247129440308)","(0.562080442905426, 0.5361770987510681, 0.025694714859128)","(0.5599671602249146, 0.6003602147102356, 0.04308721795678139)","(0.6016706824302673, 0.520953357219696, -0.05180821567773819)","(0.5809576511383057, 0.6256099939346313, -0.013911142013967037)","(0.5683332681655884, 0.635924220085144, 0.03539053723216057)","(0.5632321834564209, 0.628440797328949, 0.07214684784412384)","(0.6378473043441772, 0.5326890349388123, -0.03533158078789711)","(0.6134158968925476, 0.6380889415740967, 0.009727241471409798)","(0.5949926376342773, 0.6322252154350281, 0.06270339339971542)","(0.5875962376594543, 0.6157583594322205, 0.09396788477897644)","(0.6649072170257568, 0.5258743762969971, -0.010851319879293442)","(0.6405728459358215, 0.6190831661224365, 0.029828878119587898)","(0.6207593679428101, 0.6104974746704102, 0.07155004143714905)","(0.6132996678352356, 0.5896223783493042, 0.09186635911464691)","(0.6840496063232422, 0.5090152621269226, 0.014113918878138065)","(0.6626355648040771, 0.5865461826324463, 0.046169400215148926)","(0.6443615555763245, 0.5845757722854614, 0.07285338640213013)","(0.6364707946777344, 0.5669246912002563, 0.08958873152732849)",Grasp
1735,"(0.6489961743354797, 0.31480228900909424, -0.00011576120596146211)","(0.5869203209877014, 0.3652406930923462, 0.011562502942979336)","(0.561757504940033, 0.45792335271835327, 0.022616667672991753)","(0.5581697821617126, 0.5451353192329407, 0.042528338730335236)","(0.5580463409423828, 0.6043020486831665, 0.06305539608001709)","(0.5926640033721924, 0.539977490901947, -0.04840399697422981)","(0.5741197466850281, 0.6458765864372253, -0.006214144639670849)","(0.5614587068557739, 0.6511363387107849, 0.046921342611312866)","(0.5560339689254761, 0.6390602588653564, 0.08567675948143005)","(0.629801332950592, 0.5540401339530945, -0.0359593890607357)","(0.6076725125312805, 0.6606654524803162, 0.011147658340632915)","(0.5895483493804932, 0.6530438661575317, 0.06519780308008194)","(0.5819509625434875, 0.6341025829315186, 0.09731995314359665)","(0.6582536101341248, 0.5482779145240784, -0.014086639508605003)","(0.6359135508537292, 0.6417087316513062, 0.02845502831041813)","(0.6173557639122009, 0.6270162463188171, 0.07193616032600403)","(0.6110231280326843, 0.6012346148490906, 0.09288305044174194)","(0.6785510778427124, 0.5312491059303284, 0.008840497583150864)","(0.6577557325363159, 0.6082179546356201, 0.04533703625202179)","(0.6403385996818542, 0.6008644700050354, 0.07535587251186371)","(0.6338161826133728, 0.5788952112197876, 0.09366682171821594)",Grasp
1736,"(0.6419585943222046, 0.33446693420410156, -9.823162690736353e-05)","(0.5809105634689331, 0.3848327398300171, 0.021421940997242928)","(0.5575112700462341, 0.4763670563697815, 0.03934570401906967)","(0.5550436973571777, 0.5598787665367126, 0.06440778821706772)","(0.5557059645652771, 0.6141421794891357, 0.09053678810596466)","(0.5832083225250244, 0.5696715116500854, -0.028148137032985687)","(0.5632724165916443, 0.6667747497558594, 0.018445521593093872)","(0.5521251559257507, 0.6660764813423157, 0.07190428674221039)","(0.5481743812561035, 0.6510867476463318, 0.10894657671451569)","(0.6199731826782227, 0.583373486995697, -0.017712365835905075)","(0.5980179309844971, 0.683746874332428, 0.03564196452498436)","(0.5822383761405945, 0.6721685528755188, 0.09090958535671234)","(0.5766379237174988, 0.6516680717468262, 0.12397624552249908)","(0.6489584445953369, 0.5756083726882935, 0.0023554444778710604)","(0.6274276971817017, 0.6643479466438293, 0.05124647170305252)","(0.6106690168380737, 0.6469683051109314, 0.09700348228216171)","(0.6058217883110046, 0.6194507479667664, 0.12006108462810516)","(0.6701306700706482, 0.556038498878479, 0.023216284811496735)","(0.6507877707481384, 0.6286218762397766, 0.06577763706445694)","(0.6339908838272095, 0.619494616985321, 0.09870774298906326)","(0.6282579898834229, 0.5953346490859985, 0.1200961023569107)",Grasp
1737,"(0.6310858726501465, 0.36159634590148926, -8.594032988185063e-05)","(0.5705162882804871, 0.41739344596862793, 0.026518898084759712)","(0.5500831604003906, 0.512657105922699, 0.046338170766830444)","(0.5501088500022888, 0.594275951385498, 0.07193800806999207)","(0.5531753897666931, 0.6444485187530518, 0.0976090058684349)","(0.5709471702575684, 0.5993821024894714, -0.027687134221196175)","(0.5543410778045654, 0.6982638239860535, 0.018763815984129906)","(0.5422478914260864, 0.7011493444442749, 0.07041012495756149)","(0.5361950993537903, 0.6895731687545776, 0.10512331128120422)","(0.6081316471099854, 0.6101609468460083, -0.019693247973918915)","(0.5898634791374207, 0.7161126136779785, 0.03231016919016838)","(0.574389636516571, 0.7044370174407959, 0.08482798933982849)","(0.5684168934822083, 0.6825248599052429, 0.11537196487188339)","(0.6380547285079956, 0.6022801399230957, -0.0016081552021205425)","(0.6186254024505615, 0.695529043674469, 0.048907600343227386)","(0.6028569936752319, 0.672967791557312, 0.09402221441268921)","(0.6000844240188599, 0.6425212025642395, 0.11623536795377731)","(0.6599051356315613, 0.5849093794822693, 0.01789698377251625)","(0.6409361362457275, 0.6606201529502869, 0.062592513859272)","(0.6247552037239075, 0.6468946933746338, 0.0970587357878685)","(0.6213694214820862, 0.6191713809967041, 0.11919045448303223)",Grasp
1738,"(0.6197019219398499, 0.39061206579208374, -7.16747235856019e-05)","(0.5613824129104614, 0.4489773213863373, 0.03398682177066803)","(0.542806088924408, 0.54146808385849, 0.0606996975839138)","(0.5440646409988403, 0.616506814956665, 0.09133332967758179)","(0.5471126437187195, 0.665303111076355, 0.1205611526966095)","(0.5596663951873779, 0.6405975818634033, -0.0060534290969371796)","(0.5426396131515503, 0.7273486852645874, 0.044848084449768066)","(0.5317007303237915, 0.7341761589050293, 0.09711197763681412)","(0.5239399075508118, 0.7297883033752441, 0.13241586089134216)","(0.596337080001831, 0.6528965830802917, 0.0012573720887303352)","(0.5784602761268616, 0.7476948499679565, 0.06020847707986832)","(0.5648676753044128, 0.7385515570640564, 0.11767827719449997)","(0.557681679725647, 0.7208168506622314, 0.15219829976558685)","(0.6262615323066711, 0.6431195735931396, 0.018088342621922493)","(0.6090639233589172, 0.724994421005249, 0.07342669367790222)","(0.5938044190406799, 0.7086682319641113, 0.12250439822673798)","(0.5888739228248596, 0.6855296492576599, 0.14811597764492035)","(0.6482822299003601, 0.620732843875885, 0.03684777393937111)","(0.6316481828689575, 0.6845346093177795, 0.0847262367606163)","(0.6151534914970398, 0.67421954870224, 0.11856858432292938)","(0.6092599034309387, 0.6536208391189575, 0.14002612233161926)",Grasp
1739,"(0.6071244478225708, 0.4209250807762146, -6.0130423662485555e-05)","(0.5491241812705994, 0.4783415198326111, 0.047025177627801895)","(0.5318253040313721, 0.5665361881256104, 0.079389289021492)","(0.5356727242469788, 0.636410117149353, 0.11159815639257431)","(0.5411768555641174, 0.679072916507721, 0.14331358671188354)","(0.5445241332054138, 0.6726447343826294, 0.01579314097762108)","(0.5325777530670166, 0.7620378732681274, 0.06929704546928406)","(0.5255565047264099, 0.7678444385528564, 0.12086006253957748)","(0.5205715298652649, 0.7594740390777588, 0.15522874891757965)","(0.5807311534881592, 0.6841597557067871, 0.01701178029179573)","(0.5692828893661499, 0.7779405117034912, 0.07802990823984146)","(0.5610985159873962, 0.7696186304092407, 0.1346706748008728)","(0.557470440864563, 0.7494066953659058, 0.16980312764644623)","(0.6117780208587646, 0.674536406993866, 0.027452435344457626)","(0.5997741222381592, 0.753381609916687, 0.08725494891405106)","(0.5885868072509766, 0.7344133853912354, 0.13671864569187164)","(0.5866014957427979, 0.7083905935287476, 0.16224659979343414)","(0.6365090608596802, 0.6524046659469604, 0.04032067209482193)","(0.6247725486755371, 0.7134047150611877, 0.09197328984737396)","(0.6112722754478455, 0.7019715905189514, 0.12711678445339203)","(0.6077964305877686, 0.6789320707321167, 0.14849860966205597)",Grasp
1740,"(0.5968161225318909, 0.4501536786556244, -6.464764737756923e-05)","(0.5404894351959229, 0.5059259533882141, 0.04520170018076897)","(0.5233229994773865, 0.591171145439148, 0.07506353408098221)","(0.5262283086776733, 0.6622539758682251, 0.10564420372247696)","(0.5327457785606384, 0.7062357068061829, 0.13766321539878845)","(0.5370206832885742, 0.6978840231895447, 0.01347824651747942)","(0.5242790579795837, 0.7858191728591919, 0.07065035402774811)","(0.5197784900665283, 0.7766992449760437, 0.12411928176879883)","(0.5192520618438721, 0.7549033761024475, 0.15759193897247314)","(0.5735000967979431, 0.7096443772315979, 0.01495797373354435)","(0.5618205666542053, 0.8050299286842346, 0.07394390553236008)","(0.5534744262695312, 0.7936235666275024, 0.1301027238368988)","(0.5514539480209351, 0.7688497304916382, 0.16380074620246887)","(0.6044176816940308, 0.6987907886505127, 0.02581920102238655)","(0.5941876173019409, 0.7832685708999634, 0.08139737695455551)","(0.5820837020874023, 0.7664108872413635, 0.13006091117858887)","(0.5796127319335938, 0.7396517395973206, 0.15490715205669403)","(0.628575325012207, 0.6747686266899109, 0.040014516562223434)","(0.6186029314994812, 0.7386645078659058, 0.08765531331300735)","(0.6046749949455261, 0.7291667461395264, 0.12183859199285507)","(0.6006238460540771, 0.7058825492858887, 0.14320465922355652)",Grasp
1741,"(0.5860334038734436, 0.47943150997161865, -5.836873970110901e-05)","(0.5295558571815491, 0.5386911630630493, 0.05379199609160423)","(0.5145663619041443, 0.6188555955886841, 0.08622419089078903)","(0.5170592069625854, 0.6875157356262207, 0.11578314006328583)","(0.5255829691886902, 0.73123699426651, 0.1477666199207306)","(0.5251562595367432, 0.7274046540260315, 0.026022212579846382)","(0.5150756239891052, 0.807389497756958, 0.08581097424030304)","(0.5163778066635132, 0.7840007543563843, 0.1370200514793396)","(0.5202028155326843, 0.7513550519943237, 0.16783632338047028)","(0.5612006187438965, 0.7371692061424255, 0.021983370184898376)","(0.5521711707115173, 0.8300721645355225, 0.0823318287730217)","(0.5492725968360901, 0.8134657144546509, 0.13751788437366486)","(0.5502265095710754, 0.7845934629440308, 0.17115150392055511)","(0.5932644009590149, 0.725051760673523, 0.02787437103688717)","(0.5873450040817261, 0.8098582625389099, 0.0824199914932251)","(0.5792580842971802, 0.79241544008255, 0.1302707940340042)","(0.5777608752250671, 0.764571487903595, 0.1557251662015915)","(0.6199567317962646, 0.6980593800544739, 0.037183728069067)","(0.6141999959945679, 0.7641745805740356, 0.08441773802042007)","(0.602220892906189, 0.7528553605079651, 0.11901788413524628)","(0.5977777242660522, 0.7277680039405823, 0.14186067879199982)",Grasp
1742,"(0.5805199146270752, 0.502378523349762, -5.248977322480641e-05)","(0.525456428527832, 0.5639158487319946, 0.051071811467409134)","(0.5102015733718872, 0.6419958472251892, 0.07894778996706009)","(0.5116309523582458, 0.7105586528778076, 0.10545338690280914)","(0.5204209685325623, 0.7563250064849854, 0.13539062440395355)","(0.5216482877731323, 0.7491059303283691, 0.01990385167300701)","(0.5139283537864685, 0.8245137929916382, 0.08125808089971542)","(0.51781165599823, 0.7988044619560242, 0.13546957075595856)","(0.5231320261955261, 0.7658038139343262, 0.16814294457435608)","(0.5578863620758057, 0.7602899670600891, 0.016084609553217888)","(0.5519429445266724, 0.8509395122528076, 0.07493270933628082)","(0.5496509671211243, 0.8355915546417236, 0.12936624884605408)","(0.55076664686203, 0.8061847686767578, 0.16205978393554688)","(0.5900278091430664, 0.7470870614051819, 0.022749751806259155)","(0.5862175226211548, 0.8285152912139893, 0.07791129499673843)","(0.5787946581840515, 0.812058687210083, 0.12503977119922638)","(0.577318012714386, 0.7856850028038025, 0.1480233520269394)","(0.6164928078651428, 0.7178318500518799, 0.03301655501127243)","(0.6121793985366821, 0.7795317769050598, 0.08099944144487381)","(0.6018760204315186, 0.7676674127578735, 0.11367291212081909)","(0.5981384515762329, 0.7438867688179016, 0.1345721185207367)",Grasp
1743,"(0.5741905570030212, 0.5153992772102356, -4.72324900329113e-05)","(0.5217223167419434, 0.5847419500350952, 0.05615093931555748)","(0.5086051821708679, 0.662209689617157, 0.08505363762378693)","(0.5090157389640808, 0.7276607751846313, 0.11079737544059753)","(0.5172670483589172, 0.7692134380340576, 0.13895876705646515)","(0.5178027153015137, 0.761011004447937, 0.02651372365653515)","(0.5215511918067932, 0.8300620913505554, 0.08860604465007782)","(0.5259122848510742, 0.7986204624176025, 0.14063385128974915)","(0.5280629992485046, 0.7659115195274353, 0.1699613779783249)","(0.5536587834358215, 0.7713457942008972, 0.01776190660893917)","(0.5558893084526062, 0.8587749600410461, 0.07728999853134155)","(0.5551554560661316, 0.8334408402442932, 0.12938663363456726)","(0.5540856719017029, 0.7989619374275208, 0.1595667153596878)","(0.5864589214324951, 0.760470449924469, 0.020163821056485176)","(0.5869389176368713, 0.8382897973060608, 0.07831345498561859)","(0.5821529626846313, 0.8164147138595581, 0.12394194304943085)","(0.5804182887077332, 0.7876214385032654, 0.14335818588733673)","(0.6147407293319702, 0.7344333529472351, 0.025726493448019028)","(0.6137393116950989, 0.7944154739379883, 0.07478179037570953)","(0.6049802303314209, 0.7802841067314148, 0.10607738047838211)","(0.6007958650588989, 0.755599319934845, 0.12486590445041656)",Grasp
1744,"(0.5689619183540344, 0.530335009098053, -6.75435658195056e-05)","(0.5183061361312866, 0.6035366058349609, 0.056868452578783035)","(0.5059452652931213, 0.6800327897071838, 0.08510852605104446)","(0.5085128545761108, 0.7447489500045776, 0.11009952425956726)","(0.5192382335662842, 0.7830820083618164, 0.13683733344078064)","(0.5151231288909912, 0.7785987257957458, 0.023702742531895638)","(0.5231757760047913, 0.8470928072929382, 0.08641821146011353)","(0.528673529624939, 0.8152903914451599, 0.13690456748008728)","(0.5300076603889465, 0.7824902534484863, 0.16449475288391113)","(0.5514732599258423, 0.7868614196777344, 0.013748209923505783)","(0.5569592714309692, 0.8667260408401489, 0.07692878693342209)","(0.5578303337097168, 0.8389331102371216, 0.12697377800941467)","(0.5567112565040588, 0.8058031797409058, 0.15335550904273987)","(0.5848533511161804, 0.7741190195083618, 0.015350956469774246)","(0.587580144405365, 0.8430954813957214, 0.07724016159772873)","(0.5840259194374084, 0.8193748593330383, 0.12002649903297424)","(0.582280695438385, 0.7912042737007141, 0.1356239914894104)","(0.613691508769989, 0.747655987739563, 0.01959247887134552)","(0.6136361956596375, 0.8013967871665955, 0.07062788307666779)","(0.6058057546615601, 0.7864769101142883, 0.10058174282312393)","(0.6019493341445923, 0.7638867497444153, 0.1172112226486206)",Grasp
1745,"(0.5688678622245789, 0.5410301089286804, -6.602202483918518e-05)","(0.5173454880714417, 0.6084815263748169, 0.054161086678504944)","(0.5045884251594543, 0.6853046417236328, 0.08264718949794769)","(0.5068445205688477, 0.7493846416473389, 0.10946410894393921)","(0.5169878602027893, 0.7883582711219788, 0.13736911118030548)","(0.5126333832740784, 0.7822850346565247, 0.015703774988651276)","(0.5167580842971802, 0.8503164052963257, 0.07807041704654694)","(0.5220441818237305, 0.8184041976928711, 0.12750816345214844)","(0.5251861214637756, 0.7859495282173157, 0.15377196669578552)","(0.548682451248169, 0.7919188737869263, 0.007920347154140472)","(0.550817608833313, 0.8715773820877075, 0.07071071863174438)","(0.5528234243392944, 0.8458672165870667, 0.1218675971031189)","(0.5534727573394775, 0.8145133256912231, 0.14953239262104034)","(0.581912100315094, 0.7805681824684143, 0.011818801052868366)","(0.5820803642272949, 0.8519845604896545, 0.07247763127088547)","(0.5790992975234985, 0.8296784162521362, 0.11556193977594376)","(0.5783540606498718, 0.8024765849113464, 0.13142459094524384)","(0.6110667586326599, 0.7553832530975342, 0.018738942220807076)","(0.6089164614677429, 0.8113604187965393, 0.06834210455417633)","(0.6008991599082947, 0.7986286282539368, 0.09851430356502533)","(0.597507119178772, 0.7785280346870422, 0.11526510119438171)",Grasp
1746,"(0.5679900050163269, 0.5455923080444336, -7.498974446207285e-05)","(0.5154566168785095, 0.6128684878349304, 0.05576154217123985)","(0.5031810998916626, 0.687199056148529, 0.08344073593616486)","(0.5064296126365662, 0.7499278783798218, 0.10934747010469437)","(0.5166682004928589, 0.7866148352622986, 0.13694892823696136)","(0.5111715793609619, 0.7844306826591492, 0.014467251487076283)","(0.5168744325637817, 0.8532472252845764, 0.07536014169454575)","(0.5218032598495483, 0.8185948729515076, 0.12381205707788467)","(0.5239051580429077, 0.7846852540969849, 0.14959816634655)","(0.5475528240203857, 0.7938334345817566, 0.004691658075898886)","(0.5512231588363647, 0.8711988925933838, 0.06673022359609604)","(0.5527274012565613, 0.8410727977752686, 0.11631129682064056)","(0.5522271394729614, 0.8068926334381104, 0.1411685049533844)","(0.581434428691864, 0.781238853931427, 0.0071224006824195385)","(0.5824010372161865, 0.8499945402145386, 0.06689944118261337)","(0.5793478488922119, 0.826069712638855, 0.10834204405546188)","(0.5783189535140991, 0.7977449893951416, 0.12234604358673096)","(0.6112569570541382, 0.7549073696136475, 0.013142590411007404)","(0.6100572347640991, 0.8076102137565613, 0.06271377205848694)","(0.6026340126991272, 0.792522668838501, 0.0926569402217865)","(0.5990530252456665, 0.7708396911621094, 0.10934362560510635)",Grasp
1747,"(0.5664727091789246, 0.5506503582000732, -7.812655530869961e-05)","(0.5137829184532166, 0.6113172769546509, 0.056491415947675705)","(0.5012956857681274, 0.6820703744888306, 0.08506233990192413)","(0.5052365660667419, 0.7410773634910583, 0.11209104210138321)","(0.515436589717865, 0.7757740020751953, 0.1412619650363922)","(0.5091210603713989, 0.7834286093711853, 0.014754973351955414)","(0.5134479999542236, 0.8508886098861694, 0.07560618966817856)","(0.5187280774116516, 0.8155305981636047, 0.1232399269938469)","(0.5214954018592834, 0.7808425426483154, 0.14884890615940094)","(0.5457696318626404, 0.7943392992019653, 0.00562203349545598)","(0.5477743744850159, 0.871978223323822, 0.06809740513563156)","(0.5494269132614136, 0.8407722115516663, 0.11722392588853836)","(0.5495988726615906, 0.8058459758758545, 0.14109785854816437)","(0.5796037912368774, 0.7824633121490479, 0.008874303661286831)","(0.5792919993400574, 0.8518292903900146, 0.06856542825698853)","(0.5760068893432617, 0.8270492553710938, 0.11042913049459457)","(0.575611412525177, 0.7988157272338867, 0.12437395006418228)","(0.6092244386672974, 0.7561149597167969, 0.01600796729326248)","(0.6074240803718567, 0.8088279366493225, 0.06622707098722458)","(0.5997270345687866, 0.7922285795211792, 0.09727396070957184)","(0.5967271327972412, 0.7701810002326965, 0.11434570699930191)",Grasp
1748,"(0.5686064958572388, 0.5523947477340698, -7.837656448828056e-05)","(0.5160517692565918, 0.6116241812705994, 0.05489935353398323)","(0.503142774105072, 0.6842905282974243, 0.08267360180616379)","(0.5071479082107544, 0.7441035509109497, 0.10922813415527344)","(0.5185487270355225, 0.7801772952079773, 0.1381663829088211)","(0.510528564453125, 0.7823379635810852, 0.009605910629034042)","(0.5095889568328857, 0.8493490219116211, 0.07063222676515579)","(0.5150978565216064, 0.8160350918769836, 0.11817706376314163)","(0.5189199447631836, 0.7829418182373047, 0.14360876381397247)","(0.5480846166610718, 0.7931767702102661, 0.0022831556852906942)","(0.5481284856796265, 0.8711003065109253, 0.06568632274866104)","(0.549333930015564, 0.8408858776092529, 0.11645111441612244)","(0.5492879748344421, 0.806655764579773, 0.1422511339187622)","(0.5823805928230286, 0.7816135883331299, 0.00781665463000536)","(0.5812823176383972, 0.8500722646713257, 0.0691697895526886)","(0.5773603320121765, 0.8261972665786743, 0.11163866519927979)","(0.5760965347290039, 0.7991163730621338, 0.12609951198101044)","(0.6122682094573975, 0.7566324472427368, 0.01696706935763359)","(0.6084836721420288, 0.8093475699424744, 0.06996016949415207)","(0.6007363200187683, 0.7934224009513855, 0.10263237357139587)","(0.5978795289993286, 0.7715972065925598, 0.12093457579612732)",Grasp
1749,"(0.5698432922363281, 0.553633987903595, -7.414293941110373e-05)","(0.517276406288147, 0.6076896786689758, 0.053771112114191055)","(0.5031445026397705, 0.6819090843200684, 0.07989457249641418)","(0.5088397264480591, 0.7436394095420837, 0.10495664924383163)","(0.5187066793441772, 0.7800031304359436, 0.13228388130664825)","(0.5097382664680481, 0.7816234827041626, 0.0020766127854585648)","(0.5107324719429016, 0.8628138899803162, 0.06139596551656723)","(0.5163893103599548, 0.8350504040718079, 0.11400807648897171)","(0.5203874707221985, 0.8016880750656128, 0.1457744985818863)","(0.5471097230911255, 0.792793333530426, -0.005572775844484568)","(0.5490645170211792, 0.8693291544914246, 0.05943075940012932)","(0.5495752692222595, 0.8379595279693604, 0.11410243809223175)","(0.5486368536949158, 0.8056160807609558, 0.14041680097579956)","(0.5815418362617493, 0.7806628942489624, -0.0005938159883953631)","(0.5807432532310486, 0.8480947017669678, 0.060783833265304565)","(0.5756941437721252, 0.8223048448562622, 0.1054839938879013)","(0.5737428069114685, 0.794208824634552, 0.12117313593626022)","(0.6112755537033081, 0.7553331851959229, 0.008194955997169018)","(0.6058839559555054, 0.8066008687019348, 0.060992710292339325)","(0.5983351469039917, 0.7891948819160461, 0.09296530485153198)","(0.5961354970932007, 0.7675674557685852, 0.11009372025728226)",Grasp
1750,"(0.5718491077423096, 0.5504749417304993, -8.327449177158996e-05)","(0.5209296941757202, 0.6019352078437805, 0.05401371046900749)","(0.5058069229125977, 0.6753162741661072, 0.07846900820732117)","(0.5106841325759888, 0.7398338913917542, 0.10155078768730164)","(0.5199097394943237, 0.780023455619812, 0.12638527154922485)","(0.5126695036888123, 0.7732128500938416, -0.010173390619456768)","(0.5145587921142578, 0.8654259443283081, 0.04807073250412941)","(0.5181991457939148, 0.8447157144546509, 0.10606273263692856)","(0.5208390951156616, 0.8128641843795776, 0.14356674253940582)","(0.549795925617218, 0.7849270105361938, -0.017771299928426743)","(0.5518883466720581, 0.861482560634613, 0.04899146407842636)","(0.5504270792007446, 0.8288050293922424, 0.10696490108966827)","(0.54920893907547, 0.7980945110321045, 0.13320496678352356)","(0.584463894367218, 0.7737488746643066, -0.01255683321505785)","(0.5817700028419495, 0.8341039419174194, 0.05231548100709915)","(0.5756624937057495, 0.8070549964904785, 0.09755270928144455)","(0.5746105313301086, 0.781237006187439, 0.11093944311141968)","(0.6140598654747009, 0.7511925101280212, -0.0034272181801497936)","(0.6066713929176331, 0.8002972602844238, 0.05230068787932396)","(0.5988129377365112, 0.7809596061706543, 0.08442814648151398)","(0.5975043773651123, 0.759864866733551, 0.09928931295871735)",Grasp
1751,"(0.5731255412101746, 0.5457515120506287, -8.2898281107191e-05)","(0.5220509767532349, 0.6000669598579407, 0.04921993985772133)","(0.5081237554550171, 0.6742963194847107, 0.07378967106342316)","(0.5141527652740479, 0.7377728819847107, 0.09791172295808792)","(0.5233482122421265, 0.7773049473762512, 0.1227785274386406)","(0.5186793208122253, 0.7721218466758728, -0.010647247545421124)","(0.5218770503997803, 0.8666093349456787, 0.0458294078707695)","(0.5228003859519958, 0.8438818454742432, 0.10170232504606247)","(0.5244105458259583, 0.8084514141082764, 0.13787604868412018)","(0.5555808544158936, 0.7815943956375122, -0.0148664191365242)","(0.5581015944480896, 0.8524292707443237, 0.05468299239873886)","(0.5541771650314331, 0.8175650238990784, 0.10878127068281174)","(0.5524810552597046, 0.7853327989578247, 0.1296169012784958)","(0.5891261696815491, 0.7694762945175171, -0.007420928217470646)","(0.5863996148109436, 0.8223804235458374, 0.05946342274546623)","(0.5788218975067139, 0.7947973012924194, 0.09832526743412018)","(0.5777168273925781, 0.7682251334190369, 0.10628744959831238)","(0.617883563041687, 0.747557520866394, 0.0034930442925542593)","(0.609815239906311, 0.7918509244918823, 0.05948526784777641)","(0.601142942905426, 0.7715851664543152, 0.08813901990652084)","(0.599617600440979, 0.7489743232727051, 0.09885503351688385)",Grasp
1752,"(0.5824652314186096, 0.5365006923675537, -6.183129880810156e-05)","(0.5285425782203674, 0.5859484672546387, 0.03977419435977936)","(0.5137385129928589, 0.663826048374176, 0.06178171932697296)","(0.522030770778656, 0.7290518879890442, 0.08632314950227737)","(0.5317753553390503, 0.7689339518547058, 0.11395358294248581)","(0.5276370644569397, 0.7656946778297424, -0.013696076348423958)","(0.526488184928894, 0.860946536064148, 0.04240059852600098)","(0.524979293346405, 0.8385748267173767, 0.09875726699829102)","(0.5265367031097412, 0.803784191608429, 0.13592535257339478)","(0.5656571984291077, 0.7738555669784546, -0.012369531206786633)","(0.5632240176200867, 0.8507676124572754, 0.054587580263614655)","(0.5569856762886047, 0.8195214867591858, 0.10989878326654434)","(0.5556101202964783, 0.7884458899497986, 0.13347239792346954)","(0.5988346934318542, 0.7585999369621277, -0.0007305400213226676)","(0.5918363332748413, 0.8191284537315369, 0.06242532655596733)","(0.581823468208313, 0.7926427125930786, 0.10324378311634064)","(0.5804014801979065, 0.7637808322906494, 0.11570576578378677)","(0.6262041926383972, 0.7337889075279236, 0.01461701188236475)","(0.6155120134353638, 0.7830423712730408, 0.06603263318538666)","(0.6053295135498047, 0.7635948061943054, 0.09596574306488037)","(0.6035968661308289, 0.7385157942771912, 0.11052695661783218)",Grasp
1753,"(0.5929902195930481, 0.5261900424957275, -6.184866651892662e-05)","(0.5350598692893982, 0.5687188506126404, 0.0288341473788023)","(0.5167878866195679, 0.6528826951980591, 0.047490302473306656)","(0.524609386920929, 0.7236359119415283, 0.07258197665214539)","(0.5332009792327881, 0.7671418190002441, 0.10378997772932053)","(0.5345432758331299, 0.7507448792457581, -0.028571613132953644)","(0.5279846787452698, 0.8537088632583618, 0.025370992720127106)","(0.5243940949440002, 0.8326549530029297, 0.08245077729225159)","(0.5269390940666199, 0.7993828654289246, 0.11988515406847)","(0.5737093091011047, 0.7585638165473938, -0.02170034497976303)","(0.5667949914932251, 0.8506630659103394, 0.037674933671951294)","(0.5580944418907166, 0.8219797015190125, 0.09560094028711319)","(0.5558568835258484, 0.7887067794799805, 0.1244010478258133)","(0.6064066290855408, 0.7423462271690369, -0.005323035176843405)","(0.5954883694648743, 0.8218889236450195, 0.050218336284160614)","(0.5831372737884521, 0.7966164350509644, 0.09486310184001923)","(0.5807729959487915, 0.76397705078125, 0.11300600320100784)","(0.6318774819374084, 0.7157228589057922, 0.014873743057250977)","(0.6181816458702087, 0.7740974426269531, 0.05959917604923248)","(0.6065792441368103, 0.7560365796089172, 0.08980958163738251)","(0.6041361689567566, 0.7292511463165283, 0.10655149072408676)",Grasp
1754,"(0.599155604839325, 0.5058284997940063, -6.189712439663708e-05)","(0.5416020154953003, 0.5557157397270203, 0.023628326132893562)","(0.5208587050437927, 0.6433677077293396, 0.035221461206674576)","(0.5203470587730408, 0.7202280163764954, 0.05401676148176193)","(0.5250437259674072, 0.7709522247314453, 0.07774312794208527)","(0.5458132028579712, 0.7300211191177368, -0.034614380449056625)","(0.5377172231674194, 0.8393713235855103, 0.010285630822181702)","(0.527736246585846, 0.833694338798523, 0.06280167400836945)","(0.5253589749336243, 0.8103187680244446, 0.09775527566671371)","(0.585392415523529, 0.735413670539856, -0.026098117232322693)","(0.5783461928367615, 0.8419498205184937, 0.024064568802714348)","(0.5644972324371338, 0.8222665190696716, 0.08377795666456223)","(0.5598323345184326, 0.7928100228309631, 0.11840205639600754)","(0.6176114678382874, 0.7180496454238892, -0.009328551590442657)","(0.6040747165679932, 0.8102967143058777, 0.04105649143457413)","(0.5882708430290222, 0.7925409078598022, 0.08888739347457886)","(0.5845855474472046, 0.763215959072113, 0.11159273982048035)","(0.6418654322624207, 0.6904959082603455, 0.01072231400758028)","(0.6254380941390991, 0.7582427859306335, 0.05252700671553612)","(0.6112935543060303, 0.7453213334083557, 0.08250714838504791)","(0.6080707907676697, 0.7202850580215454, 0.1013023629784584)",Move
1755,"(0.6099936962127686, 0.48541712760925293, -7.270110654644668e-05)","(0.5499891042709351, 0.5347270369529724, 0.01721171848475933)","(0.5269587635993958, 0.6256626844406128, 0.022488992661237717)","(0.5248730182647705, 0.71331387758255, 0.037453748285770416)","(0.5283902287483215, 0.7733095288276672, 0.0561981238424778)","(0.5589631199836731, 0.7032642364501953, -0.04560767486691475)","(0.5468823909759521, 0.8146742582321167, -0.0038454148452728987)","(0.5339397192001343, 0.8182337284088135, 0.046014051884412766)","(0.5299832820892334, 0.8022027015686035, 0.0786878690123558)","(0.5977530479431152, 0.7113882303237915, -0.035269442945718765)","(0.5875089764595032, 0.827539324760437, 0.01076376810669899)","(0.5700019598007202, 0.8122314214706421, 0.06945598125457764)","(0.5641863346099854, 0.7829644083976746, 0.10384160280227661)","(0.628450334072113, 0.698399007320404, -0.0162142775952816)","(0.6111083030700684, 0.7957643270492554, 0.032333854585886)","(0.5924627184867859, 0.7760442495346069, 0.0767059400677681)","(0.5880297422409058, 0.744714081287384, 0.09505394101142883)","(0.6505665183067322, 0.6763951778411865, 0.005421427544206381)","(0.6301270723342896, 0.7484978437423706, 0.04773915559053421)","(0.6141848564147949, 0.7342016696929932, 0.07663579285144806)","(0.6117241978645325, 0.7073895335197449, 0.0920652374625206)",Move
1756,"(0.6213475465774536, 0.4593813121318817, -7.988706056494266e-05)","(0.5578862428665161, 0.5108001232147217, 0.004987471271306276)","(0.5356360673904419, 0.6060080528259277, 0.008836801163852215)","(0.5357296466827393, 0.6924605965614319, 0.025528259575366974)","(0.5384257435798645, 0.7510626912117004, 0.04397355020046234)","(0.5751587748527527, 0.6853548288345337, -0.052222028374671936)","(0.557844877243042, 0.7870959639549255, -0.00938364863395691)","(0.5412526726722717, 0.7890069484710693, 0.041152000427246094)","(0.5353823900222778, 0.7726754546165466, 0.07287382334470749)","(0.6140339970588684, 0.6885141730308533, -0.034455228596925735)","(0.6020498871803284, 0.8023619055747986, 0.008438711054623127)","(0.5803287029266357, 0.7938461303710938, 0.06357119977474213)","(0.5709983110427856, 0.7665920853614807, 0.09728354215621948)","(0.6419504880905151, 0.6708258986473083, -0.008643077686429024)","(0.6247140765190125, 0.7686467170715332, 0.03628719598054886)","(0.6009870767593384, 0.7608637809753418, 0.07828815281391144)","(0.5912298560142517, 0.733730137348175, 0.09778011590242386)","(0.6600310206413269, 0.6446950435638428, 0.018731117248535156)","(0.6383157968521118, 0.7177571654319763, 0.057345759123563766)","(0.6190398335456848, 0.7124326229095459, 0.08304256945848465)","(0.6130379438400269, 0.6889058351516724, 0.09879972040653229)",Move
1757,"(0.6348709464073181, 0.42827290296554565, -7.764009205857292e-05)","(0.5755555033683777, 0.4764757752418518, 0.00031398431747220457)","(0.551540195941925, 0.5719165205955505, 0.0008727646199986339)","(0.5495911240577698, 0.6584361791610718, 0.01543716061860323)","(0.5557619333267212, 0.7173495292663574, 0.031221402809023857)","(0.5883071422576904, 0.6453436613082886, -0.06237340345978737)","(0.5729705095291138, 0.7551813721656799, -0.03136632218956947)","(0.5547771453857422, 0.7704312801361084, 0.013750537298619747)","(0.5456502437591553, 0.7597296237945557, 0.04424420744180679)","(0.6275206804275513, 0.6513875126838684, -0.04223647341132164)","(0.6169885993003845, 0.7714648246765137, -0.007276555057615042)","(0.5943962335586548, 0.7727676630020142, 0.04732004180550575)","(0.5826752781867981, 0.7489227056503296, 0.08288833498954773)","(0.6557449698448181, 0.6365392804145813, -0.014962123706936836)","(0.6384989023208618, 0.7341031432151794, 0.025360126048326492)","(0.6147791147232056, 0.7294512391090393, 0.06699714809656143)","(0.6039165258407593, 0.7033893465995789, 0.08811885118484497)","(0.6742473244667053, 0.6125828623771667, 0.01335501205176115)","(0.652467668056488, 0.6869143843650818, 0.05019648000597954)","(0.6333143711090088, 0.6837890148162842, 0.07661799341440201)","(0.6256137490272522, 0.6611505150794983, 0.09449129551649094)",Move
1758,"(0.6427807211875916, 0.39565759897232056, -6.210010178619996e-05)","(0.5855691432952881, 0.44920840859413147, 0.011917590163648129)","(0.5669801235198975, 0.5438380837440491, 0.019192282110452652)","(0.5700149536132812, 0.6235740184783936, 0.03830769285559654)","(0.5784325003623962, 0.6750035285949707, 0.058534715324640274)","(0.5953464508056641, 0.6195259690284729, -0.049989644438028336)","(0.5817209482192993, 0.7261685729026794, -0.01680663786828518)","(0.5659440755844116, 0.7370705008506775, 0.03011261112987995)","(0.5586207509040833, 0.7224403619766235, 0.06178862974047661)","(0.6346675753593445, 0.6257519125938416, -0.03359713777899742)","(0.6268826723098755, 0.7389914989471436, 0.0034373889211565256)","(0.6075173020362854, 0.737460196018219, 0.05766139179468155)","(0.5980184078216553, 0.7103111743927002, 0.0926687940955162)","(0.6635791063308716, 0.6084277629852295, -0.009848385117948055)","(0.6476082801818848, 0.7006089091300964, 0.0360407717525959)","(0.6254008412361145, 0.6933240294456482, 0.07883386313915253)","(0.616356372833252, 0.666164755821228, 0.09890604019165039)","(0.6827813386917114, 0.5808972716331482, 0.01631610095500946)","(0.6602279543876648, 0.649911642074585, 0.05878959968686104)","(0.6423439979553223, 0.643613338470459, 0.08654210716485977)","(0.6366042494773865, 0.6205649971961975, 0.10399967432022095)",Move
1759,"(0.6544413566589355, 0.36368703842163086, -7.167187141021714e-05)","(0.5989288687705994, 0.4185035526752472, 0.011337838135659695)","(0.5801202058792114, 0.5145974159240723, 0.018188871443271637)","(0.5836380124092102, 0.5951746106147766, 0.0360359251499176)","(0.5932848453521729, 0.6442385315895081, 0.054564110934734344)","(0.6091880202293396, 0.5800758600234985, -0.05168190971016884)","(0.5969408750534058, 0.6867866516113281, -0.029410379007458687)","(0.5816675424575806, 0.7122125029563904, 0.006133737042546272)","(0.5730165839195251, 0.7134547233581543, 0.03052762895822525)","(0.6480123996734619, 0.587384819984436, -0.03576509654521942)","(0.6396259665489197, 0.6998955011367798, -0.0016846251673996449)","(0.619568943977356, 0.7025872468948364, 0.049404870718717575)","(0.6088864207267761, 0.6794321537017822, 0.0812830924987793)","(0.6768288612365723, 0.5733811855316162, -0.01325451210141182)","(0.6609814763069153, 0.6640437841415405, 0.029065800830721855)","(0.6382894515991211, 0.6597774028778076, 0.06993335485458374)","(0.6281535625457764, 0.6336705088615417, 0.08931542932987213)","(0.6959102749824524, 0.5488970279693604, 0.011426949873566628)","(0.6748316287994385, 0.6185822486877441, 0.05255771428346634)","(0.657153844833374, 0.6135849952697754, 0.08012516051530838)","(0.649785041809082, 0.5902248024940491, 0.09645824879407883)",Move
1760,"(0.6652452945709229, 0.3342326879501343, -8.536216046195477e-05)","(0.610204815864563, 0.39133715629577637, 0.011210652068257332)","(0.5929542183876038, 0.48486918210983276, 0.017645644024014473)","(0.5969036221504211, 0.5676966309547424, 0.03477608412504196)","(0.6058988571166992, 0.6220639944076538, 0.05320025607943535)","(0.6224357485771179, 0.5462295413017273, -0.06135303154587746)","(0.6125072240829468, 0.662693202495575, -0.03657563403248787)","(0.597449779510498, 0.6847018003463745, 0.005903448443859816)","(0.5892395973205566, 0.6813017725944519, 0.03594493493437767)","(0.6602613925933838, 0.5537797808647156, -0.046531226485967636)","(0.6498007774353027, 0.6687092185020447, -0.010069075040519238)","(0.6296260356903076, 0.6696978807449341, 0.04609159380197525)","(0.6196500658988953, 0.6492789387702942, 0.0802493616938591)","(0.6888870596885681, 0.5433472990989685, -0.02408597245812416)","(0.670735776424408, 0.6375905871391296, 0.01690826006233692)","(0.6498636603355408, 0.6337155699729919, 0.06346848607063293)","(0.6415514945983887, 0.6107698678970337, 0.08715561777353287)","(0.7089566588401794, 0.5242524743080139, 2.081821185129229e-05)","(0.6867888569831848, 0.5960775017738342, 0.03947104141116142)","(0.6699252724647522, 0.5922248959541321, 0.07017151266336441)","(0.6636227369308472, 0.5726184844970703, 0.08970005065202713)",Move
1761,"(0.6753304600715637, 0.31114476919174194, -7.568449655082077e-05)","(0.6194181442260742, 0.3683687448501587, 0.004109404981136322)","(0.6023458242416382, 0.4668905436992645, 0.008229242637753487)","(0.6058673858642578, 0.5537601113319397, 0.02408849447965622)","(0.6133729815483093, 0.6122246384620667, 0.04223219305276871)","(0.6351608037948608, 0.5269525051116943, -0.06637238711118698)","(0.6230019330978394, 0.6401281952857971, -0.027396932244300842)","(0.6081043481826782, 0.6451287269592285, 0.027736175805330276)","(0.6025050282478333, 0.6298027038574219, 0.06558223068714142)","(0.6728214025497437, 0.5328195691108704, -0.05009403079748154)","(0.6593849658966064, 0.6457582712173462, -0.010042611509561539)","(0.6386502385139465, 0.6418389081954956, 0.04764549061655998)","(0.6297942399978638, 0.6202569603919983, 0.08305832743644714)","(0.7011443376541138, 0.5214479565620422, -0.02556360512971878)","(0.6815159320831299, 0.6164530515670776, 0.01644211821258068)","(0.6604493260383606, 0.6072859168052673, 0.06340909749269485)","(0.6530506610870361, 0.582223653793335, 0.08750245720148087)","(0.7208477258682251, 0.5033199191093445, -0.00020160735584795475)","(0.6988884806632996, 0.5765356421470642, 0.03709973394870758)","(0.6808930039405823, 0.5696583390235901, 0.06651800870895386)","(0.6749892830848694, 0.5486688017845154, 0.08578003197908401)",Move
1762,"(0.684237003326416, 0.2914382219314575, -9.57600714173168e-05)","(0.6288591027259827, 0.3479344844818115, 0.010150152258574963)","(0.6106677055358887, 0.4416794180870056, 0.017510030418634415)","(0.6134182214736938, 0.5235835909843445, 0.035303160548210144)","(0.6192129254341125, 0.5770596861839294, 0.05552780628204346)","(0.6433532238006592, 0.5075218677520752, -0.047827545553445816)","(0.6284481287002563, 0.6175188422203064, -0.012134736403822899)","(0.614399254322052, 0.6260219812393188, 0.03368205577135086)","(0.6089344620704651, 0.6112967729568481, 0.06559205055236816)","(0.6794528365135193, 0.515522301197052, -0.033932652324438095)","(0.664659857749939, 0.6286067366600037, 0.002829022239893675)","(0.6443402171134949, 0.627190351486206, 0.05707130581140518)","(0.6343542337417603, 0.6052295565605164, 0.093268983066082)","(0.7063540816307068, 0.5053884387016296, -0.01194415707141161)","(0.6881475448608398, 0.6032857298851013, 0.025291569530963898)","(0.667215883731842, 0.6019629240036011, 0.06958158314228058)","(0.6573789119720459, 0.5810850858688354, 0.09408333897590637)","(0.7247157692909241, 0.4869338572025299, 0.011563250795006752)","(0.7055118680000305, 0.5631523728370667, 0.046537116169929504)","(0.6874091625213623, 0.5634830594062805, 0.07626671344041824)","(0.678548276424408, 0.5472972393035889, 0.09668336063623428)",Move
1763,"(0.6909468173980713, 0.2765458822250366, -0.0001047760306391865)","(0.6353428959846497, 0.3353525996208191, 0.0117400037124753)","(0.6170749068260193, 0.4278513193130493, 0.021149564534425735)","(0.6210043430328369, 0.5070306658744812, 0.04140196740627289)","(0.6284357309341431, 0.5569905638694763, 0.06350498646497726)","(0.6484188437461853, 0.49525198340415955, -0.04709753021597862)","(0.6321008801460266, 0.6058480143547058, -0.010762681253254414)","(0.6179971694946289, 0.6133830547332764, 0.0343017652630806)","(0.6133937835693359, 0.5981709957122803, 0.06473348289728165)","(0.684507429599762, 0.5045748949050903, -0.032652370631694794)","(0.6695988178253174, 0.6172081828117371, 0.005386499222368002)","(0.6505072116851807, 0.6099926829338074, 0.05853889882564545)","(0.6424102783203125, 0.5853719711303711, 0.0933222696185112)","(0.7112754583358765, 0.49412208795547485, -0.010461930185556412)","(0.6926259994506836, 0.5918026566505432, 0.026850176975131035)","(0.6724629402160645, 0.5844364762306213, 0.0703100636601448)","(0.6648125052452087, 0.5598596930503845, 0.0938582718372345)","(0.7292935848236084, 0.47425076365470886, 0.014101626351475716)","(0.7099769115447998, 0.5492197871208191, 0.047204915434122086)","(0.6925333142280579, 0.5451942682266235, 0.07511068135499954)","(0.6854367256164551, 0.5256088972091675, 0.09387585520744324)",Move
1764,"(0.6972734332084656, 0.26828062534332275, -0.00011207985517103225)","(0.6400050520896912, 0.321145236492157, 0.01837984099984169)","(0.6208269596099854, 0.40977832674980164, 0.030624251812696457)","(0.6236969828605652, 0.48744067549705505, 0.05097778141498566)","(0.629213273525238, 0.5373611450195312, 0.07417818158864975)","(0.6448566317558289, 0.4883462190628052, -0.03469570353627205)","(0.6304584741592407, 0.5934631824493408, 0.0008950236951932311)","(0.6185503005981445, 0.6007236242294312, 0.04370111972093582)","(0.6141741871833801, 0.5864931344985962, 0.07411592453718185)","(0.6806597709655762, 0.5019822120666504, -0.02362523041665554)","(0.6686039566993713, 0.6116753816604614, 0.014306927099823952)","(0.652086079120636, 0.6064077615737915, 0.06767290085554123)","(0.6439041495323181, 0.5843379497528076, 0.10431908071041107)","(0.7083807587623596, 0.4940621852874756, -0.004369998816400766)","(0.6904417872428894, 0.5885945558547974, 0.03363034501671791)","(0.6722570657730103, 0.578325092792511, 0.077541783452034)","(0.6652792096138, 0.5535992383956909, 0.10299517959356308)","(0.7281383275985718, 0.474785715341568, 0.017718233168125153)","(0.7092207074165344, 0.5452819466590881, 0.05182624235749245)","(0.6921170353889465, 0.5400468111038208, 0.08161572366952896)","(0.6846829652786255, 0.5204693675041199, 0.10191294550895691)",Move
1765,"(0.6974160075187683, 0.263296902179718, -0.00010062312503578141)","(0.6398612856864929, 0.31520700454711914, 0.016067644581198692)","(0.6207239031791687, 0.40250882506370544, 0.02950633130967617)","(0.62445467710495, 0.4775663912296295, 0.0513150580227375)","(0.6312469244003296, 0.5230931043624878, 0.07686342298984528)","(0.6457816362380981, 0.48296865820884705, -0.03547769784927368)","(0.6303600668907166, 0.5890113711357117, -0.0024196975864470005)","(0.6180331110954285, 0.599138617515564, 0.04129336401820183)","(0.6133183240890503, 0.5853138566017151, 0.07304935902357101)","(0.6811563372612, 0.49643734097480774, -0.021869774907827377)","(0.6673725843429565, 0.6057277321815491, 0.015089008957147598)","(0.6500964760780334, 0.6061314940452576, 0.06993129104375839)","(0.6406404376029968, 0.5858398675918579, 0.10781555622816086)","(0.7083452939987183, 0.4881301522254944, -0.00044192789937369525)","(0.6901901960372925, 0.5817681550979614, 0.03686920925974846)","(0.6710202693939209, 0.5801752805709839, 0.08271441608667374)","(0.661518931388855, 0.5600169897079468, 0.11094731092453003)","(0.7272061109542847, 0.4674682319164276, 0.023793663829565048)","(0.7084482908248901, 0.5364235639572144, 0.05686582997441292)","(0.6908066868782043, 0.5377175211906433, 0.087412029504776)","(0.6807414293289185, 0.5243419408798218, 0.11005549877882004)",Move
1766,"(0.6974890232086182, 0.26263999938964844, -9.461951412959024e-05)","(0.6395123600959778, 0.3119748830795288, 0.016523409634828568)","(0.6200253367424011, 0.39915114641189575, 0.030545726418495178)","(0.6243873834609985, 0.47475627064704895, 0.053178973495960236)","(0.6318307518959045, 0.5198109745979309, 0.07992298901081085)","(0.6429447531700134, 0.4805157482624054, -0.033748168498277664)","(0.6267209649085999, 0.5854576826095581, 0.0014057287480682135)","(0.6152557730674744, 0.5926238894462585, 0.0450424924492836)","(0.6116441488265991, 0.5764358043670654, 0.07597185671329498)","(0.6786280870437622, 0.4950041174888611, -0.019928593188524246)","(0.6650432348251343, 0.6055605411529541, 0.017748113721609116)","(0.6491045951843262, 0.6034312844276428, 0.07152504473924637)","(0.6406488418579102, 0.5808653235435486, 0.10895592719316483)","(0.706157386302948, 0.4868262708187103, 0.0020606599282473326)","(0.6878880262374878, 0.580852746963501, 0.04007140174508095)","(0.6694788336753845, 0.5761996507644653, 0.085450179874897)","(0.6608686447143555, 0.5545587539672852, 0.11272014677524567)","(0.7252023220062256, 0.46615609526634216, 0.026483455672860146)","(0.7063758373260498, 0.5347622632980347, 0.06069453805685043)","(0.6890656352043152, 0.5344760417938232, 0.0914652943611145)","(0.6797253489494324, 0.5200052857398987, 0.11385747045278549)",Move
1767,"(0.6947898864746094, 0.2595047950744629, -9.524141205474734e-05)","(0.6366657018661499, 0.3103969097137451, 0.018308384343981743)","(0.6176403760910034, 0.39840757846832275, 0.0328565277159214)","(0.6229835748672485, 0.4720935523509979, 0.056161969900131226)","(0.6311076879501343, 0.5141708850860596, 0.08263811469078064)","(0.6400721073150635, 0.47910335659980774, -0.03551306948065758)","(0.6231271624565125, 0.5816602110862732, 0.001001311233267188)","(0.6120446920394897, 0.5865189433097839, 0.04448685795068741)","(0.609302818775177, 0.568979799747467, 0.07414287328720093)","(0.6756024956703186, 0.4938705563545227, -0.022234074771404266)","(0.6619865894317627, 0.602259635925293, 0.017289014533162117)","(0.6474599242210388, 0.5961146950721741, 0.07071840763092041)","(0.6408607363700867, 0.571913480758667, 0.10635291785001755)","(0.7034609317779541, 0.48541802167892456, -0.0008797571645118296)","(0.684975266456604, 0.5774824619293213, 0.03919919580221176)","(0.6679033041000366, 0.5681947469711304, 0.0838141143321991)","(0.6616921424865723, 0.5442982912063599, 0.10883218795061111)","(0.722922682762146, 0.46433010697364807, 0.02306699939072132)","(0.704129159450531, 0.5310923457145691, 0.05878005176782608)","(0.6875892281532288, 0.526603102684021, 0.08852303773164749)","(0.6801388263702393, 0.5096667408943176, 0.10902916640043259)",Move
1768,"(0.6929478645324707, 0.2601270079612732, -0.00010181466495851055)","(0.6357504725456238, 0.3115885555744171, 0.024168621748685837)","(0.6162254810333252, 0.39659595489501953, 0.041939280927181244)","(0.6209303736686707, 0.4685353934764862, 0.06675544381141663)","(0.6290673017501831, 0.5080600380897522, 0.09478113055229187)","(0.6364027857780457, 0.4773400127887726, -0.024943849071860313)","(0.6191374659538269, 0.5789757966995239, 0.012749265879392624)","(0.6086373925209045, 0.5844253301620483, 0.05535070598125458)","(0.6060248017311096, 0.5683486461639404, 0.08351536095142365)","(0.6710397005081177, 0.49392518401145935, -0.015344088897109032)","(0.6565731167793274, 0.6031014919281006, 0.023906754329800606)","(0.6428254842758179, 0.597815990447998, 0.07551216334104538)","(0.6368465423583984, 0.5735477805137634, 0.11032503843307495)","(0.6988739967346191, 0.48778796195983887, 0.003001107834279537)","(0.6798499226570129, 0.5807012319564819, 0.042117249220609665)","(0.6637492775917053, 0.5721800327301025, 0.08636220544576645)","(0.6582099795341492, 0.548680305480957, 0.11144872009754181)","(0.7195953726768494, 0.4683462083339691, 0.023966774344444275)","(0.7013916373252869, 0.5358867049217224, 0.05902973562479019)","(0.6854478716850281, 0.5328384041786194, 0.0896562710404396)","(0.6785599589347839, 0.5167945623397827, 0.11100806295871735)",Move
1769,"(0.6895233392715454, 0.25632622838020325, -0.00010332567762816325)","(0.6343894004821777, 0.3072858452796936, 0.03042145073413849)","(0.6146524548530579, 0.38967829942703247, 0.05067216232419014)","(0.618462324142456, 0.4596988260746002, 0.07626397907733917)","(0.6251187920570374, 0.5009989142417908, 0.10533444583415985)","(0.631909191608429, 0.4748196303844452, -0.016764715313911438)","(0.6162078380584717, 0.5761955380439758, 0.01902122050523758)","(0.6068228483200073, 0.5863144397735596, 0.06271318346261978)","(0.604137122631073, 0.5735695958137512, 0.09407263249158859)","(0.6663429141044617, 0.4924781918525696, -0.010051551274955273)","(0.6526773571968079, 0.6002563834190369, 0.027576731517910957)","(0.6395690441131592, 0.6003314852714539, 0.08218327909708023)","(0.6331941485404968, 0.5804405808448792, 0.12020687758922577)","(0.6948837041854858, 0.4874248802661896, 0.005496232770383358)","(0.6778236627578735, 0.5809381008148193, 0.04334374889731407)","(0.6627888083457947, 0.5754977464675903, 0.09048459678888321)","(0.6569808721542358, 0.5527364611625671, 0.11873307824134827)","(0.7173304557800293, 0.46936431527137756, 0.024172503501176834)","(0.7014327049255371, 0.5382083654403687, 0.059136733412742615)","(0.6865172386169434, 0.5361393690109253, 0.09197478741407394)","(0.6795483827590942, 0.5190236568450928, 0.11633364111185074)",Position
1770,"(0.6894901394844055, 0.25751715898513794, -9.948309161700308e-05)","(0.634357213973999, 0.30820542573928833, 0.025514615699648857)","(0.6146265268325806, 0.39089375734329224, 0.042432885617017746)","(0.6171687841415405, 0.4631357192993164, 0.06556633859872818)","(0.6240182518959045, 0.5070432424545288, 0.09307455271482468)","(0.6312024593353271, 0.4742433726787567, -0.02561308816075325)","(0.6158081889152527, 0.5768693685531616, 0.010105871595442295)","(0.6075826287269592, 0.5857983827590942, 0.055270738899707794)","(0.6059876084327698, 0.5714611411094666, 0.08742904663085938)","(0.6657391786575317, 0.49210065603256226, -0.01719500496983528)","(0.6518580913543701, 0.6010366082191467, 0.018688146024942398)","(0.6395143866539001, 0.6011293530464172, 0.07306600362062454)","(0.6343252062797546, 0.5805909633636475, 0.11114001274108887)","(0.6942678093910217, 0.4872821867465973, -0.0001315240078838542)","(0.676842987537384, 0.5808516144752502, 0.03765140101313591)","(0.6626500487327576, 0.5739689469337463, 0.0843958705663681)","(0.6580912470817566, 0.5508061647415161, 0.11230240762233734)","(0.7165359854698181, 0.4697641134262085, 0.01993517205119133)","(0.700005292892456, 0.5372384786605835, 0.0548471137881279)","(0.6855584979057312, 0.5343644022941589, 0.0864788070321083)","(0.6793909072875977, 0.5173484086990356, 0.10992632806301117)",Position
1771,"(0.688205897808075, 0.256197988986969, -8.76275880727917e-05)","(0.6343220472335815, 0.30640292167663574, 0.027639538049697876)","(0.6143673658370972, 0.38684317469596863, 0.04604897275567055)","(0.6152437329292297, 0.456880122423172, 0.06956005096435547)","(0.6209174394607544, 0.5014474987983704, 0.09749343991279602)","(0.6304667592048645, 0.4733903408050537, -0.017151935026049614)","(0.6145942807197571, 0.5742758512496948, 0.014717644080519676)","(0.6057489514350891, 0.589472770690918, 0.058733467012643814)","(0.6030986905097961, 0.5820737481117249, 0.09205746650695801)","(0.66455078125, 0.4904332458972931, -0.00972275622189045)","(0.6503244638442993, 0.5983431339263916, 0.02322629652917385)","(0.6373931169509888, 0.6054086685180664, 0.07782015204429626)","(0.6310163736343384, 0.5917157530784607, 0.11765339970588684)","(0.6929686665534973, 0.4849660098552704, 0.006044694688171148)","(0.6772043704986572, 0.5796876549720764, 0.04078955948352814)","(0.6632338166236877, 0.5771663188934326, 0.08711323142051697)","(0.6578389406204224, 0.5564846992492676, 0.11621864140033722)","(0.7155954837799072, 0.46730685234069824, 0.024759316816926003)","(0.7022870182991028, 0.5370290279388428, 0.05743337422609329)","(0.6883583664894104, 0.5368316769599915, 0.08819802105426788)","(0.6812690496444702, 0.5200331807136536, 0.11222366988658905)",Position
1772,"(0.687978982925415, 0.26018473505973816, -8.475787763018161e-05)","(0.6337718367576599, 0.31056541204452515, 0.0278497152030468)","(0.6137337684631348, 0.3912496864795685, 0.04682561382651329)","(0.6145321130752563, 0.46154874563217163, 0.07074886560440063)","(0.6207339763641357, 0.5049527883529663, 0.09935618937015533)","(0.6297459602355957, 0.47716575860977173, -0.01658487319946289)","(0.6132834553718567, 0.5758741497993469, 0.017881907522678375)","(0.6051008701324463, 0.5888265371322632, 0.06262792646884918)","(0.6031501889228821, 0.5802929997444153, 0.09536118805408478)","(0.6635043621063232, 0.49421289563179016, -0.009586166590452194)","(0.6491475105285645, 0.6007034778594971, 0.025635378435254097)","(0.6372466683387756, 0.606374979019165, 0.07940326631069183)","(0.6321850419044495, 0.5925186276435852, 0.117635577917099)","(0.6918294429779053, 0.4888943135738373, 0.005779085215181112)","(0.675750732421875, 0.5817395448684692, 0.04149544984102249)","(0.6624078750610352, 0.5773575305938721, 0.08744028210639954)","(0.658052384853363, 0.5562968850135803, 0.11562363058328629)","(0.7144156694412231, 0.4715726971626282, 0.023943696171045303)","(0.7007014751434326, 0.5398130416870117, 0.05678964778780937)","(0.6867408752441406, 0.5389518141746521, 0.08732852339744568)","(0.6803025007247925, 0.5224581956863403, 0.11040443181991577)",Position
1773,"(0.6873053908348083, 0.2598462998867035, -8.599946886533871e-05)","(0.6336301565170288, 0.3127838969230652, 0.025789277628064156)","(0.614184558391571, 0.3942098617553711, 0.04504520446062088)","(0.6155997514724731, 0.4634539783000946, 0.07002037763595581)","(0.6225916147232056, 0.5047118663787842, 0.09958460181951523)","(0.6323860883712769, 0.47868525981903076, -0.018520141020417213)","(0.6165366172790527, 0.5777143239974976, 0.016633832827210426)","(0.6070593595504761, 0.5896767377853394, 0.06117827072739601)","(0.6036379337310791, 0.5806229710578918, 0.09292197972536087)","(0.665992796421051, 0.4944216012954712, -0.009548883885145187)","(0.651528537273407, 0.5989176630973816, 0.026535674929618835)","(0.6380938291549683, 0.6048842668533325, 0.08035993576049805)","(0.6312543749809265, 0.5915306806564331, 0.11751994490623474)","(0.6936212778091431, 0.4880349934101105, 0.007648097816854715)","(0.6772310137748718, 0.5802522897720337, 0.04346976429224014)","(0.6627726554870605, 0.5787067413330078, 0.08898045867681503)","(0.656544029712677, 0.5594430565834045, 0.11680782586336136)","(0.7149661183357239, 0.4699069857597351, 0.027562575414776802)","(0.7007491588592529, 0.5380227565765381, 0.06005021557211876)","(0.6860143542289734, 0.5396965742111206, 0.08994371443986893)","(0.6780311465263367, 0.5259755253791809, 0.11303793638944626)",Position
1774,"(0.6878036856651306, 0.2635791301727295, -8.837589120958e-05)","(0.633484423160553, 0.3151373863220215, 0.024923846125602722)","(0.613760232925415, 0.3959655463695526, 0.043773308396339417)","(0.6161905527114868, 0.4658249616622925, 0.06895271688699722)","(0.6240947842597961, 0.5066326856613159, 0.09813712537288666)","(0.6321282982826233, 0.47987493872642517, -0.020541395992040634)","(0.6149118542671204, 0.5779109597206116, 0.017104046419262886)","(0.6060419678688049, 0.5858830809593201, 0.06259932368993759)","(0.6044051647186279, 0.5737205147743225, 0.09396448731422424)","(0.6658069491386414, 0.4959816336631775, -0.011733509600162506)","(0.6502538323402405, 0.6012130975723267, 0.025661954656243324)","(0.637588381767273, 0.6057226657867432, 0.07906442880630493)","(0.6322725415229797, 0.5911002159118652, 0.11648377776145935)","(0.6933058500289917, 0.48977524042129517, 0.005914964247494936)","(0.6762688755989075, 0.5843002796173096, 0.04067070409655571)","(0.6621133685112, 0.581390917301178, 0.0853729248046875)","(0.6569659113883972, 0.5608713626861572, 0.11261018365621567)","(0.7144655585289001, 0.4711570143699646, 0.02600243128836155)","(0.7001485228538513, 0.5423509478569031, 0.05681202560663223)","(0.6851903796195984, 0.5442405939102173, 0.0866580605506897)","(0.6776849031448364, 0.5297463536262512, 0.10991347581148148)",Position
1775,"(0.6875726580619812, 0.265597403049469, -7.938847556943074e-05)","(0.6334052681922913, 0.31467461585998535, 0.026962721720337868)","(0.6139421463012695, 0.3943449854850769, 0.04632742330431938)","(0.6165639162063599, 0.46349436044692993, 0.07127668708562851)","(0.6241093873977661, 0.5041024088859558, 0.10074249655008316)","(0.6303800344467163, 0.47888171672821045, -0.019182618707418442)","(0.6151747107505798, 0.5788641571998596, 0.018052242696285248)","(0.6069955825805664, 0.5858511924743652, 0.06305579841136932)","(0.6059781908988953, 0.5708686709403992, 0.09420770406723022)","(0.6640992760658264, 0.49523791670799255, -0.011164382100105286)","(0.6502342820167542, 0.6014447212219238, 0.02649146132171154)","(0.638154149055481, 0.6042006015777588, 0.08023600280284882)","(0.6333664655685425, 0.5879024863243103, 0.11711301654577255)","(0.6921775937080383, 0.48979538679122925, 0.005219734273850918)","(0.6759907007217407, 0.5831349492073059, 0.04144291952252388)","(0.6630691885948181, 0.5763677358627319, 0.08710366487503052)","(0.6594843864440918, 0.5534675121307373, 0.11465717852115631)","(0.714310884475708, 0.47224950790405273, 0.024305928498506546)","(0.700754702091217, 0.5419557094573975, 0.05661694332957268)","(0.6872023344039917, 0.5402185916900635, 0.087326280772686)","(0.6816372871398926, 0.5225685834884644, 0.11087203025817871)",Position
1776,"(0.6856697201728821, 0.2642744481563568, -9.130251419264823e-05)","(0.6321737766265869, 0.31518298387527466, 0.021807461977005005)","(0.6130660176277161, 0.3967112600803375, 0.038059405982494354)","(0.6153619885444641, 0.4672048091888428, 0.06077316403388977)","(0.6213715672492981, 0.5096143484115601, 0.0877777561545372)","(0.6309206485748291, 0.47792038321495056, -0.026025889441370964)","(0.6147245764732361, 0.5783588290214539, 0.006279601249843836)","(0.6052562594413757, 0.5917724370956421, 0.049605876207351685)","(0.6018713712692261, 0.582322359085083, 0.08109784126281738)","(0.6647759675979614, 0.4937126040458679, -0.01719515211880207)","(0.6492294073104858, 0.6002265214920044, 0.014512376859784126)","(0.6352676749229431, 0.6094117164611816, 0.06612459570169449)","(0.6276260614395142, 0.5965743064880371, 0.1031196266412735)","(0.6925562024116516, 0.48834943771362305, -0.00011804915266111493)","(0.6754632592201233, 0.5834207534790039, 0.03105771541595459)","(0.66014564037323, 0.5849941968917847, 0.07446453720331192)","(0.6525803208351135, 0.5664840936660767, 0.10161437839269638)","(0.71414715051651, 0.47137734293937683, 0.0197441428899765)","(0.6994179487228394, 0.5428199172019958, 0.04863385856151581)","(0.6842598915100098, 0.5467784404754639, 0.07796137034893036)","(0.6754138469696045, 0.5337162017822266, 0.10100352019071579)",Position
1777,"(0.6870124936103821, 0.2661740183830261, -8.57903141877614e-05)","(0.6324872374534607, 0.31371527910232544, 0.025785114616155624)","(0.6125257611274719, 0.3935004770755768, 0.04438187554478645)","(0.6145871877670288, 0.46312105655670166, 0.0683862566947937)","(0.6214261054992676, 0.5059750080108643, 0.09667879343032837)","(0.6283527612686157, 0.4786487817764282, -0.019684668630361557)","(0.6128939390182495, 0.5786041617393494, 0.014036650769412518)","(0.604169487953186, 0.5907919406890869, 0.058564383536577225)","(0.6019423604011536, 0.5800906419754028, 0.09125836938619614)","(0.6622306108474731, 0.4950234591960907, -0.011615303345024586)","(0.6484990119934082, 0.6015403270721436, 0.022816447541117668)","(0.6360039114952087, 0.6091550588607788, 0.07595616579055786)","(0.6300472021102905, 0.5959806442260742, 0.11437005549669266)","(0.6903936266899109, 0.4893689453601837, 0.004746910184621811)","(0.675415575504303, 0.5830994844436646, 0.03847932070493698)","(0.662015974521637, 0.5803585648536682, 0.08364517986774445)","(0.6569170951843262, 0.5596395134925842, 0.11183647811412811)","(0.7126008868217468, 0.471693754196167, 0.02386476658284664)","(0.7003713846206665, 0.5421944260597229, 0.05438859388232231)","(0.6866718530654907, 0.5425201654434204, 0.0846351757645607)","(0.6798389554023743, 0.5257608294487, 0.10855314880609512)",Position
1778,"(0.6849139332771301, 0.2660435438156128, -8.924904250307009e-05)","(0.6308799386024475, 0.3175286054611206, 0.023248646408319473)","(0.6115054488182068, 0.39829468727111816, 0.039788126945495605)","(0.6133983135223389, 0.4685625433921814, 0.06258323788642883)","(0.6192378997802734, 0.5116843581199646, 0.08971492201089859)","(0.6282230019569397, 0.48026877641677856, -0.026675354689359665)","(0.612798810005188, 0.58006352186203, 0.008957646787166595)","(0.6046528816223145, 0.5887874960899353, 0.05447209253907204)","(0.6027616858482361, 0.5752966403961182, 0.08648631721735)","(0.662449061870575, 0.4955388903617859, -0.01820659264922142)","(0.6477269530296326, 0.6005587577819824, 0.01818149909377098)","(0.6352121829986572, 0.6040574312210083, 0.07126612216234207)","(0.6293822526931763, 0.5879343748092651, 0.10771996527910233)","(0.6909080743789673, 0.4895786643028259, -0.001321986666880548)","(0.6740291118621826, 0.5825821757316589, 0.03426071256399155)","(0.6601830124855042, 0.579551637172699, 0.07912503927946091)","(0.6547592282295227, 0.5591906309127808, 0.1058276817202568)","(0.7132533192634583, 0.4719962179660797, 0.01843753084540367)","(0.6984264850616455, 0.5419538021087646, 0.04993576928973198)","(0.6841398477554321, 0.543209969997406, 0.08005554229021072)","(0.677051842212677, 0.5287941098213196, 0.10291190445423126)",Position
1779,"(0.6837149262428284, 0.26888394355773926, -8.586970943724737e-05)","(0.6293952465057373, 0.31557464599609375, 0.025075677782297134)","(0.6102198362350464, 0.39626920223236084, 0.04417835548520088)","(0.6124164462089539, 0.4673445224761963, 0.06925461441278458)","(0.6184042692184448, 0.5112318992614746, 0.09881817549467087)","(0.6254292726516724, 0.4820176064968109, -0.01984236389398575)","(0.6092767119407654, 0.5797430276870728, 0.017730409279465675)","(0.6015347242355347, 0.5857733488082886, 0.06382647156715393)","(0.6003597974777222, 0.5707855820655823, 0.09683530777692795)","(0.6593949794769287, 0.49801206588745117, -0.01133238896727562)","(0.6441411972045898, 0.6030627489089966, 0.026012791320681572)","(0.6323900818824768, 0.6058225631713867, 0.078700490295887)","(0.6270700693130493, 0.5893512964248657, 0.116000235080719)","(0.6879149675369263, 0.49231818318367004, 0.005675896070897579)","(0.6718946695327759, 0.5849597454071045, 0.04144115373492241)","(0.6590780019760132, 0.5783345699310303, 0.08585663139820099)","(0.654518187046051, 0.5546854734420776, 0.11293955892324448)","(0.7107462286949158, 0.47493577003479004, 0.025579867884516716)","(0.6974504590034485, 0.5456255674362183, 0.057193830609321594)","(0.6838225722312927, 0.5444293022155762, 0.08806585520505905)","(0.6773977279663086, 0.5261524319648743, 0.11208472400903702)",Position
1780,"(0.6832073926925659, 0.2671721577644348, -9.475073602516204e-05)","(0.6294028162956238, 0.3158402144908905, 0.023752722889184952)","(0.6097766757011414, 0.39605623483657837, 0.04006340354681015)","(0.6118625998497009, 0.46714457869529724, 0.06224769353866577)","(0.6166975498199463, 0.5111753940582275, 0.08834660053253174)","(0.6252768635749817, 0.47867465019226074, -0.025528786703944206)","(0.6093408465385437, 0.5794181227684021, 0.007586075458675623)","(0.6004324555397034, 0.589177131652832, 0.051063377410173416)","(0.5977573990821838, 0.5760884881019592, 0.08258584886789322)","(0.6595232486724854, 0.4954878091812134, -0.017915772274136543)","(0.6440204381942749, 0.6018407940864563, 0.016773130744695663)","(0.6308056116104126, 0.604052722454071, 0.06923422962427139)","(0.6241235733032227, 0.5853545665740967, 0.10597319155931473)","(0.6879743337631226, 0.4908192455768585, -0.0019410682143643498)","(0.6703380942344666, 0.5854109525680542, 0.03160886839032173)","(0.6556974053382874, 0.5829895734786987, 0.07586018741130829)","(0.6495035886764526, 0.5616100430488586, 0.10303013026714325)","(0.7105283737182617, 0.4741130769252777, 0.016883840784430504)","(0.6952479481697083, 0.5458951592445374, 0.047143664211034775)","(0.6801651120185852, 0.5483243465423584, 0.07796869426965714)","(0.6721325516700745, 0.5335596203804016, 0.10181223601102829)",Position
1781,"(0.683757483959198, 0.2664817273616791, -9.185174712911248e-05)","(0.6291075944900513, 0.3154335618019104, 0.02263547107577324)","(0.6090633869171143, 0.39649900794029236, 0.03955824673175812)","(0.6103839874267578, 0.4671262204647064, 0.0630115196108818)","(0.6160604953765869, 0.5102471709251404, 0.09019177407026291)","(0.6256541609764099, 0.4787032902240753, -0.02368890307843685)","(0.6068819165229797, 0.5743504166603088, 0.009461312554776669)","(0.5968841910362244, 0.5846027731895447, 0.05235501006245613)","(0.5940967202186584, 0.5744714736938477, 0.08316952735185623)","(0.6596148014068604, 0.4963076710700989, -0.014203920029103756)","(0.643072247505188, 0.6003273725509644, 0.018898529931902885)","(0.629448413848877, 0.6069213151931763, 0.07054299116134644)","(0.623032808303833, 0.5924457907676697, 0.10792938619852066)","(0.6875448226928711, 0.49153220653533936, 0.003718016669154167)","(0.6706497669219971, 0.5853052735328674, 0.03556881844997406)","(0.6558541059494019, 0.5843769311904907, 0.07823608815670013)","(0.6495910882949829, 0.5643503665924072, 0.10490719974040985)","(0.7093345522880554, 0.4742608070373535, 0.024652626365423203)","(0.6954952478408813, 0.5447542667388916, 0.0534198097884655)","(0.680767297744751, 0.5467686057090759, 0.08228325098752975)","(0.6729301810264587, 0.531606912612915, 0.105186328291893)",Position
1782,"(0.6834844946861267, 0.2678258717060089, -8.431486639892682e-05)","(0.628883421421051, 0.31449395418167114, 0.019317837432026863)","(0.6084323525428772, 0.3948513865470886, 0.03504107519984245)","(0.6094275712966919, 0.4671085476875305, 0.058267153799533844)","(0.615885853767395, 0.5112897753715515, 0.08656829595565796)","(0.6253582835197449, 0.4788477122783661, -0.028704678639769554)","(0.6068384647369385, 0.5752577185630798, 0.007061794865876436)","(0.5980796813964844, 0.5821089744567871, 0.05164452642202377)","(0.5966650247573853, 0.5689571499824524, 0.0823950245976448)","(0.6592597365379333, 0.49610501527786255, -0.01789567619562149)","(0.6426687240600586, 0.6008588075637817, 0.016474802047014236)","(0.6294044852256775, 0.6076068878173828, 0.0680469200015068)","(0.6234498620033264, 0.5931826829910278, 0.10455106198787689)","(0.6871065497398376, 0.4913432002067566, 0.0013523389352485538)","(0.669833779335022, 0.585112988948822, 0.034098271280527115)","(0.6558205485343933, 0.5820568203926086, 0.07657942920923233)","(0.6505677103996277, 0.5608440637588501, 0.10237006843090057)","(0.7085668444633484, 0.4746396839618683, 0.02341056615114212)","(0.6943174004554749, 0.5448914766311646, 0.05263953655958176)","(0.6798897385597229, 0.5462978482246399, 0.0807788074016571)","(0.6726738810539246, 0.5309630632400513, 0.10264138132333755)",Position
1783,"(0.6833091378211975, 0.27073991298675537, -8.676265861140564e-05)","(0.6290237307548523, 0.3192771077156067, 0.02325272187590599)","(0.6090705394744873, 0.39786291122436523, 0.04187767952680588)","(0.6096339821815491, 0.4675450623035431, 0.06696362048387527)","(0.6165269613265991, 0.5103821754455566, 0.09747488051652908)","(0.6249746680259705, 0.4828825294971466, -0.02312733419239521)","(0.607474684715271, 0.5793127417564392, 0.015420444309711456)","(0.5993994474411011, 0.5862765312194824, 0.06229454651474953)","(0.5981525182723999, 0.5733602046966553, 0.09465181827545166)","(0.6587669253349304, 0.49877268075942993, -0.012991445139050484)","(0.6427414417266846, 0.6017199754714966, 0.024500850588083267)","(0.6299302577972412, 0.608623743057251, 0.07746118307113647)","(0.6242879629135132, 0.5951029062271118, 0.1144942119717598)","(0.6868603229522705, 0.49268218874931335, 0.005748454947024584)","(0.6699361801147461, 0.5841249823570251, 0.04152786731719971)","(0.6562384963035583, 0.5803016424179077, 0.08579571545124054)","(0.6512895822525024, 0.5589093565940857, 0.11232179403305054)","(0.70882648229599, 0.4750038981437683, 0.027459288015961647)","(0.6956907510757446, 0.5441312193870544, 0.05838129296898842)","(0.6818044185638428, 0.5444950461387634, 0.08725623786449432)","(0.6750897169113159, 0.5283305644989014, 0.10948744416236877)",Position
1784,"(0.6819270253181458, 0.27453693747520447, -8.351360156666487e-05)","(0.6280909180641174, 0.3210664391517639, 0.023717012256383896)","(0.6083562970161438, 0.4002532660961151, 0.04198746383190155)","(0.6095830798149109, 0.469819575548172, 0.06592188775539398)","(0.6160144209861755, 0.5115779638290405, 0.09409025311470032)","(0.6245052218437195, 0.4851577877998352, -0.02106582373380661)","(0.6065797209739685, 0.5817625522613525, 0.01438811980187893)","(0.5968391299247742, 0.5901638269424438, 0.059116702526807785)","(0.5939856171607971, 0.5782023072242737, 0.0913739949464798)","(0.6580682396888733, 0.5019941926002502, -0.012244324199855328)","(0.641791045665741, 0.6052387952804565, 0.024645157158374786)","(0.6285744905471802, 0.6084288954734802, 0.07651523500680923)","(0.6225159168243408, 0.5921338796615601, 0.1126052513718605)","(0.686069130897522, 0.49633798003196716, 0.004844220355153084)","(0.6688580513000488, 0.5869150757789612, 0.03998005390167236)","(0.6553747057914734, 0.5810040831565857, 0.08384229987859726)","(0.6506919264793396, 0.5585743188858032, 0.11029481887817383)","(0.7083313465118408, 0.4784897267818451, 0.024663645774126053)","(0.6949737668037415, 0.5464268922805786, 0.05552953481674194)","(0.6816014647483826, 0.5445436239242554, 0.08468445390462875)","(0.6755334734916687, 0.5266045331954956, 0.10724246501922607)",Position
1785,"(0.6824228763580322, 0.272882342338562, -9.122448682319373e-05)","(0.6287466287612915, 0.32277995347976685, 0.024106724187731743)","(0.6089789271354675, 0.40139153599739075, 0.041890885680913925)","(0.6092889308929443, 0.4699324071407318, 0.06537222862243652)","(0.6140017509460449, 0.5127888321876526, 0.09311342239379883)","(0.6251824498176575, 0.4853942394256592, -0.02049560472369194)","(0.6076985597610474, 0.5819692015647888, 0.012548861093819141)","(0.5980734825134277, 0.594585120677948, 0.05576830357313156)","(0.59450364112854, 0.5861518979072571, 0.0878431499004364)","(0.6589656472206116, 0.5019065737724304, -0.011589677073061466)","(0.6434805393218994, 0.6037485599517822, 0.022495899349451065)","(0.6299185156822205, 0.6105016469955444, 0.07409969717264175)","(0.622543454170227, 0.5961216688156128, 0.11090432107448578)","(0.686768651008606, 0.49623486399650574, 0.005602592136710882)","(0.6702649593353271, 0.5869293808937073, 0.03920992091298103)","(0.6552188396453857, 0.588813066482544, 0.08228786289691925)","(0.6474930047988892, 0.5706995725631714, 0.10898618400096893)","(0.7085873484611511, 0.47794392704963684, 0.025719428434967995)","(0.6946592926979065, 0.5456825494766235, 0.0559566393494606)","(0.6796334385871887, 0.550279974937439, 0.08427132666110992)","(0.6704229116439819, 0.5378366708755493, 0.10639646649360657)",Position
1786,"(0.6827418804168701, 0.2748333215713501, -8.371366129722446e-05)","(0.6284968852996826, 0.3235836625099182, 0.024461954832077026)","(0.6091740727424622, 0.40362411737442017, 0.04335230216383934)","(0.6101905107498169, 0.4727990925312042, 0.06769321113824844)","(0.615908145904541, 0.5161538124084473, 0.09620985388755798)","(0.6252327561378479, 0.487136572599411, -0.01920022815465927)","(0.6075589060783386, 0.5847437977790833, 0.014777572825551033)","(0.5981637835502625, 0.5970343351364136, 0.0597248338162899)","(0.5948024988174438, 0.5890486240386963, 0.09327100962400436)","(0.6590262055397034, 0.5029606819152832, -0.009816823527216911)","(0.6435035467147827, 0.6049549579620361, 0.025269625708460808)","(0.6304088830947876, 0.6124308705329895, 0.07745034992694855)","(0.6236075758934021, 0.599865198135376, 0.11472082138061523)","(0.6868862509727478, 0.496813029050827, 0.007951988838613033)","(0.6709315180778503, 0.5868018865585327, 0.042699627578258514)","(0.6563302278518677, 0.587994396686554, 0.08600194752216339)","(0.6490544676780701, 0.5702816247940063, 0.11312144994735718)","(0.7087039351463318, 0.47883737087249756, 0.02845156006515026)","(0.695355236530304, 0.5455560684204102, 0.05926750972867012)","(0.6807358264923096, 0.5488272905349731, 0.08786595612764359)","(0.6721444129943848, 0.5357756018638611, 0.11021466553211212)",Position
1787,"(0.6825636029243469, 0.2763996124267578, -8.824470569379628e-05)","(0.629335880279541, 0.32492536306381226, 0.02491815946996212)","(0.6098959445953369, 0.40359434485435486, 0.04201442375779152)","(0.6109486818313599, 0.47331666946411133, 0.06393685936927795)","(0.6163638234138489, 0.5176813006401062, 0.08967740833759308)","(0.625113308429718, 0.487020343542099, -0.01901221089065075)","(0.608336865901947, 0.5863096117973328, 0.014250938780605793)","(0.6004591584205627, 0.6009897589683533, 0.05881880223751068)","(0.5982211828231812, 0.593339204788208, 0.09239653497934341)","(0.6584537625312805, 0.5035222172737122, -0.011241437867283821)","(0.6427814960479736, 0.606924295425415, 0.023077910766005516)","(0.6302779912948608, 0.6138697266578674, 0.07435142248868942)","(0.6241649389266968, 0.6002391576766968, 0.11085198819637299)","(0.6859849095344543, 0.49845650792121887, 0.004855744075030088)","(0.6684413552284241, 0.5904665589332581, 0.03913002088665962)","(0.6542050242424011, 0.5911998748779297, 0.08244259655475616)","(0.6477416753768921, 0.5728061199188232, 0.10931016504764557)","(0.7077387571334839, 0.4811723828315735, 0.023686258122324944)","(0.6926460266113281, 0.549772322177887, 0.05457300692796707)","(0.678101122379303, 0.5528138875961304, 0.0836511179804802)","(0.670238733291626, 0.5390194058418274, 0.10588705539703369)",Release
1788,"(0.6844790577888489, 0.27456212043762207, -8.741332567296922e-05)","(0.6295158863067627, 0.32095426321029663, 0.022535404190421104)","(0.6101783514022827, 0.40073472261428833, 0.03871515765786171)","(0.6117587089538574, 0.47026804089546204, 0.061210133135318756)","(0.6166039705276489, 0.515526294708252, 0.08771052211523056)","(0.6273925304412842, 0.4872218072414398, -0.023040594533085823)","(0.6126379370689392, 0.5874162316322327, 0.00743927713483572)","(0.6030132174491882, 0.6081449389457703, 0.05106387287378311)","(0.5984281301498413, 0.6065446138381958, 0.08459940552711487)","(0.661611020565033, 0.503045380115509, -0.01267673633992672)","(0.6479595303535461, 0.6051926612854004, 0.022082045674324036)","(0.6335005164146423, 0.6106129884719849, 0.07518722862005234)","(0.6256202459335327, 0.5957159399986267, 0.11196064203977585)","(0.6890650391578674, 0.49616578221321106, 0.005588185973465443)","(0.6725240349769592, 0.585199773311615, 0.04170458763837814)","(0.6567785739898682, 0.5841919183731079, 0.08633948862552643)","(0.6489536166191101, 0.5651074051856995, 0.11381914466619492)","(0.7097886800765991, 0.47690561413764954, 0.026385175064206123)","(0.6947912573814392, 0.5421623587608337, 0.05927033722400665)","(0.6797426342964172, 0.543715238571167, 0.08767732977867126)","(0.6708633899688721, 0.5301148891448975, 0.10899859666824341)",Release
1789,"(0.6850075721740723, 0.27631744742393494, -8.460489334538579e-05)","(0.6308837532997131, 0.3249357342720032, 0.024783801287412643)","(0.611920177936554, 0.4045952558517456, 0.04143066331744194)","(0.61284339427948, 0.473954439163208, 0.06303155422210693)","(0.6181784868240356, 0.5196620225906372, 0.08794379234313965)","(0.6275515556335449, 0.4882013201713562, -0.020924370735883713)","(0.6133727431297302, 0.5898023843765259, 0.011369160376489162)","(0.6049509048461914, 0.6104557514190674, 0.05649006739258766)","(0.601272702217102, 0.608862042427063, 0.09097574651241302)","(0.6610637903213501, 0.5030925869941711, -0.012524443678557873)","(0.647514283657074, 0.6069202423095703, 0.02285611256957054)","(0.6342001557350159, 0.612648069858551, 0.07543245702981949)","(0.6276708841323853, 0.5994406342506409, 0.11204063147306442)","(0.6884862184524536, 0.4967018663883209, 0.0040158554911613464)","(0.6715830564498901, 0.5867123603820801, 0.040723081678152084)","(0.6569008827209473, 0.5834172964096069, 0.08555926382541656)","(0.6507834196090698, 0.5637103319168091, 0.11302489787340164)","(0.7097764015197754, 0.47887182235717773, 0.02297201007604599)","(0.6946444511413574, 0.5456380844116211, 0.05611030384898186)","(0.6803267002105713, 0.5443516373634338, 0.08517099916934967)","(0.673406183719635, 0.5280030965805054, 0.10653280466794968)",Release
1790,"(0.6856779456138611, 0.2769581079483032, -7.734727842034772e-05)","(0.6314691305160522, 0.32563453912734985, 0.024332556873559952)","(0.6131261587142944, 0.4073983430862427, 0.04133535176515579)","(0.6145059466362, 0.47693750262260437, 0.06303069740533829)","(0.6203617453575134, 0.5222492814064026, 0.0886220708489418)","(0.6282235980033875, 0.4882065951824188, -0.020645160228013992)","(0.6162152290344238, 0.592006504535675, 0.009600119665265083)","(0.6086283326148987, 0.6150897741317749, 0.05425998941063881)","(0.6049072742462158, 0.6150552034378052, 0.08905888348817825)","(0.6617618203163147, 0.5020538568496704, -0.011925340630114079)","(0.6496858596801758, 0.6063457131385803, 0.021909378468990326)","(0.6365669369697571, 0.6163268089294434, 0.07395200431346893)","(0.6297127604484558, 0.6065537333488464, 0.11063256859779358)","(0.6895273327827454, 0.4954510033130646, 0.004549157340079546)","(0.6741639971733093, 0.5847327709197998, 0.0410970002412796)","(0.6603518724441528, 0.5828000903129578, 0.08619964867830276)","(0.6543882489204407, 0.5642580389976501, 0.11466477066278458)","(0.7111042737960815, 0.4782215654850006, 0.023369822651147842)","(0.6969874501228333, 0.5442396402359009, 0.056865498423576355)","(0.6832142472267151, 0.5434777736663818, 0.0862889513373375)","(0.6762330532073975, 0.5279384255409241, 0.10856304317712784)",Release
1791,"(0.6865270137786865, 0.27798470854759216, -7.52968480810523e-05)","(0.632278323173523, 0.32430973649024963, 0.018604746088385582)","(0.6136940717697144, 0.4062201976776123, 0.033027615398168564)","(0.6155078411102295, 0.4778269827365875, 0.053674161434173584)","(0.6211384534835815, 0.526206910610199, 0.0785677507519722)","(0.6311352849006653, 0.4880945384502411, -0.029658406972885132)","(0.6189215183258057, 0.5937305688858032, -0.00018257147166877985)","(0.610484778881073, 0.6164965629577637, 0.04523081332445145)","(0.6060625314712524, 0.6160969734191895, 0.0807962566614151)","(0.6650917530059814, 0.5014528632164001, -0.017935648560523987)","(0.6526168584823608, 0.6071698665618896, 0.015109560452401638)","(0.6379841566085815, 0.6158300042152405, 0.06842254847288132)","(0.6297897696495056, 0.6044270992279053, 0.1058538630604744)","(0.6924474835395813, 0.4939476549625397, 0.0013572777388617396)","(0.6761288046836853, 0.5844380855560303, 0.03694137558341026)","(0.6604766845703125, 0.5842860341072083, 0.08156801760196686)","(0.6528546214103699, 0.566743791103363, 0.10967501997947693)","(0.7128338813781738, 0.4757983684539795, 0.022958718240261078)","(0.6972432136535645, 0.5414840579032898, 0.05536925420165062)","(0.6825679540634155, 0.5420347452163696, 0.08382587879896164)","(0.6744964122772217, 0.5281149744987488, 0.10527528077363968)",Release
1792,"(0.6868458986282349, 0.27763426303863525, -8.729265391593799e-05)","(0.6324595212936401, 0.32455354928970337, 0.023172490298748016)","(0.614190399646759, 0.4071595072746277, 0.040146198123693466)","(0.6156083941459656, 0.47796255350112915, 0.0619940347969532)","(0.6202558279037476, 0.5253114104270935, 0.08690130710601807)","(0.6311805844306946, 0.4879736602306366, -0.02230692468583584)","(0.6193199753761292, 0.5920396447181702, 0.005799476057291031)","(0.6115900874137878, 0.6221930980682373, 0.048706624656915665)","(0.6069366335868835, 0.6318497657775879, 0.08390875905752182)","(0.6644989848136902, 0.5018957853317261, -0.012703238986432552)","(0.6521230936050415, 0.607001781463623, 0.02135981060564518)","(0.6378124952316284, 0.6187728047370911, 0.0736151859164238)","(0.6297709941864014, 0.6112321019172668, 0.11110564321279526)","(0.6916317343711853, 0.49563008546829224, 0.004870451055467129)","(0.6760708093643188, 0.5859202146530151, 0.04031173512339592)","(0.6605602502822876, 0.5871332883834839, 0.08435613662004471)","(0.6526319980621338, 0.5711609125137329, 0.11280715465545654)","(0.7123211026191711, 0.4783513844013214, 0.02477726712822914)","(0.698180079460144, 0.5456093549728394, 0.05765203386545181)","(0.6837326288223267, 0.5463469624519348, 0.086122065782547)","(0.6755501627922058, 0.5319401025772095, 0.1071498841047287)",Release
1793,"(0.6865373849868774, 0.2781529426574707, -7.955780165502802e-05)","(0.6319818496704102, 0.32489272952079773, 0.0227651447057724)","(0.6132489442825317, 0.40806424617767334, 0.03832721710205078)","(0.6134520769119263, 0.48131343722343445, 0.05885259062051773)","(0.6170842051506042, 0.5316520929336548, 0.08229802548885345)","(0.6307277083396912, 0.488272488117218, -0.02159997634589672)","(0.6176783442497253, 0.5916358828544617, 0.007325752638280392)","(0.6098356246948242, 0.6211850643157959, 0.051094312220811844)","(0.6046440601348877, 0.6312991976737976, 0.08692577481269836)","(0.664654552936554, 0.5027657151222229, -0.011530217714607716)","(0.651914656162262, 0.6085723638534546, 0.022101782262325287)","(0.6376681923866272, 0.6232808828353882, 0.07422443479299545)","(0.6295331716537476, 0.6178509593009949, 0.11291920393705368)","(0.6920955777168274, 0.4962930381298065, 0.006806553341448307)","(0.6765937805175781, 0.5882819294929504, 0.042351819574832916)","(0.6605693697929382, 0.5916110873222351, 0.08621183782815933)","(0.6517882943153381, 0.5773454904556274, 0.11473969370126724)","(0.7128538489341736, 0.4787295162677765, 0.027655161917209625)","(0.6989579200744629, 0.5481782555580139, 0.060710880905389786)","(0.6842635869979858, 0.5500322580337524, 0.08926133066415787)","(0.6758242845535278, 0.5354016423225403, 0.11070658266544342)",Release
1794,"(0.6844279170036316, 0.2816586494445801, -8.265971700893715e-05)","(0.6300132870674133, 0.3288085460662842, 0.024223780259490013)","(0.6103259325027466, 0.4122667610645294, 0.03771926835179329)","(0.6103143095970154, 0.48798567056655884, 0.05553600192070007)","(0.6132641434669495, 0.5398924946784973, 0.07477695494890213)","(0.628441333770752, 0.4897823631763458, -0.02989933453500271)","(0.6144196391105652, 0.5967974662780762, -0.0007839588797651231)","(0.6067202091217041, 0.6269315481185913, 0.04375792294740677)","(0.6016510725021362, 0.637068510055542, 0.07967445999383926)","(0.6636559367179871, 0.505449116230011, -0.02162500098347664)","(0.6502999663352966, 0.6156851053237915, 0.013063374906778336)","(0.6353601217269897, 0.6257220506668091, 0.06624153256416321)","(0.6270824670791626, 0.6163659691810608, 0.10512909293174744)","(0.6921647191047668, 0.5000633001327515, -0.004127175081521273)","(0.6753113865852356, 0.5956987738609314, 0.0326235331594944)","(0.6584490537643433, 0.5947185754776001, 0.0784279927611351)","(0.6501814723014832, 0.5781598091125488, 0.10747795552015305)","(0.713751494884491, 0.4822944104671478, 0.016129590570926666)","(0.6979352235794067, 0.5544830560684204, 0.05124616622924805)","(0.6829105615615845, 0.5536717176437378, 0.08222103118896484)","(0.6754036545753479, 0.5372246503829956, 0.10479187220335007)",Reach
1795,"(0.6795752644538879, 0.28818488121032715, -8.708902896614745e-05)","(0.6250523924827576, 0.3391309976577759, 0.021369772031903267)","(0.6064353585243225, 0.42650437355041504, 0.033922769129276276)","(0.6084262132644653, 0.5052952766418457, 0.05227075517177582)","(0.6119439601898193, 0.557026743888855, 0.07181091606616974)","(0.6241590976715088, 0.4991574287414551, -0.04094306752085686)","(0.6127660274505615, 0.6082905530929565, -0.008464406244456768)","(0.6057857871055603, 0.632319450378418, 0.040834031999111176)","(0.6016438603401184, 0.6346789002418518, 0.07986851036548615)","(0.6603107452392578, 0.5139750838279724, -0.03250116482377052)","(0.6476942300796509, 0.6274901628494263, 0.00208703032694757)","(0.6322850584983826, 0.6360114812850952, 0.056196942925453186)","(0.6233201622962952, 0.6247416734695435, 0.0950360968708992)","(0.689978301525116, 0.5079760551452637, -0.013838700018823147)","(0.6740739941596985, 0.6071305274963379, 0.022095514461398125)","(0.6568798422813416, 0.60460364818573, 0.06764484941959381)","(0.6487882733345032, 0.5862920880317688, 0.09586644172668457)","(0.712374210357666, 0.4900960624217987, 0.007373134605586529)","(0.696144700050354, 0.5653619766235352, 0.041132211685180664)","(0.6802208423614502, 0.5649029612541199, 0.07253264635801315)","(0.6723783016204834, 0.5487641096115112, 0.0954723134636879)",Reach
1796,"(0.6754469871520996, 0.2979225814342499, -8.731731213629246e-05)","(0.6192904710769653, 0.3500519394874573, 0.018706340342760086)","(0.5998636484146118, 0.43888843059539795, 0.02901572547852993)","(0.6005499958992004, 0.5202690362930298, 0.04558396339416504)","(0.6021507382392883, 0.5760821104049683, 0.06259442120790482)","(0.6216129064559937, 0.5131522417068481, -0.043658964335918427)","(0.6092543005943298, 0.6235347986221313, -0.014935578219592571)","(0.6019549369812012, 0.6538125276565552, 0.03249872103333473)","(0.5976129174232483, 0.6614961624145508, 0.07157053053379059)","(0.6588740348815918, 0.5269944071769714, -0.03336826339364052)","(0.6462146639823914, 0.6414864659309387, 0.000690677494276315)","(0.6314640045166016, 0.6535766124725342, 0.055049847811460495)","(0.6237509846687317, 0.6459509134292603, 0.0949699804186821)","(0.688719630241394, 0.5198138356208801, -0.01322205737233162)","(0.6730149984359741, 0.6204262375831604, 0.022673210129141808)","(0.6559901237487793, 0.6193255186080933, 0.06774147599935532)","(0.6479590535163879, 0.6023750305175781, 0.09623225778341293)","(0.7108568549156189, 0.500794529914856, 0.00939946062862873)","(0.694597065448761, 0.5791646838188171, 0.04312169551849365)","(0.6780120134353638, 0.580703616142273, 0.07365050911903381)","(0.669734001159668, 0.5654830932617188, 0.09676846861839294)",Reach
1797,"(0.667005181312561, 0.31526803970336914, -9.054742258740589e-05)","(0.610404372215271, 0.3713030219078064, 0.025880690664052963)","(0.5931649208068848, 0.46223196387290955, 0.04176276549696922)","(0.5952743887901306, 0.5423116087913513, 0.06242978200316429)","(0.5984728932380676, 0.5959500074386597, 0.08229511231184006)","(0.6103639602661133, 0.5350406169891357, -0.03835413604974747)","(0.5993714928627014, 0.6470346450805664, -0.005846242420375347)","(0.59186190366745, 0.6760923862457275, 0.04303454980254173)","(0.5865031480789185, 0.6825254559516907, 0.08234693855047226)","(0.648309051990509, 0.5477113127708435, -0.03210809826850891)","(0.6364974975585938, 0.6629774570465088, 0.006331781391054392)","(0.6235631108283997, 0.6720138788223267, 0.06191837415099144)","(0.6167267560958862, 0.6618109941482544, 0.10101964324712753)","(0.6796079874038696, 0.5414932370185852, -0.015772107988595963)","(0.6643574237823486, 0.6439996957778931, 0.024016287177801132)","(0.6489388346672058, 0.6360396146774292, 0.0706644281744957)","(0.6430761218070984, 0.6131179332733154, 0.09780009835958481)","(0.7033075094223022, 0.5242905020713806, 0.003372595878317952)","(0.6885300874710083, 0.6053144931793213, 0.0402948297560215)","(0.6726176142692566, 0.6019912362098694, 0.07316567748785019)","(0.6661471724510193, 0.5815863013267517, 0.09588003158569336)",Reach
1798,"(0.657595694065094, 0.3346208930015564, -9.030212095240131e-05)","(0.6030478477478027, 0.39003822207450867, 0.034026626497507095)","(0.5862348675727844, 0.4775732159614563, 0.05503391847014427)","(0.588641881942749, 0.5542693734169006, 0.0801452174782753)","(0.5943037271499634, 0.603667676448822, 0.10630279034376144)","(0.6004632115364075, 0.5613465309143066, -0.02199634164571762)","(0.5893323421478271, 0.6658538579940796, 0.02263614907860756)","(0.5838552713394165, 0.6744368672370911, 0.07669616490602493)","(0.5818408727645874, 0.6629496216773987, 0.11536833643913269)","(0.6373912692070007, 0.5731688737869263, -0.018924567848443985)","(0.6260618567466736, 0.6846593618392944, 0.024409882724285126)","(0.6167351007461548, 0.6880872249603271, 0.08086219429969788)","(0.6127931475639343, 0.670120894908905, 0.12014885246753693)","(0.6691266894340515, 0.5643648505210876, -0.005185738671571016)","(0.6579580903053284, 0.6663092970848083, 0.03716495633125305)","(0.6463617086410522, 0.6578167676925659, 0.08704154938459396)","(0.642693042755127, 0.6325450539588928, 0.11688770353794098)","(0.6945221424102783, 0.5440225005149841, 0.011835603974759579)","(0.6847013831138611, 0.6245208382606506, 0.04886684939265251)","(0.669899046421051, 0.6232750415802002, 0.08353915810585022)","(0.6633089184761047, 0.602446436882019, 0.10879385471343994)",Reach
1799,"(0.6469706892967224, 0.3615644574165344, -6.813133222749457e-05)","(0.5908269286155701, 0.41646671295166016, 0.048826076090335846)","(0.5756393074989319, 0.5018752813339233, 0.0795341283082962)","(0.5811405777931213, 0.5709784626960754, 0.11018667370080948)","(0.5878810882568359, 0.6143143177032471, 0.14031729102134705)","(0.5886433124542236, 0.5941712260246277, 0.005462370812892914)","(0.578073263168335, 0.6927094459533691, 0.05450183525681496)","(0.5721466541290283, 0.7035882472991943, 0.10629338771104813)","(0.5688886046409607, 0.6963561177253723, 0.14177197217941284)","(0.6242039203643799, 0.605501115322113, 0.0014681986067444086)","(0.6122971773147583, 0.712347149848938, 0.05040384829044342)","(0.6039385199546814, 0.7117658853530884, 0.10489770025014877)","(0.6019881367683411, 0.690186619758606, 0.14155101776123047)","(0.6555628180503845, 0.5990518927574158, 0.007584458217024803)","(0.6448031663894653, 0.7003984451293945, 0.05305875837802887)","(0.6347030401229858, 0.6913115382194519, 0.10252588242292404)","(0.6338409185409546, 0.6646279692649841, 0.13307072222232819)","(0.6814396977424622, 0.582114040851593, 0.018281197175383568)","(0.6731076240539551, 0.6668762564659119, 0.055912334471940994)","(0.6593546271324158, 0.6658429503440857, 0.09250000864267349)","(0.6556145548820496, 0.6420060396194458, 0.12062710523605347)",Reach
1800,"(0.6340129971504211, 0.3935118317604065, -5.463650086312555e-05)","(0.5794141888618469, 0.44830676913261414, 0.057759154587984085)","(0.5650777220726013, 0.5335184335708618, 0.09245075285434723)","(0.5712195038795471, 0.6011056303977966, 0.12513689696788788)","(0.5774220824241638, 0.6415096521377563, 0.1577252596616745)","(0.5716524720191956, 0.6295807361602783, 0.009303734637796879)","(0.5634522438049316, 0.7310816049575806, 0.062170978635549545)","(0.5659085512161255, 0.7320929169654846, 0.11877059936523438)","(0.5696805715560913, 0.7090019583702087, 0.15696150064468384)","(0.6064164042472839, 0.6406890749931335, 0.001147084403783083)","(0.5999096035957336, 0.7471234798431396, 0.05452663451433182)","(0.6014664769172668, 0.7453282475471497, 0.11444224417209625)","(0.6040940284729004, 0.7206393480300903, 0.15485268831253052)","(0.6397137641906738, 0.6335387825965881, 0.00300603942014277)","(0.6350669264793396, 0.7390583157539368, 0.04874228313565254)","(0.631947934627533, 0.7316620349884033, 0.10049434006214142)","(0.6328434944152832, 0.7065032720565796, 0.13411475718021393)","(0.6685618162155151, 0.6159780621528625, 0.010566715151071548)","(0.6654272675514221, 0.7053852081298828, 0.04675551876425743)","(0.657217800617218, 0.7034285664558411, 0.08372657001018524)","(0.6559262871742249, 0.679455578327179, 0.11394228041172028)",Reach
1801,"(0.6239510774612427, 0.4249212145805359, -6.360487168421969e-05)","(0.5693966746330261, 0.47953712940216064, 0.062711201608181)","(0.5536102056503296, 0.5613280534744263, 0.09525247663259506)","(0.5607951283454895, 0.6275892853736877, 0.12435203790664673)","(0.5688237547874451, 0.6649890542030334, 0.15198670327663422)","(0.5559402704238892, 0.6529658436775208, 0.003982048016041517)","(0.5511862635612488, 0.759601354598999, 0.05843750387430191)","(0.5606544613838196, 0.7476688623428345, 0.114747054874897)","(0.569581151008606, 0.7130041122436523, 0.15048256516456604)","(0.5916789174079895, 0.6670932769775391, -0.008555038832128048)","(0.5875962376594543, 0.7795615196228027, 0.039693932980298996)","(0.59413743019104, 0.7721021771430969, 0.0952678918838501)","(0.5995393395423889, 0.7440277338027954, 0.13081364333629608)","(0.6270784735679626, 0.6633175611495972, -0.009542652405798435)","(0.6232123970985413, 0.7751333117485046, 0.035027820616960526)","(0.6239814162254333, 0.7634353041648865, 0.08433689177036285)","(0.6273312568664551, 0.7352204322814941, 0.11484605818986893)","(0.659067690372467, 0.6492704749107361, -0.0038074739277362823)","(0.6554092168807983, 0.7456424832344055, 0.03214728459715843)","(0.6496468186378479, 0.7374070882797241, 0.06878533214330673)","(0.6511682868003845, 0.7077630758285522, 0.09725086390972137)",Reach
1802,"(0.6111378073692322, 0.4519230127334595, -5.1632341637741774e-05)","(0.5588636994361877, 0.5099558234214783, 0.07105806469917297)","(0.5444276928901672, 0.589867353439331, 0.10577868670225143)","(0.5489727854728699, 0.6559416651725769, 0.13454964756965637)","(0.5596235990524292, 0.6953950524330139, 0.1617186814546585)","(0.5460289716720581, 0.6815291047096252, 0.029427140951156616)","(0.5494950413703918, 0.780514657497406, 0.08547987788915634)","(0.5615730881690979, 0.7856918573379517, 0.14250046014785767)","(0.5694131255149841, 0.7663560509681702, 0.178503155708313)","(0.5796288847923279, 0.6957963109016418, 0.011014074087142944)","(0.5828678011894226, 0.8121316432952881, 0.054845068603754044)","(0.5919121503829956, 0.8196853399276733, 0.11052801460027695)","(0.5980325937271118, 0.7971832752227783, 0.15027227997779846)","(0.6151728630065918, 0.690513551235199, 0.004024616442620754)","(0.6178795695304871, 0.804397463798523, 0.04505839943885803)","(0.6203686594963074, 0.8025459051132202, 0.09614003449678421)","(0.6229889392852783, 0.7784821391105652, 0.13003768026828766)","(0.6482802629470825, 0.6725812554359436, 0.003752357792109251)","(0.650891900062561, 0.7694666981697083, 0.03416799381375313)","(0.6450790166854858, 0.7698829174041748, 0.06904935091733932)","(0.6433424949645996, 0.7445648908615112, 0.09656272083520889)",Reach
1803,"(0.6031095385551453, 0.4818536639213562, -4.732107845484279e-05)","(0.5506700873374939, 0.5441675186157227, 0.07121284306049347)","(0.5374346971511841, 0.6238159537315369, 0.10149747133255005)","(0.5442157983779907, 0.6861672401428223, 0.12531697750091553)","(0.5586097240447998, 0.7212807536125183, 0.14591701328754425)","(0.5386088490486145, 0.7080060243606567, 0.019919490441679955)","(0.5473161935806274, 0.8101980090141296, 0.07162372767925262)","(0.5604270696640015, 0.7969965934753418, 0.12254248559474945)","(0.5684102773666382, 0.763416588306427, 0.1536620557308197)","(0.5728492736816406, 0.7217811346054077, -0.0006776372320018709)","(0.5801123380661011, 0.847732663154602, 0.03954571485519409)","(0.5902279019355774, 0.8472233414649963, 0.09345711767673492)","(0.5954992175102234, 0.8191570043563843, 0.13087710738182068)","(0.6084861159324646, 0.715628445148468, -0.009834228083491325)","(0.6138474345207214, 0.8399050235748291, 0.02778986096382141)","(0.6173152327537537, 0.8288880586624146, 0.07596760243177414)","(0.6200804114341736, 0.7977315187454224, 0.10742581635713577)","(0.6418771147727966, 0.6965792179107666, -0.012279223650693893)","(0.6443580389022827, 0.7980324029922485, 0.015387129038572311)","(0.6386398673057556, 0.7919804453849792, 0.048914454877376556)","(0.6370759606361389, 0.7615585923194885, 0.07464969158172607)",Reach
1804,"(0.5977752804756165, 0.5034140348434448, -4.3635482143145055e-05)","(0.5477889180183411, 0.5690444707870483, 0.06855839490890503)","(0.5363383293151855, 0.6469104290008545, 0.10057074576616287)","(0.5428866147994995, 0.7085346579551697, 0.12646602094173431)","(0.5614287257194519, 0.747637927532196, 0.15291938185691833)","(0.5415540933609009, 0.7373992204666138, 0.02934226766228676)","(0.5511130094528198, 0.8382506370544434, 0.08593583852052689)","(0.5636749267578125, 0.8369680643081665, 0.14241895079612732)","(0.5698602795600891, 0.8160257339477539, 0.17759276926517487)","(0.5742539763450623, 0.7534130215644836, 0.014055345207452774)","(0.5814025402069092, 0.8758522868156433, 0.06065712869167328)","(0.5889922976493835, 0.875675618648529, 0.11912348866462708)","(0.5913839936256409, 0.8494436740875244, 0.15943625569343567)","(0.6074681878089905, 0.7476730346679688, 0.009634661488234997)","(0.612454354763031, 0.8633376359939575, 0.05396876111626625)","(0.6149917840957642, 0.8559641242027283, 0.10388197004795074)","(0.6158890128135681, 0.8281229138374329, 0.13279499113559723)","(0.6379116773605347, 0.7265549898147583, 0.01060263067483902)","(0.6396472454071045, 0.8138951063156128, 0.04705657809972763)","(0.6333113312721252, 0.8098554015159607, 0.07944555580615997)","(0.6291747093200684, 0.7826812267303467, 0.10198930650949478)",Reach
1805,"(0.5932549238204956, 0.5165606141090393, -5.0403905333951116e-05)","(0.5457063913345337, 0.5910679697990417, 0.06537843495607376)","(0.5344851016998291, 0.6667525768280029, 0.09425727277994156)","(0.5397681593894958, 0.7270640730857849, 0.11731163412332535)","(0.5609581470489502, 0.762519359588623, 0.14066503942012787)","(0.5372410416603088, 0.7484139204025269, 0.024203602224588394)","(0.5490013360977173, 0.8386268019676208, 0.07695623487234116)","(0.5628934502601624, 0.8181502819061279, 0.12575066089630127)","(0.5691830515861511, 0.7853029370307922, 0.15213769674301147)","(0.5713784694671631, 0.7646259069442749, 0.007742957212030888)","(0.5791866779327393, 0.8908267021179199, 0.045744288712739944)","(0.5903752446174622, 0.889206051826477, 0.09929410368204117)","(0.5945032238960266, 0.8602549433708191, 0.1368080973625183)","(0.6056990027427673, 0.7601529955863953, 0.0010807510698214173)","(0.6095348000526428, 0.8803023099899292, 0.03988010436296463)","(0.6157101392745972, 0.8720988631248474, 0.08498792350292206)","(0.618535578250885, 0.843189001083374, 0.10985518991947174)","(0.6370444893836975, 0.7395068407058716, -0.0002246455696877092)","(0.6385899186134338, 0.8267655372619629, 0.03328371047973633)","(0.6347563862800598, 0.8211347460746765, 0.06455431878566742)","(0.632744550704956, 0.7945363521575928, 0.08476973325014114)",Grasp
1806,"(0.5894280672073364, 0.5266610980033875, -6.31688380963169e-05)","(0.542289674282074, 0.6059741973876953, 0.061389241367578506)","(0.5316846370697021, 0.6817995309829712, 0.08792545646429062)","(0.5369836091995239, 0.7424672842025757, 0.10960067808628082)","(0.5600309371948242, 0.7754906415939331, 0.13183733820915222)","(0.5340240001678467, 0.7578974962234497, 0.017225466668605804)","(0.5469306111335754, 0.8520245552062988, 0.0671284943819046)","(0.5617353916168213, 0.8306067585945129, 0.11410272121429443)","(0.5681336522102356, 0.7976060509681702, 0.1405206322669983)","(0.5684558749198914, 0.7729647755622864, 0.0014366722898557782)","(0.5783317685127258, 0.9008074998855591, 0.03641815856099129)","(0.59048992395401, 0.8882600665092468, 0.08747820556163788)","(0.5943686366081238, 0.8515100479125977, 0.12289616465568542)","(0.6028686165809631, 0.7693888545036316, -0.00488152215257287)","(0.6073781847953796, 0.8890224099159241, 0.03373713791370392)","(0.6134934425354004, 0.8735834956169128, 0.07746030390262604)","(0.6162475347518921, 0.8395019173622131, 0.0998309925198555)","(0.6345279216766357, 0.7514456510543823, -0.006246952805668116)","(0.6346570253372192, 0.8363007307052612, 0.02850201353430748)","(0.6313378810882568, 0.8245334625244141, 0.05811258777976036)","(0.6307172179222107, 0.7945314645767212, 0.07600171118974686)",Grasp
1807,"(0.5844216346740723, 0.5340362787246704, -5.3192990890238434e-05)","(0.538133978843689, 0.6121091246604919, 0.05920490249991417)","(0.5287775993347168, 0.6883134841918945, 0.08257277309894562)","(0.5381218194961548, 0.7465898394584656, 0.10069773346185684)","(0.5642480850219727, 0.7740821838378906, 0.11922143399715424)","(0.5299633741378784, 0.7631025910377502, 0.013309916481375694)","(0.5480629205703735, 0.8550531268119812, 0.06008731573820114)","(0.5640132427215576, 0.828446626663208, 0.10234667360782623)","(0.5706056356430054, 0.7913615703582764, 0.12470253556966782)","(0.5643731355667114, 0.7775914669036865, -0.003255529096350074)","(0.5779234170913696, 0.9081069231033325, 0.030046973377466202)","(0.5923787355422974, 0.8934701681137085, 0.07833682000637054)","(0.5974004864692688, 0.8548687100410461, 0.11105658113956451)","(0.5991978049278259, 0.771903932094574, -0.01070324331521988)","(0.6066996455192566, 0.8949034214019775, 0.027223005890846252)","(0.6139108538627625, 0.8763366341590881, 0.06797919422388077)","(0.6168930530548096, 0.8409326076507568, 0.0875839963555336)","(0.6318114995956421, 0.7516775727272034, -0.013371157459914684)","(0.6333344578742981, 0.8377330303192139, 0.020004641264677048)","(0.6302793622016907, 0.8240769505500793, 0.04780576005578041)","(0.6298420429229736, 0.7946739792823792, 0.06342069059610367)",Grasp
1808,"(0.5830227732658386, 0.5325121283531189, -6.015902545186691e-05)","(0.53605717420578, 0.6111646294593811, 0.06609431654214859)","(0.5250813364982605, 0.6873152852058411, 0.09665205329656601)","(0.53129643201828, 0.7466433644294739, 0.12097784131765366)","(0.5532192587852478, 0.7755379676818848, 0.14505471289157867)","(0.5274213552474976, 0.7645842432975769, 0.031991541385650635)","(0.545106053352356, 0.8524547219276428, 0.08301214873790741)","(0.560129702091217, 0.8276879787445068, 0.12559011578559875)","(0.566329300403595, 0.7951501607894897, 0.14781910181045532)","(0.5603528022766113, 0.7803653478622437, 0.014123753644526005)","(0.5742830634117126, 0.9030721783638, 0.05673419311642647)","(0.5877347588539124, 0.8877221345901489, 0.10640924423933029)","(0.5920608639717102, 0.8527641296386719, 0.1388789564371109)","(0.5942493677139282, 0.7776249051094055, 0.00541204959154129)","(0.6026707887649536, 0.8946123719215393, 0.04887419193983078)","(0.6102073788642883, 0.875821053981781, 0.09079824388027191)","(0.6132500767707825, 0.8397292494773865, 0.11024694889783859)","(0.6269204020500183, 0.7606322169303894, 0.0017879236256703734)","(0.6299665570259094, 0.8473120331764221, 0.037463895976543427)","(0.6275560259819031, 0.8349319100379944, 0.06594090908765793)","(0.6266948580741882, 0.8041630983352661, 0.08284003287553787)",Grasp
1809,"(0.5830743312835693, 0.5335344672203064, -6.132558337412775e-05)","(0.5364276766777039, 0.6126917600631714, 0.06344558298587799)","(0.5251720547676086, 0.6879329681396484, 0.09370673447847366)","(0.5300918221473694, 0.747187614440918, 0.11827073246240616)","(0.5517903566360474, 0.7786941528320312, 0.1419915407896042)","(0.5275938510894775, 0.7641391754150391, 0.030523914843797684)","(0.5426967144012451, 0.8498541712760925, 0.08222202956676483)","(0.5569060444831848, 0.8288800120353699, 0.1259893774986267)","(0.5628370642662048, 0.7997982501983643, 0.14793698489665985)","(0.5598522424697876, 0.7814129590988159, 0.013759280554950237)","(0.5717315077781677, 0.899784505367279, 0.05708827078342438)","(0.5844823718070984, 0.8879169821739197, 0.10724857449531555)","(0.5887616276741028, 0.8555837273597717, 0.1404351145029068)","(0.5930914282798767, 0.7802944779396057, 0.006141019985079765)","(0.6005246043205261, 0.893338680267334, 0.04920923337340355)","(0.6074416637420654, 0.8778544068336487, 0.09027047455310822)","(0.6104018092155457, 0.8447275757789612, 0.1091952696442604)","(0.6249508261680603, 0.7641419172286987, 0.0031425151973962784)","(0.6273727416992188, 0.8487735390663147, 0.03780602291226387)","(0.6238113641738892, 0.8397210836410522, 0.06441408395767212)","(0.6221901178359985, 0.8118960857391357, 0.07976672798395157)",Grasp
1810,"(0.5845478773117065, 0.5409364700317383, -6.528657831950113e-05)","(0.5369662642478943, 0.6157463192939758, 0.0571528896689415)","(0.5250309109687805, 0.6915016174316406, 0.08315794914960861)","(0.5303426384925842, 0.7516694664955139, 0.10568932443857193)","(0.5539917349815369, 0.7818825244903564, 0.12727634608745575)","(0.5296152830123901, 0.765649676322937, 0.01959134452044964)","(0.5422295331954956, 0.8467925786972046, 0.07112109661102295)","(0.5543309450149536, 0.8238414525985718, 0.11383860558271408)","(0.5595245361328125, 0.7940906882286072, 0.13360853493213654)","(0.5633345246315002, 0.7848744988441467, 0.00792673695832491)","(0.5724425315856934, 0.90257328748703, 0.048781756311655045)","(0.5822630524635315, 0.8939871788024902, 0.09922225028276443)","(0.585503339767456, 0.8638505339622498, 0.1327424943447113)","(0.5967156291007996, 0.7843577861785889, 0.005406203214079142)","(0.6011157631874084, 0.8962677717208862, 0.04806127771735191)","(0.6062988042831421, 0.8832558989524841, 0.08928414434194565)","(0.6087356805801392, 0.8526813983917236, 0.10731329768896103)","(0.6272025108337402, 0.767511785030365, 0.007219403516501188)","(0.6272656917572021, 0.8476219177246094, 0.04437236115336418)","(0.6226422786712646, 0.8384036421775818, 0.07054969668388367)","(0.6206197738647461, 0.8121798634529114, 0.0843750387430191)",Grasp
1811,"(0.5850905776023865, 0.5392640233039856, -5.6548895372543484e-05)","(0.5384187698364258, 0.6122392416000366, 0.06634499132633209)","(0.5267603993415833, 0.6867890357971191, 0.09822864830493927)","(0.529982328414917, 0.7470248937606812, 0.12423978000879288)","(0.5482821464538574, 0.7799145579338074, 0.14941641688346863)","(0.5306538939476013, 0.7647852301597595, 0.033419642597436905)","(0.5425731539726257, 0.8455460071563721, 0.08616650849580765)","(0.55466628074646, 0.8246975541114807, 0.1317024677991867)","(0.5602361559867859, 0.7972854971885681, 0.1549842357635498)","(0.5632352828979492, 0.7835462093353271, 0.017202630639076233)","(0.5730706453323364, 0.8984879851341248, 0.06114664301276207)","(0.5838459730148315, 0.890949547290802, 0.1136908084154129)","(0.5885541439056396, 0.863517165184021, 0.14934733510017395)","(0.5967284440994263, 0.7832217812538147, 0.010810760781168938)","(0.6030455231666565, 0.894722580909729, 0.05406820401549339)","(0.608819842338562, 0.8832005858421326, 0.09883493930101395)","(0.6121892333030701, 0.8550471663475037, 0.12111067771911621)","(0.6284329891204834, 0.7672405242919922, 0.009474527090787888)","(0.6305861473083496, 0.8516978621482849, 0.044861409813165665)","(0.6268561482429504, 0.8436740636825562, 0.07400596141815186)","(0.6254333257675171, 0.818299412727356, 0.09295209497213364)",Grasp
1812,"(0.5893125534057617, 0.5386287569999695, -4.530659134616144e-05)","(0.5410898923873901, 0.6052764654159546, 0.06583185493946075)","(0.5287060737609863, 0.6779773235321045, 0.09963670372962952)","(0.5311310291290283, 0.7387043237686157, 0.12788280844688416)","(0.5489823222160339, 0.7753124237060547, 0.15589086711406708)","(0.5337806940078735, 0.7636848092079163, 0.0400419719517231)","(0.5425199270248413, 0.8416250348091125, 0.0947951227426529)","(0.5545670390129089, 0.822089433670044, 0.14233048260211945)","(0.560785174369812, 0.7949212789535522, 0.1680065095424652)","(0.565879762172699, 0.7848154306411743, 0.025146929547190666)","(0.574400007724762, 0.8961851000785828, 0.07097838819026947)","(0.5850028395652771, 0.8918739557266235, 0.1240125298500061)","(0.5903671979904175, 0.866791844367981, 0.16046366095542908)","(0.5988157987594604, 0.7858789563179016, 0.019619639962911606)","(0.6040226221084595, 0.8944626450538635, 0.06410465389490128)","(0.6104354858398438, 0.8853461146354675, 0.11018142849206924)","(0.6145466566085815, 0.8589259386062622, 0.1340709626674652)","(0.6301989555358887, 0.7700877785682678, 0.019335614517331123)","(0.6327177882194519, 0.8526390790939331, 0.055850233882665634)","(0.629525363445282, 0.8460689783096313, 0.08607259392738342)","(0.6283525824546814, 0.8209058046340942, 0.10660109668970108)",Grasp
1813,"(0.5915958285331726, 0.5400806665420532, -5.279380638967268e-05)","(0.5421862006187439, 0.6051551699638367, 0.06468180567026138)","(0.5294201374053955, 0.6786379814147949, 0.09832430630922318)","(0.5319919586181641, 0.7382042407989502, 0.12669196724891663)","(0.5488656163215637, 0.7745091319084167, 0.1553383469581604)","(0.5348275899887085, 0.765297532081604, 0.03480379283428192)","(0.5438180565834045, 0.8420185446739197, 0.09035247564315796)","(0.5548120737075806, 0.821200966835022, 0.14047947525978088)","(0.5600337386131287, 0.7932550311088562, 0.16792935132980347)","(0.5682070851325989, 0.7853180170059204, 0.020600801333785057)","(0.5765208005905151, 0.8961279988288879, 0.0658176839351654)","(0.5857881903648376, 0.8922569751739502, 0.12103959172964096)","(0.59022057056427, 0.8668186664581299, 0.1597871631383896)","(0.6020621061325073, 0.7842336893081665, 0.016191579401493073)","(0.6078877449035645, 0.8921027779579163, 0.05914020165801048)","(0.6131232976913452, 0.8846918344497681, 0.10650987923145294)","(0.6165295243263245, 0.8601709008216858, 0.13242961466312408)","(0.633953869342804, 0.7655962705612183, 0.01701260730624199)","(0.6374977827072144, 0.847515344619751, 0.05152387544512749)","(0.6330268383026123, 0.8429728746414185, 0.08196865022182465)","(0.6305123567581177, 0.8203587532043457, 0.10362797230482101)",Grasp
1814,"(0.5938111543655396, 0.5380532741546631, -6.214455788722262e-05)","(0.5430544018745422, 0.60212242603302, 0.06498034298419952)","(0.5300305485725403, 0.6752378344535828, 0.09895183145999908)","(0.5332970023155212, 0.7379733920097351, 0.1280031055212021)","(0.5506716966629028, 0.7746016383171082, 0.15734896063804626)","(0.5368612408638, 0.7641806602478027, 0.03659673035144806)","(0.5432403683662415, 0.843370258808136, 0.09358775615692139)","(0.5548865795135498, 0.8248797059059143, 0.14383678138256073)","(0.5609439015388489, 0.7983315587043762, 0.1720125824213028)","(0.5692574977874756, 0.7849009037017822, 0.022503333166241646)","(0.57542884349823, 0.8935648798942566, 0.07139419764280319)","(0.5852996706962585, 0.8830909729003906, 0.1254837065935135)","(0.5902589559555054, 0.8538840413093567, 0.16110007464885712)","(0.6022796034812927, 0.7853561639785767, 0.01859753020107746)","(0.6059154272079468, 0.8919390439987183, 0.06378002464771271)","(0.6114692687988281, 0.8815188407897949, 0.11074597388505936)","(0.6155887842178345, 0.8542166948318481, 0.13491374254226685)","(0.6335877180099487, 0.7693553566932678, 0.019985156133770943)","(0.6361504197120667, 0.8519094586372375, 0.05637697875499725)","(0.6325485110282898, 0.8449609279632568, 0.08690837025642395)","(0.6311405301094055, 0.8188034892082214, 0.10825730115175247)",Grasp
1815,"(0.595375120639801, 0.5353773832321167, -6.024424874340184e-05)","(0.5433118343353271, 0.6001570224761963, 0.06208232790231705)","(0.5299410223960876, 0.6726239919662476, 0.09342290461063385)","(0.5337767004966736, 0.7352762222290039, 0.12139557301998138)","(0.5490314960479736, 0.7735198736190796, 0.15111538767814636)","(0.5359646677970886, 0.764868974685669, 0.02400769665837288)","(0.5432508587837219, 0.8503578901290894, 0.08148163557052612)","(0.554773211479187, 0.8339270949363708, 0.13545121252536774)","(0.5600399374961853, 0.8072159886360168, 0.16771064698696136)","(0.5702840685844421, 0.7818771004676819, 0.011362994089722633)","(0.578265905380249, 0.8918706178665161, 0.05861977860331535)","(0.5868375897407532, 0.8773118853569031, 0.11324431002140045)","(0.5892741680145264, 0.8463990688323975, 0.14828138053417206)","(0.604178249835968, 0.7779531478881836, 0.010035392828285694)","(0.6090734004974365, 0.8879180550575256, 0.05337340757250786)","(0.6127041578292847, 0.8745676875114441, 0.10200721025466919)","(0.6145159006118774, 0.8449869155883789, 0.127508282661438)","(0.6351699233055115, 0.7580975890159607, 0.013871867209672928)","(0.6381329298019409, 0.8454219698905945, 0.048903048038482666)","(0.6328377723693848, 0.8376515507698059, 0.08083166182041168)","(0.6296758055686951, 0.8095069527626038, 0.10326176136732101)",Grasp
1816,"(0.5974262356758118, 0.5327115654945374, -6.175249291118234e-05)","(0.5432993173599243, 0.5949578285217285, 0.05869002267718315)","(0.528243362903595, 0.6678579449653625, 0.08922713249921799)","(0.533118486404419, 0.7330050468444824, 0.11731092631816864)","(0.5474970936775208, 0.7725217342376709, 0.14859482645988464)","(0.5402765274047852, 0.763931393623352, 0.01950971595942974)","(0.5470473170280457, 0.8574854731559753, 0.07702542096376419)","(0.5560824871063232, 0.8461069464683533, 0.134675070643425)","(0.5606359243392944, 0.8214079141616821, 0.17086225748062134)","(0.5749577283859253, 0.777643084526062, 0.007878129370510578)","(0.5807710886001587, 0.8904954195022583, 0.056208282709121704)","(0.5858883857727051, 0.8748884201049805, 0.11304921656847)","(0.5879054069519043, 0.8422181010246277, 0.14953549206256866)","(0.6086259484291077, 0.769498348236084, 0.007760139647871256)","(0.6110758185386658, 0.8808790445327759, 0.04960894212126732)","(0.6115842461585999, 0.8672118186950684, 0.09988037496805191)","(0.6126255393028259, 0.8377853631973267, 0.12726826965808868)","(0.6384586691856384, 0.7458690404891968, 0.012937924824655056)","(0.6392573118209839, 0.8349685668945312, 0.04590153694152832)","(0.6325026154518127, 0.8296193480491638, 0.07864469289779663)","(0.6289377212524414, 0.8036577701568604, 0.10251171141862869)",Grasp
1817,"(0.5998563766479492, 0.5303792357444763, -4.06931976613123e-05)","(0.5453164577484131, 0.5852100253105164, 0.057082053273916245)","(0.530622661113739, 0.6606231331825256, 0.08786729723215103)","(0.5365396738052368, 0.7257685661315918, 0.11627837270498276)","(0.5500562787055969, 0.7650213837623596, 0.1483193039894104)","(0.5396257638931274, 0.7599429488182068, 0.01787635125219822)","(0.5465332865715027, 0.850800096988678, 0.07366611063480377)","(0.5544958114624023, 0.8321936130523682, 0.13049083948135376)","(0.5587942600250244, 0.8024711608886719, 0.16685576736927032)","(0.5758123397827148, 0.7743692398071289, 0.006550702266395092)","(0.5803456902503967, 0.8895968198776245, 0.05274666100740433)","(0.5846688747406006, 0.8746120929718018, 0.11122694611549377)","(0.5873397588729858, 0.8406310081481934, 0.15053394436836243)","(0.6105294227600098, 0.7662695646286011, 0.006226968951523304)","(0.6126765012741089, 0.8815678954124451, 0.046512674540281296)","(0.6117610931396484, 0.8661032319068909, 0.09888560324907303)","(0.6121317148208618, 0.8339264392852783, 0.1302153617143631)","(0.641105055809021, 0.7422529458999634, 0.010908744297921658)","(0.6422073245048523, 0.8357543349266052, 0.04319320619106293)","(0.6346096992492676, 0.8266505599021912, 0.0778035894036293)","(0.6306765079498291, 0.7962127923965454, 0.10507047921419144)",Grasp
1818,"(0.6020257472991943, 0.5222980380058289, -5.2044313633814454e-05)","(0.5450164675712585, 0.5719271898269653, 0.05365242436528206)","(0.5291634202003479, 0.6483185887336731, 0.08499371260404587)","(0.5342015624046326, 0.7172345519065857, 0.116120845079422)","(0.5468364357948303, 0.7573028802871704, 0.15318061411380768)","(0.5435837507247925, 0.7500794529914856, 0.011117810383439064)","(0.5452325940132141, 0.8443530201911926, 0.06607607752084732)","(0.5507689118385315, 0.8269168734550476, 0.12478479743003845)","(0.5558637380599976, 0.7972962856292725, 0.16305533051490784)","(0.5809745192527771, 0.7642033100128174, 0.004603988956660032)","(0.5818134546279907, 0.8814666271209717, 0.048902399837970734)","(0.582210898399353, 0.8670985102653503, 0.1092919260263443)","(0.5845271348953247, 0.8318183422088623, 0.1509775072336197)","(0.6154861450195312, 0.7548888921737671, 0.009079924784600735)","(0.6156582832336426, 0.8685948848724365, 0.048422057181596756)","(0.6109260320663452, 0.8538134694099426, 0.10299599915742874)","(0.6108463406562805, 0.8209686875343323, 0.13644452393054962)","(0.6443986296653748, 0.7304190993309021, 0.018829137086868286)","(0.6458779573440552, 0.8211826682090759, 0.05236425995826721)","(0.6359858512878418, 0.8147257566452026, 0.08841727674007416)","(0.6308848261833191, 0.7862704396247864, 0.11791476607322693)",Grasp
1819,"(0.6042624115943909, 0.5111843347549438, -6.265164847718552e-05)","(0.5485525131225586, 0.5606054663658142, 0.05075923725962639)","(0.5315322279930115, 0.6371645927429199, 0.07789403200149536)","(0.5355161428451538, 0.7053584456443787, 0.1062287986278534)","(0.5451420545578003, 0.7499805688858032, 0.13938726484775543)","(0.5478482842445374, 0.7393999695777893, -0.0032267605420202017)","(0.5383678078651428, 0.8397905826568604, 0.04533403739333153)","(0.5364435911178589, 0.838508665561676, 0.1019645631313324)","(0.5395141243934631, 0.8194827437400818, 0.1411421000957489)","(0.5864876508712769, 0.7525649666786194, -0.007937413640320301)","(0.5809777975082397, 0.8701158761978149, 0.03417671471834183)","(0.5739551782608032, 0.859825849533081, 0.09597852826118469)","(0.5730547904968262, 0.8289065957069397, 0.13853752613067627)","(0.6202133297920227, 0.742649495601654, -0.0011329250410199165)","(0.6165967583656311, 0.8570863008499146, 0.03708243742585182)","(0.60552579164505, 0.8449085354804993, 0.09433311223983765)","(0.6030057668685913, 0.8143489360809326, 0.1290779858827591)","(0.6469109654426575, 0.7174316048622131, 0.010594747960567474)","(0.6466505527496338, 0.8105384707450867, 0.04565223306417465)","(0.6333075165748596, 0.804843544960022, 0.08438470214605331)","(0.6271809339523315, 0.7767008543014526, 0.11576570570468903)",Grasp
1820,"(0.6131930947303772, 0.49667176604270935, -7.055668538669124e-05)","(0.5546305775642395, 0.5430507659912109, 0.035457346588373184)","(0.5352734327316284, 0.6248506903648376, 0.0562286339700222)","(0.540200412273407, 0.6977416276931763, 0.08296762406826019)","(0.5502117276191711, 0.7422581315040588, 0.11460196226835251)","(0.5570534467697144, 0.7254125475883484, -0.027104835957288742)","(0.5405164957046509, 0.8296576738357544, 0.018499864265322685)","(0.5333353877067566, 0.8288935422897339, 0.07154427468776703)","(0.5339118242263794, 0.8090928196907043, 0.10748244822025299)","(0.5975905656814575, 0.7407345771789551, -0.021606361493468285)","(0.5868286490440369, 0.8573957085609436, 0.022326773032546043)","(0.5739384293556213, 0.8455492258071899, 0.08275085687637329)","(0.5699025988578796, 0.8133652210235596, 0.12242237478494644)","(0.6305055618286133, 0.7307483553886414, -0.00566148990765214)","(0.6197904944419861, 0.8401344418525696, 0.03491957485675812)","(0.6043140888214111, 0.8282238245010376, 0.08804895728826523)","(0.5998190641403198, 0.7975332736968994, 0.11834543943405151)","(0.654794454574585, 0.7055326104164124, 0.014365572482347488)","(0.6493098735809326, 0.7922446727752686, 0.04904850944876671)","(0.6349734663963318, 0.7857881784439087, 0.08362779766321182)","(0.6289197206497192, 0.7580386996269226, 0.1103973314166069)",Grasp
1821,"(0.621131956577301, 0.4753156006336212, -7.535161421401426e-05)","(0.5612297654151917, 0.5333442687988281, 0.027095207944512367)","(0.5403760671615601, 0.627911388874054, 0.03992078825831413)","(0.5397059321403503, 0.7167556881904602, 0.059645313769578934)","(0.5437536835670471, 0.7741348743438721, 0.08288540691137314)","(0.5680336356163025, 0.7116563320159912, -0.04272695258259773)","(0.5502578616142273, 0.8172897100448608, 0.008701789192855358)","(0.5415704846382141, 0.7968088388442993, 0.06030454486608505)","(0.5434139370918274, 0.7676017880439758, 0.09004916250705719)","(0.608790397644043, 0.7222030758857727, -0.037951815873384476)","(0.5969575047492981, 0.8396861553192139, 0.010827496647834778)","(0.582205593585968, 0.8213148713111877, 0.06374472379684448)","(0.577983558177948, 0.7874940633773804, 0.09403809905052185)","(0.6415594220161438, 0.7120167016983032, -0.021404150873422623)","(0.6283412575721741, 0.8229487538337708, 0.022265160456299782)","(0.6112886071205139, 0.8040757775306702, 0.06786487996578217)","(0.6071771383285522, 0.7697601318359375, 0.08999220281839371)","(0.665738582611084, 0.6897294521331787, -0.0011953306384384632)","(0.657075047492981, 0.7825872302055359, 0.03428005427122116)","(0.641821563243866, 0.7721576690673828, 0.06716867536306381)","(0.6363491415977478, 0.7406286597251892, 0.09062747657299042)",Move
1822,"(0.6352702379226685, 0.4544109106063843, -7.584590639453381e-05)","(0.5744028091430664, 0.509610652923584, 0.012108164839446545)","(0.5511565804481506, 0.6052172780036926, 0.020828289911150932)","(0.5472640991210938, 0.7001550197601318, 0.03971235081553459)","(0.5455792546272278, 0.7629570960998535, 0.060750145465135574)","(0.5877478718757629, 0.6951310634613037, -0.043476153165102005)","(0.5614874958992004, 0.7960322499275208, 0.006078365258872509)","(0.5445398092269897, 0.788047194480896, 0.05810636654496193)","(0.5413327217102051, 0.7701233625411987, 0.09125378727912903)","(0.6264291405677795, 0.7046780586242676, -0.029979458078742027)","(0.6072345972061157, 0.8202288150787354, 0.018462682142853737)","(0.5867038369178772, 0.8066475987434387, 0.07552895694971085)","(0.5810683965682983, 0.7777903079986572, 0.11121619492769241)","(0.6558005213737488, 0.694129467010498, -0.006636269856244326)","(0.6395803689956665, 0.8048614263534546, 0.034020062536001205)","(0.6173305511474609, 0.7953921556472778, 0.08063343912363052)","(0.6094793677330017, 0.7695688009262085, 0.1063627302646637)","(0.6764744520187378, 0.6715782880783081, 0.018528033047914505)","(0.6678385138511658, 0.7612825036048889, 0.05071446672081947)","(0.6495471000671387, 0.7605994939804077, 0.08017623424530029)","(0.6410189867019653, 0.7389536499977112, 0.10281429439783096)",Move
1823,"(0.6487299203872681, 0.4249774217605591, -0.00010343038593418896)","(0.5904794931411743, 0.476625919342041, -0.004580983892083168)","(0.5673470497131348, 0.56667160987854, 0.001775828655809164)","(0.5623496174812317, 0.6614336371421814, 0.02230999991297722)","(0.5613155364990234, 0.7259605526924133, 0.044593509286642075)","(0.6153441071510315, 0.6577704548835754, -0.05270740017294884)","(0.5830167531967163, 0.7587804198265076, -0.014050961472094059)","(0.5616603493690491, 0.7770512104034424, 0.02701558917760849)","(0.5532342791557312, 0.778423547744751, 0.05271296948194504)","(0.6502283811569214, 0.6720911860466003, -0.029877202585339546)","(0.6236268281936646, 0.7844836115837097, 0.015797143802046776)","(0.6003350019454956, 0.7716498970985413, 0.06496500223875046)","(0.5921637415885925, 0.7425407767295837, 0.09211812913417816)","(0.6744197607040405, 0.666705846786499, 0.0010137164499610662)","(0.654371440410614, 0.7732288837432861, 0.037262026220560074)","(0.6311830282211304, 0.7691272497177124, 0.0759543925523758)","(0.6209456324577332, 0.7455329298973083, 0.09527146816253662)","(0.6904362440109253, 0.648138165473938, 0.031926319003105164)","(0.6815319061279297, 0.7380568981170654, 0.057571809738874435)","(0.662178099155426, 0.7436814308166504, 0.07920388877391815)","(0.6502507925033569, 0.7246025204658508, 0.09545287489891052)",Move
1824,"(0.6661900281906128, 0.3947826623916626, -8.351718861376867e-05)","(0.6095532178878784, 0.4468793570995331, -0.00835506059229374)","(0.584214985370636, 0.5371831655502319, -0.003936778288334608)","(0.5784258246421814, 0.6315819025039673, 0.014147256501019001)","(0.5790746212005615, 0.6953836679458618, 0.03503543138504028)","(0.6339992880821228, 0.620910108089447, -0.05227084085345268)","(0.6068345308303833, 0.7263079285621643, -0.019650571048259735)","(0.5848026275634766, 0.7486155033111572, 0.01874944195151329)","(0.5737435817718506, 0.7495067119598389, 0.04394484683871269)","(0.6687858700752258, 0.6345695853233337, -0.02916721999645233)","(0.6429440379142761, 0.7520871162414551, 0.008853128179907799)","(0.6153386235237122, 0.7582180500030518, 0.057795070111751556)","(0.6011499762535095, 0.737872302532196, 0.09016886353492737)","(0.693049967288971, 0.6312079429626465, 0.0009526556823402643)","(0.6737316846847534, 0.738915741443634, 0.030401581898331642)","(0.6480503678321838, 0.7502312660217285, 0.06727143377065659)","(0.6327863931655884, 0.7365767955780029, 0.08960813283920288)","(0.709122359752655, 0.615321695804596, 0.031000005081295967)","(0.6992562413215637, 0.7051849961280823, 0.05514686554670334)","(0.6778930425643921, 0.7224060297012329, 0.07789675146341324)","(0.6621143817901611, 0.7141992449760437, 0.09730729460716248)",Move
1825,"(0.6879369020462036, 0.3634148836135864, -7.959039794513956e-05)","(0.6326737403869629, 0.4124717712402344, -0.018062002956867218)","(0.6036489009857178, 0.49994510412216187, -0.018264248967170715)","(0.5956658124923706, 0.5943311452865601, -0.0030498409178107977)","(0.5995417833328247, 0.66008061170578, 0.01733020693063736)","(0.6646736860275269, 0.5856474041938782, -0.05889460816979408)","(0.6406767964363098, 0.7017805576324463, -0.02821357175707817)","(0.6158062219619751, 0.7271417379379272, 0.010952115058898926)","(0.6009004712104797, 0.7251392006874084, 0.03731047362089157)","(0.6984385848045349, 0.5966455936431885, -0.028755810111761093)","(0.6714954376220703, 0.7206847667694092, 0.007049513049423695)","(0.6420090794563293, 0.7367353439331055, 0.0550827756524086)","(0.6228088140487671, 0.7218832969665527, 0.08639992773532867)","(0.7193630933761597, 0.5919406414031982, 0.006531482096761465)","(0.6979414820671082, 0.7004655003547668, 0.03510097786784172)","(0.6706386804580688, 0.7213504910469055, 0.06672624498605728)","(0.6505861282348633, 0.7137565016746521, 0.08652938902378082)","(0.7323695421218872, 0.5762906074523926, 0.04211321100592613)","(0.7204744815826416, 0.6663219928741455, 0.06512169539928436)","(0.699657142162323, 0.6913850903511047, 0.08412349969148636)","(0.6818218231201172, 0.6900297999382019, 0.10063941031694412)",Move
1826,"(0.7083768844604492, 0.3341940641403198, -0.0001065300457412377)","(0.6523630619049072, 0.3944584131240845, -0.018646487966179848)","(0.6239100694656372, 0.48779046535491943, -0.01781271956861019)","(0.6176618337631226, 0.5802124738693237, -0.0027812325861305)","(0.6225761771202087, 0.6447088122367859, 0.018280841410160065)","(0.6932156682014465, 0.568529486656189, -0.04720707982778549)","(0.6711544394493103, 0.6885404586791992, -0.011357586830854416)","(0.6436037421226501, 0.7090620994567871, 0.03392307832837105)","(0.6274866461753845, 0.700942873954773, 0.06612177938222885)","(0.7263258695602417, 0.5706295371055603, -0.01614491268992424)","(0.7000674605369568, 0.689911961555481, 0.021743832156062126)","(0.6691147089004517, 0.7066837549209595, 0.0666402131319046)","(0.648979663848877, 0.6934577226638794, 0.09443903714418411)","(0.7452247142791748, 0.5589501857757568, 0.019578102976083755)","(0.7232323288917542, 0.6592147350311279, 0.051246900111436844)","(0.6953793168067932, 0.6796371340751648, 0.08290708810091019)","(0.6752529740333557, 0.6723325848579407, 0.10240183770656586)","(0.7550837993621826, 0.5396739840507507, 0.05548018217086792)","(0.7404794096946716, 0.6232801675796509, 0.081331267952919)","(0.7187519669532776, 0.6474961042404175, 0.1019630953669548)","(0.7013711929321289, 0.6455984711647034, 0.11896046251058578)",Move
1827,"(0.7280994057655334, 0.3095366954803467, -0.00011212519893888384)","(0.669740617275238, 0.37414222955703735, -0.021570131182670593)","(0.6436893939971924, 0.47114861011505127, -0.020469676703214645)","(0.6382756233215332, 0.5599866509437561, -0.002597036072984338)","(0.643342137336731, 0.6203016638755798, 0.021201085299253464)","(0.718917191028595, 0.548397958278656, -0.045071791857481)","(0.6995322108268738, 0.67049241065979, -0.007769471500068903)","(0.6695005893707275, 0.6811392903327942, 0.03581084683537483)","(0.6541035175323486, 0.6604968905448914, 0.06732199341058731)","(0.7509535551071167, 0.5441023111343384, -0.011907782405614853)","(0.7279271483421326, 0.662865400314331, 0.027130620554089546)","(0.6939379572868347, 0.6687098145484924, 0.06943528354167938)","(0.6739250421524048, 0.6461293697357178, 0.09503139555454254)","(0.7685953974723816, 0.527624785900116, 0.0258196908980608)","(0.7460615634918213, 0.6249524354934692, 0.058760687708854675)","(0.7155211567878723, 0.6336635947227478, 0.0907195433974266)","(0.6968071460723877, 0.613320529460907, 0.11057426035404205)","(0.7768217921257019, 0.506674587726593, 0.06330638378858566)","(0.7598238587379456, 0.5867908000946045, 0.09014912694692612)","(0.7352456450462341, 0.6045318841934204, 0.11311595141887665)","(0.7187612652778625, 0.5938718318939209, 0.1320798099040985)",Move
1828,"(0.7441277503967285, 0.2872246503829956, -0.0001164575878647156)","(0.6873372793197632, 0.3520754873752594, -0.020419087260961533)","(0.6621023416519165, 0.4489951729774475, -0.01873912662267685)","(0.6565036177635193, 0.5378502011299133, -0.001594885136000812)","(0.660514235496521, 0.5980916023254395, 0.020982472226023674)","(0.7353812456130981, 0.5266960859298706, -0.04148141294717789)","(0.718345582485199, 0.6476518511772156, -0.0037756890524178743)","(0.6886455416679382, 0.6584326028823853, 0.03982749581336975)","(0.6725930571556091, 0.6390722393989563, 0.0725337564945221)","(0.7672032713890076, 0.522280752658844, -0.009881286881864071)","(0.7462594509124756, 0.6394869685173035, 0.029358992353081703)","(0.7122430801391602, 0.6454822421073914, 0.07258922606706619)","(0.692131757736206, 0.6236780881881714, 0.09879708290100098)","(0.7845821976661682, 0.5054743885993958, 0.02640996314585209)","(0.7641849517822266, 0.6001878380775452, 0.06033711135387421)","(0.7330101132392883, 0.6095011234283447, 0.09348583221435547)","(0.7130371928215027, 0.5893326997756958, 0.11334718763828278)","(0.7926574349403381, 0.48309823870658875, 0.06205663084983826)","(0.777147114276886, 0.5627291202545166, 0.09053151309490204)","(0.7524536848068237, 0.5825274586677551, 0.11413230001926422)","(0.7346199750900269, 0.5731924772262573, 0.1325627863407135)",Move
1829,"(0.755671501159668, 0.270143061876297, -0.00010914507583947852)","(0.6993870735168457, 0.336029976606369, -0.020725512877106667)","(0.6759507656097412, 0.4327850639820099, -0.018555300310254097)","(0.670458197593689, 0.5196722149848938, -0.0005789115675725043)","(0.6721936464309692, 0.5828971862792969, 0.023256273940205574)","(0.7480706572532654, 0.5125467777252197, -0.046557892113924026)","(0.7264996767044067, 0.6301044225692749, -0.005751694552600384)","(0.6967728137969971, 0.6378276944160461, 0.03826208785176277)","(0.6802898049354553, 0.6194058656692505, 0.06972911208868027)","(0.779955267906189, 0.507830023765564, -0.015010652132332325)","(0.7526407241821289, 0.6209471225738525, 0.02726256288588047)","(0.7191067337989807, 0.623264729976654, 0.06949223577976227)","(0.6988868117332458, 0.6007896065711975, 0.09250018745660782)","(0.7968592643737793, 0.49075236916542053, 0.02218012511730194)","(0.7719700336456299, 0.5841614603996277, 0.05786023288965225)","(0.7404729127883911, 0.5914212465286255, 0.0900932103395462)","(0.7196311950683594, 0.5718385577201843, 0.10759730637073517)","(0.8042864799499512, 0.4688359200954437, 0.05865226313471794)","(0.7855055332183838, 0.5504873394966125, 0.08636341989040375)","(0.7596506476402283, 0.5685511827468872, 0.10815780609846115)","(0.7399515509605408, 0.5584813952445984, 0.12415926158428192)",Move
1830,"(0.7619701027870178, 0.25318631529808044, -0.00012157754099462181)","(0.7071458101272583, 0.3258953094482422, -0.01783783733844757)","(0.6854748725891113, 0.42522960901260376, -0.01370785292237997)","(0.6817301511764526, 0.5140224695205688, 0.0035926292184740305)","(0.6802372336387634, 0.5804287195205688, 0.025831609964370728)","(0.7585410475730896, 0.5004099011421204, -0.031012549996376038)","(0.736454427242279, 0.6129200458526611, 0.00802098959684372)","(0.7082023024559021, 0.6280570030212402, 0.04919746145606041)","(0.6898459196090698, 0.6206900477409363, 0.0780087485909462)","(0.7891666293144226, 0.4940991699695587, -0.001925996388308704)","(0.7636843323707581, 0.6051376461982727, 0.039203524589538574)","(0.731675386428833, 0.6141868233680725, 0.08090809732675552)","(0.7101547122001648, 0.6012452244758606, 0.10438212007284164)","(0.8045979738235474, 0.4761468172073364, 0.03235676512122154)","(0.7840744256973267, 0.5702616572380066, 0.06793775409460068)","(0.7542149424552917, 0.5858307480812073, 0.0995393767952919)","(0.731810986995697, 0.5761125087738037, 0.11773218959569931)","(0.8104580640792847, 0.45310989022254944, 0.06514480710029602)","(0.7952666282653809, 0.5335661172866821, 0.09302902966737747)","(0.772174596786499, 0.5575507879257202, 0.11380833387374878)","(0.7528291344642639, 0.5566336512565613, 0.12862461805343628)",Move
1831,"(0.7644715905189514, 0.25247758626937866, -0.000128381114336662)","(0.7094926238059998, 0.3245500922203064, -0.017916269600391388)","(0.6911141276359558, 0.424934446811676, -0.011320183984935284)","(0.6911003589630127, 0.5139036774635315, 0.00924533512443304)","(0.6908158659934998, 0.5806562900543213, 0.03507470712065697)","(0.7577157020568848, 0.5027139186859131, -0.02495158649981022)","(0.7299770712852478, 0.611120879650116, 0.014215921051800251)","(0.7025259137153625, 0.6198535561561584, 0.05231313779950142)","(0.6865793466567993, 0.6097833514213562, 0.07809191197156906)","(0.7877031564712524, 0.49697327613830566, 0.0024880149867385626)","(0.7583223581314087, 0.6097750067710876, 0.04201246798038483)","(0.726772129535675, 0.6156516671180725, 0.08131915330886841)","(0.7059786319732666, 0.6028634309768677, 0.10426877439022064)","(0.8028774857521057, 0.4795877933502197, 0.03493749722838402)","(0.7821668386459351, 0.5790020823478699, 0.0650264248251915)","(0.7524746656417847, 0.5962494015693665, 0.0928393006324768)","(0.7301287651062012, 0.5904636383056641, 0.11022408306598663)","(0.8086410760879517, 0.45654815435409546, 0.06573797017335892)","(0.7953725457191467, 0.5388031601905823, 0.0887712761759758)","(0.7728394269943237, 0.5619293451309204, 0.10700589418411255)","(0.7540395855903625, 0.5624303221702576, 0.12048131227493286)",Move
1832,"(0.7704590559005737, 0.24168796837329865, -0.000118555202789139)","(0.7139344215393066, 0.3086532950401306, -0.021030684933066368)","(0.6933504343032837, 0.4107831120491028, -0.016127480193972588)","(0.6928707361221313, 0.502996027469635, 0.004256981424987316)","(0.6917945146560669, 0.5696331262588501, 0.02998947538435459)","(0.7541236877441406, 0.4882802963256836, -0.032133799046278)","(0.7289207577705383, 0.5980216264724731, 0.000951891764998436)","(0.7015737295150757, 0.605668306350708, 0.037712883204221725)","(0.6859465837478638, 0.5931440591812134, 0.06391218304634094)","(0.7846998572349548, 0.4886917173862457, -0.004997238516807556)","(0.7602335214614868, 0.6071767210960388, 0.026283856481313705)","(0.7278690338134766, 0.6151214838027954, 0.0653059110045433)","(0.7070636749267578, 0.5988454222679138, 0.09079546481370926)","(0.8016552329063416, 0.47379812598228455, 0.026951031759381294)","(0.7859616875648499, 0.5785853862762451, 0.0503528006374836)","(0.7561367154121399, 0.5958411693572998, 0.07536287605762482)","(0.7338265180587769, 0.5874450206756592, 0.09244053065776825)","(0.8098477721214294, 0.45067912340164185, 0.056978534907102585)","(0.7999024987220764, 0.5329760313034058, 0.0758306086063385)","(0.7775846719741821, 0.5572636723518372, 0.09128625690937042)","(0.7591027617454529, 0.5580753684043884, 0.10284365713596344)",Move
1833,"(0.7719054818153381, 0.2398485690355301, -0.00011955340596614406)","(0.716122031211853, 0.3053637742996216, -0.019360914826393127)","(0.6967536211013794, 0.40947991609573364, -0.014660780318081379)","(0.6963237524032593, 0.5028230547904968, 0.0057347542606294155)","(0.6915568709373474, 0.5682859420776367, 0.029912764206528664)","(0.751421332359314, 0.48499852418899536, -0.03639717027544975)","(0.7247166633605957, 0.5965096950531006, -0.003558169584721327)","(0.6994844675064087, 0.606520414352417, 0.035216208547353745)","(0.6865034103393555, 0.5950379371643066, 0.06393326818943024)","(0.7833893299102783, 0.4889701306819916, -0.009038458578288555)","(0.7594766020774841, 0.6102313995361328, 0.02410711906850338)","(0.7294329404830933, 0.6160937547683716, 0.06753433495759964)","(0.7120059728622437, 0.5980910062789917, 0.09611420333385468)","(0.801658034324646, 0.4766679108142853, 0.023527318611741066)","(0.786612868309021, 0.5870301723480225, 0.04704425856471062)","(0.7568135857582092, 0.6017640233039856, 0.0769503116607666)","(0.7355089783668518, 0.5917052626609802, 0.09758661687374115)","(0.811134397983551, 0.45564499497413635, 0.05482802912592888)","(0.8014539480209351, 0.5422647595405579, 0.07422143965959549)","(0.7788891792297363, 0.5637847185134888, 0.09331706911325455)","(0.7610270380973816, 0.5623911619186401, 0.10873502492904663)",Move
1834,"(0.7719815969467163, 0.2350315898656845, -0.00011592262308113277)","(0.7156468033790588, 0.30260229110717773, -0.02116193249821663)","(0.6957994699478149, 0.4058927893638611, -0.018783269450068474)","(0.6951174139976501, 0.5008885860443115, 0.0003245466505177319)","(0.6891297101974487, 0.568729043006897, 0.023520613089203835)","(0.7518576383590698, 0.48272764682769775, -0.04162745922803879)","(0.7233194708824158, 0.5916802287101746, -0.0070324428379535675)","(0.6981914043426514, 0.6011126041412354, 0.0320049524307251)","(0.6853997111320496, 0.5901083946228027, 0.05886354297399521)","(0.78379225730896, 0.4889802634716034, -0.01388901099562645)","(0.7592039108276367, 0.6102747917175293, 0.018766475841403008)","(0.7288154363632202, 0.6186569929122925, 0.06019024923443794)","(0.7110429406166077, 0.6026948094367981, 0.08724500983953476)","(0.8020362854003906, 0.4780768156051636, 0.019332466647028923)","(0.786754846572876, 0.5893967151641846, 0.0429135337471962)","(0.7564400434494019, 0.6042749285697937, 0.07006977498531342)","(0.7350726127624512, 0.5941151976585388, 0.08776344358921051)","(0.8111457824707031, 0.45766744017601013, 0.05185757577419281)","(0.8016097545623779, 0.5451851487159729, 0.06957801431417465)","(0.7785954475402832, 0.5672218203544617, 0.08569665998220444)","(0.760162889957428, 0.5656481385231018, 0.0984199047088623)",Move
1835,"(0.772672712802887, 0.2336646467447281, -0.00012968546070624143)","(0.7141915559768677, 0.30448853969573975, -0.01924983598291874)","(0.6931085586547852, 0.4075213670730591, -0.015117192640900612)","(0.6914273500442505, 0.5024363994598389, 0.0051589105278253555)","(0.6851674914360046, 0.5716568231582642, 0.029855869710445404)","(0.7510839104652405, 0.4900135397911072, -0.033378180116415024)","(0.7186639308929443, 0.5937972068786621, 0.005570163019001484)","(0.6940006017684937, 0.6000238656997681, 0.044025249779224396)","(0.6823956966400146, 0.5863181352615356, 0.06817811727523804)","(0.7824035286903381, 0.4954213798046112, -0.00531584769487381)","(0.7554957270622253, 0.6075154542922974, 0.034073878079652786)","(0.7261981964111328, 0.609939455986023, 0.07371239364147186)","(0.7096436023712158, 0.5921235084533691, 0.0984935313463211)","(0.8003578782081604, 0.4837983548641205, 0.028345830738544464)","(0.7819045782089233, 0.5854807496070862, 0.0590587817132473)","(0.7542008757591248, 0.5934206247329712, 0.08450286090373993)","(0.7365818619728088, 0.5814977288246155, 0.09917239844799042)","(0.8096141815185547, 0.4629557430744171, 0.061142805963754654)","(0.7981101870536804, 0.5453364849090576, 0.08272723108530045)","(0.7757811546325684, 0.5622977614402771, 0.09793666005134583)","(0.7598046064376831, 0.5577957630157471, 0.1084473580121994)",Move
1836,"(0.7710616588592529, 0.23684439063072205, -0.00011684709170367569)","(0.71354740858078, 0.3093801736831665, -0.01902119442820549)","(0.6932570934295654, 0.4103353023529053, -0.013807391747832298)","(0.691464364528656, 0.5021669864654541, 0.0069634378887712955)","(0.6848977208137512, 0.5687829256057739, 0.032014548778533936)","(0.7519620656967163, 0.4985136389732361, -0.03063739649951458)","(0.7191199660301208, 0.60008704662323, 0.012977603822946548)","(0.6937859654426575, 0.6013447046279907, 0.055264681577682495)","(0.682255744934082, 0.5860264897346497, 0.08211250603199005)","(0.7827561497688293, 0.5002544522285461, -0.0012923120521008968)","(0.7551717758178711, 0.6078402400016785, 0.04237746074795723)","(0.7272592782974243, 0.6078191995620728, 0.0848630741238594)","(0.7120856046676636, 0.5910227298736572, 0.11017521470785141)","(0.7997187376022339, 0.4851106107234955, 0.03406596556305885)","(0.7803003787994385, 0.5825175642967224, 0.06751180440187454)","(0.7530086636543274, 0.5920425057411194, 0.09475728869438171)","(0.7354660034179688, 0.5820752382278442, 0.1098015308380127)","(0.8083579540252686, 0.4603876769542694, 0.06823857873678207)","(0.797210156917572, 0.5405307412147522, 0.09209299832582474)","(0.7758459448814392, 0.5587029457092285, 0.10839903354644775)","(0.7601417899131775, 0.5562789440155029, 0.1192554235458374)",Position
1837,"(0.770948052406311, 0.24336589872837067, -0.00012223223166074604)","(0.7114264965057373, 0.3142586350440979, -0.01155218854546547)","(0.6896650791168213, 0.4127846360206604, -0.003291296772658825)","(0.686843752861023, 0.5039326548576355, 0.019508197903633118)","(0.6801989078521729, 0.5680831670761108, 0.04722064360976219)","(0.7452334761619568, 0.4991914629936218, -0.026725823059678078)","(0.7116978168487549, 0.6022865176200867, 0.017366647720336914)","(0.6864445209503174, 0.6020286083221436, 0.06115780025720596)","(0.6754293441772461, 0.5847960710525513, 0.08933015912771225)","(0.7777632474899292, 0.5030468702316284, 8.012229955056682e-05)","(0.7488981485366821, 0.6109535694122314, 0.045412931591272354)","(0.7206752300262451, 0.6085741519927979, 0.0900479108095169)","(0.7057633399963379, 0.5898356437683105, 0.1173868253827095)","(0.7964119911193848, 0.48935598134994507, 0.03384530171751976)","(0.7760895490646362, 0.5862292647361755, 0.06935140490531921)","(0.7483416795730591, 0.5957999229431152, 0.0997961163520813)","(0.7309425473213196, 0.5871816873550415, 0.11722657829523087)","(0.8062086701393127, 0.46676209568977356, 0.06689498573541641)","(0.7950969934463501, 0.5463027954101562, 0.09260156750679016)","(0.7734174132347107, 0.5639150142669678, 0.11216827481985092)","(0.7580592036247253, 0.5615825653076172, 0.12578584253787994)",Position
1838,"(0.7696908116340637, 0.24195878207683563, -0.00011636440467555076)","(0.7095625400543213, 0.312167763710022, -0.01193326711654663)","(0.687290608882904, 0.41251805424690247, -0.004990954417735338)","(0.6847665309906006, 0.5058600902557373, 0.015570029616355896)","(0.6772183179855347, 0.5708760619163513, 0.040252167731523514)","(0.7391241192817688, 0.49827176332473755, -0.027874303981661797)","(0.7068917155265808, 0.5989348888397217, 0.013914265669882298)","(0.6844448447227478, 0.602103054523468, 0.05623580515384674)","(0.6747108101844788, 0.5879001617431641, 0.0842343121767044)","(0.772226095199585, 0.5024071931838989, -0.0018503039609640837)","(0.7460073232650757, 0.6074654459953308, 0.042981065809726715)","(0.7200239300727844, 0.6050552725791931, 0.08818879723548889)","(0.7060250639915466, 0.5882600545883179, 0.11657476425170898)","(0.7925001382827759, 0.48872238397598267, 0.030712133273482323)","(0.7745059132575989, 0.5841940641403198, 0.06591521203517914)","(0.7487566471099854, 0.5925778746604919, 0.09642186015844345)","(0.7322174906730652, 0.5834298729896545, 0.11365211009979248)","(0.8041086792945862, 0.46513405442237854, 0.06303860247135162)","(0.7948765158653259, 0.5454537868499756, 0.08787839114665985)","(0.7739813923835754, 0.5631904602050781, 0.10726359486579895)","(0.7586589455604553, 0.5601604580879211, 0.12090602517127991)",Position
1839,"(0.7688990831375122, 0.2479737550020218, -0.00012149956455687061)","(0.7082131505012512, 0.3126744031906128, -0.016945073381066322)","(0.6853712797164917, 0.41220545768737793, -0.014413927681744099)","(0.6814232468605042, 0.5068511962890625, 0.003272737143561244)","(0.672463059425354, 0.5752151012420654, 0.02420099452137947)","(0.737556517124176, 0.4983847439289093, -0.04187314957380295)","(0.7054228186607361, 0.6008024215698242, -0.0011685402132570744)","(0.6828469038009644, 0.6040126085281372, 0.0422610305249691)","(0.6736046671867371, 0.5886653065681458, 0.07255975157022476)","(0.7709754705429077, 0.5052855610847473, -0.01436598040163517)","(0.7427417039871216, 0.6148476600646973, 0.027655834332108498)","(0.7159507870674133, 0.6107897758483887, 0.07359563559293747)","(0.703066349029541, 0.5910720825195312, 0.10229231417179108)","(0.7912201881408691, 0.4933907985687256, 0.0199474785476923)","(0.7710433006286621, 0.5925338864326477, 0.05196187272667885)","(0.743496835231781, 0.5988724231719971, 0.0825079008936882)","(0.7268028855323792, 0.5865813493728638, 0.10022938251495361)","(0.8021010160446167, 0.47117477655410767, 0.05373431742191315)","(0.7898068428039551, 0.5531973242759705, 0.07646654546260834)","(0.7675253748893738, 0.5686887502670288, 0.09525992721319199)","(0.7518496513366699, 0.5633434653282166, 0.1091890037059784)",Position
1840,"(0.766227126121521, 0.24636022746562958, -0.00012439295824151486)","(0.7067254185676575, 0.3148043155670166, -0.013455215841531754)","(0.6841039657592773, 0.414208322763443, -0.008660315535962582)","(0.6807955503463745, 0.5082871317863464, 0.010170687921345234)","(0.6711901426315308, 0.5727552771568298, 0.03212989121675491)","(0.7349911332130432, 0.4955497086048126, -0.03408835083246231)","(0.7038449645042419, 0.6006224155426025, 0.004078061319887638)","(0.6811326742172241, 0.6081771850585938, 0.04605387523770332)","(0.6704160571098328, 0.5976604223251343, 0.07591795921325684)","(0.7685150504112244, 0.5022515654563904, -0.008377772755920887)","(0.7406513690948486, 0.6137821674346924, 0.0300899688154459)","(0.7139717936515808, 0.6168403625488281, 0.07444982975721359)","(0.6990225315093994, 0.6039251685142517, 0.10311122983694077)","(0.7889211177825928, 0.4910551905632019, 0.0238952599465847)","(0.7698487043380737, 0.5927329063415527, 0.05415957421064377)","(0.7417551875114441, 0.6057596206665039, 0.08530602604150772)","(0.722309410572052, 0.5991818308830261, 0.10461454838514328)","(0.8006353378295898, 0.46982714533805847, 0.05656781420111656)","(0.7905397415161133, 0.5536721348762512, 0.07905392348766327)","(0.7686631679534912, 0.5743256211280823, 0.09932830929756165)","(0.7511555552482605, 0.5741062164306641, 0.11447695642709732)",Position
1841,"(0.764994740486145, 0.24812175333499908, -0.00011675286805257201)","(0.704818069934845, 0.3194672167301178, -0.010928203351795673)","(0.6820917129516602, 0.4174165427684784, -0.004150223918259144)","(0.6782536506652832, 0.5087124705314636, 0.016169380396604538)","(0.6682984828948975, 0.5697492957115173, 0.03972480446100235)","(0.7307901978492737, 0.49943649768829346, -0.02902427315711975)","(0.7006199955940247, 0.6018420457839966, 0.010386353358626366)","(0.6788831949234009, 0.6102193593978882, 0.051918208599090576)","(0.6677876710891724, 0.6011234521865845, 0.08111777901649475)","(0.7647258639335632, 0.5062912702560425, -0.003638810245320201)","(0.7390716671943665, 0.6155885457992554, 0.03658176213502884)","(0.7136009335517883, 0.6197256445884705, 0.0802251473069191)","(0.6986978054046631, 0.6085063815116882, 0.10816216468811035)","(0.7858055830001831, 0.49395182728767395, 0.028232689946889877)","(0.7679805159568787, 0.5926564931869507, 0.060395557433366776)","(0.7411978244781494, 0.6051046848297119, 0.09064890444278717)","(0.722221314907074, 0.5994275808334351, 0.10873488336801529)","(0.7981136441230774, 0.4712393283843994, 0.06064501032233238)","(0.7885542511940002, 0.5523878931999207, 0.08412361145019531)","(0.7672286033630371, 0.572392463684082, 0.10393979400396347)","(0.750085711479187, 0.5727154016494751, 0.11858358234167099)",Position
1842,"(0.7633064985275269, 0.24947287142276764, -0.0001110193770728074)","(0.7048362493515015, 0.31761232018470764, -0.014024144038558006)","(0.6818425059318542, 0.41613760590553284, -0.008743209764361382)","(0.6778088212013245, 0.5091046094894409, 0.010756582021713257)","(0.6688982844352722, 0.5718965530395508, 0.03270769491791725)","(0.7307372093200684, 0.4992559254169464, -0.034498535096645355)","(0.6991658210754395, 0.6011844277381897, 0.0029740063473582268)","(0.676804780960083, 0.6114989519119263, 0.0436488576233387)","(0.6656206846237183, 0.6036779284477234, 0.07290033251047134)","(0.7641353607177734, 0.508057177066803, -0.00849786214530468)","(0.7374252080917358, 0.6187024116516113, 0.029604900628328323)","(0.7116189002990723, 0.6233587861061096, 0.07321883738040924)","(0.697291374206543, 0.6107378602027893, 0.1017405316233635)","(0.7849452495574951, 0.4980153441429138, 0.023900723084807396)","(0.7667651176452637, 0.5990168452262878, 0.05260724946856499)","(0.7396712899208069, 0.6099551916122437, 0.08198150247335434)","(0.721184492111206, 0.6012815237045288, 0.10039816796779633)","(0.7971619963645935, 0.47751474380493164, 0.0565447062253952)","(0.7872883081436157, 0.5600352883338928, 0.07751103490591049)","(0.7655412554740906, 0.577846884727478, 0.09559393674135208)","(0.748224139213562, 0.5749467015266418, 0.1097104623913765)",Position
1843,"(0.7624335885047913, 0.2483014017343521, -0.00011713004641933367)","(0.7027027606964111, 0.3195011019706726, -0.014863267540931702)","(0.6797324419021606, 0.41875335574150085, -0.011089177802205086)","(0.6758368015289307, 0.5129135251045227, 0.007258990779519081)","(0.6662911176681519, 0.5780047178268433, 0.028409834951162338)","(0.7311071753501892, 0.5013110637664795, -0.03487836569547653)","(0.6992515325546265, 0.6034573912620544, 0.005098371300846338)","(0.6766745448112488, 0.609982967376709, 0.046530432999134064)","(0.6666446328163147, 0.5973952412605286, 0.07419171184301376)","(0.764049232006073, 0.5089858770370483, -0.009250066243112087)","(0.7379570007324219, 0.6186168789863586, 0.02935408428311348)","(0.7120475769042969, 0.6230406761169434, 0.07269557565450668)","(0.6984423398971558, 0.6096500754356384, 0.1006104126572609)","(0.7843688726425171, 0.4986571669578552, 0.02266949974000454)","(0.7662382125854492, 0.5987006425857544, 0.051744330674409866)","(0.7392867803573608, 0.6087473630905151, 0.07979975640773773)","(0.7216655611991882, 0.5987314581871033, 0.09660044312477112)","(0.79594486951828, 0.47839659452438354, 0.05466059222817421)","(0.7852815389633179, 0.5608235597610474, 0.07433269172906876)","(0.7638389468193054, 0.5783621072769165, 0.09074646979570389)","(0.7475342154502869, 0.5745735168457031, 0.10362780094146729)",Position
1844,"(0.760983407497406, 0.24826636910438538, -0.00012769030581694096)","(0.7023440599441528, 0.3205597400665283, -0.015716494992375374)","(0.6798490285873413, 0.42110851407051086, -0.011493371799588203)","(0.6759344935417175, 0.5141664743423462, 0.006639290601015091)","(0.6654106974601746, 0.5798768401145935, 0.026485951617360115)","(0.7338762283325195, 0.5055550932884216, -0.02995515801012516)","(0.7010310292243958, 0.6032844185829163, 0.008651617914438248)","(0.6774259209632874, 0.6135869026184082, 0.0481492280960083)","(0.665323793888092, 0.6060991883277893, 0.07498634606599808)","(0.7652743458747864, 0.5122606754302979, -0.0033861424308270216)","(0.7389652729034424, 0.6182749271392822, 0.03355574980378151)","(0.7118257284164429, 0.6260915994644165, 0.07471529394388199)","(0.6963955760002136, 0.6181265115737915, 0.10087481886148453)","(0.7837401628494263, 0.5005248188972473, 0.028987642377614975)","(0.7662067413330078, 0.5978759527206421, 0.056940048933029175)","(0.7383939027786255, 0.6115915775299072, 0.08295764774084091)","(0.719333827495575, 0.6067184209823608, 0.09872206300497055)","(0.7937895655632019, 0.47792696952819824, 0.061386335641145706)","(0.7838971614837646, 0.5578538179397583, 0.08111622184515)","(0.762612521648407, 0.577301561832428, 0.09639143198728561)","(0.7459489107131958, 0.5774843692779541, 0.10762728750705719)",Position
1845,"(0.7608653903007507, 0.25219735503196716, -0.00012235596659593284)","(0.7016565203666687, 0.3229338824748993, -0.013844508677721024)","(0.6785706281661987, 0.4225936532020569, -0.007937798276543617)","(0.6754518151283264, 0.5150397419929504, 0.011515694670379162)","(0.6662755608558655, 0.5785205960273743, 0.03320823982357979)","(0.7298630475997925, 0.5091988444328308, -0.027582142502069473)","(0.698025643825531, 0.6059831380844116, 0.013775037601590157)","(0.6755720973014832, 0.6158413887023926, 0.05472182109951973)","(0.6638802886009216, 0.6080605387687683, 0.08300569653511047)","(0.7632452845573425, 0.5160945653915405, -0.0006792308413423598)","(0.739486575126648, 0.6208996176719666, 0.03956654667854309)","(0.7134829759597778, 0.628385066986084, 0.08234691619873047)","(0.6979479789733887, 0.6189612746238708, 0.10849277675151825)","(0.783492386341095, 0.5037102103233337, 0.03246182203292847)","(0.7679219841957092, 0.5989757776260376, 0.0637011006474495)","(0.741416871547699, 0.6124939322471619, 0.09195566922426224)","(0.7222669720649719, 0.6069633960723877, 0.10833095014095306)","(0.7950010895729065, 0.4804089069366455, 0.06536304950714111)","(0.7870395183563232, 0.5582083463668823, 0.08816099911928177)","(0.7663207054138184, 0.5769872069358826, 0.10585803538560867)","(0.7493181228637695, 0.5763115286827087, 0.11799781769514084)",Position
1846,"(0.7607855796813965, 0.25309425592422485, -0.00012021220027236268)","(0.7026437520980835, 0.3247334957122803, -0.015063977800309658)","(0.6797410845756531, 0.4229116439819336, -0.008782374672591686)","(0.6756839752197266, 0.5134158134460449, 0.01108961459249258)","(0.6674220561981201, 0.5775083899497986, 0.03370830416679382)","(0.7341669201850891, 0.5106161236763, -0.02529965154826641)","(0.7005636096000671, 0.6060572266578674, 0.01444912888109684)","(0.6768682599067688, 0.6175225973129272, 0.05510387569665909)","(0.6646201610565186, 0.6135870218276978, 0.08305315673351288)","(0.7650895714759827, 0.5169880390167236, 0.0020569288171827793)","(0.7392511963844299, 0.6204304695129395, 0.04051079601049423)","(0.7127912044525146, 0.6299945712089539, 0.08246537297964096)","(0.6976161003112793, 0.6242097616195679, 0.10992131382226944)","(0.7831501960754395, 0.5045520663261414, 0.03529153764247894)","(0.7663413286209106, 0.5985293388366699, 0.06452751159667969)","(0.7397546768188477, 0.6144014000892639, 0.0908278301358223)","(0.7216249108314514, 0.6123908758163452, 0.10700082033872604)","(0.7928826212882996, 0.4813717007637024, 0.06847814470529556)","(0.7846165895462036, 0.5579750537872314, 0.08891543000936508)","(0.7646554112434387, 0.578223705291748, 0.10328556597232819)","(0.7489519119262695, 0.5800844430923462, 0.11373137682676315)",Position
1847,"(0.758490264415741, 0.25536710023880005, -0.00012423448788467795)","(0.7006149888038635, 0.3309146463871002, -0.007200190797448158)","(0.6791220307350159, 0.42775535583496094, 0.004296118393540382)","(0.6753880977630615, 0.5156546235084534, 0.02706204727292061)","(0.6658749580383301, 0.5763222575187683, 0.052839040756225586)","(0.7314239144325256, 0.5141153931617737, -0.013962794095277786)","(0.6994170546531677, 0.6100069880485535, 0.028399208560585976)","(0.6765491366386414, 0.619682252407074, 0.0690082535147667)","(0.6645638942718506, 0.6131854057312012, 0.0960552915930748)","(0.7623751759529114, 0.518921971321106, 0.010445102117955685)","(0.7362531423568726, 0.6185100078582764, 0.0535007119178772)","(0.7098158597946167, 0.623761773109436, 0.09485750645399094)","(0.6941041350364685, 0.6159659624099731, 0.12046175450086594)","(0.7810055613517761, 0.5060200095176697, 0.04086391255259514)","(0.76398766040802, 0.5964698195457458, 0.07394824922084808)","(0.7371827960014343, 0.6101734638214111, 0.10122410953044891)","(0.7186375260353088, 0.6081911325454712, 0.11698069423437119)","(0.7915887832641602, 0.4827851355075836, 0.07179173827171326)","(0.7836512327194214, 0.5574597120285034, 0.09431137889623642)","(0.7631561160087585, 0.5768613815307617, 0.11005891859531403)","(0.7471115589141846, 0.5794527530670166, 0.12126103788614273)",Position
1848,"(0.7583225965499878, 0.2617518901824951, -0.00011253525008214638)","(0.7008946537971497, 0.33338987827301025, -0.012129583396017551)","(0.6795672178268433, 0.43039530515670776, -0.0054238359443843365)","(0.6757915616035461, 0.5198702812194824, 0.013077680952847004)","(0.6641991138458252, 0.5813019871711731, 0.03402532637119293)","(0.7299371361732483, 0.5141940116882324, -0.02318008989095688)","(0.69859379529953, 0.6118623614311218, 0.016047488898038864)","(0.6765570044517517, 0.6229249835014343, 0.05705992877483368)","(0.6649833917617798, 0.6188978552818298, 0.08685090392827988)","(0.7624067664146423, 0.5188438892364502, 0.0033038409892469645)","(0.7366666793823242, 0.6221647262573242, 0.04522360488772392)","(0.7107831835746765, 0.6263677477836609, 0.0887763574719429)","(0.6950109601020813, 0.6187496781349182, 0.11642072349786758)","(0.7818630933761597, 0.506141722202301, 0.03539952263236046)","(0.765947699546814, 0.5998277068138123, 0.06814862042665482)","(0.7398194670677185, 0.6160236597061157, 0.09800302982330322)","(0.7202051877975464, 0.6172986626625061, 0.11588624864816666)","(0.7929311990737915, 0.48301732540130615, 0.06767765432596207)","(0.7863885164260864, 0.5603731274604797, 0.09105848520994186)","(0.7664358615875244, 0.5814599990844727, 0.10933860391378403)","(0.7494823932647705, 0.5866754055023193, 0.12324678897857666)",Position
1849,"(0.7597993612289429, 0.2618412375450134, -0.00011718843597918749)","(0.7006797194480896, 0.33489370346069336, -0.01241824310272932)","(0.6778438091278076, 0.4317408502101898, -0.0050821080803871155)","(0.6736122965812683, 0.521990180015564, 0.015286614187061787)","(0.6659827828407288, 0.584437906742096, 0.039038222283124924)","(0.7283099889755249, 0.5188066959381104, -0.02213257923722267)","(0.6956474184989929, 0.6107681393623352, 0.02381186932325363)","(0.6741383075714111, 0.616998553276062, 0.06761423498392105)","(0.6633118987083435, 0.6099334955215454, 0.0965774729847908)","(0.7608317136764526, 0.5241104960441589, 0.005137044470757246)","(0.7362622618675232, 0.6213810443878174, 0.05075128749012947)","(0.7128028869628906, 0.6241597533226013, 0.09346742182970047)","(0.6988844871520996, 0.6139567494392395, 0.12020692974328995)","(0.7807084918022156, 0.5104244351387024, 0.0385763943195343)","(0.7644773721694946, 0.5981622338294983, 0.07493540644645691)","(0.7404168248176575, 0.6078051924705505, 0.10301285237073898)","(0.7232519388198853, 0.603082537651062, 0.1184660941362381)","(0.7922265529632568, 0.48605889081954956, 0.07184899598360062)","(0.7844491004943848, 0.5605268478393555, 0.09604182094335556)","(0.7648919820785522, 0.5775882005691528, 0.11232667416334152)","(0.748885452747345, 0.5765167474746704, 0.1237451583147049)",Position
1850,"(0.7601431012153625, 0.26610493659973145, -0.00012058451102348045)","(0.7014948725700378, 0.33621424436569214, -0.01215070579200983)","(0.6790908575057983, 0.43110889196395874, -0.003753555938601494)","(0.6739820837974548, 0.5206696391105652, 0.017583750188350677)","(0.6644381284713745, 0.581868588924408, 0.04207150638103485)","(0.7271753549575806, 0.5180079340934753, -0.02714919112622738)","(0.694145917892456, 0.6139854192733765, 0.015918944031000137)","(0.6736167669296265, 0.6219174265861511, 0.0590461865067482)","(0.6641557216644287, 0.6146878600120544, 0.08875289559364319)","(0.7595714926719666, 0.5242697596549988, -0.00022685040312353522)","(0.7317445278167725, 0.6227964162826538, 0.0453459694981575)","(0.7079294323921204, 0.6206941604614258, 0.0893511176109314)","(0.6950380206108093, 0.607140302658081, 0.1160992681980133)","(0.7795981764793396, 0.5122659206390381, 0.0330047570168972)","(0.7603325843811035, 0.6019876003265381, 0.06823869794607162)","(0.7352342009544373, 0.6083692312240601, 0.09767767786979675)","(0.7187269330024719, 0.6000571846961975, 0.11377710849046707)","(0.7914818525314331, 0.48951318860054016, 0.06603888422250748)","(0.782024621963501, 0.5675675272941589, 0.08996575325727463)","(0.7612866759300232, 0.5832059383392334, 0.10688060522079468)","(0.7451108694076538, 0.5798884630203247, 0.11922967433929443)",Release
1851,"(0.7597684264183044, 0.26823973655700684, -0.00012584614160005003)","(0.7014889121055603, 0.33794966340065, -0.014174587093293667)","(0.6789754629135132, 0.4346033036708832, -0.009321759454905987)","(0.6747265458106995, 0.5257444381713867, 0.008115254342556)","(0.6652593016624451, 0.5911852121353149, 0.02762765809893608)","(0.7304455041885376, 0.5166386365890503, -0.028647979721426964)","(0.6977000832557678, 0.6133435368537903, 0.010693935677409172)","(0.6762341260910034, 0.6260645985603333, 0.05268755555152893)","(0.6648850440979004, 0.6244623064994812, 0.08280690759420395)","(0.7625148892402649, 0.5223089456558228, -0.001161865540780127)","(0.7346699237823486, 0.6235067248344421, 0.04152880981564522)","(0.7100015878677368, 0.6279183626174927, 0.0851021483540535)","(0.6954309940338135, 0.6213353276252747, 0.11212588846683502)","(0.7813654541969299, 0.5099619626998901, 0.03213106840848923)","(0.7619981169700623, 0.6020843386650085, 0.0661940947175026)","(0.7362620830535889, 0.6142746210098267, 0.09539949148893356)","(0.7178788781166077, 0.6111003160476685, 0.11190211027860641)","(0.7916223406791687, 0.48694074153900146, 0.06563348323106766)","(0.7813845872879028, 0.5655685663223267, 0.09012804925441742)","(0.7609619498252869, 0.5852567553520203, 0.10798341780900955)","(0.7441321611404419, 0.5862836241722107, 0.12137269228696823)",Release
1852,"(0.7578964233398438, 0.26582610607147217, -0.00012690553558059037)","(0.700352668762207, 0.335650771856308, -0.01558012142777443)","(0.6786118149757385, 0.4342733919620514, -0.012748966924846172)","(0.6753984689712524, 0.5262598395347595, 0.002299207029864192)","(0.6673979759216309, 0.5940393209457397, 0.01929420419037342)","(0.7301299571990967, 0.5102913975715637, -0.028432810679078102)","(0.702475905418396, 0.6106238961219788, 0.005210102070122957)","(0.6814141869544983, 0.6315320730209351, 0.04423506185412407)","(0.6677626371383667, 0.6382876634597778, 0.0735819935798645)","(0.762257993221283, 0.5155097246170044, -0.0019802653696388006)","(0.7388367056846619, 0.6212456226348877, 0.03332612290978432)","(0.7144469022750854, 0.636328935623169, 0.07336222380399704)","(0.6984289288520813, 0.6385094523429871, 0.09954605251550674)","(0.7814468145370483, 0.5026994347572327, 0.029913073405623436)","(0.7669970393180847, 0.5987481474876404, 0.05883326008915901)","(0.7417289018630981, 0.6189185380935669, 0.08586139231920242)","(0.7220093011856079, 0.6219013333320618, 0.10262380540370941)","(0.7916650176048279, 0.47944170236587524, 0.06218600645661354)","(0.7841086387634277, 0.558163046836853, 0.0836082398891449)","(0.7649158239364624, 0.5839484333992004, 0.10091765224933624)","(0.7478345036506653, 0.59089195728302, 0.11450207233428955)",Release
1853,"(0.7573415040969849, 0.2669135332107544, -0.00012603620416484773)","(0.7006174921989441, 0.3351563811302185, -0.019006608054041862)","(0.6794522404670715, 0.4342026710510254, -0.01864096149802208)","(0.6758536696434021, 0.5266526341438293, -0.005260603502392769)","(0.667417049407959, 0.5956700444221497, 0.010064247064292431)","(0.7364952564239502, 0.5069301128387451, -0.03517723083496094)","(0.7082803845405579, 0.6124422550201416, -0.004017001949250698)","(0.6856662034988403, 0.6377006769180298, 0.0346791110932827)","(0.6710068583488464, 0.6469396352767944, 0.06376411020755768)","(0.7677655220031738, 0.5115915536880493, -0.007267467677593231)","(0.7430889010429382, 0.623511552810669, 0.025985345244407654)","(0.716724157333374, 0.641837477684021, 0.06488535553216934)","(0.6992005705833435, 0.6458552479743958, 0.08999486267566681)","(0.7852591276168823, 0.49909037351608276, 0.02599530853331089)","(0.7694824934005737, 0.5992887020111084, 0.05328322947025299)","(0.7433090209960938, 0.6220443248748779, 0.08002988249063492)","(0.7228090167045593, 0.6267164349555969, 0.09683017432689667)","(0.7929455041885376, 0.47673025727272034, 0.0593969002366066)","(0.7840248346328735, 0.5567942261695862, 0.08050007373094559)","(0.7648100852966309, 0.5851099491119385, 0.09712852537631989)","(0.7473188638687134, 0.5947902202606201, 0.10992949455976486)",Release
1854,"(0.7566478848457336, 0.26973095536231995, -0.00012245861580595374)","(0.698745608329773, 0.3375535011291504, -0.014714622870087624)","(0.677720844745636, 0.43533024191856384, -0.0131703931838274)","(0.6748006939888, 0.5275980830192566, 0.0016677416861057281)","(0.6687321662902832, 0.5955113172531128, 0.0192415788769722)","(0.7318561673164368, 0.5076383948326111, -0.039002884179353714)","(0.7052303552627563, 0.6153402328491211, -0.006897411309182644)","(0.68440842628479, 0.6397355794906616, 0.03340892121195793)","(0.6715758442878723, 0.6481022834777832, 0.06422209739685059)","(0.765071451663971, 0.5130615830421448, -0.013196227140724659)","(0.74191814661026, 0.626625657081604, 0.021151695400476456)","(0.7172238230705261, 0.6440536379814148, 0.06424155086278915)","(0.7011758089065552, 0.6464019417762756, 0.09282945096492767)","(0.7847291231155396, 0.5015886425971985, 0.01900472119450569)","(0.7699469923973083, 0.6026791930198669, 0.047329772263765335)","(0.7442505955696106, 0.6254348158836365, 0.07739633321762085)","(0.7239222526550293, 0.629462718963623, 0.0963626578450203)","(0.7942872047424316, 0.4800839424133301, 0.051523033529520035)","(0.7860819697380066, 0.5604905486106873, 0.07438424229621887)","(0.7665736079216003, 0.5883223414421082, 0.09360389411449432)","(0.749076783657074, 0.5967821478843689, 0.10805165767669678)",Release
1855,"(0.7552589774131775, 0.2714075744152069, -0.0001262787845917046)","(0.6961801052093506, 0.33705973625183105, -0.011417913250625134)","(0.6736453175544739, 0.43410956859588623, -0.010231920517981052)","(0.6703497767448425, 0.5276929140090942, 0.0038850600831210613)","(0.6665177941322327, 0.5935820937156677, 0.022003261372447014)","(0.7244666218757629, 0.5076368451118469, -0.04043006896972656)","(0.7014708518981934, 0.616226077079773, -0.009565301239490509)","(0.6831859946250916, 0.6415354609489441, 0.030680695548653603)","(0.6713933348655701, 0.6502906680107117, 0.0631159096956253)","(0.7593603134155273, 0.5138653516769409, -0.01628943532705307)","(0.739983081817627, 0.6297639608383179, 0.016271207481622696)","(0.7174655199050903, 0.6491765379905701, 0.061398375779390335)","(0.7025939226150513, 0.649712085723877, 0.09401927888393402)","(0.781757652759552, 0.5018394589424133, 0.01475534588098526)","(0.7694579362869263, 0.6067156791687012, 0.04152953252196312)","(0.7456494569778442, 0.6300721168518066, 0.0737290158867836)","(0.7263952493667603, 0.632078230381012, 0.09632841497659683)","(0.794766366481781, 0.47960761189460754, 0.04620766639709473)","(0.7872579097747803, 0.5628538727760315, 0.06871578097343445)","(0.7680537700653076, 0.5906091332435608, 0.08963724970817566)","(0.7509447932243347, 0.5970508456230164, 0.10666341334581375)",Release
1856,"(0.7536015510559082, 0.27718624472618103, -0.0001436671445844695)","(0.6929727792739868, 0.33948004245758057, -0.01877952553331852)","(0.6689362525939941, 0.4381433427333832, -0.02254287526011467)","(0.6650322079658508, 0.5343914031982422, -0.01104640681296587)","(0.6607894897460938, 0.6052271723747253, 0.00393670704215765)","(0.7244670987129211, 0.5117967128753662, -0.05740344151854515)","(0.7025518417358398, 0.6252764463424683, -0.02645009569823742)","(0.6831014156341553, 0.6481565237045288, 0.01834018900990486)","(0.6706050634384155, 0.6513091325759888, 0.05391803756356239)","(0.7603449821472168, 0.518447756767273, -0.03027918003499508)","(0.7390882968902588, 0.6396653652191162, 0.0017246276838704944)","(0.7136168479919434, 0.6539605855941772, 0.048341259360313416)","(0.6970816850662231, 0.6477432250976562, 0.07968506962060928)","(0.7828435897827148, 0.5069818496704102, 0.0037972419522702694)","(0.7659013271331787, 0.6145700812339783, 0.030756020918488503)","(0.7395633459091187, 0.6345358490943909, 0.0653674378991127)","(0.7200292944908142, 0.6325312852859497, 0.08828753978013992)","(0.7946186065673828, 0.48562198877334595, 0.03781059384346008)","(0.7815769910812378, 0.5724248290061951, 0.057580169290304184)","(0.7602231502532959, 0.5983082056045532, 0.07777968049049377)","(0.7419806718826294, 0.6021046042442322, 0.0943400040268898)",Reach
1857,"(0.745036244392395, 0.28393933176994324, -0.00014822575030848384)","(0.6818881630897522, 0.3516142964363098, -0.008249935694038868)","(0.6582751870155334, 0.4504600465297699, -0.007652113679796457)","(0.6544336080551147, 0.5464231371879578, 0.005415530875325203)","(0.651898205280304, 0.6157885193824768, 0.02265305444598198)","(0.7099576592445374, 0.5260356068611145, -0.043082039803266525)","(0.6900960803031921, 0.6391116976737976, -0.014684981666505337)","(0.6711820960044861, 0.6567720770835876, 0.025702865794301033)","(0.6588215827941895, 0.6552530527114868, 0.058827467262744904)","(0.7463016510009766, 0.5310693979263306, -0.022081194445490837)","(0.7277082800865173, 0.6529198884963989, 0.008711881935596466)","(0.7031726837158203, 0.6621823906898499, 0.052458666265010834)","(0.687166154384613, 0.6534286737442017, 0.08283460140228271)","(0.770531415939331, 0.517598569393158, 0.006257358007133007)","(0.7548708319664001, 0.6264708042144775, 0.03373828902840614)","(0.7289379239082336, 0.6405431032180786, 0.06999997049570084)","(0.7103567719459534, 0.6327393651008606, 0.09319620579481125)","(0.7847827672958374, 0.49431559443473816, 0.03512481227517128)","(0.7730063796043396, 0.5834509134292603, 0.05587125942111015)","(0.7514247894287109, 0.6058441996574402, 0.07955321669578552)","(0.7344900369644165, 0.6040189266204834, 0.0976468026638031)",Reach
1858,"(0.7332313060760498, 0.2975277304649353, -0.0001453567238058895)","(0.6693062782287598, 0.36520302295684814, -0.005676742177456617)","(0.6445187330245972, 0.46465668082237244, -0.004293539095669985)","(0.6398493051528931, 0.5622341632843018, 0.008306157775223255)","(0.6356557607650757, 0.6335042715072632, 0.02429557591676712)","(0.6909131407737732, 0.5464054942131042, -0.03986583277583122)","(0.6702141165733337, 0.6623896360397339, -0.01341366209089756)","(0.6518507599830627, 0.6788612604141235, 0.02568083629012108)","(0.6399849653244019, 0.6747827529907227, 0.060331255197525024)","(0.7292575240135193, 0.5505488514900208, -0.020310450345277786)","(0.7084605097770691, 0.674030601978302, 0.012412253767251968)","(0.6839060187339783, 0.6801043152809143, 0.05748806148767471)","(0.6675236821174622, 0.6699215173721313, 0.08948095887899399)","(0.755621075630188, 0.5367880463600159, 0.006173958070576191)","(0.7389206290245056, 0.6472029685974121, 0.03533794358372688)","(0.7128667831420898, 0.6607796549797058, 0.07500740140676498)","(0.6947314739227295, 0.6541004180908203, 0.1007053330540657)","(0.7723004817962646, 0.5129056572914124, 0.03327217325568199)","(0.7607676982879639, 0.6048927307128906, 0.05549425631761551)","(0.7397860884666443, 0.6270017623901367, 0.08303092420101166)","(0.7237575054168701, 0.6257187724113464, 0.10391755402088165)",Reach
1859,"(0.7153877019882202, 0.3162093162536621, -0.0001306392514379695)","(0.6511042714118958, 0.3868591785430908, 0.0036625319626182318)","(0.6259464621543884, 0.4873500466346741, 0.007899734191596508)","(0.6200732588768005, 0.5866613388061523, 0.020278718322515488)","(0.6136554479598999, 0.6581932306289673, 0.03601524978876114)","(0.6644618511199951, 0.5724408030509949, -0.03939783200621605)","(0.6440011262893677, 0.6873905658721924, -0.0116074588149786)","(0.628750205039978, 0.6965731978416443, 0.02990211918950081)","(0.6193864345550537, 0.682086706161499, 0.06594949960708618)","(0.7033064961433411, 0.5787968635559082, -0.02551945298910141)","(0.6827780604362488, 0.6991193890571594, 0.00906410999596119)","(0.6620396375656128, 0.697455644607544, 0.05745307356119156)","(0.6497068405151367, 0.6809504628181458, 0.09081495553255081)","(0.7323652505874634, 0.5664854645729065, -0.004935325123369694)","(0.7147635221481323, 0.6748374104499817, 0.02735268324613571)","(0.6913488507270813, 0.6784954071044922, 0.07117263972759247)","(0.677254319190979, 0.6645541787147522, 0.09835252165794373)","(0.7522844672203064, 0.5436493158340454, 0.01639690063893795)","(0.7407314777374268, 0.6324674487113953, 0.04208184406161308)","(0.7214269042015076, 0.6455821990966797, 0.07362424582242966)","(0.7093328237533569, 0.6377307176589966, 0.0970611721277237)",Reach
1860,"(0.691105842590332, 0.3364267349243164, -0.00011617317795753479)","(0.6290993094444275, 0.41613465547561646, 0.032520074397325516)","(0.6093697547912598, 0.5140432715415955, 0.04996217414736748)","(0.6058957576751709, 0.6085599660873413, 0.06962715089321136)","(0.6030582785606384, 0.6725218296051025, 0.09143426269292831)","(0.630176305770874, 0.5962380170822144, -0.01967424340546131)","(0.6138228178024292, 0.7040694355964661, 0.016771558672189713)","(0.605746328830719, 0.7108639478683472, 0.06086718663573265)","(0.6010048389434814, 0.6964678168296814, 0.09485281258821487)","(0.6691722869873047, 0.6045740842819214, -0.018008701503276825)","(0.6537437438964844, 0.721662163734436, 0.022864021360874176)","(0.6411439180374146, 0.7189238667488098, 0.0745372325181961)","(0.6346163153648376, 0.6960821151733398, 0.10934048891067505)","(0.7012549638748169, 0.5947294235229492, -0.007849542424082756)","(0.6871355175971985, 0.7018314003944397, 0.03236493095755577)","(0.669813334941864, 0.6896631717681885, 0.07924557477235794)","(0.6621583104133606, 0.6593245267868042, 0.10625241696834564)","(0.7268900871276855, 0.5732458829879761, 0.006183573044836521)","(0.716772735118866, 0.6619192361831665, 0.04260610416531563)","(0.6995362639427185, 0.659652054309845, 0.07823388278484344)","(0.691433310508728, 0.6339218616485596, 0.10338883846998215)",Reach
1861,"(0.6726088523864746, 0.36583614349365234, -8.546843309886754e-05)","(0.6107853651046753, 0.43866032361984253, 0.04236909747123718)","(0.5937516689300537, 0.5359526872634888, 0.06948980689048767)","(0.5942248106002808, 0.6201550364494324, 0.0985286608338356)","(0.5953181982040405, 0.6730173826217651, 0.12729977071285248)","(0.6081555485725403, 0.6262494325637817, -0.010663378983736038)","(0.590840756893158, 0.727881908416748, 0.03452853113412857)","(0.5808069705963135, 0.7331549525260925, 0.08149825036525726)","(0.5747894048690796, 0.7229286432266235, 0.11294205486774445)","(0.6459634900093079, 0.6365094184875488, -0.010354146361351013)","(0.6294511556625366, 0.7509571313858032, 0.03994486480951309)","(0.617397665977478, 0.7369655966758728, 0.09294070303440094)","(0.6126483082771301, 0.7076175212860107, 0.12559320032596588)","(0.6781967878341675, 0.6290346384048462, -0.00015257396444212645)","(0.6641324162483215, 0.7344735860824585, 0.04656851291656494)","(0.6484541296958923, 0.7108932733535767, 0.0949036031961441)","(0.6448847651481628, 0.6754224896430969, 0.12189196795225143)","(0.7044751048088074, 0.6092867255210876, 0.014557684771716595)","(0.6948356628417969, 0.6977442502975464, 0.054755281656980515)","(0.6779254674911499, 0.6870123147964478, 0.09109502285718918)","(0.6722354888916016, 0.6558265089988708, 0.11683028191328049)",Reach
1862,"(0.6566212177276611, 0.397188276052475, -6.13064767094329e-05)","(0.5961992740631104, 0.46387267112731934, 0.05349704995751381)","(0.5776481628417969, 0.5493762493133545, 0.0884394571185112)","(0.5806646347045898, 0.6215519905090332, 0.12287719547748566)","(0.5859596133232117, 0.6705057621002197, 0.1572396159172058)","(0.5865038633346558, 0.6574522256851196, 0.019082417711615562)","(0.5711639523506165, 0.7537291646003723, 0.06840986758470535)","(0.5641264915466309, 0.7678354978561401, 0.12023839354515076)","(0.5579655766487122, 0.7687584161758423, 0.1563836932182312)","(0.6238783597946167, 0.6705361008644104, 0.01672804355621338)","(0.608354389667511, 0.7795832753181458, 0.06905217468738556)","(0.6001594066619873, 0.775436520576477, 0.12689082324504852)","(0.596686065196991, 0.7523964643478394, 0.16618244349956512)","(0.6568862795829773, 0.664029061794281, 0.024564823135733604)","(0.6444556713104248, 0.7682983875274658, 0.07195879518985748)","(0.6304253935813904, 0.7597620487213135, 0.1238032802939415)","(0.626026451587677, 0.7338042259216309, 0.15596000850200653)","(0.6843149065971375, 0.6433594226837158, 0.03789494186639786)","(0.6767703294754028, 0.7309206128120422, 0.07699877768754959)","(0.6602687835693359, 0.7321230173110962, 0.11336005479097366)","(0.6528183221817017, 0.711170494556427, 0.14166176319122314)",Reach
1863,"(0.6390310525894165, 0.4310787618160248, -7.47228623367846e-05)","(0.5776689052581787, 0.4954630732536316, 0.05729730799794197)","(0.5594226121902466, 0.5818262696266174, 0.09447208046913147)","(0.5629727840423584, 0.654534101486206, 0.1296268254518509)","(0.5690572261810303, 0.6971316337585449, 0.166253462433815)","(0.5679364800453186, 0.687910258769989, 0.01781989075243473)","(0.5550792217254639, 0.7912489175796509, 0.07534529268741608)","(0.5545560717582703, 0.7886171340942383, 0.13251233100891113)","(0.5564596652984619, 0.7667721509933472, 0.16957202553749084)","(0.6051511764526367, 0.7005445957183838, 0.013063141144812107)","(0.5924485325813293, 0.8114138841629028, 0.0701330229640007)","(0.58990478515625, 0.8032456040382385, 0.12867599725723267)","(0.5907601118087769, 0.7750766277313232, 0.1671321541070938)","(0.6392877101898193, 0.6945255994796753, 0.018520453944802284)","(0.6287140250205994, 0.8011223673820496, 0.06915467977523804)","(0.6210217475891113, 0.7851883172988892, 0.12004948407411575)","(0.6207937598228455, 0.7535613179206848, 0.15126094222068787)","(0.6682628393173218, 0.6757050156593323, 0.02969895303249359)","(0.6608657240867615, 0.7663869857788086, 0.06839709728956223)","(0.6476969718933105, 0.7637960910797119, 0.10435978323221207)","(0.6439331769943237, 0.7392544150352478, 0.1332128494977951)",Reach
1864,"(0.6243549585342407, 0.4661744236946106, -4.772799366037361e-05)","(0.5652645826339722, 0.5297077894210815, 0.06494200229644775)","(0.5468458533287048, 0.6105054616928101, 0.10178130865097046)","(0.5486544370651245, 0.6802711486816406, 0.1347091794013977)","(0.5547065734863281, 0.7244407534599304, 0.1688299924135208)","(0.5545911192893982, 0.7113491892814636, 0.03574230149388313)","(0.5439177751541138, 0.8133702278137207, 0.0905180498957634)","(0.5448830127716064, 0.8202987909317017, 0.14610973000526428)","(0.5471546649932861, 0.8047391176223755, 0.1838408261537552)","(0.5893480777740479, 0.7251457571983337, 0.026082199066877365)","(0.5820637345314026, 0.845328152179718, 0.073516346514225)","(0.5807960033416748, 0.8535314798355103, 0.1302328258752823)","(0.5821719169616699, 0.832156777381897, 0.17238014936447144)","(0.6223528981208801, 0.7186965942382812, 0.026628321036696434)","(0.6193392872810364, 0.8333212733268738, 0.07027865201234818)","(0.6126071810722351, 0.8365325331687927, 0.12336990237236023)","(0.6101253032684326, 0.8149970173835754, 0.1602228283882141)","(0.6515750885009766, 0.6973907351493835, 0.03358090668916702)","(0.6522265076637268, 0.7911393046379089, 0.06836333125829697)","(0.6404460072517395, 0.8010088205337524, 0.10617643594741821)","(0.6344086527824402, 0.7844719886779785, 0.13806238770484924)",Reach
1865,"(0.6135027408599854, 0.500801146030426, -6.0934151406399906e-05)","(0.5537053346633911, 0.5624385476112366, 0.06752505153417587)","(0.5352168083190918, 0.6411080360412598, 0.10504719614982605)","(0.5367593765258789, 0.7087170481681824, 0.13803397119045258)","(0.5445845127105713, 0.7488436698913574, 0.17076411843299866)","(0.5423514246940613, 0.7440038919448853, 0.033981937915086746)","(0.5341145396232605, 0.8446723222732544, 0.09215760976076126)","(0.5382634997367859, 0.8404542207717896, 0.14761760830879211)","(0.543486475944519, 0.8135239481925964, 0.18430010974407196)","(0.5770918726921082, 0.7588159441947937, 0.021863486617803574)","(0.5700432658195496, 0.8757517337799072, 0.07460455596446991)","(0.5715456604957581, 0.8706619143486023, 0.1331072300672531)","(0.5749923586845398, 0.8404779434204102, 0.17246626317501068)","(0.6100285649299622, 0.7530374526977539, 0.02049904130399227)","(0.6050296425819397, 0.866314172744751, 0.06633330881595612)","(0.6006326675415039, 0.856499433517456, 0.11980904638767242)","(0.6007808446884155, 0.8273441791534424, 0.15461479127407074)","(0.6393444538116455, 0.7313570380210876, 0.025404468178749084)","(0.6364144682884216, 0.8215562701225281, 0.06451641023159027)","(0.6263109445571899, 0.8154504299163818, 0.10341282933950424)","(0.6232123374938965, 0.787786602973938, 0.1345662623643875)",Reach
1866,"(0.6032465100288391, 0.5242429375648499, -4.29586652899161e-05)","(0.5472182035446167, 0.5803245902061462, 0.06985226273536682)","(0.5283190608024597, 0.6550924777984619, 0.10747546702623367)","(0.5264590978622437, 0.7225065231323242, 0.13890941441059113)","(0.5309081673622131, 0.7702067494392395, 0.1704164296388626)","(0.53343266248703, 0.7615675330162048, 0.045010797679424286)","(0.5249246954917908, 0.8636487126350403, 0.09745820611715317)","(0.5305717587471008, 0.8836358785629272, 0.1527653932571411)","(0.5363261103630066, 0.881035327911377, 0.19404016435146332)","(0.566246747970581, 0.7808943390846252, 0.030237725004553795)","(0.5614734888076782, 0.8951665163040161, 0.08276519179344177)","(0.5632843971252441, 0.8970958590507507, 0.1432764083147049)","(0.566715657711029, 0.8753496408462524, 0.18523499369621277)","(0.5980717539787292, 0.7787600159645081, 0.02567942440509796)","(0.5961117744445801, 0.8873827457427979, 0.0719304010272026)","(0.5932865738868713, 0.8832013607025146, 0.12742900848388672)","(0.5940663814544678, 0.86033695936203, 0.16406776010990143)","(0.6272322535514832, 0.7597405910491943, 0.026874778792262077)","(0.6266229748725891, 0.8499794602394104, 0.06637665629386902)","(0.6178155541419983, 0.8484162092208862, 0.10467570275068283)","(0.6144232749938965, 0.8237735033035278, 0.1352767050266266)",Reach
1867,"(0.5942583680152893, 0.5448405742645264, -5.369085192796774e-05)","(0.5380762815475464, 0.6049177050590515, 0.0760526955127716)","(0.5219096541404724, 0.6764965653419495, 0.11462687700986862)","(0.5219779014587402, 0.7410165667533875, 0.14591345191001892)","(0.5310534238815308, 0.7854714393615723, 0.17717452347278595)","(0.5231987237930298, 0.7786706686019897, 0.047925323247909546)","(0.5192639231681824, 0.8791905641555786, 0.10510032624006271)","(0.5286137461662292, 0.8937207460403442, 0.16111761331558228)","(0.5359969735145569, 0.8865019679069519, 0.19931529462337494)","(0.5562423467636108, 0.7982290983200073, 0.03019353747367859)","(0.5537549257278442, 0.9123589396476746, 0.08439951390028)","(0.5588420033454895, 0.9095731377601624, 0.14305979013442993)","(0.5631923079490662, 0.885852038860321, 0.18182776868343353)","(0.5896152257919312, 0.7971023917198181, 0.02365723066031933)","(0.5872315764427185, 0.9055609703063965, 0.07181369513273239)","(0.5876871347427368, 0.8981006741523743, 0.12438046932220459)","(0.5906399488449097, 0.8738852739334106, 0.15681831538677216)","(0.6212483048439026, 0.779630720615387, 0.02299094945192337)","(0.618625283241272, 0.8679000735282898, 0.062124885618686676)","(0.6117343306541443, 0.8611131310462952, 0.09825117141008377)","(0.6108527779579163, 0.8346133828163147, 0.12584470212459564)",Grasp
1868,"(0.5896492600440979, 0.5506022572517395, -5.616367707261816e-05)","(0.53387451171875, 0.615852415561676, 0.0652460902929306)","(0.516717791557312, 0.6883715391159058, 0.10029929131269455)","(0.5153205394744873, 0.7509116530418396, 0.13112762570381165)","(0.5274915099143982, 0.7882341146469116, 0.1624017357826233)","(0.5231955647468567, 0.7797487378120422, 0.036375679075717926)","(0.5228894352912903, 0.8591787219047546, 0.09481632709503174)","(0.5312715768814087, 0.8341867923736572, 0.1429760456085205)","(0.5377458333969116, 0.8036587238311768, 0.16760903596878052)","(0.5561121106147766, 0.801374614238739, 0.024181783199310303)","(0.5517641305923462, 0.9103885293006897, 0.07567743957042694)","(0.5549273490905762, 0.8936575651168823, 0.12994639575481415)","(0.5587044954299927, 0.8609737157821655, 0.16393718123435974)","(0.589057445526123, 0.8040800094604492, 0.022404978051781654)","(0.5841354727745056, 0.9098080396652222, 0.07044684141874313)","(0.5838309526443481, 0.8921554088592529, 0.11850664019584656)","(0.5866934657096863, 0.8596779108047485, 0.14380669593811035)","(0.6201298236846924, 0.7906845211982727, 0.026046110317111015)","(0.6170047521591187, 0.8758129477500916, 0.06512057781219482)","(0.6093056201934814, 0.8666017055511475, 0.09881247580051422)","(0.6070294976234436, 0.8377214074134827, 0.1231914535164833)",Grasp
1869,"(0.5859071016311646, 0.5612321496009827, -5.329384657670744e-05)","(0.5316671133041382, 0.6216580271720886, 0.0644104927778244)","(0.5151575803756714, 0.6929474472999573, 0.0994805246591568)","(0.5135335326194763, 0.75534987449646, 0.12943829596042633)","(0.523188591003418, 0.7937442660331726, 0.15945835411548615)","(0.5192235112190247, 0.7833198308944702, 0.0388326495885849)","(0.51947420835495, 0.8627451062202454, 0.09737640619277954)","(0.5291903018951416, 0.8421825766563416, 0.1469060480594635)","(0.5360053777694702, 0.8141065835952759, 0.17355182766914368)","(0.5513458847999573, 0.8056067228317261, 0.02561836503446102)","(0.5470841526985168, 0.9140178561210632, 0.0744440108537674)","(0.551705539226532, 0.9058948755264282, 0.12744633853435516)","(0.5564020872116089, 0.8780699968338013, 0.16207964718341827)","(0.5842604041099548, 0.8090338706970215, 0.02227768860757351)","(0.5794587135314941, 0.912231981754303, 0.06807414442300797)","(0.5806411504745483, 0.8993582725524902, 0.11531601846218109)","(0.5839998722076416, 0.869768500328064, 0.14095939695835114)","(0.6153344511985779, 0.7971123456954956, 0.024222377687692642)","(0.6126705408096313, 0.880856454372406, 0.061271782964468)","(0.6063453555107117, 0.8745111227035522, 0.09417296946048737)","(0.6044495701789856, 0.8478059768676758, 0.11802378296852112)",Grasp
1870,"(0.586053192615509, 0.564769446849823, -7.219958934001625e-05)","(0.5313421487808228, 0.6246708631515503, 0.0635925903916359)","(0.5155396461486816, 0.6941207051277161, 0.09894812852144241)","(0.5139685869216919, 0.7528505325317383, 0.13026149570941925)","(0.5240691900253296, 0.7916167974472046, 0.1623135656118393)","(0.5214279294013977, 0.7855126857757568, 0.034169916063547134)","(0.5148696303367615, 0.8584555387496948, 0.09158837795257568)","(0.520880401134491, 0.839448869228363, 0.14013782143592834)","(0.5276172757148743, 0.8144643306732178, 0.16453558206558228)","(0.5536785125732422, 0.8068193197250366, 0.02290993742644787)","(0.5456937551498413, 0.911228597164154, 0.07180047780275345)","(0.5466227531433105, 0.9010823965072632, 0.1258988380432129)","(0.5505818128585815, 0.8726566433906555, 0.1612762063741684)","(0.5856810808181763, 0.8094021081924438, 0.021752409636974335)","(0.5768718719482422, 0.9132757186889648, 0.066404789686203)","(0.5750262141227722, 0.9041813611984253, 0.11473000049591064)","(0.5781559348106384, 0.8781889081001282, 0.140443354845047)","(0.6151663661003113, 0.7963330149650574, 0.025915183126926422)","(0.6101665496826172, 0.8808953166007996, 0.061560675501823425)","(0.6013497114181519, 0.8803927302360535, 0.09412230551242828)","(0.5982523560523987, 0.8599923849105835, 0.11854122579097748)",Grasp
1871,"(0.5842975974082947, 0.5684880018234253, -7.09769083186984e-05)","(0.5276301503181458, 0.6231588125228882, 0.06648822873830795)","(0.5110276937484741, 0.6889649033546448, 0.10209565609693527)","(0.5114220380783081, 0.7469201683998108, 0.1331120729446411)","(0.5217761993408203, 0.7831640243530273, 0.16510581970214844)","(0.5146147608757019, 0.7849687337875366, 0.0352599173784256)","(0.509053111076355, 0.863837718963623, 0.0944371297955513)","(0.5180876851081848, 0.8416986465454102, 0.14226344227790833)","(0.5262253284454346, 0.8143872618675232, 0.16767483949661255)","(0.5470593571662903, 0.8066370487213135, 0.021514341235160828)","(0.5395134687423706, 0.9083709716796875, 0.07517454773187637)","(0.5444374084472656, 0.8905813694000244, 0.12595228850841522)","(0.5496984124183655, 0.8599011898040771, 0.1552448719739914)","(0.5796242952346802, 0.810396671295166, 0.018376240506768227)","(0.5710785984992981, 0.9098462462425232, 0.06801272928714752)","(0.5721010565757751, 0.8917647004127502, 0.11419271677732468)","(0.5768253207206726, 0.861208438873291, 0.1358020156621933)","(0.6101391315460205, 0.8001431226730347, 0.02084467187523842)","(0.6044809222221375, 0.8839802742004395, 0.06042863428592682)","(0.5981311202049255, 0.8736579418182373, 0.09512998163700104)","(0.5983753800392151, 0.8450623750686646, 0.1189904510974884)",Grasp
1872,"(0.5821682214736938, 0.5682700872421265, -8.166665065800771e-05)","(0.5272461175918579, 0.6244401931762695, 0.06174042448401451)","(0.5107545256614685, 0.6911095976829529, 0.09431533515453339)","(0.5104094743728638, 0.7510965466499329, 0.12308792024850845)","(0.5193169713020325, 0.7874559164047241, 0.1538386344909668)","(0.512999415397644, 0.7832744717597961, 0.024011779576539993)","(0.5106775760650635, 0.8671371340751648, 0.07949212193489075)","(0.5181484818458557, 0.8448349237442017, 0.12998825311660767)","(0.5244945883750916, 0.8138088583946228, 0.15988293290138245)","(0.547186017036438, 0.8031564950942993, 0.011788900941610336)","(0.5424872040748596, 0.9090723991394043, 0.06119238957762718)","(0.5454648733139038, 0.8882179856300354, 0.11501917243003845)","(0.5496326088905334, 0.8540658354759216, 0.14870519936084747)","(0.5815863609313965, 0.8028070330619812, 0.010785050690174103)","(0.5744692087173462, 0.9074212908744812, 0.05490731820464134)","(0.573063850402832, 0.8872209191322327, 0.10424531996250153)","(0.5759690403938293, 0.8545190095901489, 0.1302906572818756)","(0.6130766868591309, 0.787943959236145, 0.015127966180443764)","(0.6087581515312195, 0.8770800232887268, 0.051192913204431534)","(0.6010118722915649, 0.8684476017951965, 0.0861717164516449)","(0.5990695357322693, 0.8404383063316345, 0.11239123344421387)",Grasp
1873,"(0.5835155844688416, 0.5675595998764038, -8.064665598794818e-05)","(0.5275033116340637, 0.6234437823295593, 0.06373753398656845)","(0.5108110904693604, 0.6891360282897949, 0.0966634526848793)","(0.511651873588562, 0.7470113039016724, 0.12576085329055786)","(0.521681547164917, 0.7829033732414246, 0.15642984211444855)","(0.5132333040237427, 0.7822463512420654, 0.025606287643313408)","(0.5092715620994568, 0.8630523681640625, 0.08239579945802689)","(0.5163615345954895, 0.8375938534736633, 0.13116507232189178)","(0.5230997204780579, 0.8060075640678406, 0.15870392322540283)","(0.5469868779182434, 0.801957368850708, 0.012397165410220623)","(0.5409860610961914, 0.9045106768608093, 0.0633954331278801)","(0.5441077351570129, 0.88238126039505, 0.11585893481969833)","(0.5485742092132568, 0.8491572141647339, 0.14744630455970764)","(0.58101487159729, 0.8019241094589233, 0.010569472797214985)","(0.5738210082054138, 0.9035851359367371, 0.057064641267061234)","(0.5724063515663147, 0.8819369077682495, 0.1051691472530365)","(0.575688362121582, 0.848931610584259, 0.12919078767299652)","(0.6126199960708618, 0.788682222366333, 0.014230689965188503)","(0.6070923209190369, 0.8754785060882568, 0.05252612382173538)","(0.598932147026062, 0.8648844361305237, 0.08831006288528442)","(0.5975537896156311, 0.8358698487281799, 0.1139247715473175)",Grasp
1874,"(0.5848439335823059, 0.5681182742118835, -7.932088919915259e-05)","(0.5292321443557739, 0.6189211010932922, 0.06490423530340195)","(0.5118212103843689, 0.6827455163002014, 0.09982692450284958)","(0.5117376446723938, 0.741740882396698, 0.1305667757987976)","(0.5197324156761169, 0.7790336608886719, 0.16353411972522736)","(0.5126164555549622, 0.7809269428253174, 0.03175126388669014)","(0.5067075490951538, 0.8607268333435059, 0.0897064283490181)","(0.5152292251586914, 0.8374757766723633, 0.13937465846538544)","(0.5231292843818665, 0.8061656355857849, 0.16799239814281464)","(0.546356737613678, 0.8021457195281982, 0.018167538568377495)","(0.5402350425720215, 0.9032564759254456, 0.07033837586641312)","(0.5446149706840515, 0.881584644317627, 0.1224660649895668)","(0.5493061542510986, 0.847927451133728, 0.15384629368782043)","(0.5807943940162659, 0.8024237751960754, 0.01611744426190853)","(0.5737732648849487, 0.9026880264282227, 0.06254123151302338)","(0.5738672018051147, 0.8810568451881409, 0.11092981696128845)","(0.5772227048873901, 0.8477974534034729, 0.1359921544790268)","(0.6133229732513428, 0.7881954908370972, 0.019303997978568077)","(0.6090267300605774, 0.8744204044342041, 0.056668832898139954)","(0.6022121906280518, 0.8649073243141174, 0.09187096357345581)","(0.6007867455482483, 0.8362011909484863, 0.1174897700548172)",Grasp
1875,"(0.5865200757980347, 0.5677074193954468, -8.347049151780084e-05)","(0.5309508442878723, 0.6192654371261597, 0.06065405160188675)","(0.5134268403053284, 0.6864299178123474, 0.09395762532949448)","(0.5141783952713013, 0.7460908889770508, 0.12425844371318817)","(0.523139476776123, 0.7783868312835693, 0.15679408609867096)","(0.5178804993629456, 0.7780181169509888, 0.025410804897546768)","(0.5129920244216919, 0.857049286365509, 0.0798380896449089)","(0.5190026760101318, 0.8298380374908447, 0.12636812031269073)","(0.5256749987602234, 0.7957011461257935, 0.15244776010513306)","(0.5512951016426086, 0.7985321283340454, 0.013601498678326607)","(0.5446879863739014, 0.900789737701416, 0.06445743888616562)","(0.5462386012077332, 0.8773170709609985, 0.11620992422103882)","(0.5504706501960754, 0.8403991460800171, 0.14730359613895416)","(0.5848765969276428, 0.7980813384056091, 0.012810406275093555)","(0.5755025744438171, 0.900684118270874, 0.05693687126040459)","(0.5736023187637329, 0.8770880103111267, 0.10441061854362488)","(0.5771984457969666, 0.8417836427688599, 0.12979261577129364)","(0.616182804107666, 0.7836120128631592, 0.017370982095599174)","(0.6103546619415283, 0.8706243634223938, 0.053151242434978485)","(0.6029491424560547, 0.8590637445449829, 0.08800315856933594)","(0.6020474433898926, 0.829010009765625, 0.11450690031051636)",Grasp
1876,"(0.5885775089263916, 0.5681674480438232, -7.80072805355303e-05)","(0.5318832993507385, 0.6122791171073914, 0.0615755096077919)","(0.5134685039520264, 0.677092432975769, 0.09520705789327621)","(0.5141574144363403, 0.737425684928894, 0.12604418396949768)","(0.5216457843780518, 0.7745641469955444, 0.15991829335689545)","(0.5159924030303955, 0.7777820825576782, 0.025337180122733116)","(0.5081184506416321, 0.8586512804031372, 0.08164616674184799)","(0.5155106782913208, 0.834458589553833, 0.1319490224123001)","(0.5232197642326355, 0.8013969659805298, 0.16206085681915283)","(0.5505228042602539, 0.7991055250167847, 0.013337189331650734)","(0.5434084534645081, 0.9010138511657715, 0.06387244910001755)","(0.5466692447662354, 0.8785474300384521, 0.11742909997701645)","(0.551250696182251, 0.8432213068008423, 0.15004435181617737)","(0.5850904583930969, 0.7985796332359314, 0.012750721536576748)","(0.5772485136985779, 0.8999897837638855, 0.05773142725229263)","(0.5761591196060181, 0.877459704875946, 0.10784592479467392)","(0.5791735053062439, 0.8436790704727173, 0.13489724695682526)","(0.6173038482666016, 0.7830188870429993, 0.01727723330259323)","(0.6122435331344604, 0.8687175512313843, 0.05465826392173767)","(0.6047794222831726, 0.8580604195594788, 0.09076002985239029)","(0.6032550930976868, 0.8293142914772034, 0.11765280365943909)",Grasp
1877,"(0.588677167892456, 0.5626858472824097, -8.331450953846797e-05)","(0.5317099690437317, 0.6074869632720947, 0.06223468855023384)","(0.5129916071891785, 0.672674834728241, 0.09505783766508102)","(0.5143030881881714, 0.7333691716194153, 0.12564240396022797)","(0.5216362476348877, 0.7713128328323364, 0.1592111885547638)","(0.5163476467132568, 0.7762287855148315, 0.02036767080426216)","(0.5081384778022766, 0.8571650981903076, 0.07695108652114868)","(0.5148563981056213, 0.8330739736557007, 0.12806107103824615)","(0.5222162008285522, 0.8012555837631226, 0.15922461450099945)","(0.5515419840812683, 0.7975941300392151, 0.0084755914285779)","(0.5437794923782349, 0.897602915763855, 0.059417590498924255)","(0.546029269695282, 0.8737061619758606, 0.11307413130998611)","(0.5503485202789307, 0.8384140133857727, 0.1448003500699997)","(0.5863280892372131, 0.7959343194961548, 0.008856010623276234)","(0.577661395072937, 0.895340621471405, 0.05499587580561638)","(0.5752349495887756, 0.870763897895813, 0.10555081814527512)","(0.5781528949737549, 0.835838258266449, 0.13245734572410583)","(0.618660032749176, 0.7792383432388306, 0.014644552022218704)","(0.612707793712616, 0.8645963668823242, 0.05297411233186722)","(0.6043738722801208, 0.8530261516571045, 0.08962945640087128)","(0.6027429103851318, 0.82346111536026, 0.11627199500799179)",Grasp
1878,"(0.5917330384254456, 0.5598738193511963, -6.944814958842471e-05)","(0.533876895904541, 0.6065220236778259, 0.06100309640169144)","(0.5158292055130005, 0.6734062433242798, 0.09276831150054932)","(0.5166512727737427, 0.7365084290504456, 0.12237372994422913)","(0.5239027142524719, 0.775275468826294, 0.154829740524292)","(0.518532931804657, 0.7761856317520142, 0.01718122325837612)","(0.5117978453636169, 0.8587963581085205, 0.07352451235055923)","(0.5183174014091492, 0.834387481212616, 0.12404842674732208)","(0.5247388482093811, 0.802003026008606, 0.1547582745552063)","(0.5540177822113037, 0.7968618869781494, 0.005095663480460644)","(0.5475092530250549, 0.8943741321563721, 0.058240555226802826)","(0.5489092469215393, 0.8688691854476929, 0.11048506945371628)","(0.5519850850105286, 0.8339909315109253, 0.13930730521678925)","(0.5889175534248352, 0.7953357696533203, 0.005395000334829092)","(0.5812320709228516, 0.8919634819030762, 0.053257618099451065)","(0.5781078934669495, 0.8650364279747009, 0.10257064551115036)","(0.5799494981765747, 0.828712522983551, 0.12725138664245605)","(0.6211090087890625, 0.7792967557907104, 0.010860552079975605)","(0.615829348564148, 0.8642593026161194, 0.050363726913928986)","(0.6074405312538147, 0.8486079573631287, 0.08645416796207428)","(0.6055163741111755, 0.8157137036323547, 0.11221722513437271)",Grasp
1879,"(0.5905937552452087, 0.5548639893531799, -7.051508146105334e-05)","(0.5347363948822021, 0.603606641292572, 0.05956752225756645)","(0.5173848867416382, 0.6720024943351746, 0.09160678088665009)","(0.5184311270713806, 0.7341815233230591, 0.12129881232976913)","(0.5258190035820007, 0.7725316286087036, 0.15474076569080353)","(0.5236167907714844, 0.7731790542602539, 0.017565054818987846)","(0.515826940536499, 0.8501097559928894, 0.07248762995004654)","(0.5184799432754517, 0.8297427892684937, 0.12005056440830231)","(0.5233798623085022, 0.8023539185523987, 0.14757311344146729)","(0.5587091445922852, 0.7928425073623657, 0.008082638494670391)","(0.5511407852172852, 0.8897690176963806, 0.061349451541900635)","(0.5480952858924866, 0.868686854839325, 0.11487766355276108)","(0.5493113398551941, 0.8347817659378052, 0.14573796093463898)","(0.592261791229248, 0.7905977368354797, 0.010779058560729027)","(0.583979606628418, 0.8868550658226013, 0.05826045572757721)","(0.5776673555374146, 0.8636273741722107, 0.107986219227314)","(0.578508198261261, 0.828513503074646, 0.13378547132015228)","(0.6226714849472046, 0.7735325694084167, 0.018656466156244278)","(0.6174529194831848, 0.8566179275512695, 0.05892817676067352)","(0.6070486307144165, 0.8443892002105713, 0.0955289974808693)","(0.603925883769989, 0.8135677576065063, 0.12202931940555573)",Grasp
1880,"(0.5941781401634216, 0.5514892935752869, -6.799046968808398e-05)","(0.5365106463432312, 0.6006361246109009, 0.04673830792307854)","(0.5182783007621765, 0.6734197735786438, 0.07549775391817093)","(0.5204154849052429, 0.7396361827850342, 0.1059730052947998)","(0.5283967852592468, 0.7783287167549133, 0.14008879661560059)","(0.528215765953064, 0.7777552008628845, -0.00010835322609636933)","(0.5125693082809448, 0.8546300530433655, 0.05582832545042038)","(0.5153434872627258, 0.8249083757400513, 0.10259310156106949)","(0.5226675271987915, 0.7925718426704407, 0.12888546288013458)","(0.5633543729782104, 0.7963290214538574, -0.0034963965881615877)","(0.5503003001213074, 0.8849945664405823, 0.0538385845720768)","(0.547461986541748, 0.8590930104255676, 0.1031639575958252)","(0.5495789647102356, 0.8267055749893188, 0.12855097651481628)","(0.5959157943725586, 0.792543888092041, 0.0051327054388821125)","(0.5838755369186401, 0.8839408159255981, 0.05361926555633545)","(0.5775128602981567, 0.8589237928390503, 0.0983084887266159)","(0.5792196989059448, 0.8251430988311768, 0.11870574206113815)","(0.625208854675293, 0.7739551067352295, 0.018116317689418793)","(0.6163630485534668, 0.8561111092567444, 0.056657880544662476)","(0.6058728098869324, 0.84284508228302, 0.09044667333364487)","(0.6041851043701172, 0.8124081492424011, 0.1149010881781578)",Grasp
1881,"(0.5960362553596497, 0.5489119291305542, -6.463896716013551e-05)","(0.5374627709388733, 0.5969952344894409, 0.04256167262792587)","(0.519301176071167, 0.6716703772544861, 0.07070981711149216)","(0.5224558711051941, 0.7412577271461487, 0.10207953304052353)","(0.5307862758636475, 0.7813047766685486, 0.13687926530838013)","(0.5308704376220703, 0.7800099849700928, -0.004495288245379925)","(0.5146780014038086, 0.8589877486228943, 0.05265804007649422)","(0.5166957378387451, 0.8273576498031616, 0.10062907636165619)","(0.5239171385765076, 0.7932350635528564, 0.12836946547031403)","(0.5663785934448242, 0.7980763912200928, -0.00458846939727664)","(0.5518664717674255, 0.8815533518791199, 0.05773457512259483)","(0.5479604601860046, 0.8524909615516663, 0.10712087899446487)","(0.5499963164329529, 0.8203108310699463, 0.13057734072208405)","(0.5984715223312378, 0.793529212474823, 0.007011931389570236)","(0.5839949250221252, 0.8786997199058533, 0.0596364326775074)","(0.5773416757583618, 0.8530495166778564, 0.1031833216547966)","(0.5794367790222168, 0.820549488067627, 0.12121837586164474)","(0.6268662214279175, 0.7742598652839661, 0.02252005971968174)","(0.6157636046409607, 0.8507966995239258, 0.06419896334409714)","(0.606165885925293, 0.8357819318771362, 0.09782474488019943)","(0.6057876944541931, 0.8057858943939209, 0.12065528333187103)",Grasp
1882,"(0.5992448329925537, 0.5470393896102905, -6.967752415221184e-05)","(0.5395460724830627, 0.5965054631233215, 0.03570443391799927)","(0.5200375914573669, 0.6719470620155334, 0.061303477734327316)","(0.5229913592338562, 0.7438015341758728, 0.0914108008146286)","(0.5316846966743469, 0.7834271192550659, 0.12525057792663574)","(0.5346539616584778, 0.7795451879501343, -0.01630258560180664)","(0.5170403122901917, 0.8620495796203613, 0.04232204705476761)","(0.5200151205062866, 0.8223550915718079, 0.09138327091932297)","(0.5296413898468018, 0.784334123134613, 0.1184963509440422)","(0.5697147250175476, 0.7951385974884033, -0.01338205486536026)","(0.5528042316436768, 0.8743635416030884, 0.051155395805835724)","(0.5500631332397461, 0.83805251121521, 0.09735284745693207)","(0.553868293762207, 0.8054931163787842, 0.11454948782920837)","(0.6010236144065857, 0.790748655796051, 0.000903779233340174)","(0.5835393071174622, 0.8700286149978638, 0.05635974556207657)","(0.5782067179679871, 0.8416332006454468, 0.09479391574859619)","(0.5820069313049316, 0.810535192489624, 0.10691256821155548)","(0.6288770437240601, 0.7740592360496521, 0.018435880541801453)","(0.6140783429145813, 0.8478077054023743, 0.06177167221903801)","(0.6057015061378479, 0.8310875296592712, 0.09239356964826584)","(0.6069069504737854, 0.8027685880661011, 0.1103271022439003)",Grasp
1883,"(0.5998468399047852, 0.5487692952156067, -7.51842962927185e-05)","(0.5399966835975647, 0.603412389755249, 0.03818317502737045)","(0.5219192504882812, 0.6818225979804993, 0.062429122626781464)","(0.5263083577156067, 0.7538447380065918, 0.08998707681894302)","(0.5340535640716553, 0.7910410165786743, 0.11779724806547165)","(0.5366590619087219, 0.7842065095901489, -0.018995020538568497)","(0.5206269025802612, 0.8666445016860962, 0.041280608624219894)","(0.5233592391014099, 0.8261728286743164, 0.090843066573143)","(0.5327435731887817, 0.7878787517547607, 0.11716709285974503)","(0.5726081132888794, 0.7979304790496826, -0.017906632274389267)","(0.5576843023300171, 0.8657271862030029, 0.051199838519096375)","(0.5552924275398254, 0.8274523615837097, 0.0949023962020874)","(0.5587289333343506, 0.7952541708946228, 0.10612468421459198)","(0.6041454672813416, 0.7925400137901306, -0.0052106864750385284)","(0.5881690979003906, 0.8592132329940796, 0.05477102845907211)","(0.5825752019882202, 0.8284612894058228, 0.08773045241832733)","(0.5861045718193054, 0.7970448732376099, 0.09327271580696106)","(0.6316797137260437, 0.7766899466514587, 0.01092370506376028)","(0.6164175868034363, 0.8422900438308716, 0.05743557587265968)","(0.6086326241493225, 0.8224695920944214, 0.08522059768438339)","(0.6102227568626404, 0.7944146394729614, 0.09860721975564957)",Grasp
1884,"(0.603351891040802, 0.5475125908851624, -8.139207784552127e-05)","(0.541532039642334, 0.6015172004699707, 0.036599405109882355)","(0.5240784883499146, 0.6805176138877869, 0.06078324466943741)","(0.5277568101882935, 0.7519487142562866, 0.089176245033741)","(0.5344094038009644, 0.7916513681411743, 0.1167391762137413)","(0.539486825466156, 0.7871372699737549, -0.017350535839796066)","(0.524840235710144, 0.8693047165870667, 0.04536352679133415)","(0.52593594789505, 0.8282767534255981, 0.0973096638917923)","(0.5350099802017212, 0.7889602184295654, 0.12626297771930695)","(0.5755800008773804, 0.7992656230926514, -0.013827197253704071)","(0.5611920356750488, 0.8622180223464966, 0.060472823679447174)","(0.5583091378211975, 0.8245275020599365, 0.10623346269130707)","(0.5617386698722839, 0.7933549284934998, 0.11770257353782654)","(0.6068012714385986, 0.7921543121337891, 0.0010739520657807589)","(0.5906549692153931, 0.8509566783905029, 0.06508279591798782)","(0.5844943523406982, 0.8202301263809204, 0.09775443375110626)","(0.5879060626029968, 0.7889501452445984, 0.10240498930215836)","(0.6339425444602966, 0.7758333086967468, 0.01915927045047283)","(0.618345320224762, 0.8360947966575623, 0.06712199002504349)","(0.6104822158813477, 0.8162196278572083, 0.09413134306669235)","(0.6118747591972351, 0.7879462242126465, 0.10595870018005371)",Grasp
1885,"(0.6056204438209534, 0.5481986999511719, -0.00010029513214249164)","(0.5410705208778381, 0.6057889461517334, 0.03511660918593407)","(0.5220617651939392, 0.6880401968955994, 0.057876888662576675)","(0.5257474780082703, 0.7621399164199829, 0.08558529615402222)","(0.5329835414886475, 0.8006151914596558, 0.11322980374097824)","(0.5437942743301392, 0.7912211418151855, -0.018804926425218582)","(0.5262303948402405, 0.8718301653862, 0.04509009048342705)","(0.5246080756187439, 0.8267399072647095, 0.0957367941737175)","(0.5331869125366211, 0.7853978872299194, 0.12250124663114548)","(0.5809786915779114, 0.8040922284126282, -0.014713151380419731)","(0.5620916485786438, 0.8671882152557373, 0.057307031005620956)","(0.5567960739135742, 0.8274769186973572, 0.10026215761899948)","(0.561244547367096, 0.7938819527626038, 0.10969893634319305)","(0.6123231649398804, 0.7962954044342041, 0.0006826672470197082)","(0.591823399066925, 0.8549609780311584, 0.06451297551393509)","(0.5832729935646057, 0.8220740556716919, 0.09483413398265839)","(0.5872581005096436, 0.7890276908874512, 0.0980488583445549)","(0.6384499073028564, 0.7779807448387146, 0.019333690404891968)","(0.6186894178390503, 0.8341282606124878, 0.06871182471513748)","(0.6099748015403748, 0.8118628263473511, 0.09448819607496262)","(0.6127066016197205, 0.783423662185669, 0.10426054894924164)",Grasp
1886,"(0.609348475933075, 0.5492244362831116, -9.426221367903054e-05)","(0.5444502830505371, 0.6058086156845093, 0.029923386871814728)","(0.5250335335731506, 0.6900486946105957, 0.05206857994198799)","(0.5283336639404297, 0.7641473412513733, 0.08011382073163986)","(0.535312831401825, 0.8031970262527466, 0.1079251617193222)","(0.5474929809570312, 0.7888548970222473, -0.023902462795376778)","(0.5282447934150696, 0.8732303380966187, 0.03815791755914688)","(0.5244466066360474, 0.8306959271430969, 0.09001404792070389)","(0.5324323773384094, 0.788871169090271, 0.11907602846622467)","(0.5845388770103455, 0.8003602623939514, -0.015950487926602364)","(0.56450355052948, 0.8625653386116028, 0.05615536868572235)","(0.5581777095794678, 0.823208212852478, 0.10196132957935333)","(0.5625765919685364, 0.7907257080078125, 0.11401200294494629)","(0.6150656342506409, 0.7912757396697998, 0.002504776231944561)","(0.5948576331138611, 0.845258891582489, 0.06730369478464127)","(0.5851743817329407, 0.8126991391181946, 0.09757553786039352)","(0.5884268283843994, 0.7806594371795654, 0.10051548480987549)","(0.6399438381195068, 0.7726796865463257, 0.02341533824801445)","(0.6200804114341736, 0.8235553503036499, 0.07491239905357361)","(0.6108992099761963, 0.8005311489105225, 0.09914365410804749)","(0.6131134033203125, 0.7722808122634888, 0.10710158199071884)",Grasp
1887,"(0.6116007566452026, 0.5569499135017395, -0.00010015125735662878)","(0.5473381876945496, 0.6079354882240295, 0.024086112156510353)","(0.5286592245101929, 0.6939035058021545, 0.046049878001213074)","(0.5318097472190857, 0.768480122089386, 0.07478637993335724)","(0.5377562642097473, 0.8102439641952515, 0.10240934789180756)","(0.5534241199493408, 0.7891297936439514, -0.02698749117553234)","(0.5351826548576355, 0.8889402747154236, 0.029492534697055817)","(0.5255371928215027, 0.8663629293441772, 0.08356538414955139)","(0.5269777178764343, 0.8313931822776794, 0.11789797991514206)","(0.5896481275558472, 0.8012628555297852, -0.01613949052989483)","(0.5662820935249329, 0.861417829990387, 0.056088678538799286)","(0.5567002892494202, 0.8256296515464783, 0.10467509925365448)","(0.5579096078872681, 0.7948455214500427, 0.1208144873380661)","(0.6188710331916809, 0.7937003970146179, 0.0035534524358808994)","(0.593915581703186, 0.841914176940918, 0.06919284909963608)","(0.5826484560966492, 0.8089697957038879, 0.09928031265735626)","(0.5842337608337402, 0.7767541408538818, 0.10448911041021347)","(0.6411124467849731, 0.7771892547607422, 0.025403739884495735)","(0.6184669137001038, 0.825618326663971, 0.07568597793579102)","(0.6075739860534668, 0.8034942746162415, 0.09844810515642166)","(0.6076387763023376, 0.7753117680549622, 0.10772759467363358)",Grasp
1888,"(0.6121029257774353, 0.5537914037704468, -8.695298311067745e-05)","(0.550727367401123, 0.604055643081665, 0.03160711005330086)","(0.5313667058944702, 0.6873000860214233, 0.05869651213288307)","(0.532280445098877, 0.7589960098266602, 0.0901292935013771)","(0.5361568331718445, 0.8017861843109131, 0.1191299706697464)","(0.551459789276123, 0.788242757320404, -0.006596375722438097)","(0.5382041931152344, 0.8924748301506042, 0.041786786168813705)","(0.5265299081802368, 0.8949501514434814, 0.09078988432884216)","(0.5212332010269165, 0.8772220611572266, 0.12539923191070557)","(0.5866097211837769, 0.803791880607605, 0.0008374479366466403)","(0.5642208456993103, 0.8647975325584412, 0.07138445973396301)","(0.5527687668800354, 0.8339566588401794, 0.1213034838438034)","(0.5496189594268799, 0.806300938129425, 0.1410786658525467)","(0.6155264377593994, 0.797616720199585, 0.016477972269058228)","(0.5921693444252014, 0.8432780504226685, 0.07936824858188629)","(0.5808584094047546, 0.811653733253479, 0.1132170557975769)","(0.5801435112953186, 0.779729425907135, 0.12402043491601944)","(0.6389067769050598, 0.781050443649292, 0.03410375863313675)","(0.6206079721450806, 0.8271276950836182, 0.08275405317544937)","(0.6088932156562805, 0.8075549006462097, 0.10763543099164963)","(0.606176495552063, 0.778533399105072, 0.11967477202415466)",Grasp
1889,"(0.6140795350074768, 0.543574869632721, -7.816423749318346e-05)","(0.5517776012420654, 0.5970479249954224, 0.029676927253603935)","(0.5314434766769409, 0.6836650371551514, 0.056603848934173584)","(0.5325469970703125, 0.7581884264945984, 0.08864568918943405)","(0.5362241864204407, 0.8040050268173218, 0.12203865498304367)","(0.5527023673057556, 0.7872738838195801, -0.002768642967566848)","(0.5355668663978577, 0.8801873326301575, 0.04847301170229912)","(0.5245311856269836, 0.8739632368087769, 0.09844989329576492)","(0.5216617584228516, 0.8553072214126587, 0.13223791122436523)","(0.5888328552246094, 0.7997814416885376, 0.006142186466604471)","(0.5675990581512451, 0.8826236128807068, 0.06943362206220627)","(0.5536919832229614, 0.863309383392334, 0.12627334892749786)","(0.5494077205657959, 0.8381472229957581, 0.15630659461021423)","(0.6180233955383301, 0.7905375957489014, 0.02287854067981243)","(0.5975797176361084, 0.8639270663261414, 0.07754942029714584)","(0.5818148851394653, 0.8446300625801086, 0.12245583534240723)","(0.5781484842300415, 0.8153550028800964, 0.14430159330368042)","(0.6409047245979309, 0.7696355581283569, 0.04209722578525543)","(0.6260719895362854, 0.830470621585846, 0.08556260168552399)","(0.6114290952682495, 0.8207069039344788, 0.11611562967300415)","(0.6060288548469543, 0.7965857982635498, 0.13574662804603577)",Grasp
1890,"(0.6154476404190063, 0.5463725328445435, -7.710251520620659e-05)","(0.5525844693183899, 0.5914625525474548, 0.03031722642481327)","(0.5314986109733582, 0.6751340627670288, 0.05694267153739929)","(0.5329903960227966, 0.7488123178482056, 0.08971990644931793)","(0.5384650826454163, 0.7941045761108398, 0.12595286965370178)","(0.5510340332984924, 0.7837130427360535, -0.004732928238809109)","(0.5324364900588989, 0.8754045963287354, 0.04382394626736641)","(0.5204272270202637, 0.8715920448303223, 0.09181903302669525)","(0.5164905190467834, 0.8555107712745667, 0.12477639317512512)","(0.5876811742782593, 0.7987414598464966, 0.005105196498334408)","(0.5677527189254761, 0.8892681002616882, 0.06225360929965973)","(0.5534966588020325, 0.8706843256950378, 0.11846769601106644)","(0.5487215518951416, 0.8433703184127808, 0.15081888437271118)","(0.6175613403320312, 0.7896750569343567, 0.023314373567700386)","(0.5979079008102417, 0.8703254461288452, 0.07222816348075867)","(0.5814200639724731, 0.8516002297401428, 0.11865454912185669)","(0.5768330693244934, 0.822144627571106, 0.14350268244743347)","(0.6402741074562073, 0.7670047283172607, 0.04411725699901581)","(0.6247689723968506, 0.8302298784255981, 0.08494638651609421)","(0.6097039580345154, 0.8211297392845154, 0.11596005409955978)","(0.6042268872261047, 0.7978499531745911, 0.1373612880706787)",Grasp
1891,"(0.6159482002258301, 0.5479986071586609, -7.753787213005126e-05)","(0.5541172027587891, 0.5928047299385071, 0.022826099768280983)","(0.5329057574272156, 0.6770865321159363, 0.04621826112270355)","(0.5341953039169312, 0.7511783838272095, 0.07808569818735123)","(0.5403540134429932, 0.796614944934845, 0.11407293379306793)","(0.5532935261726379, 0.7820030450820923, -0.011458233930170536)","(0.5324464440345764, 0.8697834610939026, 0.0395115502178669)","(0.5205586552619934, 0.8603929281234741, 0.08965245634317398)","(0.5176698565483093, 0.8397971391677856, 0.12245054543018341)","(0.5897348523139954, 0.7958436608314514, 0.002272631274536252)","(0.5694717764854431, 0.8876676559448242, 0.05786562338471413)","(0.554258406162262, 0.8720256686210632, 0.11423767358064651)","(0.5483371615409851, 0.8444411754608154, 0.14812380075454712)","(0.6189571022987366, 0.7856362462043762, 0.02432234026491642)","(0.599456250667572, 0.8683577179908752, 0.07013051956892014)","(0.5822182297706604, 0.8529952764511108, 0.11527618765830994)","(0.5757779479026794, 0.824926495552063, 0.1406897008419037)","(0.6407169699668884, 0.7617031931877136, 0.0488845594227314)","(0.6249349117279053, 0.8269414305686951, 0.08525551855564117)","(0.6089123487472534, 0.8206430077552795, 0.11446009576320648)","(0.6015180945396423, 0.7994003295898438, 0.13550497591495514)",Grasp
1892,"(0.618668794631958, 0.5466799139976501, -7.73873834987171e-05)","(0.554986834526062, 0.5878284573554993, 0.015167159959673882)","(0.5298325419425964, 0.6710509061813354, 0.03214821591973305)","(0.5266574621200562, 0.7492601871490479, 0.058703843504190445)","(0.5338091254234314, 0.793880045413971, 0.09040109068155289)","(0.5560824871063232, 0.7738496661186218, -0.019153917208313942)","(0.5337082147598267, 0.8615458011627197, 0.032443754374980927)","(0.5222775936126709, 0.8384524583816528, 0.0807269960641861)","(0.5226187705993652, 0.8074058294296265, 0.110793836414814)","(0.5929762721061707, 0.7858862280845642, -0.0027152427937835455)","(0.5736181139945984, 0.8861865997314453, 0.05063522234559059)","(0.558259129524231, 0.8655617237091064, 0.10453027486801147)","(0.5546046495437622, 0.8323584198951721, 0.13785268366336823)","(0.6219320893287659, 0.7740437984466553, 0.021596847102046013)","(0.6027194857597351, 0.8616184592247009, 0.06752017885446548)","(0.5858943462371826, 0.8415537476539612, 0.10844161361455917)","(0.5816923379898071, 0.8093356490135193, 0.1303156614303589)","(0.6434972882270813, 0.7499215602874756, 0.04880519211292267)","(0.6284879446029663, 0.8179047107696533, 0.08571757376194)","(0.6136715412139893, 0.8087579011917114, 0.1134360209107399)","(0.6091181635856628, 0.784275233745575, 0.13235488533973694)",Grasp
1893,"(0.6237128973007202, 0.5395174622535706, -8.291748963529244e-05)","(0.5595675110816956, 0.5786442756652832, 0.009595045819878578)","(0.5304741859436035, 0.6574485301971436, 0.02083996683359146)","(0.5228589177131653, 0.7330616116523743, 0.04414478689432144)","(0.5281193852424622, 0.7772039771080017, 0.07200998067855835)","(0.56333327293396, 0.7632044553756714, -0.03543633967638016)","(0.5377917885780334, 0.8556451797485352, 0.012538591399788857)","(0.5239856839179993, 0.8375935554504395, 0.06291832774877548)","(0.5230591893196106, 0.8050945401191711, 0.09606962651014328)","(0.601662278175354, 0.7753716111183167, -0.01570550724864006)","(0.5829504728317261, 0.8795561790466309, 0.03037392348051071)","(0.565970242023468, 0.8617382645606995, 0.08559917658567429)","(0.5600748658180237, 0.8284850120544434, 0.12135917693376541)","(0.6304684281349182, 0.7625598311424255, 0.012392237782478333)","(0.6116523742675781, 0.8478741645812988, 0.057181112468242645)","(0.5935293436050415, 0.8289210200309753, 0.10033988952636719)","(0.5870617628097534, 0.7955464124679565, 0.12428198009729385)","(0.6502171754837036, 0.737672746181488, 0.04277762770652771)","(0.6320289373397827, 0.8026304244995117, 0.08099547028541565)","(0.6156526207923889, 0.7939411997795105, 0.10880491882562637)","(0.6098878383636475, 0.7695841789245605, 0.12749069929122925)",Grasp
1894,"(0.629295825958252, 0.5216817259788513, -8.716151933185756e-05)","(0.5663360357284546, 0.558765172958374, 0.002048805356025696)","(0.5359413623809814, 0.6392004489898682, 0.006820421200245619)","(0.5265046954154968, 0.7173463702201843, 0.025110237300395966)","(0.5283309817314148, 0.7667538523674011, 0.047658029943704605)","(0.5739567279815674, 0.7391608953475952, -0.048597000539302826)","(0.5496147871017456, 0.8419315814971924, -0.008004279807209969)","(0.5318788886070251, 0.8359526991844177, 0.04132486507296562)","(0.5276760458946228, 0.8064576983451843, 0.07608766853809357)","(0.613082766532898, 0.7532503008842468, -0.025884876027703285)","(0.5966349840164185, 0.8687405586242676, 0.012755709700286388)","(0.5758398771286011, 0.8574185371398926, 0.0685872808098793)","(0.5676755309104919, 0.8239910006523132, 0.1076735109090805)","(0.6411560773849487, 0.740470290184021, 0.004401556681841612)","(0.6232189536094666, 0.8352319598197937, 0.044275131076574326)","(0.6010351181030273, 0.8238245844841003, 0.08891016244888306)","(0.5916911363601685, 0.7923610806465149, 0.11630447208881378)","(0.6591145992279053, 0.7154102921485901, 0.03598782420158386)","(0.6387414932250977, 0.7864741683006287, 0.07131912559270859)","(0.6179623603820801, 0.782936155796051, 0.0993170365691185)","(0.6095597147941589, 0.7608755826950073, 0.11986774951219559)",Grasp
1895,"(0.6420530080795288, 0.4984903335571289, -9.075495472643524e-05)","(0.5763119459152222, 0.5345715284347534, -0.004252577666193247)","(0.5453903079032898, 0.6181207895278931, -0.00015741765673737973)","(0.5358061194419861, 0.6995366215705872, 0.02004103735089302)","(0.5369428992271423, 0.7522742748260498, 0.04483448714017868)","(0.5892090201377869, 0.7158600687980652, -0.05878937989473343)","(0.5628425478935242, 0.8202886581420898, -0.013739872723817825)","(0.5438464283943176, 0.8089482188224792, 0.03562427684664726)","(0.5400123596191406, 0.7765073776245117, 0.06601937860250473)","(0.6268964409828186, 0.7335239052772522, -0.03410280868411064)","(0.6095325350761414, 0.8532847166061401, 0.00584178464487195)","(0.5869666934013367, 0.8407742381095886, 0.056226007640361786)","(0.5794815421104431, 0.8059446811676025, 0.0882905125617981)","(0.6530686020851135, 0.7245495319366455, -0.0009826852474361658)","(0.6341428160667419, 0.8251318335533142, 0.03713114187121391)","(0.6108470559120178, 0.812391996383667, 0.07721524685621262)","(0.6025789380073547, 0.7788788676261902, 0.09903015196323395)","(0.6691854000091553, 0.7025416493415833, 0.033369194716215134)","(0.646282970905304, 0.7790417075157166, 0.06487887352705002)","(0.6252861618995667, 0.7740631103515625, 0.08937056362628937)","(0.6183093786239624, 0.7485079765319824, 0.10701248794794083)",Move
1896,"(0.6544926166534424, 0.471903920173645, -9.363288700114936e-05)","(0.5898767113685608, 0.5106831789016724, -0.006236259825527668)","(0.5598864555358887, 0.5985444188117981, -0.0014432129682973027)","(0.551311731338501, 0.6787972450256348, 0.019052188843488693)","(0.5508844256401062, 0.7323352694511414, 0.04433959722518921)","(0.6063690781593323, 0.6937767267227173, -0.05715741589665413)","(0.5828527808189392, 0.7965324521064758, -0.018290922045707703)","(0.55987548828125, 0.7910104990005493, 0.02681177854537964)","(0.5517675876617432, 0.7607653141021729, 0.054011352360248566)","(0.6446723341941833, 0.708647608757019, -0.03306867927312851)","(0.6293953657150269, 0.8298816084861755, 0.001459625898860395)","(0.6028094291687012, 0.8251933455467224, 0.048726167529821396)","(0.5915650129318237, 0.7927447557449341, 0.0805405005812645)","(0.6707684397697449, 0.6972959041595459, -0.0011279365280643106)","(0.6525783538818359, 0.7990760207176208, 0.03356088697910309)","(0.6252530813217163, 0.7893815636634827, 0.07061035186052322)","(0.6144485473632812, 0.7561325430870056, 0.09023702889680862)","(0.6862033009529114, 0.6746408939361572, 0.03216443210840225)","(0.6630622148513794, 0.754470944404602, 0.06203769892454147)","(0.639680027961731, 0.7516950368881226, 0.08617701381444931)","(0.6308210492134094, 0.7248214483261108, 0.10353782027959824)",Move
1897,"(0.6740429401397705, 0.44551020860671997, -9.20947059057653e-05)","(0.6100229620933533, 0.48679929971694946, -0.0066969492472708225)","(0.5803065299987793, 0.5741297602653503, 0.0047005037777125835)","(0.5709593892097473, 0.6504639983177185, 0.032229259610176086)","(0.5757505297660828, 0.6979285478591919, 0.066338449716568)","(0.626449465751648, 0.6659011244773865, -0.0419430173933506)","(0.6049309968948364, 0.766737699508667, -0.005882220808416605)","(0.580399751663208, 0.7665606141090393, 0.03494897112250328)","(0.5706160664558411, 0.7407669425010681, 0.05914765223860741)","(0.6625207662582397, 0.6801538467407227, -0.01476738229393959)","(0.6508430242538452, 0.7996696829795837, 0.01847214810550213)","(0.6241655945777893, 0.8016318678855896, 0.061431288719177246)","(0.612758219242096, 0.7745568752288818, 0.08952688425779343)","(0.686809241771698, 0.6700312495231628, 0.01781506836414337)","(0.6729157567024231, 0.768925666809082, 0.05038478597998619)","(0.6446598768234253, 0.7643412351608276, 0.08197597414255142)","(0.6328288316726685, 0.7346982955932617, 0.09911324828863144)","(0.7016204595565796, 0.6466205716133118, 0.05173910781741142)","(0.6829999685287476, 0.72367924451828, 0.0795557051897049)","(0.6583005785942078, 0.7240597009658813, 0.0984337106347084)","(0.6468164920806885, 0.7020801305770874, 0.11067446321249008)",Move
1898,"(0.6969229578971863, 0.41704291105270386, -9.722144750412554e-05)","(0.6324692368507385, 0.4536815881729126, -0.012624340131878853)","(0.6027387380599976, 0.5398163795471191, -0.002985389670357108)","(0.5929378867149353, 0.617958664894104, 0.023420456796884537)","(0.5965672135353088, 0.6689286828041077, 0.057849351316690445)","(0.6501823663711548, 0.6414542198181152, -0.04199380427598953)","(0.6292026042938232, 0.7418385744094849, -0.00926015991717577)","(0.6033058762550354, 0.7430411577224731, 0.029520094394683838)","(0.5917708873748779, 0.7170447707176208, 0.053238049149513245)","(0.6842092871665955, 0.6530528664588928, -0.011747993528842926)","(0.672694981098175, 0.7684755325317383, 0.02186923287808895)","(0.6453244686126709, 0.7717864513397217, 0.06311334669589996)","(0.6332600712776184, 0.7469353079795837, 0.08866455405950546)","(0.7066355347633362, 0.6417279839515686, 0.023428313434123993)","(0.6905615329742432, 0.7330643534660339, 0.05583411827683449)","(0.6621813178062439, 0.7276107668876648, 0.08387578278779984)","(0.6509156823158264, 0.6976410746574402, 0.09763255715370178)","(0.7201850414276123, 0.6170985698699951, 0.0588965006172657)","(0.7003569602966309, 0.6916284561157227, 0.08681021630764008)","(0.6758012175559998, 0.6885377764701843, 0.10435619950294495)","(0.6652553081512451, 0.6627205014228821, 0.1150260865688324)",Move
1899,"(0.7187315225601196, 0.38579559326171875, -7.946026016725227e-05)","(0.6534385085105896, 0.4275691509246826, -0.01569879613816738)","(0.6237843036651611, 0.5171681046485901, -0.007795137353241444)","(0.6157512068748474, 0.5949372053146362, 0.016319891437888145)","(0.6197455525398254, 0.6468069553375244, 0.04831099137663841)","(0.6759763360023499, 0.6154211759567261, -0.03716272860765457)","(0.6578182578086853, 0.7150813341140747, -0.008400525897741318)","(0.6285247206687927, 0.7222968935966492, 0.026967408135533333)","(0.612872302532196, 0.7018315196037292, 0.050153058022260666)","(0.7100600004196167, 0.6239750981330872, -0.005240513943135738)","(0.7011915445327759, 0.736393392086029, 0.026882246136665344)","(0.6719628572463989, 0.745620608329773, 0.06444433331489563)","(0.6577451825141907, 0.7268521785736084, 0.08879885822534561)","(0.7316135764122009, 0.6088744401931763, 0.03075174242258072)","(0.7163105607032776, 0.6980571150779724, 0.06400197744369507)","(0.6863816976547241, 0.693692684173584, 0.09190379828214645)","(0.6737286448478699, 0.6659539341926575, 0.10546798259019852)","(0.7442179322242737, 0.5816286206245422, 0.0663955956697464)","(0.7245315313339233, 0.6543319225311279, 0.09579286724328995)","(0.6991706490516663, 0.6551037430763245, 0.11365821957588196)","(0.6876693367958069, 0.6328801512718201, 0.12481305003166199)",Move
1900,"(0.7395874857902527, 0.3597879707813263, -9.289626905228943e-05)","(0.6770188212394714, 0.3991791605949402, -0.0185487549751997)","(0.6468857526779175, 0.4893129765987396, -0.011096599511802197)","(0.6397819519042969, 0.5693146586418152, 0.0137702077627182)","(0.6470947861671448, 0.6203908920288086, 0.0482964888215065)","(0.6974380016326904, 0.5860720276832581, -0.045621566474437714)","(0.6785268783569336, 0.6895052194595337, -0.01737203449010849)","(0.6500415205955505, 0.6936360597610474, 0.01781872659921646)","(0.6351653337478638, 0.669363796710968, 0.04079872742295265)","(0.7305170893669128, 0.5969506502151489, -0.013115398585796356)","(0.720349907875061, 0.7092080116271973, 0.01942172832787037)","(0.6920264959335327, 0.7164677381515503, 0.05631878226995468)","(0.6778130531311035, 0.6954984664916992, 0.07917064428329468)","(0.7514128684997559, 0.5841583609580994, 0.02371065877377987)","(0.7365134358406067, 0.6714158058166504, 0.05434882268309593)","(0.7096580266952515, 0.6667246222496033, 0.08099210262298584)","(0.6986019015312195, 0.6386255025863647, 0.09358282387256622)","(0.7640599012374878, 0.559757649898529, 0.06011302396655083)","(0.7458529472351074, 0.6312223076820374, 0.08574587106704712)","(0.7223082184791565, 0.6310234069824219, 0.10229585319757462)","(0.7109072804450989, 0.6079265475273132, 0.11242225766181946)",Move
1901,"(0.7555398941040039, 0.3368494510650635, -9.711622988106683e-05)","(0.6946316361427307, 0.38177818059921265, -0.015600173734128475)","(0.6674506664276123, 0.4736977815628052, -0.009873872622847557)","(0.6632722616195679, 0.5551779866218567, 0.012107531540095806)","(0.670863687992096, 0.6090322732925415, 0.04278091713786125)","(0.7114834785461426, 0.5634176135063171, -0.045245211571455)","(0.6935933232307434, 0.6720654368400574, -0.015493149869143963)","(0.6686341166496277, 0.6739431619644165, 0.02309608645737171)","(0.6565619111061096, 0.6474907994270325, 0.05006339028477669)","(0.7469959855079651, 0.5721906423568726, -0.014398899860680103)","(0.7379574179649353, 0.6891560554504395, 0.01676904410123825)","(0.7153668403625488, 0.7009005546569824, 0.056975141167640686)","(0.7047914266586304, 0.6835727691650391, 0.08308742195367813)","(0.7704326510429382, 0.5582866668701172, 0.020621050149202347)","(0.7564220428466797, 0.651853084564209, 0.0513160265982151)","(0.731815755367279, 0.6493273973464966, 0.08212033659219742)","(0.7212314605712891, 0.6242002844810486, 0.09829830378293991)","(0.7850520610809326, 0.5351335406303406, 0.055545687675476074)","(0.7670989632606506, 0.6077448725700378, 0.08156351000070572)","(0.7450733184814453, 0.6090255379676819, 0.10050354152917862)","(0.7349667549133301, 0.5884299874305725, 0.11373181641101837)",Move
1902,"(0.7714964151382446, 0.3190092146396637, -9.754403436090797e-05)","(0.7101889252662659, 0.3687392473220825, 0.002248750301077962)","(0.6840797066688538, 0.4636607766151428, 0.00957926083356142)","(0.6824995875358582, 0.5457741618156433, 0.028583817183971405)","(0.6893894672393799, 0.5960021018981934, 0.05202564224600792)","(0.7171880006790161, 0.5449811816215515, -0.04287077113986015)","(0.7038655877113342, 0.6576007604598999, -0.018870659172534943)","(0.6853350400924683, 0.6796898245811462, 0.020427873358130455)","(0.6744718551635742, 0.6752017140388489, 0.05169133096933365)","(0.7579290866851807, 0.5541155934333801, -0.019512353464961052)","(0.7538513541221619, 0.6735649108886719, 0.013645357452332973)","(0.7341628670692444, 0.6800628304481506, 0.07073182612657547)","(0.7228578329086304, 0.6618839502334595, 0.11194929480552673)","(0.7867298126220703, 0.5393809080123901, 0.00914729293435812)","(0.7712075710296631, 0.6279876232147217, 0.04807867854833603)","(0.7465446591377258, 0.6198333501815796, 0.09164772927761078)","(0.7356924414634705, 0.5939014554023743, 0.11685595661401749)","(0.804982602596283, 0.5156689286231995, 0.03780150040984154)","(0.7832834124565125, 0.5785616040229797, 0.07561613619327545)","(0.7636849880218506, 0.5727606415748596, 0.10409802198410034)","(0.7566341757774353, 0.5507510304450989, 0.12454898655414581)",Move
1903,"(0.780088484287262, 0.30960118770599365, -9.372400381835178e-05)","(0.7194340229034424, 0.35814428329467773, -0.00018918392015621066)","(0.6954008340835571, 0.45485982298851013, 0.006066805683076382)","(0.6980459094047546, 0.5417162179946899, 0.025334114208817482)","(0.7064225077629089, 0.5942782759666443, 0.046876050531864166)","(0.7271752953529358, 0.5285327434539795, -0.05125397443771362)","(0.7182071208953857, 0.6477984189987183, -0.026870442554354668)","(0.7009651064872742, 0.6722555160522461, 0.014913996681571007)","(0.6901557445526123, 0.6693222522735596, 0.04860621690750122)","(0.7663461565971375, 0.5395088791847229, -0.02825356088578701)","(0.7588903903961182, 0.6626350283622742, 0.0066368053667247295)","(0.7378256916999817, 0.6647499799728394, 0.06391531229019165)","(0.7260549068450928, 0.6434745788574219, 0.10425380617380142)","(0.7943933010101318, 0.5276387929916382, 0.0005293524009175599)","(0.777528703212738, 0.6225720643997192, 0.037645526230335236)","(0.7537981867790222, 0.6152520775794983, 0.07978197932243347)","(0.7425218224525452, 0.588992714881897, 0.10369395464658737)","(0.8119902014732361, 0.5064892172813416, 0.0297000203281641)","(0.7903518080711365, 0.5750013589859009, 0.06471963971853256)","(0.7709776759147644, 0.5727275013923645, 0.0915897935628891)","(0.7623088955879211, 0.5525583028793335, 0.11008338630199432)",Move
1904,"(0.7875438332557678, 0.29521626234054565, -9.254809992853552e-05)","(0.7285209894180298, 0.34441980719566345, 0.006929049268364906)","(0.7056567072868347, 0.44140225648880005, 0.016998037695884705)","(0.7060761451721191, 0.5255093574523926, 0.03785552456974983)","(0.7114208340644836, 0.5784724354743958, 0.06042889878153801)","(0.7342619299888611, 0.5186516642570496, -0.042151015251874924)","(0.7202303409576416, 0.6332852840423584, -0.01694956049323082)","(0.7026172876358032, 0.6567877531051636, 0.024891654029488564)","(0.69249427318573, 0.6586242318153381, 0.059048525989055634)","(0.7719787955284119, 0.5299696922302246, -0.022120937705039978)","(0.7591817378997803, 0.6463930606842041, 0.015499241650104523)","(0.7388339042663574, 0.6457532048225403, 0.0735844150185585)","(0.7282218933105469, 0.6262804865837097, 0.11363187432289124)","(0.8005082011222839, 0.5182938575744629, 0.004047159571200609)","(0.7824390530586243, 0.6093038320541382, 0.04253394901752472)","(0.7601126432418823, 0.6029397249221802, 0.08683770149946213)","(0.7497154474258423, 0.5793216228485107, 0.112676702439785)","(0.8198620676994324, 0.4962620735168457, 0.030993273481726646)","(0.8013111352920532, 0.5644290447235107, 0.06769796460866928)","(0.7831933498382568, 0.5602473020553589, 0.09555094689130783)","(0.7742078900337219, 0.5394277572631836, 0.11497717350721359)",Move
1905,"(0.7943278551101685, 0.2907724380493164, -5.660021270159632e-05)","(0.7359491586685181, 0.3348357081413269, 0.022992495447397232)","(0.712496817111969, 0.42181625962257385, 0.03916739299893379)","(0.7120427489280701, 0.4999368190765381, 0.06204776093363762)","(0.7183662056922913, 0.5504181981086731, 0.08708527684211731)","(0.7331620454788208, 0.5074442625045776, -0.030451463535428047)","(0.7191669344902039, 0.6226736307144165, -0.004986043553799391)","(0.7035905122756958, 0.6463940143585205, 0.03631500527262688)","(0.6945863366127014, 0.6468304395675659, 0.07081648707389832)","(0.7692749500274658, 0.5238362550735474, -0.01807439886033535)","(0.7535465955734253, 0.6401602029800415, 0.018309902399778366)","(0.7339710593223572, 0.6341913938522339, 0.07546813786029816)","(0.7244843244552612, 0.6114250421524048, 0.11466533690690994)","(0.7982873916625977, 0.517763614654541, 0.0025867465883493423)","(0.7786104679107666, 0.6116435527801514, 0.03922680392861366)","(0.7578427195549011, 0.6039082407951355, 0.08803443610668182)","(0.7494246959686279, 0.5802986025810242, 0.11845115572214127)","(0.819646954536438, 0.4996352791786194, 0.02605249546468258)","(0.8042401671409607, 0.5716633200645447, 0.062381405383348465)","(0.7878566980361938, 0.567722499370575, 0.09644477069377899)","(0.7797364592552185, 0.5466004014015198, 0.12074247747659683)",Move
1906,"(0.7939332127571106, 0.28439509868621826, -6.161419878480956e-05)","(0.7379704117774963, 0.32842379808425903, 0.024596525356173515)","(0.7163119316101074, 0.4142743945121765, 0.04289989545941353)","(0.7148140668869019, 0.48977217078208923, 0.06825204193592072)","(0.718453586101532, 0.5405035614967346, 0.09739609807729721)","(0.7340822219848633, 0.501829206943512, -0.030033908784389496)","(0.7195592522621155, 0.6173967123031616, -0.003380746114999056)","(0.7058075666427612, 0.6409659385681152, 0.04168795794248581)","(0.6976981163024902, 0.6415899991989136, 0.07911968976259232)","(0.7701126933097839, 0.5173788666725159, -0.018017135560512543)","(0.7533236145973206, 0.6328756809234619, 0.018742550164461136)","(0.7354844808578491, 0.6303761005401611, 0.0778171494603157)","(0.7267417907714844, 0.6095190048217773, 0.11848403513431549)","(0.7999213337898254, 0.5105147361755371, 0.00237727421335876)","(0.780661940574646, 0.6065036058425903, 0.0386483259499073)","(0.761085569858551, 0.6023610830307007, 0.08920368552207947)","(0.7523077130317688, 0.5803848505020142, 0.121122807264328)","(0.8225154876708984, 0.49183809757232666, 0.025825724005699158)","(0.8072981238365173, 0.5662977695465088, 0.06095314770936966)","(0.791059672832489, 0.5661728382110596, 0.09475549310445786)","(0.782031238079071, 0.5475758910179138, 0.1201544776558876)",Move
1907,"(0.7931816577911377, 0.28180018067359924, -6.205913086887449e-05)","(0.7377538084983826, 0.3280647099018097, 0.026837481185793877)","(0.7170323133468628, 0.41459691524505615, 0.04540948197245598)","(0.7159347534179688, 0.4908510744571686, 0.06991499662399292)","(0.7192643880844116, 0.5415378212928772, 0.0976308211684227)","(0.7336567640304565, 0.4976564347743988, -0.026002783328294754)","(0.718289852142334, 0.6111400723457336, 0.00048003860865719616)","(0.7055885791778564, 0.6350045800209045, 0.043828532099723816)","(0.6979767680168152, 0.6355465650558472, 0.07964430004358292)","(0.7690245509147644, 0.5145111083984375, -0.016458801925182343)","(0.7510133385658264, 0.6302428245544434, 0.018889296799898148)","(0.7339996695518494, 0.6331696510314941, 0.07548918575048447)","(0.7253040075302124, 0.6161314845085144, 0.11581601202487946)","(0.7985854744911194, 0.5092003345489502, 0.0019857322331517935)","(0.7783422470092773, 0.605273425579071, 0.03781750798225403)","(0.7593181729316711, 0.6016615033149719, 0.08679072558879852)","(0.7506445050239563, 0.5796074271202087, 0.11843302100896835)","(0.8212627172470093, 0.49248388409614563, 0.023516090586781502)","(0.8064264059066772, 0.5672385692596436, 0.05819239467382431)","(0.7907072305679321, 0.5666607022285461, 0.09255794435739517)","(0.7821182608604431, 0.5468709468841553, 0.11842376738786697)",Move
1908,"(0.7935383319854736, 0.2802806496620178, -6.128783570602536e-05)","(0.7386049032211304, 0.3274899125099182, 0.024963030591607094)","(0.717065155506134, 0.413902223110199, 0.043599728494882584)","(0.714258074760437, 0.49222078919410706, 0.0681883692741394)","(0.7162889242172241, 0.5447651743888855, 0.0966574102640152)","(0.7331198453903198, 0.5007013082504272, -0.02077367901802063)","(0.7164262533187866, 0.6125132441520691, 0.009480099193751812)","(0.7024956941604614, 0.6273641586303711, 0.05393068864941597)","(0.694901168346405, 0.6218487024307251, 0.09004803001880646)","(0.7683182954788208, 0.516046404838562, -0.011287764646112919)","(0.7487736940383911, 0.6268950700759888, 0.027274010702967644)","(0.7309434413909912, 0.6184966564178467, 0.08225806057453156)","(0.722343921661377, 0.5951033234596252, 0.11999280005693436)","(0.7976906299591064, 0.5094300508499146, 0.00691062631085515)","(0.7771281003952026, 0.6023443341255188, 0.043859388679265976)","(0.7580158114433289, 0.5934466123580933, 0.09162414073944092)","(0.7502269148826599, 0.56879061460495, 0.12191142141819)","(0.8208940625190735, 0.4916877746582031, 0.027997441589832306)","(0.8065163493156433, 0.566368818283081, 0.06142290681600571)","(0.7902699112892151, 0.5644447207450867, 0.0954299122095108)","(0.7820689082145691, 0.5425829887390137, 0.12091217190027237)",Move
1909,"(0.7929227948188782, 0.2810775637626648, -6.824376032454893e-05)","(0.7376843094825745, 0.32493045926094055, 0.028866786509752274)","(0.7161431312561035, 0.4074811637401581, 0.04879509657621384)","(0.7141850590705872, 0.48414987325668335, 0.0738183781504631)","(0.717232346534729, 0.5357098579406738, 0.10255800187587738)","(0.7283843159675598, 0.4960160255432129, -0.02332782931625843)","(0.7115308046340942, 0.6124289631843567, 0.009035988710820675)","(0.6999741792678833, 0.6237409710884094, 0.05691761150956154)","(0.6949993371963501, 0.6134475469589233, 0.09553895890712738)","(0.763623058795929, 0.5127005577087402, -0.015367813408374786)","(0.7444233298301697, 0.6262918710708618, 0.024564146995544434)","(0.7297232747077942, 0.6141980886459351, 0.08217646926641464)","(0.7235237956047058, 0.587763249874115, 0.12185602635145187)","(0.7937965989112854, 0.5082910656929016, 0.0018459160346537828)","(0.7733747959136963, 0.6043297052383423, 0.040149327367544174)","(0.7566184401512146, 0.5925257802009583, 0.09133300185203552)","(0.7510716319084167, 0.5659973621368408, 0.1237652376294136)","(0.8181485533714294, 0.4930350184440613, 0.022325050085783005)","(0.8032383322715759, 0.5689875483512878, 0.056956321001052856)","(0.7877618074417114, 0.564918041229248, 0.092932790517807)","(0.7810606956481934, 0.5422225594520569, 0.11986099928617477)",Move
1910,"(0.7913841605186462, 0.2811332046985626, -6.257426866795868e-05)","(0.7372491955757141, 0.3219115734100342, 0.028904305770993233)","(0.7156016826629639, 0.40385308861732483, 0.04936022311449051)","(0.7131931781768799, 0.4799548089504242, 0.07530249655246735)","(0.7167549729347229, 0.529762327671051, 0.10574988275766373)","(0.7272139191627502, 0.4932919144630432, -0.020643852651119232)","(0.7082760334014893, 0.6068482995033264, 0.007426669355481863)","(0.6948786973953247, 0.6239652633666992, 0.051141347736120224)","(0.6884295344352722, 0.619778037071228, 0.08729224652051926)","(0.7615388035774231, 0.510951578617096, -0.012592649087309837)","(0.7409541010856628, 0.6240702271461487, 0.024287335574626923)","(0.7260542511940002, 0.6146695017814636, 0.0811302661895752)","(0.7199533581733704, 0.5902344584465027, 0.12059695273637772)","(0.7912333011627197, 0.507014811038971, 0.004220745991915464)","(0.7696924805641174, 0.6018151640892029, 0.040300920605659485)","(0.7536845207214355, 0.5906456112861633, 0.09081394225358963)","(0.7487332820892334, 0.5652152895927429, 0.12361912429332733)","(0.8154745101928711, 0.4919852316379547, 0.024276988580822945)","(0.800990879535675, 0.5675297975540161, 0.0574539415538311)","(0.7861224412918091, 0.5643412470817566, 0.09307631850242615)","(0.779460608959198, 0.5419915318489075, 0.12015634775161743)",Move
1911,"(0.7889630794525146, 0.28347551822662354, -6.683495303150266e-05)","(0.7348821759223938, 0.3254457116127014, 0.03230880945920944)","(0.7132896780967712, 0.4058138430118561, 0.0518726147711277)","(0.7112465500831604, 0.479993611574173, 0.07563252747058868)","(0.7142187356948853, 0.5293741226196289, 0.10386449098587036)","(0.7220529317855835, 0.49330639839172363, -0.02233458310365677)","(0.7040563225746155, 0.6078282594680786, 0.008221251890063286)","(0.6924765706062317, 0.6203969717025757, 0.05477409064769745)","(0.6877843737602234, 0.6120838522911072, 0.09267514199018478)","(0.7565522789955139, 0.5117087960243225, -0.016631873324513435)","(0.7382875680923462, 0.6251189708709717, 0.020918119698762894)","(0.7253800630569458, 0.6128212213516235, 0.07807877659797668)","(0.7205469608306885, 0.5860847234725952, 0.1176852136850357)","(0.78732830286026, 0.5083124041557312, -0.0017648979555815458)","(0.767970860004425, 0.6033354997634888, 0.03661660477519035)","(0.754014253616333, 0.5881503820419312, 0.08813543617725372)","(0.7508856058120728, 0.5602630376815796, 0.11997541785240173)","(0.8127594590187073, 0.49332112073898315, 0.016603179275989532)","(0.7987523674964905, 0.5673433542251587, 0.0519384890794754)","(0.7850086092948914, 0.5606428980827332, 0.08835422247648239)","(0.779913067817688, 0.5360723733901978, 0.1154216080904007)",Position
1912,"(0.7870710492134094, 0.28707677125930786, -5.407791104516946e-05)","(0.7338628768920898, 0.32890933752059937, 0.03262849897146225)","(0.712773323059082, 0.40907812118530273, 0.05312895402312279)","(0.7107908725738525, 0.4817163944244385, 0.07721224427223206)","(0.714159369468689, 0.5306839346885681, 0.10593751072883606)","(0.7193949222564697, 0.49505454301834106, -0.019051112234592438)","(0.7015301585197449, 0.6084237694740295, 0.012357532046735287)","(0.6911309361457825, 0.6230161786079407, 0.05957498401403427)","(0.6873204708099365, 0.6154123544692993, 0.0979069396853447)","(0.7528672814369202, 0.5142233967781067, -0.01331682875752449)","(0.7348520755767822, 0.6261078119277954, 0.025207776576280594)","(0.723328173160553, 0.6176724433898926, 0.08239319920539856)","(0.7198120951652527, 0.5932797193527222, 0.12178446352481842)","(0.7836683988571167, 0.5127689242362976, 0.0007541485829278827)","(0.7646318078041077, 0.6054161787033081, 0.040551379323005676)","(0.7526477575302124, 0.5911890864372253, 0.09121193736791611)","(0.7507785558700562, 0.5636046528816223, 0.12190596014261246)","(0.809935450553894, 0.49990153312683105, 0.01821834035217762)","(0.7962341904640198, 0.5718382000923157, 0.0544600710272789)","(0.7842422127723694, 0.5638088583946228, 0.09009847790002823)","(0.7807368636131287, 0.5376383662223816, 0.11656136810779572)",Position
1913,"(0.7856987714767456, 0.28923648595809937, -5.744129157392308e-05)","(0.7332099080085754, 0.3301745653152466, 0.031523771584033966)","(0.7120351195335388, 0.40918391942977905, 0.05089990422129631)","(0.7098496556282043, 0.48125290870666504, 0.07446595281362534)","(0.7127388715744019, 0.5308256149291992, 0.10257428884506226)","(0.7172651290893555, 0.49603933095932007, -0.022096743807196617)","(0.6997582316398621, 0.6089987754821777, 0.007827293127775192)","(0.6902890801429749, 0.628995418548584, 0.05471713840961456)","(0.6868132948875427, 0.6244572401046753, 0.09330514818429947)","(0.7511013746261597, 0.5157240033149719, -0.016009492799639702)","(0.7336466312408447, 0.627919614315033, 0.020609350875020027)","(0.7228387594223022, 0.6244272589683533, 0.07756782323122025)","(0.7196169495582581, 0.601996660232544, 0.11682932078838348)","(0.7822866439819336, 0.5142635107040405, -0.0014683286426588893)","(0.7639485001564026, 0.6070589423179626, 0.03667296841740608)","(0.7521277666091919, 0.5941479206085205, 0.08716939389705658)","(0.7500861883163452, 0.5664390921592712, 0.11768864840269089)","(0.8089620471000671, 0.5011557340621948, 0.016440769657492638)","(0.7960330843925476, 0.573574423789978, 0.05191308259963989)","(0.783964216709137, 0.5666912794113159, 0.08732252568006516)","(0.779916524887085, 0.5406929850578308, 0.11372323334217072)",Position
1914,"(0.7846904397010803, 0.29173392057418823, -4.786397403222509e-05)","(0.7326049208641052, 0.3305663466453552, 0.03356210142374039)","(0.7116131782531738, 0.40714031457901, 0.05344086512923241)","(0.7106750011444092, 0.47712868452072144, 0.07673759013414383)","(0.7138145565986633, 0.5248513221740723, 0.1050151064991951)","(0.7148277163505554, 0.49675270915031433, -0.019962241873145103)","(0.6982558965682983, 0.6095232963562012, 0.010463163256645203)","(0.6900643110275269, 0.6287866234779358, 0.05834096297621727)","(0.6880825161933899, 0.6217454671859741, 0.0980275347828865)","(0.7482754588127136, 0.5165936946868896, -0.015311756171286106)","(0.7317162752151489, 0.6289300918579102, 0.021336954087018967)","(0.7221887707710266, 0.6263974905014038, 0.0787641778588295)","(0.7198347449302673, 0.6037552952766418, 0.1182195395231247)","(0.7796648144721985, 0.5155335068702698, -0.002360541606321931)","(0.7626166939735413, 0.6088930368423462, 0.03604030981659889)","(0.7522321343421936, 0.5951861143112183, 0.08686079829931259)","(0.7510666847229004, 0.5660050511360168, 0.1174858808517456)","(0.8070114850997925, 0.5025014877319336, 0.014076457358896732)","(0.7953629493713379, 0.5747627019882202, 0.04986882582306862)","(0.7841762900352478, 0.566756010055542, 0.08527237176895142)","(0.7806392908096313, 0.5393667817115784, 0.11164472252130508)",Position
1915,"(0.7834566235542297, 0.2925904393196106, -5.181664528208785e-05)","(0.731783926486969, 0.33356016874313354, 0.03230084106326103)","(0.7105110287666321, 0.4101365804672241, 0.050969913601875305)","(0.7093228697776794, 0.4812973737716675, 0.07317820936441422)","(0.7128794193267822, 0.5296960473060608, 0.10118512809276581)","(0.7137253284454346, 0.4985640048980713, -0.022163907065987587)","(0.69715815782547, 0.6106420755386353, 0.009442267939448357)","(0.6909266114234924, 0.6254564523696899, 0.05798108130693436)","(0.6909638047218323, 0.6141620874404907, 0.09706459939479828)","(0.7478485107421875, 0.5178154706954956, -0.017617063596844673)","(0.7311998605728149, 0.629583477973938, 0.018495434895157814)","(0.7224046587944031, 0.6252414584159851, 0.07577814161777496)","(0.7206630110740662, 0.6009304523468018, 0.11486882716417313)","(0.7797032594680786, 0.5160766839981079, -0.004430040717124939)","(0.7623263597488403, 0.6109992861747742, 0.03281283378601074)","(0.7517569661140442, 0.5986557602882385, 0.08368057012557983)","(0.7504393458366394, 0.5696096420288086, 0.11429417878389359)","(0.8073773384094238, 0.5024487376213074, 0.01223872322589159)","(0.7953709363937378, 0.5773310661315918, 0.046489015221595764)","(0.7839998602867126, 0.5710381865501404, 0.08244786411523819)","(0.7806462049484253, 0.5441524982452393, 0.10985993593931198)",Position
1916,"(0.7831764221191406, 0.2943342626094818, -4.737579365610145e-05)","(0.7314525246620178, 0.33654314279556274, 0.03425457328557968)","(0.7101854681968689, 0.413255512714386, 0.054509419947862625)","(0.7088253498077393, 0.4833334684371948, 0.07747184485197067)","(0.7121524810791016, 0.5303023457527161, 0.10572433471679688)","(0.7137917280197144, 0.5004259347915649, -0.016325170174241066)","(0.6975598335266113, 0.6117434501647949, 0.013469533994793892)","(0.6902526021003723, 0.6336309909820557, 0.05972583591938019)","(0.6882932186126709, 0.6293899416923523, 0.09766661375761032)","(0.7473680973052979, 0.5197007656097412, -0.012726141139864922)","(0.7313539981842041, 0.6320409774780273, 0.021821437403559685)","(0.72219318151474, 0.6318970918655396, 0.07767622917890549)","(0.7197353839874268, 0.6099090576171875, 0.1164919063448906)","(0.7787148356437683, 0.517988920211792, -0.0008016476640477777)","(0.7624068856239319, 0.6146423816680908, 0.03534732758998871)","(0.7517338991165161, 0.605654239654541, 0.08625280857086182)","(0.7495662569999695, 0.5780321955680847, 0.11773654073476791)","(0.806277871131897, 0.5038063526153564, 0.014625132083892822)","(0.7955452799797058, 0.5803667902946472, 0.04810667037963867)","(0.7839993834495544, 0.5760993957519531, 0.08430037647485733)","(0.7798054218292236, 0.5496562719345093, 0.11224382370710373)",Position
1917,"(0.7818000316619873, 0.29540884494781494, -4.6960176405264065e-05)","(0.7305617332458496, 0.33943307399749756, 0.035624612122774124)","(0.7101961374282837, 0.4162115156650543, 0.057338882237672806)","(0.7094334363937378, 0.48480746150016785, 0.0817025825381279)","(0.7127968072891235, 0.529890239238739, 0.11114106327295303)","(0.713716983795166, 0.5035110116004944, -0.01237881276756525)","(0.6975122690200806, 0.6132658123970032, 0.017301462590694427)","(0.689123809337616, 0.6358797550201416, 0.06261889636516571)","(0.6861400604248047, 0.6330500841140747, 0.1000857949256897)","(0.7468332648277283, 0.5219428539276123, -0.008741945959627628)","(0.7313070893287659, 0.633057713508606, 0.026096126064658165)","(0.7217023372650146, 0.6332547068595886, 0.08138717710971832)","(0.7189107537269592, 0.6119110584259033, 0.11967430263757706)","(0.77785325050354, 0.5196104049682617, 0.003080550115555525)","(0.7622614502906799, 0.6147587895393372, 0.0396554134786129)","(0.7515192627906799, 0.6052455306053162, 0.08979453891515732)","(0.7492246031761169, 0.5778031349182129, 0.12089089304208755)","(0.8051508665084839, 0.5049082636833191, 0.018460121005773544)","(0.7955697774887085, 0.5801355838775635, 0.05231962352991104)","(0.7843029499053955, 0.5750117301940918, 0.08759967237710953)","(0.7801651954650879, 0.5480610728263855, 0.11496716737747192)",Position
1918,"(0.7817409038543701, 0.2969496250152588, -5.316741589922458e-05)","(0.7307858467102051, 0.3410939574241638, 0.03570891171693802)","(0.7104174494743347, 0.4182553291320801, 0.05705278739333153)","(0.7088190317153931, 0.4868784546852112, 0.0806410014629364)","(0.7114506959915161, 0.5332175493240356, 0.10889996588230133)","(0.7135899066925049, 0.5068421959877014, -0.01213147584348917)","(0.6975772380828857, 0.615181028842926, 0.0178344938904047)","(0.6897492408752441, 0.6401847004890442, 0.06294432282447815)","(0.687232255935669, 0.6410633325576782, 0.1007017195224762)","(0.7471221685409546, 0.5246763229370117, -0.00879736803472042)","(0.7317627668380737, 0.6335492730140686, 0.027357712388038635)","(0.7224476933479309, 0.6323502063751221, 0.08272327482700348)","(0.7198499441146851, 0.611228883266449, 0.12125326693058014)","(0.7782306671142578, 0.521560788154602, 0.0028161013033241034)","(0.762887716293335, 0.6153366565704346, 0.04096398875117302)","(0.752022385597229, 0.6048435568809509, 0.0912078469991684)","(0.7497079968452454, 0.5777727365493774, 0.12206041812896729)","(0.8055158853530884, 0.5059011578559875, 0.017849432304501534)","(0.7956088781356812, 0.5801445245742798, 0.05299343913793564)","(0.7841413617134094, 0.5740137100219727, 0.08808519691228867)","(0.7800918817520142, 0.5469520688056946, 0.11491236090660095)",Position
1919,"(0.7812211513519287, 0.2993972599506378, -5.276244701235555e-05)","(0.7305879592895508, 0.34380829334259033, 0.035364534705877304)","(0.7099750638008118, 0.42067238688468933, 0.05665088817477226)","(0.7081454992294312, 0.49020758271217346, 0.08030985295772552)","(0.7105015516281128, 0.53669273853302, 0.10891590267419815)","(0.7131235599517822, 0.507815420627594, -0.011961258947849274)","(0.6962711215019226, 0.6153140664100647, 0.019038591533899307)","(0.6888949275016785, 0.6369801163673401, 0.06534895300865173)","(0.6867420673370361, 0.6340436935424805, 0.10377334803342819)","(0.7462460994720459, 0.5259473323822021, -0.00893626268953085)","(0.7305393815040588, 0.6340569257736206, 0.026979004964232445)","(0.7214289903640747, 0.6336179375648499, 0.08188755810260773)","(0.7188529372215271, 0.6131073832511902, 0.12028124183416367)","(0.7770765423774719, 0.5234049558639526, 0.002276883227750659)","(0.761773407459259, 0.6161714196205139, 0.04037175700068474)","(0.7513957619667053, 0.6050782799720764, 0.08984997123479843)","(0.7493980526924133, 0.577971339225769, 0.12040842324495316)","(0.8042791485786438, 0.5087363123893738, 0.01714002527296543)","(0.7941543459892273, 0.581855058670044, 0.05200434848666191)","(0.7827361822128296, 0.5752447843551636, 0.08685088902711868)","(0.7786546945571899, 0.5482528209686279, 0.11333602666854858)",Position
1920,"(0.7813345193862915, 0.29850172996520996, -5.368825077312067e-05)","(0.7300601005554199, 0.33985602855682373, 0.03828096017241478)","(0.7097049355506897, 0.41401436924934387, 0.05908096209168434)","(0.7087113261222839, 0.48096752166748047, 0.08061790466308594)","(0.7100538015365601, 0.5282204151153564, 0.10590285062789917)","(0.713360071182251, 0.5036777257919312, -0.004860571585595608)","(0.6948702931404114, 0.6076218485832214, 0.02022046409547329)","(0.6861659288406372, 0.6456851959228516, 0.058276887983083725)","(0.6824831366539001, 0.6629638671875, 0.09138847142457962)","(0.7469795942306519, 0.5226619839668274, -0.0027277683839201927)","(0.7324946522712708, 0.6310899257659912, 0.03056914731860161)","(0.7223687171936035, 0.6422590017318726, 0.08316873013973236)","(0.7190771102905273, 0.6318413019180298, 0.12219706177711487)","(0.7775331735610962, 0.5209488272666931, 0.007567910943180323)","(0.7640990018844604, 0.6165162324905396, 0.043822627514600754)","(0.7520141005516052, 0.614698052406311, 0.09282378107309341)","(0.7475062608718872, 0.5944932699203491, 0.12484293431043625)","(0.8042298555374146, 0.5060206055641174, 0.021654199808835983)","(0.7953773736953735, 0.581809937953949, 0.05650230869650841)","(0.7834204435348511, 0.5807358026504517, 0.09184827655553818)","(0.7778631448745728, 0.5584409832954407, 0.11908600479364395)",Position
1921,"(0.7807008028030396, 0.3034847676753998, -5.808748392155394e-05)","(0.7291660904884338, 0.34227222204208374, 0.040319085121154785)","(0.7095332145690918, 0.41512396931648254, 0.06409574300050735)","(0.7085475325584412, 0.4813520312309265, 0.08837014436721802)","(0.7103468179702759, 0.5276238918304443, 0.11632756143808365)","(0.712660551071167, 0.5057785511016846, 0.0022689648903906345)","(0.6928068995475769, 0.6064771413803101, 0.02951257862150669)","(0.6850095987319946, 0.6449634432792664, 0.06777747720479965)","(0.6822683811187744, 0.6646974682807922, 0.10100723803043365)","(0.7458569407463074, 0.5256569981575012, 0.004477283451706171)","(0.7310947179794312, 0.6314492225646973, 0.04068557173013687)","(0.7221469283103943, 0.643989086151123, 0.0945863127708435)","(0.7201045751571655, 0.6355273127555847, 0.13450418412685394)","(0.7764272689819336, 0.5243555307388306, 0.014555665664374828)","(0.7630252838134766, 0.6180241107940674, 0.053738102316856384)","(0.7519025206565857, 0.6151069402694702, 0.10299177467823029)","(0.7484725713729858, 0.594764232635498, 0.13524416089057922)","(0.8037481904029846, 0.5092306137084961, 0.02852574549615383)","(0.794954776763916, 0.5829837322235107, 0.06504158675670624)","(0.7829260230064392, 0.5820823311805725, 0.10010967403650284)","(0.7776934504508972, 0.5600248575210571, 0.12712079286575317)",Position
1922,"(0.7800363302230835, 0.3050119876861572, -5.655570566887036e-05)","(0.7295954823493958, 0.3450586199760437, 0.03951290249824524)","(0.7100650072097778, 0.41680222749710083, 0.061832185834646225)","(0.7094469666481018, 0.4819053113460541, 0.08491238951683044)","(0.7111687660217285, 0.5274226069450378, 0.11128188669681549)","(0.7133345007896423, 0.5050172209739685, -0.0018253884045407176)","(0.6930400729179382, 0.6048809885978699, 0.024295050650835037)","(0.684782862663269, 0.644394040107727, 0.061250969767570496)","(0.6816596984863281, 0.6664819717407227, 0.09321656823158264)","(0.7465771436691284, 0.5248377323150635, 0.0002572736993897706)","(0.7316247820854187, 0.6301021575927734, 0.035263966768980026)","(0.7221096158027649, 0.6423416137695312, 0.08783357590436935)","(0.7195003628730774, 0.6335731744766235, 0.12671318650245667)","(0.7770072817802429, 0.5239693522453308, 0.010587857104837894)","(0.7633008360862732, 0.6183946132659912, 0.047762446105480194)","(0.7517075538635254, 0.6151038408279419, 0.09522206336259842)","(0.7480072379112244, 0.5936146378517151, 0.1261039525270462)","(0.8041533827781677, 0.5093974471092224, 0.024713212624192238)","(0.794617772102356, 0.5843003392219543, 0.05897284671664238)","(0.7824638485908508, 0.5819730758666992, 0.09260232001543045)","(0.7774202227592468, 0.5583124756813049, 0.11890217661857605)",Position
1923,"(0.7799317836761475, 0.30676984786987305, -6.662024679826573e-05)","(0.7295803427696228, 0.34552544355392456, 0.03789747878909111)","(0.7104237079620361, 0.4173712730407715, 0.06021362915635109)","(0.7102838158607483, 0.48249590396881104, 0.08376672863960266)","(0.7124382257461548, 0.5291652679443359, 0.11048620194196701)","(0.7139086723327637, 0.5053544640541077, -0.0040080854669213295)","(0.6936658024787903, 0.6051903963088989, 0.02213253267109394)","(0.6859747767448425, 0.645338237285614, 0.059923842549324036)","(0.6835978627204895, 0.6675992012023926, 0.09268815815448761)","(0.7473576664924622, 0.5242763161659241, -0.0007019452168606222)","(0.7319338321685791, 0.6291384696960449, 0.034384310245513916)","(0.7217691540718079, 0.6453055143356323, 0.08781059831380844)","(0.7184448838233948, 0.6398434042930603, 0.12776970863342285)","(0.7778307199478149, 0.5227211117744446, 0.010907948948442936)","(0.7636609673500061, 0.6164366602897644, 0.04805118963122368)","(0.7513526678085327, 0.6153845191001892, 0.09549552947282791)","(0.7470563054084778, 0.5955987572669983, 0.1265261173248291)","(0.8048510551452637, 0.508217453956604, 0.026272883638739586)","(0.7949800491333008, 0.5827544927597046, 0.06082954630255699)","(0.782486081123352, 0.5818318724632263, 0.09427368640899658)","(0.776910662651062, 0.5597586035728455, 0.12052583694458008)",Position
1924,"(0.7785750031471252, 0.30754658579826355, -7.005933730397373e-05)","(0.7295323014259338, 0.3487110733985901, 0.033908434212207794)","(0.7106279730796814, 0.4208637475967407, 0.05268244445323944)","(0.7101821303367615, 0.4865659475326538, 0.07393006980419159)","(0.7120603322982788, 0.5335082411766052, 0.09863872081041336)","(0.7149588465690613, 0.5025832056999207, -0.014953069388866425)","(0.6952114105224609, 0.6061214208602905, 0.008476834744215012)","(0.6876809000968933, 0.6460825204849243, 0.046620629727840424)","(0.6851218938827515, 0.6652145385742188, 0.07962071895599365)","(0.7482823729515076, 0.5211422443389893, -0.010535841807723045)","(0.7324597835540771, 0.6292005181312561, 0.020115790888667107)","(0.722076952457428, 0.6469282507896423, 0.07202544808387756)","(0.7182466387748718, 0.640068769454956, 0.11139930039644241)","(0.7786180377006531, 0.5202935338020325, 0.002215760760009289)","(0.7632575631141663, 0.6153601408004761, 0.03612624481320381)","(0.7506943941116333, 0.6137217283248901, 0.08266898989677429)","(0.7462272047996521, 0.5924027562141418, 0.11368449032306671)","(0.8052137494087219, 0.5072730779647827, 0.01893232949078083)","(0.7946001291275024, 0.5822529792785645, 0.052352916449308395)","(0.7823835611343384, 0.5811188220977783, 0.08610803633928299)","(0.7770940661430359, 0.5587931871414185, 0.11254684627056122)",Position
1925,"(0.7776347398757935, 0.30943191051483154, -7.756007835268974e-05)","(0.7283058166503906, 0.3482547998428345, 0.03088340535759926)","(0.709917426109314, 0.42330390214920044, 0.04832548648118973)","(0.70951908826828, 0.49236777424812317, 0.0691295638680458)","(0.7108799815177917, 0.5420539975166321, 0.09348120540380478)","(0.7161684632301331, 0.504031240940094, -0.020366903394460678)","(0.695790708065033, 0.608977198600769, 0.0016111545264720917)","(0.6870126724243164, 0.6498042941093445, 0.03851695358753204)","(0.6833253502845764, 0.6703323125839233, 0.07078485190868378)","(0.7502275109291077, 0.5223451852798462, -0.014341256581246853)","(0.7332175374031067, 0.6314070224761963, 0.016204070299863815)","(0.7212526202201843, 0.6513975858688354, 0.06864186376333237)","(0.7162145972251892, 0.6471616625785828, 0.108449287712574)","(0.7805137634277344, 0.5212156772613525, -4.392097980598919e-05)","(0.7636327743530273, 0.6168598532676697, 0.03356907516717911)","(0.7484652996063232, 0.6186065077781677, 0.08031829446554184)","(0.7419070601463318, 0.6004177927970886, 0.111143559217453)","(0.8064848184585571, 0.508412778377533, 0.01805082894861698)","(0.7944778203964233, 0.5832115411758423, 0.051667600870132446)","(0.7808208465576172, 0.584275484085083, 0.08603593707084656)","(0.7742795348167419, 0.5646341443061829, 0.11223599314689636)",Position
1926,"(0.7791950106620789, 0.30996254086494446, -7.791269308654591e-05)","(0.7294000387191772, 0.34740862250328064, 0.032727304846048355)","(0.7106006145477295, 0.4220674932003021, 0.049903061240911484)","(0.7101863026618958, 0.49106231331825256, 0.06975004076957703)","(0.7126388549804688, 0.5405226349830627, 0.0923478826880455)","(0.7172518372535706, 0.5028164982795715, -0.01914372108876705)","(0.6981040239334106, 0.6096668243408203, 0.0021583891939371824)","(0.6895174980163574, 0.6535257697105408, 0.03815489634871483)","(0.6859122514724731, 0.6772376298904419, 0.07011806964874268)","(0.7516664266586304, 0.5205902457237244, -0.014038772322237492)","(0.7359504103660583, 0.6319015622138977, 0.01580551639199257)","(0.7242411375045776, 0.6527739763259888, 0.06821484863758087)","(0.7190635800361633, 0.6496451497077942, 0.10879773646593094)","(0.7821407318115234, 0.5195052027702332, -0.00036031327908858657)","(0.7660325765609741, 0.6158271431922913, 0.03307919204235077)","(0.7512757778167725, 0.6171361207962036, 0.08030720055103302)","(0.7445737719535828, 0.5991178750991821, 0.11187994480133057)","(0.8080277442932129, 0.5071239471435547, 0.017070526257157326)","(0.796369731426239, 0.5818836688995361, 0.051382116973400116)","(0.783588707447052, 0.5814470052719116, 0.08598078787326813)","(0.7775470018386841, 0.56098473072052, 0.11256439238786697)",Position
1927,"(0.7803089618682861, 0.3092993497848511, -7.970700971782207e-05)","(0.7294655442237854, 0.3462328612804413, 0.029305269941687584)","(0.7102991938591003, 0.42374032735824585, 0.04583282023668289)","(0.7104753255844116, 0.49511587619781494, 0.06633763015270233)","(0.7121540904045105, 0.5457905530929565, 0.09011512249708176)","(0.7195466160774231, 0.5037310719490051, -0.021477898582816124)","(0.6999217867851257, 0.6079979538917542, -0.0018067717319354415)","(0.6897839307785034, 0.6503309607505798, 0.03249066323041916)","(0.6845526099205017, 0.6739476919174194, 0.06328616291284561)","(0.7546349763870239, 0.5214191675186157, -0.014579919166862965)","(0.7379124760627747, 0.6311260461807251, 0.014384415000677109)","(0.724155604839325, 0.6527673006057739, 0.0656995102763176)","(0.717750072479248, 0.6509931087493896, 0.10546299070119858)","(0.7847641706466675, 0.5191759467124939, 0.0007376201101578772)","(0.767877995967865, 0.6156290769577026, 0.03354695066809654)","(0.750366747379303, 0.6205374002456665, 0.08083254098892212)","(0.7417799234390259, 0.605778694152832, 0.11257894337177277)","(0.8097012639045715, 0.5052749514579773, 0.019559258595108986)","(0.7975589632987976, 0.5803262591362, 0.05334976688027382)","(0.7830509543418884, 0.5836761593818665, 0.08839760720729828)","(0.7753518223762512, 0.5666106343269348, 0.1152309849858284)",Position
1928,"(0.7833775281906128, 0.3095020055770874, -7.539023499703035e-05)","(0.7314574122428894, 0.3451038599014282, 0.027951670810580254)","(0.7117568850517273, 0.4217557907104492, 0.044692378491163254)","(0.7124493718147278, 0.49314776062965393, 0.06616374105215073)","(0.7158754467964172, 0.5436095595359802, 0.0904088020324707)","(0.7218105792999268, 0.5028964877128601, -0.021373819559812546)","(0.7025837302207947, 0.6081617474555969, -0.0016026584198698401)","(0.6913816928863525, 0.6496107578277588, 0.0327606275677681)","(0.6854276657104492, 0.6712006330490112, 0.06372953206300735)","(0.756813108921051, 0.5201942324638367, -0.012366154231131077)","(0.7402721643447876, 0.6308850049972534, 0.017237504944205284)","(0.7262710332870483, 0.6522353887557983, 0.06963767856359482)","(0.7201404571533203, 0.6497021913528442, 0.1101011261343956)","(0.786598265171051, 0.5171178579330444, 0.005005726125091314)","(0.7695050239562988, 0.6140037775039673, 0.0382816456258297)","(0.7517364621162415, 0.6187231540679932, 0.08516579121351242)","(0.7431651949882507, 0.6035829186439514, 0.11685100197792053)","(0.8110365867614746, 0.5027022957801819, 0.02534446492791176)","(0.7994469404220581, 0.5775311589241028, 0.059748325496912)","(0.7850378751754761, 0.5805452466011047, 0.09453178942203522)","(0.7773685455322266, 0.5635985136032104, 0.12101641297340393)",Position
1929,"(0.7842531204223633, 0.3078937530517578, -7.413941784761846e-05)","(0.7322980165481567, 0.34400224685668945, 0.025904323905706406)","(0.7127852439880371, 0.4225403070449829, 0.041627317667007446)","(0.7141039371490479, 0.49394306540489197, 0.06214071437716484)","(0.7185221910476685, 0.5441223382949829, 0.08532048761844635)","(0.7231698036193848, 0.5005953907966614, -0.026183847337961197)","(0.7054407596588135, 0.6083838939666748, -0.006024615373462439)","(0.6950363516807556, 0.6496017575263977, 0.03036947175860405)","(0.6899870038032532, 0.6700927019119263, 0.06259767711162567)","(0.7583815455436707, 0.517207682132721, -0.01636900007724762)","(0.7423557043075562, 0.6310271620750427, 0.012850906699895859)","(0.7282606959342957, 0.6519593596458435, 0.06637730449438095)","(0.7220935225486755, 0.6488837003707886, 0.10797274112701416)","(0.788303554058075, 0.5139032602310181, 0.0014793742448091507)","(0.7712198495864868, 0.613269567489624, 0.03397931903600693)","(0.7537142634391785, 0.6182082295417786, 0.08070355653762817)","(0.7451934218406677, 0.603571355342865, 0.11248530447483063)","(0.8123917579650879, 0.4997168183326721, 0.022306043654680252)","(0.8005546927452087, 0.5759534239768982, 0.055846381932497025)","(0.7863781452178955, 0.5793375968933105, 0.09009552747011185)","(0.7787587642669678, 0.563031792640686, 0.11652820557355881)",Position
1930,"(0.7856743335723877, 0.3052944540977478, -7.088062557158992e-05)","(0.7335488200187683, 0.3437577486038208, 0.026308275759220123)","(0.7143247127532959, 0.4225122928619385, 0.04270254075527191)","(0.7152116894721985, 0.4944799244403839, 0.06376441568136215)","(0.7188299894332886, 0.5451276898384094, 0.08713426440954208)","(0.7255886793136597, 0.5002318024635315, -0.023207755759358406)","(0.7085741758346558, 0.6081595420837402, -0.003288048319518566)","(0.6975743174552917, 0.6487053632736206, 0.032608721405267715)","(0.6920901536941528, 0.6686525344848633, 0.06453235447406769)","(0.7609891891479492, 0.515922486782074, -0.013311889953911304)","(0.7455986738204956, 0.6297223567962646, 0.01677718386054039)","(0.7306261658668518, 0.6502825021743774, 0.07033459097146988)","(0.7240360379219055, 0.647501528263092, 0.1118609756231308)","(0.7908744812011719, 0.5115873217582703, 0.004510086961090565)","(0.7745543122291565, 0.6108933687210083, 0.03787872940301895)","(0.7560102343559265, 0.6175510287284851, 0.08469090610742569)","(0.7467092871665955, 0.6044167280197144, 0.11658317595720291)","(0.8148744106292725, 0.4964732825756073, 0.025228578597307205)","(0.8036767840385437, 0.5723485946655273, 0.05956948921084404)","(0.7888556122779846, 0.577678918838501, 0.09394329786300659)","(0.7803665995597839, 0.5631676912307739, 0.12043110281229019)",Position
1931,"(0.7878062129020691, 0.30359315872192383, -6.849251076346263e-05)","(0.735322892665863, 0.3411886394023895, 0.02559278905391693)","(0.715553879737854, 0.42065146565437317, 0.04200758785009384)","(0.7157773971557617, 0.4932497441768646, 0.06348720192909241)","(0.7192918062210083, 0.5438061356544495, 0.0866963118314743)","(0.7281516194343567, 0.4992373287677765, -0.024687036871910095)","(0.7116236686706543, 0.6084885597229004, -0.004838390275835991)","(0.7003155946731567, 0.647640585899353, 0.03127599135041237)","(0.6940826177597046, 0.6660196185112, 0.06319023668766022)","(0.7633844614028931, 0.5148519277572632, -0.01419883780181408)","(0.7480445504188538, 0.6293421983718872, 0.016194868832826614)","(0.7326446175575256, 0.64729905128479, 0.06953652203083038)","(0.7254272103309631, 0.6422325372695923, 0.11057204753160477)","(0.7928956747055054, 0.5102357864379883, 0.004296889528632164)","(0.7764697670936584, 0.6100544333457947, 0.03703174367547035)","(0.7579435110092163, 0.6157368421554565, 0.08361726254224777)","(0.7484760880470276, 0.6013955473899841, 0.115151047706604)","(0.8163709044456482, 0.49438056349754333, 0.02564636431634426)","(0.8054184317588806, 0.5712004899978638, 0.059123698621988297)","(0.7906070947647095, 0.577187716960907, 0.09298332035541534)","(0.781665027141571, 0.563107430934906, 0.11890212446451187)",Position
1932,"(0.7851234674453735, 0.29801905155181885, -6.913117249496281e-05)","(0.7340412735939026, 0.3398891091346741, 0.023730862885713577)","(0.7152527570724487, 0.4223308861255646, 0.03848881646990776)","(0.7156879901885986, 0.4963589906692505, 0.0584319531917572)","(0.7194371819496155, 0.54874587059021, 0.08150678873062134)","(0.729121744632721, 0.49695709347724915, -0.0334358885884285)","(0.7157464027404785, 0.6100361943244934, -0.010344788432121277)","(0.7065383791923523, 0.6428221464157104, 0.03282599151134491)","(0.7013915181159973, 0.653020977973938, 0.06844918429851532)","(0.7642174363136292, 0.512482762336731, -0.02398143894970417)","(0.7489680051803589, 0.6288358569145203, 0.00604247348383069)","(0.7339006066322327, 0.6428552269935608, 0.06156488135457039)","(0.7264066934585571, 0.6333943605422974, 0.10322641581296921)","(0.7941201329231262, 0.5086447596549988, -0.005968601442873478)","(0.776176393032074, 0.6093180775642395, 0.02595306932926178)","(0.7580764293670654, 0.6125061511993408, 0.07386604696512222)","(0.7493716478347778, 0.5955659747123718, 0.10562798380851746)","(0.8181135654449463, 0.494350790977478, 0.015095832757651806)","(0.8045942783355713, 0.5711437463760376, 0.047162026166915894)","(0.7894344329833984, 0.5754697918891907, 0.08083261549472809)","(0.7807576060295105, 0.5597522854804993, 0.10659939050674438)",Position
1933,"(0.7851588726043701, 0.2895573079586029, -7.526828267145902e-05)","(0.7338995933532715, 0.3321264982223511, 0.032716426998376846)","(0.7126319408416748, 0.4123746156692505, 0.0493721067905426)","(0.7108023166656494, 0.4871627986431122, 0.06931091845035553)","(0.7130622863769531, 0.5411761403083801, 0.09174662828445435)","(0.7271008491516113, 0.4899561107158661, -0.02378394827246666)","(0.7131699919700623, 0.6035499572753906, 0.0008704346255399287)","(0.7045639753341675, 0.6340427994728088, 0.0450502447783947)","(0.6994733214378357, 0.6413419246673584, 0.08237165957689285)","(0.7621560096740723, 0.506325900554657, -0.019632507115602493)","(0.7476232051849365, 0.6240516901016235, 0.010105173103511333)","(0.7336280941963196, 0.6360127925872803, 0.06651543825864792)","(0.7263992428779602, 0.6253005266189575, 0.10986814647912979)","(0.7927601337432861, 0.5035020709037781, -0.006304265931248665)","(0.7764262557029724, 0.6065741777420044, 0.0260398518294096)","(0.7600045204162598, 0.6068168878555298, 0.07754704356193542)","(0.7524242997169495, 0.5868085026741028, 0.11152265220880508)","(0.8178800940513611, 0.4893636703491211, 0.010586417280137539)","(0.8059819936752319, 0.5694223046302795, 0.044482022523880005)","(0.7917578816413879, 0.5708961486816406, 0.08110029995441437)","(0.7840105891227722, 0.5509225726127625, 0.10847336053848267)",Position
1934,"(0.7817736864089966, 0.2807394862174988, -7.50217805034481e-05)","(0.7302407026290894, 0.32463061809539795, 0.031349360942840576)","(0.7087262868881226, 0.40835514664649963, 0.046566639095544815)","(0.7066548466682434, 0.4867924451828003, 0.06539886444807053)","(0.7094014286994934, 0.5422903895378113, 0.084965780377388)","(0.7234383821487427, 0.48084691166877747, -0.03210310637950897)","(0.7089270353317261, 0.6010169386863708, -0.009907505474984646)","(0.6991509199142456, 0.6340553164482117, 0.03273908421397209)","(0.6925057768821716, 0.6441045999526978, 0.07051333039999008)","(0.7588514089584351, 0.49614593386650085, -0.028004199266433716)","(0.7435471415519714, 0.6180626153945923, 0.004014718346297741)","(0.7288495302200317, 0.6241779923439026, 0.0607789047062397)","(0.7210213541984558, 0.6092087626457214, 0.10337532311677933)","(0.7900288105010986, 0.4931020140647888, -0.014537274837493896)","(0.7723076343536377, 0.5984997749328613, 0.021190200001001358)","(0.7567411661148071, 0.5929573774337769, 0.07409101724624634)","(0.75050288438797, 0.5698155760765076, 0.1077689602971077)","(0.815464437007904, 0.47920307517051697, 0.002246216172352433)","(0.8023841381072998, 0.5616973042488098, 0.03901837393641472)","(0.7888773679733276, 0.5597666501998901, 0.07636235654354095)","(0.7826902866363525, 0.5377306342124939, 0.10291248559951782)",Position
1935,"(0.7762322425842285, 0.2671544551849365, -8.39544300106354e-05)","(0.7213552594184875, 0.31319212913513184, 0.02867983467876911)","(0.6983934640884399, 0.40047693252563477, 0.04184155911207199)","(0.6959355473518372, 0.48381757736206055, 0.059249941259622574)","(0.6970042586326599, 0.5427399277687073, 0.07633868604898453)","(0.7156904339790344, 0.4676715135574341, -0.04149577021598816)","(0.7008756399154663, 0.5884081721305847, -0.021397214382886887)","(0.6890687346458435, 0.6213850378990173, 0.019301172345876694)","(0.6802507042884827, 0.6311511397361755, 0.05581055209040642)","(0.752241849899292, 0.4842870235443115, -0.036140501499176025)","(0.7348878979682922, 0.6060426235198975, -0.004276673309504986)","(0.7183091044425964, 0.6123145818710327, 0.05151209235191345)","(0.7090409398078918, 0.5964102149009705, 0.09323820471763611)","(0.7836750745773315, 0.48282715678215027, -0.021280165761709213)","(0.7630982398986816, 0.585187554359436, 0.015813039615750313)","(0.7471818327903748, 0.5767192840576172, 0.06706009805202484)","(0.7415860295295715, 0.5509985089302063, 0.09757182747125626)","(0.8084934949874878, 0.47043684124946594, -0.003072130959481001)","(0.793076753616333, 0.5510244369506836, 0.03618471324443817)","(0.7790701389312744, 0.5466039180755615, 0.07257942855358124)","(0.7729906439781189, 0.5228568911552429, 0.09639699757099152)",Position
1936,"(0.7631884813308716, 0.24767667055130005, -9.477691492065787e-05)","(0.7078512907028198, 0.2962484061717987, 0.02604835480451584)","(0.6850572228431702, 0.3820854127407074, 0.03756323829293251)","(0.6832804679870605, 0.4643537700176239, 0.05376473814249039)","(0.6855353713035583, 0.5212789177894592, 0.06952957063913345)","(0.7002463936805725, 0.44919005036354065, -0.042879439890384674)","(0.6849429607391357, 0.5668797492980957, -0.025152135640382767)","(0.6730917692184448, 0.6054054498672485, 0.007989037781953812)","(0.6637979745864868, 0.6191771030426025, 0.0375787727534771)","(0.7378013134002686, 0.465852826833725, -0.03794345632195473)","(0.7200031876564026, 0.5866797566413879, -0.007131700403988361)","(0.7045442461967468, 0.5983675718307495, 0.04314465448260307)","(0.6948574781417847, 0.5847429037094116, 0.07880596816539764)","(0.76954185962677, 0.4650734066963196, -0.024142462760210037)","(0.7474437355995178, 0.5635419487953186, 0.01170661672949791)","(0.7333533763885498, 0.5525749325752258, 0.05606437101960182)","(0.7289637327194214, 0.5243018865585327, 0.07911664992570877)","(0.7945032119750977, 0.45348888635635376, -0.006891659460961819)","(0.7786166667938232, 0.5330628156661987, 0.029626131057739258)","(0.7657108306884766, 0.5255932211875916, 0.06122998148202896)","(0.7606219053268433, 0.49943533539772034, 0.08010349422693253)",Reach
1937,"(0.7492840886116028, 0.22196613252162933, -0.00011351018474670127)","(0.6907048225402832, 0.27519065141677856, 0.030472638085484505)","(0.667859673500061, 0.3588753342628479, 0.04669644683599472)","(0.6667801737785339, 0.4416498839855194, 0.06548922508955002)","(0.6691787838935852, 0.4981178045272827, 0.0843716710805893)","(0.6783443689346313, 0.42928993701934814, -0.02823946624994278)","(0.6609953045845032, 0.5373484492301941, -0.008943204768002033)","(0.6504652500152588, 0.5721485614776611, 0.022102588787674904)","(0.6413412094116211, 0.5886043906211853, 0.049358565360307693)","(0.7138185501098633, 0.44740962982177734, -0.027250874787569046)","(0.6930908560752869, 0.5615013241767883, 0.0032920551020652056)","(0.6794063448905945, 0.5729292631149292, 0.049834299832582474)","(0.6707389950752258, 0.564018964767456, 0.08375514298677444)","(0.7452093362808228, 0.4495643377304077, -0.01813833974301815)","(0.7205637693405151, 0.5480266213417053, 0.015040007419884205)","(0.7060927152633667, 0.5376255512237549, 0.05994391813874245)","(0.7013604640960693, 0.5104785561561584, 0.08637266606092453)","(0.7715914249420166, 0.43972229957580566, -0.005768792238086462)","(0.7511985301971436, 0.5182168483734131, 0.02740289643406868)","(0.7367075681686401, 0.5128402709960938, 0.06039481982588768)","(0.731896698474884, 0.4886291027069092, 0.0823429524898529)",Reach
1938,"(0.7247886061668396, 0.19133351743221283, -0.00011915234063053504)","(0.6645805239677429, 0.2564780116081238, 0.025315063074231148)","(0.6397347450256348, 0.3443797528743744, 0.03778328001499176)","(0.6331510543823242, 0.431962788105011, 0.05278096720576286)","(0.6313816905021667, 0.48990851640701294, 0.06844016164541245)","(0.6532144546508789, 0.40083324909210205, -0.03220156580209732)","(0.6333458423614502, 0.5130295157432556, -0.017405916005373)","(0.621794581413269, 0.5424330830574036, 0.010622065514326096)","(0.6106181144714355, 0.5513741374015808, 0.03574945032596588)","(0.685348629951477, 0.41960015892982483, -0.03115190751850605)","(0.6600624918937683, 0.5343326926231384, -0.007999982684850693)","(0.6440063714981079, 0.548809289932251, 0.032049842178821564)","(0.631962776184082, 0.5409576892852783, 0.06181542947888374)","(0.7139089703559875, 0.42328694462776184, -0.02355377748608589)","(0.6853083968162537, 0.5235589146614075, 0.006169753614813089)","(0.669094979763031, 0.5169318914413452, 0.04509482532739639)","(0.6619560718536377, 0.48963677883148193, 0.06784665584564209)","(0.7375603914260864, 0.41564661264419556, -0.012747067958116531)","(0.7133301496505737, 0.4941338896751404, 0.01603054627776146)","(0.6967147588729858, 0.49389612674713135, 0.04463738948106766)","(0.6896222829818726, 0.47175276279449463, 0.06396141648292542)",Reach
1939,"(0.69786536693573, 0.16138292849063873, -8.49179778015241e-05)","(0.6346405744552612, 0.22918106615543365, 0.030874263495206833)","(0.6089933514595032, 0.3141915202140808, 0.047517769038677216)","(0.6001769304275513, 0.40095803141593933, 0.06689188629388809)","(0.5971210598945618, 0.4582568407058716, 0.08881042897701263)","(0.6145572066307068, 0.37839341163635254, -0.020740406587719917)","(0.5933747887611389, 0.4861357808113098, 0.00845026969909668)","(0.5849749445915222, 0.4942045509815216, 0.04501581937074661)","(0.5795250535011292, 0.4871443510055542, 0.06887584924697876)","(0.6442151665687561, 0.3961960971355438, -0.024049978703260422)","(0.6203476190567017, 0.506497859954834, 0.01121941301971674)","(0.6104680299758911, 0.4940573275089264, 0.05168970301747322)","(0.6077276468276978, 0.4673251509666443, 0.07583539932966232)","(0.672722578048706, 0.39993414282798767, -0.020024510100483894)","(0.6488955020904541, 0.4952925443649292, 0.015440505929291248)","(0.6373316049575806, 0.4704114496707916, 0.049928661435842514)","(0.6371005177497864, 0.4338364899158478, 0.06721583008766174)","(0.6966525316238403, 0.3932122588157654, -0.012593367137014866)","(0.6751882433891296, 0.46908771991729736, 0.017702896147966385)","(0.6611935496330261, 0.4595278203487396, 0.04388757795095444)","(0.6585583090782166, 0.4311580955982208, 0.05915163829922676)",Reach
1940,"(0.6677260398864746, 0.1353786736726761, -8.349928248208016e-05)","(0.60329270362854, 0.20198693871498108, 0.04408305510878563)","(0.5809651017189026, 0.2758214771747589, 0.0682978555560112)","(0.5742417573928833, 0.35160550475120544, 0.0908394530415535)","(0.5736187696456909, 0.4009167551994324, 0.11388330906629562)","(0.5741902589797974, 0.34290069341659546, 0.007613053545355797)","(0.5475125312805176, 0.44336408376693726, 0.02962825447320938)","(0.5362359881401062, 0.4655277132987976, 0.061063870787620544)","(0.5273863673210144, 0.46921050548553467, 0.08563794195652008)","(0.5996077060699463, 0.3683473467826843, -0.0002547232434153557)","(0.5702846050262451, 0.47065603733062744, 0.032623033970594406)","(0.5592058300971985, 0.4667375683784485, 0.07242388278245926)","(0.5547061562538147, 0.4483867287635803, 0.0977349579334259)","(0.6251770257949829, 0.3791908621788025, -0.0015111413085833192)","(0.5978554487228394, 0.46793827414512634, 0.034116633236408234)","(0.5860468149185181, 0.4478524327278137, 0.07075925171375275)","(0.5852699279785156, 0.41545796394348145, 0.09347664564847946)","(0.6483858823776245, 0.37770774960517883, 0.0019827764481306076)","(0.6252866387367249, 0.45024046301841736, 0.034032564610242844)","(0.6109391450881958, 0.44419145584106445, 0.06527703255414963)","(0.6084587574005127, 0.4183233678340912, 0.08563292026519775)",Reach
1941,"(0.6351898312568665, 0.11050103604793549, -9.223320375895128e-05)","(0.5698775053024292, 0.1718800961971283, 0.05256497859954834)","(0.5462935566902161, 0.24170221388339996, 0.08178242295980453)","(0.5354800224304199, 0.310356080532074, 0.107937753200531)","(0.5331496596336365, 0.35251137614250183, 0.13447996973991394)","(0.5370897650718689, 0.31234920024871826, 0.02808220125734806)","(0.504677414894104, 0.4054047465324402, 0.054463036358356476)","(0.49284741282463074, 0.4268024265766144, 0.08647938817739487)","(0.48486751317977905, 0.4282201826572418, 0.11270154267549515)","(0.5586308240890503, 0.33837854862213135, 0.017682595178484917)","(0.5239269137382507, 0.43758174777030945, 0.055669911205768585)","(0.5140912532806396, 0.43241429328918457, 0.09757255762815475)","(0.5109372138977051, 0.4121870994567871, 0.1255301535129547)","(0.5809650421142578, 0.3506203889846802, 0.013959177769720554)","(0.5489341616630554, 0.4388657212257385, 0.05329074710607529)","(0.537668764591217, 0.41959354281425476, 0.0901927500963211)","(0.5373512506484985, 0.3900087773799896, 0.11437583714723587)","(0.6015775799751282, 0.3514760136604309, 0.015777133405208588)","(0.5757147669792175, 0.42275187373161316, 0.04976803809404373)","(0.5607730150222778, 0.41917580366134644, 0.08117654919624329)","(0.5572534799575806, 0.3982124328613281, 0.1024780422449112)",Reach
1942,"(0.5992026329040527, 0.08152472972869873, -7.291998190339655e-05)","(0.5490229725837708, 0.15163198113441467, 0.06283552199602127)","(0.5272699594497681, 0.22030365467071533, 0.09877894818782806)","(0.512179970741272, 0.28165075182914734, 0.12691889703273773)","(0.5049369931221008, 0.31617122888565063, 0.1547328531742096)","(0.5118333101272583, 0.2986842393875122, 0.05942738801240921)","(0.4751584827899933, 0.3730013370513916, 0.09365259110927582)","(0.46243202686309814, 0.3819948434829712, 0.12537603080272675)","(0.4565138816833496, 0.3768458962440491, 0.152194082736969)","(0.5213553309440613, 0.3138253390789032, 0.04340202733874321)","(0.4815417230129242, 0.4049929976463318, 0.08755692094564438)","(0.46982818841934204, 0.3943454623222351, 0.12498907744884491)","(0.46612417697906494, 0.36973851919174194, 0.15043988823890686)","(0.5309460759162903, 0.31582510471343994, 0.033901337534189224)","(0.4941093623638153, 0.400073766708374, 0.07813888788223267)","(0.4799109697341919, 0.3808342218399048, 0.11235064268112183)","(0.4767698645591736, 0.35614973306655884, 0.1333051174879074)","(0.5391361713409424, 0.30696311593055725, 0.030020620673894882)","(0.5117226243019104, 0.3739374876022339, 0.06829309463500977)","(0.4965572953224182, 0.37556561827659607, 0.0979502871632576)","(0.49124816060066223, 0.36477261781692505, 0.11642680317163467)",Reach
1943,"(0.5648120641708374, 0.06153950095176697, -6.401269638445228e-05)","(0.5008699893951416, 0.12364362180233002, 0.05347251892089844)","(0.474185585975647, 0.18806341290473938, 0.08389075100421906)","(0.45777058601379395, 0.25002211332321167, 0.10995521396398544)","(0.44996970891952515, 0.2889117896556854, 0.1376478224992752)","(0.463716983795166, 0.26836681365966797, 0.04787634313106537)","(0.42122024297714233, 0.33645331859588623, 0.08040128648281097)","(0.40906989574432373, 0.3370625376701355, 0.1073303297162056)","(0.406307578086853, 0.32728418707847595, 0.12654942274093628)","(0.47850871086120605, 0.28882646560668945, 0.03628198429942131)","(0.4346858561038971, 0.36803579330444336, 0.07963798940181732)","(0.42486321926116943, 0.34861451387405396, 0.11040046811103821)","(0.42549124360084534, 0.319716215133667, 0.12722507119178772)","(0.4942760765552521, 0.29543471336364746, 0.03035736456513405)","(0.45393824577331543, 0.36657389998435974, 0.07443869858980179)","(0.4426034390926361, 0.3360610008239746, 0.1040654256939888)","(0.4444922208786011, 0.30499935150146484, 0.12025187909603119)","(0.5079325437545776, 0.29254961013793945, 0.029981164261698723)","(0.4759100675582886, 0.34881284832954407, 0.06726936995983124)","(0.46156466007232666, 0.33800897002220154, 0.09708285331726074)","(0.45943018794059753, 0.3151162266731262, 0.11525257676839828)",Reach
1944,"(0.5284584760665894, 0.037329837679862976, -5.2584739023586735e-05)","(0.48287835717201233, 0.12112152576446533, 0.05988290160894394)","(0.4586816132068634, 0.18037395179271698, 0.09420669078826904)","(0.4413861930370331, 0.2305789291858673, 0.12086990475654602)","(0.4296714663505554, 0.26018863916397095, 0.14726056158542633)","(0.4379366934299469, 0.25133925676345825, 0.06254686415195465)","(0.3930566906929016, 0.30191484093666077, 0.0954599529504776)","(0.38366252183914185, 0.2903681695461273, 0.11625233292579651)","(0.3839171230792999, 0.2750212550163269, 0.13303659856319427)","(0.4395431578159332, 0.25998610258102417, 0.047503795474767685)","(0.39425206184387207, 0.32459425926208496, 0.0930042564868927)","(0.38705265522003174, 0.2983766794204712, 0.11636017262935638)","(0.39056456089019775, 0.2663687765598297, 0.12856853008270264)","(0.44323989748954773, 0.25555986166000366, 0.037506915628910065)","(0.4016512930393219, 0.31630760431289673, 0.085370272397995)","(0.39326733350753784, 0.28241318464279175, 0.10977812856435776)","(0.39793696999549866, 0.2515893876552582, 0.12115601450204849)","(0.4458373188972473, 0.2439577728509903, 0.034040097147226334)","(0.4116983413696289, 0.2943616509437561, 0.07549881190061569)","(0.40125998854637146, 0.2833706736564636, 0.10582336038351059)","(0.4033491611480713, 0.26238471269607544, 0.12262315303087234)",Reach
1945,"(0.4912315011024475, 0.01690387725830078, -4.663837535190396e-05)","(0.4276934862136841, 0.06924514472484589, 0.04895411431789398)","(0.40114790201187134, 0.12148379534482956, 0.08042258769273758)","(0.38525819778442383, 0.1754809021949768, 0.10933287441730499)","(0.3746721148490906, 0.2134588360786438, 0.14247310161590576)","(0.3788597583770752, 0.1911303848028183, 0.050837401300668716)","(0.33242902159690857, 0.23989567160606384, 0.08478208631277084)","(0.32723695039749146, 0.22960436344146729, 0.10599260777235031)","(0.3313891291618347, 0.2151561826467514, 0.11914173513650894)","(0.39117687940597534, 0.21843299269676208, 0.04153558239340782)","(0.34944188594818115, 0.2729456424713135, 0.09011483192443848)","(0.3488444983959198, 0.24572449922561646, 0.1126832365989685)","(0.35760825872421265, 0.215931236743927, 0.12048634141683578)","(0.4081191420555115, 0.23096343874931335, 0.03837417811155319)","(0.369839608669281, 0.2786184847354889, 0.08858826011419296)","(0.3674909770488739, 0.24415552616119385, 0.11282651126384735)","(0.3772040605545044, 0.21209540963172913, 0.12272943556308746)","(0.42432311177253723, 0.2352776974439621, 0.039334602653980255)","(0.39151957631111145, 0.2767166793346405, 0.08105930685997009)","(0.3842737078666687, 0.25602996349334717, 0.11178702861070633)","(0.3898368179798126, 0.22549709677696228, 0.12890097498893738)",Reach
1946,"(0.448883056640625, -0.013692215085029602, -2.7017904358217493e-05)","(0.4197307825088501, 0.07864822447299957, 0.05470991134643555)","(0.40008053183555603, 0.1297401338815689, 0.09099886566400528)","(0.3815978765487671, 0.17229130864143372, 0.12062495201826096)","(0.36580076813697815, 0.19658124446868896, 0.1512478142976761)","(0.3663342297077179, 0.1855851411819458, 0.0724988803267479)","(0.32207977771759033, 0.22257180511951447, 0.11003530770540237)","(0.31732410192489624, 0.20290717482566833, 0.13105806708335876)","(0.3218851089477539, 0.1830914467573166, 0.1458849012851715)","(0.3566734194755554, 0.18692411482334137, 0.05943683907389641)","(0.3146282732486725, 0.2353590875864029, 0.11011599749326706)","(0.3155539035797119, 0.20957279205322266, 0.1328243911266327)","(0.3252536952495575, 0.182352215051651, 0.14333955943584442)","(0.3520893454551697, 0.17617486417293549, 0.0504005029797554)","(0.3146649897098541, 0.22213922441005707, 0.10034440457820892)","(0.3145928978919983, 0.18944191932678223, 0.1217840388417244)","(0.3238861858844757, 0.16397754848003387, 0.13075287640094757)","(0.3481080234050751, 0.16067595779895782, 0.046635840088129044)","(0.31659263372421265, 0.20035633444786072, 0.09047669917345047)","(0.3143695294857025, 0.1833360642194748, 0.12227017432451248)","(0.32125380635261536, 0.16048334538936615, 0.1394903063774109)",Negative
1947,"(0.4350143074989319, 0.00017113983631134033, -1.880269883258734e-05)","(0.37137675285339355, 0.03527585417032242, 0.03628526255488396)","(0.33806705474853516, 0.07027771323919296, 0.058941423892974854)","(0.3163396418094635, 0.1088448017835617, 0.07998103648424149)","(0.3030577003955841, 0.14239251613616943, 0.10706611722707748)","(0.31103748083114624, 0.11248936504125595, 0.030611904338002205)","(0.26759228110313416, 0.15640448033809662, 0.05524471402168274)","(0.27030396461486816, 0.14175286889076233, 0.07275237888097763)","(0.2806915044784546, 0.12600448727607727, 0.08385267108678818)","(0.3201262950897217, 0.13625743985176086, 0.022196857258677483)","(0.2782303988933563, 0.18412156403064728, 0.05773701146245003)","(0.2853580415248871, 0.16466696560382843, 0.07658236473798752)","(0.29716652631759644, 0.14340196549892426, 0.08473460376262665)","(0.3340917229652405, 0.15248167514801025, 0.017920836806297302)","(0.29496192932128906, 0.19448207318782806, 0.05398162454366684)","(0.30005696415901184, 0.16798171401023865, 0.07354830205440521)","(0.3121755123138428, 0.14130455255508423, 0.08062928915023804)","(0.34825271368026733, 0.16346237063407898, 0.01694803312420845)","(0.3142768144607544, 0.2009086310863495, 0.04980984702706337)","(0.31513988971710205, 0.1786240190267563, 0.07338784635066986)","(0.32508742809295654, 0.14728762209415436, 0.0857032835483551)",Negative
1948,"(0.41773512959480286, 0.010477259755134583, -4.234785956214182e-05)","(0.3557940423488617, 0.023170851171016693, 0.037147752940654755)","(0.31752270460128784, 0.04774928092956543, 0.058289069682359695)","(0.2905365824699402, 0.0790688544511795, 0.07675724476575851)","(0.27287545800209045, 0.1007370874285698, 0.09908431768417358)","(0.28661197423934937, 0.07760994881391525, 0.025766639038920403)","(0.23814067244529724, 0.1068863645195961, 0.05406273528933525)","(0.24015659093856812, 0.09717220813035965, 0.0765247493982315)","(0.2490314096212387, 0.08283528685569763, 0.09190373867750168)","(0.2940395176410675, 0.10303974151611328, 0.016530809924006462)","(0.25028592348098755, 0.1358603686094284, 0.052936993539333344)","(0.25567394495010376, 0.1216815710067749, 0.07459647953510284)","(0.26525330543518066, 0.10337240248918533, 0.0846782773733139)","(0.30664509534835815, 0.12321873009204865, 0.012319330126047134)","(0.2677590847015381, 0.15541242063045502, 0.04711209237575531)","(0.2739879786968231, 0.13340015709400177, 0.06732797622680664)","(0.2862376868724823, 0.11199629306793213, 0.07619757205247879)","(0.3213532865047455, 0.13874118030071259, 0.011950884014368057)","(0.28477272391319275, 0.16609229147434235, 0.04553602263331413)","(0.2878255248069763, 0.14762119948863983, 0.07125643640756607)","(0.3012678623199463, 0.12526127696037292, 0.08786477893590927)",Negative
1949,"(0, 0, 0)","(0, 0, 0)","(0, 0, 0)","(0, 0, 0)","(0, 0, 0)","(0, 0, 0)","(0, 0, 0)","(0, 0, 0)","(0, 0, 0)","(0, 0, 0)","(0, 0, 0)","(0, 0, 0)","(0, 0, 0)","(0, 0, 0)","(0, 0, 0)","(0, 0, 0)","(0, 0, 0)","(0, 0, 0)","(0, 0, 0)","(0, 0, 0)","(0, 0, 0)",Negative
1950,"(0.29696929454803467, -0.018623962998390198, -7.224672299344093e-05)","(0.24121487140655518, -0.03897787630558014, 0.027920929715037346)","(0.20360547304153442, -0.02575743943452835, 0.03138986974954605)","(0.1779860407114029, -0.0037339292466640472, 0.03536822646856308)","(0.1641170084476471, 0.018787942826747894, 0.037914738059043884)","(0.19060415029525757, 0.009848527610301971, -0.03471095487475395)","(0.15306825935840607, 0.030496560037136078, -0.009303140453994274)","(0.16709114611148834, 0.009545721113681793, 0.016791222617030144)","(0.18325594067573547, -0.0028288066387176514, 0.030269447714090347)","(0.20725128054618835, 0.047229085117578506, -0.04016856476664543)","(0.1731535792350769, 0.0693749263882637, -0.007075839210301638)","(0.1856127828359604, 0.04743478074669838, 0.019355686381459236)","(0.19897402822971344, 0.03437429666519165, 0.026620589196681976)","(0.22609522938728333, 0.07761190831661224, -0.03717242553830147)","(0.19622112810611725, 0.09473174810409546, -0.0017666749190539122)","(0.20462742447853088, 0.07197082042694092, 0.017106741666793823)","(0.21811731159687042, 0.06065063923597336, 0.01548686157912016)","(0.24470700323581696, 0.10036421567201614, -0.03132370486855507)","(0.21627160906791687, 0.11605590581893921, -0.0014845043187960982)","(0.2231975793838501, 0.09585249423980713, 0.014393924735486507)","(0.23720628023147583, 0.08302812278270721, 0.0190639179199934)",Negative
1951,"(0, 0, 0)","(0, 0, 0)","(0, 0, 0)","(0, 0, 0)","(0, 0, 0)","(0, 0, 0)","(0, 0, 0)","(0, 0, 0)","(0, 0, 0)","(0, 0, 0)","(0, 0, 0)","(0, 0, 0)","(0, 0, 0)","(0, 0, 0)","(0, 0, 0)","(0, 0, 0)","(0, 0, 0)","(0, 0, 0)","(0, 0, 0)","(0, 0, 0)","(0, 0, 0)",Negative
1952,"(0, 0, 0)","(0, 0, 0)","(0, 0, 0)","(0, 0, 0)","(0, 0, 0)","(0, 0, 0)","(0, 0, 0)","(0, 0, 0)","(0, 0, 0)","(0, 0, 0)","(0, 0, 0)","(0, 0, 0)","(0, 0, 0)","(0, 0, 0)","(0, 0, 0)","(0, 0, 0)","(0, 0, 0)","(0, 0, 0)","(0, 0, 0)","(0, 0, 0)","(0, 0, 0)",Negative
1953,"(0, 0, 0)","(0, 0, 0)","(0, 0, 0)","(0, 0, 0)","(0, 0, 0)","(0, 0, 0)","(0, 0, 0)","(0, 0, 0)","(0, 0, 0)","(0, 0, 0)","(0, 0, 0)","(0, 0, 0)","(0, 0, 0)","(0, 0, 0)","(0, 0, 0)","(0, 0, 0)","(0, 0, 0)","(0, 0, 0)","(0, 0, 0)","(0, 0, 0)","(0, 0, 0)",Negative
1954,"(0, 0, 0)","(0, 0, 0)","(0, 0, 0)","(0, 0, 0)","(0, 0, 0)","(0, 0, 0)","(0, 0, 0)","(0, 0, 0)","(0, 0, 0)","(0, 0, 0)","(0, 0, 0)","(0, 0, 0)","(0, 0, 0)","(0, 0, 0)","(0, 0, 0)","(0, 0, 0)","(0, 0, 0)","(0, 0, 0)","(0, 0, 0)","(0, 0, 0)","(0, 0, 0)",Negative
1955,"(0, 0, 0)","(0, 0, 0)","(0, 0, 0)","(0, 0, 0)","(0, 0, 0)","(0, 0, 0)","(0, 0, 0)","(0, 0, 0)","(0, 0, 0)","(0, 0, 0)","(0, 0, 0)","(0, 0, 0)","(0, 0, 0)","(0, 0, 0)","(0, 0, 0)","(0, 0, 0)","(0, 0, 0)","(0, 0, 0)","(0, 0, 0)","(0, 0, 0)","(0, 0, 0)",Negative
1956,"(0, 0, 0)","(0, 0, 0)","(0, 0, 0)","(0, 0, 0)","(0, 0, 0)","(0, 0, 0)","(0, 0, 0)","(0, 0, 0)","(0, 0, 0)","(0, 0, 0)","(0, 0, 0)","(0, 0, 0)","(0, 0, 0)","(0, 0, 0)","(0, 0, 0)","(0, 0, 0)","(0, 0, 0)","(0, 0, 0)","(0, 0, 0)","(0, 0, 0)","(0, 0, 0)",Negative
1957,"(0, 0, 0)","(0, 0, 0)","(0, 0, 0)","(0, 0, 0)","(0, 0, 0)","(0, 0, 0)","(0, 0, 0)","(0, 0, 0)","(0, 0, 0)","(0, 0, 0)","(0, 0, 0)","(0, 0, 0)","(0, 0, 0)","(0, 0, 0)","(0, 0, 0)","(0, 0, 0)","(0, 0, 0)","(0, 0, 0)","(0, 0, 0)","(0, 0, 0)","(0, 0, 0)",Negative
1958,"(0, 0, 0)","(0, 0, 0)","(0, 0, 0)","(0, 0, 0)","(0, 0, 0)","(0, 0, 0)","(0, 0, 0)","(0, 0, 0)","(0, 0, 0)","(0, 0, 0)","(0, 0, 0)","(0, 0, 0)","(0, 0, 0)","(0, 0, 0)","(0, 0, 0)","(0, 0, 0)","(0, 0, 0)","(0, 0, 0)","(0, 0, 0)","(0, 0, 0)","(0, 0, 0)",Negative
1959,"(0, 0, 0)","(0, 0, 0)","(0, 0, 0)","(0, 0, 0)","(0, 0, 0)","(0, 0, 0)","(0, 0, 0)","(0, 0, 0)","(0, 0, 0)","(0, 0, 0)","(0, 0, 0)","(0, 0, 0)","(0, 0, 0)","(0, 0, 0)","(0, 0, 0)","(0, 0, 0)","(0, 0, 0)","(0, 0, 0)","(0, 0, 0)","(0, 0, 0)","(0, 0, 0)",Negative
1960,"(0, 0, 0)","(0, 0, 0)","(0, 0, 0)","(0, 0, 0)","(0, 0, 0)","(0, 0, 0)","(0, 0, 0)","(0, 0, 0)","(0, 0, 0)","(0, 0, 0)","(0, 0, 0)","(0, 0, 0)","(0, 0, 0)","(0, 0, 0)","(0, 0, 0)","(0, 0, 0)","(0, 0, 0)","(0, 0, 0)","(0, 0, 0)","(0, 0, 0)","(0, 0, 0)",Negative
1961,"(0, 0, 0)","(0, 0, 0)","(0, 0, 0)","(0, 0, 0)","(0, 0, 0)","(0, 0, 0)","(0, 0, 0)","(0, 0, 0)","(0, 0, 0)","(0, 0, 0)","(0, 0, 0)","(0, 0, 0)","(0, 0, 0)","(0, 0, 0)","(0, 0, 0)","(0, 0, 0)","(0, 0, 0)","(0, 0, 0)","(0, 0, 0)","(0, 0, 0)","(0, 0, 0)",Negative
1962,"(0, 0, 0)","(0, 0, 0)","(0, 0, 0)","(0, 0, 0)","(0, 0, 0)","(0, 0, 0)","(0, 0, 0)","(0, 0, 0)","(0, 0, 0)","(0, 0, 0)","(0, 0, 0)","(0, 0, 0)","(0, 0, 0)","(0, 0, 0)","(0, 0, 0)","(0, 0, 0)","(0, 0, 0)","(0, 0, 0)","(0, 0, 0)","(0, 0, 0)","(0, 0, 0)",Negative
1963,"(0, 0, 0)","(0, 0, 0)","(0, 0, 0)","(0, 0, 0)","(0, 0, 0)","(0, 0, 0)","(0, 0, 0)","(0, 0, 0)","(0, 0, 0)","(0, 0, 0)","(0, 0, 0)","(0, 0, 0)","(0, 0, 0)","(0, 0, 0)","(0, 0, 0)","(0, 0, 0)","(0, 0, 0)","(0, 0, 0)","(0, 0, 0)","(0, 0, 0)","(0, 0, 0)",Negative
1964,"(0, 0, 0)","(0, 0, 0)","(0, 0, 0)","(0, 0, 0)","(0, 0, 0)","(0, 0, 0)","(0, 0, 0)","(0, 0, 0)","(0, 0, 0)","(0, 0, 0)","(0, 0, 0)","(0, 0, 0)","(0, 0, 0)","(0, 0, 0)","(0, 0, 0)","(0, 0, 0)","(0, 0, 0)","(0, 0, 0)","(0, 0, 0)","(0, 0, 0)","(0, 0, 0)",Negative
1965,"(0, 0, 0)","(0, 0, 0)","(0, 0, 0)","(0, 0, 0)","(0, 0, 0)","(0, 0, 0)","(0, 0, 0)","(0, 0, 0)","(0, 0, 0)","(0, 0, 0)","(0, 0, 0)","(0, 0, 0)","(0, 0, 0)","(0, 0, 0)","(0, 0, 0)","(0, 0, 0)","(0, 0, 0)","(0, 0, 0)","(0, 0, 0)","(0, 0, 0)","(0, 0, 0)",Negative
1966,"(0, 0, 0)","(0, 0, 0)","(0, 0, 0)","(0, 0, 0)","(0, 0, 0)","(0, 0, 0)","(0, 0, 0)","(0, 0, 0)","(0, 0, 0)","(0, 0, 0)","(0, 0, 0)","(0, 0, 0)","(0, 0, 0)","(0, 0, 0)","(0, 0, 0)","(0, 0, 0)","(0, 0, 0)","(0, 0, 0)","(0, 0, 0)","(0, 0, 0)","(0, 0, 0)",Negative
1967,"(0, 0, 0)","(0, 0, 0)","(0, 0, 0)","(0, 0, 0)","(0, 0, 0)","(0, 0, 0)","(0, 0, 0)","(0, 0, 0)","(0, 0, 0)","(0, 0, 0)","(0, 0, 0)","(0, 0, 0)","(0, 0, 0)","(0, 0, 0)","(0, 0, 0)","(0, 0, 0)","(0, 0, 0)","(0, 0, 0)","(0, 0, 0)","(0, 0, 0)","(0, 0, 0)",Negative
1968,"(0, 0, 0)","(0, 0, 0)","(0, 0, 0)","(0, 0, 0)","(0, 0, 0)","(0, 0, 0)","(0, 0, 0)","(0, 0, 0)","(0, 0, 0)","(0, 0, 0)","(0, 0, 0)","(0, 0, 0)","(0, 0, 0)","(0, 0, 0)","(0, 0, 0)","(0, 0, 0)","(0, 0, 0)","(0, 0, 0)","(0, 0, 0)","(0, 0, 0)","(0, 0, 0)",Negative
1969,"(0, 0, 0)","(0, 0, 0)","(0, 0, 0)","(0, 0, 0)","(0, 0, 0)","(0, 0, 0)","(0, 0, 0)","(0, 0, 0)","(0, 0, 0)","(0, 0, 0)","(0, 0, 0)","(0, 0, 0)","(0, 0, 0)","(0, 0, 0)","(0, 0, 0)","(0, 0, 0)","(0, 0, 0)","(0, 0, 0)","(0, 0, 0)","(0, 0, 0)","(0, 0, 0)",Negative
1970,"(0, 0, 0)","(0, 0, 0)","(0, 0, 0)","(0, 0, 0)","(0, 0, 0)","(0, 0, 0)","(0, 0, 0)","(0, 0, 0)","(0, 0, 0)","(0, 0, 0)","(0, 0, 0)","(0, 0, 0)","(0, 0, 0)","(0, 0, 0)","(0, 0, 0)","(0, 0, 0)","(0, 0, 0)","(0, 0, 0)","(0, 0, 0)","(0, 0, 0)","(0, 0, 0)",Negative
1971,"(0, 0, 0)","(0, 0, 0)","(0, 0, 0)","(0, 0, 0)","(0, 0, 0)","(0, 0, 0)","(0, 0, 0)","(0, 0, 0)","(0, 0, 0)","(0, 0, 0)","(0, 0, 0)","(0, 0, 0)","(0, 0, 0)","(0, 0, 0)","(0, 0, 0)","(0, 0, 0)","(0, 0, 0)","(0, 0, 0)","(0, 0, 0)","(0, 0, 0)","(0, 0, 0)",Negative
1972,"(0, 0, 0)","(0, 0, 0)","(0, 0, 0)","(0, 0, 0)","(0, 0, 0)","(0, 0, 0)","(0, 0, 0)","(0, 0, 0)","(0, 0, 0)","(0, 0, 0)","(0, 0, 0)","(0, 0, 0)","(0, 0, 0)","(0, 0, 0)","(0, 0, 0)","(0, 0, 0)","(0, 0, 0)","(0, 0, 0)","(0, 0, 0)","(0, 0, 0)","(0, 0, 0)",Negative
1973,"(0, 0, 0)","(0, 0, 0)","(0, 0, 0)","(0, 0, 0)","(0, 0, 0)","(0, 0, 0)","(0, 0, 0)","(0, 0, 0)","(0, 0, 0)","(0, 0, 0)","(0, 0, 0)","(0, 0, 0)","(0, 0, 0)","(0, 0, 0)","(0, 0, 0)","(0, 0, 0)","(0, 0, 0)","(0, 0, 0)","(0, 0, 0)","(0, 0, 0)","(0, 0, 0)",Negative
1974,"(0, 0, 0)","(0, 0, 0)","(0, 0, 0)","(0, 0, 0)","(0, 0, 0)","(0, 0, 0)","(0, 0, 0)","(0, 0, 0)","(0, 0, 0)","(0, 0, 0)","(0, 0, 0)","(0, 0, 0)","(0, 0, 0)","(0, 0, 0)","(0, 0, 0)","(0, 0, 0)","(0, 0, 0)","(0, 0, 0)","(0, 0, 0)","(0, 0, 0)","(0, 0, 0)",Negative
1975,"(0, 0, 0)","(0, 0, 0)","(0, 0, 0)","(0, 0, 0)","(0, 0, 0)","(0, 0, 0)","(0, 0, 0)","(0, 0, 0)","(0, 0, 0)","(0, 0, 0)","(0, 0, 0)","(0, 0, 0)","(0, 0, 0)","(0, 0, 0)","(0, 0, 0)","(0, 0, 0)","(0, 0, 0)","(0, 0, 0)","(0, 0, 0)","(0, 0, 0)","(0, 0, 0)",Negative
1976,"(0, 0, 0)","(0, 0, 0)","(0, 0, 0)","(0, 0, 0)","(0, 0, 0)","(0, 0, 0)","(0, 0, 0)","(0, 0, 0)","(0, 0, 0)","(0, 0, 0)","(0, 0, 0)","(0, 0, 0)","(0, 0, 0)","(0, 0, 0)","(0, 0, 0)","(0, 0, 0)","(0, 0, 0)","(0, 0, 0)","(0, 0, 0)","(0, 0, 0)","(0, 0, 0)",Negative
1977,"(0, 0, 0)","(0, 0, 0)","(0, 0, 0)","(0, 0, 0)","(0, 0, 0)","(0, 0, 0)","(0, 0, 0)","(0, 0, 0)","(0, 0, 0)","(0, 0, 0)","(0, 0, 0)","(0, 0, 0)","(0, 0, 0)","(0, 0, 0)","(0, 0, 0)","(0, 0, 0)","(0, 0, 0)","(0, 0, 0)","(0, 0, 0)","(0, 0, 0)","(0, 0, 0)",Negative
1978,"(0, 0, 0)","(0, 0, 0)","(0, 0, 0)","(0, 0, 0)","(0, 0, 0)","(0, 0, 0)","(0, 0, 0)","(0, 0, 0)","(0, 0, 0)","(0, 0, 0)","(0, 0, 0)","(0, 0, 0)","(0, 0, 0)","(0, 0, 0)","(0, 0, 0)","(0, 0, 0)","(0, 0, 0)","(0, 0, 0)","(0, 0, 0)","(0, 0, 0)","(0, 0, 0)",Negative
1979,"(0, 0, 0)","(0, 0, 0)","(0, 0, 0)","(0, 0, 0)","(0, 0, 0)","(0, 0, 0)","(0, 0, 0)","(0, 0, 0)","(0, 0, 0)","(0, 0, 0)","(0, 0, 0)","(0, 0, 0)","(0, 0, 0)","(0, 0, 0)","(0, 0, 0)","(0, 0, 0)","(0, 0, 0)","(0, 0, 0)","(0, 0, 0)","(0, 0, 0)","(0, 0, 0)",Negative
1980,"(0, 0, 0)","(0, 0, 0)","(0, 0, 0)","(0, 0, 0)","(0, 0, 0)","(0, 0, 0)","(0, 0, 0)","(0, 0, 0)","(0, 0, 0)","(0, 0, 0)","(0, 0, 0)","(0, 0, 0)","(0, 0, 0)","(0, 0, 0)","(0, 0, 0)","(0, 0, 0)","(0, 0, 0)","(0, 0, 0)","(0, 0, 0)","(0, 0, 0)","(0, 0, 0)",Negative
1981,"(0, 0, 0)","(0, 0, 0)","(0, 0, 0)","(0, 0, 0)","(0, 0, 0)","(0, 0, 0)","(0, 0, 0)","(0, 0, 0)","(0, 0, 0)","(0, 0, 0)","(0, 0, 0)","(0, 0, 0)","(0, 0, 0)","(0, 0, 0)","(0, 0, 0)","(0, 0, 0)","(0, 0, 0)","(0, 0, 0)","(0, 0, 0)","(0, 0, 0)","(0, 0, 0)",Negative
1982,"(0.23534472286701202, 0.062459804117679596, -2.705023689486552e-05)","(0.20959597826004028, 0.10075893998146057, 0.04241817072033882)","(0.1912924200296402, 0.11043860763311386, 0.07301375269889832)","(0.18188846111297607, 0.10719016194343567, 0.09674188494682312)","(0.17327509820461273, 0.1032121554017067, 0.11650579422712326)","(0.15749680995941162, 0.10919926315546036, 0.08716131001710892)","(0.1535879671573639, 0.10514775663614273, 0.13071808218955994)","(0.160838320851326, 0.09615378081798553, 0.14472642540931702)","(0.16678252816200256, 0.09121589362621307, 0.14528006315231323)","(0.16326171159744263, 0.08609378337860107, 0.08029375225305557)","(0.15647172927856445, 0.0791420042514801, 0.13129177689552307)","(0.16375935077667236, 0.07116332650184631, 0.14322079718112946)","(0.17176006734371185, 0.06528224050998688, 0.144977405667305)","(0.17255771160125732, 0.06374245136976242, 0.0759086161851883)","(0.1713741421699524, 0.054434847086668015, 0.11965397745370865)","(0.18013319373130798, 0.05104093253612518, 0.11945563554763794)","(0.18725168704986572, 0.05300315469503403, 0.11281277239322662)","(0.18364498019218445, 0.04160945862531662, 0.07457029074430466)","(0.1850539892911911, 0.03672419488430023, 0.10559320449829102)","(0.1935437023639679, 0.035185664892196655, 0.11293306201696396)","(0.20068727433681488, 0.037289902567863464, 0.11344512552022934)",Negative
1983,"(0.23143193125724792, 0.08669568598270416, 5.298397240949271e-07)","(0.2069869190454483, 0.0968388244509697, 0.036058057099580765)","(0.18909449875354767, 0.09408684819936752, 0.06506919115781784)","(0.1787077635526657, 0.084896981716156, 0.08914784342050552)","(0.17162224650382996, 0.07652708888053894, 0.10976383835077286)","(0.156511589884758, 0.10010380297899246, 0.06712324172258377)","(0.1573866456747055, 0.07800017297267914, 0.10823079198598862)","(0.16195788979530334, 0.0668642520904541, 0.12499218434095383)","(0.1640501171350479, 0.06539887189865112, 0.13199679553508759)","(0.16239497065544128, 0.08536247164011002, 0.06332457810640335)","(0.1629869043827057, 0.06263594329357147, 0.10635390877723694)","(0.16993871331214905, 0.05182313174009323, 0.11570187658071518)","(0.17621107399463654, 0.0483393520116806, 0.12094082683324814)","(0.17315304279327393, 0.0690542608499527, 0.06315800547599792)","(0.17416545748710632, 0.04747253283858299, 0.09913867712020874)","(0.18140070140361786, 0.04172781854867935, 0.0943974182009697)","(0.18719924986362457, 0.04313195124268532, 0.08819423615932465)","(0.18498967587947845, 0.05371491611003876, 0.06602702289819717)","(0.1828226000070572, 0.03909322991967201, 0.08855527639389038)","(0.1890111267566681, 0.03521804139018059, 0.0896705687046051)","(0.1956002563238144, 0.036586031317710876, 0.08898710459470749)",Negative
1984,"(0.2207351177930832, 0.08519446849822998, 2.216540018196156e-08)","(0.1992475390434265, 0.10552573204040527, 0.036497171968221664)","(0.1830887645483017, 0.10341394692659378, 0.06355445086956024)","(0.17178025841712952, 0.09451237320899963, 0.0861179307103157)","(0.16675704717636108, 0.08439378440380096, 0.1031067818403244)","(0.1569226086139679, 0.0919635072350502, 0.05938766151666641)","(0.16074740886688232, 0.08063629269599915, 0.10144548863172531)","(0.16818760335445404, 0.07578279823064804, 0.11868483573198318)","(0.17308421432971954, 0.07561661303043365, 0.12396149337291718)","(0.1607518345117569, 0.07267643511295319, 0.05428026244044304)","(0.16683317720890045, 0.061738088726997375, 0.09853952378034592)","(0.17711883783340454, 0.0593828447163105, 0.1054074764251709)","(0.18488675355911255, 0.06002078577876091, 0.10379395633935928)","(0.16986051201820374, 0.05425390601158142, 0.05347485467791557)","(0.1753547042608261, 0.04475187137722969, 0.09040582925081253)","(0.1846245527267456, 0.04585779458284378, 0.0835859477519989)","(0.1911027878522873, 0.0488184317946434, 0.07254179567098618)","(0.18050284683704376, 0.03860996291041374, 0.05541296675801277)","(0.18189670145511627, 0.029605776071548462, 0.07966111600399017)","(0.18970075249671936, 0.03066720813512802, 0.08091279119253159)","(0.19677847623825073, 0.03436741232872009, 0.07854034751653671)",Negative
1985,"(0, 0, 0)","(0, 0, 0)","(0, 0, 0)","(0, 0, 0)","(0, 0, 0)","(0, 0, 0)","(0, 0, 0)","(0, 0, 0)","(0, 0, 0)","(0, 0, 0)","(0, 0, 0)","(0, 0, 0)","(0, 0, 0)","(0, 0, 0)","(0, 0, 0)","(0, 0, 0)","(0, 0, 0)","(0, 0, 0)","(0, 0, 0)","(0, 0, 0)","(0, 0, 0)",Negative
1986,"(0, 0, 0)","(0, 0, 0)","(0, 0, 0)","(0, 0, 0)","(0, 0, 0)","(0, 0, 0)","(0, 0, 0)","(0, 0, 0)","(0, 0, 0)","(0, 0, 0)","(0, 0, 0)","(0, 0, 0)","(0, 0, 0)","(0, 0, 0)","(0, 0, 0)","(0, 0, 0)","(0, 0, 0)","(0, 0, 0)","(0, 0, 0)","(0, 0, 0)","(0, 0, 0)",Negative
1987,"(0, 0, 0)","(0, 0, 0)","(0, 0, 0)","(0, 0, 0)","(0, 0, 0)","(0, 0, 0)","(0, 0, 0)","(0, 0, 0)","(0, 0, 0)","(0, 0, 0)","(0, 0, 0)","(0, 0, 0)","(0, 0, 0)","(0, 0, 0)","(0, 0, 0)","(0, 0, 0)","(0, 0, 0)","(0, 0, 0)","(0, 0, 0)","(0, 0, 0)","(0, 0, 0)",Negative
1988,"(0, 0, 0)","(0, 0, 0)","(0, 0, 0)","(0, 0, 0)","(0, 0, 0)","(0, 0, 0)","(0, 0, 0)","(0, 0, 0)","(0, 0, 0)","(0, 0, 0)","(0, 0, 0)","(0, 0, 0)","(0, 0, 0)","(0, 0, 0)","(0, 0, 0)","(0, 0, 0)","(0, 0, 0)","(0, 0, 0)","(0, 0, 0)","(0, 0, 0)","(0, 0, 0)",Negative
1989,"(0, 0, 0)","(0, 0, 0)","(0, 0, 0)","(0, 0, 0)","(0, 0, 0)","(0, 0, 0)","(0, 0, 0)","(0, 0, 0)","(0, 0, 0)","(0, 0, 0)","(0, 0, 0)","(0, 0, 0)","(0, 0, 0)","(0, 0, 0)","(0, 0, 0)","(0, 0, 0)","(0, 0, 0)","(0, 0, 0)","(0, 0, 0)","(0, 0, 0)","(0, 0, 0)",Negative
1990,"(0, 0, 0)","(0, 0, 0)","(0, 0, 0)","(0, 0, 0)","(0, 0, 0)","(0, 0, 0)","(0, 0, 0)","(0, 0, 0)","(0, 0, 0)","(0, 0, 0)","(0, 0, 0)","(0, 0, 0)","(0, 0, 0)","(0, 0, 0)","(0, 0, 0)","(0, 0, 0)","(0, 0, 0)","(0, 0, 0)","(0, 0, 0)","(0, 0, 0)","(0, 0, 0)",Negative
1991,"(0, 0, 0)","(0, 0, 0)","(0, 0, 0)","(0, 0, 0)","(0, 0, 0)","(0, 0, 0)","(0, 0, 0)","(0, 0, 0)","(0, 0, 0)","(0, 0, 0)","(0, 0, 0)","(0, 0, 0)","(0, 0, 0)","(0, 0, 0)","(0, 0, 0)","(0, 0, 0)","(0, 0, 0)","(0, 0, 0)","(0, 0, 0)","(0, 0, 0)","(0, 0, 0)",Negative
1992,"(0, 0, 0)","(0, 0, 0)","(0, 0, 0)","(0, 0, 0)","(0, 0, 0)","(0, 0, 0)","(0, 0, 0)","(0, 0, 0)","(0, 0, 0)","(0, 0, 0)","(0, 0, 0)","(0, 0, 0)","(0, 0, 0)","(0, 0, 0)","(0, 0, 0)","(0, 0, 0)","(0, 0, 0)","(0, 0, 0)","(0, 0, 0)","(0, 0, 0)","(0, 0, 0)",Negative
1993,"(0, 0, 0)","(0, 0, 0)","(0, 0, 0)","(0, 0, 0)","(0, 0, 0)","(0, 0, 0)","(0, 0, 0)","(0, 0, 0)","(0, 0, 0)","(0, 0, 0)","(0, 0, 0)","(0, 0, 0)","(0, 0, 0)","(0, 0, 0)","(0, 0, 0)","(0, 0, 0)","(0, 0, 0)","(0, 0, 0)","(0, 0, 0)","(0, 0, 0)","(0, 0, 0)",Negative
1994,"(0, 0, 0)","(0, 0, 0)","(0, 0, 0)","(0, 0, 0)","(0, 0, 0)","(0, 0, 0)","(0, 0, 0)","(0, 0, 0)","(0, 0, 0)","(0, 0, 0)","(0, 0, 0)","(0, 0, 0)","(0, 0, 0)","(0, 0, 0)","(0, 0, 0)","(0, 0, 0)","(0, 0, 0)","(0, 0, 0)","(0, 0, 0)","(0, 0, 0)","(0, 0, 0)",Negative
1995,"(0, 0, 0)","(0, 0, 0)","(0, 0, 0)","(0, 0, 0)","(0, 0, 0)","(0, 0, 0)","(0, 0, 0)","(0, 0, 0)","(0, 0, 0)","(0, 0, 0)","(0, 0, 0)","(0, 0, 0)","(0, 0, 0)","(0, 0, 0)","(0, 0, 0)","(0, 0, 0)","(0, 0, 0)","(0, 0, 0)","(0, 0, 0)","(0, 0, 0)","(0, 0, 0)",Negative
1996,"(0, 0, 0)","(0, 0, 0)","(0, 0, 0)","(0, 0, 0)","(0, 0, 0)","(0, 0, 0)","(0, 0, 0)","(0, 0, 0)","(0, 0, 0)","(0, 0, 0)","(0, 0, 0)","(0, 0, 0)","(0, 0, 0)","(0, 0, 0)","(0, 0, 0)","(0, 0, 0)","(0, 0, 0)","(0, 0, 0)","(0, 0, 0)","(0, 0, 0)","(0, 0, 0)",Negative
1997,"(0, 0, 0)","(0, 0, 0)","(0, 0, 0)","(0, 0, 0)","(0, 0, 0)","(0, 0, 0)","(0, 0, 0)","(0, 0, 0)","(0, 0, 0)","(0, 0, 0)","(0, 0, 0)","(0, 0, 0)","(0, 0, 0)","(0, 0, 0)","(0, 0, 0)","(0, 0, 0)","(0, 0, 0)","(0, 0, 0)","(0, 0, 0)","(0, 0, 0)","(0, 0, 0)",Negative
1998,"(0, 0, 0)","(0, 0, 0)","(0, 0, 0)","(0, 0, 0)","(0, 0, 0)","(0, 0, 0)","(0, 0, 0)","(0, 0, 0)","(0, 0, 0)","(0, 0, 0)","(0, 0, 0)","(0, 0, 0)","(0, 0, 0)","(0, 0, 0)","(0, 0, 0)","(0, 0, 0)","(0, 0, 0)","(0, 0, 0)","(0, 0, 0)","(0, 0, 0)","(0, 0, 0)",Negative
1999,"(0, 0, 0)","(0, 0, 0)","(0, 0, 0)","(0, 0, 0)","(0, 0, 0)","(0, 0, 0)","(0, 0, 0)","(0, 0, 0)","(0, 0, 0)","(0, 0, 0)","(0, 0, 0)","(0, 0, 0)","(0, 0, 0)","(0, 0, 0)","(0, 0, 0)","(0, 0, 0)","(0, 0, 0)","(0, 0, 0)","(0, 0, 0)","(0, 0, 0)","(0, 0, 0)",Negative
2000,"(0, 0, 0)","(0, 0, 0)","(0, 0, 0)","(0, 0, 0)","(0, 0, 0)","(0, 0, 0)","(0, 0, 0)","(0, 0, 0)","(0, 0, 0)","(0, 0, 0)","(0, 0, 0)","(0, 0, 0)","(0, 0, 0)","(0, 0, 0)","(0, 0, 0)","(0, 0, 0)","(0, 0, 0)","(0, 0, 0)","(0, 0, 0)","(0, 0, 0)","(0, 0, 0)",Negative
2001,"(0, 0, 0)","(0, 0, 0)","(0, 0, 0)","(0, 0, 0)","(0, 0, 0)","(0, 0, 0)","(0, 0, 0)","(0, 0, 0)","(0, 0, 0)","(0, 0, 0)","(0, 0, 0)","(0, 0, 0)","(0, 0, 0)","(0, 0, 0)","(0, 0, 0)","(0, 0, 0)","(0, 0, 0)","(0, 0, 0)","(0, 0, 0)","(0, 0, 0)","(0, 0, 0)",Negative
2002,"(0, 0, 0)","(0, 0, 0)","(0, 0, 0)","(0, 0, 0)","(0, 0, 0)","(0, 0, 0)","(0, 0, 0)","(0, 0, 0)","(0, 0, 0)","(0, 0, 0)","(0, 0, 0)","(0, 0, 0)","(0, 0, 0)","(0, 0, 0)","(0, 0, 0)","(0, 0, 0)","(0, 0, 0)","(0, 0, 0)","(0, 0, 0)","(0, 0, 0)","(0, 0, 0)",Negative
2003,"(0, 0, 0)","(0, 0, 0)","(0, 0, 0)","(0, 0, 0)","(0, 0, 0)","(0, 0, 0)","(0, 0, 0)","(0, 0, 0)","(0, 0, 0)","(0, 0, 0)","(0, 0, 0)","(0, 0, 0)","(0, 0, 0)","(0, 0, 0)","(0, 0, 0)","(0, 0, 0)","(0, 0, 0)","(0, 0, 0)","(0, 0, 0)","(0, 0, 0)","(0, 0, 0)",Negative
2004,"(0, 0, 0)","(0, 0, 0)","(0, 0, 0)","(0, 0, 0)","(0, 0, 0)","(0, 0, 0)","(0, 0, 0)","(0, 0, 0)","(0, 0, 0)","(0, 0, 0)","(0, 0, 0)","(0, 0, 0)","(0, 0, 0)","(0, 0, 0)","(0, 0, 0)","(0, 0, 0)","(0, 0, 0)","(0, 0, 0)","(0, 0, 0)","(0, 0, 0)","(0, 0, 0)",Negative
2005,"(0, 0, 0)","(0, 0, 0)","(0, 0, 0)","(0, 0, 0)","(0, 0, 0)","(0, 0, 0)","(0, 0, 0)","(0, 0, 0)","(0, 0, 0)","(0, 0, 0)","(0, 0, 0)","(0, 0, 0)","(0, 0, 0)","(0, 0, 0)","(0, 0, 0)","(0, 0, 0)","(0, 0, 0)","(0, 0, 0)","(0, 0, 0)","(0, 0, 0)","(0, 0, 0)",Negative
2006,"(0, 0, 0)","(0, 0, 0)","(0, 0, 0)","(0, 0, 0)","(0, 0, 0)","(0, 0, 0)","(0, 0, 0)","(0, 0, 0)","(0, 0, 0)","(0, 0, 0)","(0, 0, 0)","(0, 0, 0)","(0, 0, 0)","(0, 0, 0)","(0, 0, 0)","(0, 0, 0)","(0, 0, 0)","(0, 0, 0)","(0, 0, 0)","(0, 0, 0)","(0, 0, 0)",Negative
2007,"(0, 0, 0)","(0, 0, 0)","(0, 0, 0)","(0, 0, 0)","(0, 0, 0)","(0, 0, 0)","(0, 0, 0)","(0, 0, 0)","(0, 0, 0)","(0, 0, 0)","(0, 0, 0)","(0, 0, 0)","(0, 0, 0)","(0, 0, 0)","(0, 0, 0)","(0, 0, 0)","(0, 0, 0)","(0, 0, 0)","(0, 0, 0)","(0, 0, 0)","(0, 0, 0)",Negative
2008,"(0, 0, 0)","(0, 0, 0)","(0, 0, 0)","(0, 0, 0)","(0, 0, 0)","(0, 0, 0)","(0, 0, 0)","(0, 0, 0)","(0, 0, 0)","(0, 0, 0)","(0, 0, 0)","(0, 0, 0)","(0, 0, 0)","(0, 0, 0)","(0, 0, 0)","(0, 0, 0)","(0, 0, 0)","(0, 0, 0)","(0, 0, 0)","(0, 0, 0)","(0, 0, 0)",Negative
2009,"(0, 0, 0)","(0, 0, 0)","(0, 0, 0)","(0, 0, 0)","(0, 0, 0)","(0, 0, 0)","(0, 0, 0)","(0, 0, 0)","(0, 0, 0)","(0, 0, 0)","(0, 0, 0)","(0, 0, 0)","(0, 0, 0)","(0, 0, 0)","(0, 0, 0)","(0, 0, 0)","(0, 0, 0)","(0, 0, 0)","(0, 0, 0)","(0, 0, 0)","(0, 0, 0)",Negative
2010,"(0, 0, 0)","(0, 0, 0)","(0, 0, 0)","(0, 0, 0)","(0, 0, 0)","(0, 0, 0)","(0, 0, 0)","(0, 0, 0)","(0, 0, 0)","(0, 0, 0)","(0, 0, 0)","(0, 0, 0)","(0, 0, 0)","(0, 0, 0)","(0, 0, 0)","(0, 0, 0)","(0, 0, 0)","(0, 0, 0)","(0, 0, 0)","(0, 0, 0)","(0, 0, 0)",Negative
2011,"(0, 0, 0)","(0, 0, 0)","(0, 0, 0)","(0, 0, 0)","(0, 0, 0)","(0, 0, 0)","(0, 0, 0)","(0, 0, 0)","(0, 0, 0)","(0, 0, 0)","(0, 0, 0)","(0, 0, 0)","(0, 0, 0)","(0, 0, 0)","(0, 0, 0)","(0, 0, 0)","(0, 0, 0)","(0, 0, 0)","(0, 0, 0)","(0, 0, 0)","(0, 0, 0)",Negative
2012,"(0, 0, 0)","(0, 0, 0)","(0, 0, 0)","(0, 0, 0)","(0, 0, 0)","(0, 0, 0)","(0, 0, 0)","(0, 0, 0)","(0, 0, 0)","(0, 0, 0)","(0, 0, 0)","(0, 0, 0)","(0, 0, 0)","(0, 0, 0)","(0, 0, 0)","(0, 0, 0)","(0, 0, 0)","(0, 0, 0)","(0, 0, 0)","(0, 0, 0)","(0, 0, 0)",Negative
2013,"(0, 0, 0)","(0, 0, 0)","(0, 0, 0)","(0, 0, 0)","(0, 0, 0)","(0, 0, 0)","(0, 0, 0)","(0, 0, 0)","(0, 0, 0)","(0, 0, 0)","(0, 0, 0)","(0, 0, 0)","(0, 0, 0)","(0, 0, 0)","(0, 0, 0)","(0, 0, 0)","(0, 0, 0)","(0, 0, 0)","(0, 0, 0)","(0, 0, 0)","(0, 0, 0)",Negative
2014,"(0, 0, 0)","(0, 0, 0)","(0, 0, 0)","(0, 0, 0)","(0, 0, 0)","(0, 0, 0)","(0, 0, 0)","(0, 0, 0)","(0, 0, 0)","(0, 0, 0)","(0, 0, 0)","(0, 0, 0)","(0, 0, 0)","(0, 0, 0)","(0, 0, 0)","(0, 0, 0)","(0, 0, 0)","(0, 0, 0)","(0, 0, 0)","(0, 0, 0)","(0, 0, 0)",Negative
2015,"(0, 0, 0)","(0, 0, 0)","(0, 0, 0)","(0, 0, 0)","(0, 0, 0)","(0, 0, 0)","(0, 0, 0)","(0, 0, 0)","(0, 0, 0)","(0, 0, 0)","(0, 0, 0)","(0, 0, 0)","(0, 0, 0)","(0, 0, 0)","(0, 0, 0)","(0, 0, 0)","(0, 0, 0)","(0, 0, 0)","(0, 0, 0)","(0, 0, 0)","(0, 0, 0)",Negative
2016,"(0, 0, 0)","(0, 0, 0)","(0, 0, 0)","(0, 0, 0)","(0, 0, 0)","(0, 0, 0)","(0, 0, 0)","(0, 0, 0)","(0, 0, 0)","(0, 0, 0)","(0, 0, 0)","(0, 0, 0)","(0, 0, 0)","(0, 0, 0)","(0, 0, 0)","(0, 0, 0)","(0, 0, 0)","(0, 0, 0)","(0, 0, 0)","(0, 0, 0)","(0, 0, 0)",Negative
2017,"(0, 0, 0)","(0, 0, 0)","(0, 0, 0)","(0, 0, 0)","(0, 0, 0)","(0, 0, 0)","(0, 0, 0)","(0, 0, 0)","(0, 0, 0)","(0, 0, 0)","(0, 0, 0)","(0, 0, 0)","(0, 0, 0)","(0, 0, 0)","(0, 0, 0)","(0, 0, 0)","(0, 0, 0)","(0, 0, 0)","(0, 0, 0)","(0, 0, 0)","(0, 0, 0)",Negative
2018,"(0, 0, 0)","(0, 0, 0)","(0, 0, 0)","(0, 0, 0)","(0, 0, 0)","(0, 0, 0)","(0, 0, 0)","(0, 0, 0)","(0, 0, 0)","(0, 0, 0)","(0, 0, 0)","(0, 0, 0)","(0, 0, 0)","(0, 0, 0)","(0, 0, 0)","(0, 0, 0)","(0, 0, 0)","(0, 0, 0)","(0, 0, 0)","(0, 0, 0)","(0, 0, 0)",Negative
