Unnamed: 0,WRIST,THUMB_CMC,THUMB_MCP,THUMB_IP,THUMB_TIP,INDEX_FINGER_MCP,INDEX_FINGER_PIP,INDEX_FINGER_DIP,INDEX_FINGER_TIP,MIDDLE_FINGER_MCP,MIDDLE_FINGER_PIP,MIDDLE_FINGER_DIP,MIDDLE_FINGER_TIP,RING_FINGER_MCP,RING_FINGER_PIP,RING_FINGER_DIP,RING_FINGER_TIP,PINKY_MCP,PINKY_PIP,PINKY_DIP,PINKY_TIP,LABEL
1252,"(0.2806060314178467, 0.4162680208683014, -4.97324435855262e-05)","(0.33730873465538025, 0.4745481014251709, 0.0654117539525032)","(0.3579101264476776, 0.545516312122345, 0.08993475139141083)","(0.3539283275604248, 0.6123248338699341, 0.11017414182424545)","(0.34319519996643066, 0.6552555561065674, 0.1289043426513672)","(0.3647993206977844, 0.6202126145362854, -0.0015334495110437274)","(0.36619675159454346, 0.738904595375061, 0.04231084883213043)","(0.35605788230895996, 0.7423190474510193, 0.0913030132651329)","(0.34813034534454346, 0.7203879952430725, 0.12233781814575195)","(0.32995325326919556, 0.6350049376487732, -0.020740633830428123)","(0.33439090847969055, 0.7512267231941223, 0.0249461829662323)","(0.32721182703971863, 0.7419079542160034, 0.07545047998428345)","(0.3223767578601837, 0.7137665748596191, 0.10284969955682755)","(0.29314205050468445, 0.6376421451568604, -0.028585020452737808)","(0.3018985986709595, 0.7482617497444153, 0.016626503318548203)","(0.29833871126174927, 0.7328705191612244, 0.06593521684408188)","(0.2958517372608185, 0.7031716704368591, 0.09191799908876419)","(0.25708356499671936, 0.6322236061096191, -0.03006233647465706)","(0.26927149295806885, 0.7223857045173645, 0.008197125047445297)","(0.27392032742500305, 0.7140248417854309, 0.04586376994848251)","(0.27324193716049194, 0.6872811913490295, 0.07262098789215088)",Grasp
1253,"(0.28053516149520874, 0.4179818034172058, -4.4541422539623454e-05)","(0.33688390254974365, 0.4775184392929077, 0.06711213290691376)","(0.3577667474746704, 0.5465797185897827, 0.09179333597421646)","(0.35427939891815186, 0.6131370663642883, 0.11167554557323456)","(0.34333986043930054, 0.6582391262054443, 0.1306949257850647)","(0.36664867401123047, 0.62144535779953, 0.002894094679504633)","(0.3664786219596863, 0.7378981709480286, 0.046524450182914734)","(0.3546171486377716, 0.7441827058792114, 0.09397662431001663)","(0.3463851511478424, 0.7250600457191467, 0.12309984117746353)","(0.332428514957428, 0.6368373036384583, -0.018055861815810204)","(0.335196316242218, 0.7505819797515869, 0.027937032282352448)","(0.3254524767398834, 0.7418554425239563, 0.07660483568906784)","(0.31986331939697266, 0.7145677208900452, 0.10223541408777237)","(0.29548054933547974, 0.6402499079704285, -0.02774788998067379)","(0.3031395971775055, 0.7491519451141357, 0.018374700099229813)","(0.2976507246494293, 0.7333047389984131, 0.06658271700143814)","(0.29460272192955017, 0.7025941610336304, 0.09138918668031693)","(0.2586372196674347, 0.6350841522216797, -0.031049273908138275)","(0.2702050805091858, 0.7247776389122009, 0.007472538854926825)","(0.27332961559295654, 0.7153926491737366, 0.044212017208337784)","(0.27199774980545044, 0.6870827674865723, 0.06989067047834396)",Grasp
1254,"(0.28065332770347595, 0.41930779814720154, -3.836107862298377e-05)","(0.337037593126297, 0.4785996675491333, 0.06552834808826447)","(0.35762491822242737, 0.5493777990341187, 0.08933915197849274)","(0.35388389229774475, 0.6168818473815918, 0.10855358093976974)","(0.3430693745613098, 0.6634414196014404, 0.12601907551288605)","(0.36624932289123535, 0.6216571927070618, -0.0021144698839634657)","(0.36689454317092896, 0.7366793155670166, 0.04238572716712952)","(0.3557332754135132, 0.7387905120849609, 0.09022404998540878)","(0.3479626774787903, 0.7166686058044434, 0.11907834559679031)","(0.3317714333534241, 0.6370786428451538, -0.022024134173989296)","(0.33554351329803467, 0.7494814991950989, 0.024501901119947433)","(0.32688844203948975, 0.7398912310600281, 0.07324095815420151)","(0.3216504156589508, 0.7115308046340942, 0.0986127182841301)","(0.29488858580589294, 0.6407291889190674, -0.03037506714463234)","(0.30323168635368347, 0.7484853267669678, 0.015308077447116375)","(0.2984107434749603, 0.7328166365623474, 0.06294423341751099)","(0.29558265209198, 0.7019588947296143, 0.0872509554028511)","(0.25846320390701294, 0.6358570456504822, -0.03233104571700096)","(0.2704659700393677, 0.7258939743041992, 0.005266523454338312)","(0.27435654401779175, 0.7176817655563354, 0.04209040105342865)","(0.27361413836479187, 0.6902073621749878, 0.06788679957389832)",Grasp
1255,"(0.28038397431373596, 0.42021387815475464, -3.976740117650479e-05)","(0.33727291226387024, 0.4761406183242798, 0.06525968760251999)","(0.35806208848953247, 0.5475938320159912, 0.0891704335808754)","(0.3539242148399353, 0.6135627031326294, 0.10968157649040222)","(0.34398409724235535, 0.6570749282836914, 0.12860150635242462)","(0.3655568063259125, 0.6208329796791077, -0.006521147675812244)","(0.3686324954032898, 0.7327737212181091, 0.042890846729278564)","(0.35689958930015564, 0.722571849822998, 0.09440606087446213)","(0.3483085334300995, 0.6929463744163513, 0.12390702962875366)","(0.33086612820625305, 0.6386202573776245, -0.025499442592263222)","(0.33650463819503784, 0.7522582411766052, 0.021224206313490868)","(0.3279131352901459, 0.7411115765571594, 0.07165399938821793)","(0.32180920243263245, 0.7110942602157593, 0.09818167984485626)","(0.2937672734260559, 0.6430136561393738, -0.03219234570860863)","(0.3031817376613617, 0.7538478374481201, 0.013258751481771469)","(0.2984413206577301, 0.7375931739807129, 0.06256552040576935)","(0.294935941696167, 0.7055301666259766, 0.08894600719213486)","(0.2568395435810089, 0.6384315490722656, -0.0322219580411911)","(0.26904240250587463, 0.7290350794792175, 0.004675889853388071)","(0.2726084887981415, 0.7190083265304565, 0.04218808934092522)","(0.2711434066295624, 0.6900652647018433, 0.06918308883905411)",Grasp
1256,"(0.2795276939868927, 0.4266335368156433, -3.79074590455275e-05)","(0.3345501124858856, 0.48208552598953247, 0.062498752027750015)","(0.35456550121307373, 0.5513952374458313, 0.08352099359035492)","(0.35105761885643005, 0.6149915456771851, 0.10197977721691132)","(0.34023183584213257, 0.6590061783790588, 0.11983787268400192)","(0.36278674006462097, 0.6235771179199219, -0.012107709422707558)","(0.367692768573761, 0.7370325326919556, 0.03386325016617775)","(0.35577622056007385, 0.7324720621109009, 0.08441602438688278)","(0.3467174768447876, 0.7038535475730896, 0.11486439406871796)","(0.32818037271499634, 0.6402451395988464, -0.029541829600930214)","(0.3338376581668854, 0.757738471031189, 0.01323760487139225)","(0.3248487710952759, 0.7493528127670288, 0.06354659795761108)","(0.3188389539718628, 0.7195842862129211, 0.09205092489719391)","(0.2911996841430664, 0.6432612538337708, -0.03467302396893501)","(0.29948189854621887, 0.7556021213531494, 0.009532679803669453)","(0.29468780755996704, 0.7398431301116943, 0.05909278243780136)","(0.291935533285141, 0.7072148323059082, 0.08632956445217133)","(0.25461262464523315, 0.6374390721321106, -0.03346075490117073)","(0.26641198992729187, 0.7264804244041443, 0.004103443119674921)","(0.27003592252731323, 0.7154561877250671, 0.041436370462179184)","(0.2692272663116455, 0.6860069632530212, 0.06841396540403366)",Grasp
1257,"(0.27683013677597046, 0.4264791011810303, -3.7128309486433864e-05)","(0.33167415857315063, 0.475048303604126, 0.05848211050033569)","(0.3534212112426758, 0.5406539440155029, 0.07930085808038712)","(0.3506499230861664, 0.6014592051506042, 0.09856917709112167)","(0.3407982587814331, 0.6424069404602051, 0.11807096749544144)","(0.3607923090457916, 0.6189612150192261, -0.014697995036840439)","(0.3675869107246399, 0.7306003570556641, 0.03155851736664772)","(0.3584096431732178, 0.7224130630493164, 0.08211877942085266)","(0.3504766523838043, 0.691101610660553, 0.11219147592782974)","(0.32540464401245117, 0.6390180587768555, -0.029627246782183647)","(0.33303722739219666, 0.7544342279434204, 0.011674187146127224)","(0.32719704508781433, 0.7470381259918213, 0.0603153221309185)","(0.32206088304519653, 0.7179319858551025, 0.08721018582582474)","(0.2883029580116272, 0.6431834697723389, -0.0322972908616066)","(0.29841479659080505, 0.7529876232147217, 0.011410987935960293)","(0.2959662079811096, 0.7380836009979248, 0.06130576133728027)","(0.2933841347694397, 0.7061139345169067, 0.08848951011896133)","(0.2515953779220581, 0.6383457779884338, -0.02915424294769764)","(0.2644994258880615, 0.725750207901001, 0.00846695713698864)","(0.26935920119285583, 0.7151281237602234, 0.046001020818948746)","(0.26821863651275635, 0.6860090494155884, 0.07299084216356277)",Grasp
1258,"(0.27380216121673584, 0.42365533113479614, -3.7096571759320796e-05)","(0.3297392725944519, 0.4695366322994232, 0.05365815758705139)","(0.3523767590522766, 0.5354832410812378, 0.07212572544813156)","(0.35063934326171875, 0.5999387502670288, 0.08992680162191391)","(0.34147197008132935, 0.644862174987793, 0.10724454373121262)","(0.3588958978652954, 0.6119771003723145, -0.021706122905015945)","(0.36825230717658997, 0.7230028510093689, 0.02361973747611046)","(0.3603478670120239, 0.7184467315673828, 0.07568623125553131)","(0.3517419993877411, 0.6897497177124023, 0.10763934254646301)","(0.3222801685333252, 0.6327036023139954, -0.03365856036543846)","(0.33138519525527954, 0.7477591037750244, 0.008326806128025055)","(0.32794100046157837, 0.7441461682319641, 0.05914997309446335)","(0.3237592875957489, 0.7178812623023987, 0.0876014232635498)","(0.28494879603385925, 0.6379777789115906, -0.03326142579317093)","(0.296173095703125, 0.7458330392837524, 0.010511266998946667)","(0.29558947682380676, 0.7318980097770691, 0.06129390746355057)","(0.2934287190437317, 0.7002057433128357, 0.08891342580318451)","(0.2491009384393692, 0.6346415877342224, -0.027541782706975937)","(0.26268669962882996, 0.7201655507087708, 0.00952395610511303)","(0.2685805857181549, 0.7103902697563171, 0.04681181162595749)","(0.2678939700126648, 0.6816127896308899, 0.07385843247175217)",Grasp
1259,"(0.2737787365913391, 0.42199382185935974, -3.8405665691243485e-05)","(0.3303442895412445, 0.4678242802619934, 0.04742501676082611)","(0.35354432463645935, 0.5393695831298828, 0.0630832090973854)","(0.3497448265552521, 0.6090443134307861, 0.07952497899532318)","(0.3383010923862457, 0.6546937823295593, 0.09556326270103455)","(0.3542463481426239, 0.6108095049858093, -0.032414961606264114)","(0.36433500051498413, 0.727814257144928, 0.013387516140937805)","(0.3588797152042389, 0.720263659954071, 0.06762486696243286)","(0.35155463218688965, 0.6882869601249695, 0.10142510384321213)","(0.31671836972236633, 0.6295555830001831, -0.04093452915549278)","(0.327537477016449, 0.7472670674324036, 0.0027547127101570368)","(0.32607272267341614, 0.7388247847557068, 0.05426005274057388)","(0.3227578401565552, 0.7098965644836426, 0.08203758299350739)","(0.2800308167934418, 0.6341431140899658, -0.03759229928255081)","(0.29347512125968933, 0.7419096231460571, 0.008053879253566265)","(0.29533621668815613, 0.7240090370178223, 0.057369668036699295)","(0.2940405607223511, 0.6904099583625793, 0.08233214169740677)","(0.24551644921302795, 0.6306567192077637, -0.029145317152142525)","(0.2604319453239441, 0.7150564193725586, 0.01027886476367712)","(0.2673419415950775, 0.7004503011703491, 0.04712072014808655)","(0.2665470242500305, 0.669603168964386, 0.07199323177337646)",Grasp
1260,"(0.2711927592754364, 0.4078236222267151, -4.729703505290672e-05)","(0.32844167947769165, 0.45862892270088196, 0.04442243278026581)","(0.35175183415412903, 0.5337997674942017, 0.06085018813610077)","(0.3465300500392914, 0.6064148545265198, 0.07909625768661499)","(0.3340006172657013, 0.651305615901947, 0.09584274142980576)","(0.34731006622314453, 0.604857861995697, -0.03207368776202202)","(0.35875704884529114, 0.7198401093482971, 0.016069702804088593)","(0.35666951537132263, 0.7037231922149658, 0.06756048649549484)","(0.35179486870765686, 0.6720098257064819, 0.09634032845497131)","(0.30891695618629456, 0.6230695843696594, -0.03853319585323334)","(0.32277822494506836, 0.7333950400352478, 0.013560984283685684)","(0.32323408126831055, 0.7123217582702637, 0.06315095722675323)","(0.31994372606277466, 0.6806742548942566, 0.08473177254199982)","(0.27275100350379944, 0.6270545721054077, -0.033568814396858215)","(0.29020893573760986, 0.7283910512924194, 0.016410570591688156)","(0.2936657965183258, 0.7029481530189514, 0.06192249432206154)","(0.29147791862487793, 0.6679104566574097, 0.08065414428710938)","(0.23963338136672974, 0.6230175495147705, -0.023849666118621826)","(0.2572472393512726, 0.7070103287696838, 0.014424256980419159)","(0.26490139961242676, 0.689765989780426, 0.0473005473613739)","(0.2638109028339386, 0.6582659482955933, 0.06655377894639969)",Grasp
1261,"(0.2694537341594696, 0.3934037387371063, -5.280750337988138e-05)","(0.3282560706138611, 0.4470931887626648, 0.03223838284611702)","(0.35164499282836914, 0.5287762880325317, 0.043579649180173874)","(0.3452876806259155, 0.6065935492515564, 0.05975426733493805)","(0.3321535289287567, 0.6529257297515869, 0.07355160266160965)","(0.33726251125335693, 0.595084011554718, -0.05175892636179924)","(0.3523026704788208, 0.7118410468101501, -0.00500175217166543)","(0.3572861850261688, 0.6868810653686523, 0.048074156045913696)","(0.3544623851776123, 0.6537434458732605, 0.07806612551212311)","(0.2980147898197174, 0.6117054224014282, -0.05221351236104965)","(0.3198062777519226, 0.7198104858398438, -0.001213699346408248)","(0.32698050141334534, 0.690849244594574, 0.04842915013432503)","(0.3240404725074768, 0.6571735739707947, 0.06865549087524414)","(0.2634783685207367, 0.614506721496582, -0.04095051810145378)","(0.2868713438510895, 0.7160449624061584, 0.005868036765605211)","(0.29554247856140137, 0.6870061159133911, 0.04885828495025635)","(0.29330092668533325, 0.6508669257164001, 0.0664072334766388)","(0.2336270958185196, 0.6107028126716614, -0.02536717616021633)","(0.25298526883125305, 0.6963979601860046, 0.009339522570371628)","(0.2641921043395996, 0.6775552034378052, 0.04019107669591904)","(0.2632487714290619, 0.644681990146637, 0.057943765074014664)",Grasp
1262,"(0.26648247241973877, 0.37991517782211304, -4.068260022904724e-05)","(0.3250727653503418, 0.4414689540863037, 0.026126040145754814)","(0.34876054525375366, 0.5343856811523438, 0.034093864262104034)","(0.34831804037094116, 0.6252052187919617, 0.046866342425346375)","(0.34448525309562683, 0.6836162805557251, 0.05535078048706055)","(0.3287687301635742, 0.5805352926254272, -0.05812070518732071)","(0.34286370873451233, 0.7064980268478394, -0.023790773004293442)","(0.353488028049469, 0.698846161365509, 0.024613555520772934)","(0.35490694642066956, 0.6753782033920288, 0.05782735347747803)","(0.2920297682285309, 0.5946729183197021, -0.058238543570041656)","(0.31528279185295105, 0.7075610160827637, -0.012169542722404003)","(0.326567679643631, 0.6797499656677246, 0.032401490956544876)","(0.32420626282691956, 0.6446526050567627, 0.05046818032860756)","(0.2597622573375702, 0.5977460741996765, -0.04687807708978653)","(0.28432270884513855, 0.7014428973197937, -0.0021918537095189095)","(0.2963050305843353, 0.6729086637496948, 0.03669700399041176)","(0.2940816283226013, 0.6377410888671875, 0.05107509717345238)","(0.2308020293712616, 0.595209002494812, -0.03217631205916405)","(0.2510637044906616, 0.6829444169998169, 0.0018172272248193622)","(0.2644267976284027, 0.6666510105133057, 0.03108297660946846)","(0.2635994255542755, 0.6354537606239319, 0.04667666554450989)",Grasp
1263,"(0.2628595232963562, 0.3630037009716034, -4.403269485919736e-05)","(0.3188122808933258, 0.42274898290634155, 0.02581806853413582)","(0.34131526947021484, 0.5144832134246826, 0.03446957468986511)","(0.34242764115333557, 0.6037698984146118, 0.04789403825998306)","(0.340335488319397, 0.6651033759117126, 0.058988362550735474)","(0.3206339478492737, 0.5653895139694214, -0.056091319769620895)","(0.3371894657611847, 0.6896395087242126, -0.03402531519532204)","(0.35177868604660034, 0.7196577191352844, 0.003061391180381179)","(0.35845664143562317, 0.7278504967689514, 0.0314037911593914)","(0.2853133976459503, 0.5813468098640442, -0.0539889894425869)","(0.3119562566280365, 0.6962409615516663, -0.00821442250162363)","(0.32593175768852234, 0.6733168363571167, 0.039633676409721375)","(0.32625332474708557, 0.6392353773117065, 0.06306358426809311)","(0.25481823086738586, 0.5848129391670227, -0.04169946163892746)","(0.2817302942276001, 0.687568187713623, 0.00436094356700778)","(0.29619380831718445, 0.6603130102157593, 0.045470669865608215)","(0.2956793010234833, 0.6252762079238892, 0.061995938420295715)","(0.22695401310920715, 0.5812036395072937, -0.026519635692238808)","(0.2498798370361328, 0.6682052612304688, 0.010236590169370174)","(0.26414671540260315, 0.6511073708534241, 0.04260652884840965)","(0.26345470547676086, 0.6197270154953003, 0.06023865193128586)",Grasp
1264,"(0.25771450996398926, 0.3466157615184784, -6.067346839699894e-05)","(0.315380334854126, 0.3988533318042755, 0.01857580617070198)","(0.3399723172187805, 0.48538312315940857, 0.023639634251594543)","(0.34052610397338867, 0.5711911916732788, 0.03570226952433586)","(0.33752867579460144, 0.6280504465103149, 0.04799365624785423)","(0.31623971462249756, 0.5458074808120728, -0.06524306535720825)","(0.33568233251571655, 0.6717943549156189, -0.039406780153512955)","(0.35085517168045044, 0.6921824216842651, 0.006451649125665426)","(0.35676854848861694, 0.6898945569992065, 0.04062569513916969)","(0.2793640196323395, 0.5628520846366882, -0.05902725085616112)","(0.3074422776699066, 0.6823797821998596, -0.02069132588803768)","(0.3215848207473755, 0.6637766361236572, 0.026686523109674454)","(0.32167455554008484, 0.6313494443893433, 0.05035068467259407)","(0.24831628799438477, 0.5669742226600647, -0.04257890582084656)","(0.2746070921421051, 0.6746448874473572, -0.0015668557025492191)","(0.29023417830467224, 0.6522165536880493, 0.040311191231012344)","(0.2916059195995331, 0.6178756952285767, 0.05953342840075493)","(0.22082635760307312, 0.5624666213989258, -0.023306431248784065)","(0.2420441061258316, 0.6498074531555176, 0.008836111053824425)","(0.2574901580810547, 0.6349946856498718, 0.03801724314689636)","(0.25849729776382446, 0.6018193960189819, 0.05526822805404663)",Move
1265,"(0.2529275715351105, 0.32159870862960815, -5.6360371672781184e-05)","(0.31133320927619934, 0.3718537986278534, 0.008278186433017254)","(0.33669501543045044, 0.45939552783966064, 0.012731043621897697)","(0.3407749831676483, 0.5464780926704407, 0.02514071948826313)","(0.3427109718322754, 0.6050528883934021, 0.038185711950063705)","(0.3063744306564331, 0.5243268609046936, -0.0664277970790863)","(0.3316255509853363, 0.6438258290290833, -0.042961813509464264)","(0.3503079414367676, 0.6692721247673035, -0.002472333610057831)","(0.3605530261993408, 0.6759160161018372, 0.027619780972599983)","(0.2703235447406769, 0.5409457683563232, -0.05265389382839203)","(0.3040911853313446, 0.6538217663764954, -0.012001143768429756)","(0.3211960792541504, 0.6339616179466248, 0.03441135212779045)","(0.3228573799133301, 0.6046551465988159, 0.05851297080516815)","(0.2420458048582077, 0.5432468056678772, -0.028957342728972435)","(0.2723987102508545, 0.6453593969345093, 0.011726531200110912)","(0.2913460433483124, 0.6245164275169373, 0.05259357765316963)","(0.2946295738220215, 0.5957435369491577, 0.07344640791416168)","(0.21824856102466583, 0.536593496799469, -0.0037029790692031384)","(0.2404462695121765, 0.6210010051727295, 0.02619013376533985)","(0.25764667987823486, 0.6095141768455505, 0.054196279495954514)","(0.26044613122940063, 0.5802295207977295, 0.07246190309524536)",Move
1266,"(0.24946364760398865, 0.29946404695510864, -5.691963815479539e-05)","(0.30773159861564636, 0.35041141510009766, 0.0015577415470033884)","(0.33386221528053284, 0.4406653344631195, 0.005439158529043198)","(0.33894991874694824, 0.5301405191421509, 0.017725398764014244)","(0.3438761234283447, 0.5892519950866699, 0.03025362454354763)","(0.30028367042541504, 0.5108612179756165, -0.05924488231539726)","(0.32456156611442566, 0.6216405630111694, -0.02946118451654911)","(0.3431650400161743, 0.6323806643486023, 0.014135393314063549)","(0.35299187898635864, 0.6297777891159058, 0.04359918832778931)","(0.26562589406967163, 0.5247679948806763, -0.04264480248093605)","(0.2980942130088806, 0.629565417766571, -0.0007267168257385492)","(0.3168882131576538, 0.6106984615325928, 0.04278808459639549)","(0.3206835985183716, 0.5850164890289307, 0.06583854556083679)","(0.23950079083442688, 0.5239734649658203, -0.0164788868278265)","(0.2686007022857666, 0.6165231466293335, 0.02420884743332863)","(0.2871769070625305, 0.5958018898963928, 0.062119532376527786)","(0.2911006212234497, 0.5690264701843262, 0.08207263797521591)","(0.2176283895969391, 0.5148329734802246, 0.010277471505105495)","(0.23788249492645264, 0.5933870673179626, 0.03897927328944206)","(0.2549360692501068, 0.5840594172477722, 0.06413717567920685)","(0.25942519307136536, 0.556470513343811, 0.08144847303628922)",Move
1267,"(0.24868090450763702, 0.2806187868118286, -5.5268283176701516e-05)","(0.30406394600868225, 0.3273513615131378, -0.008079880848526955)","(0.33028289675712585, 0.4201088547706604, -0.009016823954880238)","(0.3393780589103699, 0.5107342600822449, -0.0006074099219404161)","(0.3487190902233124, 0.5743979215621948, 0.007870828732848167)","(0.2907540798187256, 0.4905461370944977, -0.061795976012945175)","(0.3160070776939392, 0.6002597808837891, -0.03674597293138504)","(0.3377319276332855, 0.6154849529266357, 0.0034586703404784203)","(0.3520212769508362, 0.6136363744735718, 0.03222529590129852)","(0.2564784586429596, 0.5031201839447021, -0.041001226752996445)","(0.29122501611709595, 0.6064338684082031, -0.004203249700367451)","(0.3151148557662964, 0.600176215171814, 0.03849617391824722)","(0.3258882761001587, 0.5820913910865784, 0.06432697176933289)","(0.23286005854606628, 0.49990445375442505, -0.012513495981693268)","(0.26403072476387024, 0.5909070372581482, 0.02374313771724701)","(0.2855483889579773, 0.5805294513702393, 0.05931221321225166)","(0.29486778378486633, 0.5597205758094788, 0.08115768432617188)","(0.21532092988491058, 0.4881977140903473, 0.016238095238804817)","(0.23665742576122284, 0.568246603012085, 0.04288763180375099)","(0.25602927803993225, 0.5679271221160889, 0.06686407327651978)","(0.2654654383659363, 0.5454413890838623, 0.08543727546930313)",Move
1268,"(0.2458484023809433, 0.2595708966255188, -5.536597382160835e-05)","(0.3023161292076111, 0.30516695976257324, -0.00968054961413145)","(0.32816973328590393, 0.39817216992378235, -0.009919953532516956)","(0.33695873618125916, 0.48892316222190857, -0.0006980717880651355)","(0.3457304835319519, 0.5526595711708069, 0.007640790194272995)","(0.29003021121025085, 0.4683305323123932, -0.061893898993730545)","(0.3112910985946655, 0.5780727863311768, -0.03981916233897209)","(0.3319166600704193, 0.5952136516571045, -0.003499721409752965)","(0.34602242708206177, 0.5951747894287109, 0.02384006604552269)","(0.2557978332042694, 0.47968554496765137, -0.039950620383024216)","(0.2878158390522003, 0.5800572037696838, -0.002254159888252616)","(0.31024813652038574, 0.5705503225326538, 0.039741985499858856)","(0.3197350800037384, 0.5521153211593628, 0.06355971097946167)","(0.23148879408836365, 0.4766436517238617, -0.010903426446020603)","(0.2619553804397583, 0.5638145208358765, 0.02571309544146061)","(0.2831736207008362, 0.5497385263442993, 0.06047803908586502)","(0.2917076349258423, 0.5275655388832092, 0.08079562336206436)","(0.2134435474872589, 0.4653729796409607, 0.01833750680088997)","(0.23654906451702118, 0.5428027510643005, 0.045714423060417175)","(0.2551977336406708, 0.5387250185012817, 0.0697675421833992)","(0.263509601354599, 0.5137163996696472, 0.08764522522687912)",Move
1269,"(0.2439894676208496, 0.23600083589553833, -7.092499436112121e-05)","(0.2970336079597473, 0.2747642397880554, -0.01623496413230896)","(0.3236050605773926, 0.366059273481369, -0.022903921082615852)","(0.3345736563205719, 0.45559316873550415, -0.020966175943613052)","(0.3492198884487152, 0.5193100571632385, -0.022394482046365738)","(0.28392186760902405, 0.4362834095954895, -0.06703689694404602)","(0.3101290762424469, 0.541528046131134, -0.05130615830421448)","(0.3310711681842804, 0.5655370950698853, -0.022202560678124428)","(0.34570279717445374, 0.5720934867858887, 0.00015722830721642822)","(0.2502671778202057, 0.4486875534057617, -0.04484473168849945)","(0.28700610995292664, 0.5496054887771606, -0.017548946663737297)","(0.3122616112232208, 0.5565625429153442, 0.018530094996094704)","(0.32634761929512024, 0.5470595955848694, 0.04027964919805527)","(0.22641220688819885, 0.4466700553894043, -0.01691019907593727)","(0.26182258129119873, 0.5373225212097168, 0.01287593599408865)","(0.28592830896377563, 0.5378623008728027, 0.044232193380594254)","(0.29896095395088196, 0.5232447385787964, 0.06389458477497101)","(0.2088841199874878, 0.43599238991737366, 0.011208929121494293)","(0.235810786485672, 0.515699028968811, 0.035220853984355927)","(0.25752097368240356, 0.5209715366363525, 0.05773176625370979)","(0.270652711391449, 0.5038476586341858, 0.07590316236019135)",Move
1270,"(0.239617720246315, 0.20906178653240204, -6.527978257508948e-05)","(0.2930617928504944, 0.2421882003545761, -0.019105443730950356)","(0.32044926285743713, 0.3317731022834778, -0.02830084040760994)","(0.33293819427490234, 0.41778939962387085, -0.027233213186264038)","(0.3475582003593445, 0.48075830936431885, -0.028735069558024406)","(0.280754417181015, 0.39568963646888733, -0.07884615659713745)","(0.3103497624397278, 0.5003674626350403, -0.0656902939081192)","(0.3330320119857788, 0.5214404463768005, -0.03558214008808136)","(0.3475694954395294, 0.5244700908660889, -0.011071532033383846)","(0.2477537989616394, 0.41175806522369385, -0.055843811482191086)","(0.2855103015899658, 0.5201840400695801, -0.036709241569042206)","(0.31311309337615967, 0.5270656943321228, 0.000579073850531131)","(0.3272828161716461, 0.5154858827590942, 0.02686552330851555)","(0.22454214096069336, 0.41016891598701477, -0.02679554931819439)","(0.2602959871292114, 0.5066297650337219, -0.00425750482827425)","(0.2863629162311554, 0.5027049779891968, 0.027488229796290398)","(0.29965025186538696, 0.48469075560569763, 0.049324579536914825)","(0.20794424414634705, 0.39911794662475586, 0.002564947586506605)","(0.23635978996753693, 0.4782932996749878, 0.02461090311408043)","(0.25931206345558167, 0.48012635111808777, 0.045300714671611786)","(0.27274060249328613, 0.4628811180591583, 0.0617561899125576)",Move
1271,"(0.2374105453491211, 0.17996281385421753, -3.3586118661332875e-05)","(0.2905980050563812, 0.20785976946353912, -0.02024030312895775)","(0.3190615773200989, 0.2954096794128418, -0.029743582010269165)","(0.3316677510738373, 0.3811498284339905, -0.02801731787621975)","(0.345205157995224, 0.4453637897968292, -0.026644941419363022)","(0.27700313925743103, 0.36035266518592834, -0.08043192327022552)","(0.312784343957901, 0.4644198417663574, -0.0710124745965004)","(0.3381422460079193, 0.48705166578292847, -0.04377287998795509)","(0.35408201813697815, 0.49245184659957886, -0.02150140516459942)","(0.24514341354370117, 0.3788740634918213, -0.05747365206480026)","(0.2886011600494385, 0.4847675859928131, -0.038599416613578796)","(0.3160385489463806, 0.4859108328819275, -0.001981490757316351)","(0.3269149661064148, 0.47204846143722534, 0.02217451110482216)","(0.22382886707782745, 0.3792121410369873, -0.028881097212433815)","(0.26393043994903564, 0.4739491045475006, -0.007029235363006592)","(0.2906700074672699, 0.46483898162841797, 0.02339186519384384)","(0.30196306109428406, 0.4453744888305664, 0.04328027740120888)","(0.2091403305530548, 0.36868661642074585, -0.00045824586413800716)","(0.24057087302207947, 0.4474179744720459, 0.019859442487359047)","(0.26475784182548523, 0.44663360714912415, 0.03786199912428856)","(0.27759721875190735, 0.428944855928421, 0.05241136997938156)",Move
1272,"(0.23827587068080902, 0.14808721840381622, -5.0910246500279754e-05)","(0.29005205631256104, 0.17253421247005463, -0.018638424575328827)","(0.3172295093536377, 0.2585833966732025, -0.025086289271712303)","(0.32888326048851013, 0.34215089678764343, -0.01956288516521454)","(0.34231019020080566, 0.40134304761886597, -0.014786097221076488)","(0.27720004320144653, 0.32844600081443787, -0.07464826852083206)","(0.31173866987228394, 0.42504259943962097, -0.06245466321706772)","(0.3344360291957855, 0.442956805229187, -0.03553687781095505)","(0.34791281819343567, 0.4452018737792969, -0.0149140115827322)","(0.24605461955070496, 0.34663814306259155, -0.05203338712453842)","(0.2876286506652832, 0.4446345567703247, -0.03251105919480324)","(0.3142201602458954, 0.445217490196228, 0.002902100794017315)","(0.3262379467487335, 0.43168437480926514, 0.02739015780389309)","(0.22508284449577332, 0.3465714454650879, -0.023350853472948074)","(0.26334020495414734, 0.43462324142456055, -0.0023541029077023268)","(0.2894442081451416, 0.4302090108394623, 0.02638332173228264)","(0.30201825499534607, 0.41180288791656494, 0.046290189027786255)","(0.2109386920928955, 0.3349960744380951, 0.004965642467141151)","(0.24031424522399902, 0.40908902883529663, 0.02475283294916153)","(0.26441285014152527, 0.4115613102912903, 0.041938647627830505)","(0.27890869975090027, 0.3964219093322754, 0.056817345321178436)",Move
1273,"(0.24175243079662323, 0.11902809143066406, -4.0661452658241615e-05)","(0.2928992807865143, 0.14686807990074158, -0.016333919018507004)","(0.3177502453327179, 0.23144292831420898, -0.02000262960791588)","(0.3271324336528778, 0.31273651123046875, -0.012468141503632069)","(0.3379644751548767, 0.36820968985557556, -0.004382906015962362)","(0.28006401658058167, 0.3001292943954468, -0.06520998477935791)","(0.3115805685520172, 0.3943605422973633, -0.051233258098363876)","(0.33163508772850037, 0.4143441617488861, -0.02412722073495388)","(0.3439350724220276, 0.41949567198753357, -0.0038826826494187117)","(0.24850356578826904, 0.31655460596084595, -0.04231739044189453)","(0.2870747447013855, 0.40951260924339294, -0.02111227624118328)","(0.3114171624183655, 0.41202303767204285, 0.011855564080178738)","(0.3233541250228882, 0.40179991722106934, 0.03367522731423378)","(0.22710777819156647, 0.31551727652549744, -0.01400956604629755)","(0.2631668448448181, 0.397372305393219, 0.009152716025710106)","(0.2871719300746918, 0.39583921432495117, 0.03600122034549713)","(0.2992706894874573, 0.3809753656387329, 0.0546068400144577)","(0.21261802315711975, 0.30339759588241577, 0.01380503736436367)","(0.24167048931121826, 0.3716403543949127, 0.03405867889523506)","(0.26420581340789795, 0.3737226724624634, 0.0497392974793911)","(0.2781672477722168, 0.3591504693031311, 0.06323783099651337)",Move
1274,"(0.24169078469276428, 0.09380540251731873, -4.564898699754849e-05)","(0.29403069615364075, 0.12470157444477081, -0.01238940842449665)","(0.3195589780807495, 0.20945267379283905, -0.014206409454345703)","(0.3283425569534302, 0.28929221630096436, -0.005740155465900898)","(0.33774957060813904, 0.343038409948349, 0.004169872961938381)","(0.2810695171356201, 0.278986394405365, -0.05430593714118004)","(0.31133395433425903, 0.37027406692504883, -0.03838394954800606)","(0.33184871077537537, 0.39045578241348267, -0.011768398806452751)","(0.3456884026527405, 0.39953720569610596, 0.006853059865534306)","(0.24973702430725098, 0.29197970032691956, -0.03220634534955025)","(0.2869803011417389, 0.3823617100715637, -0.010269650258123875)","(0.31139105558395386, 0.38941478729248047, 0.020379861816763878)","(0.3243624269962311, 0.38470494747161865, 0.04069869965314865)","(0.22880469262599945, 0.28747832775115967, -0.005025799851864576)","(0.26354318857192993, 0.36833328008651733, 0.018824683502316475)","(0.2877584993839264, 0.37491804361343384, 0.04395240917801857)","(0.30145254731178284, 0.3668762147426605, 0.0626085102558136)","(0.2148192673921585, 0.27292418479919434, 0.021996406838297844)","(0.24299870431423187, 0.34154146909713745, 0.04181772843003273)","(0.2654096186161041, 0.35049328207969666, 0.05619733780622482)","(0.2800910174846649, 0.34096860885620117, 0.07020407170057297)",Move
1275,"(0.23947980999946594, 0.07586447894573212, -1.9452076230663806e-05)","(0.29201099276542664, 0.10582031309604645, -0.01687478832900524)","(0.3187867999076843, 0.18868020176887512, -0.018266135826706886)","(0.32948800921440125, 0.270090788602829, -0.00856698863208294)","(0.33806851506233215, 0.3242497444152832, 0.003116019768640399)","(0.2810450792312622, 0.26411595940589905, -0.050549011677503586)","(0.31250256299972534, 0.3550015985965729, -0.03375040739774704)","(0.3327842056751251, 0.3798463046550751, -0.006136424373835325)","(0.3453603684902191, 0.39496904611587524, 0.01317213848233223)","(0.250956267118454, 0.2758771479129791, -0.0253890510648489)","(0.2872790992259979, 0.36406368017196655, -0.001138585153967142)","(0.3105992078781128, 0.3708323836326599, 0.029367389157414436)","(0.32284626364707947, 0.36684659123420715, 0.049819424748420715)","(0.23129019141197205, 0.27007701992988586, 0.0036327927373349667)","(0.2644859552383423, 0.34851565957069397, 0.028999656438827515)","(0.2876088619232178, 0.35440611839294434, 0.053582318127155304)","(0.30080339312553406, 0.34602904319763184, 0.0720452144742012)","(0.21851669251918793, 0.25487828254699707, 0.03218380734324455)","(0.24629169702529907, 0.3217625319957733, 0.051349736750125885)","(0.26803848147392273, 0.33122479915618896, 0.0651751235127449)","(0.2824101150035858, 0.3228260278701782, 0.08024809509515762)",Move
1276,"(0.24274718761444092, 0.06148691475391388, -2.6613930458552204e-05)","(0.29422086477279663, 0.09172862768173218, -0.01098452415317297)","(0.3216184973716736, 0.1771622598171234, -0.008013888262212276)","(0.33251482248306274, 0.2582825720310211, 0.004554465878754854)","(0.34101757407188416, 0.31322747468948364, 0.017710715532302856)","(0.2843887209892273, 0.24804449081420898, -0.04190268740057945)","(0.3120991587638855, 0.33497416973114014, -0.027874959632754326)","(0.3312471807003021, 0.36650940775871277, -0.0036149255465716124)","(0.3458437919616699, 0.39058494567871094, 0.014875693246722221)","(0.25382480025291443, 0.2601512372493744, -0.01949521340429783)","(0.28654810786247253, 0.3485914468765259, 0.00471870694309473)","(0.3095884323120117, 0.3612588047981262, 0.03414423018693924)","(0.3238961398601532, 0.36167651414871216, 0.05476128309965134)","(0.2336181104183197, 0.2553827166557312, 0.007207974791526794)","(0.2634080946445465, 0.3332281708717346, 0.03167052939534187)","(0.28696829080581665, 0.34177446365356445, 0.058021388947963715)","(0.30232498049736023, 0.3363181948661804, 0.07827278226613998)","(0.21999748051166534, 0.24028384685516357, 0.03389868512749672)","(0.24771282076835632, 0.3054257929325104, 0.05396069586277008)","(0.26869383454322815, 0.31580618023872375, 0.07026831060647964)","(0.28282731771469116, 0.3102862238883972, 0.08714552968740463)",Move
1277,"(0.24621233344078064, 0.05659694969654083, -4.939314385410398e-05)","(0.29831862449645996, 0.08960208296775818, -0.009893618524074554)","(0.3243189752101898, 0.17481963336467743, -0.008433203212916851)","(0.3345690965652466, 0.2560972571372986, 0.0017084087012335658)","(0.34086334705352783, 0.31207045912742615, 0.01239046175032854)","(0.2869618237018585, 0.24501998722553253, -0.03676050901412964)","(0.3144952654838562, 0.32827919721603394, -0.019812270998954773)","(0.3328520357608795, 0.3574591279029846, 0.006461346987634897)","(0.3467782735824585, 0.37849247455596924, 0.026103567332029343)","(0.25713691115379333, 0.25686800479888916, -0.01601121760904789)","(0.2903820276260376, 0.3443959951400757, 0.008889993652701378)","(0.3127199113368988, 0.3625498414039612, 0.03766519948840141)","(0.3273302912712097, 0.3667871952056885, 0.058102332055568695)","(0.23702463507652283, 0.2516287565231323, 0.009028784930706024)","(0.2668878436088562, 0.33113956451416016, 0.03451904281973839)","(0.28994372487068176, 0.3456149995326996, 0.060991980135440826)","(0.3061639368534088, 0.34488534927368164, 0.0810314491391182)","(0.2233085334300995, 0.23579980432987213, 0.03353692591190338)","(0.2509891390800476, 0.30130335688591003, 0.054415762424468994)","(0.27182531356811523, 0.3159732222557068, 0.07079044729471207)","(0.28601861000061035, 0.31345340609550476, 0.08725513517856598)",Move
1278,"(0.2482878416776657, 0.057611092925071716, -5.407340722740628e-05)","(0.3024613857269287, 0.08776338398456573, -0.00810959842056036)","(0.3284088373184204, 0.17189577221870422, -0.007301039528101683)","(0.33800771832466125, 0.2524862289428711, 0.0017657841090112925)","(0.3461284637451172, 0.3072609305381775, 0.010782603174448013)","(0.2951856851577759, 0.2448451966047287, -0.04014766588807106)","(0.3213779628276825, 0.3300867974758148, -0.020932747051119804)","(0.33844852447509766, 0.3545062839984894, 0.008769888430833817)","(0.3497390151023865, 0.36976778507232666, 0.030592191964387894)","(0.2642143666744232, 0.2581285238265991, -0.020939458161592484)","(0.2969857156276703, 0.34619656205177307, 0.004512098152190447)","(0.31767338514328003, 0.36115357279777527, 0.03691837191581726)","(0.3301805555820465, 0.36251065135002136, 0.060255296528339386)","(0.2421957403421402, 0.25356525182724, 0.003152729943394661)","(0.2727656960487366, 0.33643096685409546, 0.02732197940349579)","(0.29393330216407776, 0.34736859798431396, 0.05687573179602623)","(0.3077945411205292, 0.344386488199234, 0.07997789978981018)","(0.22657635807991028, 0.23864667117595673, 0.026896195486187935)","(0.25374162197113037, 0.3072478175163269, 0.04658252373337746)","(0.2738453149795532, 0.31968051195144653, 0.06576907634735107)","(0.2868213355541229, 0.3143651783466339, 0.08497928828001022)",Move
1279,"(0.25283247232437134, 0.053874626755714417, -4.231779894325882e-05)","(0.3062306046485901, 0.08508734405040741, -0.006950387731194496)","(0.33160600066185, 0.16968657076358795, -0.004963540937751532)","(0.3413473665714264, 0.24966107308864594, 0.00529989181086421)","(0.3500233292579651, 0.3036079406738281, 0.015479205176234245)","(0.29824721813201904, 0.2430424690246582, -0.03778219595551491)","(0.3249701261520386, 0.32873138785362244, -0.017024274915456772)","(0.3429572582244873, 0.3522012531757355, 0.01322326622903347)","(0.35522472858428955, 0.3669888377189636, 0.03517802432179451)","(0.26725953817367554, 0.25618675351142883, -0.01891903765499592)","(0.2996625304222107, 0.34508779644966125, 0.008628309704363346)","(0.3209957480430603, 0.3610193729400635, 0.040461353957653046)","(0.33406129479408264, 0.3641710579395294, 0.06281857192516327)","(0.2454710751771927, 0.25097596645355225, 0.0049624755047261715)","(0.27496832609176636, 0.33476024866104126, 0.030529944226145744)","(0.2969096302986145, 0.34714481234550476, 0.059455886483192444)","(0.3112698495388031, 0.3457775413990021, 0.08162593096494675)","(0.2302258461713791, 0.2352115362882614, 0.028404710814356804)","(0.25578874349594116, 0.30534598231315613, 0.048103801906108856)","(0.2761581838130951, 0.3194109797477722, 0.06631101667881012)","(0.2897028923034668, 0.3152924180030823, 0.08491967618465424)",Move
1280,"(0.25369590520858765, 0.05304513871669769, -3.029834624612704e-05)","(0.3080865144729614, 0.08552762866020203, -0.004838476423174143)","(0.3332935869693756, 0.1695207804441452, -0.0010382727487012744)","(0.34443727135658264, 0.24775895476341248, 0.010235845111310482)","(0.35445308685302734, 0.3008275032043457, 0.021657656878232956)","(0.30027008056640625, 0.24559928476810455, -0.029572144150733948)","(0.32761895656585693, 0.3286977708339691, -0.00663791736587882)","(0.3459126353263855, 0.3482891619205475, 0.024078184738755226)","(0.35816749930381775, 0.36018380522727966, 0.04546269401907921)","(0.2696259617805481, 0.2588428258895874, -0.011531715281307697)","(0.30211901664733887, 0.34494858980178833, 0.01667698845267296)","(0.3232516348361969, 0.3587193489074707, 0.04855087772011757)","(0.3362181782722473, 0.36101362109184265, 0.07111907005310059)","(0.24810753762722015, 0.2533243000507355, 0.011222678236663342)","(0.2774750590324402, 0.3356122672557831, 0.03662135452032089)","(0.2987686097621918, 0.34605085849761963, 0.06596914678812027)","(0.31278273463249207, 0.3433470129966736, 0.08832475543022156)","(0.2324848175048828, 0.2371649444103241, 0.03341442719101906)","(0.25713321566581726, 0.30570515990257263, 0.05306551232933998)","(0.27707159519195557, 0.3189205825328827, 0.07111503928899765)","(0.2905147969722748, 0.3138595223426819, 0.0896570235490799)",Move
1281,"(0.2567406892776489, 0.051679521799087524, -2.6760708351503126e-05)","(0.3097546100616455, 0.08470684289932251, -0.003960196860134602)","(0.33488526940345764, 0.16726578772068024, 0.0007500036153942347)","(0.34617117047309875, 0.24472013115882874, 0.013169767335057259)","(0.3559829592704773, 0.2977316975593567, 0.025910725817084312)","(0.3016097843647003, 0.24622227251529694, -0.029296142980456352)","(0.3278321325778961, 0.32910165190696716, -0.005059739574790001)","(0.34579038619995117, 0.34519973397254944, 0.027323255315423012)","(0.3571668863296509, 0.35247230529785156, 0.049702536314725876)","(0.2710472047328949, 0.25985321402549744, -0.01129880826920271)","(0.3021732568740845, 0.34477829933166504, 0.017580565065145493)","(0.3225115239620209, 0.3550230860710144, 0.05095445364713669)","(0.3344692587852478, 0.3546292781829834, 0.07428454607725143)","(0.24944108724594116, 0.2543385624885559, 0.011741653084754944)","(0.27785998582839966, 0.3346392512321472, 0.03657699376344681)","(0.2976762056350708, 0.34208187460899353, 0.06703925132751465)","(0.3100435435771942, 0.33732086420059204, 0.09083733707666397)","(0.23347027599811554, 0.23808753490447998, 0.034493587911129)","(0.25710034370422363, 0.30589091777801514, 0.053879767656326294)","(0.27624183893203735, 0.31794553995132446, 0.07290393859148026)","(0.2888104021549225, 0.31215256452560425, 0.09272985905408859)",Position
1282,"(0.25588521361351013, 0.05270080268383026, -3.836245377897285e-05)","(0.31023508310317993, 0.0873056948184967, -0.0035342443734407425)","(0.33585599064826965, 0.1693931519985199, 0.0011116304667666554)","(0.34748539328575134, 0.24785514175891876, 0.013157499954104424)","(0.3579094409942627, 0.30106866359710693, 0.025220628827810287)","(0.3043490946292877, 0.2451479136943817, -0.03391323238611221)","(0.32925236225128174, 0.3315408229827881, -0.010701218619942665)","(0.3466149866580963, 0.34815093874931335, 0.0225776769220829)","(0.3567015826702118, 0.35540616512298584, 0.0463230237364769)","(0.2734714448451996, 0.25816452503204346, -0.01599416323006153)","(0.3035142719745636, 0.3463590443134308, 0.012683309614658356)","(0.32305917143821716, 0.35530799627304077, 0.04787227138876915)","(0.3334472179412842, 0.35327839851379395, 0.07279887795448303)","(0.2511341869831085, 0.2530890107154846, 0.007091816980391741)","(0.27884113788604736, 0.3361624479293823, 0.03217700123786926)","(0.2978619635105133, 0.3420732021331787, 0.0636814758181572)","(0.3083338141441345, 0.3358098566532135, 0.08814720064401627)","(0.2343672215938568, 0.23780395090579987, 0.030061790719628334)","(0.2577131688594818, 0.30741921067237854, 0.04967507719993591)","(0.2761741876602173, 0.31838127970695496, 0.06966736912727356)","(0.2871852219104767, 0.31183332204818726, 0.09015411138534546)",Position
1283,"(0.25720298290252686, 0.052143797278404236, -3.483181353658438e-05)","(0.310504674911499, 0.08620534837245941, -0.004094202071428299)","(0.33594629168510437, 0.16830570995807648, -0.0020507334265857935)","(0.34787607192993164, 0.24803857505321503, 0.006993810646235943)","(0.35844096541404724, 0.3040408492088318, 0.015876229852437973)","(0.3060039281845093, 0.242133229970932, -0.033235467970371246)","(0.33044561743736267, 0.32993751764297485, -0.010871835052967072)","(0.3469463586807251, 0.3494350016117096, 0.021900635212659836)","(0.3569200932979584, 0.35702264308929443, 0.04602174088358879)","(0.2754339575767517, 0.25597187876701355, -0.016554441303014755)","(0.3042314648628235, 0.3468624949455261, 0.011375989764928818)","(0.32378897070884705, 0.35969167947769165, 0.045938581228256226)","(0.3351523280143738, 0.36025649309158325, 0.07100345939397812)","(0.2529778480529785, 0.25198546051979065, 0.005361058283597231)","(0.27972501516342163, 0.3382421135902405, 0.030161065980792046)","(0.29870685935020447, 0.34706398844718933, 0.06151391938328743)","(0.30973541736602783, 0.34258684515953064, 0.08599802851676941)","(0.2358711212873459, 0.23739923536777496, 0.026994938030838966)","(0.25831305980682373, 0.31114789843559265, 0.04600263759493828)","(0.27695798873901367, 0.3242814540863037, 0.06659146398305893)","(0.2885947823524475, 0.3182644546031952, 0.08712530881166458)",Position
1284,"(0.25772058963775635, 0.0547543466091156, -3.393198494450189e-05)","(0.3115423321723938, 0.09058865904808044, -0.0033816341310739517)","(0.3370625078678131, 0.17136073112487793, -0.00112480903044343)","(0.3493066728115082, 0.24936456978321075, 0.008223386481404305)","(0.3591960370540619, 0.3053129017353058, 0.01783883571624756)","(0.30628839135169983, 0.24368545413017273, -0.0371517613530159)","(0.33068516850471497, 0.3349572718143463, -0.014699851162731647)","(0.3483772277832031, 0.3490465581417084, 0.019924234598875046)","(0.35762614011764526, 0.35108187794685364, 0.04555348679423332)","(0.2762031853199005, 0.256820946931839, -0.020958874374628067)","(0.30596640706062317, 0.34979891777038574, 0.007577433250844479)","(0.32606804370880127, 0.3532085120677948, 0.044557906687259674)","(0.3350597321987152, 0.346479594707489, 0.07144679129123688)","(0.2538206875324249, 0.2536442279815674, 0.0010044260416179895)","(0.2817673981189728, 0.3409896492958069, 0.02593332901597023)","(0.3011987805366516, 0.34384843707084656, 0.057739682495594025)","(0.31018736958503723, 0.33450281620025635, 0.08233495056629181)","(0.23636576533317566, 0.24132122099399567, 0.022813711315393448)","(0.2591690719127655, 0.3157227039337158, 0.04191908612847328)","(0.2782417833805084, 0.32677698135375977, 0.06303828209638596)","(0.28859618306159973, 0.3185587525367737, 0.08473320305347443)",Position
1285,"(0.2574673295021057, 0.05549333989620209, -3.51500857505016e-05)","(0.3112219274044037, 0.09129202365875244, -0.0016284799203276634)","(0.3380281627178192, 0.17216268181800842, 0.0005580915603786707)","(0.35080060362815857, 0.2504679262638092, 0.009437181986868382)","(0.3610163927078247, 0.30780094861984253, 0.018134985119104385)","(0.30828404426574707, 0.24145112931728363, -0.037654291838407516)","(0.3312671482563019, 0.3355379104614258, -0.016179438680410385)","(0.3487527072429657, 0.35282960534095764, 0.018329406157135963)","(0.3588050901889801, 0.3563081622123718, 0.04428869113326073)","(0.2780655324459076, 0.2555018663406372, -0.022338788956403732)","(0.306784063577652, 0.35102134943008423, 0.005518465302884579)","(0.3266748785972595, 0.35706645250320435, 0.04285683110356331)","(0.3362654745578766, 0.35167521238327026, 0.06998813897371292)","(0.2552255392074585, 0.2536943554878235, -0.0009453041711822152)","(0.28239887952804565, 0.34270593523979187, 0.024301346391439438)","(0.30142176151275635, 0.3450913727283478, 0.05665123835206032)","(0.3106576204299927, 0.3352426290512085, 0.08155520260334015)","(0.23707136511802673, 0.24286991357803345, 0.020586933940649033)","(0.2594311833381653, 0.31776416301727295, 0.0404498316347599)","(0.278239369392395, 0.3282943069934845, 0.06250030547380447)","(0.28852584958076477, 0.31998616456985474, 0.08418126404285431)",Position
1286,"(0.25834891200065613, 0.05764392018318176, -3.615326204453595e-05)","(0.3122841715812683, 0.09163856506347656, -0.004218176938593388)","(0.3389761745929718, 0.17297537624835968, -0.002733641304075718)","(0.3519464433193207, 0.2515386939048767, 0.006028505973517895)","(0.3620108366012573, 0.30796146392822266, 0.01456234697252512)","(0.30845192074775696, 0.2437542825937271, -0.04077988490462303)","(0.3320764899253845, 0.33864110708236694, -0.01928270235657692)","(0.35022175312042236, 0.3541005253791809, 0.015539532527327538)","(0.3605392575263977, 0.3555978536605835, 0.04203664883971214)","(0.27800095081329346, 0.2575690746307373, -0.024107778444886208)","(0.30747318267822266, 0.3539767861366272, 0.00262094521895051)","(0.32848837971687317, 0.3614114224910736, 0.040189389139413834)","(0.3391243815422058, 0.3571942448616028, 0.06809107959270477)","(0.2551652789115906, 0.2551880180835724, -0.0015820112312212586)","(0.2832498848438263, 0.3447365164756775, 0.02220706269145012)","(0.3032960295677185, 0.3498649299144745, 0.05423559620976448)","(0.31364160776138306, 0.3425089120864868, 0.07959610223770142)","(0.23734641075134277, 0.24366486072540283, 0.020748691633343697)","(0.2605142891407013, 0.31823405623435974, 0.04002950340509415)","(0.27999261021614075, 0.3303114175796509, 0.061495792120695114)","(0.29111769795417786, 0.32390421628952026, 0.08308505266904831)",Position
1287,"(0.2586139142513275, 0.055496081709861755, -3.7861711462028325e-05)","(0.3121463656425476, 0.09061890840530396, -0.002796690911054611)","(0.33890604972839355, 0.1721227467060089, -0.00018666073447093368)","(0.35217052698135376, 0.2509463429450989, 0.009555620141327381)","(0.36320751905441284, 0.3072779178619385, 0.019369889050722122)","(0.30912724137306213, 0.24324649572372437, -0.038892898708581924)","(0.33179420232772827, 0.3363691568374634, -0.01658661849796772)","(0.34953510761260986, 0.3532867729663849, 0.01798386313021183)","(0.3602326214313507, 0.35657232999801636, 0.04358983039855957)","(0.2789347469806671, 0.25768154859542847, -0.022742001339793205)","(0.30727502703666687, 0.3520979881286621, 0.00488197011873126)","(0.32775571942329407, 0.3605284094810486, 0.04204666614532471)","(0.3384884297847748, 0.35670730471611023, 0.06909790635108948)","(0.2563381791114807, 0.2560383081436157, -0.0003459713188931346)","(0.28329628705978394, 0.34345969557762146, 0.023883160203695297)","(0.30296650528907776, 0.350671648979187, 0.05587473139166832)","(0.31333649158477783, 0.34378623962402344, 0.08087902516126633)","(0.23842710256576538, 0.24486440420150757, 0.02209329418838024)","(0.2602130174636841, 0.31899595260620117, 0.04122553765773773)","(0.279615581035614, 0.33266106247901917, 0.06288831681013107)","(0.291402131319046, 0.3268176019191742, 0.08449521660804749)",Position
1288,"(0.2590409815311432, 0.0575764924287796, -3.338323949719779e-05)","(0.3136204183101654, 0.09364955127239227, -0.0026036491617560387)","(0.339976966381073, 0.175025075674057, -0.0005747964605689049)","(0.3532802164554596, 0.253788560628891, 0.008469960652291775)","(0.364189475774765, 0.31040850281715393, 0.017442552372813225)","(0.3097263276576996, 0.24536141753196716, -0.037476640194654465)","(0.3336127996444702, 0.3373599350452423, -0.01400401908904314)","(0.35184332728385925, 0.3498106300830841, 0.021394923329353333)","(0.3617456257343292, 0.3483051359653473, 0.0473594106733799)","(0.27962934970855713, 0.25987911224365234, -0.021958211436867714)","(0.3095572292804718, 0.3531064987182617, 0.006057399325072765)","(0.3302895128726959, 0.35833287239074707, 0.0433255210518837)","(0.340356707572937, 0.35221800208091736, 0.07008498162031174)","(0.2569164037704468, 0.2579907774925232, -0.0003163768269587308)","(0.28503307700157166, 0.34559476375579834, 0.024569613859057426)","(0.3050163984298706, 0.34934377670288086, 0.05605728179216385)","(0.3148566782474518, 0.3402566611766815, 0.08030679076910019)","(0.23872624337673187, 0.24670912325382233, 0.021314864978194237)","(0.2612530589103699, 0.32086145877838135, 0.040714655071496964)","(0.2809712588787079, 0.33208540081977844, 0.06212087348103523)","(0.2921768128871918, 0.32379961013793945, 0.0834583044052124)",Position
1289,"(0.25850382447242737, 0.057690516114234924, -2.7213473003939725e-05)","(0.31385350227355957, 0.0921480655670166, -0.000829805969260633)","(0.3404516279697418, 0.17288793623447418, 0.001762504456564784)","(0.353532612323761, 0.25109267234802246, 0.010919759050011635)","(0.36497968435287476, 0.30817610025405884, 0.02024923264980316)","(0.3121096193790436, 0.243626669049263, -0.03679417818784714)","(0.3362537622451782, 0.3370622992515564, -0.012395924888551235)","(0.35328391194343567, 0.34699612855911255, 0.02462904155254364)","(0.36142614483833313, 0.34406816959381104, 0.051549993455410004)","(0.2814892530441284, 0.2588399350643158, -0.02222367562353611)","(0.31151455640792847, 0.3527285158634186, 0.007059055380523205)","(0.33081498742103577, 0.35156673192977905, 0.04590391367673874)","(0.3382524251937866, 0.341534286737442, 0.07305365800857544)","(0.2582334578037262, 0.25825586915016174, -0.0014775256859138608)","(0.28638312220573425, 0.3452218472957611, 0.024271231144666672)","(0.30548012256622314, 0.344208687543869, 0.05712847411632538)","(0.31313586235046387, 0.3325997292995453, 0.0814383327960968)","(0.23943594098091125, 0.24873724579811096, 0.01964159496128559)","(0.26229000091552734, 0.3223346173763275, 0.039990413933992386)","(0.28143560886383057, 0.3300061821937561, 0.06250635534524918)","(0.2909258306026459, 0.3194553256034851, 0.08377514779567719)",Position
1290,"(0.2590540051460266, 0.055393874645233154, -2.871172000595834e-05)","(0.3136916160583496, 0.08809766173362732, -0.002325600478798151)","(0.34121203422546387, 0.1696501076221466, -3.942584226024337e-05)","(0.35410866141319275, 0.2488701343536377, 0.00921587459743023)","(0.3660781979560852, 0.30624568462371826, 0.018161267042160034)","(0.31301411986351013, 0.24020279943943024, -0.038342490792274475)","(0.33700379729270935, 0.3349234163761139, -0.015296725556254387)","(0.35413017868995667, 0.34708353877067566, 0.02078716643154621)","(0.3634277582168579, 0.34596097469329834, 0.047623056918382645)","(0.2824940085411072, 0.25621098279953003, -0.022844960913062096)","(0.311835914850235, 0.35101062059402466, 0.005241789855062962)","(0.3319551944732666, 0.3547913432121277, 0.043679870665073395)","(0.3413175642490387, 0.3476756811141968, 0.07160749286413193)","(0.2595541179180145, 0.25602594017982483, -0.0012966705253347754)","(0.28743475675582886, 0.3436860740184784, 0.023062750697135925)","(0.3067019283771515, 0.3470299243927002, 0.05475794896483421)","(0.31599950790405273, 0.3383696973323822, 0.07985943555831909)","(0.2411796599626541, 0.24658437073230743, 0.020722204819321632)","(0.2638624310493469, 0.32055339217185974, 0.03919599577784538)","(0.2831006646156311, 0.33169370889663696, 0.06080545857548714)","(0.2941478192806244, 0.3246370553970337, 0.0827396810054779)",Position
1291,"(0.25859278440475464, 0.05531896650791168, -2.6923429686576128e-05)","(0.3137326240539551, 0.088126540184021, -0.002219598973169923)","(0.34165844321250916, 0.1676785945892334, -0.0006637662299908698)","(0.35508304834365845, 0.24645808339118958, 0.00729388976469636)","(0.366145521402359, 0.30370569229125977, 0.015005722641944885)","(0.3141644299030304, 0.2377653270959854, -0.03781256824731827)","(0.3382875621318817, 0.33445674180984497, -0.015009327791631222)","(0.3548872470855713, 0.34705087542533875, 0.021202068775892258)","(0.3633941113948822, 0.3451676666736603, 0.0488891527056694)","(0.28367239236831665, 0.25421109795570374, -0.022843144834041595)","(0.31261199712753296, 0.3505925238132477, 0.005748914089053869)","(0.3324802815914154, 0.35601919889450073, 0.04451751336455345)","(0.341639906167984, 0.35014408826828003, 0.07302787154912949)","(0.2606227993965149, 0.25480416417121887, -0.0019972703885287046)","(0.28831133246421814, 0.34329381585121155, 0.022840863093733788)","(0.3074900209903717, 0.3470546305179596, 0.054517362266778946)","(0.3163793981075287, 0.3386008143424988, 0.07912950217723846)","(0.2421373873949051, 0.24587541818618774, 0.0190045814961195)","(0.26461055874824524, 0.3202424943447113, 0.038657400757074356)","(0.2836686968803406, 0.33127832412719727, 0.06056780740618706)","(0.2941707968711853, 0.3234384059906006, 0.08198318630456924)",Position
1292,"(0.25893378257751465, 0.05624884366989136, -2.4611135813756846e-05)","(0.3146059811115265, 0.09037347137928009, -0.0023383742664009333)","(0.3417544662952423, 0.1700383424758911, -0.0013061367208138108)","(0.35571348667144775, 0.2478235363960266, 0.006729187443852425)","(0.3667341470718384, 0.30410337448120117, 0.014090212993323803)","(0.3147638142108917, 0.23895937204360962, -0.041904572397470474)","(0.34194403886795044, 0.33649513125419617, -0.01533554121851921)","(0.3577246069908142, 0.33795469999313354, 0.024689896032214165)","(0.3621726632118225, 0.32732197642326355, 0.053966790437698364)","(0.2840917110443115, 0.254921555519104, -0.026834899559617043)","(0.3152276873588562, 0.3518397808074951, 0.003991370089352131)","(0.33447664976119995, 0.3473004102706909, 0.04455206170678139)","(0.3408513367176056, 0.33519601821899414, 0.07213094085454941)","(0.2605803608894348, 0.25560399889945984, -0.005351847503334284)","(0.2893211245536804, 0.34415674209594727, 0.021431006491184235)","(0.30805259943008423, 0.33876314759254456, 0.053474538028240204)","(0.3142379820346832, 0.32453349232673645, 0.0763000100851059)","(0.24170835316181183, 0.247719869017601, 0.01647678203880787)","(0.26486459374427795, 0.32204410433769226, 0.03702632710337639)","(0.2839365005493164, 0.3261435031890869, 0.05870503932237625)","(0.29219692945480347, 0.3121795058250427, 0.07838928699493408)",Position
1293,"(0.2589761018753052, 0.05449150502681732, -2.470257277309429e-05)","(0.3150232434272766, 0.09067629277706146, -0.00020611804211512208)","(0.34226280450820923, 0.17123271524906158, 0.0025335270911455154)","(0.3561970293521881, 0.24907031655311584, 0.012117198668420315)","(0.3687587380409241, 0.30571994185447693, 0.02107338048517704)","(0.3146565556526184, 0.23909549415111542, -0.04063981771469116)","(0.3410310745239258, 0.3362038731575012, -0.014621667563915253)","(0.35762977600097656, 0.3378911316394806, 0.025400400161743164)","(0.36363086104393005, 0.32794713973999023, 0.05489986017346382)","(0.283735990524292, 0.2540036141872406, -0.026234449818730354)","(0.31507596373558044, 0.3497583270072937, 0.005430235061794519)","(0.3344154953956604, 0.3409678339958191, 0.04659123346209526)","(0.3406412601470947, 0.3258915841579437, 0.07424759119749069)","(0.26010018587112427, 0.25388211011886597, -0.00530213164165616)","(0.28881970047950745, 0.3404374420642853, 0.022984405979514122)","(0.3074893355369568, 0.3330228924751282, 0.05636443570256233)","(0.3137037456035614, 0.3185838460922241, 0.0795818641781807)","(0.24078616499900818, 0.2449522465467453, 0.01635352335870266)","(0.26427263021469116, 0.3175026774406433, 0.039024461060762405)","(0.2831418514251709, 0.32003337144851685, 0.062359943985939026)","(0.29121825098991394, 0.30634018778800964, 0.08289262652397156)",Position
1294,"(0.25829553604125977, 0.05520261824131012, -3.4381704608676955e-05)","(0.3145524561405182, 0.09083689749240875, -0.0006118763121776283)","(0.34139925241470337, 0.17179298400878906, 4.067795816808939e-05)","(0.35563263297080994, 0.25060349702835083, 0.006315968465059996)","(0.37057000398635864, 0.3082702159881592, 0.01038754265755415)","(0.3152291774749756, 0.23863422870635986, -0.04048198461532593)","(0.34114715456962585, 0.3376559615135193, -0.015632158145308495)","(0.3575177788734436, 0.3420807421207428, 0.023286929354071617)","(0.36355337500572205, 0.33412230014801025, 0.05333450064063072)","(0.28447261452674866, 0.2531832158565521, -0.02684502862393856)","(0.3154350221157074, 0.3504274785518646, 0.004303356632590294)","(0.3345543444156647, 0.34754329919815063, 0.0453336164355278)","(0.3415125012397766, 0.33699870109558105, 0.07345453649759293)","(0.26059168577194214, 0.253104567527771, -0.006849334575235844)","(0.28973424434661865, 0.3412896394729614, 0.02102786861360073)","(0.30840641260147095, 0.33662959933280945, 0.054279353469610214)","(0.3150399327278137, 0.3241208791732788, 0.07737943530082703)","(0.24109891057014465, 0.2445993423461914, 0.013779575936496258)","(0.26477673649787903, 0.31808704137802124, 0.03565605357289314)","(0.2841871678829193, 0.323863685131073, 0.05884172394871712)","(0.29322028160095215, 0.313544899225235, 0.0793035700917244)",Position
1295,"(0.25954368710517883, 0.05649524927139282, -3.70195739378687e-05)","(0.3148150146007538, 0.0907781571149826, -0.002861501881852746)","(0.3416439890861511, 0.17321479320526123, -0.002907449146732688)","(0.3553006947040558, 0.25410667061805725, 0.0036225328221917152)","(0.3701798915863037, 0.31373491883277893, 0.008055733516812325)","(0.3131292164325714, 0.24139605462551117, -0.0427984893321991)","(0.33820924162864685, 0.33970487117767334, -0.019958769902586937)","(0.35679662227630615, 0.3491668701171875, 0.017425918951630592)","(0.3664347529411316, 0.34506821632385254, 0.046981122344732285)","(0.2828556001186371, 0.2560572326183319, -0.027401896193623543)","(0.31420865654945374, 0.3522016406059265, 0.0021517714485526085)","(0.3353502154350281, 0.35340243577957153, 0.04198503866791725)","(0.34475111961364746, 0.3449435234069824, 0.07070907205343246)","(0.2597237825393677, 0.2551227807998657, -0.005895976442843676)","(0.2894844114780426, 0.34226661920547485, 0.020695623010396957)","(0.30929550528526306, 0.3422684073448181, 0.05314846336841583)","(0.3184225261211395, 0.33277830481529236, 0.07796335220336914)","(0.24118411540985107, 0.24553856253623962, 0.01604902744293213)","(0.26519736647605896, 0.31956416368484497, 0.03797199949622154)","(0.2848570644855499, 0.3283683657646179, 0.061783384531736374)","(0.2954426109790802, 0.3203810453414917, 0.08440420031547546)",Position
1296,"(0.2590034008026123, 0.05594490468502045, -1.3105272955726832e-05)","(0.3137512803077698, 0.09178423881530762, 0.001062603434547782)","(0.34139227867126465, 0.17676371335983276, 0.0029082780238240957)","(0.35494399070739746, 0.25887563824653625, 0.010285071097314358)","(0.37014010548591614, 0.31843897700309753, 0.015619541518390179)","(0.31575098633766174, 0.23949478566646576, -0.03809358552098274)","(0.3399257957935333, 0.3376278281211853, -0.014643248170614243)","(0.357288122177124, 0.35050705075263977, 0.022199898958206177)","(0.36625155806541443, 0.34953242540359497, 0.04994998872280121)","(0.2853691279888153, 0.2555781900882721, -0.025384217500686646)","(0.31649985909461975, 0.35233768820762634, 0.005223237909376621)","(0.3362371623516083, 0.35289204120635986, 0.04478541761636734)","(0.344377338886261, 0.343813419342041, 0.07195495069026947)","(0.2613668441772461, 0.25630685687065125, -0.006655581761151552)","(0.291630357503891, 0.3452657461166382, 0.022190440446138382)","(0.3109087646007538, 0.3411312401294708, 0.05559834837913513)","(0.31855571269989014, 0.3289526104927063, 0.07904337346553802)","(0.2412680685520172, 0.24858884513378143, 0.012351025827229023)","(0.26664701104164124, 0.32276052236557007, 0.03539028391242027)","(0.2862389087677002, 0.3277963399887085, 0.05997505038976669)","(0.295594722032547, 0.31762033700942993, 0.08166208118200302)",Position
1297,"(0.2606337070465088, 0.05676938593387604, -2.8400634619174525e-05)","(0.31477832794189453, 0.09189324080944061, 0.0001124921182054095)","(0.34169235825538635, 0.17637398838996887, 0.0015073788817971945)","(0.3539775311946869, 0.26144152879714966, 0.008528037928044796)","(0.3713171184062958, 0.3228299915790558, 0.013101805932819843)","(0.3167715072631836, 0.24254605174064636, -0.035168543457984924)","(0.339260995388031, 0.3403608798980713, -0.012662042863667011)","(0.3569642901420593, 0.35384711623191833, 0.022329334169626236)","(0.3674606382846832, 0.3532637357711792, 0.048789072781801224)","(0.28626102209091187, 0.25899434089660645, -0.02267090231180191)","(0.31612610816955566, 0.354668527841568, 0.0066293166019022465)","(0.33621713519096375, 0.3560377061367035, 0.04358597472310066)","(0.3456818461418152, 0.3459218144416809, 0.07014104723930359)","(0.26200929284095764, 0.2590268850326538, -0.004328214563429356)","(0.2915046215057373, 0.3466522693634033, 0.022413818165659904)","(0.3108806312084198, 0.3459428548812866, 0.05463092401623726)","(0.32003411650657654, 0.33539018034935, 0.07877601683139801)","(0.24158772826194763, 0.24960318207740784, 0.014456699602305889)","(0.26663437485694885, 0.3239705562591553, 0.03569683060050011)","(0.2862209677696228, 0.33122268319129944, 0.06054883822798729)","(0.29664885997772217, 0.32292383909225464, 0.08385693281888962)",Position
1298,"(0.26280224323272705, 0.06004256010055542, -2.173913162550889e-05)","(0.3172958195209503, 0.10230283439159393, 0.006553257815539837)","(0.34242919087409973, 0.188287153840065, 0.011253593489527702)","(0.3559272289276123, 0.27180683612823486, 0.02097950130701065)","(0.37578877806663513, 0.3295131325721741, 0.027987992390990257)","(0.3183083236217499, 0.25165629386901855, -0.03139559552073479)","(0.34217822551727295, 0.3508748710155487, -0.0016268580220639706)","(0.3574308753013611, 0.3464341163635254, 0.03903168439865112)","(0.36204463243484497, 0.33228838443756104, 0.06913655251264572)","(0.28757259249687195, 0.2658754587173462, -0.021089445799589157)","(0.31735554337501526, 0.3596283197402954, 0.016057997941970825)","(0.33310604095458984, 0.3408670425415039, 0.056516051292419434)","(0.33688753843307495, 0.3206268548965454, 0.08022446930408478)","(0.2627239227294922, 0.2648697793483734, -0.0041860174387693405)","(0.2919729948043823, 0.3502228558063507, 0.02936561405658722)","(0.3083590865135193, 0.33596280217170715, 0.06233764439821243)","(0.31207069754600525, 0.31908082962036133, 0.08225859701633453)","(0.24198508262634277, 0.25605088472366333, 0.014182320795953274)","(0.2668549418449402, 0.3276723027229309, 0.04115654155611992)","(0.28463175892829895, 0.325090229511261, 0.0655268207192421)","(0.2905743718147278, 0.3104794919490814, 0.08519130200147629)",Position
1299,"(0.26136094331741333, 0.059179916977882385, -1.6179521480808035e-05)","(0.3171851933002472, 0.10390715301036835, 0.00997832603752613)","(0.34252649545669556, 0.19008170068264008, 0.015751821920275688)","(0.356082946062088, 0.27341556549072266, 0.02633998729288578)","(0.37640905380249023, 0.33087608218193054, 0.03489263728260994)","(0.3196117877960205, 0.25493791699409485, -0.033552516251802444)","(0.34310322999954224, 0.3514716625213623, 0.0024926208425313234)","(0.355196088552475, 0.33010390400886536, 0.046488065272569656)","(0.3554202914237976, 0.3055368959903717, 0.07544524222612381)","(0.2879839241504669, 0.26859110593795776, -0.024498330429196358)","(0.31694266200065613, 0.36206117272377014, 0.01641632430255413)","(0.3304210603237152, 0.3358671963214874, 0.058086324483156204)","(0.3310931921005249, 0.31239253282546997, 0.07989775389432907)","(0.26252636313438416, 0.2672131061553955, -0.0076316483318805695)","(0.2913094758987427, 0.3522976040840149, 0.029950523748993874)","(0.30577006936073303, 0.3322228193283081, 0.06455021351575851)","(0.30640244483947754, 0.31225261092185974, 0.08296111971139908)","(0.24092674255371094, 0.2583591341972351, 0.011460593901574612)","(0.26626160740852356, 0.3279551863670349, 0.041149333119392395)","(0.2826218605041504, 0.31875079870224, 0.06570949405431747)","(0.28537067770957947, 0.30016645789146423, 0.08383869379758835)",Position
1300,"(0.262035071849823, 0.05749519169330597, -2.151400076400023e-05)","(0.31644442677497864, 0.1066322773694992, 0.015242486260831356)","(0.34166866540908813, 0.19174154102802277, 0.020646551623940468)","(0.3552999198436737, 0.2759854197502136, 0.029870355501770973)","(0.3785552978515625, 0.3332904577255249, 0.03658720478415489)","(0.3212490677833557, 0.25389352440834045, -0.030962912365794182)","(0.3423461616039276, 0.3533349335193634, 0.0033163439948111773)","(0.35353732109069824, 0.3325444459915161, 0.044719405472278595)","(0.35353219509124756, 0.3083280324935913, 0.072663813829422)","(0.2893466651439667, 0.26861560344696045, -0.02538926899433136)","(0.3168928623199463, 0.36353686451911926, 0.015043961815536022)","(0.3284313976764679, 0.3354162573814392, 0.054953351616859436)","(0.3277079463005066, 0.3098191022872925, 0.07444296032190323)","(0.2631526589393616, 0.2675061821937561, -0.011730658821761608)","(0.29073116183280945, 0.35479557514190674, 0.026476500555872917)","(0.3039989769458771, 0.33178892731666565, 0.061864811927080154)","(0.30351364612579346, 0.3095407783985138, 0.07999534159898758)","(0.24072816967964172, 0.2583082914352417, 0.004633388947695494)","(0.26537376642227173, 0.32881444692611694, 0.03532151132822037)","(0.2806245684623718, 0.31658846139907837, 0.060798279941082)","(0.28218600153923035, 0.29650503396987915, 0.07909544557332993)",Position
1301,"(0.26240986585617065, 0.0583309531211853, -2.4679486159584485e-05)","(0.31709718704223633, 0.10998380184173584, 0.0181670431047678)","(0.342261403799057, 0.19483788311481476, 0.022318081930279732)","(0.3563021421432495, 0.2794567346572876, 0.030462991446256638)","(0.3798309862613678, 0.3347092568874359, 0.03617652505636215)","(0.32380107045173645, 0.2559543550014496, -0.033494435250759125)","(0.34352827072143555, 0.3548647165298462, 0.003297127317637205)","(0.3503585457801819, 0.3232298195362091, 0.044340308755636215)","(0.34669867157936096, 0.2914187014102936, 0.0695161521434784)","(0.29160836338996887, 0.2710624635219574, -0.03000761568546295)","(0.31781256198883057, 0.3661656975746155, 0.012919997796416283)","(0.32571160793304443, 0.33229225873947144, 0.05258718878030777)","(0.32218390703201294, 0.3026219308376312, 0.0688195526599884)","(0.2644237279891968, 0.269944965839386, -0.017854344099760056)","(0.29080042243003845, 0.35821107029914856, 0.02388582192361355)","(0.3007732033729553, 0.32862457633018494, 0.06021983548998833)","(0.29754021763801575, 0.3009003698825836, 0.07587364315986633)","(0.2404392808675766, 0.2610880136489868, -0.002525322139263153)","(0.26547351479530334, 0.33049526810646057, 0.030264444649219513)","(0.2779717743396759, 0.31191790103912354, 0.056040894240140915)","(0.27630001306533813, 0.28639155626296997, 0.07206866145133972)",Position
1302,"(0.2635713815689087, 0.06372547149658203, -2.3610471544088796e-05)","(0.31894561648368835, 0.1179172545671463, 0.021526118740439415)","(0.3440993130207062, 0.20198272168636322, 0.026083434000611305)","(0.3585171401500702, 0.28322646021842957, 0.03472915291786194)","(0.38228702545166016, 0.3340752124786377, 0.04094482585787773)","(0.3260517716407776, 0.25951382517814636, -0.03610986843705177)","(0.3460295796394348, 0.35747775435447693, 0.0011643386678770185)","(0.3509874939918518, 0.3233213424682617, 0.04171624779701233)","(0.3462553322315216, 0.28913113474845886, 0.06561054289340973)","(0.2936764359474182, 0.27489274740219116, -0.03406841307878494)","(0.32012975215911865, 0.36847370862960815, 0.008996259421110153)","(0.3257278501987457, 0.33244386315345764, 0.04789632931351662)","(0.3210231363773346, 0.3007396459579468, 0.0617811493575573)","(0.26596173644065857, 0.2743179202079773, -0.02275868132710457)","(0.2924955487251282, 0.36274075508117676, 0.020228883251547813)","(0.30003103613853455, 0.3308086097240448, 0.056633420288562775)","(0.2953184247016907, 0.3004028797149658, 0.0708877444267273)","(0.24116572737693787, 0.2663847804069519, -0.00781632587313652)","(0.26648831367492676, 0.33548516035079956, 0.026672346517443657)","(0.2773859202861786, 0.3148685693740845, 0.053423404693603516)","(0.27446985244750977, 0.2871432900428772, 0.06842005997896194)",Position
1303,"(0.2652882933616638, 0.06614238023757935, -3.250271038268693e-05)","(0.31986457109451294, 0.1209510862827301, 0.023042047396302223)","(0.345791220664978, 0.2039531171321869, 0.028105132281780243)","(0.3594203293323517, 0.2855631709098816, 0.03765295818448067)","(0.38231950998306274, 0.3374881148338318, 0.04591967910528183)","(0.32814592123031616, 0.26176732778549194, -0.03754584863781929)","(0.34369927644729614, 0.36216163635253906, 0.0023720785975456238)","(0.3479548990726471, 0.3280637264251709, 0.045101817697286606)","(0.3431676924228668, 0.29289573431015015, 0.0708509013056755)","(0.2951078414916992, 0.2757572531700134, -0.035391006618738174)","(0.31656691431999207, 0.3713509738445282, 0.010004916228353977)","(0.32287266850471497, 0.3376736044883728, 0.0527479350566864)","(0.31911346316337585, 0.30616486072540283, 0.06926553696393967)","(0.26646488904953003, 0.2739032208919525, -0.023239074274897575)","(0.2886999249458313, 0.36252808570861816, 0.021447958424687386)","(0.2964678108692169, 0.3322044014930725, 0.061006542295217514)","(0.29276129603385925, 0.3019541800022125, 0.07776720076799393)","(0.24068138003349304, 0.26491954922676086, -0.007431298028677702)","(0.2623883783817291, 0.3355587124824524, 0.02813192829489708)","(0.2734127640724182, 0.3162369728088379, 0.05619059130549431)","(0.2717181444168091, 0.2889449894428253, 0.07286755740642548)",Position
1304,"(0.265794962644577, 0.06959760189056396, -3.12210941046942e-05)","(0.3205142915248871, 0.12451905012130737, 0.02353033237159252)","(0.3464607894420624, 0.2095947414636612, 0.028957976028323174)","(0.35975944995880127, 0.28980135917663574, 0.0399269200861454)","(0.3832007944583893, 0.3391275405883789, 0.049963582307100296)","(0.33223018050193787, 0.2604895830154419, -0.046292491257190704)","(0.34380996227264404, 0.36537596583366394, -0.005411558784544468)","(0.3463858664035797, 0.3319753408432007, 0.03969259187579155)","(0.34200364351272583, 0.29656359553337097, 0.06620168685913086)","(0.29862070083618164, 0.2732832431793213, -0.044027745723724365)","(0.31656351685523987, 0.3750497102737427, 0.0011816808255389333)","(0.3215616047382355, 0.34235450625419617, 0.04535820335149765)","(0.3181973993778229, 0.31136539578437805, 0.06216973811388016)","(0.2688451111316681, 0.2716480791568756, -0.03104870580136776)","(0.2889258563518524, 0.3662879765033722, 0.01318054087460041)","(0.2955182194709778, 0.33663105964660645, 0.05336791276931763)","(0.292026549577713, 0.30665040016174316, 0.07007098942995071)","(0.24198423326015472, 0.2641672194004059, -0.013943548314273357)","(0.2626207172870636, 0.33988356590270996, 0.019066432490944862)","(0.2729025185108185, 0.32028067111968994, 0.04664763808250427)","(0.27139243483543396, 0.2923007011413574, 0.06265760958194733)",Position
1305,"(0.268033504486084, 0.07307212054729462, -3.529826790327206e-05)","(0.3239528238773346, 0.12833696603775024, 0.026571039110422134)","(0.35000336170196533, 0.21253548562526703, 0.03287208452820778)","(0.362469345331192, 0.2916123569011688, 0.04479645937681198)","(0.3832100033760071, 0.3409525752067566, 0.055482588708400726)","(0.3366199731826782, 0.26333680748939514, -0.04545538127422333)","(0.34683945775032043, 0.3684820532798767, -0.0038157892413437366)","(0.3472667932510376, 0.3341082036495209, 0.040358297526836395)","(0.3424531817436218, 0.2980940341949463, 0.06590135395526886)","(0.303028404712677, 0.27506500482559204, -0.04538210853934288)","(0.31854739785194397, 0.3781276345252991, 0.0008713664137758315)","(0.32193806767463684, 0.3455181419849396, 0.04341542720794678)","(0.3180564343929291, 0.31433504819869995, 0.05790688842535019)","(0.27260902523994446, 0.2726087272167206, -0.03382672742009163)","(0.29026100039482117, 0.3685430884361267, 0.01115107536315918)","(0.29549989104270935, 0.339452862739563, 0.05104503408074379)","(0.2918238639831543, 0.30921587347984314, 0.06650102138519287)","(0.24462878704071045, 0.2651778757572174, -0.018067173659801483)","(0.2639293670654297, 0.3437402546405792, 0.01481480523943901)","(0.27346453070640564, 0.32468369603157043, 0.04344550892710686)","(0.2717934250831604, 0.29648590087890625, 0.059808969497680664)",Position
1306,"(0.2709369361400604, 0.07682539522647858, -3.753896089619957e-05)","(0.3266439437866211, 0.1328020989894867, 0.03055909462273121)","(0.3527032732963562, 0.21523743867874146, 0.038804009556770325)","(0.3659634590148926, 0.29121485352516174, 0.05161066725850105)","(0.3870609998703003, 0.33968600630760193, 0.06289886683225632)","(0.3400994539260864, 0.26615068316459656, -0.039992377161979675)","(0.3515689969062805, 0.37144044041633606, 0.0017051968025043607)","(0.35119208693504333, 0.3379126787185669, 0.04537637531757355)","(0.34654515981674194, 0.3015865385532379, 0.07023005187511444)","(0.3069423735141754, 0.2790103852748871, -0.04234038293361664)","(0.3233779966831207, 0.38160762190818787, 0.002658398123458028)","(0.3257739543914795, 0.34879642724990845, 0.043003931641578674)","(0.3220858573913574, 0.31653884053230286, 0.05656656250357628)","(0.27594006061553955, 0.27821847796440125, -0.032984863966703415)","(0.29437562823295593, 0.3747154176235199, 0.01174504216760397)","(0.29839658737182617, 0.3447374105453491, 0.05185776203870773)","(0.29482513666152954, 0.31403210759162903, 0.0676426887512207)","(0.24672949314117432, 0.2725122570991516, -0.019554676488041878)","(0.26478272676467896, 0.35220688581466675, 0.01436570379883051)","(0.27339139580726624, 0.33187174797058105, 0.04330544173717499)","(0.27149498462677, 0.3030220866203308, 0.05951934680342674)",Position
1307,"(0.2731887102127075, 0.08029292523860931, -4.1509800212224945e-05)","(0.32819199562072754, 0.13783462345600128, 0.032164573669433594)","(0.3545627295970917, 0.21956071257591248, 0.03912529721856117)","(0.3679581880569458, 0.2945531904697418, 0.04981786385178566)","(0.38875487446784973, 0.3428143858909607, 0.05901278927922249)","(0.3438687026500702, 0.2696884870529175, -0.038919247686862946)","(0.35276463627815247, 0.3760846257209778, 0.003244527382776141)","(0.3504018485546112, 0.34242531657218933, 0.046449996531009674)","(0.3459474742412567, 0.30525678396224976, 0.07021155208349228)","(0.3103024363517761, 0.282032310962677, -0.04383113980293274)","(0.3226119875907898, 0.3853958547115326, 0.0008268555975519121)","(0.3230946660041809, 0.35215985774993896, 0.04002901166677475)","(0.31979164481163025, 0.31827905774116516, 0.052353400737047195)","(0.27830368280410767, 0.281499981880188, -0.03702680394053459)","(0.293368399143219, 0.3776782155036926, 0.008309315890073776)","(0.2954159677028656, 0.3456122875213623, 0.0465385727584362)","(0.29215821623802185, 0.3128172755241394, 0.0606437548995018)","(0.24789340794086456, 0.2761564552783966, -0.026257475838065147)","(0.2636958062648773, 0.3562534749507904, 0.009288500063121319)","(0.270277202129364, 0.33384034037590027, 0.03844833001494408)","(0.26804986596107483, 0.3034729063510895, 0.053836364299058914)",Position
1308,"(0.27509430050849915, 0.08212114870548248, -4.479904964682646e-05)","(0.33019256591796875, 0.14077726006507874, 0.03703819587826729)","(0.3556222915649414, 0.2199571430683136, 0.046212904155254364)","(0.3675707280635834, 0.2925068438053131, 0.05815014988183975)","(0.3843805193901062, 0.3424205780029297, 0.06897084414958954)","(0.346809446811676, 0.2721039950847626, -0.035375069826841354)","(0.3530656695365906, 0.37975019216537476, 0.006678855046629906)","(0.3497869372367859, 0.3489672839641571, 0.04909927397966385)","(0.3458922505378723, 0.311216801404953, 0.07241971790790558)","(0.31305626034736633, 0.2839202284812927, -0.04272202029824257)","(0.32275959849357605, 0.3860759735107422, 0.003276844508945942)","(0.32213708758354187, 0.3537532389163971, 0.04290030524134636)","(0.319595068693161, 0.3205070197582245, 0.054872624576091766)","(0.2798880636692047, 0.28394654393196106, -0.03796035051345825)","(0.2934064269065857, 0.3785669505596161, 0.008525734767317772)","(0.2942906618118286, 0.34659841656684875, 0.046074360609054565)","(0.29177603125572205, 0.31385380029678345, 0.058615539222955704)","(0.24766841530799866, 0.2794947624206543, -0.029325461015105247)","(0.2639203667640686, 0.3584197163581848, 0.008244386874139309)","(0.2693142592906952, 0.33545663952827454, 0.03735581785440445)","(0.2664371132850647, 0.30540961027145386, 0.051596749573946)",Position
1309,"(0.2755131423473358, 0.08327169716358185, -4.170231113675982e-05)","(0.33037471771240234, 0.14344705641269684, 0.03555438667535782)","(0.35525479912757874, 0.22304269671440125, 0.044228147715330124)","(0.3668144643306732, 0.2968403995037079, 0.055672537535429)","(0.38404595851898193, 0.34687480330467224, 0.06563306599855423)","(0.3465142846107483, 0.27652981877326965, -0.03412414342164993)","(0.35227614641189575, 0.38198307156562805, 0.007711661979556084)","(0.3489938974380493, 0.35160648822784424, 0.049144238233566284)","(0.3450678586959839, 0.31487956643104553, 0.07177510857582092)","(0.31256386637687683, 0.2876993417739868, -0.04134923219680786)","(0.32150033116340637, 0.3882679343223572, 0.005156191065907478)","(0.3213009834289551, 0.35632434487342834, 0.043754421174526215)","(0.3191566467285156, 0.32297229766845703, 0.05516895651817322)","(0.2795045077800751, 0.2866717278957367, -0.03696789592504501)","(0.29250550270080566, 0.3790171444416046, 0.009124134667217731)","(0.2938326299190521, 0.3474214971065521, 0.04471414536237717)","(0.2914057970046997, 0.31447726488113403, 0.05570747330784798)","(0.2475947141647339, 0.2809622585773468, -0.028892453759908676)","(0.26366209983825684, 0.3583269715309143, 0.007579737342894077)","(0.2695433795452118, 0.3370858132839203, 0.03525598347187042)","(0.2670142650604248, 0.30791282653808594, 0.04861714318394661)",Position
1310,"(0.2750985622406006, 0.08743686974048615, -4.538135544862598e-05)","(0.330820769071579, 0.14841815829277039, 0.030066341161727905)","(0.35645896196365356, 0.23036685585975647, 0.03507228568196297)","(0.36614030599594116, 0.30794158577919006, 0.04346970468759537)","(0.38012954592704773, 0.3623606264591217, 0.0497739240527153)","(0.3462677597999573, 0.2828778028488159, -0.03913155943155289)","(0.3535959720611572, 0.3853302299976349, 0.0032746565993875265)","(0.3522568345069885, 0.35040685534477234, 0.044243376702070236)","(0.34888601303100586, 0.3129640817642212, 0.06635323911905289)","(0.3118576407432556, 0.2926808297634125, -0.04493565857410431)","(0.3213483393192291, 0.38914015889167786, 0.0030339390505105257)","(0.3225683271884918, 0.3555928170681, 0.038950011134147644)","(0.32010728120803833, 0.3221731185913086, 0.047022394835948944)","(0.27870601415634155, 0.2908892035484314, -0.03930504620075226)","(0.291538804769516, 0.3803490698337555, 0.007661869749426842)","(0.2941317856311798, 0.34845295548439026, 0.04075510427355766)","(0.29161545634269714, 0.31487423181533813, 0.04874768480658531)","(0.24715861678123474, 0.28490763902664185, -0.030300041660666466)","(0.2630135118961334, 0.360878050327301, 0.006626815535128117)","(0.2697627544403076, 0.33817142248153687, 0.032275889068841934)","(0.2674538195133209, 0.30735084414482117, 0.04325783997774124)",Position
1311,"(0.27357974648475647, 0.08897170424461365, -4.6797933464404196e-05)","(0.32943546772003174, 0.14913876354694366, 0.034477852284908295)","(0.3541927933692932, 0.2289355993270874, 0.04276858642697334)","(0.3617137372493744, 0.3052160441875458, 0.05332031100988388)","(0.37207329273223877, 0.35835719108581543, 0.06175949051976204)","(0.3460024297237396, 0.28601229190826416, -0.03135410323739052)","(0.35280293226242065, 0.38607004284858704, 0.01259551290422678)","(0.35112184286117554, 0.3517836928367615, 0.05325881391763687)","(0.3474504053592682, 0.31460675597190857, 0.07378220558166504)","(0.31176501512527466, 0.29539331793785095, -0.038792528212070465)","(0.32077014446258545, 0.389417827129364, 0.011255115270614624)","(0.3217390775680542, 0.3556815981864929, 0.04778025299310684)","(0.31915903091430664, 0.322159081697464, 0.056124355643987656)","(0.27854979038238525, 0.2932199239730835, -0.03492673859000206)","(0.29103413224220276, 0.3803640305995941, 0.01377957034856081)","(0.2933887243270874, 0.34767138957977295, 0.047229718416929245)","(0.29061225056648254, 0.3138352930545807, 0.055153533816337585)","(0.24697667360305786, 0.2867628335952759, -0.027707107365131378)","(0.2627612352371216, 0.36040303111076355, 0.010985342785716057)","(0.2691067159175873, 0.3374813199043274, 0.036767952144145966)","(0.2662503719329834, 0.30762284994125366, 0.0476788766682148)",Position
1312,"(0.2749377489089966, 0.08822490274906158, -4.800499664270319e-05)","(0.3289374113082886, 0.14973585307598114, 0.03029354102909565)","(0.3543841540813446, 0.23288656771183014, 0.03537900000810623)","(0.3641745448112488, 0.3124829828739166, 0.043593987822532654)","(0.3799535632133484, 0.3678862750530243, 0.049904726445674896)","(0.34525203704833984, 0.2863706946372986, -0.036000896245241165)","(0.35253986716270447, 0.38836005330085754, 0.006343189626932144)","(0.3518751561641693, 0.35369136929512024, 0.04835698753595352)","(0.34882932901382446, 0.31642064452171326, 0.0720396563410759)","(0.3118217885494232, 0.29571378231048584, -0.04205956682562828)","(0.31973376870155334, 0.3922821879386902, 0.006883954629302025)","(0.32137224078178406, 0.35917192697525024, 0.04479987174272537)","(0.3190668225288391, 0.3257198929786682, 0.05531107261776924)","(0.2792029082775116, 0.2928863763809204, -0.03704291209578514)","(0.29014459252357483, 0.38181090354919434, 0.010970188304781914)","(0.2927014231681824, 0.350290447473526, 0.04595582187175751)","(0.2901926040649414, 0.31661710143089294, 0.05544045567512512)","(0.24790965020656586, 0.2862997055053711, -0.028799012303352356)","(0.26268187165260315, 0.3601486086845398, 0.009571640752255917)","(0.26938098669052124, 0.338070809841156, 0.03627195954322815)","(0.2669362723827362, 0.30797678232192993, 0.04781123250722885)",Position
1313,"(0.2754894495010376, 0.08902807533740997, -4.405922663863748e-05)","(0.32992422580718994, 0.1515359729528427, 0.033825043588876724)","(0.35588309168815613, 0.23503796756267548, 0.03968092054128647)","(0.36596497893333435, 0.3146762251853943, 0.04793884605169296)","(0.38224947452545166, 0.36865317821502686, 0.05387252941727638)","(0.34815114736557007, 0.2878863215446472, -0.03369385749101639)","(0.35160019993782043, 0.39089810848236084, 0.00986940972507)","(0.34960559010505676, 0.35552310943603516, 0.0524798221886158)","(0.34732046723365784, 0.317564994096756, 0.07557316869497299)","(0.31466639041900635, 0.2967741787433624, -0.041844017803668976)","(0.31892725825309753, 0.39196231961250305, 0.008830246515572071)","(0.31917300820350647, 0.3566696345806122, 0.04692823439836502)","(0.3174442946910858, 0.3227267861366272, 0.05620724707841873)","(0.2813913822174072, 0.29358431696891785, -0.038917265832424164)","(0.2897050976753235, 0.38197773694992065, 0.011275652796030045)","(0.2911612093448639, 0.3489471971988678, 0.04583438113331795)","(0.28911590576171875, 0.31474974751472473, 0.05365830659866333)","(0.24905651807785034, 0.28638729453086853, -0.03252421319484711)","(0.26245051622390747, 0.35994312167167664, 0.006803488824516535)","(0.2677958011627197, 0.3359282612800598, 0.03317892178893089)","(0.26518040895462036, 0.3049338757991791, 0.043372102081775665)",Position
1314,"(0.2727673649787903, 0.08708493411540985, -4.9917067372007295e-05)","(0.3292786777019501, 0.1455380618572235, 0.029061216861009598)","(0.35900527238845825, 0.22615322470664978, 0.031105725094676018)","(0.37429019808769226, 0.3079179525375366, 0.03536662086844444)","(0.3920135498046875, 0.3659622073173523, 0.03944390267133713)","(0.3493451774120331, 0.2848222553730011, -0.031520429998636246)","(0.3493254482746124, 0.3909529745578766, 0.010660259984433651)","(0.3452882468700409, 0.35723018646240234, 0.05139508470892906)","(0.3417885899543762, 0.31841978430747986, 0.07443930208683014)","(0.31589505076408386, 0.2950403094291687, -0.037842992693185806)","(0.318916916847229, 0.39376547932624817, 0.012424750253558159)","(0.3182031512260437, 0.36002498865127563, 0.05204775556921959)","(0.3156236410140991, 0.3248461186885834, 0.06374936550855637)","(0.2826383709907532, 0.2925487458705902, -0.033987920731306076)","(0.29052186012268066, 0.3829239010810852, 0.014652097597718239)","(0.29117780923843384, 0.351159930229187, 0.04922882094979286)","(0.28866273164749146, 0.31613826751708984, 0.058414969593286514)","(0.25022557377815247, 0.2852601408958435, -0.02664969488978386)","(0.26358890533447266, 0.36030563712120056, 0.01147811021655798)","(0.26922500133514404, 0.3378722369670868, 0.03869258239865303)","(0.2672656178474426, 0.30676040053367615, 0.05118025094270706)",Position
1315,"(0.2703905999660492, 0.08163735270500183, -5.4729545809095725e-05)","(0.33083266019821167, 0.13453952968120575, 0.030744675546884537)","(0.362504243850708, 0.20587246119976044, 0.035502102226018906)","(0.3792499005794525, 0.2802356779575348, 0.04142806679010391)","(0.39268672466278076, 0.33624303340911865, 0.04803996533155441)","(0.35043755173683167, 0.2802779972553253, -0.014187799766659737)","(0.35181528329849243, 0.38247865438461304, 0.026685204356908798)","(0.3491646647453308, 0.35805797576904297, 0.06331333518028259)","(0.3452010154724121, 0.3227616846561432, 0.08334434777498245)","(0.31673723459243774, 0.2934052646160126, -0.020621711388230324)","(0.32205453515052795, 0.3920423090457916, 0.027611760422587395)","(0.3224860727787018, 0.36285340785980225, 0.0655704066157341)","(0.3195214569568634, 0.3292011618614197, 0.07847776263952255)","(0.2833263874053955, 0.2921019494533539, -0.017970144748687744)","(0.2925228178501129, 0.3819297254085541, 0.025098098441958427)","(0.2937943935394287, 0.3516657054424286, 0.05795893445611)","(0.29110610485076904, 0.3168780207633972, 0.0697411447763443)","(0.2506760060787201, 0.283920019865036, -0.012010484002530575)","(0.26301735639572144, 0.36035603284835815, 0.02107333578169346)","(0.2695152163505554, 0.3403039574623108, 0.04760303720831871)","(0.268158882856369, 0.30990034341812134, 0.0624360628426075)",Position
1316,"(0.26920682191848755, 0.08183427155017853, -6.155569280963391e-05)","(0.3306267559528351, 0.13030637800693512, 0.02673681452870369)","(0.36312389373779297, 0.2000996172428131, 0.03134467452764511)","(0.3783504068851471, 0.27395811676979065, 0.038803692907094955)","(0.38645827770233154, 0.3289118707180023, 0.047448284924030304)","(0.35036221146583557, 0.28062963485717773, -0.022421909496188164)","(0.352814257144928, 0.3843516707420349, 0.020576052367687225)","(0.35282373428344727, 0.35713085532188416, 0.05922559276223183)","(0.34946101903915405, 0.32125020027160645, 0.08096545934677124)","(0.3155621290206909, 0.29245007038116455, -0.02541525661945343)","(0.3229968547821045, 0.39114537835121155, 0.0249809417873621)","(0.32582545280456543, 0.35969841480255127, 0.06580227613449097)","(0.3230920135974884, 0.32569581270217896, 0.08091677725315094)","(0.2819182872772217, 0.29097822308540344, -0.018689295276999474)","(0.2947331964969635, 0.38242480158805847, 0.025198115035891533)","(0.29794764518737793, 0.35176587104797363, 0.0614430196583271)","(0.2950822710990906, 0.31720128655433655, 0.07544314116239548)","(0.25009670853614807, 0.2831411063671112, -0.008784531615674496)","(0.2649041414260864, 0.3617427945137024, 0.02612515352666378)","(0.2729014754295349, 0.34160253405570984, 0.054795894771814346)","(0.27207663655281067, 0.31233617663383484, 0.07176803052425385)",Position
1317,"(0.2695288360118866, 0.07914316654205322, -6.51553928037174e-05)","(0.32977691292762756, 0.13209845125675201, 0.03595481067895889)","(0.36036330461502075, 0.20100119709968567, 0.04603944718837738)","(0.37509995698928833, 0.272201806306839, 0.05823814868927002)","(0.3843013346195221, 0.32281893491744995, 0.07181330770254135)","(0.3513736128807068, 0.2800343632698059, -0.015271107666194439)","(0.3524477779865265, 0.38453903794288635, 0.02999614179134369)","(0.34899693727493286, 0.35741764307022095, 0.07083182036876678)","(0.3450857400894165, 0.3212444484233856, 0.09356965869665146)","(0.31673210859298706, 0.29245465993881226, -0.02193000353872776)","(0.3223164975643158, 0.3915669918060303, 0.030862852931022644)","(0.32192662358283997, 0.35949641466140747, 0.07362190634012222)","(0.3190937638282776, 0.32520776987075806, 0.08969826251268387)","(0.2826395630836487, 0.29259541630744934, -0.01835605874657631)","(0.29324212670326233, 0.3846907317638397, 0.027760595083236694)","(0.29432275891304016, 0.35383880138397217, 0.0650496706366539)","(0.2918841242790222, 0.31920135021209717, 0.07866249233484268)","(0.25013530254364014, 0.28653764724731445, -0.010795874521136284)","(0.2633541524410248, 0.3644731938838959, 0.0261162668466568)","(0.2694345712661743, 0.34313005208969116, 0.05460524186491966)","(0.26831892132759094, 0.3139703869819641, 0.07067036628723145)",Position
1318,"(0.2680321931838989, 0.07928366959095001, -5.770443021901883e-05)","(0.3275073170661926, 0.13467466831207275, 0.03841998055577278)","(0.3569752275943756, 0.2015242874622345, 0.04863804951310158)","(0.3722973167896271, 0.2704840898513794, 0.05998106300830841)","(0.3862465023994446, 0.3191618323326111, 0.07223310321569443)","(0.34947890043258667, 0.28080427646636963, -0.01427509356290102)","(0.35199910402297974, 0.38412952423095703, 0.02787800133228302)","(0.34818756580352783, 0.3581467270851135, 0.06594429165124893)","(0.3441111147403717, 0.3234284520149231, 0.08695061504840851)","(0.3155919313430786, 0.29440730810165405, -0.022835955023765564)","(0.3227004110813141, 0.3903523087501526, 0.027795299887657166)","(0.32158949971199036, 0.35757267475128174, 0.0662994384765625)","(0.318642258644104, 0.32387885451316833, 0.07862357795238495)","(0.28201985359191895, 0.29585814476013184, -0.020917166024446487)","(0.2934313118457794, 0.38406574726104736, 0.02423699200153351)","(0.29354995489120483, 0.3509600758552551, 0.058328304439783096)","(0.2901962101459503, 0.3161526322364807, 0.06943535059690475)","(0.24984949827194214, 0.2909958064556122, -0.014916015788912773)","(0.2638947665691376, 0.36605411767959595, 0.021472925320267677)","(0.2693759799003601, 0.3420047163963318, 0.048850927501916885)","(0.26732903718948364, 0.3119417428970337, 0.06336237490177155)",Position
1319,"(0.2675458788871765, 0.08129090070724487, -6.0918417148059234e-05)","(0.3266898989677429, 0.139155775308609, 0.03669460862874985)","(0.3568197190761566, 0.2084357738494873, 0.04303555190563202)","(0.3723095953464508, 0.28205084800720215, 0.05045031011104584)","(0.3858659565448761, 0.3342296779155731, 0.058366794139146805)","(0.35020139813423157, 0.2824072241783142, -0.017722928896546364)","(0.35292407870292664, 0.38523101806640625, 0.025260433554649353)","(0.3480103015899658, 0.3533266484737396, 0.0635819062590599)","(0.3436931371688843, 0.3158153295516968, 0.08378202468156815)","(0.3163541555404663, 0.2959844470024109, -0.02791402116417885)","(0.32236286997795105, 0.38997483253479004, 0.023322029039263725)","(0.3198600113391876, 0.3538452386856079, 0.06104990839958191)","(0.316469669342041, 0.31892919540405273, 0.07152017205953598)","(0.28219810128211975, 0.2971506416797638, -0.02806532010436058)","(0.292315274477005, 0.3840923309326172, 0.018215972930192947)","(0.29117506742477417, 0.3481608033180237, 0.04933128133416176)","(0.28777918219566345, 0.3127666413784027, 0.05674654245376587)","(0.2488711178302765, 0.29238778352737427, -0.02433367259800434)","(0.26256442070007324, 0.36691492795944214, 0.012410123832523823)","(0.2666967213153839, 0.3399604558944702, 0.036397356539964676)","(0.26376548409461975, 0.3083162009716034, 0.04655179753899574)",Position
1320,"(0.2685251832008362, 0.0796489268541336, -5.267154483590275e-05)","(0.3255927860736847, 0.14227651059627533, 0.03544007986783981)","(0.3546965420246124, 0.2156839817762375, 0.042170170694589615)","(0.3682434558868408, 0.293613463640213, 0.050462592393159866)","(0.38374778628349304, 0.3470596373081207, 0.059534672647714615)","(0.34784963726997375, 0.28346890211105347, -0.01955818012356758)","(0.34959548711776733, 0.38682639598846436, 0.02279413864016533)","(0.3452261984348297, 0.35188403725624084, 0.06192365661263466)","(0.34144285321235657, 0.31242281198501587, 0.08378423750400543)","(0.31343984603881836, 0.2943609654903412, -0.02981952764093876)","(0.3171144723892212, 0.38822436332702637, 0.019596345722675323)","(0.3153391182422638, 0.35123583674430847, 0.05667521059513092)","(0.3123502731323242, 0.31463193893432617, 0.06765106320381165)","(0.2790290117263794, 0.293779581785202, -0.03049486316740513)","(0.2872140407562256, 0.38086870312690735, 0.014697453938424587)","(0.28675633668899536, 0.3457804322242737, 0.04611304774880409)","(0.28419890999794006, 0.3100162148475647, 0.053957749158144)","(0.24528613686561584, 0.28799450397491455, -0.02732217125594616)","(0.2568186819553375, 0.36497387290000916, 0.0072941710241138935)","(0.2612844705581665, 0.34034276008605957, 0.030213838443160057)","(0.25922030210494995, 0.308799147605896, 0.0397837832570076)",Position
1321,"(0.2674238979816437, 0.07487061619758606, -6.083670086809434e-05)","(0.32337450981140137, 0.1420949399471283, 0.03353375196456909)","(0.35270363092422485, 0.2223263829946518, 0.036713119596242905)","(0.37030553817749023, 0.30618810653686523, 0.041649229824543)","(0.39615413546562195, 0.3583810329437256, 0.047337133437395096)","(0.34046292304992676, 0.282284140586853, -0.025454116985201836)","(0.341362327337265, 0.3856188952922821, 0.01854388788342476)","(0.3361455798149109, 0.349166601896286, 0.06045226380228996)","(0.33280667662620544, 0.30987465381622314, 0.08358211815357208)","(0.3071568012237549, 0.2919314503669739, -0.03567557781934738)","(0.3087496757507324, 0.385189414024353, 0.012815974652767181)","(0.306181937456131, 0.3483079671859741, 0.05146948993206024)","(0.304080069065094, 0.3109360933303833, 0.0630033016204834)","(0.27398988604545593, 0.28951576352119446, -0.036065004765987396)","(0.279493123292923, 0.3773011267185211, 0.010689069516956806)","(0.27814310789108276, 0.3429311215877533, 0.04379526898264885)","(0.2762466371059418, 0.30716782808303833, 0.051936160773038864)","(0.24116645753383636, 0.28183290362358093, -0.03264974430203438)","(0.25022968649864197, 0.3574482500553131, 0.0022182296961545944)","(0.2537951171398163, 0.3328845798969269, 0.025427833199501038)","(0.2525615990161896, 0.3015802800655365, 0.03453205153346062)",Position
1322,"(0.2675640285015106, 0.0751199722290039, -5.588957355939783e-05)","(0.3223620057106018, 0.13774262368679047, 0.028690466657280922)","(0.3529898226261139, 0.2185732126235962, 0.030832508578896523)","(0.3721507787704468, 0.30237796902656555, 0.035582657903432846)","(0.398128867149353, 0.35615870356559753, 0.040821921080350876)","(0.3358438313007355, 0.2833760678768158, -0.02655039355158806)","(0.33801448345184326, 0.38889238238334656, 0.01597263105213642)","(0.33329612016677856, 0.35924389958381653, 0.05784664303064346)","(0.3292551636695862, 0.3217269778251648, 0.08250266313552856)","(0.3013780117034912, 0.2911964952945709, -0.03265633061528206)","(0.30614662170410156, 0.3884390592575073, 0.016340207308530807)","(0.30447959899902344, 0.3535501956939697, 0.05853068456053734)","(0.3025790750980377, 0.317682683467865, 0.07298465073108673)","(0.2681574821472168, 0.2864706814289093, -0.029476189985871315)","(0.27654707431793213, 0.37502169609069824, 0.015800882130861282)","(0.27699100971221924, 0.34211570024490356, 0.051674000918865204)","(0.2759004235267639, 0.3093419075012207, 0.06225086376070976)","(0.23571790754795074, 0.2766469120979309, -0.02264249324798584)","(0.24647651612758636, 0.35117673873901367, 0.011157664470374584)","(0.25196459889411926, 0.32764774560928345, 0.036679238080978394)","(0.25227072834968567, 0.29849809408187866, 0.04856236279010773)",Position
1323,"(0.2639145851135254, 0.06917449831962585, -3.748894596355967e-05)","(0.32169657945632935, 0.12482750415802002, 0.01997557282447815)","(0.3546481728553772, 0.20509302616119385, 0.020451797172427177)","(0.37363091111183167, 0.28699958324432373, 0.024186335504055023)","(0.3952687084674835, 0.3489426374435425, 0.02953750267624855)","(0.3319605886936188, 0.2757742404937744, -0.032236989587545395)","(0.3367063105106354, 0.3825540840625763, 0.007705720141530037)","(0.338206946849823, 0.3580494225025177, 0.050336726009845734)","(0.3356313705444336, 0.3235194683074951, 0.07737232744693756)","(0.29654160141944885, 0.28459683060646057, -0.032264817506074905)","(0.3051187992095947, 0.3918096125125885, 0.011651471257209778)","(0.31003957986831665, 0.3649284243583679, 0.05583861097693443)","(0.30877622961997986, 0.331647127866745, 0.07607946544885635)","(0.2644044756889343, 0.279171884059906, -0.0230725035071373)","(0.27571287751197815, 0.3773919939994812, 0.017715521156787872)","(0.2818422317504883, 0.35085606575012207, 0.05852854624390602)","(0.2815786302089691, 0.31882694363594055, 0.0768793523311615)","(0.23434317111968994, 0.2676611840724945, -0.010221888311207294)","(0.2464112639427185, 0.3463834524154663, 0.021711504086852074)","(0.25652992725372314, 0.3307375907897949, 0.051199931651353836)","(0.258078008890152, 0.30569955706596375, 0.07073062658309937)",Position
1324,"(0.26075270771980286, 0.06694823503494263, -4.2131749069085345e-05)","(0.32013922929763794, 0.1160241961479187, 0.01864471286535263)","(0.35457292199134827, 0.19397702813148499, 0.021031638607382774)","(0.37264978885650635, 0.2733837366104126, 0.026926932856440544)","(0.38531482219696045, 0.3358192443847656, 0.03415023162961006)","(0.3293231427669525, 0.26523616909980774, -0.032228436321020126)","(0.3385889232158661, 0.379336953163147, 0.001859203795902431)","(0.34437665343284607, 0.36677372455596924, 0.04354463517665863)","(0.34339603781700134, 0.336689829826355, 0.07429397106170654)","(0.2939707040786743, 0.276108980178833, -0.029685258865356445)","(0.309023380279541, 0.3885331153869629, 0.009754017926752567)","(0.3177351951599121, 0.36799514293670654, 0.05383559316396713)","(0.3168332278728485, 0.33804431557655334, 0.07761269062757492)","(0.2627703547477722, 0.2731683850288391, -0.018390826880931854)","(0.2797812819480896, 0.3719475567340851, 0.01850699819624424)","(0.2888374626636505, 0.3492811322212219, 0.05912429466843605)","(0.2886936366558075, 0.3192441463470459, 0.07950321584939957)","(0.23480869829654694, 0.2645638883113861, -0.003813911462202668)","(0.2507166862487793, 0.3428484797477722, 0.027234217151999474)","(0.2627315819263458, 0.32938703894615173, 0.057191282510757446)","(0.2644086480140686, 0.30558955669403076, 0.07838708162307739)",Position
1325,"(0.25739437341690063, 0.06329473853111267, -5.285364022711292e-05)","(0.31908178329467773, 0.10930696129798889, 0.015059673227369785)","(0.3531195819377899, 0.18746817111968994, 0.017776288092136383)","(0.36997807025909424, 0.26757028698921204, 0.025474488735198975)","(0.38010966777801514, 0.3273279666900635, 0.03397093713283539)","(0.32713818550109863, 0.2594037652015686, -0.03920777887105942)","(0.34487801790237427, 0.37212279438972473, -0.0034070867113769054)","(0.3553849458694458, 0.3542753756046295, 0.04256930574774742)","(0.3553786277770996, 0.3232154846191406, 0.07432430237531662)","(0.2927027940750122, 0.27291983366012573, -0.03171633183956146)","(0.31506800651550293, 0.3870408833026886, 0.009634582325816154)","(0.32916906476020813, 0.36311036348342896, 0.05789994075894356)","(0.32952672243118286, 0.3322354853153229, 0.08510320633649826)","(0.26374000310897827, 0.2720620036125183, -0.014730787836015224)","(0.28597235679626465, 0.3702051639556885, 0.023693576455116272)","(0.3002207577228546, 0.3477289080619812, 0.06527993828058243)","(0.30155807733535767, 0.3192032277584076, 0.08785998821258545)","(0.23857814073562622, 0.26457303762435913, 0.004418141208589077)","(0.2588302493095398, 0.3421049118041992, 0.036253660917282104)","(0.27353793382644653, 0.3291320502758026, 0.0654807761311531)","(0.2756642699241638, 0.3035094141960144, 0.0859980508685112)",Position
1326,"(0.25672245025634766, 0.05837105214595795, -5.325972961145453e-05)","(0.3196379542350769, 0.1045609563589096, 0.022196702659130096)","(0.3518158495426178, 0.17907902598381042, 0.03131672739982605)","(0.36707884073257446, 0.25527653098106384, 0.044687800109386444)","(0.3770638108253479, 0.31069672107696533, 0.05882638692855835)","(0.33226847648620605, 0.2506168484687805, -0.029888208955526352)","(0.3487668037414551, 0.36199361085891724, 0.0031207117717713118)","(0.3582650423049927, 0.35154369473457336, 0.045029375702142715)","(0.3586697578430176, 0.32645872235298157, 0.07380947470664978)","(0.29764437675476074, 0.26745450496673584, -0.024961989372968674)","(0.321494996547699, 0.3777012228965759, 0.01628771983087063)","(0.3343961834907532, 0.35523277521133423, 0.062052056193351746)","(0.334952175617218, 0.3266170918941498, 0.08723731338977814)","(0.26775482296943665, 0.2704280614852905, -0.010541154071688652)","(0.2911873757839203, 0.36686763167381287, 0.027281519025564194)","(0.30390653014183044, 0.3433285355567932, 0.0683155432343483)","(0.30373650789260864, 0.3152235746383667, 0.09013479202985764)","(0.24139875173568726, 0.26675349473953247, 0.006133459508419037)","(0.26245734095573425, 0.34121090173721313, 0.03843960538506508)","(0.27631962299346924, 0.3275277018547058, 0.06835195422172546)","(0.2771413326263428, 0.30342546105384827, 0.08873047679662704)",Position
1327,"(0.2553580403327942, 0.057595059275627136, -6.527277582790703e-05)","(0.3172355890274048, 0.10071319341659546, 0.024853749200701714)","(0.3482145667076111, 0.17164021730422974, 0.03439951315522194)","(0.3630340099334717, 0.24342694878578186, 0.04902591183781624)","(0.37436607480049133, 0.2928767502307892, 0.06513022631406784)","(0.3337250053882599, 0.24909043312072754, -0.029813338071107864)","(0.35148489475250244, 0.3536786437034607, 0.010473059490323067)","(0.3551338315010071, 0.3273451328277588, 0.0535658560693264)","(0.35085833072662354, 0.2946525812149048, 0.07936669886112213)","(0.2997359037399292, 0.26765456795692444, -0.026569273322820663)","(0.32386863231658936, 0.37421709299087524, 0.017895884811878204)","(0.33177268505096436, 0.34587496519088745, 0.061737317591905594)","(0.3292892575263977, 0.3135540783405304, 0.08335687965154648)","(0.2695951461791992, 0.27172642946243286, -0.012963704764842987)","(0.29392966628074646, 0.36788687109947205, 0.02819105051457882)","(0.30235520005226135, 0.33908334374427795, 0.06851399689912796)","(0.29969650506973267, 0.30712375044822693, 0.08806483447551727)","(0.24263489246368408, 0.26907193660736084, 0.003823039820417762)","(0.2643364369869232, 0.34512966871261597, 0.036819007247686386)","(0.27556782960891724, 0.3264922499656677, 0.06602684408426285)","(0.27445781230926514, 0.29875120520591736, 0.08582311868667603)",Position
1328,"(0.25712984800338745, 0.05983032286167145, -6.631559517700225e-05)","(0.3181673288345337, 0.10622362792491913, 0.0298893041908741)","(0.34904375672340393, 0.17754477262496948, 0.03956766054034233)","(0.36322134733200073, 0.2509656846523285, 0.052951011806726456)","(0.3694807291030884, 0.30285605788230896, 0.06683467328548431)","(0.3383251428604126, 0.24552826583385468, -0.029889807105064392)","(0.34921199083328247, 0.3546740412712097, 0.010519039817154408)","(0.35089489817619324, 0.3324283957481384, 0.05289890244603157)","(0.3471719026565552, 0.2996979355812073, 0.07748404890298843)","(0.3046186566352844, 0.26221343874931335, -0.03098003938794136)","(0.32485389709472656, 0.3707239031791687, 0.015578131191432476)","(0.3297733962535858, 0.3448694944381714, 0.05994896590709686)","(0.32592451572418213, 0.31341326236724854, 0.07970209419727325)","(0.27338907122612, 0.2664601504802704, -0.021379364654421806)","(0.29631996154785156, 0.3641217350959778, 0.022549627348780632)","(0.30221810936927795, 0.33698129653930664, 0.06299830228090286)","(0.2984975278377533, 0.305992990732193, 0.07967913895845413)","(0.24463945627212524, 0.26447081565856934, -0.008436348289251328)","(0.2666868567466736, 0.34326109290122986, 0.025890422984957695)","(0.27738144993782043, 0.3262507915496826, 0.056258171796798706)","(0.27600160241127014, 0.29910096526145935, 0.07428023219108582)",Position
1329,"(0.2594861090183258, 0.06347176432609558, -6.304820271907374e-05)","(0.31987130641937256, 0.11564809083938599, 0.0343439094722271)","(0.3487870991230011, 0.19359365105628967, 0.04311054199934006)","(0.3596053719520569, 0.27097877860069275, 0.05495762825012207)","(0.3682577610015869, 0.32155534625053406, 0.06621593236923218)","(0.3441658020019531, 0.24322763085365295, -0.036462992429733276)","(0.35083797574043274, 0.35662657022476196, 0.005143990274518728)","(0.34857773780822754, 0.3331184387207031, 0.04798433557152748)","(0.3449232280254364, 0.29993677139282227, 0.0715913474559784)","(0.30922359228134155, 0.2585442364215851, -0.04237713664770126)","(0.3235914409160614, 0.36744141578674316, 0.0046599265187978745)","(0.32374686002731323, 0.33799871802330017, 0.04593184217810631)","(0.3197349011898041, 0.3055535554885864, 0.06017931178212166)","(0.2758774757385254, 0.26356127858161926, -0.03665761649608612)","(0.2941220700740814, 0.3600515127182007, 0.010233532637357712)","(0.2961048185825348, 0.32918593287467957, 0.047965750098228455)","(0.29215937852859497, 0.2975333631038666, 0.05968156456947327)","(0.24431881308555603, 0.26415953040122986, -0.027714310213923454)","(0.26486778259277344, 0.34264713525772095, 0.010278473608195782)","(0.2721749246120453, 0.32161515951156616, 0.0401819683611393)","(0.2695234715938568, 0.2935996949672699, 0.05448069050908089)",Position
1330,"(0.26213374733924866, 0.0582539439201355, -6.702284736093134e-05)","(0.31690412759780884, 0.11523672938346863, 0.0362548790872097)","(0.3444085717201233, 0.19978222250938416, 0.04479191079735756)","(0.3579363226890564, 0.2800302803516388, 0.05560798570513725)","(0.3773622214794159, 0.32863694429397583, 0.06608865410089493)","(0.3415217995643616, 0.24115748703479767, -0.038617901504039764)","(0.34720098972320557, 0.3552946150302887, 0.00245111552067101)","(0.34214645624160767, 0.3248822093009949, 0.04825182259082794)","(0.33841240406036377, 0.2891884744167328, 0.07456432282924652)","(0.30785152316093445, 0.25477632880210876, -0.04747270047664642)","(0.31730854511260986, 0.36556023359298706, -0.0030728026758879423)","(0.31526443362236023, 0.3335336148738861, 0.039685070514678955)","(0.31168973445892334, 0.30006229877471924, 0.0555839017033577)","(0.2738378942012787, 0.2580210864543915, -0.04496137425303459)","(0.2872805893421173, 0.3574661910533905, -0.00018580449977889657)","(0.28683650493621826, 0.324484646320343, 0.03901337832212448)","(0.28356459736824036, 0.29129865765571594, 0.05191784352064133)","(0.2403165102005005, 0.25708216428756714, -0.03900224342942238)","(0.25651970505714417, 0.33863022923469543, -0.003495784243568778)","(0.26184555888175964, 0.316283643245697, 0.025377679616212845)","(0.25962769985198975, 0.28676581382751465, 0.03784628212451935)",Position
1331,"(0.2619688808917999, 0.05871012806892395, -6.149477849248797e-05)","(0.3165959119796753, 0.11515165865421295, 0.034224335104227066)","(0.34479978680610657, 0.19745494425296783, 0.04007689282298088)","(0.3621634244918823, 0.2768585979938507, 0.0482424758374691)","(0.3870019316673279, 0.3237147331237793, 0.057047490030527115)","(0.3374878764152527, 0.23947595059871674, -0.038556091487407684)","(0.34042471647262573, 0.3588959872722626, -0.00227099796757102)","(0.3351624608039856, 0.3351742625236511, 0.04238516092300415)","(0.33165737986564636, 0.3004198372364044, 0.07008668780326843)","(0.30468884110450745, 0.2521990239620209, -0.04630008712410927)","(0.31133222579956055, 0.36583003401756287, -0.004256715998053551)","(0.3085952401161194, 0.33541539311408997, 0.039962030947208405)","(0.3055962324142456, 0.30268797278404236, 0.057672169059515)","(0.27190032601356506, 0.2539457082748413, -0.04336627945303917)","(0.2828946113586426, 0.3549027442932129, -0.000952195783611387)","(0.28193920850753784, 0.324088454246521, 0.03828634321689606)","(0.2792452573776245, 0.2924550175666809, 0.053152959793806076)","(0.2397412806749344, 0.25178369879722595, -0.03659040108323097)","(0.2538573741912842, 0.33406439423561096, -0.0033357737120240927)","(0.25879189372062683, 0.3131611943244934, 0.02571628801524639)","(0.2571445405483246, 0.2843850553035736, 0.04014799743890762)",Position
1332,"(0.25977596640586853, 0.05842094123363495, -4.8155910917557776e-05)","(0.3167813718318939, 0.10840828716754913, 0.022773856297135353)","(0.3485618233680725, 0.18811848759651184, 0.023090742528438568)","(0.36574339866638184, 0.2691613435745239, 0.027213530614972115)","(0.38557732105255127, 0.3248758912086487, 0.03112488053739071)","(0.3328809440135956, 0.23602598905563354, -0.048083871603012085)","(0.3402222692966461, 0.3600831627845764, -0.01944306306540966)","(0.34378036856651306, 0.35602548718452454, 0.022788941860198975)","(0.3425324559211731, 0.3301566243171692, 0.05295431986451149)","(0.2991912066936493, 0.2502385973930359, -0.049077264964580536)","(0.31255069375038147, 0.36921215057373047, -0.013368941843509674)","(0.31784260272979736, 0.3480759263038635, 0.031809765845537186)","(0.315672367811203, 0.3174825608730316, 0.054373499006032944)","(0.2674230933189392, 0.2525063455104828, -0.040177274495363235)","(0.2838065028190613, 0.35594671964645386, -0.002846851944923401)","(0.2903597056865692, 0.3320200741291046, 0.0384073369204998)","(0.2886740565299988, 0.30242931842803955, 0.056904517114162445)","(0.23735877871513367, 0.24905803799629211, -0.028429117053747177)","(0.25577211380004883, 0.3301911950111389, 0.002496213186532259)","(0.2670736014842987, 0.3147798776626587, 0.033935125917196274)","(0.26710325479507446, 0.2881966233253479, 0.05211514234542847)",Position
1333,"(0.2558729648590088, 0.05704517662525177, -6.212229345692322e-05)","(0.31358420848846436, 0.0993151068687439, 0.020176004618406296)","(0.34648093581199646, 0.17435109615325928, 0.023046767339110374)","(0.36232393980026245, 0.25312814116477966, 0.030607592314481735)","(0.3734878897666931, 0.31143391132354736, 0.03802744671702385)","(0.3306930959224701, 0.23583722114562988, -0.04285795986652374)","(0.34590834379196167, 0.35394883155822754, -0.015674063935875893)","(0.354592889547348, 0.35645121335983276, 0.026022538542747498)","(0.3555726110935211, 0.3358088731765747, 0.05745641142129898)","(0.296683132648468, 0.252784788608551, -0.04003981873393059)","(0.31762897968292236, 0.36881691217422485, -0.004467783495783806)","(0.3281034231185913, 0.3535764217376709, 0.040228068828582764)","(0.3278220295906067, 0.32559746503829956, 0.06597165763378143)","(0.26652222871780396, 0.25643450021743774, -0.027498988434672356)","(0.28805798292160034, 0.3555891215801239, 0.00983079057186842)","(0.29887163639068604, 0.3350355923175812, 0.05041005462408066)","(0.29870080947875977, 0.30743008852005005, 0.0707099512219429)","(0.23901931941509247, 0.2533547282218933, -0.012531486339867115)","(0.2599429488182068, 0.3294811248779297, 0.02002296783030033)","(0.2735867202281952, 0.3164397180080414, 0.05113205686211586)","(0.27481892704963684, 0.29089248180389404, 0.07099627703428268)",Position
1334,"(0.25649532675743103, 0.05756250023841858, -6.10828137723729e-05)","(0.31533563137054443, 0.09861938655376434, 0.026351390406489372)","(0.34676074981689453, 0.1694825291633606, 0.035503268241882324)","(0.35970136523246765, 0.24411164224147797, 0.04901923984289169)","(0.36432522535324097, 0.29698556661605835, 0.06169172748923302)","(0.33427906036376953, 0.23352780938148499, -0.03964865580201149)","(0.3503502309322357, 0.350414514541626, -0.00903330184519291)","(0.3579842150211334, 0.3451852798461914, 0.034328728914260864)","(0.35807397961616516, 0.321463406085968, 0.06525027751922607)","(0.2998991310596466, 0.2506568729877472, -0.037524860352277756)","(0.324290931224823, 0.36554044485092163, 0.0018621549243107438)","(0.33526673913002014, 0.3492220938205719, 0.0487821027636528)","(0.3352470397949219, 0.3211750388145447, 0.07599849253892899)","(0.26934391260147095, 0.2560845613479614, -0.025230830535292625)","(0.2946343421936035, 0.35714343190193176, 0.01402786374092102)","(0.30615878105163574, 0.33732473850250244, 0.05689560994505882)","(0.305612176656723, 0.30982035398483276, 0.07848667353391647)","(0.24230866134166718, 0.2549327313899994, -0.009910001419484615)","(0.2656484544277191, 0.3323855400085449, 0.023408489301800728)","(0.27961719036102295, 0.3209877014160156, 0.05531764030456543)","(0.2806323766708374, 0.2975251376628876, 0.0770200863480568)",Position
1335,"(0.25697702169418335, 0.0593143105506897, -6.200225470820442e-05)","(0.31743326783180237, 0.10623475909233093, 0.03412744030356407)","(0.34701576828956604, 0.18066547811031342, 0.04562240466475487)","(0.35495293140411377, 0.2570982277393341, 0.05977458506822586)","(0.35249483585357666, 0.310050368309021, 0.0725141242146492)","(0.3403990864753723, 0.23465776443481445, -0.038892678916454315)","(0.3540738523006439, 0.34897205233573914, -0.00021894289238844067)","(0.3569115102291107, 0.33282971382141113, 0.04520154371857643)","(0.35377639532089233, 0.3033018708229065, 0.07379166036844254)","(0.30573195219039917, 0.2514254152774811, -0.04212632030248642)","(0.3283148407936096, 0.3604111671447754, 0.004770949482917786)","(0.3341779410839081, 0.3382263481616974, 0.05037878453731537)","(0.33166366815567017, 0.30987581610679626, 0.07046490162611008)","(0.27365490794181824, 0.25823625922203064, -0.03380674868822098)","(0.2983517646789551, 0.3569323420524597, 0.012426389381289482)","(0.3049387037754059, 0.3301819860935211, 0.05436668545007706)","(0.30159562826156616, 0.3000492453575134, 0.07054004073143005)","(0.2440807819366455, 0.260126531124115, -0.022038716822862625)","(0.2672846019268036, 0.33907610177993774, 0.015068567357957363)","(0.27793505787849426, 0.3211674988269806, 0.04649202525615692)","(0.276031494140625, 0.2945791780948639, 0.0640440434217453)",Position
1336,"(0.25906437635421753, 0.059511616826057434, -6.438120908569545e-05)","(0.31792253255844116, 0.11136177182197571, 0.036320265382528305)","(0.34656909108161926, 0.19046896696090698, 0.046771228313446045)","(0.3562348484992981, 0.2687477171421051, 0.05957801640033722)","(0.3645268380641937, 0.3195803761482239, 0.07027629762887955)","(0.34285563230514526, 0.23611466586589813, -0.03951505944132805)","(0.3527187407016754, 0.3503240942955017, 0.001382421120069921)","(0.3499508798122406, 0.32592207193374634, 0.045563358813524246)","(0.3449861705303192, 0.29220420122146606, 0.07069660723209381)","(0.3082530200481415, 0.25224900245666504, -0.046016909182071686)","(0.325031578540802, 0.3598673343658447, 0.0023675065021961927)","(0.3245924413204193, 0.3290010094642639, 0.044800758361816406)","(0.31964826583862305, 0.29679688811302185, 0.059190716594457626)","(0.274723619222641, 0.25845739245414734, -0.04060698673129082)","(0.29546058177948, 0.35432663559913635, 0.007537191268056631)","(0.29710152745246887, 0.3231467306613922, 0.04748564586043358)","(0.29259347915649414, 0.29224157333374023, 0.06032072380185127)","(0.24305200576782227, 0.2596191465854645, -0.031792618334293365)","(0.2653118073940277, 0.33753788471221924, 0.006894801743328571)","(0.27200600504875183, 0.31671369075775146, 0.03784759342670441)","(0.268307089805603, 0.28954699635505676, 0.05255132541060448)",Position
1337,"(0.26009976863861084, 0.06324014067649841, -5.9078953199787065e-05)","(0.3169037699699402, 0.11938987672328949, 0.040110763162374496)","(0.3441641628742218, 0.20049598813056946, 0.05142808333039284)","(0.35621774196624756, 0.2782387137413025, 0.06417068094015121)","(0.3712874948978424, 0.3265415132045746, 0.07570555806159973)","(0.34356382489204407, 0.24376468360424042, -0.03305133059620857)","(0.34906843304634094, 0.3559045195579529, 0.008478477597236633)","(0.3432658314704895, 0.3302297592163086, 0.051922306418418884)","(0.33883002400398254, 0.2959153950214386, 0.07544136047363281)","(0.3087887167930603, 0.25755593180656433, -0.04255366697907448)","(0.31870797276496887, 0.3650672733783722, 0.003934904467314482)","(0.3154791295528412, 0.3344597816467285, 0.045723915100097656)","(0.3114914894104004, 0.3021858334541321, 0.05999396741390228)","(0.2739211320877075, 0.26110273599624634, -0.04028749465942383)","(0.28856751322746277, 0.35763657093048096, 0.005933533888310194)","(0.28790077567100525, 0.3259880542755127, 0.04515766724944115)","(0.28450557589530945, 0.2943977117538452, 0.05807500705122948)","(0.2401774823665619, 0.26000386476516724, -0.034416791051626205)","(0.2572675347328186, 0.3411463797092438, 0.0020417049527168274)","(0.2628720998764038, 0.32030197978019714, 0.032264478504657745)","(0.26076996326446533, 0.2922801375389099, 0.04628373682498932)",Position
1338,"(0.2598576545715332, 0.06281664967536926, -5.733787838835269e-05)","(0.3164854049682617, 0.11760453879833221, 0.03261268138885498)","(0.3462100625038147, 0.1985197514295578, 0.03858598694205284)","(0.3648489713668823, 0.27645131945610046, 0.04767775163054466)","(0.38962888717651367, 0.3225085139274597, 0.05676257237792015)","(0.3376605808734894, 0.2413499653339386, -0.040228575468063354)","(0.3444654643535614, 0.3599550724029541, -0.0029920735396444798)","(0.3390049338340759, 0.3387110233306885, 0.042447224259376526)","(0.3338126838207245, 0.3043976426124573, 0.07055342197418213)","(0.30430668592453003, 0.25555354356765747, -0.04573986679315567)","(0.3139948844909668, 0.36721932888031006, -0.0016257951501756907)","(0.3109072744846344, 0.33759573101997375, 0.044781800359487534)","(0.30701807141304016, 0.30583828687667847, 0.06335604190826416)","(0.2712195813655853, 0.2585434317588806, -0.040203481912612915)","(0.28527453541755676, 0.3569682836532593, 0.00408129021525383)","(0.28451406955718994, 0.3276708722114563, 0.04473577067255974)","(0.2809862196445465, 0.2969822585582733, 0.059867046773433685)","(0.23933079838752747, 0.2572305202484131, -0.030975323170423508)","(0.2563241422176361, 0.33626610040664673, 0.003490386065095663)","(0.26180484890937805, 0.31613510847091675, 0.033010900020599365)","(0.2597319185733795, 0.28831756114959717, 0.04731112718582153)",Position
1339,"(0.25639328360557556, 0.05861516296863556, -6.439746357500553e-05)","(0.31547027826309204, 0.10586164891719818, 0.01609429530799389)","(0.34895196557044983, 0.18385574221611023, 0.014307977631688118)","(0.3672259747982025, 0.2647225558757782, 0.016964029520750046)","(0.3854335844516754, 0.32405441999435425, 0.019246019423007965)","(0.3312596380710602, 0.24019819498062134, -0.04952867701649666)","(0.34360405802726746, 0.3606014847755432, -0.01704918034374714)","(0.34908872842788696, 0.3451573848724365, 0.02707488462328911)","(0.3466406464576721, 0.3137935400009155, 0.058661580085754395)","(0.2972676455974579, 0.2544570863246918, -0.04656169191002846)","(0.3159571588039398, 0.37118375301361084, -0.007509117480367422)","(0.32436057925224304, 0.3472977876663208, 0.038809068500995636)","(0.3213788568973541, 0.3158308267593384, 0.06238270550966263)","(0.26640555262565613, 0.25624334812164307, -0.03373768925666809)","(0.28694817423820496, 0.3587985336780548, 0.004202167969197035)","(0.2966110408306122, 0.3347083330154419, 0.04618820548057556)","(0.2948055863380432, 0.30503514409065247, 0.0663256123661995)","(0.23823365569114685, 0.252296507358551, -0.018294772133231163)","(0.2581566870212555, 0.33395761251449585, 0.012104115448892117)","(0.2712492048740387, 0.31981247663497925, 0.04317338019609451)","(0.2716480791568756, 0.2930600345134735, 0.06339475512504578)",Position
1340,"(0.25357890129089355, 0.05625063180923462, -6.025979746482335e-05)","(0.3144563138484955, 0.09495685994625092, 0.021386003121733665)","(0.349633127450943, 0.16468162834644318, 0.026946932077407837)","(0.3677622675895691, 0.24081313610076904, 0.035708244889974594)","(0.3788657784461975, 0.29765036702156067, 0.04432041943073273)","(0.3319806456565857, 0.23782362043857574, -0.031249526888132095)","(0.35211583971977234, 0.3506358861923218, -0.0007623438141308725)","(0.3614485561847687, 0.3427795171737671, 0.04060366377234459)","(0.36129409074783325, 0.317992240190506, 0.07085605710744858)","(0.2988319993019104, 0.2564305365085602, -0.027794059365987778)","(0.3246331214904785, 0.36570703983306885, 0.01094641350209713)","(0.3364030420780182, 0.3464941680431366, 0.05676117539405823)","(0.3359808921813965, 0.319153368473053, 0.08331555873155594)","(0.2693544626235962, 0.2612701654434204, -0.015038562007248402)","(0.29460230469703674, 0.35592252016067505, 0.021547183394432068)","(0.3070189654827118, 0.3366446793079376, 0.06372513622045517)","(0.30704712867736816, 0.3111821413040161, 0.08722581714391708)","(0.2430448979139328, 0.2586804926395416, 0.0002496795787010342)","(0.26450785994529724, 0.33502504229545593, 0.031220635399222374)","(0.2787173390388489, 0.3257683515548706, 0.06355849653482437)","(0.2805996835231781, 0.30370450019836426, 0.0869646742939949)",Position
1341,"(0.25361570715904236, 0.056313663721084595, -6.265429692575708e-05)","(0.31365013122558594, 0.09232297539710999, 0.027498433366417885)","(0.34748899936676025, 0.15763843059539795, 0.03806542977690697)","(0.36538535356521606, 0.2296956330537796, 0.051906194537878036)","(0.3743214011192322, 0.28131040930747986, 0.06690794229507446)","(0.3353390693664551, 0.23582543432712555, -0.02541256695985794)","(0.3549109697341919, 0.34762877225875854, 0.00868746917694807)","(0.3616712689399719, 0.3382124900817871, 0.05100084841251373)","(0.36038443446159363, 0.31339991092681885, 0.08010842651128769)","(0.3028515577316284, 0.25651150941848755, -0.023237472400069237)","(0.32959842681884766, 0.36320093274116516, 0.020153049379587173)","(0.33748796582221985, 0.33989396691322327, 0.06631425023078918)","(0.33559101819992065, 0.31148284673690796, 0.09011261910200119)","(0.2726793587207794, 0.26336273550987244, -0.011296961456537247)","(0.29990315437316895, 0.3560318946838379, 0.02870047837495804)","(0.30835068225860596, 0.33175134658813477, 0.07163096964359283)","(0.3057232201099396, 0.3039306402206421, 0.09301218390464783)","(0.24521182477474213, 0.26312875747680664, 0.0034124692901968956)","(0.268681138753891, 0.3368167579174042, 0.037635594606399536)","(0.2798868715763092, 0.3208390474319458, 0.06947632879018784)","(0.2788797616958618, 0.29685813188552856, 0.09076248854398727)",Position
1342,"(0.2567684054374695, 0.05813196301460266, -8.226439240388572e-05)","(0.31849944591522217, 0.10428369045257568, 0.039095353335142136)","(0.3489688038825989, 0.17468948662281036, 0.05161615461111069)","(0.3566276431083679, 0.2483348846435547, 0.06625518947839737)","(0.3521622121334076, 0.2959071695804596, 0.08028098940849304)","(0.34488412737846375, 0.23652438819408417, -0.02953726053237915)","(0.3544776737689972, 0.34876954555511475, 0.01355728879570961)","(0.3511807322502136, 0.3239510655403137, 0.05633292347192764)","(0.3458053171634674, 0.28854483366012573, 0.07934534549713135)","(0.31026118993759155, 0.2545928955078125, -0.035613156855106354)","(0.328181654214859, 0.35960233211517334, 0.01604810357093811)","(0.32731255888938904, 0.32950738072395325, 0.05769144743680954)","(0.321721613407135, 0.29686689376831055, 0.0707198828458786)","(0.27680885791778564, 0.2623249888420105, -0.030316531658172607)","(0.29822784662246704, 0.35705283284187317, 0.01859496720135212)","(0.29960379004478455, 0.3259694576263428, 0.05660935863852501)","(0.2948859930038452, 0.29411062598228455, 0.06759082525968552)","(0.2448633313179016, 0.26573237776756287, -0.02135160006582737)","(0.2673710286617279, 0.3439795970916748, 0.017055535688996315)","(0.2745633125305176, 0.32183533906936646, 0.046825699508190155)","(0.27115920186042786, 0.29303231835365295, 0.06140004098415375)",Position
1343,"(0.2590214014053345, 0.061690717935562134, -7.646955782547593e-05)","(0.31899869441986084, 0.113652303814888, 0.04503851383924484)","(0.3477749824523926, 0.18770194053649902, 0.058920953422784805)","(0.3559299409389496, 0.26163411140441895, 0.07303044199943542)","(0.35821858048439026, 0.3095521926879883, 0.08581601083278656)","(0.3503964841365814, 0.24354587495326996, -0.025338411331176758)","(0.35409826040267944, 0.35196539759635925, 0.01850218139588833)","(0.34732532501220703, 0.3266408443450928, 0.05986024811863899)","(0.34238284826278687, 0.2920120358467102, 0.08043685555458069)","(0.31530991196632385, 0.2595314681529999, -0.037463001906871796)","(0.32545360922813416, 0.3605998158454895, 0.013333061710000038)","(0.3214363753795624, 0.3297312259674072, 0.05291321501135826)","(0.3168623149394989, 0.2975517213344574, 0.0640416070818901)","(0.27952465415000916, 0.26531314849853516, -0.037757791578769684)","(0.2951867878437042, 0.35639894008636475, 0.011639716103672981)","(0.29370060563087463, 0.3233819603919983, 0.04914991185069084)","(0.29020410776138306, 0.2912512719631195, 0.05912967771291733)","(0.2450455278158188, 0.26570191979408264, -0.0342855229973793)","(0.2638608515262604, 0.34192955493927, 0.005345096345990896)","(0.2685588598251343, 0.31854844093322754, 0.034760184586048126)","(0.2655547261238098, 0.2909772992134094, 0.04746147245168686)",Position
1344,"(0.26175981760025024, 0.06301957368850708, -6.396678509190679e-05)","(0.319195032119751, 0.12237384915351868, 0.0474420003592968)","(0.3458186984062195, 0.20136140286922455, 0.0629163384437561)","(0.35457947850227356, 0.27767685055732727, 0.07832440733909607)","(0.3632255494594574, 0.32689571380615234, 0.09163322299718857)","(0.34748202562332153, 0.2512153387069702, -0.022218504920601845)","(0.3505461812019348, 0.3574093282222748, 0.02203935757279396)","(0.3435785174369812, 0.3324911892414093, 0.06438471376895905)","(0.33938243985176086, 0.29822400212287903, 0.08518063277006149)","(0.31271499395370483, 0.2653736472129822, -0.03554227948188782)","(0.3195558488368988, 0.36272621154785156, 0.015747403725981712)","(0.3142821192741394, 0.32900258898735046, 0.05609326437115669)","(0.3107042610645294, 0.29576578736305237, 0.06782343983650208)","(0.27678337693214417, 0.2689189314842224, -0.03687162697315216)","(0.288960337638855, 0.35731831192970276, 0.013058158569037914)","(0.28637024760246277, 0.32249578833580017, 0.05033807083964348)","(0.2836093604564667, 0.289182186126709, 0.06041964888572693)","(0.2415393441915512, 0.26657745242118835, -0.034354519098997116)","(0.2574407756328583, 0.34245404601097107, 0.004782278556376696)","(0.26096928119659424, 0.3181929290294647, 0.033291514962911606)","(0.2583736777305603, 0.2893153131008148, 0.04504428431391716)",Position
1345,"(0.2636084258556366, 0.06822492182254791, -4.322107633925043e-05)","(0.31920021772384644, 0.1268094778060913, 0.04412248730659485)","(0.3471982181072235, 0.2066888064146042, 0.055421553552150726)","(0.3631468415260315, 0.2815879285335541, 0.06733816117048264)","(0.38626059889793396, 0.32733696699142456, 0.07805138826370239)","(0.3452177047729492, 0.2532699406147003, -0.02741469070315361)","(0.3487299978733063, 0.3630802035331726, 0.014658989384770393)","(0.34175896644592285, 0.339128315448761, 0.05725649744272232)","(0.33819031715393066, 0.3046298921108246, 0.07997313141822815)","(0.3116339147090912, 0.2678499221801758, -0.03874268755316734)","(0.31795117259025574, 0.3669726848602295, 0.012200347147881985)","(0.3127759099006653, 0.33410435914993286, 0.05328461900353432)","(0.31084150075912476, 0.301491379737854, 0.0648273304104805)","(0.2770979404449463, 0.2707240879535675, -0.037616126239299774)","(0.28802984952926636, 0.35914134979248047, 0.013010401278734207)","(0.2851666510105133, 0.3260319232940674, 0.050336841493844986)","(0.2832396924495697, 0.2942892611026764, 0.06099780276417732)","(0.24282880127429962, 0.2697209417819977, -0.033074215054512024)","(0.25747716426849365, 0.3427501916885376, 0.006099598947912455)","(0.2602996528148651, 0.3187375068664551, 0.034495845437049866)","(0.2577940821647644, 0.29041677713394165, 0.04601147770881653)",Position
1346,"(0.2629035413265228, 0.07097941637039185, -4.928381895297207e-05)","(0.3205855190753937, 0.12022025883197784, 0.028585750609636307)","(0.35294777154922485, 0.20124511420726776, 0.030588051304221153)","(0.37139183282852173, 0.2812243103981018, 0.03589603304862976)","(0.3925222158432007, 0.3325046896934509, 0.0407278798520565)","(0.3432907462120056, 0.2491988241672516, -0.04505341500043869)","(0.35006049275398254, 0.36650556325912476, -0.006766387727111578)","(0.3470877707004547, 0.3415631949901581, 0.037935566157102585)","(0.3430848717689514, 0.30627089738845825, 0.06516195088624954)","(0.30915775895118713, 0.2637890875339508, -0.04956991970539093)","(0.3199125826358795, 0.37325674295425415, -0.003287609899416566)","(0.3191218376159668, 0.3415834903717041, 0.04331674054265022)","(0.31513458490371704, 0.3086429238319397, 0.06120973825454712)","(0.27556878328323364, 0.2657588720321655, -0.04319427162408829)","(0.2900652587413788, 0.36371463537216187, 0.0026029201690107584)","(0.2910900413990021, 0.33334794640541077, 0.04425783082842827)","(0.28753000497817993, 0.30123284459114075, 0.06016106903553009)","(0.24321426451206207, 0.26333919167518616, -0.03354610130190849)","(0.2603183090686798, 0.34103018045425415, 0.0016803679754957557)","(0.2663498818874359, 0.3195595145225525, 0.03256845846772194)","(0.263670951128006, 0.2909368872642517, 0.04814358428120613)",Position
1347,"(0.2590528130531311, 0.06894400715827942, -6.393950752681121e-05)","(0.31808534264564514, 0.10776132345199585, 0.025511978194117546)","(0.3519341051578522, 0.1763542890548706, 0.03313779830932617)","(0.3688031733036041, 0.2496197372674942, 0.04433267563581467)","(0.378757506608963, 0.3036692142486572, 0.05585798993706703)","(0.34079858660697937, 0.24785397946834564, -0.033261507749557495)","(0.35632771253585815, 0.36159926652908325, 0.002747562248259783)","(0.3604792058467865, 0.3473353087902069, 0.046961165964603424)","(0.3571054935455322, 0.31794270873069763, 0.07711899280548096)","(0.30734893679618835, 0.26534712314605713, -0.03164820373058319)","(0.3283670246601105, 0.37466320395469666, 0.01300063543021679)","(0.33449289202690125, 0.3511882424354553, 0.06092921271920204)","(0.3310279846191406, 0.3222314715385437, 0.08569816499948502)","(0.27584317326545715, 0.2692809998989105, -0.02033759281039238)","(0.29795682430267334, 0.3633994460105896, 0.022251775488257408)","(0.30528929829597473, 0.3388429880142212, 0.06573348492383957)","(0.3020574450492859, 0.3104715943336487, 0.08642537891864777)","(0.24686473608016968, 0.2664903700351715, -0.005834060721099377)","(0.26795443892478943, 0.3399215340614319, 0.0279848575592041)","(0.2789260745048523, 0.3249151408672333, 0.0593796968460083)","(0.27767759561538696, 0.3001250624656677, 0.07949003577232361)",Position
1348,"(0.2592620253562927, 0.06758590042591095, -6.352446507662535e-05)","(0.3191625773906708, 0.10841892659664154, 0.041588470339775085)","(0.3496829867362976, 0.17412573099136353, 0.05899731442332268)","(0.3588409423828125, 0.2423451989889145, 0.07765104621648788)","(0.3575035035610199, 0.2882345914840698, 0.09570781141519547)","(0.34783482551574707, 0.24532411992549896, -0.022741835564374924)","(0.3609721064567566, 0.355085551738739, 0.021099494770169258)","(0.3610660135746002, 0.3384620249271393, 0.06903255730867386)","(0.35654744505882263, 0.3082088828086853, 0.09752611815929413)","(0.31400367617607117, 0.26395872235298157, -0.02741667628288269)","(0.3341910243034363, 0.3711162209510803, 0.022748252376914024)","(0.33679497241973877, 0.34801819920539856, 0.07097703963518143)","(0.3328847289085388, 0.3176775872707367, 0.09336027503013611)","(0.28108054399490356, 0.27052295207977295, -0.02092209830880165)","(0.3033062815666199, 0.3654646873474121, 0.02817387506365776)","(0.30680328607559204, 0.33853811025619507, 0.07180333137512207)","(0.30336734652519226, 0.3078065514564514, 0.08987653255462646)","(0.24954432249069214, 0.27127790451049805, -0.010117560625076294)","(0.2710857093334198, 0.34491416811943054, 0.02800595760345459)","(0.2795550227165222, 0.3260365426540375, 0.059095218777656555)","(0.2775647044181824, 0.29928380250930786, 0.07793585956096649)",Position
1349,"(0.2612556219100952, 0.07030640542507172, -6.858670531073585e-05)","(0.32019197940826416, 0.11392372846603394, 0.043495096266269684)","(0.3490900993347168, 0.1816832721233368, 0.05857478082180023)","(0.3549266457557678, 0.25022172927856445, 0.0751008540391922)","(0.349743127822876, 0.296333909034729, 0.09023606777191162)","(0.35179224610328674, 0.24550262093544006, -0.028380949050188065)","(0.3606998324394226, 0.35814785957336426, 0.015801578760147095)","(0.35602161288261414, 0.33742502331733704, 0.06042606011033058)","(0.35053959488868713, 0.302981972694397, 0.08423066139221191)","(0.31689587235450745, 0.2641015648841858, -0.03637908026576042)","(0.3316399157047272, 0.3674556612968445, 0.01694555953145027)","(0.3285411298274994, 0.33725959062576294, 0.06025342643260956)","(0.3237348198890686, 0.3040847182273865, 0.07459104061126709)","(0.28207847476005554, 0.27152320742607117, -0.03290405496954918)","(0.30088645219802856, 0.36185991764068604, 0.019734742119908333)","(0.3005136251449585, 0.32979312539100647, 0.05649157613515854)","(0.29733240604400635, 0.29848384857177734, 0.06528256833553314)","(0.24909988045692444, 0.2742079496383667, -0.025635967031121254)","(0.27069804072380066, 0.3446815609931946, 0.01652916893362999)","(0.27591222524642944, 0.3210524618625641, 0.044578664004802704)","(0.272733211517334, 0.2947258949279785, 0.055965606123209)",Position
1350,"(0.26361653208732605, 0.06779976189136505, -8.521528798155487e-05)","(0.3226834535598755, 0.11899109184741974, 0.0508037768304348)","(0.3493136465549469, 0.18810835480690002, 0.06830087304115295)","(0.35197708010673523, 0.2556428909301758, 0.08584290742874146)","(0.34362730383872986, 0.3005434572696686, 0.10177280008792877)","(0.3556120693683624, 0.24864666163921356, -0.02101876214146614)","(0.3579521179199219, 0.35795897245407104, 0.02714652568101883)","(0.35038748383522034, 0.3344498574733734, 0.07123039662837982)","(0.3458661735057831, 0.3000015914440155, 0.09262705594301224)","(0.320431649684906, 0.2671251595020294, -0.033074527978897095)","(0.3285665512084961, 0.3665422797203064, 0.022674085572361946)","(0.3232578635215759, 0.3360166847705841, 0.06374936550855637)","(0.31919732689857483, 0.30309075117111206, 0.07523805648088455)","(0.28454965353012085, 0.2739558517932892, -0.03301241248846054)","(0.2977498173713684, 0.36049166321754456, 0.02221744880080223)","(0.295515239238739, 0.32619401812553406, 0.056228864938020706)","(0.2927148938179016, 0.2930086851119995, 0.06209336221218109)","(0.2506561279296875, 0.2752014696598053, -0.02902154251933098)","(0.26799213886260986, 0.34502190351486206, 0.01484447717666626)","(0.27141737937927246, 0.31926223635673523, 0.041088297963142395)","(0.2682732939720154, 0.29121923446655273, 0.04977977275848389)",Position
1351,"(0.265169233083725, 0.07034909725189209, -5.852701360709034e-05)","(0.3221668004989624, 0.12637145817279816, 0.05503107234835625)","(0.34870320558547974, 0.19828927516937256, 0.0728050172328949)","(0.35615646839141846, 0.26795169711112976, 0.08881954848766327)","(0.3595137298107147, 0.3166380524635315, 0.10242386162281036)","(0.3531869649887085, 0.25313133001327515, -0.019102681428194046)","(0.35993492603302, 0.359498530626297, 0.026323724538087845)","(0.352170467376709, 0.339169979095459, 0.0702485740184784)","(0.34657061100006104, 0.3060913383960724, 0.09294293820858002)","(0.3186935484409332, 0.2697354853153229, -0.03498902544379234)","(0.3274294137954712, 0.36789190769195557, 0.01682693511247635)","(0.32094067335128784, 0.337933748960495, 0.058352191001176834)","(0.3169194161891937, 0.3055151700973511, 0.07144694775342941)","(0.2824958860874176, 0.2752611041069031, -0.03821286931633949)","(0.2952904999256134, 0.3621976971626282, 0.01423606462776661)","(0.29207390546798706, 0.32930079102516174, 0.05248328298330307)","(0.2894842028617859, 0.29634857177734375, 0.0627216324210167)","(0.24681583046913147, 0.27458053827285767, -0.037195634096860886)","(0.26276251673698425, 0.34832561016082764, 0.005013867747038603)","(0.26570385694503784, 0.3238362669944763, 0.03367773815989494)","(0.2629605531692505, 0.2947375476360321, 0.045322734862565994)",Position
1352,"(0.26761600375175476, 0.07402394711971283, -5.8292811445426196e-05)","(0.3243626058101654, 0.13519947230815887, 0.04440060630440712)","(0.3538939952850342, 0.2164289802312851, 0.05431053042411804)","(0.37145471572875977, 0.29229113459587097, 0.06589779257774353)","(0.3960450291633606, 0.335102915763855, 0.07684216648340225)","(0.3512609899044037, 0.26129603385925293, -0.032526612281799316)","(0.3517773747444153, 0.3723894953727722, 0.012880580499768257)","(0.3445335328578949, 0.3432346284389496, 0.0587882436811924)","(0.34271156787872314, 0.30626749992370605, 0.0822206661105156)","(0.31675273180007935, 0.2752121090888977, -0.04450440779328346)","(0.3191966414451599, 0.3733685612678528, 0.007889436557888985)","(0.3135296106338501, 0.3362255394458771, 0.05063296854496002)","(0.3123999536037445, 0.3017197847366333, 0.06172453984618187)","(0.2807254195213318, 0.27744099497795105, -0.04454170912504196)","(0.28891903162002563, 0.3662475347518921, 0.007811166346073151)","(0.2859756648540497, 0.3302920162677765, 0.0446111261844635)","(0.28450313210487366, 0.2961030602455139, 0.05264751985669136)","(0.24482813477516174, 0.2752646207809448, -0.04081900417804718)","(0.2586657404899597, 0.34846949577331543, 0.000622898165602237)","(0.2610906660556793, 0.3212242126464844, 0.028242798522114754)","(0.25811436772346497, 0.2907939553260803, 0.036639150232076645)",Release
1353,"(0.26611050963401794, 0.07733489573001862, -5.7554007071303204e-05)","(0.3234444260597229, 0.1301386058330536, 0.02838277816772461)","(0.355804979801178, 0.21175314486026764, 0.029965175315737724)","(0.3764985501766205, 0.2936072051525116, 0.0354115329682827)","(0.40347445011138916, 0.34175825119018555, 0.03979925811290741)","(0.3446052074432373, 0.2686976194381714, -0.03821314871311188)","(0.348898708820343, 0.3800731301307678, 0.0064429366029798985)","(0.3435358703136444, 0.3492804765701294, 0.05283622071146965)","(0.3393653929233551, 0.3116646409034729, 0.07911456376314163)","(0.3095613718032837, 0.28146451711654663, -0.04271956533193588)","(0.3167867958545685, 0.385165810585022, 0.009157516062259674)","(0.31414520740509033, 0.3500695824623108, 0.05674262344837189)","(0.3110932409763336, 0.3149811625480652, 0.0742611363530159)","(0.2749024033546448, 0.28143543004989624, -0.03707036375999451)","(0.2863423526287079, 0.3762092888355255, 0.011639443226158619)","(0.2861572802066803, 0.34308305382728577, 0.05153404548764229)","(0.28347229957580566, 0.30913931131362915, 0.06470629572868347)","(0.24113866686820984, 0.2757088243961334, -0.02766069956123829)","(0.2565223276615143, 0.3530154228210449, 0.008539490401744843)","(0.26187416911125183, 0.32840827107429504, 0.03752763196825981)","(0.25981464982032776, 0.2970053553581238, 0.051304157823324203)",Release
1354,"(0.2662167251110077, 0.08946263790130615, -5.3390482207760215e-05)","(0.3239351511001587, 0.1402735710144043, 0.024739978834986687)","(0.3562915325164795, 0.22193481028079987, 0.0277240090072155)","(0.37399375438690186, 0.3027116060256958, 0.0365663543343544)","(0.39892303943634033, 0.35288605093955994, 0.045731741935014725)","(0.34025734663009644, 0.28839412331581116, -0.04262207821011543)","(0.3467414379119873, 0.3972024917602539, 0.004859842360019684)","(0.3441976010799408, 0.3630414307117462, 0.051590919494628906)","(0.3403538167476654, 0.3237132132053375, 0.07899841666221619)","(0.3034273087978363, 0.2990107834339142, -0.04324321076273918)","(0.3156304359436035, 0.40186455845832825, 0.007165934424847364)","(0.31727537512779236, 0.366327166557312, 0.053790703415870667)","(0.3146311342716217, 0.3285515010356903, 0.07382912933826447)","(0.2694108188152313, 0.29605036973953247, -0.03311178833246231)","(0.28557297587394714, 0.3869514465332031, 0.014667382463812828)","(0.28929010033607483, 0.3529101312160492, 0.05443529784679413)","(0.28752321004867554, 0.31910955905914307, 0.06960081309080124)","(0.23753872513771057, 0.28794941306114197, -0.019274314865469933)","(0.2559316158294678, 0.36101317405700684, 0.016846613958477974)","(0.26394787430763245, 0.3367401659488678, 0.044446393847465515)","(0.26375651359558105, 0.30774903297424316, 0.05862349644303322)",Reach
1355,"(0.26763829588890076, 0.10748305916786194, -2.3012946257949807e-05)","(0.32275301218032837, 0.16329535841941833, 0.024830717593431473)","(0.35125815868377686, 0.24816225469112396, 0.02576623484492302)","(0.36435508728027344, 0.3301508128643036, 0.0335828922688961)","(0.38324815034866333, 0.3865850865840912, 0.04118574783205986)","(0.33726435899734497, 0.3070749044418335, -0.048643071204423904)","(0.3399396240711212, 0.4208299517631531, -0.005437314510345459)","(0.3383499085903168, 0.38880518078804016, 0.03723706677556038)","(0.3362170457839966, 0.34894245862960815, 0.06346041709184647)","(0.30025094747543335, 0.31569188833236694, -0.05127410218119621)","(0.30922865867614746, 0.4255499839782715, -0.004995433613657951)","(0.3111933469772339, 0.3929333984851837, 0.038154590874910355)","(0.30921846628189087, 0.35601454973220825, 0.05539445951581001)","(0.2658683955669403, 0.31308209896087646, -0.04255111142992973)","(0.27955082058906555, 0.40949082374572754, 0.003549169283360243)","(0.2839195728302002, 0.37563592195510864, 0.03884129598736763)","(0.2829722464084625, 0.34009605646133423, 0.050546012818813324)","(0.2338505983352661, 0.30648329854011536, -0.030468884855508804)","(0.2510715425014496, 0.3858765959739685, 0.005813421215862036)","(0.259350448846817, 0.36216235160827637, 0.03213736414909363)","(0.2596225142478943, 0.33220869302749634, 0.0444604754447937)",Reach
1356,"(0.2676489055156708, 0.13132810592651367, -7.99488498159917e-06)","(0.3211407959461212, 0.19154101610183716, 0.027437428012490273)","(0.34636905789375305, 0.276885062456131, 0.03003876283764839)","(0.3548198640346527, 0.3600315451622009, 0.036353688687086105)","(0.36711251735687256, 0.4191623032093048, 0.04016880691051483)","(0.3326203227043152, 0.32870230078697205, -0.04603748768568039)","(0.3402024507522583, 0.449596643447876, -0.010502154938876629)","(0.34098324179649353, 0.459766149520874, 0.03924509510397911)","(0.33823472261428833, 0.4463980197906494, 0.07610254734754562)","(0.295087993144989, 0.3393257260322571, -0.0496244803071022)","(0.3054750859737396, 0.46295368671417236, -0.014997264370322227)","(0.3096059560775757, 0.4645507335662842, 0.038523878902196884)","(0.3090467154979706, 0.44827836751937866, 0.07244094461202621)","(0.26019781827926636, 0.33669668436050415, -0.04292133077979088)","(0.2738114893436432, 0.4468565881252289, -0.003935577813535929)","(0.28093788027763367, 0.4270508587360382, 0.043952297419309616)","(0.28199148178100586, 0.3978347182273865, 0.07002194225788116)","(0.2291337549686432, 0.3286147117614746, -0.03430679440498352)","(0.24461254477500916, 0.41731688380241394, 0.0003806684981100261)","(0.25584399700164795, 0.4047543704509735, 0.033409684896469116)","(0.25819891691207886, 0.37771639227867126, 0.05494139716029167)",Reach
1357,"(0.2667858898639679, 0.16102950274944305, -2.731169297476299e-05)","(0.32058075070381165, 0.22682327032089233, 0.023111077025532722)","(0.34480559825897217, 0.3183128535747528, 0.02167615294456482)","(0.3524470031261444, 0.41016048192977905, 0.023808421567082405)","(0.3621094822883606, 0.4804277718067169, 0.02460530959069729)","(0.32677337527275085, 0.36720117926597595, -0.045781221240758896)","(0.3315652906894684, 0.4885532557964325, -0.012183272279798985)","(0.33496004343032837, 0.5046449899673462, 0.04067600145936012)","(0.334927499294281, 0.4955752491950989, 0.0812867134809494)","(0.2898797392845154, 0.3762630522251129, -0.04824326932430267)","(0.29839614033699036, 0.4999288320541382, -0.013269035145640373)","(0.30482998490333557, 0.49722278118133545, 0.04277139529585838)","(0.30661270022392273, 0.47443991899490356, 0.07945699244737625)","(0.25573334097862244, 0.37180835008621216, -0.041546937078237534)","(0.26549333333969116, 0.48551198840141296, -0.004250532016158104)","(0.2737468481063843, 0.4692903161048889, 0.04467703029513359)","(0.2763307988643646, 0.4386588931083679, 0.07316770404577255)","(0.22513893246650696, 0.3611021935939789, -0.033612869679927826)","(0.23481234908103943, 0.4552673399448395, -0.002059496706351638)","(0.24742092192173004, 0.447630375623703, 0.029830241575837135)","(0.2528802454471588, 0.41964057087898254, 0.052482228726148605)",Reach
1358,"(0.2648908793926239, 0.19484858214855194, -7.283171726157889e-05)","(0.3201451599597931, 0.27002036571502686, 0.03288798779249191)","(0.3420398533344269, 0.3678241968154907, 0.03660343959927559)","(0.3459658920764923, 0.4600529968738556, 0.04165785387158394)","(0.35151082277297974, 0.5296335220336914, 0.04648146405816078)","(0.32514670491218567, 0.4133811593055725, -0.041600119322538376)","(0.3290240168571472, 0.5329069495201111, -0.003925338853150606)","(0.33027637004852295, 0.5416373610496521, 0.051911406219005585)","(0.3275298476219177, 0.5241529941558838, 0.09224370121955872)","(0.28765231370925903, 0.42015784978866577, -0.04907834529876709)","(0.2946067154407501, 0.5427156686782837, -0.009494611993432045)","(0.30045005679130554, 0.5401283502578735, 0.047428373247385025)","(0.3018417954444885, 0.5161323547363281, 0.08234333992004395)","(0.252535343170166, 0.4157959222793579, -0.04641162231564522)","(0.26216405630111694, 0.5326763391494751, -0.006315742619335651)","(0.2698008716106415, 0.5198181867599487, 0.04413142055273056)","(0.2714540660381317, 0.48973357677459717, 0.07268732786178589)","(0.2206878960132599, 0.40564289689064026, -0.041874662041664124)","(0.2279500961303711, 0.5045127272605896, -0.00802429486066103)","(0.23942439258098602, 0.49787867069244385, 0.02567199617624283)","(0.24435672163963318, 0.4697851240634918, 0.048865970224142075)",Reach
1359,"(0.26738452911376953, 0.23004823923110962, -7.943942910060287e-05)","(0.32158568501472473, 0.30302417278289795, 0.044078707695007324)","(0.3378097414970398, 0.39622625708580017, 0.05357302352786064)","(0.3304271697998047, 0.47976192831993103, 0.06340839713811874)","(0.3168993592262268, 0.5333532094955444, 0.07156268507242203)","(0.32979726791381836, 0.4533599615097046, -0.04199805110692978)","(0.3332621157169342, 0.5729658603668213, 0.0010377897415310144)","(0.33086907863616943, 0.5697974562644958, 0.060609400272369385)","(0.32496389746665955, 0.5420977473258972, 0.10068854689598083)","(0.28917014598846436, 0.46097904443740845, -0.051793307065963745)","(0.2934761047363281, 0.5838941335678101, -0.01146792620420456)","(0.2966160476207733, 0.5852152705192566, 0.047806985676288605)","(0.29650455713272095, 0.5621217489242554, 0.08453617244958878)","(0.2513923943042755, 0.4551069438457489, -0.050351496785879135)","(0.2569707930088043, 0.5763407945632935, -0.010821955278515816)","(0.26325079798698425, 0.5665454864501953, 0.04257970675826073)","(0.2653076648712158, 0.5371602773666382, 0.07331264019012451)","(0.21886131167411804, 0.4430760443210602, -0.04523925483226776)","(0.2243519425392151, 0.5444446802139282, -0.009387713856995106)","(0.23489710688591003, 0.539859414100647, 0.028314370661973953)","(0.2405456006526947, 0.5133572220802307, 0.056185271590948105)",Reach
1360,"(0.2694922387599945, 0.2637171149253845, -6.0213020333321765e-05)","(0.324725478887558, 0.33942222595214844, 0.0446944385766983)","(0.3416551351547241, 0.4293951690196991, 0.0540778823196888)","(0.33334577083587646, 0.5109407305717468, 0.06391237676143646)","(0.3170085549354553, 0.5632595419883728, 0.07131391763687134)","(0.329432874917984, 0.48703014850616455, -0.039649758487939835)","(0.33521604537963867, 0.607265830039978, -0.0007357868598774076)","(0.33389317989349365, 0.6119478344917297, 0.058963045477867126)","(0.3275551497936249, 0.5894641876220703, 0.10025493055582047)","(0.288128137588501, 0.4958229660987854, -0.048597563058137894)","(0.2929789423942566, 0.6212900876998901, -0.015405485406517982)","(0.29832935333251953, 0.6331058740615845, 0.04422616958618164)","(0.3004758059978485, 0.6160244941711426, 0.08601050823926926)","(0.25076261162757874, 0.4896066188812256, -0.04626566916704178)","(0.256051242351532, 0.6126512289047241, -0.011131379753351212)","(0.26438793540000916, 0.610640287399292, 0.044043611735105515)","(0.26874202489852905, 0.5857318639755249, 0.07818752527236938)","(0.21952733397483826, 0.47514820098876953, -0.04006130248308182)","(0.2239559143781662, 0.5746670961380005, -0.005538266152143478)","(0.23598553240299225, 0.5762455463409424, 0.0325658917427063)","(0.24381183087825775, 0.5531405210494995, 0.061995841562747955)",Reach
1361,"(0.27559536695480347, 0.29863131046295166, -4.8425845307065174e-05)","(0.32719844579696655, 0.37935149669647217, 0.05192413926124573)","(0.34151512384414673, 0.46272215247154236, 0.06727664917707443)","(0.33156618475914, 0.5376113653182983, 0.08070354908704758)","(0.3149690628051758, 0.5859954953193665, 0.0911220908164978)","(0.3330468237400055, 0.5301046371459961, -0.019483549520373344)","(0.33551666140556335, 0.647960364818573, 0.017759224399924278)","(0.3330410420894623, 0.659642219543457, 0.07205475866794586)","(0.32695212960243225, 0.6403638124465942, 0.11116325110197067)","(0.2938070297241211, 0.5368283987045288, -0.03153568133711815)","(0.2952030897140503, 0.6566851139068604, 0.0013677595416083932)","(0.2984488308429718, 0.6678634881973267, 0.053963225334882736)","(0.3007267713546753, 0.6492311954498291, 0.09174741059541702)","(0.2570951282978058, 0.528917670249939, -0.03261660039424896)","(0.25784918665885925, 0.6476284265518188, 0.0002518336405046284)","(0.26264020800590515, 0.6500971913337708, 0.04933835193514824)","(0.26625096797943115, 0.6274294853210449, 0.08140595257282257)","(0.2255045473575592, 0.5123332738876343, -0.02916715294122696)","(0.22476324439048767, 0.6081610918045044, 0.0043243407271802425)","(0.2339421957731247, 0.6078490018844604, 0.041296541690826416)","(0.24126847088336945, 0.5830146074295044, 0.07066170871257782)",Reach
1362,"(0.2809998393058777, 0.33136147260665894, -7.960509537952021e-05)","(0.33079206943511963, 0.4113861620426178, 0.05268840119242668)","(0.345196396112442, 0.4945618808269501, 0.06859125196933746)","(0.33445775508880615, 0.5679631233215332, 0.08291489630937576)","(0.3185517191886902, 0.6119420528411865, 0.09526970982551575)","(0.3375675678253174, 0.565538763999939, -0.025834109634160995)","(0.33838745951652527, 0.6844953894615173, 0.01475529931485653)","(0.3348786234855652, 0.6929201483726501, 0.07313130050897598)","(0.3290371894836426, 0.6712622046470642, 0.11433468759059906)","(0.2972719967365265, 0.5732990503311157, -0.03780696168541908)","(0.2958058714866638, 0.6925163269042969, -0.0009926665807142854)","(0.29801055788993835, 0.6939120292663574, 0.05640864372253418)","(0.30080825090408325, 0.667195737361908, 0.09563495963811874)","(0.2597588896751404, 0.5643848776817322, -0.038723696023225784)","(0.2575715482234955, 0.6809601783752441, -0.00134463410358876)","(0.2619923949241638, 0.6762268543243408, 0.05355449765920639)","(0.26670560240745544, 0.6489513516426086, 0.08891981095075607)","(0.22826389968395233, 0.545099139213562, -0.03528767079114914)","(0.22526173293590546, 0.637850284576416, -0.0007233658106997609)","(0.23429588973522186, 0.633104681968689, 0.03840857371687889)","(0.24208225309848785, 0.6052635908126831, 0.06974326819181442)",Reach
1363,"(0.2857241928577423, 0.3600707948207855, -5.462597619043663e-05)","(0.33407047390937805, 0.4404851794242859, 0.05532892420887947)","(0.34758809208869934, 0.5217246413230896, 0.07281418144702911)","(0.3379138708114624, 0.5933570861816406, 0.08867006003856659)","(0.32323703169822693, 0.6343221664428711, 0.10320441424846649)","(0.3406270444393158, 0.5921987295150757, -0.027982469648122787)","(0.34189572930336, 0.7127130031585693, 0.012481379322707653)","(0.3354778587818146, 0.721501350402832, 0.07144742459058762)","(0.3281136155128479, 0.7003369927406311, 0.11225970089435577)","(0.3001730442047119, 0.6000064015388489, -0.040522750467061996)","(0.2991167902946472, 0.7241747379302979, -0.0011895494535565376)","(0.2974352240562439, 0.7222559452056885, 0.05834280699491501)","(0.2979464828968048, 0.694240152835846, 0.09835155308246613)","(0.2624295949935913, 0.5902594923973083, -0.04160463064908981)","(0.25982439517974854, 0.7093337774276733, -0.0018055324908345938)","(0.26226016879081726, 0.6990422010421753, 0.05556653439998627)","(0.26668885350227356, 0.669858455657959, 0.09167703986167908)","(0.23017308115959167, 0.5693651437759399, -0.037882328033447266)","(0.22705665230751038, 0.664219319820404, -0.004239421337842941)","(0.23510076105594635, 0.6602239012718201, 0.03520861640572548)","(0.2428891807794571, 0.6327441334724426, 0.06673458963632584)",Grasp
1364,"(0.2888145446777344, 0.383242130279541, -5.152305311639793e-05)","(0.3357071280479431, 0.46592456102371216, 0.054424941539764404)","(0.3477287292480469, 0.5469445586204529, 0.07168352603912354)","(0.33754366636276245, 0.6189117431640625, 0.08838111162185669)","(0.323070228099823, 0.65934157371521, 0.10368553549051285)","(0.3396793305873871, 0.6150545477867126, -0.031008098274469376)","(0.33827993273735046, 0.7369806170463562, 0.00856049545109272)","(0.33088889718055725, 0.7411691546440125, 0.06804881244897842)","(0.3235072195529938, 0.7166541814804077, 0.10977183282375336)","(0.29990410804748535, 0.6191869974136353, -0.04267679154872894)","(0.29979366064071655, 0.7456724643707275, -0.0024714269675314426)","(0.2984977960586548, 0.7428539395332336, 0.059234242886304855)","(0.29867056012153625, 0.7147326469421387, 0.10016901046037674)","(0.2631002962589264, 0.6077332496643066, -0.042276110500097275)","(0.2623746991157532, 0.7276062965393066, -0.0014776502503082156)","(0.26456865668296814, 0.718864381313324, 0.05721202865242958)","(0.26803404092788696, 0.6907774806022644, 0.09334166347980499)","(0.2318439483642578, 0.586614191532135, -0.037128664553165436)","(0.22923579812049866, 0.6822403073310852, -0.003328505903482437)","(0.23680484294891357, 0.6822483539581299, 0.035564132034778595)","(0.2439844161272049, 0.6568176746368408, 0.06741063296794891)",Grasp
1365,"(0.2921984791755676, 0.3976295590400696, -4.3161777284694836e-05)","(0.3389846384525299, 0.48433130979537964, 0.05713924393057823)","(0.34812378883361816, 0.564595103263855, 0.07531879097223282)","(0.33276721835136414, 0.6298499703407288, 0.09254287928342819)","(0.3154926002025604, 0.6659457087516785, 0.10972936451435089)","(0.33956411480903625, 0.6305981874465942, -0.026310205459594727)","(0.3351145088672638, 0.7471044659614563, 0.019543161615729332)","(0.3272908926010132, 0.7316315174102783, 0.07580576837062836)","(0.3210240602493286, 0.6943234205245972, 0.11124562472105026)","(0.30044159293174744, 0.6343598961830139, -0.041040703654289246)","(0.29739078879356384, 0.759715735912323, -0.0005313947331160307)","(0.29413020610809326, 0.7477834224700928, 0.051631711423397064)","(0.2937461733818054, 0.713505744934082, 0.08168742060661316)","(0.2638835608959198, 0.6224098205566406, -0.0430145263671875)","(0.2595391273498535, 0.7417476773262024, -0.0002778779889922589)","(0.26079830527305603, 0.7238514423370361, 0.052222173660993576)","(0.26397135853767395, 0.6888173222541809, 0.08268071711063385)","(0.23213618993759155, 0.6013875603675842, -0.03924066573381424)","(0.22807036340236664, 0.6962149739265442, -0.00421542301774025)","(0.2347787469625473, 0.6883546710014343, 0.03253209963440895)","(0.2406439185142517, 0.6570734977722168, 0.06044629216194153)",Grasp
1366,"(0.293369859457016, 0.40752357244491577, -2.5554345484124497e-05)","(0.3384091854095459, 0.4914424419403076, 0.05763240158557892)","(0.34849584102630615, 0.5690393447875977, 0.07770545035600662)","(0.33534538745880127, 0.6327906250953674, 0.09550841897726059)","(0.31955742835998535, 0.6710518002510071, 0.11337418854236603)","(0.3386533856391907, 0.6382780075073242, -0.01866878755390644)","(0.3329183757305145, 0.7568350434303284, 0.022112993523478508)","(0.32527095079421997, 0.7521926164627075, 0.07415243983268738)","(0.3195681571960449, 0.7212198972702026, 0.10821763426065445)","(0.3011079728603363, 0.640870213508606, -0.034874558448791504)","(0.29660752415657043, 0.7662403583526611, 0.0010590397287160158)","(0.29321104288101196, 0.7542259097099304, 0.04863205924630165)","(0.2927761673927307, 0.7193833589553833, 0.07778274267911911)","(0.2656995952129364, 0.6288108229637146, -0.03879380598664284)","(0.2599577307701111, 0.7470080852508545, 0.0002858384104911238)","(0.2610388398170471, 0.7290077209472656, 0.05057268217206001)","(0.2643412947654724, 0.6941888332366943, 0.08026537299156189)","(0.23371639847755432, 0.6083685159683228, -0.03725818917155266)","(0.22883851826190948, 0.7027615308761597, -0.004905347246676683)","(0.23540331423282623, 0.6945962905883789, 0.03052796795964241)","(0.2411028891801834, 0.6628191471099854, 0.05798706039786339)",Grasp
1367,"(0.2937892973423004, 0.4110298752784729, -4.1551629692548886e-05)","(0.3395790457725525, 0.4926663041114807, 0.05327952280640602)","(0.3506746292114258, 0.5712710022926331, 0.07240036129951477)","(0.3367546796798706, 0.63454669713974, 0.09026767313480377)","(0.3191208839416504, 0.670316755771637, 0.10873017460107803)","(0.33893096446990967, 0.6405754089355469, -0.02429492212831974)","(0.333270788192749, 0.7566157579421997, 0.016768068075180054)","(0.32660335302352905, 0.7495031356811523, 0.06921736150979996)","(0.3214908540248871, 0.7175399661064148, 0.10231050103902817)","(0.30092278122901917, 0.6415094137191772, -0.038391511887311935)","(0.29570332169532776, 0.7650538086891174, -0.0044037397019565105)","(0.2929026186466217, 0.7561950087547302, 0.04282929003238678)","(0.2924361824989319, 0.7228201031684875, 0.071218341588974)","(0.26560941338539124, 0.6278879046440125, -0.040457531809806824)","(0.2593959867954254, 0.7437716722488403, -0.003934001084417105)","(0.2605212330818176, 0.7296233773231506, 0.044878993183374405)","(0.26342907547950745, 0.6960529088973999, 0.07372725754976273)","(0.23392687737941742, 0.6068275570869446, -0.03699236363172531)","(0.22909681499004364, 0.6997559666633606, -0.007096683140844107)","(0.23593184351921082, 0.6948018670082092, 0.02749335579574108)","(0.24183131754398346, 0.6642512679100037, 0.054515063762664795)",Grasp
1368,"(0.29422053694725037, 0.41589078307151794, -5.657040674122982e-05)","(0.3398308753967285, 0.4901658296585083, 0.05010513588786125)","(0.35275107622146606, 0.5657404065132141, 0.06864934414625168)","(0.3411386013031006, 0.6281313300132751, 0.08641268312931061)","(0.3233667314052582, 0.6627480983734131, 0.10580676794052124)","(0.33935779333114624, 0.6362777352333069, -0.024355845525860786)","(0.3373296558856964, 0.755494236946106, 0.011284811422228813)","(0.3327687084674835, 0.7576847672462463, 0.06231725588440895)","(0.32812467217445374, 0.7283844351768494, 0.0964728593826294)","(0.30068597197532654, 0.6399936676025391, -0.03575192019343376)","(0.2984684109687805, 0.7661072015762329, -0.0049592843279242516)","(0.29785487055778503, 0.7570462226867676, 0.04224947839975357)","(0.29796302318573, 0.7227466106414795, 0.07207494974136353)","(0.26554927229881287, 0.6270790696144104, -0.036396950483322144)","(0.26200464367866516, 0.7427945137023926, -0.002243681577965617)","(0.26502174139022827, 0.7285446524620056, 0.0474361889064312)","(0.26836538314819336, 0.6956256031990051, 0.07852212339639664)","(0.2346152514219284, 0.6059879064559937, -0.031706590205430984)","(0.23023352026939392, 0.698121190071106, -0.00275795697234571)","(0.23793943226337433, 0.693163275718689, 0.0321023166179657)","(0.2440970242023468, 0.6625965237617493, 0.060248684138059616)",Grasp
1369,"(0.29403406381607056, 0.41740882396698, -6.065586057957262e-05)","(0.3411865532398224, 0.4894755184650421, 0.04276689141988754)","(0.35512030124664307, 0.565424382686615, 0.057269349694252014)","(0.343020498752594, 0.6289427280426025, 0.07305826991796494)","(0.3250228464603424, 0.6654861569404602, 0.09088961035013199)","(0.3408174514770508, 0.6336960792541504, -0.0398893877863884)","(0.33918440341949463, 0.7534258365631104, -0.0012100287713110447)","(0.3376280665397644, 0.7454742193222046, 0.05240952968597412)","(0.3342445194721222, 0.7113784551620483, 0.08657252788543701)","(0.3008473813533783, 0.6370862126350403, -0.04864950478076935)","(0.29895055294036865, 0.7630959749221802, -0.017645204439759254)","(0.30095288157463074, 0.7494283318519592, 0.02875199355185032)","(0.3017978370189667, 0.7135834693908691, 0.05586198344826698)","(0.26513245701789856, 0.6247727870941162, -0.045790232717990875)","(0.2621039152145386, 0.7410446405410767, -0.01220434159040451)","(0.2669495642185211, 0.7253706455230713, 0.03520583361387253)","(0.2709530293941498, 0.6922688484191895, 0.06359365582466125)","(0.23425179719924927, 0.6049067378044128, -0.03746625408530235)","(0.2294614166021347, 0.6974807381629944, -0.011233707889914513)","(0.23863528668880463, 0.6916598677635193, 0.020624686032533646)","(0.24593617022037506, 0.6607151627540588, 0.04571016877889633)",Grasp
1370,"(0.29600563645362854, 0.41899681091308594, -7.189879397628829e-05)","(0.34145471453666687, 0.48842471837997437, 0.04370750114321709)","(0.35480883717536926, 0.5641602277755737, 0.055973250418901443)","(0.34253355860710144, 0.6268388032913208, 0.06911921501159668)","(0.32374903559684753, 0.6627531051635742, 0.08468461781740189)","(0.3442745506763458, 0.6261958479881287, -0.04636479914188385)","(0.3458011746406555, 0.7486302256584167, -0.009746902622282505)","(0.34248781204223633, 0.7416862845420837, 0.04311458766460419)","(0.33675938844680786, 0.706007182598114, 0.0769672691822052)","(0.30398133397102356, 0.6331375241279602, -0.05601592734456062)","(0.30433863401412964, 0.761128306388855, -0.027791336178779602)","(0.30436497926712036, 0.7489734888076782, 0.018853768706321716)","(0.3036348521709442, 0.7125214338302612, 0.04629437252879143)","(0.26785343885421753, 0.6240143179893494, -0.053571976721286774)","(0.2663784325122833, 0.7419022917747498, -0.020033536478877068)","(0.2702910900115967, 0.7254038453102112, 0.027317339554429054)","(0.2738901376724243, 0.691700279712677, 0.05511949583888054)","(0.23703037202358246, 0.6066279411315918, -0.04532838612794876)","(0.23296278715133667, 0.6988379955291748, -0.016536224633455276)","(0.24130818247795105, 0.6901240944862366, 0.01658690720796585)","(0.24821069836616516, 0.6583598852157593, 0.041512444615364075)",Grasp
1371,"(0.29806047677993774, 0.42243996262550354, -8.509690087521449e-05)","(0.34303754568099976, 0.4846973419189453, 0.04682495817542076)","(0.3578408360481262, 0.5563235878944397, 0.058964796364307404)","(0.34960827231407166, 0.6179490685462952, 0.07095849514007568)","(0.3344825506210327, 0.6526639461517334, 0.08460110425949097)","(0.3500555753707886, 0.6206667423248291, -0.04270218312740326)","(0.35347774624824524, 0.7464526891708374, -0.013691798783838749)","(0.34879082441329956, 0.7513089776039124, 0.035342440009117126)","(0.34260687232017517, 0.7205466628074646, 0.06980692595243454)","(0.31032103300094604, 0.6309241652488708, -0.05467082932591438)","(0.3140166997909546, 0.7636452913284302, -0.02989422157406807)","(0.3124433159828186, 0.7574227452278137, 0.018146082758903503)","(0.310415655374527, 0.723631739616394, 0.04837663099169731)","(0.2739175260066986, 0.6231191754341125, -0.0557391494512558)","(0.27638018131256104, 0.744989275932312, -0.023882128298282623)","(0.279808908700943, 0.7314088940620422, 0.025846464559435844)","(0.28259801864624023, 0.699067234992981, 0.05573628470301628)","(0.24235360324382782, 0.6050000786781311, -0.05075806751847267)","(0.2400580793619156, 0.7014610767364502, -0.0232116486877203)","(0.24850663542747498, 0.6961440443992615, 0.010126116685569286)","(0.2548429071903229, 0.6659631133079529, 0.03620482608675957)",Grasp
1372,"(0.29763925075531006, 0.42296475172042847, -7.719812856521457e-05)","(0.34420353174209595, 0.4806206226348877, 0.047373801469802856)","(0.36192092299461365, 0.551628589630127, 0.05980771407485008)","(0.35538211464881897, 0.6131644248962402, 0.07153961807489395)","(0.3405299186706543, 0.6480133533477783, 0.08480501174926758)","(0.3541615605354309, 0.6171650290489197, -0.03979208692908287)","(0.3606812655925751, 0.7424721121788025, -0.008440595120191574)","(0.3561522364616394, 0.7463603615760803, 0.04122810438275337)","(0.34909287095069885, 0.7155944108963013, 0.07602731883525848)","(0.3149310350418091, 0.6288545727729797, -0.05171157792210579)","(0.3224640488624573, 0.7628147602081299, -0.026216750964522362)","(0.32168397307395935, 0.7591399550437927, 0.021860089153051376)","(0.31903818249702454, 0.7272910475730896, 0.05251254141330719)","(0.2788214087486267, 0.6226300597190857, -0.05283616855740547)","(0.2846831977367401, 0.746606171131134, -0.019850194454193115)","(0.28870418667793274, 0.7353183031082153, 0.029791224747896194)","(0.2910636365413666, 0.7040165066719055, 0.059221427887678146)","(0.2472468614578247, 0.6061989665031433, -0.047687191516160965)","(0.2482403963804245, 0.7018014192581177, -0.016912508755922318)","(0.25707921385765076, 0.6955644488334656, 0.018990041688084602)","(0.2625911831855774, 0.6661257743835449, 0.04617055132985115)",Grasp
1373,"(0.2994607985019684, 0.42361074686050415, -3.775487493840046e-05)","(0.34674471616744995, 0.4811500310897827, 0.04693271592259407)","(0.36494842171669006, 0.5533584356307983, 0.06147664785385132)","(0.3573962450027466, 0.6149680614471436, 0.07654031366109848)","(0.3426944315433502, 0.6512701511383057, 0.09458447247743607)","(0.3581032156944275, 0.617705225944519, -0.0389547124505043)","(0.3651212155818939, 0.7374705076217651, -0.003481719410046935)","(0.3607568144798279, 0.7355968356132507, 0.047738634049892426)","(0.35325413942337036, 0.7029791474342346, 0.08106733858585358)","(0.31925490498542786, 0.6303297877311707, -0.04985831677913666)","(0.3280828595161438, 0.7615797519683838, -0.023522017523646355)","(0.3274763226509094, 0.760241687297821, 0.024043811485171318)","(0.32403337955474854, 0.7300354838371277, 0.0545368418097496)","(0.28309401869773865, 0.6263585090637207, -0.04909099265933037)","(0.2904130220413208, 0.7481690049171448, -0.015878133475780487)","(0.29430511593818665, 0.7379961013793945, 0.03287501260638237)","(0.2960108518600464, 0.7073802947998047, 0.061684854328632355)","(0.2510074973106384, 0.6125947833061218, -0.04215055704116821)","(0.2546830177307129, 0.7043061256408691, -0.009670100174844265)","(0.26285320520401, 0.6945757865905762, 0.02753377892076969)","(0.2667626440525055, 0.6632946133613586, 0.055473264306783676)",Grasp
1374,"(0.30039292573928833, 0.42297065258026123, -2.5418134100618772e-05)","(0.3489866554737091, 0.48332086205482483, 0.04463060572743416)","(0.3666749596595764, 0.5584144592285156, 0.060184698551893234)","(0.3573356866836548, 0.6225646138191223, 0.0765523910522461)","(0.34160566329956055, 0.6592530608177185, 0.09537161886692047)","(0.3590945601463318, 0.6213170886039734, -0.03755255416035652)","(0.3634755313396454, 0.741512656211853, -0.002197515917941928)","(0.36224743723869324, 0.7395373582839966, 0.04738392308354378)","(0.3581823706626892, 0.7092190384864807, 0.07911985367536545)","(0.3205665647983551, 0.6319095492362976, -0.047672614455223083)","(0.327928364276886, 0.7590209245681763, -0.021412568166851997)","(0.3300403356552124, 0.75589919090271, 0.023294487968087196)","(0.3289910554885864, 0.7257164716720581, 0.050581194460392)","(0.28475090861320496, 0.6276718378067017, -0.04657512530684471)","(0.29161950945854187, 0.7470546364784241, -0.016438506543636322)","(0.29692158102989197, 0.738746166229248, 0.028992844745516777)","(0.2990742623806, 0.7095538973808289, 0.056608494371175766)","(0.25289425253868103, 0.6141703128814697, -0.04004238173365593)","(0.2567964196205139, 0.7063096165657043, -0.013178064487874508)","(0.2659926116466522, 0.6990810632705688, 0.019836438819766045)","(0.2707797586917877, 0.6676986217498779, 0.04541601985692978)",Grasp
1375,"(0.3032286763191223, 0.4214686155319214, -2.7976837372989394e-05)","(0.35245004296302795, 0.4848266839981079, 0.046627506613731384)","(0.36867469549179077, 0.5625689029693604, 0.06089458242058754)","(0.3570382595062256, 0.6268377304077148, 0.07707240432500839)","(0.3408346474170685, 0.6622679233551025, 0.09472200274467468)","(0.3621217608451843, 0.6238030791282654, -0.04208620265126228)","(0.36102059483528137, 0.7446163296699524, 0.002141593722626567)","(0.3571226894855499, 0.7306891083717346, 0.05717730522155762)","(0.3530965745449066, 0.6958197951316833, 0.09115497767925262)","(0.32219383120536804, 0.6314931511878967, -0.05259174481034279)","(0.3261280953884125, 0.7579148411750793, -0.019865142181515694)","(0.32679131627082825, 0.7511488795280457, 0.028863832354545593)","(0.3259105384349823, 0.7204475402832031, 0.055916305631399155)","(0.2845730185508728, 0.6250181794166565, -0.050689224153757095)","(0.2896779775619507, 0.7461028099060059, -0.016044318675994873)","(0.2938215434551239, 0.7366299033164978, 0.031200269237160683)","(0.295526385307312, 0.7069846391677856, 0.057172756642103195)","(0.25080475211143494, 0.609217643737793, -0.04290656000375748)","(0.2556253671646118, 0.7022860646247864, -0.010643703863024712)","(0.26476964354515076, 0.6910858154296875, 0.02470731921494007)","(0.2689729630947113, 0.6575637459754944, 0.049131277948617935)",Grasp
1376,"(0.3052857518196106, 0.4234188199043274, -2.7282481823931448e-05)","(0.35471951961517334, 0.4908229112625122, 0.048023536801338196)","(0.370494544506073, 0.569429874420166, 0.06108439341187477)","(0.3588963747024536, 0.634418785572052, 0.07556422799825668)","(0.3423520624637604, 0.6705245971679688, 0.09087532013654709)","(0.3643712103366852, 0.6268556118011475, -0.04476141929626465)","(0.3631463348865509, 0.7468668222427368, -0.0008513826760463417)","(0.3572026193141937, 0.7327332496643066, 0.05379385128617287)","(0.35220855474472046, 0.6976140737533569, 0.08715686202049255)","(0.3245580494403839, 0.6344541311264038, -0.0572558268904686)","(0.32803839445114136, 0.7602741718292236, -0.02418031543493271)","(0.3264198303222656, 0.7532569169998169, 0.025245992466807365)","(0.32492443919181824, 0.7220025062561035, 0.052437372505664825)","(0.28648918867111206, 0.6276635527610779, -0.0571935661137104)","(0.2905069887638092, 0.7492749691009521, -0.021383436396718025)","(0.29316213726997375, 0.7375550270080566, 0.02761557325720787)","(0.2945006489753723, 0.7058460712432861, 0.05390803515911102)","(0.25164031982421875, 0.6109450459480286, -0.05114082619547844)","(0.2558088004589081, 0.7049033641815186, -0.017725560814142227)","(0.26398682594299316, 0.6911711692810059, 0.01885133422911167)","(0.26734408736228943, 0.6561752557754517, 0.04371682181954384)",Grasp
1377,"(0.30496951937675476, 0.4224756360054016, -2.4664323063916527e-05)","(0.35469064116477966, 0.4883979558944702, 0.043238315731287)","(0.370869517326355, 0.5646673440933228, 0.05581735447049141)","(0.3596593141555786, 0.631036102771759, 0.0713287889957428)","(0.3427777588367462, 0.6696918606758118, 0.08857052773237228)","(0.3623338043689728, 0.628135621547699, -0.04601975902915001)","(0.36243072152137756, 0.7461299896240234, -0.0018447580514475703)","(0.35790735483169556, 0.7322596311569214, 0.054263584315776825)","(0.35310623049736023, 0.6977088451385498, 0.08846703916788101)","(0.32199665904045105, 0.6354177594184875, -0.055526893585920334)","(0.32472875714302063, 0.7594975829124451, -0.02321718819439411)","(0.32452893257141113, 0.7536371350288391, 0.025585269555449486)","(0.3235291838645935, 0.7229617834091187, 0.053166307508945465)","(0.28403544425964355, 0.6277373433113098, -0.05290675163269043)","(0.28683239221572876, 0.7461096048355103, -0.017384283244609833)","(0.29050368070602417, 0.734412431716919, 0.03180180862545967)","(0.29255950450897217, 0.7021484971046448, 0.05918748304247856)","(0.24993005394935608, 0.6108736991882324, -0.044529516249895096)","(0.251583456993103, 0.7058636546134949, -0.014333931729197502)","(0.25994616746902466, 0.6975302696228027, 0.02042890340089798)","(0.2644302248954773, 0.664435625076294, 0.04585788771510124)",Grasp
1378,"(0.3081013560295105, 0.4244525730609894, -2.8625114282476716e-05)","(0.35589081048965454, 0.4917500913143158, 0.047042883932590485)","(0.37026447057724, 0.5707224607467651, 0.06188896298408508)","(0.3573733866214752, 0.63490891456604, 0.07901360094547272)","(0.3402940332889557, 0.6701532602310181, 0.09763254970312119)","(0.3605579733848572, 0.6326075196266174, -0.040876440703868866)","(0.3578580319881439, 0.7518578767776489, 0.00338129629381001)","(0.35302644968032837, 0.7370339035987854, 0.05922389402985573)","(0.3489222824573517, 0.7005765438079834, 0.09385599195957184)","(0.320721834897995, 0.6375605463981628, -0.05201350152492523)","(0.3209775686264038, 0.7625787854194641, -0.01955878734588623)","(0.3205296993255615, 0.755509614944458, 0.028937585651874542)","(0.3200443983078003, 0.7237346172332764, 0.056351859122514725)","(0.28346696496009827, 0.6281224489212036, -0.050909124314785004)","(0.2843160629272461, 0.7473242282867432, -0.01629422977566719)","(0.2877615690231323, 0.7358729839324951, 0.03135889023542404)","(0.28998440504074097, 0.7039339542388916, 0.05795568227767944)","(0.25011566281318665, 0.6094480156898499, -0.04406600072979927)","(0.25089994072914124, 0.7023729085922241, -0.012999182567000389)","(0.25928008556365967, 0.6912670135498047, 0.021808531135320663)","(0.26379913091659546, 0.6571367979049683, 0.04649109020829201)",Grasp
1379,"(0.3083423674106598, 0.42214712500572205, -5.567699918174185e-05)","(0.35588333010673523, 0.4919564723968506, 0.045472778379917145)","(0.3702554702758789, 0.5715415477752686, 0.06008908897638321)","(0.35811173915863037, 0.6373842358589172, 0.07667436450719833)","(0.34105587005615234, 0.6742710471153259, 0.09426874667406082)","(0.3584834635257721, 0.633505642414093, -0.03994257375597954)","(0.35605084896087646, 0.7520925402641296, 0.0038764351047575474)","(0.3549134135246277, 0.7395506501197815, 0.05974471941590309)","(0.35272759199142456, 0.705817461013794, 0.09457674622535706)","(0.3197161555290222, 0.6381223797798157, -0.050851352512836456)","(0.3209479749202728, 0.7607467174530029, -0.016218720003962517)","(0.32303452491760254, 0.7509762644767761, 0.03235052898526192)","(0.3236757218837738, 0.7191566824913025, 0.05933765694499016)","(0.28367894887924194, 0.6286447644233704, -0.049494631588459015)","(0.2851126492023468, 0.7455666065216064, -0.013463464565575123)","(0.2898949086666107, 0.7317442297935486, 0.034701429307460785)","(0.2924722731113434, 0.6993887424468994, 0.06204262748360634)","(0.25121891498565674, 0.6103718280792236, -0.042794376611709595)","(0.2518104910850525, 0.7038180232048035, -0.012058419175446033)","(0.26084044575691223, 0.6931242942810059, 0.0225220937281847)","(0.26564422249794006, 0.659678041934967, 0.047261059284210205)",Grasp
1380,"(0.3097136914730072, 0.4239652752876282, -5.324337325873785e-05)","(0.3575611710548401, 0.49434447288513184, 0.04400407895445824)","(0.37002629041671753, 0.5773062109947205, 0.05953408405184746)","(0.3548179864883423, 0.6420518755912781, 0.07796583324670792)","(0.33581799268722534, 0.6748492121696472, 0.09837760776281357)","(0.3571734130382538, 0.637299656867981, -0.0429108552634716)","(0.35591384768486023, 0.7545191645622253, 0.003995575942099094)","(0.35585904121398926, 0.7337775826454163, 0.061875589191913605)","(0.3535941243171692, 0.6959783434867859, 0.09645657241344452)","(0.31710705161094666, 0.6413142681121826, -0.05157553404569626)","(0.31903985142707825, 0.762533962726593, -0.014637704938650131)","(0.32251882553100586, 0.7453964948654175, 0.03443187102675438)","(0.32317376136779785, 0.7104460597038269, 0.060297489166259766)","(0.2811090350151062, 0.6311213970184326, -0.04792411997914314)","(0.2827090322971344, 0.747148334980011, -0.010230885818600655)","(0.2891417145729065, 0.7290741801261902, 0.0369669534265995)","(0.29217690229415894, 0.6958125829696655, 0.06249508634209633)","(0.2496410310268402, 0.6123335361480713, -0.03876334801316261)","(0.25023794174194336, 0.702580988407135, -0.006421596743166447)","(0.260397732257843, 0.6884347200393677, 0.02788158878684044)","(0.26541993021965027, 0.6547459959983826, 0.051381513476371765)",Grasp
1381,"(0.3117300868034363, 0.42221391201019287, -6.16673132753931e-05)","(0.357652872800827, 0.4940509796142578, 0.04257206618785858)","(0.36903679370880127, 0.5748379826545715, 0.05777406319975853)","(0.3535156548023224, 0.6379421949386597, 0.07608950883150101)","(0.33507078886032104, 0.6700351238250732, 0.09674273431301117)","(0.3547455966472626, 0.6380050182342529, -0.04171702265739441)","(0.35367727279663086, 0.7536780834197998, 0.004305318929255009)","(0.3540275990962982, 0.7314695715904236, 0.06028212606906891)","(0.3517158329486847, 0.6942835450172424, 0.09318850189447403)","(0.31515640020370483, 0.6414691805839539, -0.04995444789528847)","(0.3173660337924957, 0.7602366805076599, -0.01410215999931097)","(0.32108575105667114, 0.7410494089126587, 0.032304547727108)","(0.3216269314289093, 0.7056436538696289, 0.05629851669073105)","(0.2796323001384735, 0.6299375891685486, -0.04585501179099083)","(0.2806864082813263, 0.7439389824867249, -0.009098527021706104)","(0.28729546070098877, 0.7244089841842651, 0.036959458142519)","(0.29043495655059814, 0.6903907060623169, 0.062376875430345535)","(0.24837034940719604, 0.6096846461296082, -0.036380257457494736)","(0.2464989721775055, 0.700298011302948, -0.005956582259386778)","(0.2567530572414398, 0.6865791082382202, 0.02663486637175083)","(0.2625097334384918, 0.6525562405586243, 0.049377553164958954)",Grasp
1382,"(0.31176960468292236, 0.4166761040687561, -6.258604844333604e-05)","(0.3580690622329712, 0.49365127086639404, 0.03980309143662453)","(0.36881574988365173, 0.5744197368621826, 0.051616497337818146)","(0.3523997962474823, 0.6389939785003662, 0.06729432940483093)","(0.33412981033325195, 0.675713062286377, 0.0852016732096672)","(0.3525615930557251, 0.637563943862915, -0.0464850552380085)","(0.3477907180786133, 0.7500123977661133, 8.845850970828906e-05)","(0.3473281264305115, 0.7237806916236877, 0.05433778464794159)","(0.3452603816986084, 0.6860566139221191, 0.08565869927406311)","(0.31269964575767517, 0.6385189294815063, -0.054336436092853546)","(0.3116035461425781, 0.7540788650512695, -0.015495790168642998)","(0.3148544728755951, 0.7334885001182556, 0.030423585325479507)","(0.31603458523750305, 0.697658896446228, 0.05279688537120819)","(0.27698278427124023, 0.6254799365997314, -0.049627747386693954)","(0.2753804922103882, 0.7365068793296814, -0.010397108271718025)","(0.2821916341781616, 0.7141265869140625, 0.03543839976191521)","(0.2863085865974426, 0.6782175898551941, 0.06032994017004967)","(0.24505342543125153, 0.6046889424324036, -0.0392097607254982)","(0.24029666185379028, 0.6991016864776611, -0.011067247949540615)","(0.2499312162399292, 0.6874346137046814, 0.02027740888297558)","(0.25596052408218384, 0.6536369919776917, 0.04242608696222305)",Grasp
1383,"(0.3094433844089508, 0.41601037979125977, -5.2188530389685184e-05)","(0.35392826795578003, 0.49735021591186523, 0.03663825988769531)","(0.36540964245796204, 0.585986852645874, 0.043976787477731705)","(0.35821419954299927, 0.6677412986755371, 0.053532157093286514)","(0.3558378517627716, 0.7265095710754395, 0.06399547308683395)","(0.3466993272304535, 0.6372261643409729, -0.03964131325483322)","(0.33840689063072205, 0.7511383295059204, 0.001870039850473404)","(0.3371395468711853, 0.729192852973938, 0.055451713502407074)","(0.3356954753398895, 0.6922721266746521, 0.08963210880756378)","(0.3094103932380676, 0.6368009448051453, -0.048724062740802765)","(0.30228477716445923, 0.7541317343711853, -0.01188904419541359)","(0.30566200613975525, 0.7336667776107788, 0.034687817096710205)","(0.30779749155044556, 0.6981948018074036, 0.05979005619883537)","(0.2745992839336395, 0.6215346455574036, -0.04664427414536476)","(0.2687135636806488, 0.7319101691246033, -0.010605808347463608)","(0.27452611923217773, 0.713020920753479, 0.03474994748830795)","(0.27816280722618103, 0.6784016489982605, 0.060401551425457)","(0.24212506413459778, 0.5982245206832886, -0.03946484252810478)","(0.23430541157722473, 0.6925325393676758, -0.012031889520585537)","(0.24285173416137695, 0.6858991384506226, 0.018784474581480026)","(0.24799901247024536, 0.6553100943565369, 0.04102198779582977)",Grasp
1384,"(0.3064801096916199, 0.4132426977157593, -5.115878957440145e-05)","(0.3520203232765198, 0.49806341528892517, 0.03398441523313522)","(0.364192396402359, 0.5882493257522583, 0.03881601616740227)","(0.36175966262817383, 0.6743496060371399, 0.04569396376609802)","(0.3696244955062866, 0.7408760190010071, 0.0529642328619957)","(0.341444730758667, 0.640447735786438, -0.03423956036567688)","(0.3331347703933716, 0.7499324679374695, 0.006662710104137659)","(0.332352876663208, 0.7333446741104126, 0.05982440710067749)","(0.3312356472015381, 0.7004826068878174, 0.09551951289176941)","(0.3044655919075012, 0.6400684714317322, -0.04240887984633446)","(0.2967413067817688, 0.7521165609359741, -0.00444936053827405)","(0.3008049726486206, 0.7335962057113647, 0.04361242428421974)","(0.3036867082118988, 0.7000716328620911, 0.07151973247528076)","(0.2702864706516266, 0.6234335899353027, -0.039984218776226044)","(0.2620965242385864, 0.7309309840202332, -0.004062903579324484)","(0.26745134592056274, 0.7127029299736023, 0.04088207706809044)","(0.27133122086524963, 0.6781669855117798, 0.06783302873373032)","(0.2383566051721573, 0.5977578163146973, -0.03294958546757698)","(0.22909978032112122, 0.6902523040771484, -0.005721685476601124)","(0.23803718388080597, 0.6846715807914734, 0.02526419796049595)","(0.24430429935455322, 0.6553353667259216, 0.0487799234688282)",Grasp
1385,"(0.3051518201828003, 0.4181191325187683, -6.034304897184484e-05)","(0.3517524003982544, 0.5008333325386047, 0.03964932635426521)","(0.3633853793144226, 0.5885109305381775, 0.04803760349750519)","(0.35864338278770447, 0.668942391872406, 0.058243874460458755)","(0.36140507459640503, 0.7295753359794617, 0.06870828568935394)","(0.34118565917015076, 0.6393902897834778, -0.03977968916296959)","(0.3379737436771393, 0.7520853281021118, 0.001977359876036644)","(0.33991527557373047, 0.7328313589096069, 0.05754762887954712)","(0.3388102054595947, 0.6987537145614624, 0.09384628385305405)","(0.3037271201610565, 0.640328049659729, -0.04845470190048218)","(0.30164071917533875, 0.755552351474762, -0.010942299850285053)","(0.3069823384284973, 0.732607364654541, 0.03839010000228882)","(0.3088512718677521, 0.6976275444030762, 0.06517456471920013)","(0.26920413970947266, 0.6249362230300903, -0.04458623751997948)","(0.2655511498451233, 0.7375820279121399, -0.007091326639056206)","(0.2726966142654419, 0.7179389595985413, 0.042380619794130325)","(0.27556800842285156, 0.6838581562042236, 0.0710887461900711)","(0.23780307173728943, 0.6008505821228027, -0.0360458604991436)","(0.23086287081241608, 0.694625973701477, -0.0034882323816418648)","(0.24128569662570953, 0.6840552091598511, 0.03258732706308365)","(0.24737468361854553, 0.6533105373382568, 0.05853201448917389)",Grasp
1386,"(0.30536407232284546, 0.4212428629398346, -4.404920764500275e-05)","(0.3499454855918884, 0.49913108348846436, 0.04859257861971855)","(0.3600139319896698, 0.5762919187545776, 0.06436339020729065)","(0.34936901926994324, 0.6401082277297974, 0.07913974672555923)","(0.3367752730846405, 0.6798624992370605, 0.09190444648265839)","(0.34670859575271606, 0.6400423049926758, -0.03431294485926628)","(0.3464035987854004, 0.7555233240127563, 0.003562943311408162)","(0.34447717666625977, 0.7550541758537292, 0.05955185368657112)","(0.3412041962146759, 0.7287589311599731, 0.0986599549651146)","(0.3077600300312042, 0.6419910788536072, -0.04578195884823799)","(0.3093176484107971, 0.7585365176200867, -0.010075652971863747)","(0.3107593357563019, 0.7449989318847656, 0.041070252656936646)","(0.3113870322704315, 0.7145898938179016, 0.07194726169109344)","(0.2724744379520416, 0.6279555559158325, -0.0444822832942009)","(0.2710145115852356, 0.7405591607093811, -0.007585920859128237)","(0.275765985250473, 0.7231273055076599, 0.04567471146583557)","(0.27924028038978577, 0.6909267902374268, 0.07803081721067429)","(0.24101360142230988, 0.6046311259269714, -0.038380611687898636)","(0.23595154285430908, 0.6989027857780457, -0.006312887649983168)","(0.24516279995441437, 0.6887984871864319, 0.03169091418385506)","(0.25148501992225647, 0.6564989686012268, 0.06102067604660988)",Grasp
1387,"(0.30747130513191223, 0.42429131269454956, -5.500348561326973e-05)","(0.351004034280777, 0.4970041513442993, 0.04682113975286484)","(0.3621518909931183, 0.5731105208396912, 0.06289379298686981)","(0.35009148716926575, 0.633893609046936, 0.07901166379451752)","(0.3331925868988037, 0.6668552160263062, 0.09494900703430176)","(0.348393052816391, 0.6419259309768677, -0.03228486329317093)","(0.3465230464935303, 0.7566592693328857, 0.003323039272800088)","(0.3446492552757263, 0.7588792443275452, 0.054783307015895844)","(0.3418677747249603, 0.7327778935432434, 0.08948570489883423)","(0.3091086447238922, 0.6443836092948914, -0.042751625180244446)","(0.30828428268432617, 0.7609118819236755, -0.010324392467737198)","(0.31054985523223877, 0.7474899888038635, 0.037100650370121)","(0.3127499222755432, 0.7145184278488159, 0.06515395641326904)","(0.2738545835018158, 0.6290361285209656, -0.04144905135035515)","(0.27042075991630554, 0.7403738498687744, -0.007490972988307476)","(0.27534234523773193, 0.7231491208076477, 0.041818082332611084)","(0.2802901268005371, 0.6907671689987183, 0.0716884434223175)","(0.2429584115743637, 0.6038747429847717, -0.035702820867300034)","(0.23765844106674194, 0.6928820610046387, -0.005646614357829094)","(0.24675409495830536, 0.6826637983322144, 0.029555952176451683)","(0.2539317309856415, 0.6510002017021179, 0.05635751783847809)",Grasp
1388,"(0.30694442987442017, 0.4236719608306885, -5.2509734814520925e-05)","(0.3511948883533478, 0.493560791015625, 0.045184116810560226)","(0.3626975417137146, 0.5682831406593323, 0.062016651034355164)","(0.3508797883987427, 0.6290099024772644, 0.07871570438146591)","(0.3347760736942291, 0.6642007231712341, 0.09591653943061829)","(0.34773463010787964, 0.6401114463806152, -0.029009507969021797)","(0.34597933292388916, 0.7513473033905029, 0.009858205914497375)","(0.3464227020740509, 0.7474656701087952, 0.061890941113233566)","(0.3441556990146637, 0.7201728224754333, 0.09565964341163635)","(0.30924826860427856, 0.6429362297058105, -0.03862966224551201)","(0.3091364800930023, 0.7586320638656616, -0.0036696798633784056)","(0.31303954124450684, 0.7436662912368774, 0.043878309428691864)","(0.314857542514801, 0.7099713087081909, 0.07205619663000107)","(0.27506986260414124, 0.6287919282913208, -0.03659140318632126)","(0.27227628231048584, 0.7380096912384033, -0.0013366229832172394)","(0.27852168679237366, 0.7203084230422974, 0.04690050706267357)","(0.2832353711128235, 0.6878919005393982, 0.0764843299984932)","(0.24532398581504822, 0.6056176424026489, -0.029925532639026642)","(0.24060003459453583, 0.6941172480583191, -0.0001905021199490875)","(0.24994173645973206, 0.6851264238357544, 0.03353090211749077)","(0.25697067379951477, 0.6548865437507629, 0.059628576040267944)",Grasp
1389,"(0.30993103981018066, 0.4264655113220215, -5.799233622383326e-05)","(0.3541570007801056, 0.49746763706207275, 0.04349352419376373)","(0.36542361974716187, 0.5748018026351929, 0.05861583352088928)","(0.3526705205440521, 0.6358712911605835, 0.07459525763988495)","(0.334933876991272, 0.6688520908355713, 0.0913625955581665)","(0.3502168655395508, 0.6410874724388123, -0.03745236620306969)","(0.3493610918521881, 0.7563271522521973, 0.0028401189483702183)","(0.34916505217552185, 0.7470292448997498, 0.05843726918101311)","(0.3462564945220947, 0.7140629887580872, 0.09366001933813095)","(0.31056126952171326, 0.6434916257858276, -0.04618971422314644)","(0.3116908073425293, 0.7603822350502014, -0.011616166681051254)","(0.31557777523994446, 0.7444879412651062, 0.03680401295423508)","(0.3174523413181305, 0.7108718752861023, 0.06414657086133957)","(0.2757647633552551, 0.6297559142112732, -0.04286051169037819)","(0.274754136800766, 0.7410702705383301, -0.007738523650914431)","(0.2812034785747528, 0.7230521440505981, 0.04066476970911026)","(0.2857244908809662, 0.6902593374252319, 0.06931690871715546)","(0.24583502113819122, 0.6075618863105774, -0.034833356738090515)","(0.24202194809913635, 0.6961955428123474, -0.005409764125943184)","(0.2519426941871643, 0.6852874755859375, 0.027934066951274872)","(0.259078711271286, 0.6528478860855103, 0.05300315096974373)",Grasp
1390,"(0.31258970499038696, 0.4304148554801941, -4.643048669095151e-05)","(0.35724523663520813, 0.5043870806694031, 0.04334142804145813)","(0.367562472820282, 0.5842475891113281, 0.05519434064626694)","(0.3522396385669708, 0.6463907957077026, 0.06942092627286911)","(0.33324164152145386, 0.6791852116584778, 0.08441262692213058)","(0.35389041900634766, 0.6449639201164246, -0.04951280727982521)","(0.3487253785133362, 0.7589592933654785, -0.006130601745098829)","(0.3464559316635132, 0.7407351136207581, 0.0489816851913929)","(0.3434354364871979, 0.7048414945602417, 0.08226257562637329)","(0.31372782588005066, 0.6457828879356384, -0.05869092047214508)","(0.31338268518447876, 0.7636389136314392, -0.021032223477959633)","(0.3151807188987732, 0.7443681955337524, 0.02766512893140316)","(0.3157464563846588, 0.70926833152771, 0.052442412823438644)","(0.27788111567497253, 0.6318488717079163, -0.05466580390930176)","(0.27677372097969055, 0.744078516960144, -0.01535864733159542)","(0.2821047902107239, 0.7221614122390747, 0.03310434892773628)","(0.28578832745552063, 0.6872857213020325, 0.058689817786216736)","(0.24669291079044342, 0.6096445322036743, -0.04549730569124222)","(0.2440657913684845, 0.6994425058364868, -0.012302493676543236)","(0.2537590563297272, 0.6851953268051147, 0.02231532335281372)","(0.2598342299461365, 0.6513545513153076, 0.0456496998667717)",Grasp
1391,"(0.3137076199054718, 0.43309783935546875, -4.2322761146351695e-05)","(0.3577004671096802, 0.5069583654403687, 0.043479785323143005)","(0.3681715428829193, 0.585767388343811, 0.05572136119008064)","(0.35380852222442627, 0.6468328237533569, 0.07050364464521408)","(0.3352494239807129, 0.6809474229812622, 0.08595587313175201)","(0.35545510053634644, 0.6458361744880676, -0.04829367995262146)","(0.3502845764160156, 0.760206937789917, -0.004387345165014267)","(0.34839320182800293, 0.7454019784927368, 0.052645243704319)","(0.3457188606262207, 0.7118130922317505, 0.0873221606016159)","(0.3155566453933716, 0.6472427248954773, -0.05731324851512909)","(0.3160383701324463, 0.7660364508628845, -0.020538879558444023)","(0.31826961040496826, 0.7480895519256592, 0.03105197101831436)","(0.31922781467437744, 0.7129732966423035, 0.05879903957247734)","(0.2795608639717102, 0.6338491439819336, -0.05320299416780472)","(0.27807486057281494, 0.7463408708572388, -0.01512286439538002)","(0.2834938168525696, 0.7253146171569824, 0.03529003635048866)","(0.28741350769996643, 0.6910220384597778, 0.06319528073072433)","(0.24772536754608154, 0.6117764711380005, -0.04421726614236832)","(0.2440788447856903, 0.6991168260574341, -0.0108407661318779)","(0.25350162386894226, 0.683991014957428, 0.024855727329850197)","(0.25993645191192627, 0.6503771543502808, 0.04942259564995766)",Grasp
1392,"(0.3136887550354004, 0.43437182903289795, -6.108632805990055e-05)","(0.3598761558532715, 0.5091568827629089, 0.04011046886444092)","(0.3703782856464386, 0.5908032655715942, 0.04924426227807999)","(0.35503482818603516, 0.6554927825927734, 0.062022615224123)","(0.33611440658569336, 0.6905437707901001, 0.07505679875612259)","(0.3565116226673126, 0.6457908749580383, -0.055385105311870575)","(0.35065266489982605, 0.7617526054382324, -0.010662466287612915)","(0.34899377822875977, 0.7423723340034485, 0.045707762241363525)","(0.3463742434978485, 0.7057780027389526, 0.07927758246660233)","(0.3157609701156616, 0.6473404169082642, -0.0631752535700798)","(0.31581246852874756, 0.7680200338363647, -0.025957247242331505)","(0.3182746171951294, 0.7493382692337036, 0.025039559230208397)","(0.31893759965896606, 0.7130628824234009, 0.0514068566262722)","(0.2792201638221741, 0.6339244842529297, -0.057975344359874725)","(0.2777518630027771, 0.7494245171546936, -0.019434403628110886)","(0.28372204303741455, 0.7285279631614685, 0.029788123443722725)","(0.28751084208488464, 0.6927184462547302, 0.05561808496713638)","(0.24759165942668915, 0.6114181280136108, -0.04758864641189575)","(0.24433216452598572, 0.7017114162445068, -0.013935508206486702)","(0.25436416268348694, 0.6871134638786316, 0.021108292043209076)","(0.2608517110347748, 0.6523873805999756, 0.04398481547832489)",Grasp
1393,"(0.312272310256958, 0.4364680051803589, -5.739068001275882e-05)","(0.3590908348560333, 0.5105477571487427, 0.03962976485490799)","(0.3714315891265869, 0.5927382111549377, 0.04819519445300102)","(0.3596653640270233, 0.6625155210494995, 0.0602988563477993)","(0.3444172143936157, 0.7042357921600342, 0.0722053050994873)","(0.35655486583709717, 0.649019181728363, -0.05214967578649521)","(0.3530113697052002, 0.7639420032501221, -0.007074804976582527)","(0.35196757316589355, 0.7442322373390198, 0.04970138147473335)","(0.34908759593963623, 0.708290159702301, 0.0836539939045906)","(0.31649917364120483, 0.6508610844612122, -0.06033587083220482)","(0.31863439083099365, 0.771149218082428, -0.022778578102588654)","(0.32192254066467285, 0.7517296671867371, 0.02818623185157776)","(0.32206812500953674, 0.7155001163482666, 0.054835084825754166)","(0.2801351845264435, 0.6369581818580627, -0.05553928390145302)","(0.2799564599990845, 0.7523645758628845, -0.017282141372561455)","(0.2862037122249603, 0.7318551540374756, 0.03251716494560242)","(0.28915685415267944, 0.696809709072113, 0.058907125145196915)","(0.24816754460334778, 0.6132934093475342, -0.04568355530500412)","(0.24539056420326233, 0.7044559717178345, -0.011654051952064037)","(0.25538918375968933, 0.6896246075630188, 0.024354001507163048)","(0.260739803314209, 0.6549599766731262, 0.04828152060508728)",Grasp
1394,"(0.3131260275840759, 0.4365882873535156, -4.69528058602009e-05)","(0.3588290214538574, 0.5100647211074829, 0.040587302297353745)","(0.3698081374168396, 0.5911703705787659, 0.05264795199036598)","(0.3559045195579529, 0.6553387641906738, 0.06758522242307663)","(0.339007169008255, 0.6915438771247864, 0.08388685435056686)","(0.3543166518211365, 0.6504777073860168, -0.04969066381454468)","(0.3553360104560852, 0.7643711566925049, -0.004643773660063744)","(0.3562760055065155, 0.7424827218055725, 0.052710067480802536)","(0.3534964621067047, 0.7057993412017822, 0.08680600672960281)","(0.31420594453811646, 0.6534566283226013, -0.05742194876074791)","(0.31924450397491455, 0.7713016867637634, -0.021520059555768967)","(0.3237026333808899, 0.7505237460136414, 0.028730224817991257)","(0.32394304871559143, 0.7141138911247253, 0.05552717298269272)","(0.27839404344558716, 0.640505313873291, -0.05225304141640663)","(0.2798403799533844, 0.7534523010253906, -0.015216856263577938)","(0.2868286967277527, 0.7320978045463562, 0.03422637656331062)","(0.2902044653892517, 0.697583794593811, 0.06147754192352295)","(0.24718540906906128, 0.6182610988616943, -0.04198392108082771)","(0.24539034068584442, 0.7069252133369446, -0.009388220496475697)","(0.25600671768188477, 0.6920668482780457, 0.025255994871258736)","(0.26236701011657715, 0.6579291224479675, 0.049159202724695206)",Grasp
1395,"(0.31303995847702026, 0.4388606548309326, -5.148632044438273e-05)","(0.35835516452789307, 0.5100468397140503, 0.045100413262844086)","(0.36891821026802063, 0.5888524651527405, 0.06166825816035271)","(0.35441839694976807, 0.6493804454803467, 0.0801343098282814)","(0.33729681372642517, 0.6811050772666931, 0.1004551574587822)","(0.3553429841995239, 0.6527741551399231, -0.03895477205514908)","(0.35356104373931885, 0.7647911310195923, 0.0073045543394982815)","(0.35395604372024536, 0.7463070750236511, 0.06588835269212723)","(0.3516082167625427, 0.7105945944786072, 0.10139546543359756)","(0.31490859389305115, 0.6559597849845886, -0.04666048660874367)","(0.31794431805610657, 0.7741305828094482, -0.008580618537962437)","(0.32192739844322205, 0.7541624307632446, 0.0433976948261261)","(0.3223966956138611, 0.7178448438644409, 0.0715431272983551)","(0.279101699590683, 0.6428349018096924, -0.04161829128861427)","(0.2801993191242218, 0.7562869787216187, -0.004064583219587803)","(0.2868920862674713, 0.7363885641098022, 0.04705032706260681)","(0.29001346230506897, 0.7026786208152771, 0.07646171003580093)","(0.24815307557582855, 0.62059485912323, -0.03151153773069382)","(0.24641108512878418, 0.7086619734764099, 0.001610724488273263)","(0.256889671087265, 0.6940947771072388, 0.03801247105002403)","(0.26305392384529114, 0.6608089804649353, 0.06416545063257217)",Grasp
1396,"(0.31198886036872864, 0.43921563029289246, -4.914111195830628e-05)","(0.35707178711891174, 0.510004997253418, 0.04182744398713112)","(0.3685603141784668, 0.5877987742424011, 0.05576493591070175)","(0.3547692894935608, 0.6493098139762878, 0.07222405821084976)","(0.3365117311477661, 0.6829937696456909, 0.09151134639978409)","(0.3556324243545532, 0.6489937901496887, -0.04404177516698837)","(0.3557738661766052, 0.7618301510810852, 1.466517733206274e-05)","(0.35538724064826965, 0.7454622983932495, 0.057121627032756805)","(0.3520691692829132, 0.7097072005271912, 0.0915813222527504)","(0.3149177134037018, 0.6535552740097046, -0.05086649954319)","(0.3182099759578705, 0.775578498840332, -0.01790742762386799)","(0.3219735026359558, 0.7595729827880859, 0.03168080002069473)","(0.32250314950942993, 0.723377525806427, 0.05977630242705345)","(0.278676837682724, 0.6414546370506287, -0.04521704837679863)","(0.2789372503757477, 0.7562146186828613, -0.010248607955873013)","(0.286030113697052, 0.737632691860199, 0.03968629986047745)","(0.29015132784843445, 0.7034472227096558, 0.06877624243497849)","(0.2472936064004898, 0.6199825406074524, -0.03453837335109711)","(0.2441616803407669, 0.7083641886711121, -0.003099645022302866)","(0.2546142339706421, 0.6952505111694336, 0.03135696426033974)","(0.26169395446777344, 0.661386251449585, 0.05663852021098137)",Grasp
1397,"(0.3081554174423218, 0.4340631663799286, -4.9226295232074335e-05)","(0.3558591604232788, 0.5052870512008667, 0.03482193127274513)","(0.369499146938324, 0.58608478307724, 0.04323313757777214)","(0.3562261164188385, 0.6535636186599731, 0.056438006460666656)","(0.33719393610954285, 0.691389799118042, 0.07246676087379456)","(0.3555009961128235, 0.6401569843292236, -0.060976676642894745)","(0.35675308108329773, 0.7578228712081909, -0.019805654883384705)","(0.3553891181945801, 0.7434663772583008, 0.03724619746208191)","(0.35046523809432983, 0.7080295085906982, 0.07194282859563828)","(0.3138629198074341, 0.6444793343544006, -0.06639690697193146)","(0.31870728731155396, 0.7717055082321167, -0.03724251687526703)","(0.3222869336605072, 0.7648398876190186, 0.012473193928599358)","(0.3215724229812622, 0.7317955493927002, 0.041409701108932495)","(0.27667656540870667, 0.6344057321548462, -0.05903710424900055)","(0.278744101524353, 0.7526480555534363, -0.024845831096172333)","(0.28659573197364807, 0.7387108206748962, 0.025129761546850204)","(0.2906669080257416, 0.7040104866027832, 0.05304419621825218)","(0.24456936120986938, 0.6156653761863708, -0.04671492427587509)","(0.24340853095054626, 0.7061735987663269, -0.015245907939970493)","(0.25501883029937744, 0.6957308053970337, 0.018978409469127655)","(0.262363076210022, 0.661747932434082, 0.04350981488823891)",Grasp
1398,"(0.30670619010925293, 0.42561253905296326, -5.8525143685983494e-05)","(0.35408028960227966, 0.4965240955352783, 0.029681427404284477)","(0.3693513870239258, 0.5767631530761719, 0.033444471657276154)","(0.35933956503868103, 0.6495733857154846, 0.04237879812717438)","(0.3403223752975464, 0.6920356154441833, 0.053860537707805634)","(0.3538859486579895, 0.6286020874977112, -0.06740608811378479)","(0.35822582244873047, 0.7491771578788757, -0.028968041762709618)","(0.3582499027252197, 0.7360110878944397, 0.027086470276117325)","(0.3535788953304291, 0.7021698355674744, 0.06163255125284195)","(0.31243613362312317, 0.6333038806915283, -0.0725276991724968)","(0.31932058930397034, 0.7650028467178345, -0.046173952519893646)","(0.3250320255756378, 0.7623407244682312, 0.0032402854412794113)","(0.3251417577266693, 0.731874942779541, 0.032481662929058075)","(0.2752164602279663, 0.6235479116439819, -0.0653601735830307)","(0.2790835499763489, 0.7445930242538452, -0.03196944296360016)","(0.2886998653411865, 0.7312783002853394, 0.019588135182857513)","(0.2938033938407898, 0.6959404945373535, 0.048506803810596466)","(0.24289700388908386, 0.6051039695739746, -0.05348706245422363)","(0.24108171463012695, 0.7013868093490601, -0.024795779958367348)","(0.2531270384788513, 0.6955580115318298, 0.008863638155162334)","(0.2612466812133789, 0.6626825332641602, 0.03297019749879837)",Grasp
1399,"(0.30201980471611023, 0.41248905658721924, -7.124891271814704e-05)","(0.3524087071418762, 0.4891852140426636, 0.022676151245832443)","(0.36998462677001953, 0.5785596370697021, 0.021722910925745964)","(0.36305147409439087, 0.6616157293319702, 0.02782602235674858)","(0.3500882387161255, 0.7142131924629211, 0.035162314772605896)","(0.34876763820648193, 0.6205920577049255, -0.07281316071748734)","(0.35104450583457947, 0.7427331805229187, -0.035477954894304276)","(0.3545001149177551, 0.7252312898635864, 0.016579298302531242)","(0.35310983657836914, 0.691827654838562, 0.047704171389341354)","(0.3079701066017151, 0.6236473917961121, -0.07556138187646866)","(0.31582605838775635, 0.7503404021263123, -0.04173639416694641)","(0.3249635696411133, 0.7404341697692871, 0.008189394138753414)","(0.32666289806365967, 0.7094250321388245, 0.033908694982528687)","(0.2719337046146393, 0.6146722435951233, -0.06746155768632889)","(0.27903860807418823, 0.7298331260681152, -0.029365453869104385)","(0.2901017367839813, 0.7102646231651306, 0.01968708075582981)","(0.293629914522171, 0.6727411150932312, 0.043989039957523346)","(0.24003545939922333, 0.5991939902305603, -0.0554778091609478)","(0.2423522174358368, 0.6949023604393005, -0.02525719814002514)","(0.25459688901901245, 0.6838294863700867, 0.0075590950436890125)","(0.25903066992759705, 0.6488621830940247, 0.02833116240799427)",Grasp
1400,"(0.2983618378639221, 0.39337146282196045, -7.888752588769421e-05)","(0.3508022427558899, 0.475352942943573, 0.0174307469278574)","(0.3684943616390228, 0.5680167078971863, 0.016669433563947678)","(0.3664044737815857, 0.657627522945404, 0.023192161694169044)","(0.36523905396461487, 0.7195379137992859, 0.028896715492010117)","(0.335926353931427, 0.6151608228683472, -0.057513508945703506)","(0.33935126662254333, 0.7294769287109375, -0.013120868243277073)","(0.3479363024234772, 0.6961749792098999, 0.03801807016134262)","(0.34795868396759033, 0.6585114002227783, 0.06731870025396347)","(0.29764994978904724, 0.615446925163269, -0.05551571398973465)","(0.30742546916007996, 0.7253183126449585, -0.006701953709125519)","(0.3194149136543274, 0.6975852251052856, 0.03932596370577812)","(0.3185628056526184, 0.6603763699531555, 0.05779707431793213)","(0.26561596989631653, 0.6049709916114807, -0.043611571192741394)","(0.27624112367630005, 0.7094457149505615, 0.00013029377441853285)","(0.2885649502277374, 0.6853387355804443, 0.04178907722234726)","(0.28895068168640137, 0.6478609442710876, 0.05905846133828163)","(0.23753955960273743, 0.5902369618415833, -0.027532173320651054)","(0.24211451411247253, 0.6842026710510254, 0.00149547029286623)","(0.2550700008869171, 0.6721184849739075, 0.029224198311567307)","(0.2578679025173187, 0.6362408995628357, 0.04633451625704765)",Grasp
1401,"(0.29186540842056274, 0.3792250156402588, -5.555199822993018e-05)","(0.34575724601745605, 0.4570344090461731, 0.01521362829953432)","(0.36419448256492615, 0.5498338341712952, 0.018191514536738396)","(0.36185264587402344, 0.6375136375427246, 0.029499294236302376)","(0.35981014370918274, 0.693845808506012, 0.04147937148809433)","(0.32749009132385254, 0.6065015196800232, -0.053373947739601135)","(0.33574146032333374, 0.7140015363693237, -0.009173338301479816)","(0.3479117155075073, 0.6796228289604187, 0.038472145795822144)","(0.34893906116485596, 0.6402977108955383, 0.06397487223148346)","(0.29044100642204285, 0.6080139875411987, -0.04892176389694214)","(0.30616647005081177, 0.7117633819580078, -0.001412097131833434)","(0.32077497243881226, 0.6818009614944458, 0.03872830420732498)","(0.32025977969169617, 0.6423439979553223, 0.05312998965382576)","(0.26049157977104187, 0.5976101756095886, -0.03489498049020767)","(0.27548080682754517, 0.6964653134346008, 0.006540463771671057)","(0.2898695170879364, 0.6715399622917175, 0.04291243478655815)","(0.2904965579509735, 0.6333972811698914, 0.057709917426109314)","(0.23495525121688843, 0.5823702812194824, -0.016499197110533714)","(0.24096888303756714, 0.6722837090492249, 0.011543131433427334)","(0.25463318824768066, 0.6585577130317688, 0.03743286430835724)","(0.25697198510169983, 0.6221575140953064, 0.05476418882608414)",Grasp
1402,"(0.29045116901397705, 0.3707284927368164, -4.924785389448516e-05)","(0.3415098190307617, 0.44496095180511475, 0.00637019844725728)","(0.3569507300853729, 0.5396424531936646, 0.0133604034781456)","(0.3563632667064667, 0.6272222399711609, 0.02786407060921192)","(0.3605048656463623, 0.6890797019004822, 0.04060905799269676)","(0.3148173689842224, 0.601597785949707, -0.04153155907988548)","(0.31744956970214844, 0.7112770080566406, -0.006470697931945324)","(0.33523333072662354, 0.714475154876709, 0.038674674928188324)","(0.3449796736240387, 0.6955376863479614, 0.0705936849117279)","(0.27934375405311584, 0.6004070043563843, -0.02880336530506611)","(0.2906474173069, 0.7038301825523376, 0.018297554925084114)","(0.31194162368774414, 0.685081958770752, 0.06121212989091873)","(0.31898483633995056, 0.6531221866607666, 0.08487585186958313)","(0.25276219844818115, 0.5883110761642456, -0.00803371425718069)","(0.2640177011489868, 0.6794744729995728, 0.03231630101799965)","(0.28356418013572693, 0.6629040241241455, 0.06968817114830017)","(0.29033809900283813, 0.6343331933021545, 0.08978740125894547)","(0.23200777173042297, 0.5706453919410706, 0.014806139282882214)","(0.23525282740592957, 0.6533072590827942, 0.04335127770900726)","(0.25138750672340393, 0.6487131714820862, 0.07076798379421234)","(0.2586495578289032, 0.6220555305480957, 0.09311515092849731)",Grasp
1403,"(0.28491124510765076, 0.3574466109275818, -4.948282730765641e-05)","(0.3368692994117737, 0.42703956365585327, 0.0013677584938704967)","(0.3527012765407562, 0.5236242413520813, 0.0035740190651267767)","(0.35222265124320984, 0.6176414489746094, 0.014442664571106434)","(0.3586743175983429, 0.6892868280410767, 0.025079721584916115)","(0.3113589584827423, 0.5857650637626648, -0.049817126244306564)","(0.31705546379089355, 0.6969924569129944, -0.02605113573372364)","(0.3318386971950531, 0.7311325073242188, 0.01264058705419302)","(0.3423120379447937, 0.7520887851715088, 0.04360093176364899)","(0.27411386370658875, 0.5876672267913818, -0.03391424939036369)","(0.28713440895080566, 0.6962783932685852, 0.009267755784094334)","(0.30859148502349854, 0.6821981072425842, 0.05393362045288086)","(0.3179839551448822, 0.6565454602241516, 0.07949576526880264)","(0.24779154360294342, 0.5774921178817749, -0.009921343997120857)","(0.2599138021469116, 0.675104022026062, 0.028146633878350258)","(0.2799701392650604, 0.6633145213127136, 0.06657329946756363)","(0.2880440950393677, 0.6374173760414124, 0.08839136362075806)","(0.22895723581314087, 0.5595957040786743, 0.015570070594549179)","(0.2318967878818512, 0.6481032967567444, 0.041766561567783356)","(0.24862654507160187, 0.6464956402778625, 0.06853308528661728)","(0.2572953701019287, 0.6195342540740967, 0.09018298238515854)",Grasp
1404,"(0.2765214443206787, 0.3443615734577179, -4.390025060274638e-05)","(0.3314639925956726, 0.4113415479660034, -0.0014052035985514522)","(0.3487337827682495, 0.509373664855957, -0.0023569639306515455)","(0.34930774569511414, 0.6072598099708557, 0.005398251116275787)","(0.35626864433288574, 0.6773241758346558, 0.012084239162504673)","(0.30894869565963745, 0.564309298992157, -0.06368663907051086)","(0.3223915994167328, 0.6806882619857788, -0.05271738022565842)","(0.333840548992157, 0.7361714243888855, -0.030402570962905884)","(0.34024614095687866, 0.7794093489646912, -0.010598471388220787)","(0.27138251066207886, 0.5714263319969177, -0.0472283735871315)","(0.2912571430206299, 0.6844831705093384, -0.002440660959109664)","(0.30943378806114197, 0.6606354713439941, 0.043895937502384186)","(0.31370219588279724, 0.6259346604347229, 0.06689416617155075)","(0.2438725382089615, 0.5664795637130737, -0.023266030475497246)","(0.26248252391815186, 0.6660600304603577, 0.01561705395579338)","(0.28155994415283203, 0.6439401507377625, 0.05370430275797844)","(0.2855859696865082, 0.6105710864067078, 0.07317443192005157)","(0.22308160364627838, 0.5536568760871887, 0.0020296352449804544)","(0.23223911225795746, 0.6460867524147034, 0.02892501838505268)","(0.24890705943107605, 0.6348924040794373, 0.058005787432193756)","(0.25429463386535645, 0.5996193289756775, 0.07729219645261765)",Grasp
1405,"(0.27566444873809814, 0.326633095741272, -2.492509884177707e-05)","(0.3292043209075928, 0.3914126753807068, -0.004601793363690376)","(0.34842973947525024, 0.48766857385635376, -0.008344365283846855)","(0.34901994466781616, 0.5842238664627075, -0.004248268902301788)","(0.3553652763366699, 0.657349705696106, 0.001301296753808856)","(0.3077220320701599, 0.5441040992736816, -0.06639773398637772)","(0.32482534646987915, 0.6603246331214905, -0.0462203174829483)","(0.3422429859638214, 0.6943277716636658, -0.007762935012578964)","(0.353138267993927, 0.715237021446228, 0.023809056729078293)","(0.2706899642944336, 0.5527018308639526, -0.049954526126384735)","(0.2949507236480713, 0.6661033630371094, -0.010082058608531952)","(0.31434163451194763, 0.6473470330238342, 0.03541778400540352)","(0.3188786506652832, 0.6182807087898254, 0.06078759953379631)","(0.2432132363319397, 0.5475338101387024, -0.02541414648294449)","(0.26652559638023376, 0.6486064791679382, 0.01051234733313322)","(0.2851337194442749, 0.628829836845398, 0.04915151745080948)","(0.2885294258594513, 0.5992584228515625, 0.07137215882539749)","(0.2218123972415924, 0.5337824821472168, 0.0005338299088180065)","(0.23363567888736725, 0.6250057220458984, 0.024178212508559227)","(0.2501722276210785, 0.6162827610969543, 0.050785697996616364)","(0.2549211382865906, 0.5845807194709778, 0.07116102427244186)",Move
1406,"(0.2745313048362732, 0.30318483710289, -4.0507289668312296e-05)","(0.32898232340812683, 0.37257522344589233, -0.0016916170716285706)","(0.3476952910423279, 0.4632035195827484, -0.003956613130867481)","(0.34769266843795776, 0.5555609464645386, 0.002835504710674286)","(0.34966379404067993, 0.6185107231140137, 0.012666698545217514)","(0.30445677042007446, 0.5145823955535889, -0.07024574279785156)","(0.32570600509643555, 0.633078932762146, -0.044483721256256104)","(0.34376898407936096, 0.649906575679779, -0.002459536772221327)","(0.3519420921802521, 0.6488909125328064, 0.029031382873654366)","(0.267845094203949, 0.5244628190994263, -0.05458516627550125)","(0.2959263026714325, 0.6352980136871338, -0.015482029877603054)","(0.3150232136249542, 0.6123708486557007, 0.02732112817466259)","(0.3160885274410248, 0.5803583264350891, 0.04748455435037613)","(0.2401932030916214, 0.5202596783638, -0.029924843460321426)","(0.26580920815467834, 0.6239084601402283, 0.005944475531578064)","(0.2847749590873718, 0.600486695766449, 0.0427606999874115)","(0.28581348061561584, 0.5672763586044312, 0.06254889816045761)","(0.21837252378463745, 0.5081112384796143, -0.003149711061269045)","(0.23148056864738464, 0.6009814739227295, 0.02042980119585991)","(0.24819213151931763, 0.5894995331764221, 0.04565512388944626)","(0.25074103474617004, 0.5557621121406555, 0.06423354893922806)",Move
1407,"(0.27395519614219666, 0.27862751483917236, -3.325505895190872e-05)","(0.3267042636871338, 0.33953428268432617, -0.014301291666924953)","(0.34576180577278137, 0.43429914116859436, -0.02368195913732052)","(0.3458424508571625, 0.528611421585083, -0.02286546677350998)","(0.3502003848552704, 0.5977683067321777, -0.018778134137392044)","(0.29723453521728516, 0.47917407751083374, -0.08551665395498276)","(0.32009008526802063, 0.6014562845230103, -0.06684966385364532)","(0.3401338458061218, 0.6280425786972046, -0.02554275654256344)","(0.3516278564929962, 0.6338256597518921, 0.007740555331110954)","(0.2608472406864166, 0.48883798718452454, -0.06540055572986603)","(0.29237449169158936, 0.6051546335220337, -0.032770298421382904)","(0.3148469924926758, 0.5940706729888916, 0.012936961837112904)","(0.32099369168281555, 0.5702459812164307, 0.037242308259010315)","(0.2347651720046997, 0.48674455285072327, -0.038447726517915726)","(0.2647320330142975, 0.5888869166374207, -0.004391972906887531)","(0.28596675395965576, 0.5693513751029968, 0.03210611641407013)","(0.29058322310447693, 0.542218804359436, 0.051917217671871185)","(0.21521234512329102, 0.4770255386829376, -0.010615834034979343)","(0.23373658955097198, 0.5677046775817871, 0.014402754604816437)","(0.2507527768611908, 0.5568617582321167, 0.03793836012482643)","(0.25455546379089355, 0.5258863568305969, 0.0531868077814579)",Move
1408,"(0.2748637795448303, 0.2498040646314621, -7.049204577924684e-05)","(0.3233591318130493, 0.3003096282482147, -0.019249847158789635)","(0.33966758847236633, 0.3971135914325714, -0.023014912381768227)","(0.34045544266700745, 0.4891900420188904, -0.015446084551513195)","(0.3487926125526428, 0.5541279315948486, -0.00988807063549757)","(0.2868792712688446, 0.44677025079727173, -0.08073154091835022)","(0.309432715177536, 0.5551760792732239, -0.06890928745269775)","(0.3317069411277771, 0.5922003984451294, -0.04077959060668945)","(0.35043132305145264, 0.6137995719909668, -0.018292130902409554)","(0.2519531548023224, 0.4552813172340393, -0.05632646009325981)","(0.284138947725296, 0.5606192946434021, -0.026931313797831535)","(0.310996413230896, 0.5641260743141174, 0.011874889954924583)","(0.32606083154678345, 0.5507701635360718, 0.033727820962667465)","(0.2288176566362381, 0.45148202776908875, -0.025435272604227066)","(0.25974372029304504, 0.5444773435592651, 0.001137562794610858)","(0.28580614924430847, 0.5400700569152832, 0.0313120037317276)","(0.2997129261493683, 0.5194751620292664, 0.05026446655392647)","(0.2131514698266983, 0.43984830379486084, 0.004882982932031155)","(0.23144397139549255, 0.5242785811424255, 0.02569170854985714)","(0.2528582513332367, 0.5289568305015564, 0.04553347826004028)","(0.26695966720581055, 0.5100719332695007, 0.060587164014577866)",Move
1409,"(0.26686182618141174, 0.21797800064086914, -6.337251397781074e-05)","(0.3164089024066925, 0.26336830854415894, -0.024630101397633553)","(0.3336983621120453, 0.3599192202091217, -0.032896362245082855)","(0.3364209532737732, 0.4498952627182007, -0.02803136594593525)","(0.3484346270561218, 0.512700080871582, -0.025689084082841873)","(0.2792336642742157, 0.40279537439346313, -0.09201536327600479)","(0.30575260519981384, 0.5165002346038818, -0.08331900089979172)","(0.3313889503479004, 0.5501728057861328, -0.05447790026664734)","(0.3503292202949524, 0.5658161640167236, -0.029743896797299385)","(0.2460460066795349, 0.41103148460388184, -0.06597454845905304)","(0.2845904529094696, 0.5226211547851562, -0.05038582906126976)","(0.31600067019462585, 0.5385085940361023, -0.014235428534448147)","(0.33443084359169006, 0.5331845283508301, 0.008589467033743858)","(0.22510366141796112, 0.4072346091270447, -0.03429367393255234)","(0.2596924304962158, 0.5057346224784851, -0.01599065773189068)","(0.2906357944011688, 0.5071374177932739, 0.010459821671247482)","(0.30894818902015686, 0.4896858036518097, 0.028938833624124527)","(0.21177425980567932, 0.3972410261631012, -0.0029677795246243477)","(0.23572447896003723, 0.4834831655025482, 0.01627355068922043)","(0.26114562153816223, 0.491039514541626, 0.03389734774827957)","(0.27802640199661255, 0.4758654236793518, 0.047517094761133194)",Move
1410,"(0.26327958703041077, 0.18417459726333618, -5.0684833695413545e-05)","(0.3129570782184601, 0.220241516828537, -0.03135883808135986)","(0.3300354480743408, 0.3120555281639099, -0.04727805405855179)","(0.3309575319290161, 0.4003337323665619, -0.050141237676143646)","(0.33947306871414185, 0.4659463167190552, -0.05209525302052498)","(0.2779315412044525, 0.357949823141098, -0.09493668377399445)","(0.3068549633026123, 0.4700377583503723, -0.09121685475111008)","(0.33055049180984497, 0.5011789798736572, -0.0670497938990593)","(0.34601646661758423, 0.5135114192962646, -0.04558468610048294)","(0.24519722163677216, 0.36914771795272827, -0.06910233944654465)","(0.2827974557876587, 0.4860914349555969, -0.06615340709686279)","(0.3136765658855438, 0.5082601308822632, -0.03666157275438309)","(0.33134397864341736, 0.5067656636238098, -0.014017472974956036)","(0.22486576437950134, 0.36638572812080383, -0.038314033299684525)","(0.25845372676849365, 0.4710009694099426, -0.02761274017393589)","(0.2895132303237915, 0.4751792550086975, -0.002412775531411171)","(0.30807414650917053, 0.4577009677886963, 0.016504386439919472)","(0.21203257143497467, 0.3557937443256378, -0.008299482055008411)","(0.23546850681304932, 0.4423518776893616, 0.007323116529732943)","(0.2616124749183655, 0.45044612884521484, 0.02388954907655716)","(0.2791580855846405, 0.4348924458026886, 0.03697222098708153)",Move
1411,"(0.26235145330429077, 0.15280728042125702, -6.297806248767301e-05)","(0.3078710436820984, 0.18516843020915985, -0.042041145265102386)","(0.32579007744789124, 0.2731586992740631, -0.061347730457782745)","(0.33093076944351196, 0.3571412265300751, -0.06263411790132523)","(0.34403184056282043, 0.416359007358551, -0.06098034605383873)","(0.2688935697078705, 0.31987297534942627, -0.11652939021587372)","(0.3067132234573364, 0.4310951232910156, -0.11908949911594391)","(0.3347145915031433, 0.4563920497894287, -0.09595631062984467)","(0.3530186116695404, 0.46530959010124207, -0.07338268309831619)","(0.2380201518535614, 0.33423668146133423, -0.08754611760377884)","(0.28046202659606934, 0.453878790140152, -0.0981857031583786)","(0.31524360179901123, 0.46905869245529175, -0.07045438140630722)","(0.33609795570373535, 0.46226808428764343, -0.045516375452280045)","(0.2211609035730362, 0.33369898796081543, -0.0536927692592144)","(0.2556203007698059, 0.4446548521518707, -0.058582935482263565)","(0.2894434630870819, 0.4589383006095886, -0.03814474493265152)","(0.31327182054519653, 0.4496234059333801, -0.01786455325782299)","(0.2119440883398056, 0.32539400458335876, -0.021351797506213188)","(0.23808801174163818, 0.4140298068523407, -0.018185261636972427)","(0.26712822914123535, 0.43313512206077576, -0.007082546129822731)","(0.2887078821659088, 0.429113507270813, 0.005248300731182098)",Move
1412,"(0.25639763474464417, 0.12014016509056091, -6.62622187519446e-05)","(0.30263516306877136, 0.15319181978702545, -0.0362512581050396)","(0.3210628926753998, 0.23885120451450348, -0.048991426825523376)","(0.3280264437198639, 0.31916528940200806, -0.0452830046415329)","(0.3422181010246277, 0.37830650806427, -0.03857216238975525)","(0.26430830359458923, 0.28512442111968994, -0.09800492227077484)","(0.29794085025787354, 0.3831867575645447, -0.0947042778134346)","(0.32545432448387146, 0.40752288699150085, -0.07319753617048264)","(0.3426886200904846, 0.41687721014022827, -0.05493929609656334)","(0.23268847167491913, 0.2991887331008911, -0.07091774046421051)","(0.26263344287872314, 0.4106505215167999, -0.07134470343589783)","(0.2968124747276306, 0.41953110694885254, -0.0424158051609993)","(0.3186028301715851, 0.40887176990509033, -0.019330231472849846)","(0.21619582176208496, 0.29775214195251465, -0.03809434920549393)","(0.23847118020057678, 0.4022306501865387, -0.036734625697135925)","(0.27133896946907043, 0.4132751226425171, -0.01911919377744198)","(0.2954513132572174, 0.4060755968093872, -0.004724441561847925)","(0.20877280831336975, 0.2879432439804077, -0.0070734950713813305)","(0.22679723799228668, 0.3704262971878052, 0.0009454434621147811)","(0.2538163959980011, 0.3862835168838501, 0.010659650899469852)","(0.27541688084602356, 0.3835153579711914, 0.020243316888809204)",Move
1413,"(0.2545076608657837, 0.09088064730167389, -4.5172026148065925e-05)","(0.2980315387248993, 0.12188151478767395, -0.034993138164281845)","(0.31650590896606445, 0.21114854514598846, -0.04550175741314888)","(0.32457903027534485, 0.2940482199192047, -0.039494019001722336)","(0.3422499895095825, 0.35067957639694214, -0.0327032096683979)","(0.2581355571746826, 0.25951704382896423, -0.08141954988241196)","(0.29303663969039917, 0.35815179347991943, -0.07908682525157928)","(0.32007262110710144, 0.38310250639915466, -0.0628838986158371)","(0.3380642831325531, 0.3961579203605652, -0.04894549772143364)","(0.2302868366241455, 0.27131232619285583, -0.05419142544269562)","(0.2683398723602295, 0.3784618675708771, -0.053949691355228424)","(0.30215969681739807, 0.38628679513931274, -0.030972788110375404)","(0.32323598861694336, 0.3792537748813629, -0.011940394528210163)","(0.2160649597644806, 0.268401563167572, -0.02292122319340706)","(0.24658603966236115, 0.36746010184288025, -0.022144166752696037)","(0.2788439393043518, 0.3759285807609558, -0.00924789346754551)","(0.30196473002433777, 0.36582207679748535, 0.0037166280671954155)","(0.20948249101638794, 0.2590976655483246, 0.006450676824897528)","(0.2306363880634308, 0.33680152893066406, 0.011690845713019371)","(0.25682392716407776, 0.35476699471473694, 0.016626331955194473)","(0.2777073383331299, 0.3530786633491516, 0.023694584146142006)",Move
1414,"(0.2544112503528595, 0.06798635423183441, -2.8883461709483527e-05)","(0.2956886887550354, 0.0998777449131012, -0.032720744609832764)","(0.3136987090110779, 0.18711483478546143, -0.04177425429224968)","(0.32331544160842896, 0.26733505725860596, -0.03513355925679207)","(0.3394516706466675, 0.32270675897598267, -0.02804006263613701)","(0.2564219534397125, 0.23703554272651672, -0.0738353282213211)","(0.2906934320926666, 0.3355887234210968, -0.06804224103689194)","(0.3176001310348511, 0.35992753505706787, -0.04977835714817047)","(0.3368074893951416, 0.3736177682876587, -0.03348438814282417)","(0.2287381887435913, 0.2474023699760437, -0.046207983046770096)","(0.26798737049102783, 0.3512147068977356, -0.042444050312042236)","(0.3009033203125, 0.36159059405326843, -0.018563300371170044)","(0.3223366141319275, 0.35823383927345276, 6.316294457064942e-05)","(0.21533814072608948, 0.2436075508594513, -0.014601250179111958)","(0.2484739124774933, 0.3390584886074066, -0.011110402643680573)","(0.27958425879478455, 0.34784483909606934, 0.0031809741631150246)","(0.3029637932777405, 0.33869314193725586, 0.01789468340575695)","(0.21029464900493622, 0.2353324592113495, 0.014710718765854836)","(0.23425298929214478, 0.3101729452610016, 0.022270487621426582)","(0.2594341039657593, 0.3290763795375824, 0.028565384447574615)","(0.27989664673805237, 0.32816147804260254, 0.03625643625855446)",Move
1415,"(0.25754183530807495, 0.053195565938949585, -2.9872546292608604e-05)","(0.29793068766593933, 0.08563795685768127, -0.03422727435827255)","(0.314850389957428, 0.16966179013252258, -0.044255297631025314)","(0.3225135803222656, 0.24979440867900848, -0.038719292730093)","(0.33464738726615906, 0.3104691505432129, -0.030610064044594765)","(0.2551552355289459, 0.21424245834350586, -0.07070441544055939)","(0.2882236838340759, 0.31256693601608276, -0.06600027531385422)","(0.3144218325614929, 0.3422410488128662, -0.04892978444695473)","(0.3343932628631592, 0.3602953851222992, -0.034312035888433456)","(0.22857311367988586, 0.22623269259929657, -0.042265575379133224)","(0.2675950825214386, 0.3313954770565033, -0.037217650562524796)","(0.29978516697883606, 0.34582608938217163, -0.014029922895133495)","(0.32097679376602173, 0.34604400396347046, 0.003675393760204315)","(0.21649521589279175, 0.2251013219356537, -0.010751035064458847)","(0.24976356327533722, 0.3213307857513428, -0.007266170345246792)","(0.27997374534606934, 0.3318444490432739, 0.0077033634297549725)","(0.3031574487686157, 0.3255748748779297, 0.02321275882422924)","(0.2130671888589859, 0.2196747213602066, 0.018050525337457657)","(0.23731470108032227, 0.2945513427257538, 0.024978268891572952)","(0.26123952865600586, 0.31381386518478394, 0.03125273808836937)","(0.28108519315719604, 0.3144819140434265, 0.03935769572854042)",Move
1416,"(0.2583114504814148, 0.04314833879470825, -3.2885000109672546e-05)","(0.30043184757232666, 0.0774618536233902, -0.03282779082655907)","(0.3190304636955261, 0.16087134182453156, -0.03919389843940735)","(0.32728278636932373, 0.23776310682296753, -0.02981077879667282)","(0.33498796820640564, 0.29663756489753723, -0.01535855047404766)","(0.2576259970664978, 0.2074572741985321, -0.06063203141093254)","(0.2896088659763336, 0.30281519889831543, -0.05230303481221199)","(0.3172680735588074, 0.3282163739204407, -0.03502318263053894)","(0.33823472261428833, 0.3443368375301361, -0.020620260387659073)","(0.23242135345935822, 0.21760667860507965, -0.03140439838171005)","(0.2691800594329834, 0.318835973739624, -0.023516828194260597)","(0.30134978890419006, 0.33074623346328735, -0.001898193615488708)","(0.32244476675987244, 0.32795006036758423, 0.015077305026352406)","(0.2211666852235794, 0.2153145670890808, 0.00014359033957589418)","(0.2527555525302887, 0.3065967857837677, 0.005790206603705883)","(0.2823021709918976, 0.31525135040283203, 0.02092071808874607)","(0.3050976097583771, 0.3070584535598755, 0.03543515130877495)","(0.2178443968296051, 0.20905287563800812, 0.0290667861700058)","(0.24136550724506378, 0.2789302468299866, 0.0355551615357399)","(0.264668345451355, 0.2967691719532013, 0.041897207498550415)","(0.28477588295936584, 0.2953125238418579, 0.04965611547231674)",Move
1417,"(0.26103702187538147, 0.03785836696624756, -1.632660314498935e-05)","(0.30517107248306274, 0.07097788155078888, -0.03132115304470062)","(0.32432788610458374, 0.15190114080905914, -0.03700433671474457)","(0.3334417939186096, 0.22713586688041687, -0.02806900441646576)","(0.33980125188827515, 0.28621387481689453, -0.01489507220685482)","(0.26285111904144287, 0.2025958001613617, -0.05482877418398857)","(0.29183050990104675, 0.2975088059902191, -0.044293779879808426)","(0.3188421130180359, 0.3232893943786621, -0.025919310748577118)","(0.33977457880973816, 0.33880317211151123, -0.010734904557466507)","(0.23752792179584503, 0.21103259921073914, -0.02569400519132614)","(0.27279797196388245, 0.3102039694786072, -0.01428470853716135)","(0.30392321944236755, 0.3250616192817688, 0.006996207404881716)","(0.3248823583126068, 0.32474324107170105, 0.024099119007587433)","(0.2260543555021286, 0.20763371884822845, 0.00596811156719923)","(0.25658416748046875, 0.29683101177215576, 0.014550494030117989)","(0.28522107005119324, 0.3096179962158203, 0.02891591750085354)","(0.3076762855052948, 0.30490654706954956, 0.04362320899963379)","(0.22292408347129822, 0.20068323612213135, 0.034855734556913376)","(0.2446630448102951, 0.2689933776855469, 0.043265294283628464)","(0.2671700417995453, 0.28954488039016724, 0.04891132563352585)","(0.287169873714447, 0.29040712118148804, 0.057232994586229324)",Move
1418,"(0.26538845896720886, 0.030898183584213257, -1.3576777746493462e-05)","(0.3077719509601593, 0.061717450618743896, -0.03343680128455162)","(0.3274644911289215, 0.13951116800308228, -0.04271155968308449)","(0.33703315258026123, 0.21595096588134766, -0.0379677340388298)","(0.34463220834732056, 0.27702099084854126, -0.03131607174873352)","(0.2658255994319916, 0.19351570308208466, -0.05704686790704727)","(0.2903802692890167, 0.29039233922958374, -0.04980967193841934)","(0.3140450417995453, 0.3222145438194275, -0.03329026699066162)","(0.33289480209350586, 0.3417753279209137, -0.019098717719316483)","(0.240634948015213, 0.2006177455186844, -0.027167459949851036)","(0.2716459035873413, 0.3009835183620453, -0.014047845266759396)","(0.2999015152454376, 0.3168235719203949, 0.008753584697842598)","(0.31870704889297485, 0.3169544041156769, 0.02606835588812828)","(0.22875480353832245, 0.19821275770664215, 0.0050404560752213)","(0.2566565275192261, 0.2861955761909485, 0.01680508814752102)","(0.2837112545967102, 0.30236148834228516, 0.03140275552868843)","(0.3050234317779541, 0.2997658848762512, 0.045193467289209366)","(0.2255047708749771, 0.19193796813488007, 0.03480641916394234)","(0.24589313566684723, 0.2612813711166382, 0.044895827770233154)","(0.26808780431747437, 0.2833103835582733, 0.051204219460487366)","(0.28768080472946167, 0.2853379249572754, 0.05930357426404953)",Move
1419,"(0.26699012517929077, 0.028842031955718994, -1.8372991689830087e-05)","(0.3097437918186188, 0.06297066807746887, -0.02949766255915165)","(0.33089083433151245, 0.13901060819625854, -0.03694161772727966)","(0.34153711795806885, 0.2133922427892685, -0.031231209635734558)","(0.3482489585876465, 0.27233511209487915, -0.024036411195993423)","(0.27175232768058777, 0.19309647381305695, -0.055102474987506866)","(0.295261025428772, 0.2901279926300049, -0.04746847599744797)","(0.3198004364967346, 0.3205969035625458, -0.03075452148914337)","(0.3395608961582184, 0.3382342457771301, -0.016865476965904236)","(0.24602524936199188, 0.19866622984409332, -0.026869993656873703)","(0.2761143147945404, 0.2975640594959259, -0.012700146064162254)","(0.3050112724304199, 0.3110809922218323, 0.010004485957324505)","(0.32404589653015137, 0.3088478147983551, 0.02711533196270466)","(0.23319265246391296, 0.19374027848243713, 0.004255188163369894)","(0.25884073972702026, 0.28100770711898804, 0.016907040029764175)","(0.2858295738697052, 0.2929207682609558, 0.03347636014223099)","(0.30671972036361694, 0.28617918491363525, 0.048295758664608)","(0.22850027680397034, 0.18517374992370605, 0.03326461464166641)","(0.24557389318943024, 0.25484371185302734, 0.04457656294107437)","(0.2671702206134796, 0.2750074863433838, 0.05339642986655235)","(0.28666478395462036, 0.2739916145801544, 0.06332466751337051)",Move
1420,"(0.2695116400718689, 0.022470682859420776, -1.6221283658524044e-06)","(0.31374531984329224, 0.059560611844062805, -0.026428716257214546)","(0.3344283699989319, 0.13442780077457428, -0.03148309513926506)","(0.3444368839263916, 0.20700238645076752, -0.023561084643006325)","(0.35075145959854126, 0.2632809281349182, -0.013588105328381062)","(0.27724689245224, 0.18761710822582245, -0.05137528479099274)","(0.2985250651836395, 0.2824840843677521, -0.04045712575316429)","(0.3223560154438019, 0.30717897415161133, -0.020267445594072342)","(0.3412846624851227, 0.32023853063583374, -0.0035069002769887447)","(0.25142902135849, 0.19312608242034912, -0.023920949548482895)","(0.2791791558265686, 0.2906021773815155, -0.008200726471841335)","(0.3073696196079254, 0.3019365072250366, 0.01480881031602621)","(0.32567036151885986, 0.2987542450428009, 0.03211510553956032)","(0.2380581498146057, 0.18830573558807373, 0.00713004358112812)","(0.26238882541656494, 0.2749081552028656, 0.020896965637803078)","(0.2893482446670532, 0.2860685884952545, 0.03587813675403595)","(0.31005793809890747, 0.27924394607543945, 0.04987456277012825)","(0.23268307745456696, 0.1799863874912262, 0.036749910563230515)","(0.24970829486846924, 0.24880877137184143, 0.04761161655187607)","(0.27117788791656494, 0.26836928725242615, 0.05504906550049782)","(0.29040297865867615, 0.26741546392440796, 0.0644894689321518)",Move
1421,"(0.2703888416290283, 0.019279643893241882, -1.663050898059737e-05)","(0.31516018509864807, 0.05484798550605774, -0.02340863272547722)","(0.33489128947257996, 0.13076521456241608, -0.027129782363772392)","(0.34502947330474854, 0.2042142003774643, -0.01833002083003521)","(0.35447973012924194, 0.26000553369522095, -0.009679228998720646)","(0.2818912863731384, 0.18797069787979126, -0.04888763651251793)","(0.3039740025997162, 0.280754029750824, -0.03707176074385643)","(0.32755494117736816, 0.3040643334388733, -0.0168167557567358)","(0.3458414077758789, 0.3162001967430115, -0.0008559456910006702)","(0.25565624237060547, 0.1941814124584198, -0.023013385012745857)","(0.28431159257888794, 0.28957292437553406, -0.005612236447632313)","(0.31287652254104614, 0.2999613881111145, 0.017608577385544777)","(0.3314228355884552, 0.29621195793151855, 0.035087600350379944)","(0.2412503957748413, 0.1886403113603592, 0.0067704892717301846)","(0.2659313380718231, 0.275469571352005, 0.02257847972214222)","(0.29265865683555603, 0.2840658724308014, 0.03975754231214523)","(0.3123314678668976, 0.27630138397216797, 0.05502120405435562)","(0.23523390293121338, 0.17847198247909546, 0.03523515909910202)","(0.25241267681121826, 0.24872922897338867, 0.04745203256607056)","(0.27339670062065125, 0.266744464635849, 0.05659743398427963)","(0.2910628318786621, 0.26520007848739624, 0.06766762584447861)",Move
1422,"(0.26945289969444275, 0.017637237906455994, -1.7519483662908897e-05)","(0.315267950296402, 0.05232745409011841, -0.02534407563507557)","(0.3366529941558838, 0.13047920167446136, -0.030157839879393578)","(0.34689801931381226, 0.20645062625408173, -0.02173507772386074)","(0.3569929003715515, 0.2630997896194458, -0.013820738531649113)","(0.28595054149627686, 0.18376709520816803, -0.05948428437113762)","(0.31080642342567444, 0.27884337306022644, -0.049653150141239166)","(0.3348354697227478, 0.30534088611602783, -0.026248831301927567)","(0.35216841101646423, 0.32029223442077637, -0.006937689147889614)","(0.2591082453727722, 0.1920480728149414, -0.03286217525601387)","(0.29024946689605713, 0.29187580943107605, -0.018945714458823204)","(0.3195018172264099, 0.30334657430648804, 0.0054853372275829315)","(0.33745846152305603, 0.29998618364334106, 0.024105185642838478)","(0.24393561482429504, 0.18924476206302643, -0.0022348363418132067)","(0.2710653245449066, 0.279977947473526, 0.01075688749551773)","(0.2973576784133911, 0.28583821654319763, 0.028895452618598938)","(0.31505894660949707, 0.2770078778266907, 0.04544400796294212)","(0.23689322173595428, 0.18117260932922363, 0.02733030915260315)","(0.2567474842071533, 0.2533338665962219, 0.03853446990251541)","(0.2773396074771881, 0.2685820460319519, 0.047677963972091675)","(0.2926773130893707, 0.26505395770072937, 0.05893385037779808)",Position
1423,"(0.27253785729408264, 0.01258617639541626, -2.369927824474871e-05)","(0.3160603940486908, 0.04692624509334564, -0.03076564520597458)","(0.33711326122283936, 0.12766633927822113, -0.03694413602352142)","(0.3468053340911865, 0.20408020913600922, -0.027930213138461113)","(0.35471853613853455, 0.26076290011405945, -0.01902853138744831)","(0.2851483225822449, 0.17694969475269318, -0.07435593754053116)","(0.30956247448921204, 0.2745537757873535, -0.06590534001588821)","(0.33377718925476074, 0.30327117443084717, -0.04219885542988777)","(0.3514338433742523, 0.31925520300865173, -0.02281207963824272)","(0.25743764638900757, 0.18678498268127441, -0.04465226083993912)","(0.2878623604774475, 0.2901962995529175, -0.03133321925997734)","(0.31686049699783325, 0.3026725649833679, -0.006001685746014118)","(0.3348913788795471, 0.2990799844264984, 0.012116600759327412)","(0.24191269278526306, 0.1853291541337967, -0.010640415363013744)","(0.2685484290122986, 0.2799161672592163, 0.0012580936308950186)","(0.295500248670578, 0.28966858983039856, 0.019354727119207382)","(0.31432780623435974, 0.28296682238578796, 0.0358927957713604)","(0.23581022024154663, 0.1773076355457306, 0.02221323549747467)","(0.2552482783794403, 0.25062718987464905, 0.031674955040216446)","(0.2764490842819214, 0.26828673481941223, 0.04035990312695503)","(0.29344627261161804, 0.2672959566116333, 0.05111699551343918)",Position
1424,"(0.27325594425201416, 0.015115663409233093, -1.2646370123547968e-05)","(0.318367063999176, 0.05397044122219086, -0.02305593714118004)","(0.3380874693393707, 0.13379989564418793, -0.025585277006030083)","(0.34671562910079956, 0.20952655375003815, -0.01509769819676876)","(0.35530418157577515, 0.2651073634624481, -0.004207351710647345)","(0.2895545959472656, 0.18402044475078583, -0.06411469727754593)","(0.3133639991283417, 0.28149253129959106, -0.053053807467222214)","(0.3370213210582733, 0.3074614405632019, -0.026945576071739197)","(0.35335439443588257, 0.32243213057518005, -0.006262938026338816)","(0.26112401485443115, 0.19258636236190796, -0.037690382450819016)","(0.2916046679019928, 0.2942817807197571, -0.02200417034327984)","(0.3199326992034912, 0.30473631620407104, 0.0052842856384813786)","(0.33664560317993164, 0.3001824617385864, 0.024916963651776314)","(0.24448572099208832, 0.18983182311058044, -0.006624589674174786)","(0.2709807753562927, 0.2827911674976349, 0.0068221548572182655)","(0.29697713255882263, 0.2895069420337677, 0.026780005544424057)","(0.3142278790473938, 0.28112155199050903, 0.04420310631394386)","(0.23635390400886536, 0.18063101172447205, 0.023677373304963112)","(0.2554274797439575, 0.25446397066116333, 0.03578890860080719)","(0.2761671543121338, 0.27037951350212097, 0.04600689932703972)","(0.2918013632297516, 0.26762762665748596, 0.058046840131282806)",Position
1425,"(0.27312707901000977, 0.013450011610984802, -1.7774960724636912e-05)","(0.3183603882789612, 0.05272658169269562, -0.02152097411453724)","(0.3387850522994995, 0.1334315836429596, -0.023980889469385147)","(0.34725257754325867, 0.20958705246448517, -0.013890860602259636)","(0.3544555902481079, 0.26363134384155273, -0.0033396154176443815)","(0.290975421667099, 0.18250374495983124, -0.06254111975431442)","(0.3153073787689209, 0.27870649099349976, -0.05116821080446243)","(0.3384537696838379, 0.3050757646560669, -0.025177830830216408)","(0.3545761704444885, 0.3202536106109619, -0.004917022306472063)","(0.26259011030197144, 0.19220617413520813, -0.03713052719831467)","(0.2927844822406769, 0.294637531042099, -0.02157992497086525)","(0.32049259543418884, 0.3065127730369568, 0.006147073581814766)","(0.33704355359077454, 0.30276378989219666, 0.026365581899881363)","(0.245712548494339, 0.1901833415031433, -0.007237826008349657)","(0.2717718482017517, 0.285184383392334, 0.0064764139242470264)","(0.29738283157348633, 0.29423242807388306, 0.02731701172888279)","(0.3145650029182434, 0.2868335247039795, 0.045597951859235764)","(0.2374827265739441, 0.18122495710849762, 0.022032950073480606)","(0.2562362551689148, 0.2562682330608368, 0.03393053263425827)","(0.2767132818698883, 0.27322646975517273, 0.04462458938360214)","(0.29240599274635315, 0.2705848515033722, 0.05734386295080185)",Position
1426,"(0.2713448107242584, 0.014613673090934753, -2.4415741791017354e-05)","(0.3183330297470093, 0.053438037633895874, -0.017839465290308)","(0.33988216519355774, 0.1335357427597046, -0.018308773636817932)","(0.3482658267021179, 0.2092980146408081, -0.007239513099193573)","(0.3560780882835388, 0.26380035281181335, 0.0032090635504573584)","(0.29423788189888, 0.18612462282180786, -0.05674201250076294)","(0.31751978397369385, 0.2833384871482849, -0.04539385065436363)","(0.3401501178741455, 0.3089364171028137, -0.018778419122099876)","(0.3555941581726074, 0.3223080635070801, 0.0026124482974410057)","(0.26585477590560913, 0.19587524235248566, -0.032807011157274246)","(0.2953214943408966, 0.2973100543022156, -0.01556967943906784)","(0.32282936573028564, 0.30781421065330505, 0.013071572408080101)","(0.33879005908966064, 0.3021971881389618, 0.03420797735452652)","(0.24837397038936615, 0.1933409869670868, -0.004025312140583992)","(0.2740166485309601, 0.2868874669075012, 0.011702507734298706)","(0.29950594902038574, 0.29402562975883484, 0.034175511449575424)","(0.31570926308631897, 0.2847089469432831, 0.05313396081328392)","(0.23934178054332733, 0.1834346204996109, 0.02425757423043251)","(0.2579883337020874, 0.2584914565086365, 0.03837106376886368)","(0.278245747089386, 0.27449819445610046, 0.05078843981027603)","(0.29276004433631897, 0.27054885029792786, 0.06468315422534943)",Position
1427,"(0.2739247977733612, 0.01183249056339264, -3.36103439622093e-05)","(0.3194817006587982, 0.05072729289531708, -0.01799921877682209)","(0.34120503067970276, 0.13027507066726685, -0.020648391917347908)","(0.3498847484588623, 0.20605753362178802, -0.011109654791653156)","(0.3587605357170105, 0.25982341170310974, -0.0027061898726969957)","(0.29793933033943176, 0.18269778788089752, -0.06514821946620941)","(0.3214528560638428, 0.2786470055580139, -0.05500531196594238)","(0.34293702244758606, 0.3061314523220062, -0.028308343142271042)","(0.35820862650871277, 0.32041609287261963, -0.007113679312169552)","(0.26873716711997986, 0.19449178874492645, -0.04166361689567566)","(0.29805988073349, 0.2966129183769226, -0.026212777942419052)","(0.32385432720184326, 0.31213051080703735, 0.003743992652744055)","(0.3399756848812103, 0.3096703290939331, 0.026112614199519157)","(0.2501278817653656, 0.19307395815849304, -0.013043475337326527)","(0.27621087431907654, 0.2886216938495636, 0.0019145761616528034)","(0.3007800281047821, 0.30047622323036194, 0.026542101055383682)","(0.3171314597129822, 0.29436933994293213, 0.047777723520994186)","(0.24001093208789825, 0.18341794610023499, 0.015402333810925484)","(0.2598228454589844, 0.25970959663391113, 0.02873167023062706)","(0.2797689139842987, 0.27788421511650085, 0.042831797152757645)","(0.2942642271518707, 0.275393009185791, 0.05843134596943855)",Position
1428,"(0.27480989694595337, 0.011180967092514038, -3.809247209574096e-05)","(0.321458101272583, 0.048655182123184204, -0.01299890223890543)","(0.3429691195487976, 0.1276172548532486, -0.013599620200693607)","(0.35101190209388733, 0.20384560525417328, -0.00396000174805522)","(0.36007070541381836, 0.2580886483192444, 0.00408567301928997)","(0.30208349227905273, 0.18615488708019257, -0.05385984107851982)","(0.3250831961631775, 0.277679443359375, -0.042694091796875)","(0.34572163224220276, 0.3051508069038391, -0.017822153866291046)","(0.3605961799621582, 0.31982168555259705, 0.0008765170350670815)","(0.2721978425979614, 0.19823868572711945, -0.033267125487327576)","(0.3016813099384308, 0.29668521881103516, -0.01671414077281952)","(0.326616108417511, 0.3118228316307068, 0.011182324029505253)","(0.34231749176979065, 0.3097962737083435, 0.03188719227910042)","(0.2525084614753723, 0.19623611867427826, -0.0074311476200819016)","(0.2784681022167206, 0.2898612320423126, 0.008060624822974205)","(0.30236518383026123, 0.3019367754459381, 0.032700516283512115)","(0.31844672560691833, 0.2957859933376312, 0.0532463937997818)","(0.24122941493988037, 0.18545223772525787, 0.018240636214613914)","(0.26023605465888977, 0.2620333731174469, 0.03226469084620476)","(0.2797207236289978, 0.27967169880867004, 0.047018807381391525)","(0.29398301243782043, 0.27640852332115173, 0.06344399601221085)",Position
1429,"(0.2753165066242218, 0.012133106589317322, -4.499206261243671e-05)","(0.32290777564048767, 0.04932542145252228, -0.010751497931778431)","(0.34507060050964355, 0.12872552871704102, -0.010568452067673206)","(0.35276609659194946, 0.20578548312187195, -0.00044138028169982135)","(0.36099445819854736, 0.25990042090415955, 0.008114182390272617)","(0.3064165711402893, 0.1863533854484558, -0.05368335172533989)","(0.3295207917690277, 0.27811816334724426, -0.04248697683215141)","(0.35003384947776794, 0.306835800409317, -0.01712830550968647)","(0.3648732900619507, 0.3226957321166992, 0.0020149145275354385)","(0.2761836647987366, 0.1985994279384613, -0.03440002724528313)","(0.30545416474342346, 0.29818812012672424, -0.018592460080981255)","(0.33047568798065186, 0.3149946928024292, 0.009006195701658726)","(0.3459566831588745, 0.3137235939502716, 0.02955157496035099)","(0.2556667625904083, 0.19618894159793854, -0.009639338590204716)","(0.2810443937778473, 0.29141905903816223, 0.00534040667116642)","(0.30464380979537964, 0.30311980843544006, 0.03100154921412468)","(0.31991326808929443, 0.2967333197593689, 0.05187204107642174)","(0.24301815032958984, 0.1848924458026886, 0.015237773768603802)","(0.26192671060562134, 0.2629739046096802, 0.028984954580664635)","(0.2811696231365204, 0.279462605714798, 0.04427744820713997)","(0.2945220172405243, 0.27514398097991943, 0.06113364174962044)",Position
1430,"(0.27726635336875916, 0.008968427777290344, -4.1448678530287e-05)","(0.3244861662387848, 0.04756525158882141, -0.006658458616584539)","(0.3470858931541443, 0.1270902156829834, -0.004309548996388912)","(0.35616615414619446, 0.20428206026554108, 0.006408174056559801)","(0.36358019709587097, 0.25856930017471313, 0.015422837808728218)","(0.30799004435539246, 0.18783748149871826, -0.040885522961616516)","(0.33229169249534607, 0.27525216341018677, -0.028369450941681862)","(0.35274484753608704, 0.3037324845790863, -0.004742547404021025)","(0.3680948317050934, 0.32090240716934204, 0.012411430478096008)","(0.2785692811012268, 0.20084118843078613, -0.023604033514857292)","(0.30863144993782043, 0.29473501443862915, -0.00479187211021781)","(0.33235687017440796, 0.3108500838279724, 0.022037366405129433)","(0.34724897146224976, 0.3107110857963562, 0.04141540080308914)","(0.25843730568885803, 0.19842961430549622, -0.0010033887811005116)","(0.284817636013031, 0.28953975439071655, 0.01568744145333767)","(0.3073922097682953, 0.3013709783554077, 0.040832098573446274)","(0.322452187538147, 0.2947116494178772, 0.061155181378126144)","(0.24534490704536438, 0.18674592673778534, 0.021532796323299408)","(0.26468586921691895, 0.26384079456329346, 0.036688920110464096)","(0.2835213541984558, 0.28123822808265686, 0.052372124046087265)","(0.2969666123390198, 0.27703559398651123, 0.06945846229791641)",Position
1431,"(0.2770940661430359, 0.011361882090568542, -4.616200385498814e-05)","(0.32632216811180115, 0.04760226607322693, -0.007972421124577522)","(0.3505839705467224, 0.12572334706783295, -0.006448139436542988)","(0.36009812355041504, 0.20291607081890106, 0.004108482040464878)","(0.366550475358963, 0.2559729814529419, 0.01341922115534544)","(0.31256285309791565, 0.18644453585147858, -0.048504192382097244)","(0.3357148766517639, 0.27699074149131775, -0.03613589331507683)","(0.35541027784347534, 0.3029758334159851, -0.009561639279127121)","(0.3692685663700104, 0.3170006275177002, 0.010941333137452602)","(0.28229713439941406, 0.2006000131368637, -0.02997509390115738)","(0.3128296136856079, 0.2954922318458557, -0.0116011006757617)","(0.3362552523612976, 0.31123805046081543, 0.01805907115340233)","(0.35011228919029236, 0.310504287481308, 0.03988141566514969)","(0.2609367370605469, 0.20025910437107086, -0.00588985113427043)","(0.28897324204444885, 0.2920535206794739, 0.010320466943085194)","(0.3117445409297943, 0.3038518726825714, 0.0370308980345726)","(0.3260969817638397, 0.2975831627845764, 0.05873320251703262)","(0.24663156270980835, 0.19095323979854584, 0.01831384375691414)","(0.2679728865623474, 0.26736176013946533, 0.0337890200316906)","(0.28757762908935547, 0.2842150032520294, 0.050516363233327866)","(0.3008570671081543, 0.280224084854126, 0.06861991435289383)",Position
1432,"(0.2778383195400238, 0.010350644588470459, -4.7133526095421985e-05)","(0.32719504833221436, 0.0456668883562088, -0.005212661810219288)","(0.3518679738044739, 0.12056250870227814, -0.003438277170062065)","(0.36250734329223633, 0.19543054699897766, 0.006491377018392086)","(0.37000173330307007, 0.2505212426185608, 0.015230373479425907)","(0.3160983920097351, 0.18565304577350616, -0.0425984226167202)","(0.33763307332992554, 0.2752516567707062, -0.028407424688339233)","(0.3562641441822052, 0.3011794984340668, -0.0020048876758664846)","(0.3694956302642822, 0.314444899559021, 0.018444107845425606)","(0.2858625650405884, 0.1994965672492981, -0.02580040507018566)","(0.3140339255332947, 0.29378432035446167, -0.005421024281531572)","(0.3356003165245056, 0.30900925397872925, 0.024771559983491898)","(0.34783172607421875, 0.30878233909606934, 0.04732462763786316)","(0.26367685198783875, 0.19796106219291687, -0.0033753442112356424)","(0.28973835706710815, 0.289836585521698, 0.014243890531361103)","(0.3109787106513977, 0.3015798032283783, 0.04237081855535507)","(0.32366350293159485, 0.29540327191352844, 0.06482350826263428)","(0.24797546863555908, 0.18750616908073425, 0.019422441720962524)","(0.2670385539531708, 0.2654195725917816, 0.03538432717323303)","(0.28600409626960754, 0.2826850712299347, 0.05405251309275627)","(0.2988572418689728, 0.27826040983200073, 0.07330656051635742)",Position
1433,"(0.2789398729801178, 0.011187717318534851, -5.556834730668925e-05)","(0.32906055450439453, 0.04764735698699951, -0.004973338916897774)","(0.35355499386787415, 0.12268242239952087, -0.00433151051402092)","(0.3639780282974243, 0.19820094108581543, 0.004142660181969404)","(0.3698403239250183, 0.25210994482040405, 0.012398617342114449)","(0.3172321021556854, 0.1876312792301178, -0.04206106811761856)","(0.3379761874675751, 0.277665913105011, -0.026168745011091232)","(0.35513952374458313, 0.3018855154514313, 0.0013866371009498835)","(0.36606791615486145, 0.3122805953025818, 0.02233949862420559)","(0.2872566282749176, 0.2001204639673233, -0.026246361434459686)","(0.3148227334022522, 0.29323363304138184, -0.004592052660882473)","(0.3355558216571808, 0.3098999857902527, 0.02642931416630745)","(0.3465315103530884, 0.31140056252479553, 0.04906291887164116)","(0.2648613452911377, 0.19808532297611237, -0.004793396219611168)","(0.2912597060203552, 0.2890787720680237, 0.014048867858946323)","(0.3119232654571533, 0.30149585008621216, 0.04286087304353714)","(0.32342037558555603, 0.2969265580177307, 0.06516095995903015)","(0.24820558726787567, 0.1874588131904602, 0.016872283071279526)","(0.2674783170223236, 0.26585593819618225, 0.03360482305288315)","(0.2865055501461029, 0.28319409489631653, 0.05297189578413963)","(0.2989197075366974, 0.2787536382675171, 0.07220295816659927)",Position
1434,"(0.27889692783355713, 0.010318830609321594, -4.946950139128603e-05)","(0.32900065183639526, 0.04584527015686035, -0.006236450746655464)","(0.3529776632785797, 0.12116793543100357, -0.004821556620299816)","(0.3628486096858978, 0.19725152850151062, 0.004302645102143288)","(0.3683907389640808, 0.25306999683380127, 0.013760942965745926)","(0.3165323734283447, 0.18956990540027618, -0.03980780765414238)","(0.33523356914520264, 0.2787194848060608, -0.02313622646033764)","(0.3523499369621277, 0.302756667137146, 0.004042928107082844)","(0.3640161454677582, 0.31344208121299744, 0.02464918978512287)","(0.2868935465812683, 0.20100700855255127, -0.023216193541884422)","(0.3129800856113434, 0.29246222972869873, 0.00011509815522003919)","(0.33377403020858765, 0.3094160258769989, 0.030072148889303207)","(0.3451250195503235, 0.31132084131240845, 0.05192780867218971)","(0.26477548480033875, 0.1980220228433609, -0.0010961524676531553)","(0.2895679771900177, 0.28687816858291626, 0.018968570977449417)","(0.3103257417678833, 0.3010173439979553, 0.04698469117283821)","(0.32220643758773804, 0.29749220609664917, 0.06834679841995239)","(0.24819448590278625, 0.18590804934501648, 0.020845457911491394)","(0.26600170135498047, 0.2630879878997803, 0.03807378187775612)","(0.28505808115005493, 0.28179824352264404, 0.05703751742839813)","(0.29808303713798523, 0.2794084846973419, 0.07547130435705185)",Position
1435,"(0.2784862220287323, 0.009054645895957947, -5.748768671764992e-05)","(0.3287293016910553, 0.04560132324695587, -0.005655709188431501)","(0.3528052866458893, 0.12274585664272308, -0.005069440696388483)","(0.36284080147743225, 0.19987845420837402, 0.0029220408760011196)","(0.3691978454589844, 0.25680363178253174, 0.010622352361679077)","(0.31616267561912537, 0.18840976059436798, -0.04044884443283081)","(0.33368152379989624, 0.2772586941719055, -0.024405011907219887)","(0.35018977522850037, 0.3036923110485077, 0.001907214056700468)","(0.36226949095726013, 0.3173888027667999, 0.022215131670236588)","(0.28649261593818665, 0.1992117464542389, -0.024269115179777145)","(0.31140318512916565, 0.2918391525745392, -0.0007149641751311719)","(0.33203691244125366, 0.31024545431137085, 0.02953459694981575)","(0.34402623772621155, 0.312681645154953, 0.05112382769584656)","(0.2642518877983093, 0.19591984152793884, -0.002305244328454137)","(0.2883205711841583, 0.28619301319122314, 0.018506499007344246)","(0.3091699481010437, 0.3007718622684479, 0.04653758928179741)","(0.32144469022750854, 0.297233909368515, 0.06738846004009247)","(0.24776670336723328, 0.18338946998119354, 0.01940249837934971)","(0.2659527659416199, 0.2618632912635803, 0.036860108375549316)","(0.28495290875434875, 0.28104060888290405, 0.05612925440073013)","(0.29765787720680237, 0.2786204218864441, 0.07444388419389725)",Position
1436,"(0.2773761749267578, 0.008721262216567993, -4.862255445914343e-05)","(0.3280114531517029, 0.045915111899375916, -0.0032753876876085997)","(0.3528519868850708, 0.12168192118406296, -0.002910760696977377)","(0.36268922686576843, 0.19858959317207336, 0.0035506379790604115)","(0.36950427293777466, 0.2571132779121399, 0.008734879083931446)","(0.318283349275589, 0.18853366374969482, -0.03705387935042381)","(0.3339233994483948, 0.2792474031448364, -0.019703425467014313)","(0.35007327795028687, 0.3021678030490875, 0.007996656000614166)","(0.3615263104438782, 0.3111332058906555, 0.02980545163154602)","(0.2886171340942383, 0.19943146407604218, -0.022613821551203728)","(0.3117210566997528, 0.2924399673938751, 0.0033173770643770695)","(0.3314008116722107, 0.3041365444660187, 0.03553109988570213)","(0.3417784869670868, 0.3011404275894165, 0.05800403654575348)","(0.2658022940158844, 0.196928009390831, -0.0022724245209246874)","(0.28936827182769775, 0.2862468957901001, 0.020585650578141212)","(0.30872151255607605, 0.2909644842147827, 0.050324153155088425)","(0.3180716931819916, 0.2800360321998596, 0.0721152275800705)","(0.2481442391872406, 0.18612390756607056, 0.018168097361922264)","(0.26594752073287964, 0.26521727442741394, 0.03829153627157211)","(0.28381407260894775, 0.27663764357566833, 0.061191193759441376)","(0.29391321539878845, 0.26694631576538086, 0.08199778944253922)",Position
1437,"(0.278303325176239, 0.010866627097129822, -2.7394462449592538e-05)","(0.3292355537414551, 0.05073186755180359, -0.00012101556785637513)","(0.3539147675037384, 0.1259784996509552, -0.0009090522071346641)","(0.36354589462280273, 0.20278847217559814, 0.004312231671065092)","(0.37022116780281067, 0.2619000971317291, 0.008523835800588131)","(0.32188868522644043, 0.18825580179691315, -0.040265075862407684)","(0.3351212441921234, 0.2833981513977051, -0.0229201577603817)","(0.34982800483703613, 0.303376168012619, 0.0074442047625780106)","(0.3589359223842621, 0.30787283182144165, 0.03253411874175072)","(0.2911984920501709, 0.19940094649791718, -0.028407713398337364)","(0.3129810690879822, 0.2947160601615906, -0.0004177887749392539)","(0.3311479389667511, 0.2960105538368225, 0.03475223109126091)","(0.3387712240219116, 0.28431153297424316, 0.0575384795665741)","(0.2666957974433899, 0.19840805232524872, -0.010182357393205166)","(0.28936851024627686, 0.2875712215900421, 0.014852087944746017)","(0.3072202205657959, 0.28420495986938477, 0.04525686427950859)","(0.3137107193470001, 0.26750510931015015, 0.0653335228562355)","(0.24669209122657776, 0.18993642926216125, 0.0083684166893363)","(0.2646435499191284, 0.269253134727478, 0.030585404485464096)","(0.2820158898830414, 0.2746756076812744, 0.05430477485060692)","(0.29024145007133484, 0.25968316197395325, 0.0738816037774086)",Position
1438,"(0.2771337330341339, 0.010149940848350525, -2.6332925699534826e-05)","(0.32810261845588684, 0.04750905930995941, -4.242458817316219e-05)","(0.3535921573638916, 0.12238042056560516, -0.002759970026090741)","(0.3637436032295227, 0.2002236694097519, 0.0002694800205063075)","(0.37099218368530273, 0.2610272467136383, 0.0021467460319399834)","(0.3231479227542877, 0.18592600524425507, -0.042789313942193985)","(0.33506062626838684, 0.2860255241394043, -0.023545335978269577)","(0.34911349415779114, 0.3028659224510193, 0.009897581301629543)","(0.356917142868042, 0.3013017177581787, 0.03777278587222099)","(0.29172131419181824, 0.1976088136434555, -0.03127635270357132)","(0.31259849667549133, 0.2970142662525177, -0.001944428076967597)","(0.3294655680656433, 0.29136979579925537, 0.03584767132997513)","(0.33538779616355896, 0.27364975214004517, 0.059932682663202286)","(0.26648634672164917, 0.19659502804279327, -0.013456258922815323)","(0.28787821531295776, 0.28832903504371643, 0.012624207884073257)","(0.30507954955101013, 0.28166162967681885, 0.04452197626233101)","(0.31031063199043274, 0.2625937759876251, 0.06475063413381577)","(0.2456704080104828, 0.18807263672351837, 0.0052813333459198475)","(0.2622280716896057, 0.2690374255180359, 0.027618419378995895)","(0.2791781425476074, 0.27063924074172974, 0.052084047347307205)","(0.28639543056488037, 0.25191837549209595, 0.07149595022201538)",Position
1439,"(0.27760517597198486, 0.01165992021560669, -3.0085639082244597e-05)","(0.3294052481651306, 0.05191469192504883, 0.0037122468929737806)","(0.353544682264328, 0.12731048464775085, 0.0025908418465405703)","(0.3621373176574707, 0.2054332196712494, 0.006689735222607851)","(0.3703859746456146, 0.2656048834323883, 0.009987928904592991)","(0.3241766691207886, 0.18846838176250458, -0.03913043811917305)","(0.33468419313430786, 0.2883397340774536, -0.019353734329342842)","(0.3481394052505493, 0.3047731816768646, 0.014087246730923653)","(0.35537368059158325, 0.3027302026748657, 0.041155532002449036)","(0.29300376772880554, 0.19980600476264954, -0.030285421758890152)","(0.31257641315460205, 0.29859688878059387, -0.0004985570558346808)","(0.32879841327667236, 0.29119277000427246, 0.03642673045396805)","(0.3345751166343689, 0.2723371386528015, 0.05918778479099274)","(0.2674122452735901, 0.19913971424102783, -0.014794162474572659)","(0.2877298891544342, 0.2903415560722351, 0.011707078665494919)","(0.3039644658565521, 0.2815093696117401, 0.04357439652085304)","(0.30860987305641174, 0.2616986930370331, 0.06298065930604935)","(0.245239719748497, 0.19148382544517517, 0.0013422091724351048)","(0.2614327371120453, 0.27216461300849915, 0.02358829602599144)","(0.2777557969093323, 0.27222609519958496, 0.04723478853702545)","(0.28398948907852173, 0.2529023289680481, 0.0658770203590393)",Position
1440,"(0.2769578695297241, 0.014149129390716553, -2.3383343432215042e-05)","(0.3289746940135956, 0.05577985942363739, 0.0035695573315024376)","(0.3533809185028076, 0.13079947233200073, 0.002587327267974615)","(0.3625175356864929, 0.20923037827014923, 0.006717713549733162)","(0.37178605794906616, 0.2710573375225067, 0.010210181586444378)","(0.3243710398674011, 0.19018211960792542, -0.03882036730647087)","(0.3360775113105774, 0.2942195236682892, -0.015357255935668945)","(0.3493838906288147, 0.3006032109260559, 0.022590361535549164)","(0.3550280034542084, 0.2889678478240967, 0.05329475179314613)","(0.2929772138595581, 0.2013615369796753, -0.029448924586176872)","(0.31331175565719604, 0.3020092844963074, 0.0026296977885067463)","(0.3286486864089966, 0.289156049489975, 0.04257500171661377)","(0.33255574107170105, 0.2673785388469696, 0.06659858673810959)","(0.26743772625923157, 0.20063871145248413, -0.013596540316939354)","(0.28828001022338867, 0.29190027713775635, 0.01415368914604187)","(0.30349278450012207, 0.280700147151947, 0.047654423862695694)","(0.306711345911026, 0.26021355390548706, 0.06794114410877228)","(0.24567559361457825, 0.19369278848171234, 0.003097076201811433)","(0.2609671354293823, 0.27335014939308167, 0.02589670941233635)","(0.27661117911338806, 0.27277645468711853, 0.04986405372619629)","(0.28196829557418823, 0.25360816717147827, 0.06917230039834976)",Position
1441,"(0.275684654712677, 0.017566636204719543, -2.376494012423791e-05)","(0.3282424211502075, 0.05974686145782471, 0.0034862530883401632)","(0.35243862867355347, 0.1346406638622284, 0.002421928569674492)","(0.3612905442714691, 0.21387308835983276, 0.006642230320721865)","(0.3705157935619354, 0.2757447063922882, 0.01021005492657423)","(0.324955016374588, 0.1936584860086441, -0.04090411588549614)","(0.3365860879421234, 0.2997692823410034, -0.015619849786162376)","(0.34991490840911865, 0.30000850558280945, 0.02497301623225212)","(0.3547583818435669, 0.2831836938858032, 0.057179976254701614)","(0.29357415437698364, 0.2043747752904892, -0.03217312693595886)","(0.31335344910621643, 0.3065895438194275, -4.026198439532891e-05)","(0.32802167534828186, 0.28952834010124207, 0.03970146179199219)","(0.33073049783706665, 0.26478224992752075, 0.06246805936098099)","(0.26772603392601013, 0.20312625169754028, -0.0164363794028759)","(0.287810742855072, 0.29488247632980347, 0.011987847276031971)","(0.30264052748680115, 0.2807701826095581, 0.04530583694577217)","(0.30514368414878845, 0.25808146595954895, 0.06404925882816315)","(0.2450014054775238, 0.19623035192489624, 0.00016003528435248882)","(0.2604133188724518, 0.2758900821208954, 0.02314000390470028)","(0.2758515179157257, 0.27188676595687866, 0.04606933891773224)","(0.2801101505756378, 0.25015613436698914, 0.06346961110830307)",Position
1442,"(0.27468353509902954, 0.01738734543323517, -2.401911660854239e-05)","(0.3277784287929535, 0.0636315792798996, 0.005901642143726349)","(0.3524923324584961, 0.1396065354347229, 0.004783013369888067)","(0.3619023561477661, 0.2196538746356964, 0.008820769377052784)","(0.3720603585243225, 0.28214800357818604, 0.011904596351087093)","(0.3251722753047943, 0.1920657753944397, -0.04133624956011772)","(0.33641308546066284, 0.30186063051223755, -0.01570328325033188)","(0.3495190441608429, 0.3008984327316284, 0.024830536916851997)","(0.3538110852241516, 0.283272385597229, 0.05729047581553459)","(0.2936975061893463, 0.20258809626102448, -0.03358286991715431)","(0.3133380711078644, 0.3088403046131134, -0.00015515742416027933)","(0.32773199677467346, 0.29070067405700684, 0.041006043553352356)","(0.32963553071022034, 0.2648773193359375, 0.06405628472566605)","(0.268069326877594, 0.20202547311782837, -0.018636850640177727)","(0.2877410352230072, 0.29679349064826965, 0.011717583984136581)","(0.30246853828430176, 0.28043800592422485, 0.046845436096191406)","(0.30409952998161316, 0.25700053572654724, 0.06593222171068192)","(0.24561025202274323, 0.19618137180805206, -0.00233871559612453)","(0.2617958188056946, 0.27617061138153076, 0.02207340858876705)","(0.27717939019203186, 0.2696009874343872, 0.046660471707582474)","(0.2800757884979248, 0.24689912796020508, 0.06460048258304596)",Position
1443,"(0.27533793449401855, 0.01672700047492981, -2.74637986876769e-05)","(0.33012351393699646, 0.0657166987657547, 0.00483827805146575)","(0.35469695925712585, 0.1439429521560669, 0.0013732111547142267)","(0.3639008402824402, 0.2247738242149353, 0.003370882011950016)","(0.37444913387298584, 0.2882480025291443, 0.0045878211967647076)","(0.32678890228271484, 0.19425636529922485, -0.046017248183488846)","(0.3395024836063385, 0.3009248971939087, -0.015873825177550316)","(0.3509996235370636, 0.2836969792842865, 0.02526383474469185)","(0.35133597254753113, 0.25566551089286804, 0.054943572729825974)","(0.2953776717185974, 0.2045360803604126, -0.03925062716007233)","(0.3152051270008087, 0.30931293964385986, -0.004301770590245724)","(0.3281655013561249, 0.28431767225265503, 0.034413110464811325)","(0.32694244384765625, 0.2556301951408386, 0.052621565759181976)","(0.26942652463912964, 0.20437577366828918, -0.024712538346648216)","(0.2886158525943756, 0.2997837960720062, 0.007367529906332493)","(0.30220797657966614, 0.2767558693885803, 0.040903110057115555)","(0.30147504806518555, 0.24954959750175476, 0.05704493820667267)","(0.24625538289546967, 0.20004025101661682, -0.00846912618726492)","(0.26296699047088623, 0.2808438241481781, 0.0159122534096241)","(0.27765464782714844, 0.26866450905799866, 0.03946683183312416)","(0.27822011709213257, 0.24139007925987244, 0.055670447647571564)",Position
1444,"(0.27422288060188293, 0.01951262354850769, -4.2012550693470985e-05)","(0.33068937063217163, 0.0687640905380249, 0.0025651385076344013)","(0.3555762767791748, 0.14736208319664001, -0.004248088225722313)","(0.36497732996940613, 0.22906085848808289, -0.0036359240766614676)","(0.37555429339408875, 0.29232901334762573, -0.0033295885659754276)","(0.32713136076927185, 0.19628776609897614, -0.05780967324972153)","(0.3433173596858978, 0.3032490313053131, -0.024180248379707336)","(0.35268068313598633, 0.2740779221057892, 0.020266233012080193)","(0.3488794267177582, 0.23844659328460693, 0.05114151909947395)","(0.29525241255760193, 0.2069815695285797, -0.050163596868515015)","(0.31681695580482483, 0.3117230534553528, -0.014122460968792439)","(0.3277122974395752, 0.28145065903663635, 0.025680208578705788)","(0.3234843909740448, 0.24872398376464844, 0.042701732367277145)","(0.26894086599349976, 0.20661723613739014, -0.03430328145623207)","(0.2891184985637665, 0.30379435420036316, -0.0003885775222443044)","(0.30103522539138794, 0.27554628252983093, 0.03338176757097244)","(0.29797062277793884, 0.2443721890449524, 0.04763731732964516)","(0.2457749843597412, 0.20246146619319916, -0.016680238768458366)","(0.264737993478775, 0.2829732894897461, 0.010268396697938442)","(0.2778591811656952, 0.2657411992549896, 0.03310821205377579)","(0.27622663974761963, 0.23560255765914917, 0.04720417410135269)",Position
1445,"(0.2741365432739258, 0.021925613284111023, -3.5472541640046984e-05)","(0.3311486840248108, 0.07159394770860672, 0.004670205991715193)","(0.3560835123062134, 0.15066450834274292, -0.0007456501480191946)","(0.3656007945537567, 0.23160198330879211, 0.00044677499681711197)","(0.37678658962249756, 0.2948675751686096, 0.0017247953219339252)","(0.3280559182167053, 0.20309866964817047, -0.05147691071033478)","(0.34373629093170166, 0.3067190647125244, -0.017122287303209305)","(0.3521808385848999, 0.27490806579589844, 0.024982595816254616)","(0.3477397561073303, 0.23799529671669006, 0.05361289530992508)","(0.29633957147598267, 0.21292425692081451, -0.045003220438957214)","(0.3173222541809082, 0.3138964772224426, -0.007694004103541374)","(0.327572226524353, 0.28260987997055054, 0.03034900687634945)","(0.32288873195648193, 0.25018271803855896, 0.04585275426506996)","(0.2698797285556793, 0.21180672943592072, -0.030434442684054375)","(0.2898149788379669, 0.30637773871421814, 0.0038147836457937956)","(0.3011666238307953, 0.27782881259918213, 0.036780234426259995)","(0.2977359890937805, 0.24603122472763062, 0.05015131086111069)","(0.24640710651874542, 0.20688191056251526, -0.013913391157984734)","(0.2649936079978943, 0.2869957387447357, 0.013422051444649696)","(0.277841180562973, 0.26966214179992676, 0.03628838434815407)","(0.2762279510498047, 0.2390904724597931, 0.0507151298224926)",Position
1446,"(0.27482250332832336, 0.02426871657371521, -2.5312532670795918e-05)","(0.332608699798584, 0.07713133841753006, 0.007468056865036488)","(0.3576326072216034, 0.15544992685317993, 0.0025481833145022392)","(0.36731505393981934, 0.23566420376300812, 0.0033193170092999935)","(0.37768709659576416, 0.3001106083393097, 0.004518702160567045)","(0.3309045732021332, 0.20592741668224335, -0.046119242906570435)","(0.3436613976955414, 0.3085428476333618, -0.012154527939856052)","(0.35043519735336304, 0.27620673179626465, 0.026787826791405678)","(0.3461569547653198, 0.23875242471694946, 0.052635952830314636)","(0.29876095056533813, 0.21532630920410156, -0.04177850857377052)","(0.3172067701816559, 0.3163676857948303, -0.004368760157376528)","(0.3260444402694702, 0.2858133614063263, 0.03149738162755966)","(0.3217390477657318, 0.2532201111316681, 0.04515108838677406)","(0.2710587680339813, 0.21425001323223114, -0.029493682086467743)","(0.2895399332046509, 0.30897092819213867, 0.005831160116940737)","(0.2997594177722931, 0.2805364727973938, 0.037534479051828384)","(0.2961329221725464, 0.24754677712917328, 0.048727747052907944)","(0.2459794580936432, 0.20951853692531586, -0.015426738187670708)","(0.26368284225463867, 0.29048681259155273, 0.012687252834439278)","(0.27615058422088623, 0.2726757824420929, 0.03509664535522461)","(0.2746119499206543, 0.24099946022033691, 0.048212070018053055)",Position
1447,"(0.2751970589160919, 0.027156218886375427, -3.3612501283641905e-05)","(0.33269616961479187, 0.07868602126836777, 0.008395528420805931)","(0.3577456474304199, 0.158136248588562, 0.003946296405047178)","(0.3675702214241028, 0.23926317691802979, 0.005197444465011358)","(0.3776402473449707, 0.30467790365219116, 0.006598193198442459)","(0.33100196719169617, 0.21039901673793793, -0.044961560517549515)","(0.3446396589279175, 0.31129059195518494, -0.010809965431690216)","(0.3512471914291382, 0.2781074345111847, 0.027520643547177315)","(0.34657928347587585, 0.24047420918941498, 0.0523405596613884)","(0.2992323040962219, 0.21941271424293518, -0.04125227406620979)","(0.318050742149353, 0.3195742964744568, -0.003339660819619894)","(0.3266097903251648, 0.2891656160354614, 0.033053770661354065)","(0.32163429260253906, 0.2564302086830139, 0.047226108610630035)","(0.2715552747249603, 0.21778249740600586, -0.029385430738329887)","(0.29077088832855225, 0.3118811249732971, 0.005569176282733679)","(0.300825834274292, 0.2842196524143219, 0.038402706384658813)","(0.29670584201812744, 0.25161275267601013, 0.05064638331532478)","(0.24637137353420258, 0.2124558836221695, -0.015547090210020542)","(0.2642190158367157, 0.2955150604248047, 0.012770063243806362)","(0.2770732045173645, 0.27851125597953796, 0.036482445895671844)","(0.27591103315353394, 0.24725434184074402, 0.05101654678583145)",Position
1448,"(0.276966392993927, 0.03210729360580444, -1.8912780433311127e-05)","(0.33408382534980774, 0.08688008040189743, 0.015030302107334137)","(0.35894933342933655, 0.16631704568862915, 0.012927424162626266)","(0.3690684139728546, 0.24601714313030243, 0.015522200614213943)","(0.3794351816177368, 0.3086305856704712, 0.0170502420514822)","(0.33504658937454224, 0.2156030386686325, -0.03885141387581825)","(0.34638047218322754, 0.31580546498298645, -0.002439968753606081)","(0.35072776675224304, 0.2811777889728546, 0.03466269001364708)","(0.34584957361221313, 0.24341431260108948, 0.05692415311932564)","(0.30333641171455383, 0.2250291109085083, -0.03854703530669212)","(0.3202652931213379, 0.3221866488456726, 0.0026928691659122705)","(0.3261967897415161, 0.291025847196579, 0.03724851459264755)","(0.32124635577201843, 0.2583457827568054, 0.04736877232789993)","(0.27465009689331055, 0.22314518690109253, -0.029762176796793938)","(0.29279589653015137, 0.3155432641506195, 0.008627908304333687)","(0.30034971237182617, 0.28543269634246826, 0.039457738399505615)","(0.2958701252937317, 0.25092488527297974, 0.048276644200086594)","(0.2479265183210373, 0.21776637434959412, -0.01843985915184021)","(0.2660464644432068, 0.2989662289619446, 0.012153328396379948)","(0.277048796415329, 0.27899646759033203, 0.03534233570098877)","(0.27504152059555054, 0.24570050835609436, 0.04712144657969475)",Position
1449,"(0.2797829508781433, 0.03670129179954529, -3.409788041608408e-05)","(0.33644840121269226, 0.09319989383220673, 0.01595565490424633)","(0.36096808314323425, 0.17371073365211487, 0.014356793835759163)","(0.3707617521286011, 0.25305527448654175, 0.01793232001364231)","(0.3802388906478882, 0.3136945068836212, 0.020230088382959366)","(0.33790597319602966, 0.2215249240398407, -0.041475389152765274)","(0.347854346036911, 0.32066407799720764, -0.003907765261828899)","(0.35117307305336, 0.28641757369041443, 0.033098358660936356)","(0.34703442454338074, 0.24978825449943542, 0.054693352431058884)","(0.3054216504096985, 0.2304764688014984, -0.04128944128751755)","(0.3204399049282074, 0.32695865631103516, 0.00037482159677892923)","(0.3260137438774109, 0.29665857553482056, 0.035035040229558945)","(0.32229098677635193, 0.2638004720211029, 0.044754065573215485)","(0.2758944630622864, 0.2274048924446106, -0.0322285033762455)","(0.29263821244239807, 0.31906071305274963, 0.006732272915542126)","(0.2999360263347626, 0.29038870334625244, 0.03801455348730087)","(0.2965969741344452, 0.25634127855300903, 0.04669025540351868)","(0.24863103032112122, 0.22002406418323517, -0.020712625235319138)","(0.2658602297306061, 0.3000428378582001, 0.011000256054103374)","(0.2769186496734619, 0.2809481620788574, 0.03520287573337555)","(0.27554088830947876, 0.2487444281578064, 0.04674974083900452)",Position
1450,"(0.280871719121933, 0.04266740381717682, -3.153892248519696e-05)","(0.33711451292037964, 0.09851525723934174, 0.01717042736709118)","(0.36207348108291626, 0.17985668778419495, 0.015071353875100613)","(0.3719143569469452, 0.2592034339904785, 0.017771773040294647)","(0.3820686340332031, 0.3197065591812134, 0.019102303311228752)","(0.340305894613266, 0.2243848741054535, -0.04291430115699768)","(0.3493891954421997, 0.3252606987953186, -0.006696706172078848)","(0.35178959369659424, 0.29174140095710754, 0.030273672193288803)","(0.34800389409065247, 0.2555062770843506, 0.05202855169773102)","(0.30771246552467346, 0.23342382907867432, -0.04412468895316124)","(0.3226199448108673, 0.3321573734283447, -0.004081571474671364)","(0.32678714394569397, 0.30159056186676025, 0.03018418326973915)","(0.322609007358551, 0.26859912276268005, 0.03982711583375931)","(0.27780163288116455, 0.2315778136253357, -0.03639239817857742)","(0.29473066329956055, 0.32511430978775024, 0.001999049913138151)","(0.3011015057563782, 0.2951037585735321, 0.032732877880334854)","(0.2973574995994568, 0.25999727845191956, 0.04107595235109329)","(0.24996641278266907, 0.2255019247531891, -0.026039976626634598)","(0.2675698697566986, 0.3072897493839264, 0.005505423992872238)","(0.27811574935913086, 0.2870579957962036, 0.02949129045009613)","(0.2763420045375824, 0.25364670157432556, 0.04035817086696625)",Position
1451,"(0.28282034397125244, 0.04621577262878418, -3.6893288779538125e-05)","(0.33769169449806213, 0.10408630222082138, 0.019045677036046982)","(0.36247074604034424, 0.1858959197998047, 0.019072851166129112)","(0.3726954460144043, 0.2649644613265991, 0.023802878335118294)","(0.38326796889305115, 0.3239162862300873, 0.02770664170384407)","(0.3411054015159607, 0.2288094013929367, -0.04108002409338951)","(0.34900444746017456, 0.3284545838832855, -0.003830166533589363)","(0.35124149918556213, 0.2944398522377014, 0.033163271844387054)","(0.34764420986175537, 0.25813278555870056, 0.054737187922000885)","(0.30852773785591125, 0.2364843785762787, -0.04298778250813484)","(0.3217785358428955, 0.3342171609401703, -0.00238519418053329)","(0.3261958658695221, 0.30408990383148193, 0.031614676117897034)","(0.32231852412223816, 0.2718077003955841, 0.04069081321358681)","(0.2784077823162079, 0.23311810195446014, -0.03556964918971062)","(0.29386743903160095, 0.327555775642395, 0.0025469153188169003)","(0.30027884244918823, 0.29888978600502014, 0.035067956894636154)","(0.2969565689563751, 0.2655310332775116, 0.044889356940984726)","(0.2501092851161957, 0.22544799745082855, -0.025259146466851234)","(0.26598381996154785, 0.308345764875412, 0.0052296132780611515)","(0.2767927050590515, 0.28888702392578125, 0.031150927767157555)","(0.27560752630233765, 0.25699204206466675, 0.043832939118146896)",Position
1452,"(0.2828080952167511, 0.049563005566596985, -3.8107787986518815e-05)","(0.33649545907974243, 0.10579443722963333, 0.018193481490015984)","(0.3615362346172333, 0.18787971138954163, 0.0163151565939188)","(0.37206798791885376, 0.2680172324180603, 0.019687285646796227)","(0.38379424810409546, 0.3274112641811371, 0.02199423871934414)","(0.340417742729187, 0.2305665761232376, -0.04559013247489929)","(0.34944599866867065, 0.3305457830429077, -0.007761707529425621)","(0.35191720724105835, 0.2950538098812103, 0.031635913997888565)","(0.34849420189857483, 0.2587156891822815, 0.055334411561489105)","(0.30766624212265015, 0.23820871114730835, -0.04731827229261398)","(0.3209536671638489, 0.33704763650894165, -0.00792115367949009)","(0.3255098760128021, 0.30710989236831665, 0.027681350708007812)","(0.3217390179634094, 0.2752997875213623, 0.03854930400848389)","(0.27755051851272583, 0.23478631675243378, -0.03950924426317215)","(0.29265299439430237, 0.3311437666416168, -0.0015589314280077815)","(0.2992826998233795, 0.30190539360046387, 0.032811734825372696)","(0.29589852690696716, 0.26864704489707947, 0.04477019980549812)","(0.24939489364624023, 0.22666189074516296, -0.028681529685854912)","(0.265493780374527, 0.31000736355781555, 0.002619205042719841)","(0.27581483125686646, 0.2891693413257599, 0.02951766923069954)","(0.2739870846271515, 0.2574402987957001, 0.0435105562210083)",Position
1453,"(0.28300052881240845, 0.04990343749523163, -4.687104592449032e-05)","(0.33550313115119934, 0.10654371976852417, 0.022718045860528946)","(0.36047080159187317, 0.18927258253097534, 0.02356198988854885)","(0.3709035813808441, 0.2702958285808563, 0.028255417943000793)","(0.38511183857917786, 0.32898885011672974, 0.031181080266833305)","(0.3424782156944275, 0.22984133660793304, -0.04266311228275299)","(0.3488461375236511, 0.3315168619155884, -0.0036161919124424458)","(0.3500226140022278, 0.29784637689590454, 0.03747802972793579)","(0.34716856479644775, 0.26251697540283203, 0.06174591928720474)","(0.3106137812137604, 0.23823298513889313, -0.0465468093752861)","(0.321216881275177, 0.33540454506874084, -0.005919379647821188)","(0.32389622926712036, 0.30519789457321167, 0.03007752262055874)","(0.32001134753227234, 0.2738417387008667, 0.04030179977416992)","(0.2801704704761505, 0.23601600527763367, -0.040751438587903976)","(0.2937018573284149, 0.33078479766845703, -0.0007161373505368829)","(0.2983121871948242, 0.3011687994003296, 0.035590045154094696)","(0.2941024899482727, 0.2681884765625, 0.04809914156794548)","(0.25078245997428894, 0.22940145432949066, -0.03168514370918274)","(0.26600560545921326, 0.31196004152297974, 0.0008261912735179067)","(0.27499687671661377, 0.29032930731773376, 0.02901417203247547)","(0.2724766731262207, 0.2582089602947235, 0.042852289974689484)",Position
1454,"(0.2810218334197998, 0.04925420880317688, -4.8950932978186756e-05)","(0.3340066075325012, 0.10183470696210861, 0.020243193954229355)","(0.3592410087585449, 0.1843784600496292, 0.020547430962324142)","(0.369672566652298, 0.26669007539749146, 0.025228295475244522)","(0.38495510816574097, 0.32694345712661743, 0.02836652100086212)","(0.3422049582004547, 0.22736842930316925, -0.04392749071121216)","(0.34989601373672485, 0.32985246181488037, -0.0049131219275295734)","(0.35188817977905273, 0.29746565222740173, 0.03792845085263252)","(0.3493010997772217, 0.2625860869884491, 0.06350522488355637)","(0.30973732471466064, 0.2370544970035553, -0.045655813068151474)","(0.32046908140182495, 0.3370160162448883, -0.00571554945781827)","(0.32488813996315, 0.3082936406135559, 0.032154809683561325)","(0.321666419506073, 0.276906818151474, 0.045187801122665405)","(0.2791290283203125, 0.2349921315908432, -0.03787694126367569)","(0.29270827770233154, 0.3313416838645935, 0.0022550392895936966)","(0.2989046275615692, 0.303314208984375, 0.04121647775173187)","(0.29564765095710754, 0.2717246115207672, 0.05659924075007439)","(0.24982929229736328, 0.22735121846199036, -0.02704707905650139)","(0.26505863666534424, 0.3090354800224304, 0.005702503025531769)","(0.27511066198349, 0.2891652584075928, 0.03491927310824394)","(0.27346816658973694, 0.25859731435775757, 0.0509367398917675)",Position
1455,"(0.27972689270973206, 0.04548150300979614, -4.8803089157445356e-05)","(0.33489078283309937, 0.09634380042552948, 0.01794682815670967)","(0.36272209882736206, 0.1762867420911789, 0.016507912427186966)","(0.3748554289340973, 0.2586080729961395, 0.020469699054956436)","(0.38900867104530334, 0.3194493055343628, 0.023640820756554604)","(0.342440128326416, 0.22854533791542053, -0.04160734638571739)","(0.34824174642562866, 0.3285348117351532, -5.2469255024334416e-05)","(0.3493424355983734, 0.2935679852962494, 0.0410422720015049)","(0.3457087278366089, 0.25682395696640015, 0.06412168592214584)","(0.3092339038848877, 0.23849810659885406, -0.041836559772491455)","(0.31955549120903015, 0.33602532744407654, 0.00207528960891068)","(0.32477977871894836, 0.3067700266838074, 0.04033450409770012)","(0.32168805599212646, 0.2742178738117218, 0.05297739431262016)","(0.2782996892929077, 0.23546884953975677, -0.03275711461901665)","(0.2911352217197418, 0.3307840824127197, 0.008431246504187584)","(0.2978665828704834, 0.3024415671825409, 0.045913904905319214)","(0.29518792033195496, 0.2693348526954651, 0.05968428775668144)","(0.24898555874824524, 0.226690873503685, -0.020801154896616936)","(0.26381218433380127, 0.30827122926712036, 0.011601218953728676)","(0.27399906516075134, 0.28830718994140625, 0.04006512463092804)","(0.27286267280578613, 0.25716590881347656, 0.05601578578352928)",Position
1456,"(0.2762860357761383, 0.044791340827941895, -4.711401561507955e-05)","(0.33330458402633667, 0.085821732878685, 0.014853808097541332)","(0.3647114038467407, 0.15818175673484802, 0.01393567118793726)","(0.37931257486343384, 0.2354743629693985, 0.018500493839383125)","(0.38851743936538696, 0.2956291735172272, 0.023958977311849594)","(0.3415732681751251, 0.22936944663524628, -0.03339334949851036)","(0.3467925786972046, 0.32971230149269104, 0.00913490541279316)","(0.34881505370140076, 0.29733291268348694, 0.04944781959056854)","(0.34497156739234924, 0.2606552541255951, 0.07280760258436203)","(0.30827146768569946, 0.24089020490646362, -0.031135194003582)","(0.319732666015625, 0.33884334564208984, 0.013051660731434822)","(0.3262079358100891, 0.3091692626476288, 0.051760196685791016)","(0.3232339918613434, 0.2764752209186554, 0.06589245051145554)","(0.2777369022369385, 0.23865701258182526, -0.02039586938917637)","(0.2919980585575104, 0.3304804563522339, 0.018463758751749992)","(0.2991617023944855, 0.30188339948654175, 0.05429711192846298)","(0.2968028783798218, 0.26827651262283325, 0.06779592484235764)","(0.24944870173931122, 0.23117198050022125, -0.007265327963978052)","(0.2642562687397003, 0.30868783593177795, 0.023373287171125412)","(0.2740320563316345, 0.29046908020973206, 0.04960617795586586)","(0.2729645371437073, 0.26100605726242065, 0.06440292298793793)",Position
1457,"(0.27526357769966125, 0.0429462194442749, -5.994638195261359e-05)","(0.3324873149394989, 0.08332058787345886, 0.018088294193148613)","(0.36479225754737854, 0.1520734429359436, 0.019824031740427017)","(0.3791877031326294, 0.2267584204673767, 0.02733740396797657)","(0.38405054807662964, 0.2829262912273407, 0.03693583980202675)","(0.3438340425491333, 0.23056745529174805, -0.02928445301949978)","(0.3484017252922058, 0.3299125134944916, 0.015362776815891266)","(0.3507877290248871, 0.3008344769477844, 0.056060533970594406)","(0.3477271497249603, 0.26668208837509155, 0.07913366705179214)","(0.31012746691703796, 0.24166400730609894, -0.0274430550634861)","(0.3202175199985504, 0.3403529226779938, 0.016608884558081627)","(0.32639163732528687, 0.31278902292251587, 0.05605824291706085)","(0.32427749037742615, 0.2805507183074951, 0.07202120125293732)","(0.2787371873855591, 0.23885519802570343, -0.016740350052714348)","(0.29247456789016724, 0.3301277458667755, 0.021431338042020798)","(0.299173504114151, 0.30359137058258057, 0.057893820106983185)","(0.29732367396354675, 0.2706315815448761, 0.07282420992851257)","(0.2495623081922531, 0.23049455881118774, -0.0033533766400069)","(0.2628173530101776, 0.30946338176727295, 0.026088358834385872)","(0.27277296781539917, 0.2938005328178406, 0.05172830820083618)","(0.272969514131546, 0.266005277633667, 0.06741853803396225)",Position
1458,"(0.27441084384918213, 0.04386673867702484, -6.518947338918224e-05)","(0.3320794999599457, 0.08811314404010773, 0.017405886203050613)","(0.36194175481796265, 0.15839719772338867, 0.017430424690246582)","(0.3744755983352661, 0.23347432911396027, 0.023087602108716965)","(0.37962406873703003, 0.2896933853626251, 0.029048314318060875)","(0.3444478213787079, 0.23399770259857178, -0.03292866796255112)","(0.34888601303100586, 0.33286574482917786, 0.010703041218221188)","(0.35068145394325256, 0.2983362674713135, 0.04811927303671837)","(0.3470379710197449, 0.26273113489151, 0.06828194856643677)","(0.31017225980758667, 0.24384552240371704, -0.032122641801834106)","(0.32041776180267334, 0.34074413776397705, 0.013826925307512283)","(0.3264578580856323, 0.3101150393486023, 0.050559934228658676)","(0.3235720992088318, 0.2767552137374878, 0.06298604607582092)","(0.2786548435688019, 0.24079598486423492, -0.022107742726802826)","(0.29239195585250854, 0.33096450567245483, 0.017214776948094368)","(0.2992918789386749, 0.30243468284606934, 0.05065729841589928)","(0.2970523536205292, 0.2688016891479492, 0.06251893192529678)","(0.24983887374401093, 0.23272357881069183, -0.009725910611450672)","(0.2640487849712372, 0.3123331665992737, 0.020880617201328278)","(0.27426010370254517, 0.29545164108276367, 0.04598559811711311)","(0.2740864157676697, 0.2672727108001709, 0.0597892589867115)",Position
1459,"(0.27197641134262085, 0.04417620599269867, -6.564199429703876e-05)","(0.33090150356292725, 0.08874998986721039, 0.015650376677513123)","(0.3602081537246704, 0.1604490876197815, 0.014303908683359623)","(0.3728795349597931, 0.23713570833206177, 0.017846381291747093)","(0.38069963455200195, 0.295795738697052, 0.02111736871302128)","(0.3434264659881592, 0.23535588383674622, -0.03286026045680046)","(0.35156989097595215, 0.3318333327770233, 0.007915986701846123)","(0.3525673449039459, 0.3001147210597992, 0.043949026614427567)","(0.34745803475379944, 0.2656914293766022, 0.0639512687921524)","(0.30977195501327515, 0.24762897193431854, -0.03236526623368263)","(0.32316091656684875, 0.341354638338089, 0.012715165503323078)","(0.3279375433921814, 0.31091225147247314, 0.0486011765897274)","(0.3240290582180023, 0.27848562598228455, 0.061119332909584045)","(0.278617799282074, 0.2463512122631073, -0.022835051640868187)","(0.2949363589286804, 0.33372142910957336, 0.015855221077799797)","(0.30082768201828003, 0.3057583272457123, 0.0490042082965374)","(0.2971702218055725, 0.2727260887622833, 0.06027549132704735)","(0.24991658329963684, 0.23911572992801666, -0.011388508602976799)","(0.2656180262565613, 0.31541067361831665, 0.020094584673643112)","(0.2758539617061615, 0.2983097434043884, 0.045155126601457596)","(0.27493375539779663, 0.2705850601196289, 0.0589202456176281)",Position
1460,"(0.27106231451034546, 0.04520633816719055, -6.406566535588354e-05)","(0.33033251762390137, 0.0918259471654892, 0.015460881404578686)","(0.3597355782985687, 0.16509601473808289, 0.013705366291105747)","(0.373090535402298, 0.2432914674282074, 0.016658155247569084)","(0.3826483488082886, 0.30356451869010925, 0.018818842247128487)","(0.3432610034942627, 0.23881769180297852, -0.03570549190044403)","(0.35481059551239014, 0.3345830738544464, 0.005358531605452299)","(0.35676705837249756, 0.30021509528160095, 0.0437050387263298)","(0.3516443371772766, 0.2647985816001892, 0.06608178466558456)","(0.30907610058784485, 0.24994046986103058, -0.035004422068595886)","(0.32426294684410095, 0.3418421447277069, 0.011190238408744335)","(0.3297204077243805, 0.3097541630268097, 0.04915948212146759)","(0.32620304822921753, 0.27752402424812317, 0.06256948411464691)","(0.2775031626224518, 0.24695105850696564, -0.025190936401486397)","(0.2952672243118286, 0.3333500027656555, 0.014397162944078445)","(0.30152833461761475, 0.30401360988616943, 0.04940670356154442)","(0.2980867922306061, 0.2713269293308258, 0.06185368075966835)","(0.2483140230178833, 0.23805178701877594, -0.013317283242940903)","(0.265146404504776, 0.31411904096603394, 0.01925308257341385)","(0.27539676427841187, 0.29537367820739746, 0.04569914564490318)","(0.2744004428386688, 0.2673231363296509, 0.060896582901477814)",Position
1461,"(0.27349111437797546, 0.040290817618370056, -6.52893868391402e-05)","(0.3298341929912567, 0.09873178601264954, 0.019843194633722305)","(0.3575546145439148, 0.1776345819234848, 0.018567830324172974)","(0.3728916049003601, 0.2611508369445801, 0.021047420799732208)","(0.3941066861152649, 0.3207760453224182, 0.021997742354869843)","(0.34163445234298706, 0.2381562739610672, -0.033000100404024124)","(0.3509613871574402, 0.33624690771102905, 0.008958333171904087)","(0.3509320020675659, 0.2997581362724304, 0.04897059127688408)","(0.34715861082077026, 0.26321619749069214, 0.07160607725381851)","(0.3079623878002167, 0.2484382838010788, -0.03643562272191048)","(0.31919652223587036, 0.3386327624320984, 0.010557365603744984)","(0.32151296734809875, 0.3040732145309448, 0.047197796404361725)","(0.31848034262657166, 0.2713356614112854, 0.057533636689186096)","(0.2761419117450714, 0.24528416991233826, -0.030439188703894615)","(0.2896607220172882, 0.33097365498542786, 0.012747978791594505)","(0.29341456294059753, 0.29818129539489746, 0.04653544723987579)","(0.2904777526855469, 0.2663678228855133, 0.055259231477975845)","(0.24605748057365417, 0.23587839305400848, -0.02208440937101841)","(0.2600575089454651, 0.3101191818714142, 0.012055781669914722)","(0.2681106626987457, 0.28718283772468567, 0.03625379502773285)","(0.2668444812297821, 0.25836560130119324, 0.047095075249671936)",Position
1462,"(0.2721722722053528, 0.038796454668045044, -6.612756988033652e-05)","(0.32864394783973694, 0.09399251639842987, 0.018232978880405426)","(0.35754913091659546, 0.17423734068870544, 0.01747537963092327)","(0.37393057346343994, 0.25740936398506165, 0.02006569132208824)","(0.3978687524795532, 0.3173886835575104, 0.02287716418504715)","(0.33742401003837585, 0.23758094012737274, -0.03078969195485115)","(0.3446676433086395, 0.3386315703392029, 0.010638818144798279)","(0.34465035796165466, 0.3052330017089844, 0.05110244080424309)","(0.34112054109573364, 0.2679770588874817, 0.0745251476764679)","(0.3041529059410095, 0.2470882683992386, -0.03255338594317436)","(0.3155045211315155, 0.3446435332298279, 0.012408086098730564)","(0.3187887370586395, 0.3127925395965576, 0.0515424907207489)","(0.3163951635360718, 0.2791421711444855, 0.06591461598873138)","(0.2734740674495697, 0.24314557015895844, -0.02548944018781185)","(0.2873269021511078, 0.3342786133289337, 0.014753921888768673)","(0.29163244366645813, 0.3033725619316101, 0.051154013723134995)","(0.2891349494457245, 0.27173420786857605, 0.06419042497873306)","(0.24405840039253235, 0.23295021057128906, -0.015903154388070107)","(0.25728827714920044, 0.30907630920410156, 0.015597837045788765)","(0.2661901116371155, 0.28834664821624756, 0.04118155315518379)","(0.2662458121776581, 0.26134851574897766, 0.05509450286626816)",Position
1463,"(0.27085062861442566, 0.03435520827770233, -5.621588570647873e-05)","(0.32896339893341064, 0.08481048047542572, 0.013327759690582752)","(0.360637903213501, 0.16240091621875763, 0.011103878729045391)","(0.3782110810279846, 0.2421920746564865, 0.012540272437036037)","(0.39938995242118835, 0.3060539662837982, 0.015050612390041351)","(0.33478814363479614, 0.23234495520591736, -0.03331446647644043)","(0.3403661847114563, 0.33660921454429626, 0.005258746445178986)","(0.3435348868370056, 0.30982404947280884, 0.0457092821598053)","(0.3417975604534149, 0.27509838342666626, 0.07105748355388641)","(0.30028510093688965, 0.2407018393278122, -0.03145938366651535)","(0.3108023703098297, 0.34612172842025757, 0.009067878127098083)","(0.3179526925086975, 0.31977155804634094, 0.04956759139895439)","(0.317156583070755, 0.28797513246536255, 0.06867320835590363)","(0.2702098786830902, 0.23559503257274628, -0.02122705988585949)","(0.2826913893222809, 0.33176618814468384, 0.015644367784261703)","(0.2910369634628296, 0.3052782416343689, 0.05412064492702484)","(0.2910107672214508, 0.2749912440776825, 0.07117035239934921)","(0.24253305792808533, 0.22480590641498566, -0.008877347223460674)","(0.25451019406318665, 0.3021252751350403, 0.020363541319966316)","(0.2657977342605591, 0.286088764667511, 0.04714617505669594)","(0.2674175500869751, 0.26216021180152893, 0.06470728665590286)",Position
1464,"(0.26907312870025635, 0.03327958285808563, -2.636864701344166e-05)","(0.32833045721054077, 0.07704855501651764, 0.01304960623383522)","(0.3618452250957489, 0.14894282817840576, 0.013413147069513798)","(0.3793763816356659, 0.22482123970985413, 0.017591429874300957)","(0.39239272475242615, 0.287455677986145, 0.02426660619676113)","(0.33257341384887695, 0.22604958713054657, -0.025811344385147095)","(0.3396570682525635, 0.33501705527305603, 0.00698845973238349)","(0.3442647457122803, 0.3215537667274475, 0.04561034217476845)","(0.34344732761383057, 0.29195454716682434, 0.07361580431461334)","(0.2985600531101227, 0.23595623672008514, -0.02165011502802372)","(0.31113141775131226, 0.3436778485774994, 0.013109848834574223)","(0.3192085027694702, 0.32451331615448, 0.05189573019742966)","(0.3187655210494995, 0.2943574786186218, 0.07323028892278671)","(0.269069641828537, 0.23271101713180542, -0.010183198377490044)","(0.2831723392009735, 0.326147198677063, 0.022110965102910995)","(0.29205814003944397, 0.30581051111221313, 0.060030557215213776)","(0.29278984665870667, 0.277612566947937, 0.07858535647392273)","(0.24267417192459106, 0.22333179414272308, 0.003450211836025119)","(0.25480249524116516, 0.2992386519908905, 0.031501542776823044)","(0.26620548963546753, 0.2881227731704712, 0.05913275107741356)","(0.26842358708381653, 0.2654478847980499, 0.07806495577096939)",Position
1465,"(0.26837360858917236, 0.03132815659046173, -3.4726457670331e-05)","(0.32688263058662415, 0.07078887522220612, 0.014780638739466667)","(0.3607071042060852, 0.14028802514076233, 0.01785162277519703)","(0.3779665529727936, 0.21427127718925476, 0.024636246263980865)","(0.3875124156475067, 0.27330848574638367, 0.03335132077336311)","(0.33427250385284424, 0.21865123510360718, -0.023655610159039497)","(0.3449321389198303, 0.3301144540309906, 0.010579440742731094)","(0.3507048487663269, 0.31679144501686096, 0.04975287988781929)","(0.34947264194488525, 0.2859654128551483, 0.07791201025247574)","(0.3010129928588867, 0.23172147572040558, -0.01929730735719204)","(0.3182452619075775, 0.34092050790786743, 0.01968313753604889)","(0.3270260691642761, 0.31973519921302795, 0.0597805418074131)","(0.3259136378765106, 0.28930699825286865, 0.08064936846494675)","(0.2717583477497101, 0.23114314675331116, -0.007851126603782177)","(0.29022809863090515, 0.3256288766860962, 0.026948479935526848)","(0.2999040484428406, 0.30358225107192993, 0.0643274262547493)","(0.29964345693588257, 0.2745160460472107, 0.08186618238687515)","(0.24551784992218018, 0.2244134098291397, 0.0061932699754834175)","(0.26106733083724976, 0.30167219042778015, 0.035528283566236496)","(0.27296778559684753, 0.28828150033950806, 0.06313633918762207)","(0.2741597294807434, 0.2636649012565613, 0.08156783133745193)",Position
1466,"(0.2680932879447937, 0.029318615794181824, -6.018491694703698e-05)","(0.3301095962524414, 0.0741986334323883, 0.016686104238033295)","(0.36153945326805115, 0.14544713497161865, 0.018012814223766327)","(0.37345898151397705, 0.22008582949638367, 0.024589937180280685)","(0.37595051527023315, 0.27411016821861267, 0.03356868773698807)","(0.3402019143104553, 0.21604108810424805, -0.03415389358997345)","(0.34945032000541687, 0.32268664240837097, 0.004695670213550329)","(0.35208359360694885, 0.2938104271888733, 0.04233498498797417)","(0.34783050417900085, 0.25897836685180664, 0.06364098191261292)","(0.30581554770469666, 0.22872459888458252, -0.0323847234249115)","(0.32291948795318604, 0.33612924814224243, 0.008911365643143654)","(0.32975271344184875, 0.30817222595214844, 0.046100717037916183)","(0.32624608278274536, 0.27501165866851807, 0.06028873845934868)","(0.27522316575050354, 0.22989390790462494, -0.021512852981686592)","(0.2937842309474945, 0.3273610472679138, 0.015949081629514694)","(0.3019566535949707, 0.2975967526435852, 0.050338029861450195)","(0.298559308052063, 0.2628297805786133, 0.0630774199962616)","(0.24756383895874023, 0.22576473653316498, -0.008552592247724533)","(0.2653050720691681, 0.30659008026123047, 0.022259889170527458)","(0.2771231532096863, 0.28710001707077026, 0.04847406968474388)","(0.27597883343696594, 0.2567498981952667, 0.06260452419519424)",Position
1467,"(0.26986658573150635, 0.028980255126953125, -6.0171216318849474e-05)","(0.328453928232193, 0.07283702492713928, 0.014211361296474934)","(0.3581121861934662, 0.14406085014343262, 0.01320591103285551)","(0.37153080105781555, 0.21918995678424835, 0.016975685954093933)","(0.3814389109611511, 0.2783045172691345, 0.020988794043660164)","(0.3403763473033905, 0.21581029891967773, -0.03643745183944702)","(0.35037535429000854, 0.32288140058517456, 0.0021853377111256123)","(0.35357892513275146, 0.2965688705444336, 0.041597116738557816)","(0.34999457001686096, 0.2621878385543823, 0.0665435791015625)","(0.3065742552280426, 0.22847098112106323, -0.0340554341673851)","(0.32213616371154785, 0.33420994877815247, 0.0072084711864590645)","(0.32872727513313293, 0.3062562346458435, 0.045303452759981155)","(0.32570669054985046, 0.272848516702652, 0.06239153444766998)","(0.27602419257164, 0.22843994200229645, -0.022724442183971405)","(0.2938101291656494, 0.3241817057132721, 0.014137634076178074)","(0.30124714970588684, 0.2966538369655609, 0.049978215247392654)","(0.2987247407436371, 0.26458027958869934, 0.06484948098659515)","(0.2483525276184082, 0.2231256663799286, -0.009037107229232788)","(0.26459959149360657, 0.3026331663131714, 0.021345434710383415)","(0.27598389983177185, 0.2856214940547943, 0.04847356677055359)","(0.27578288316726685, 0.25807324051856995, 0.06496518850326538)",Position
1468,"(0.2722076177597046, 0.028616681694984436, -4.9660284275887534e-05)","(0.3319305181503296, 0.08276267349720001, 0.021255329251289368)","(0.3601619303226471, 0.16062384843826294, 0.02267315611243248)","(0.3733123242855072, 0.23991096019744873, 0.029036972671747208)","(0.3882582485675812, 0.2978663146495819, 0.03525011986494064)","(0.3444269001483917, 0.21762284636497498, -0.03984575718641281)","(0.3526539206504822, 0.32301488518714905, 0.0010435811709612608)","(0.35267162322998047, 0.29095524549484253, 0.04247758910059929)","(0.3490586280822754, 0.2558601200580597, 0.06691035628318787)","(0.30981016159057617, 0.22857815027236938, -0.04201621189713478)","(0.3222982585430145, 0.33092042803764343, 0.0012749049346894026)","(0.32515567541122437, 0.2996218800544739, 0.03925566375255585)","(0.32189518213272095, 0.2659188508987427, 0.05260767787694931)","(0.27751266956329346, 0.2273329198360443, -0.03431154042482376)","(0.2922314405441284, 0.3237183690071106, 0.005859049037098885)","(0.2963489294052124, 0.29263606667518616, 0.04143981263041496)","(0.2931808531284332, 0.25921115279197693, 0.053594253957271576)","(0.24684271216392517, 0.22105008363723755, -0.023858023807406425)","(0.26182764768600464, 0.3021480143070221, 0.008560724556446075)","(0.2707614004611969, 0.28109821677207947, 0.035126328468322754)","(0.26939964294433594, 0.2508692443370819, 0.048503972589969635)",Position
1469,"(0.27338603138923645, 0.027120694518089294, -5.025999780627899e-05)","(0.33149290084838867, 0.09021145850419998, 0.026071647182106972)","(0.3589707612991333, 0.17073440551757812, 0.029088836163282394)","(0.37282615900039673, 0.25063958764076233, 0.0359489843249321)","(0.3904798924922943, 0.3070213198661804, 0.04194105044007301)","(0.34389156103134155, 0.2182595282793045, -0.038455888628959656)","(0.35064083337783813, 0.32238978147506714, 0.001004359102807939)","(0.34936320781707764, 0.29117172956466675, 0.04097761958837509)","(0.3465835750102997, 0.25671160221099854, 0.06372018158435822)","(0.3098199665546417, 0.22792570292949677, -0.04400583729147911)","(0.3204875886440277, 0.3286186158657074, 0.0011988175101578236)","(0.3212202787399292, 0.29674574732780457, 0.03928931802511215)","(0.31807154417037964, 0.26319918036460876, 0.0509604774415493)","(0.2771114706993103, 0.22581323981285095, -0.039053913205862045)","(0.29035037755966187, 0.3219347596168518, 0.003872648114338517)","(0.2928471863269806, 0.2893756926059723, 0.03982875123620033)","(0.28985193371772766, 0.25587671995162964, 0.050494737923145294)","(0.24552515149116516, 0.21930880844593048, -0.03138761967420578)","(0.26045358180999756, 0.30032795667648315, 0.0033376754727214575)","(0.26817697286605835, 0.27818530797958374, 0.030826082453131676)","(0.26643460988998413, 0.24829339981079102, 0.043318137526512146)",Position
1470,"(0.275225430727005, 0.024037063121795654, -5.4687352530891076e-05)","(0.3300454914569855, 0.08913421630859375, 0.026181655004620552)","(0.3567802906036377, 0.17058256268501282, 0.026624338701367378)","(0.373412162065506, 0.2530037760734558, 0.029871949926018715)","(0.3982526361942291, 0.3088294267654419, 0.03195485472679138)","(0.3396722078323364, 0.2159503847360611, -0.03403303027153015)","(0.3442109525203705, 0.3211190402507782, 0.004153648391366005)","(0.3423731327056885, 0.29028499126434326, 0.043597184121608734)","(0.33996057510375977, 0.2563212513923645, 0.06652077287435532)","(0.30649590492248535, 0.22524923086166382, -0.0401039645075798)","(0.31454116106033325, 0.32552415132522583, 0.003643966745585203)","(0.31472304463386536, 0.2937214970588684, 0.0417802520096302)","(0.3121289014816284, 0.261203408241272, 0.0533328540623188)","(0.27473169565200806, 0.22329753637313843, -0.03653031215071678)","(0.2857919931411743, 0.31839728355407715, 0.005327165592461824)","(0.2880316376686096, 0.2854601740837097, 0.04096505790948868)","(0.28579384088516235, 0.2529328465461731, 0.05124593898653984)","(0.24402578175067902, 0.21667440235614777, -0.029917366802692413)","(0.25663700699806213, 0.2972041964530945, 0.003364711767062545)","(0.26418381929397583, 0.27487075328826904, 0.03007621318101883)","(0.26372045278549194, 0.2461303174495697, 0.041810743510723114)",Position
1471,"(0.2741016149520874, 0.024479642510414124, -5.272964699543081e-05)","(0.32994288206100464, 0.08047989010810852, 0.01630357652902603)","(0.36016497015953064, 0.16147786378860474, 0.013615733943879604)","(0.37751883268356323, 0.24599099159240723, 0.015668055042624474)","(0.4022076725959778, 0.30531346797943115, 0.017447954043745995)","(0.33545562624931335, 0.22008216381072998, -0.04064797982573509)","(0.3421783447265625, 0.3215761184692383, 0.0015490796649828553)","(0.34212526679039, 0.28521788120269775, 0.043815113604068756)","(0.33840835094451904, 0.24723270535469055, 0.06774916499853134)","(0.30111637711524963, 0.22860318422317505, -0.04135142266750336)","(0.31362971663475037, 0.325977623462677, 0.0037566707469522953)","(0.3176175057888031, 0.2930932939052582, 0.04569434002041817)","(0.3147891163825989, 0.2592979371547699, 0.06154043227434158)","(0.2700270116329193, 0.22425881028175354, -0.033372052013874054)","(0.2848302125930786, 0.31751203536987305, 0.006767976563423872)","(0.29015955328941345, 0.28669536113739014, 0.04520558565855026)","(0.2875887155532837, 0.253998339176178, 0.059048302471637726)","(0.24082976579666138, 0.21460041403770447, -0.022495051845908165)","(0.255095899105072, 0.2948048412799835, 0.007374592125415802)","(0.2645748555660248, 0.27398160099983215, 0.03362112119793892)","(0.2646036446094513, 0.2453717291355133, 0.04856185242533684)",Position
1472,"(0.2720170319080353, 0.02487654983997345, -3.8586909795412794e-05)","(0.3295428156852722, 0.07009854912757874, 0.009998681023716927)","(0.36189067363739014, 0.14695826172828674, 0.006767215672880411)","(0.3783336281776428, 0.22808115184307098, 0.008273893035948277)","(0.3953065872192383, 0.29212796688079834, 0.009784676134586334)","(0.3315020799636841, 0.21784332394599915, -0.03974435478448868)","(0.3389465808868408, 0.3237537443637848, -0.0008147378684952855)","(0.3446909785270691, 0.2987990975379944, 0.04097399488091469)","(0.3434670865535736, 0.2630394697189331, 0.06796343624591827)","(0.2969752252101898, 0.22678016126155853, -0.03493697941303253)","(0.3127422332763672, 0.3285209536552429, 0.008572171442210674)","(0.32195350527763367, 0.30151423811912537, 0.05126500129699707)","(0.3201613426208496, 0.2701404094696045, 0.07100125402212143)","(0.26759129762649536, 0.22228850424289703, -0.022174911573529243)","(0.2851666510105133, 0.31466051936149597, 0.014695498161017895)","(0.2953030467033386, 0.29014432430267334, 0.05297950282692909)","(0.2947964370250702, 0.2605058550834656, 0.07035286724567413)","(0.2415691614151001, 0.21283282339572906, -0.00692934961989522)","(0.25675541162490845, 0.291786789894104, 0.021536722779273987)","(0.2691498100757599, 0.27775272727012634, 0.04854074865579605)","(0.2704315781593323, 0.25205492973327637, 0.06666352599859238)",Position
1473,"(0.2721279263496399, 0.025945454835891724, -3.38582722179126e-05)","(0.32933011651039124, 0.06634464859962463, 0.014720096252858639)","(0.36177775263786316, 0.13671985268592834, 0.017807571217417717)","(0.37767282128334045, 0.2109912782907486, 0.02454759180545807)","(0.38725656270980835, 0.2699461877346039, 0.033215947449207306)","(0.33370181918144226, 0.21480056643486023, -0.023451514542102814)","(0.34186887741088867, 0.3225497007369995, 0.013020947575569153)","(0.34781578183174133, 0.3026769757270813, 0.05132967233657837)","(0.3468174636363983, 0.2691986560821533, 0.0774446502327919)","(0.3003063499927521, 0.2261376976966858, -0.019038554280996323)","(0.3171923756599426, 0.33062198758125305, 0.02226962521672249)","(0.32626113295555115, 0.30551251769065857, 0.06152336671948433)","(0.3249252140522003, 0.27467209100723267, 0.08008930087089539)","(0.27122414112091064, 0.2243550419807434, -0.00764297042042017)","(0.28983697295188904, 0.31617891788482666, 0.027452290058135986)","(0.29972901940345764, 0.29206445813179016, 0.06331627070903778)","(0.29896897077560425, 0.26229408383369446, 0.079385906457901)","(0.24550077319145203, 0.21710273623466492, 0.0066584376618266106)","(0.2608978748321533, 0.2941829264163971, 0.035072267055511475)","(0.27311572432518005, 0.28039419651031494, 0.061857789754867554)","(0.27413615584373474, 0.25473225116729736, 0.07967095077037811)",Position
1474,"(0.27387985587120056, 0.02806451916694641, -4.362459367257543e-05)","(0.33293843269348145, 0.07545420527458191, 0.014811853878200054)","(0.3632833659648895, 0.14871837198734283, 0.014763438142836094)","(0.37552404403686523, 0.22566592693328857, 0.020386502146720886)","(0.37935560941696167, 0.28396302461624146, 0.02688734605908394)","(0.34048449993133545, 0.21677753329277039, -0.03728243708610535)","(0.3480236828327179, 0.32116448879241943, 0.0036823919508606195)","(0.3515178859233856, 0.29090744256973267, 0.04307212308049202)","(0.348156213760376, 0.255435585975647, 0.06676196306943893)","(0.3059530556201935, 0.2265407294034958, -0.03487476706504822)","(0.32051846385002136, 0.32939353585243225, 0.008948953822255135)","(0.3277023434638977, 0.30055463314056396, 0.04679671674966812)","(0.32449209690093994, 0.2671855688095093, 0.06099816411733627)","(0.27526071667671204, 0.223810613155365, -0.02347860299050808)","(0.29196929931640625, 0.31763145327568054, 0.014974037185311317)","(0.3002873957157135, 0.28895530104637146, 0.048919472843408585)","(0.29791200160980225, 0.25495660305023193, 0.061263762414455414)","(0.24719199538230896, 0.21654444932937622, -0.009847508743405342)","(0.26323577761650085, 0.2962285280227661, 0.021032998338341713)","(0.2752608060836792, 0.2781221866607666, 0.04598133638501167)","(0.2754078805446625, 0.24854853749275208, 0.059369541704654694)",Position
1475,"(0.2736967206001282, 0.027404233813285828, -5.108521509100683e-05)","(0.33293065428733826, 0.07772734761238098, 0.016611281782388687)","(0.3621975779533386, 0.15186528861522675, 0.014562830328941345)","(0.3747430145740509, 0.2306087166070938, 0.01762356609106064)","(0.3829082250595093, 0.2921832799911499, 0.019436363130807877)","(0.34247392416000366, 0.21614272892475128, -0.04085628688335419)","(0.34935659170150757, 0.320492148399353, 0.00012228995910845697)","(0.3520832359790802, 0.2899962067604065, 0.0396384634077549)","(0.3483693599700928, 0.2550105154514313, 0.06343004107475281)","(0.3078939616680145, 0.22619587182998657, -0.040235988795757294)","(0.32075628638267517, 0.3266468644142151, 0.005019202828407288)","(0.32684126496315, 0.2975982129573822, 0.043471019715070724)","(0.32322242856025696, 0.26492613554000854, 0.05721967667341232)","(0.27624350786209106, 0.22360017895698547, -0.03009006939828396)","(0.29228830337524414, 0.3165600597858429, 0.01007813774049282)","(0.2992846369743347, 0.2880096137523651, 0.04545934498310089)","(0.29618343710899353, 0.25463587045669556, 0.05780728906393051)","(0.24704572558403015, 0.21634548902511597, -0.01750408113002777)","(0.26370924711227417, 0.29622238874435425, 0.015190182253718376)","(0.27462053298950195, 0.278056800365448, 0.04161745309829712)","(0.2737605571746826, 0.24926531314849854, 0.05566839873790741)",Position
1476,"(0.27545052766799927, 0.028787508606910706, -4.634618744603358e-05)","(0.3340815305709839, 0.08600103110074997, 0.016161497682332993)","(0.36241352558135986, 0.16552220284938812, 0.013052533380687237)","(0.3746037185192108, 0.24865658581256866, 0.015564920380711555)","(0.38605594635009766, 0.3110722005367279, 0.017350027337670326)","(0.34426605701446533, 0.22120140492916107, -0.044392481446266174)","(0.35056865215301514, 0.32299190759658813, -0.004347032401710749)","(0.35094138979911804, 0.2874355912208557, 0.034494757652282715)","(0.3470976650714874, 0.25161731243133545, 0.05745699629187584)","(0.3084421455860138, 0.22890226542949677, -0.04517843574285507)","(0.3196868598461151, 0.32413679361343384, 0.0014626587508246303)","(0.32307079434394836, 0.2909635901451111, 0.03886551782488823)","(0.3193708062171936, 0.25807464122772217, 0.04970817267894745)","(0.27549538016319275, 0.2246464192867279, -0.03620978072285652)","(0.28960496187210083, 0.3143825829029083, 0.0058694276958703995)","(0.29497280716896057, 0.28233370184898376, 0.0394563153386116)","(0.29200729727745056, 0.24818745255470276, 0.04770258441567421)","(0.24514780938625336, 0.2159930169582367, -0.025007834658026695)","(0.2603467106819153, 0.29438304901123047, 0.00829400960355997)","(0.2700624167919159, 0.27386805415153503, 0.03322167322039604)","(0.26906105875968933, 0.244352787733078, 0.044586919248104095)",Position
1477,"(0.27593591809272766, 0.024611011147499084, -4.6508412196999416e-05)","(0.33272305130958557, 0.08953031897544861, 0.01956198737025261)","(0.36099034547805786, 0.17120009660720825, 0.017996076494455338)","(0.3762325346469879, 0.25574010610580444, 0.020887689664959908)","(0.3971596360206604, 0.31558167934417725, 0.022296125069260597)","(0.3385595977306366, 0.2238258719444275, -0.035057585686445236)","(0.34515535831451416, 0.32062000036239624, 0.006826105061918497)","(0.34510529041290283, 0.28239715099334717, 0.04482964798808098)","(0.3423641622066498, 0.24561744928359985, 0.06450525671243668)","(0.3041989803314209, 0.23127740621566772, -0.038358304649591446)","(0.3152723014354706, 0.3197539448738098, 0.009235115721821785)","(0.31723010540008545, 0.28483837842941284, 0.04398621991276741)","(0.31351104378700256, 0.2510349154472351, 0.0518450066447258)","(0.27251380681991577, 0.22649632394313812, -0.03260838985443115)","(0.28583192825317383, 0.3122116029262543, 0.010555540211498737)","(0.28995025157928467, 0.2783076763153076, 0.04244915023446083)","(0.2869977355003357, 0.24392986297607422, 0.04920053854584694)","(0.24262624979019165, 0.2164103388786316, -0.02436021901667118)","(0.2568090260028839, 0.29264283180236816, 0.007910286076366901)","(0.2656264007091522, 0.2703791558742523, 0.03128602355718613)","(0.26488158106803894, 0.2401925027370453, 0.04103880003094673)",Position
1478,"(0.27323609590530396, 0.02732217311859131, -3.07348818751052e-05)","(0.33045729994773865, 0.0777883380651474, 0.01503710076212883)","(0.3611520528793335, 0.15460292994976044, 0.0132891945540905)","(0.3767750561237335, 0.23600120842456818, 0.015462617389857769)","(0.3973046541213989, 0.2980544865131378, 0.017268087714910507)","(0.33627399802207947, 0.2219126671552658, -0.035459306091070175)","(0.3451862633228302, 0.3232401907444, 0.006018930114805698)","(0.34707003831863403, 0.2918975055217743, 0.047625403851270676)","(0.34365788102149963, 0.2551825940608978, 0.07222350686788559)","(0.3018746078014374, 0.23149611055850983, -0.03450492396950722)","(0.317849725484848, 0.3298276662826538, 0.009914311580359936)","(0.3238011598587036, 0.29821789264678955, 0.050070568919181824)","(0.3217019736766815, 0.26453307271003723, 0.06529460102319717)","(0.27120646834373474, 0.22705064713954926, -0.025227824226021767)","(0.2884059548377991, 0.31937500834465027, 0.014615390449762344)","(0.295567125082016, 0.28898245096206665, 0.05229310691356659)","(0.2939462661743164, 0.25614506006240845, 0.06645369529724121)","(0.24271905422210693, 0.21688154339790344, -0.013575869612395763)","(0.2580985724925995, 0.29457294940948486, 0.017118064686655998)","(0.268972247838974, 0.2738268971443176, 0.04339093714952469)","(0.2694582939147949, 0.24486586451530457, 0.05858553946018219)",Position
1479,"(0.27209922671318054, 0.028859034180641174, -2.9402415748336352e-05)","(0.3295670747756958, 0.06934760510921478, 0.013055055402219296)","(0.36272668838500977, 0.14168763160705566, 0.014709316194057465)","(0.37893784046173096, 0.2185852974653244, 0.02110431157052517)","(0.3896518647670746, 0.27875906229019165, 0.028128502890467644)","(0.33314573764801025, 0.22006715834140778, -0.029598558321595192)","(0.3424864411354065, 0.32717007398605347, 0.008375264704227448)","(0.34875690937042236, 0.30811259150505066, 0.0489790178835392)","(0.3477376699447632, 0.27594590187072754, 0.07692981511354446)","(0.29905587434768677, 0.22978132963180542, -0.023857004940509796)","(0.3159719407558441, 0.3319225013256073, 0.019609685987234116)","(0.3257167935371399, 0.30677884817123413, 0.06160430610179901)","(0.3248199224472046, 0.2770310342311859, 0.081493079662323)","(0.26969388127326965, 0.2259274572134018, -0.010839804075658321)","(0.2880074977874756, 0.3162088096141815, 0.02629813924431801)","(0.2987506687641144, 0.2925986349582672, 0.06492402404546738)","(0.298794150352478, 0.2640412449836731, 0.08216707408428192)","(0.24379262328147888, 0.2164248675107956, 0.00460129976272583)","(0.25941163301467896, 0.29150182008743286, 0.03521589934825897)","(0.271772176027298, 0.2776767611503601, 0.06298765540122986)","(0.27302849292755127, 0.2538539469242096, 0.0813189148902893)",Position
1480,"(0.27150943875312805, 0.02784666419029236, -3.7089215766172856e-05)","(0.330549418926239, 0.06851556897163391, 0.017611229792237282)","(0.362236887216568, 0.13832813501358032, 0.02293510176241398)","(0.3764433264732361, 0.21212707459926605, 0.03277326747775078)","(0.38333219289779663, 0.2671733796596527, 0.044319700449705124)","(0.33729287981987, 0.21682855486869812, -0.026637040078639984)","(0.34683722257614136, 0.32278570532798767, 0.011211279779672623)","(0.3518829643726349, 0.3016144633293152, 0.05114969611167908)","(0.3493284583091736, 0.26882049441337585, 0.07733713090419769)","(0.30330583453178406, 0.22808261215686798, -0.022891424596309662)","(0.3204410970211029, 0.3312451243400574, 0.0202795397490263)","(0.3290117383003235, 0.3067058324813843, 0.06187370792031288)","(0.32726192474365234, 0.27711933851242065, 0.08109936118125916)","(0.27322089672088623, 0.22653765976428986, -0.011289791204035282)","(0.29180383682250977, 0.3175082206726074, 0.02615967020392418)","(0.30135372281074524, 0.2926480174064636, 0.06433591991662979)","(0.3000132441520691, 0.26297828555107117, 0.08100645989179611)","(0.24629077315330505, 0.21955782175064087, 0.0032382220961153507)","(0.2626548111438751, 0.29447293281555176, 0.034030672162771225)","(0.2747694253921509, 0.2799232006072998, 0.06140311434864998)","(0.2753610908985138, 0.25562888383865356, 0.07849735766649246)",Position
1481,"(0.2714303433895111, 0.027674078941345215, -4.830774196307175e-05)","(0.33044081926345825, 0.07214874029159546, 0.011856209486722946)","(0.3613525629043579, 0.14364197850227356, 0.011636622250080109)","(0.3747936189174652, 0.22073839604854584, 0.01658962294459343)","(0.3808881938457489, 0.2802678346633911, 0.021997570991516113)","(0.3381674587726593, 0.2158750295639038, -0.03798579052090645)","(0.35090935230255127, 0.32018163800239563, -0.0002598788414616138)","(0.3568907678127289, 0.2937477231025696, 0.03897794708609581)","(0.35361072421073914, 0.26087114214897156, 0.06377708166837692)","(0.303943395614624, 0.2274864763021469, -0.03355100750923157)","(0.32376450300216675, 0.32901012897491455, 0.01010371744632721)","(0.33298394083976746, 0.30124372243881226, 0.04995715618133545)","(0.33009567856788635, 0.2708883285522461, 0.06712323427200317)","(0.27389946579933167, 0.22632919251918793, -0.02067416161298752)","(0.29461973905563354, 0.3168743848800659, 0.01715930551290512)","(0.3044966757297516, 0.2889055013656616, 0.05346180498600006)","(0.3018110990524292, 0.2578310966491699, 0.06837581098079681)","(0.24709317088127136, 0.22007663547992706, -0.005909133702516556)","(0.26493141055107117, 0.2969743311405182, 0.02463611401617527)","(0.2780115008354187, 0.2805916666984558, 0.05091935768723488)","(0.27797484397888184, 0.2537769377231598, 0.06639451533555984)",Position
1482,"(0.272539883852005, 0.029752731323242188, -4.450339110917412e-05)","(0.3327714800834656, 0.08238612115383148, 0.01277527678757906)","(0.362806499004364, 0.15690632164478302, 0.007746865041553974)","(0.37643149495124817, 0.23595747351646423, 0.008226937614381313)","(0.38696327805519104, 0.29897311329841614, 0.007362185511738062)","(0.34111034870147705, 0.21819284558296204, -0.044884443283081055)","(0.3503913879394531, 0.32236558198928833, -0.006252085790038109)","(0.35360661149024963, 0.28972673416137695, 0.031381234526634216)","(0.3499261736869812, 0.25367075204849243, 0.053506411612033844)","(0.3062940537929535, 0.22842401266098022, -0.04394334927201271)","(0.3220632076263428, 0.3263333737850189, 0.0004401506157591939)","(0.3275330066680908, 0.2954862415790558, 0.03590332716703415)","(0.3231644034385681, 0.2631383240222931, 0.04636707901954651)","(0.27464404702186584, 0.22655951976776123, -0.03408932313323021)","(0.29300981760025024, 0.31735748052597046, 0.006437521427869797)","(0.2997180223464966, 0.28582167625427246, 0.03910373896360397)","(0.2957218885421753, 0.25133216381073, 0.04824841395020485)","(0.24542519450187683, 0.22052444517612457, -0.022217489778995514)","(0.2637896239757538, 0.2995479106903076, 0.01021631434559822)","(0.2745979428291321, 0.27877387404441833, 0.035528525710105896)","(0.2729482054710388, 0.24780717492103577, 0.04744137078523636)",Position
1483,"(0.2741732895374298, 0.02989862859249115, -4.4876676838612184e-05)","(0.3314729630947113, 0.08930022269487381, 0.017087306827306747)","(0.35988032817840576, 0.1707724928855896, 0.014209050685167313)","(0.37430575489997864, 0.2540602385997772, 0.017086969688534737)","(0.39223384857177734, 0.3133005201816559, 0.019288690760731697)","(0.33995598554611206, 0.22095392644405365, -0.046876806765794754)","(0.34974730014801025, 0.3220348060131073, -0.006720274221152067)","(0.3497716784477234, 0.28638318181037903, 0.03339555859565735)","(0.3460872769355774, 0.2509000599384308, 0.056297678500413895)","(0.3050721287727356, 0.23025313019752502, -0.04886492341756821)","(0.31962981820106506, 0.32465219497680664, -0.004011867567896843)","(0.32226264476776123, 0.29125556349754333, 0.032424960285425186)","(0.31843939423561096, 0.2581672668457031, 0.042131032794713974)","(0.27299270033836365, 0.22758066654205322, -0.04110259935259819)","(0.2893323302268982, 0.316537082195282, 0.0010144812986254692)","(0.2941361963748932, 0.28368061780929565, 0.03387400507926941)","(0.2907717823982239, 0.2496774047613144, 0.04140939563512802)","(0.24294111132621765, 0.2200603038072586, -0.030783317983150482)","(0.25938186049461365, 0.2975122332572937, 0.001877511152997613)","(0.26861143112182617, 0.2747464179992676, 0.026248367503285408)","(0.2668936550617218, 0.24388976395130157, 0.03651783615350723)",Position
1484,"(0.2735788822174072, 0.0293293297290802, -4.88327641505748e-05)","(0.3307862877845764, 0.08840600401163101, 0.015012683346867561)","(0.3590705096721649, 0.17095112800598145, 0.011609628796577454)","(0.3728070855140686, 0.25560423731803894, 0.013866836205124855)","(0.3916622996330261, 0.316580206155777, 0.01583094336092472)","(0.3363376557826996, 0.22375331819057465, -0.045115090906620026)","(0.3428831696510315, 0.32418906688690186, -0.004169669933617115)","(0.3434392213821411, 0.2870320677757263, 0.03580627217888832)","(0.34071987867355347, 0.25032949447631836, 0.057876456528902054)","(0.30160683393478394, 0.23128493130207062, -0.0459434874355793)","(0.31395983695983887, 0.3252759277820587, 9.48305387282744e-05)","(0.3171066641807556, 0.2912604808807373, 0.03749511018395424)","(0.3137454390525818, 0.25797039270401, 0.04784853383898735)","(0.27014121413230896, 0.22728531062602997, -0.03767845034599304)","(0.2844340205192566, 0.31631237268447876, 0.00469560269266367)","(0.2895950973033905, 0.28376370668411255, 0.03838488459587097)","(0.2867555022239685, 0.2500523328781128, 0.0466076135635376)","(0.24080339074134827, 0.21902495622634888, -0.027072664350271225)","(0.2561556100845337, 0.29594963788986206, 0.005349183455109596)","(0.2654638886451721, 0.27319857478141785, 0.030019234865903854)","(0.2642728090286255, 0.24274908006191254, 0.040864139795303345)",Position
1485,"(0.2721991240978241, 0.031066223978996277, -3.9652739360462874e-05)","(0.3288763463497162, 0.0793299674987793, 0.012555389665067196)","(0.3599342703819275, 0.15762771666049957, 0.009487162344157696)","(0.375421404838562, 0.2397337555885315, 0.010477242060005665)","(0.3924561142921448, 0.3031579256057739, 0.010427727364003658)","(0.33324283361434937, 0.21991287171840668, -0.04182222858071327)","(0.3408125638961792, 0.3285071849822998, -0.0047281598672270775)","(0.34640932083129883, 0.3077402114868164, 0.036570873111486435)","(0.3452949821949005, 0.27410656213760376, 0.06419064849615097)","(0.29868897795677185, 0.22949650883674622, -0.03897017985582352)","(0.31527382135391235, 0.33051422238349915, 0.005358462687581778)","(0.32344260811805725, 0.3019866943359375, 0.04902195185422897)","(0.3208651542663574, 0.270287424325943, 0.0676165223121643)","(0.26841306686401367, 0.2261032909154892, -0.028015168383717537)","(0.28673189878463745, 0.31648778915405273, 0.010552543215453625)","(0.29587048292160034, 0.28891777992248535, 0.049640215933322906)","(0.29419660568237305, 0.2587679922580719, 0.06575652956962585)","(0.2412247210741043, 0.21770624816417694, -0.014851660467684269)","(0.2580641508102417, 0.29427310824394226, 0.015306799672544003)","(0.2701605558395386, 0.2767413854598999, 0.043688978999853134)","(0.2704785168170929, 0.24996790289878845, 0.06042374297976494)",Position
1486,"(0.27077510952949524, 0.029976069927215576, -3.741218461073004e-05)","(0.32680612802505493, 0.06968054175376892, 0.015630748122930527)","(0.3613196611404419, 0.14134594798088074, 0.018689822405576706)","(0.37853866815567017, 0.2173876315355301, 0.025690872222185135)","(0.38644909858703613, 0.2756619155406952, 0.03288578242063522)","(0.3316204249858856, 0.21596205234527588, -0.030054422095417976)","(0.3410912752151489, 0.32786011695861816, 0.002097194781526923)","(0.3497888445854187, 0.3229122757911682, 0.04100121185183525)","(0.351335734128952, 0.2985432744026184, 0.07019942253828049)","(0.2979961931705475, 0.2283000648021698, -0.025762466713786125)","(0.3176806569099426, 0.3319934010505676, 0.01480982918292284)","(0.32831743359565735, 0.3105407655239105, 0.05814988538622856)","(0.3278329372406006, 0.28270721435546875, 0.08018422871828079)","(0.26851049065589905, 0.22735950350761414, -0.014179148711264133)","(0.2893136441707611, 0.31678080558776855, 0.021852245554327965)","(0.30035167932510376, 0.29394036531448364, 0.06077484413981438)","(0.2999590337276459, 0.2659251391887665, 0.07871964573860168)","(0.2427385449409485, 0.22012095153331757, 9.698800568003207e-05)","(0.2600949704647064, 0.2959280014038086, 0.030394572764635086)","(0.27293503284454346, 0.28225281834602356, 0.059525515884160995)","(0.273845374584198, 0.25739985704421997, 0.07789168506860733)",Position
1487,"(0.2703203558921814, 0.027990713715553284, -4.9833608500193805e-05)","(0.3303799033164978, 0.07001031935214996, 0.015886742621660233)","(0.3623873293399811, 0.1428048312664032, 0.019511768594384193)","(0.37567228078842163, 0.21942183375358582, 0.027705606073141098)","(0.38102829456329346, 0.2762307822704315, 0.03646107390522957)","(0.33910641074180603, 0.217499241232872, -0.030051065608859062)","(0.35075801610946655, 0.32071152329444885, 0.009243056178092957)","(0.3558344841003418, 0.2944733500480652, 0.04732494056224823)","(0.35283219814300537, 0.2624320685863495, 0.06976430118083954)","(0.305167019367218, 0.23026344180107117, -0.027153227478265762)","(0.3246229290962219, 0.3301667869091034, 0.017539557069540024)","(0.3327191472053528, 0.3010883927345276, 0.05593433603644371)","(0.32934898138046265, 0.2707076072692871, 0.07090716809034348)","(0.2749846875667572, 0.23011448979377747, -0.01611417718231678)","(0.29527950286865234, 0.3200206756591797, 0.02288961037993431)","(0.30367928743362427, 0.28995656967163086, 0.05826440453529358)","(0.3002021610736847, 0.2575741708278656, 0.07219937443733215)","(0.24750648438930511, 0.22436730563640594, -0.0028597554191946983)","(0.2647880017757416, 0.3007272481918335, 0.027111994102597237)","(0.27645668387413025, 0.28192412853240967, 0.05268118530511856)","(0.27554821968078613, 0.25252801179885864, 0.06753797084093094)",Position
1488,"(0.2718905806541443, 0.031264811754226685, -6.291713361861184e-05)","(0.3314206898212433, 0.07603266835212708, 0.011307384818792343)","(0.3622974753379822, 0.15039050579071045, 0.009717796929180622)","(0.3757409155368805, 0.22839385271072388, 0.01395508274435997)","(0.3832564949989319, 0.2880856692790985, 0.017835251986980438)","(0.33963197469711304, 0.22021549940109253, -0.04141612723469734)","(0.3522130846977234, 0.32455798983573914, -0.0020117585081607103)","(0.35818538069725037, 0.29325979948043823, 0.0379193015396595)","(0.3549104928970337, 0.25828951597213745, 0.0627032220363617)","(0.3050432503223419, 0.23124997317790985, -0.03724021837115288)","(0.32441335916519165, 0.3322407007217407, 0.007422618102282286)","(0.3332769572734833, 0.30181774497032166, 0.046348974108695984)","(0.32964539527893066, 0.2699703872203827, 0.061437975615262985)","(0.2745198607444763, 0.2290741205215454, -0.02411486580967903)","(0.2951768934726715, 0.32065829634666443, 0.01485485676676035)","(0.3047921359539032, 0.29111817479133606, 0.050679199397563934)","(0.30176377296447754, 0.2585326135158539, 0.06445342302322388)","(0.24715980887413025, 0.22172440588474274, -0.009222117252647877)","(0.265166699886322, 0.2989876866340637, 0.021724805235862732)","(0.2781944274902344, 0.2807828187942505, 0.0481191910803318)","(0.277975469827652, 0.2524520456790924, 0.06288198381662369)",Position
1489,"(0.2740398645401001, 0.029080748558044434, -4.2183673940598965e-05)","(0.333583801984787, 0.0848466157913208, 0.014757191762328148)","(0.3622618317604065, 0.16269375383853912, 0.011908700689673424)","(0.3750590980052948, 0.2439364194869995, 0.014335357584059238)","(0.38793885707855225, 0.30591893196105957, 0.014561882242560387)","(0.342019259929657, 0.22221779823303223, -0.04324837401509285)","(0.351576030254364, 0.3251771628856659, -0.004180393181741238)","(0.35451680421829224, 0.2923632562160492, 0.03396578133106232)","(0.3508325219154358, 0.25764647126197815, 0.056421831250190735)","(0.3069036900997162, 0.23143266141414642, -0.043039631098508835)","(0.3228892683982849, 0.32773709297180176, 0.003034658031538129)","(0.32820332050323486, 0.29499033093452454, 0.04020556062459946)","(0.32406386733055115, 0.26202958822250366, 0.05121610686182976)","(0.2749488651752472, 0.22789157927036285, -0.0337458960711956)","(0.29368856549263, 0.3182346820831299, 0.007976800203323364)","(0.3003976345062256, 0.28586024045944214, 0.04235820844769478)","(0.2962742745876312, 0.2518675625324249, 0.05196370556950569)","(0.24524834752082825, 0.21941561996936798, -0.02221244014799595)","(0.263759046792984, 0.2985093891620636, 0.010978741571307182)","(0.2747233510017395, 0.2777596712112427, 0.037347495555877686)","(0.2727868854999542, 0.24799427390098572, 0.05000496283173561)",Position
1490,"(0.27515971660614014, 0.029235392808914185, -4.43457902292721e-05)","(0.33170220255851746, 0.09009309858083725, 0.019487110897898674)","(0.3590622842311859, 0.17244532704353333, 0.018020858988165855)","(0.3734825849533081, 0.2550026476383209, 0.02158849500119686)","(0.3945964276790619, 0.3123028576374054, 0.023766417056322098)","(0.34147369861602783, 0.22173462808132172, -0.04549293592572212)","(0.35080984234809875, 0.32371917366981506, -0.006152765359729528)","(0.3494871258735657, 0.28919827938079834, 0.033507682383060455)","(0.3456595540046692, 0.2538153827190399, 0.05607201159000397)","(0.3071674406528473, 0.23125171661376953, -0.048104479908943176)","(0.32107627391815186, 0.3286445140838623, -0.003134832950308919)","(0.3222791254520416, 0.29489806294441223, 0.034536413848400116)","(0.31870484352111816, 0.261548787355423, 0.04477224498987198)","(0.27515149116516113, 0.22848977148532867, -0.04067700356245041)","(0.29082754254341125, 0.3195645809173584, 0.0022787549532949924)","(0.294370174407959, 0.28595229983329773, 0.03662444278597832)","(0.2909572720527649, 0.25251540541648865, 0.04512673243880272)","(0.24466446042060852, 0.22115293145179749, -0.030666189268231392)","(0.2610678970813751, 0.29857274889945984, 0.002574250567704439)","(0.2697228491306305, 0.2753894329071045, 0.02827761135995388)","(0.2678362727165222, 0.24560998380184174, 0.03865818679332733)",Position
1491,"(0.27463841438293457, 0.0279962420463562, -5.321772550814785e-05)","(0.33275455236434937, 0.08869919180870056, 0.015256288461387157)","(0.3610186278820038, 0.1719810664653778, 0.012880195863544941)","(0.37478896975517273, 0.256490021944046, 0.0155847342684865)","(0.39204633235931396, 0.3168545365333557, 0.01652451604604721)","(0.336660236120224, 0.22626835107803345, -0.042449358850717545)","(0.3448752760887146, 0.32677432894706726, -0.0009916011476889253)","(0.34773486852645874, 0.2915162444114685, 0.03866332396864891)","(0.3445621430873871, 0.25438639521598816, 0.06082548573613167)","(0.30184492468833923, 0.23251503705978394, -0.0422525592148304)","(0.3157443702220917, 0.32679587602615356, 0.006094482261687517)","(0.32116785645484924, 0.2940405607223511, 0.04412124305963516)","(0.3177417814731598, 0.26020872592926025, 0.05505511909723282)","(0.2705037295818329, 0.22666266560554504, -0.03254805877804756)","(0.2866610884666443, 0.3157920837402344, 0.010976625606417656)","(0.29376521706581116, 0.28395673632621765, 0.04594215005636215)","(0.2903984785079956, 0.24950259923934937, 0.0552312433719635)","(0.24187451601028442, 0.21621277928352356, -0.020861446857452393)","(0.2586912512779236, 0.29476505517959595, 0.013461107388138771)","(0.26961708068847656, 0.27340126037597656, 0.04015369713306427)","(0.26859232783317566, 0.24265806376934052, 0.05272984877228737)",Position
1492,"(0.2723452150821686, 0.02615351974964142, -4.766667552758008e-05)","(0.33061155676841736, 0.07396654784679413, 0.01375874038785696)","(0.36222323775291443, 0.14896219968795776, 0.013841771520674229)","(0.3775440454483032, 0.22757303714752197, 0.01812819577753544)","(0.39126425981521606, 0.2905603051185608, 0.021602075546979904)","(0.3340960144996643, 0.22184817492961884, -0.03466584533452988)","(0.3433994948863983, 0.3253137469291687, 0.004874611273407936)","(0.34987926483154297, 0.30103692412376404, 0.04462207108736038)","(0.3486050069332123, 0.2673211395740509, 0.06929294019937515)","(0.2995648682117462, 0.2314385622739792, -0.03066677413880825)","(0.3181851804256439, 0.3288106322288513, 0.016439741477370262)","(0.3274197280406952, 0.2988969683647156, 0.05775737762451172)","(0.3246939778327942, 0.26771408319473267, 0.0739346593618393)","(0.26957234740257263, 0.22763583064079285, -0.018418142572045326)","(0.28942742943763733, 0.3156915009021759, 0.02269742265343666)","(0.2990637719631195, 0.28713470697402954, 0.061062589287757874)","(0.29687947034835815, 0.2563585042953491, 0.07640444487333298)","(0.24244600534439087, 0.21836155652999878, -0.003914866596460342)","(0.2593345642089844, 0.29496508836746216, 0.027628213167190552)","(0.2720089852809906, 0.2770703434944153, 0.0556008405983448)","(0.2723373472690582, 0.248801127076149, 0.07235047966241837)",Position
1493,"(0.27314284443855286, 0.025391459465026855, -4.477503534872085e-05)","(0.3305051624774933, 0.06578144431114197, 0.015398397110402584)","(0.3638896346092224, 0.13613106310367584, 0.01948467828333378)","(0.3803173899650574, 0.21108607947826385, 0.028345724567770958)","(0.387419730424881, 0.2685977518558502, 0.03819679468870163)","(0.33391207456588745, 0.21767958998680115, -0.026418594643473625)","(0.3453481197357178, 0.32325005531311035, 0.01166493445634842)","(0.35358163714408875, 0.3037017583847046, 0.051420457661151886)","(0.3532484173774719, 0.27227669954299927, 0.07765329629182816)","(0.3000255823135376, 0.22906817495822906, -0.020635001361370087)","(0.3208860158920288, 0.3289025127887726, 0.025088006630539894)","(0.3315049707889557, 0.30177879333496094, 0.0672253891825676)","(0.32955417037010193, 0.27193233370780945, 0.08529436588287354)","(0.27080029249191284, 0.22670722007751465, -0.006989938672631979)","(0.29237860441207886, 0.31457793712615967, 0.03237779811024666)","(0.30359286069869995, 0.2877133786678314, 0.07088371366262436)","(0.30202239751815796, 0.25712457299232483, 0.08696337044239044)","(0.2451951801776886, 0.2188681960105896, 0.009113741107285023)","(0.26272016763687134, 0.29414278268814087, 0.040921904146671295)","(0.27566275000572205, 0.27848416566848755, 0.06970074027776718)","(0.27588826417922974, 0.25178712606430054, 0.08751180022954941)",Position
1494,"(0.27417540550231934, 0.02722051739692688, -4.434636139194481e-05)","(0.333280086517334, 0.07108476758003235, 0.014277626760303974)","(0.363842248916626, 0.143167182803154, 0.01604665070772171)","(0.37642812728881836, 0.21913941204547882, 0.02320137619972229)","(0.3806796669960022, 0.2746667265892029, 0.031118014827370644)","(0.338807612657547, 0.2185913324356079, -0.03418026864528656)","(0.3502182364463806, 0.32150229811668396, 0.0056489137932658195)","(0.3558853268623352, 0.291892409324646, 0.04388448968529701)","(0.3522981107234955, 0.2575967311859131, 0.06645282357931137)","(0.3050234019756317, 0.22897812724113464, -0.030528267845511436)","(0.3248133361339569, 0.3290858864784241, 0.015133037231862545)","(0.3332403898239136, 0.2984762489795685, 0.05341968685388565)","(0.32912391424179077, 0.2667476236820221, 0.06713451445102692)","(0.275145947933197, 0.22734080255031586, -0.018454894423484802)","(0.29566794633865356, 0.3164459466934204, 0.021194640547037125)","(0.3047157824039459, 0.2849770784378052, 0.05503221973776817)","(0.30091238021850586, 0.25215399265289307, 0.06672509759664536)","(0.2483239322900772, 0.2207665741443634, -0.004235877189785242)","(0.26634541153907776, 0.2964693009853363, 0.026617251336574554)","(0.27834343910217285, 0.276578426361084, 0.05151984095573425)","(0.2771328091621399, 0.24779582023620605, 0.0645928829908371)",Position
1495,"(0.2734687328338623, 0.028715386986732483, -4.9195747124031186e-05)","(0.3327792286872864, 0.07737882435321808, 0.011402713134884834)","(0.3624970018863678, 0.1521586775779724, 0.008430537767708302)","(0.3752884864807129, 0.23089195787906647, 0.011124483309686184)","(0.38271087408065796, 0.2919359505176544, 0.012539749965071678)","(0.33971908688545227, 0.21932317316532135, -0.04305790364742279)","(0.3520636558532715, 0.3220982253551483, -0.00344674801453948)","(0.35700154304504395, 0.28868284821510315, 0.034703366458415985)","(0.35302385687828064, 0.2531091272830963, 0.057139474898576736)","(0.30525511503219604, 0.2290344536304474, -0.040008582174777985)","(0.3243616223335266, 0.3259206712245941, 0.007234802469611168)","(0.33130180835723877, 0.29383060336112976, 0.043892230838537216)","(0.32620635628700256, 0.2617393136024475, 0.05492570623755455)","(0.2744687795639038, 0.22657953202724457, -0.028565477579832077)","(0.29551368951797485, 0.31492358446121216, 0.013096656650304794)","(0.30357101559638977, 0.28311243653297424, 0.04551437497138977)","(0.29903939366340637, 0.2498837262392044, 0.054593123495578766)","(0.24667511880397797, 0.2198755443096161, -0.015186811797320843)","(0.26634109020233154, 0.29623883962631226, 0.017580874264240265)","(0.27773749828338623, 0.27550289034843445, 0.042332105338573456)","(0.27534154057502747, 0.24602991342544556, 0.054147541522979736)",Position
1496,"(0.27387502789497375, 0.028326809406280518, -3.950913014705293e-05)","(0.33270856738090515, 0.0866670235991478, 0.017549918964505196)","(0.36075812578201294, 0.16449475288391113, 0.014802339486777782)","(0.37268632650375366, 0.24598686397075653, 0.016771048307418823)","(0.38478565216064453, 0.3074655830860138, 0.016881141811609268)","(0.3413856327533722, 0.2218923270702362, -0.042755208909511566)","(0.35077646374702454, 0.32339635491371155, -0.0031249087769538164)","(0.35289672017097473, 0.29160118103027344, 0.035057585686445236)","(0.3493867814540863, 0.25662127137184143, 0.05673656240105629)","(0.30674582719802856, 0.22994020581245422, -0.04478450492024422)","(0.3221929669380188, 0.32410019636154175, 0.00197436916641891)","(0.3254223167896271, 0.2905327081680298, 0.03835126757621765)","(0.320612370967865, 0.2571605145931244, 0.0476502887904644)","(0.27456384897232056, 0.22604812681674957, -0.03742576390504837)","(0.2930060029029846, 0.31415700912475586, 0.005906787235289812)","(0.2980908453464508, 0.2810477614402771, 0.03893483057618141)","(0.2934146225452423, 0.24722762405872345, 0.04661041498184204)","(0.24395103752613068, 0.21704547107219696, -0.027758702635765076)","(0.26361536979675293, 0.29406630992889404, 0.007038071285933256)","(0.27337247133255005, 0.27140504121780396, 0.03268515318632126)","(0.27028214931488037, 0.2408342808485031, 0.04352298751473427)",Position
1497,"(0.27663522958755493, 0.02826237678527832, -4.5130331272957847e-05)","(0.33155083656311035, 0.0911756232380867, 0.02308284118771553)","(0.35698047280311584, 0.17127500474452972, 0.023450231179594994)","(0.36878886818885803, 0.2532855272293091, 0.02740854024887085)","(0.387189656496048, 0.3121369779109955, 0.029821820557117462)","(0.34177032113075256, 0.22007203102111816, -0.04010473191738129)","(0.3508419692516327, 0.32407593727111816, -0.0035725152119994164)","(0.3517829477787018, 0.2991577386856079, 0.03461039811372757)","(0.34993481636047363, 0.267764151096344, 0.057400982826948166)","(0.3070729970932007, 0.2275455892086029, -0.04413556680083275)","(0.3212740123271942, 0.3244534432888031, 0.0007429555407725275)","(0.32342496514320374, 0.29313191771507263, 0.03743783384561539)","(0.3207300007343292, 0.26110878586769104, 0.04773880913853645)","(0.274312287569046, 0.22321471571922302, -0.038514394313097)","(0.2904495298862457, 0.31180548667907715, 0.005395019892603159)","(0.29476213455200195, 0.27928832173347473, 0.03978932276368141)","(0.291612833738327, 0.24717029929161072, 0.04875458776950836)","(0.24263234436511993, 0.21395960450172424, -0.030432535335421562)","(0.2596166729927063, 0.2891837954521179, 0.003699042834341526)","(0.2687615156173706, 0.266750305891037, 0.029994208365678787)","(0.26667076349258423, 0.23749569058418274, 0.04066633805632591)",Release
1498,"(0.2756078541278839, 0.021585553884506226, -5.200013401918113e-05)","(0.3308192193508148, 0.08853740990161896, 0.02008337341248989)","(0.3552520275115967, 0.17346546053886414, 0.018339714035391808)","(0.36729440093040466, 0.25855889916419983, 0.020609047263860703)","(0.38844114542007446, 0.3187217116355896, 0.020355794578790665)","(0.33544591069221497, 0.21606136858463287, -0.04308926686644554)","(0.34320566058158875, 0.3154241740703583, -0.0038850882556289434)","(0.3456212878227234, 0.27868691086769104, 0.03392584249377251)","(0.34405818581581116, 0.2421998232603073, 0.0538245253264904)","(0.30139559507369995, 0.22222474217414856, -0.045933689922094345)","(0.3144022226333618, 0.3113265931606293, 0.0007729532080702484)","(0.3172649145126343, 0.2752879559993744, 0.03383200243115425)","(0.31294289231300354, 0.24197249114513397, 0.040207430720329285)","(0.26946356892585754, 0.21724726259708405, -0.03987313434481621)","(0.2849355638027191, 0.2986043393611908, 0.006863583344966173)","(0.2896472215652466, 0.2641755938529968, 0.03750709071755409)","(0.28530368208885193, 0.22962874174118042, 0.04207933694124222)","(0.2388385832309723, 0.2073439359664917, -0.031523674726486206)","(0.25687575340270996, 0.27845168113708496, 0.003591969609260559)","(0.2657872140407562, 0.2542042136192322, 0.02577790804207325)","(0.2626084089279175, 0.22205950319766998, 0.03311510011553764)",Release
1499,"(0.26989537477493286, 0.008707791566848755, -4.058477497892454e-05)","(0.33006060123443604, 0.06694267690181732, 0.016897326335310936)","(0.3580252528190613, 0.14602920413017273, 0.01861421763896942)","(0.3696870803833008, 0.22502955794334412, 0.023772617802023888)","(0.38533103466033936, 0.28403574228286743, 0.02687639370560646)","(0.32787665724754333, 0.2069701999425888, -0.03178687021136284)","(0.34345152974128723, 0.29167640209198, 0.006543537601828575)","(0.34971341490745544, 0.25543928146362305, 0.03884074091911316)","(0.34672537446022034, 0.2216448187828064, 0.055031806230545044)","(0.2939465641975403, 0.21560432016849518, -0.03191092237830162)","(0.3176093101501465, 0.29384517669677734, 0.014824406243860722)","(0.32427772879600525, 0.25684601068496704, 0.047586310654878616)","(0.31700798869132996, 0.2248319685459137, 0.05590847507119179)","(0.2643198072910309, 0.21047566831111908, -0.024520086124539375)","(0.2881893217563629, 0.28536853194236755, 0.018278146162629128)","(0.29636234045028687, 0.25133848190307617, 0.048777028918266296)","(0.2892332971096039, 0.21710088849067688, 0.0571238175034523)","(0.236556738615036, 0.19803157448768616, -0.01491516549140215)","(0.25870734453201294, 0.26492899656295776, 0.016620270907878876)","(0.27034956216812134, 0.24349994957447052, 0.03894789516925812)","(0.2663206458091736, 0.21295031905174255, 0.05042417347431183)",Reach
1500,"(0.27016183733940125, -0.007418528199195862, -3.1277842936106026e-05)","(0.32989856600761414, 0.044653356075286865, 0.015406918711960316)","(0.3597782552242279, 0.12100836634635925, 0.01565686985850334)","(0.37555068731307983, 0.2007545679807663, 0.020179562270641327)","(0.39677873253822327, 0.25699159502983093, 0.021496063098311424)","(0.3275034725666046, 0.18788237869739532, -0.03073098324239254)","(0.34364011883735657, 0.2671564519405365, 0.01273114699870348)","(0.34820517897605896, 0.2316121608018875, 0.04873579367995262)","(0.34336939454078674, 0.19943901896476746, 0.06650003045797348)","(0.2928667366504669, 0.19634877145290375, -0.028098180890083313)","(0.31729620695114136, 0.2731430232524872, 0.02262313850224018)","(0.3238331973552704, 0.23638716340065002, 0.059388574212789536)","(0.31606525182724, 0.20419880747795105, 0.07056839019060135)","(0.26335620880126953, 0.19074620306491852, -0.017862562090158463)","(0.2870091497898102, 0.2643064856529236, 0.028028715401887894)","(0.29563236236572266, 0.23025912046432495, 0.06039886176586151)","(0.2891055941581726, 0.19628261029720306, 0.06962361186742783)","(0.23681582510471344, 0.17801454663276672, -0.005796280689537525)","(0.2586804926395416, 0.24197053909301758, 0.02741474099457264)","(0.26987728476524353, 0.21983806788921356, 0.049956876784563065)","(0.2665298283100128, 0.1898319125175476, 0.06138569116592407)",Reach
1501,"(0.27432507276535034, -0.029493972659111023, -1.7827172996476293e-05)","(0.3330133855342865, 0.017805233597755432, 0.016324350610375404)","(0.36050641536712646, 0.08996983617544174, 0.01801101490855217)","(0.37529659271240234, 0.16532093286514282, 0.02356325089931488)","(0.396168053150177, 0.21913620829582214, 0.028291745111346245)","(0.32938021421432495, 0.15920038521289825, -0.029777294024825096)","(0.34836849570274353, 0.2376263290643692, 0.012763559818267822)","(0.35178902745246887, 0.19720111787319183, 0.04834696650505066)","(0.34486478567123413, 0.16306349635124207, 0.06647061556577682)","(0.2954694330692291, 0.16798722743988037, -0.027630629017949104)","(0.32214564085006714, 0.24391812086105347, 0.02304627187550068)","(0.32831960916519165, 0.20562219619750977, 0.06138842925429344)","(0.3202076554298401, 0.17338193953037262, 0.07331780344247818)","(0.26706400513648987, 0.1625470072031021, -0.017483701929450035)","(0.29317721724510193, 0.23656640946865082, 0.027360031381249428)","(0.30119457840919495, 0.20198842883110046, 0.05980953201651573)","(0.2934551537036896, 0.16784128546714783, 0.06920207291841507)","(0.24151654541492462, 0.1500464528799057, -0.005329643376171589)","(0.26603904366493225, 0.21111378073692322, 0.02802724950015545)","(0.27662602066993713, 0.18785007297992706, 0.05165773630142212)","(0.2723115384578705, 0.15808160603046417, 0.0634969174861908)",Reach
1502,"(0.282194584608078, -0.0545617938041687, -3.888205174007453e-05)","(0.3387603759765625, -0.011064350605010986, 0.014121800661087036)","(0.3644920885562897, 0.059035107493400574, 0.015094860456883907)","(0.3790627419948578, 0.13254372775554657, 0.020176870748400688)","(0.3993719518184662, 0.18301455676555634, 0.024800719693303108)","(0.33186545968055725, 0.13178086280822754, -0.03272084519267082)","(0.35345926880836487, 0.20535267889499664, 0.00836590863764286)","(0.3580544888973236, 0.16256719827651978, 0.044028446078300476)","(0.35146191716194153, 0.12803471088409424, 0.06326813250780106)","(0.29871898889541626, 0.14065736532211304, -0.029129059985280037)","(0.32686689496040344, 0.21024072170257568, 0.020200416445732117)","(0.3342042863368988, 0.17235353589057922, 0.05742405354976654)","(0.3263823986053467, 0.1401749551296234, 0.06915169954299927)","(0.27108845114707947, 0.1343904733657837, -0.01727920211851597)","(0.2982969880104065, 0.2028656005859375, 0.02742215245962143)","(0.30691584944725037, 0.16955702006816864, 0.05915796384215355)","(0.2995813488960266, 0.13566064834594727, 0.06836524605751038)","(0.24689415097236633, 0.12007797509431839, -0.003295496804639697)","(0.2716471254825592, 0.17576660215854645, 0.03020263835787773)","(0.2824435234069824, 0.15294142067432404, 0.0528256855905056)","(0.27875134348869324, 0.12287088483572006, 0.06376577168703079)",Reach
1503,"(0.2832118272781372, -0.07828477025032043, -2.5518778784316964e-05)","(0.3386661410331726, -0.04718312621116638, 0.006159755866974592)","(0.3649214208126068, 0.01867612451314926, 0.004350232891738415)","(0.382507860660553, 0.09010541439056396, 0.005702449940145016)","(0.4046051502227783, 0.13958494365215302, 0.007809450849890709)","(0.3323493003845215, 0.09851204603910446, -0.032091040164232254)","(0.36177894473075867, 0.16614651679992676, 0.006325648631900549)","(0.3681600093841553, 0.12509746849536896, 0.039574671536684036)","(0.3612939119338989, 0.09402550756931305, 0.057305119931697845)","(0.300895094871521, 0.11093755066394806, -0.024163633584976196)","(0.33634841442108154, 0.17667654156684875, 0.021263249218463898)","(0.3441493511199951, 0.13920220732688904, 0.055356740951538086)","(0.33481335639953613, 0.10832403600215912, 0.0665985494852066)","(0.2750694155693054, 0.10680577903985977, -0.009700261987745762)","(0.30796918272972107, 0.17263418436050415, 0.03303122892975807)","(0.3180041015148163, 0.13879884779453278, 0.061201419681310654)","(0.3105727732181549, 0.10708727687597275, 0.06853273510932922)","(0.2539196312427521, 0.0944962203502655, 0.006178739480674267)","(0.28350722789764404, 0.14582987129688263, 0.040145616978406906)","(0.29427826404571533, 0.12217002362012863, 0.058613765984773636)","(0.29013776779174805, 0.09526745975017548, 0.06614113599061966)",Reach
1504,"(0.2981591820716858, -0.10454411059617996, -9.99623898678692e-06)","(0.34710025787353516, -0.06662220507860184, 0.007467452436685562)","(0.36753642559051514, -0.003722377121448517, 0.00498549547046423)","(0.3820038437843323, 0.06195793300867081, 0.0061581917107105255)","(0.402083158493042, 0.10776446759700775, 0.007233774289488792)","(0.3344515264034271, 0.07511132955551147, -0.030272798612713814)","(0.36059674620628357, 0.1378115713596344, 0.007753993384540081)","(0.36530187726020813, 0.0950876921415329, 0.03842996433377266)","(0.35750073194503784, 0.06289715319871902, 0.05268873646855354)","(0.3039957880973816, 0.08121319115161896, -0.023479780182242393)","(0.33640778064727783, 0.1403886079788208, 0.021359438076615334)","(0.34325772523880005, 0.10267336666584015, 0.05214850977063179)","(0.33375728130340576, 0.07413700222969055, 0.06010351702570915)","(0.2792799770832062, 0.07156733423471451, -0.009920896030962467)","(0.3092949390411377, 0.13250577449798584, 0.03272377699613571)","(0.31765472888946533, 0.09920011460781097, 0.05929064750671387)","(0.3101460337638855, 0.06987002491950989, 0.06428514420986176)","(0.2587646543979645, 0.05528009682893753, 0.005276545882225037)","(0.28533434867858887, 0.1058349758386612, 0.0401705801486969)","(0.2946564555168152, 0.08355813473463058, 0.058136504143476486)","(0.2900180220603943, 0.05907856673002243, 0.06549938768148422)",Negative
1505,"(0.2879854440689087, -0.11606081575155258, -2.1301375454640947e-05)","(0.34370848536491394, -0.08198479562997818, 0.003237698459997773)","(0.3700903654098511, -0.024168550968170166, -0.0014460616512224078)","(0.38415834307670593, 0.03769957646727562, 0.00021694807219319046)","(0.4005596339702606, 0.08373929560184479, 0.005857872776687145)","(0.3319442570209503, 0.04846708104014397, -0.03933500126004219)","(0.36098766326904297, 0.10771072655916214, -0.002424475736916065)","(0.3655616044998169, 0.06543278694152832, 0.03020530939102173)","(0.35673514008522034, 0.03244095295667648, 0.045054975897073746)","(0.3028765320777893, 0.053384892642498016, -0.030155736953020096)","(0.3365402817726135, 0.11000601947307587, 0.011570669710636139)","(0.34395232796669006, 0.07446111738681793, 0.04135524109005928)","(0.3354495167732239, 0.04333600401878357, 0.04959295690059662)","(0.28029292821884155, 0.044568952172994614, -0.014675674960017204)","(0.3112495541572571, 0.09777388721704483, 0.02554943971335888)","(0.32023629546165466, 0.0666641965508461, 0.04868284985423088)","(0.3143291473388672, 0.038171641528606415, 0.05231661722064018)","(0.2623019814491272, 0.030322253704071045, 0.0026005194522440434)","(0.28991684317588806, 0.07208120077848434, 0.03450006619095802)","(0.29876527190208435, 0.050618790090084076, 0.04680492728948593)","(0.2949376702308655, 0.026777373626828194, 0.04961680620908737)",Negative
1506,"(0.3061169683933258, -0.13619078695774078, -4.852503025176702e-06)","(0.3466856777667999, -0.08756261318922043, 0.009586033411324024)","(0.36514249444007874, -0.02394694834947586, 0.010214125737547874)","(0.3767310678958893, 0.03277868404984474, 0.013734421692788601)","(0.38939955830574036, 0.06657920777797699, 0.017201252281665802)","(0.33090031147003174, 0.035031359642744064, -0.024974573403596878)","(0.3544057309627533, 0.08653083443641663, 0.0074233319610357285)","(0.36020490527153015, 0.04834432154893875, 0.032688699662685394)","(0.3562525510787964, 0.020689260214567184, 0.043415747582912445)","(0.3037824034690857, 0.0345662385225296, -0.02145441807806492)","(0.3323299288749695, 0.07951101660728455, 0.02043311297893524)","(0.339596688747406, 0.04933932423591614, 0.04514111578464508)","(0.3345568776130676, 0.025895554572343826, 0.048751626163721085)","(0.28346750140190125, 0.021108059212565422, -0.012149324640631676)","(0.31076478958129883, 0.06175736337900162, 0.029015138745307922)","(0.31882160902023315, 0.036112088710069656, 0.04593248665332794)","(0.3148576617240906, 0.012830138206481934, 0.04354340210556984)","(0.2672306299209595, 0.004322215914726257, -0.0018115253187716007)","(0.2935314476490021, 0.03690524399280548, 0.031739018857479095)","(0.30283910036087036, 0.016138987615704536, 0.04418893903493881)","(0.30042240023612976, -0.006308728829026222, 0.046407900750637054)",Negative
1507,"(0.3317852020263672, -0.1449926793575287, -6.481074706243817e-06)","(0.36265891790390015, -0.08754762262105942, 0.017056940123438835)","(0.3715065121650696, -0.03098864108324051, 0.022864729166030884)","(0.37608855962753296, 0.019928986206650734, 0.03053079918026924)","(0.3828096389770508, 0.05070187896490097, 0.037154845893383026)","(0.3374144732952118, 0.01590467430651188, 0.004687678534537554)","(0.3477228581905365, 0.06717061996459961, 0.03641523793339729)","(0.3540726900100708, 0.03863970935344696, 0.05471464619040489)","(0.3528030812740326, 0.013177881017327309, 0.061732351779937744)","(0.3156510889530182, 0.011912766844034195, 0.006070561707019806)","(0.33066362142562866, 0.059385232627391815, 0.0455501414835453)","(0.3380018472671509, 0.03347203880548477, 0.06242365762591362)","(0.3362947106361389, 0.007832866162061691, 0.061529941856861115)","(0.29935622215270996, -0.003014990361407399, 0.012062622234225273)","(0.3114669620990753, 0.03934400528669357, 0.04937634989619255)","(0.3193523585796356, 0.016021840274333954, 0.06125315651297569)","(0.31899574398994446, -0.0092991404235363, 0.05835884064435959)","(0.285955548286438, -0.02237766794860363, 0.02034229040145874)","(0.295866459608078, 0.013030439615249634, 0.0494416207075119)","(0.3035927712917328, -0.003645117161795497, 0.060522012412548065)","(0.3043927848339081, -0.02519189938902855, 0.06356331706047058)",Negative
1508,"(0.33137062191963196, -0.15112033486366272, 3.5282387216284405e-06)","(0.36300304532051086, -0.09667614102363586, 0.019195308908820152)","(0.3720640242099762, -0.043665990233421326, 0.03036266565322876)","(0.37477871775627136, 0.00023699551820755005, 0.04278925806283951)","(0.3757273852825165, 0.021185612305998802, 0.054574280977249146)","(0.3484482169151306, 0.001786164939403534, 0.008849132806062698)","(0.352114737033844, 0.04946702718734741, 0.037317149341106415)","(0.35581159591674805, 0.026714017614722252, 0.05078067630529404)","(0.3548771142959595, 0.0038022752851247787, 0.05348586291074753)","(0.3290941119194031, -0.00022655725479125977, 0.009381884709000587)","(0.33801528811454773, 0.043378107249736786, 0.04636682942509651)","(0.3439759314060211, 0.019492512568831444, 0.0600605309009552)","(0.34354856610298157, -0.0033489763736724854, 0.05688631162047386)","(0.3142634630203247, -0.010447423905134201, 0.01382105890661478)","(0.32460421323776245, 0.025890806689858437, 0.046539876610040665)","(0.3302437663078308, 0.005712918937206268, 0.05178849399089813)","(0.32995137572288513, -0.017519358545541763, 0.044802166521549225)","(0.3022908866405487, -0.023870551958680153, 0.02093164436519146)","(0.31303396821022034, 0.007437640801072121, 0.047146014869213104)","(0.31895971298217773, -0.007700367830693722, 0.053938668221235275)","(0.31889358162879944, -0.027946583926677704, 0.05314839258790016)",Negative
1509,"(0, 0, 0)","(0, 0, 0)","(0, 0, 0)","(0, 0, 0)","(0, 0, 0)","(0, 0, 0)","(0, 0, 0)","(0, 0, 0)","(0, 0, 0)","(0, 0, 0)","(0, 0, 0)","(0, 0, 0)","(0, 0, 0)","(0, 0, 0)","(0, 0, 0)","(0, 0, 0)","(0, 0, 0)","(0, 0, 0)","(0, 0, 0)","(0, 0, 0)","(0, 0, 0)",Negative
1510,"(0, 0, 0)","(0, 0, 0)","(0, 0, 0)","(0, 0, 0)","(0, 0, 0)","(0, 0, 0)","(0, 0, 0)","(0, 0, 0)","(0, 0, 0)","(0, 0, 0)","(0, 0, 0)","(0, 0, 0)","(0, 0, 0)","(0, 0, 0)","(0, 0, 0)","(0, 0, 0)","(0, 0, 0)","(0, 0, 0)","(0, 0, 0)","(0, 0, 0)","(0, 0, 0)",Negative
1511,"(0, 0, 0)","(0, 0, 0)","(0, 0, 0)","(0, 0, 0)","(0, 0, 0)","(0, 0, 0)","(0, 0, 0)","(0, 0, 0)","(0, 0, 0)","(0, 0, 0)","(0, 0, 0)","(0, 0, 0)","(0, 0, 0)","(0, 0, 0)","(0, 0, 0)","(0, 0, 0)","(0, 0, 0)","(0, 0, 0)","(0, 0, 0)","(0, 0, 0)","(0, 0, 0)",Negative
1512,"(0, 0, 0)","(0, 0, 0)","(0, 0, 0)","(0, 0, 0)","(0, 0, 0)","(0, 0, 0)","(0, 0, 0)","(0, 0, 0)","(0, 0, 0)","(0, 0, 0)","(0, 0, 0)","(0, 0, 0)","(0, 0, 0)","(0, 0, 0)","(0, 0, 0)","(0, 0, 0)","(0, 0, 0)","(0, 0, 0)","(0, 0, 0)","(0, 0, 0)","(0, 0, 0)",Negative
1513,"(0, 0, 0)","(0, 0, 0)","(0, 0, 0)","(0, 0, 0)","(0, 0, 0)","(0, 0, 0)","(0, 0, 0)","(0, 0, 0)","(0, 0, 0)","(0, 0, 0)","(0, 0, 0)","(0, 0, 0)","(0, 0, 0)","(0, 0, 0)","(0, 0, 0)","(0, 0, 0)","(0, 0, 0)","(0, 0, 0)","(0, 0, 0)","(0, 0, 0)","(0, 0, 0)",Negative
1514,"(0, 0, 0)","(0, 0, 0)","(0, 0, 0)","(0, 0, 0)","(0, 0, 0)","(0, 0, 0)","(0, 0, 0)","(0, 0, 0)","(0, 0, 0)","(0, 0, 0)","(0, 0, 0)","(0, 0, 0)","(0, 0, 0)","(0, 0, 0)","(0, 0, 0)","(0, 0, 0)","(0, 0, 0)","(0, 0, 0)","(0, 0, 0)","(0, 0, 0)","(0, 0, 0)",Negative
1515,"(0, 0, 0)","(0, 0, 0)","(0, 0, 0)","(0, 0, 0)","(0, 0, 0)","(0, 0, 0)","(0, 0, 0)","(0, 0, 0)","(0, 0, 0)","(0, 0, 0)","(0, 0, 0)","(0, 0, 0)","(0, 0, 0)","(0, 0, 0)","(0, 0, 0)","(0, 0, 0)","(0, 0, 0)","(0, 0, 0)","(0, 0, 0)","(0, 0, 0)","(0, 0, 0)",Negative
1516,"(0, 0, 0)","(0, 0, 0)","(0, 0, 0)","(0, 0, 0)","(0, 0, 0)","(0, 0, 0)","(0, 0, 0)","(0, 0, 0)","(0, 0, 0)","(0, 0, 0)","(0, 0, 0)","(0, 0, 0)","(0, 0, 0)","(0, 0, 0)","(0, 0, 0)","(0, 0, 0)","(0, 0, 0)","(0, 0, 0)","(0, 0, 0)","(0, 0, 0)","(0, 0, 0)",Negative
1517,"(0, 0, 0)","(0, 0, 0)","(0, 0, 0)","(0, 0, 0)","(0, 0, 0)","(0, 0, 0)","(0, 0, 0)","(0, 0, 0)","(0, 0, 0)","(0, 0, 0)","(0, 0, 0)","(0, 0, 0)","(0, 0, 0)","(0, 0, 0)","(0, 0, 0)","(0, 0, 0)","(0, 0, 0)","(0, 0, 0)","(0, 0, 0)","(0, 0, 0)","(0, 0, 0)",Negative
1518,"(0, 0, 0)","(0, 0, 0)","(0, 0, 0)","(0, 0, 0)","(0, 0, 0)","(0, 0, 0)","(0, 0, 0)","(0, 0, 0)","(0, 0, 0)","(0, 0, 0)","(0, 0, 0)","(0, 0, 0)","(0, 0, 0)","(0, 0, 0)","(0, 0, 0)","(0, 0, 0)","(0, 0, 0)","(0, 0, 0)","(0, 0, 0)","(0, 0, 0)","(0, 0, 0)",Negative
1519,"(0, 0, 0)","(0, 0, 0)","(0, 0, 0)","(0, 0, 0)","(0, 0, 0)","(0, 0, 0)","(0, 0, 0)","(0, 0, 0)","(0, 0, 0)","(0, 0, 0)","(0, 0, 0)","(0, 0, 0)","(0, 0, 0)","(0, 0, 0)","(0, 0, 0)","(0, 0, 0)","(0, 0, 0)","(0, 0, 0)","(0, 0, 0)","(0, 0, 0)","(0, 0, 0)",Negative
1520,"(0, 0, 0)","(0, 0, 0)","(0, 0, 0)","(0, 0, 0)","(0, 0, 0)","(0, 0, 0)","(0, 0, 0)","(0, 0, 0)","(0, 0, 0)","(0, 0, 0)","(0, 0, 0)","(0, 0, 0)","(0, 0, 0)","(0, 0, 0)","(0, 0, 0)","(0, 0, 0)","(0, 0, 0)","(0, 0, 0)","(0, 0, 0)","(0, 0, 0)","(0, 0, 0)",Negative
1521,"(0, 0, 0)","(0, 0, 0)","(0, 0, 0)","(0, 0, 0)","(0, 0, 0)","(0, 0, 0)","(0, 0, 0)","(0, 0, 0)","(0, 0, 0)","(0, 0, 0)","(0, 0, 0)","(0, 0, 0)","(0, 0, 0)","(0, 0, 0)","(0, 0, 0)","(0, 0, 0)","(0, 0, 0)","(0, 0, 0)","(0, 0, 0)","(0, 0, 0)","(0, 0, 0)",Negative
1522,"(0, 0, 0)","(0, 0, 0)","(0, 0, 0)","(0, 0, 0)","(0, 0, 0)","(0, 0, 0)","(0, 0, 0)","(0, 0, 0)","(0, 0, 0)","(0, 0, 0)","(0, 0, 0)","(0, 0, 0)","(0, 0, 0)","(0, 0, 0)","(0, 0, 0)","(0, 0, 0)","(0, 0, 0)","(0, 0, 0)","(0, 0, 0)","(0, 0, 0)","(0, 0, 0)",Negative
1523,"(0, 0, 0)","(0, 0, 0)","(0, 0, 0)","(0, 0, 0)","(0, 0, 0)","(0, 0, 0)","(0, 0, 0)","(0, 0, 0)","(0, 0, 0)","(0, 0, 0)","(0, 0, 0)","(0, 0, 0)","(0, 0, 0)","(0, 0, 0)","(0, 0, 0)","(0, 0, 0)","(0, 0, 0)","(0, 0, 0)","(0, 0, 0)","(0, 0, 0)","(0, 0, 0)",Negative
1524,"(0, 0, 0)","(0, 0, 0)","(0, 0, 0)","(0, 0, 0)","(0, 0, 0)","(0, 0, 0)","(0, 0, 0)","(0, 0, 0)","(0, 0, 0)","(0, 0, 0)","(0, 0, 0)","(0, 0, 0)","(0, 0, 0)","(0, 0, 0)","(0, 0, 0)","(0, 0, 0)","(0, 0, 0)","(0, 0, 0)","(0, 0, 0)","(0, 0, 0)","(0, 0, 0)",Negative
1525,"(0, 0, 0)","(0, 0, 0)","(0, 0, 0)","(0, 0, 0)","(0, 0, 0)","(0, 0, 0)","(0, 0, 0)","(0, 0, 0)","(0, 0, 0)","(0, 0, 0)","(0, 0, 0)","(0, 0, 0)","(0, 0, 0)","(0, 0, 0)","(0, 0, 0)","(0, 0, 0)","(0, 0, 0)","(0, 0, 0)","(0, 0, 0)","(0, 0, 0)","(0, 0, 0)",Negative
1526,"(0, 0, 0)","(0, 0, 0)","(0, 0, 0)","(0, 0, 0)","(0, 0, 0)","(0, 0, 0)","(0, 0, 0)","(0, 0, 0)","(0, 0, 0)","(0, 0, 0)","(0, 0, 0)","(0, 0, 0)","(0, 0, 0)","(0, 0, 0)","(0, 0, 0)","(0, 0, 0)","(0, 0, 0)","(0, 0, 0)","(0, 0, 0)","(0, 0, 0)","(0, 0, 0)",Negative
1527,"(0, 0, 0)","(0, 0, 0)","(0, 0, 0)","(0, 0, 0)","(0, 0, 0)","(0, 0, 0)","(0, 0, 0)","(0, 0, 0)","(0, 0, 0)","(0, 0, 0)","(0, 0, 0)","(0, 0, 0)","(0, 0, 0)","(0, 0, 0)","(0, 0, 0)","(0, 0, 0)","(0, 0, 0)","(0, 0, 0)","(0, 0, 0)","(0, 0, 0)","(0, 0, 0)",Negative
1528,"(0, 0, 0)","(0, 0, 0)","(0, 0, 0)","(0, 0, 0)","(0, 0, 0)","(0, 0, 0)","(0, 0, 0)","(0, 0, 0)","(0, 0, 0)","(0, 0, 0)","(0, 0, 0)","(0, 0, 0)","(0, 0, 0)","(0, 0, 0)","(0, 0, 0)","(0, 0, 0)","(0, 0, 0)","(0, 0, 0)","(0, 0, 0)","(0, 0, 0)","(0, 0, 0)",Negative
1529,"(0, 0, 0)","(0, 0, 0)","(0, 0, 0)","(0, 0, 0)","(0, 0, 0)","(0, 0, 0)","(0, 0, 0)","(0, 0, 0)","(0, 0, 0)","(0, 0, 0)","(0, 0, 0)","(0, 0, 0)","(0, 0, 0)","(0, 0, 0)","(0, 0, 0)","(0, 0, 0)","(0, 0, 0)","(0, 0, 0)","(0, 0, 0)","(0, 0, 0)","(0, 0, 0)",Negative
1530,"(0, 0, 0)","(0, 0, 0)","(0, 0, 0)","(0, 0, 0)","(0, 0, 0)","(0, 0, 0)","(0, 0, 0)","(0, 0, 0)","(0, 0, 0)","(0, 0, 0)","(0, 0, 0)","(0, 0, 0)","(0, 0, 0)","(0, 0, 0)","(0, 0, 0)","(0, 0, 0)","(0, 0, 0)","(0, 0, 0)","(0, 0, 0)","(0, 0, 0)","(0, 0, 0)",Negative
1531,"(0, 0, 0)","(0, 0, 0)","(0, 0, 0)","(0, 0, 0)","(0, 0, 0)","(0, 0, 0)","(0, 0, 0)","(0, 0, 0)","(0, 0, 0)","(0, 0, 0)","(0, 0, 0)","(0, 0, 0)","(0, 0, 0)","(0, 0, 0)","(0, 0, 0)","(0, 0, 0)","(0, 0, 0)","(0, 0, 0)","(0, 0, 0)","(0, 0, 0)","(0, 0, 0)",Negative
1532,"(0, 0, 0)","(0, 0, 0)","(0, 0, 0)","(0, 0, 0)","(0, 0, 0)","(0, 0, 0)","(0, 0, 0)","(0, 0, 0)","(0, 0, 0)","(0, 0, 0)","(0, 0, 0)","(0, 0, 0)","(0, 0, 0)","(0, 0, 0)","(0, 0, 0)","(0, 0, 0)","(0, 0, 0)","(0, 0, 0)","(0, 0, 0)","(0, 0, 0)","(0, 0, 0)",Negative
1533,"(0, 0, 0)","(0, 0, 0)","(0, 0, 0)","(0, 0, 0)","(0, 0, 0)","(0, 0, 0)","(0, 0, 0)","(0, 0, 0)","(0, 0, 0)","(0, 0, 0)","(0, 0, 0)","(0, 0, 0)","(0, 0, 0)","(0, 0, 0)","(0, 0, 0)","(0, 0, 0)","(0, 0, 0)","(0, 0, 0)","(0, 0, 0)","(0, 0, 0)","(0, 0, 0)",Negative
1534,"(0, 0, 0)","(0, 0, 0)","(0, 0, 0)","(0, 0, 0)","(0, 0, 0)","(0, 0, 0)","(0, 0, 0)","(0, 0, 0)","(0, 0, 0)","(0, 0, 0)","(0, 0, 0)","(0, 0, 0)","(0, 0, 0)","(0, 0, 0)","(0, 0, 0)","(0, 0, 0)","(0, 0, 0)","(0, 0, 0)","(0, 0, 0)","(0, 0, 0)","(0, 0, 0)",Negative
1535,"(0, 0, 0)","(0, 0, 0)","(0, 0, 0)","(0, 0, 0)","(0, 0, 0)","(0, 0, 0)","(0, 0, 0)","(0, 0, 0)","(0, 0, 0)","(0, 0, 0)","(0, 0, 0)","(0, 0, 0)","(0, 0, 0)","(0, 0, 0)","(0, 0, 0)","(0, 0, 0)","(0, 0, 0)","(0, 0, 0)","(0, 0, 0)","(0, 0, 0)","(0, 0, 0)",Negative
1536,"(0, 0, 0)","(0, 0, 0)","(0, 0, 0)","(0, 0, 0)","(0, 0, 0)","(0, 0, 0)","(0, 0, 0)","(0, 0, 0)","(0, 0, 0)","(0, 0, 0)","(0, 0, 0)","(0, 0, 0)","(0, 0, 0)","(0, 0, 0)","(0, 0, 0)","(0, 0, 0)","(0, 0, 0)","(0, 0, 0)","(0, 0, 0)","(0, 0, 0)","(0, 0, 0)",Negative
1537,"(0, 0, 0)","(0, 0, 0)","(0, 0, 0)","(0, 0, 0)","(0, 0, 0)","(0, 0, 0)","(0, 0, 0)","(0, 0, 0)","(0, 0, 0)","(0, 0, 0)","(0, 0, 0)","(0, 0, 0)","(0, 0, 0)","(0, 0, 0)","(0, 0, 0)","(0, 0, 0)","(0, 0, 0)","(0, 0, 0)","(0, 0, 0)","(0, 0, 0)","(0, 0, 0)",Negative
1538,"(0, 0, 0)","(0, 0, 0)","(0, 0, 0)","(0, 0, 0)","(0, 0, 0)","(0, 0, 0)","(0, 0, 0)","(0, 0, 0)","(0, 0, 0)","(0, 0, 0)","(0, 0, 0)","(0, 0, 0)","(0, 0, 0)","(0, 0, 0)","(0, 0, 0)","(0, 0, 0)","(0, 0, 0)","(0, 0, 0)","(0, 0, 0)","(0, 0, 0)","(0, 0, 0)",Negative
1539,"(0, 0, 0)","(0, 0, 0)","(0, 0, 0)","(0, 0, 0)","(0, 0, 0)","(0, 0, 0)","(0, 0, 0)","(0, 0, 0)","(0, 0, 0)","(0, 0, 0)","(0, 0, 0)","(0, 0, 0)","(0, 0, 0)","(0, 0, 0)","(0, 0, 0)","(0, 0, 0)","(0, 0, 0)","(0, 0, 0)","(0, 0, 0)","(0, 0, 0)","(0, 0, 0)",Negative
1540,"(0, 0, 0)","(0, 0, 0)","(0, 0, 0)","(0, 0, 0)","(0, 0, 0)","(0, 0, 0)","(0, 0, 0)","(0, 0, 0)","(0, 0, 0)","(0, 0, 0)","(0, 0, 0)","(0, 0, 0)","(0, 0, 0)","(0, 0, 0)","(0, 0, 0)","(0, 0, 0)","(0, 0, 0)","(0, 0, 0)","(0, 0, 0)","(0, 0, 0)","(0, 0, 0)",Negative
1541,"(0, 0, 0)","(0, 0, 0)","(0, 0, 0)","(0, 0, 0)","(0, 0, 0)","(0, 0, 0)","(0, 0, 0)","(0, 0, 0)","(0, 0, 0)","(0, 0, 0)","(0, 0, 0)","(0, 0, 0)","(0, 0, 0)","(0, 0, 0)","(0, 0, 0)","(0, 0, 0)","(0, 0, 0)","(0, 0, 0)","(0, 0, 0)","(0, 0, 0)","(0, 0, 0)",Negative
1542,"(0, 0, 0)","(0, 0, 0)","(0, 0, 0)","(0, 0, 0)","(0, 0, 0)","(0, 0, 0)","(0, 0, 0)","(0, 0, 0)","(0, 0, 0)","(0, 0, 0)","(0, 0, 0)","(0, 0, 0)","(0, 0, 0)","(0, 0, 0)","(0, 0, 0)","(0, 0, 0)","(0, 0, 0)","(0, 0, 0)","(0, 0, 0)","(0, 0, 0)","(0, 0, 0)",Negative
1543,"(0, 0, 0)","(0, 0, 0)","(0, 0, 0)","(0, 0, 0)","(0, 0, 0)","(0, 0, 0)","(0, 0, 0)","(0, 0, 0)","(0, 0, 0)","(0, 0, 0)","(0, 0, 0)","(0, 0, 0)","(0, 0, 0)","(0, 0, 0)","(0, 0, 0)","(0, 0, 0)","(0, 0, 0)","(0, 0, 0)","(0, 0, 0)","(0, 0, 0)","(0, 0, 0)",Negative
1544,"(0, 0, 0)","(0, 0, 0)","(0, 0, 0)","(0, 0, 0)","(0, 0, 0)","(0, 0, 0)","(0, 0, 0)","(0, 0, 0)","(0, 0, 0)","(0, 0, 0)","(0, 0, 0)","(0, 0, 0)","(0, 0, 0)","(0, 0, 0)","(0, 0, 0)","(0, 0, 0)","(0, 0, 0)","(0, 0, 0)","(0, 0, 0)","(0, 0, 0)","(0, 0, 0)",Negative
1545,"(0, 0, 0)","(0, 0, 0)","(0, 0, 0)","(0, 0, 0)","(0, 0, 0)","(0, 0, 0)","(0, 0, 0)","(0, 0, 0)","(0, 0, 0)","(0, 0, 0)","(0, 0, 0)","(0, 0, 0)","(0, 0, 0)","(0, 0, 0)","(0, 0, 0)","(0, 0, 0)","(0, 0, 0)","(0, 0, 0)","(0, 0, 0)","(0, 0, 0)","(0, 0, 0)",Negative
1546,"(0, 0, 0)","(0, 0, 0)","(0, 0, 0)","(0, 0, 0)","(0, 0, 0)","(0, 0, 0)","(0, 0, 0)","(0, 0, 0)","(0, 0, 0)","(0, 0, 0)","(0, 0, 0)","(0, 0, 0)","(0, 0, 0)","(0, 0, 0)","(0, 0, 0)","(0, 0, 0)","(0, 0, 0)","(0, 0, 0)","(0, 0, 0)","(0, 0, 0)","(0, 0, 0)",Negative
1547,"(0, 0, 0)","(0, 0, 0)","(0, 0, 0)","(0, 0, 0)","(0, 0, 0)","(0, 0, 0)","(0, 0, 0)","(0, 0, 0)","(0, 0, 0)","(0, 0, 0)","(0, 0, 0)","(0, 0, 0)","(0, 0, 0)","(0, 0, 0)","(0, 0, 0)","(0, 0, 0)","(0, 0, 0)","(0, 0, 0)","(0, 0, 0)","(0, 0, 0)","(0, 0, 0)",Negative
1548,"(0, 0, 0)","(0, 0, 0)","(0, 0, 0)","(0, 0, 0)","(0, 0, 0)","(0, 0, 0)","(0, 0, 0)","(0, 0, 0)","(0, 0, 0)","(0, 0, 0)","(0, 0, 0)","(0, 0, 0)","(0, 0, 0)","(0, 0, 0)","(0, 0, 0)","(0, 0, 0)","(0, 0, 0)","(0, 0, 0)","(0, 0, 0)","(0, 0, 0)","(0, 0, 0)",Negative
1549,"(0, 0, 0)","(0, 0, 0)","(0, 0, 0)","(0, 0, 0)","(0, 0, 0)","(0, 0, 0)","(0, 0, 0)","(0, 0, 0)","(0, 0, 0)","(0, 0, 0)","(0, 0, 0)","(0, 0, 0)","(0, 0, 0)","(0, 0, 0)","(0, 0, 0)","(0, 0, 0)","(0, 0, 0)","(0, 0, 0)","(0, 0, 0)","(0, 0, 0)","(0, 0, 0)",Negative
1550,"(0, 0, 0)","(0, 0, 0)","(0, 0, 0)","(0, 0, 0)","(0, 0, 0)","(0, 0, 0)","(0, 0, 0)","(0, 0, 0)","(0, 0, 0)","(0, 0, 0)","(0, 0, 0)","(0, 0, 0)","(0, 0, 0)","(0, 0, 0)","(0, 0, 0)","(0, 0, 0)","(0, 0, 0)","(0, 0, 0)","(0, 0, 0)","(0, 0, 0)","(0, 0, 0)",Negative
1551,"(0, 0, 0)","(0, 0, 0)","(0, 0, 0)","(0, 0, 0)","(0, 0, 0)","(0, 0, 0)","(0, 0, 0)","(0, 0, 0)","(0, 0, 0)","(0, 0, 0)","(0, 0, 0)","(0, 0, 0)","(0, 0, 0)","(0, 0, 0)","(0, 0, 0)","(0, 0, 0)","(0, 0, 0)","(0, 0, 0)","(0, 0, 0)","(0, 0, 0)","(0, 0, 0)",Negative
1552,"(0, 0, 0)","(0, 0, 0)","(0, 0, 0)","(0, 0, 0)","(0, 0, 0)","(0, 0, 0)","(0, 0, 0)","(0, 0, 0)","(0, 0, 0)","(0, 0, 0)","(0, 0, 0)","(0, 0, 0)","(0, 0, 0)","(0, 0, 0)","(0, 0, 0)","(0, 0, 0)","(0, 0, 0)","(0, 0, 0)","(0, 0, 0)","(0, 0, 0)","(0, 0, 0)",Negative
1553,"(0, 0, 0)","(0, 0, 0)","(0, 0, 0)","(0, 0, 0)","(0, 0, 0)","(0, 0, 0)","(0, 0, 0)","(0, 0, 0)","(0, 0, 0)","(0, 0, 0)","(0, 0, 0)","(0, 0, 0)","(0, 0, 0)","(0, 0, 0)","(0, 0, 0)","(0, 0, 0)","(0, 0, 0)","(0, 0, 0)","(0, 0, 0)","(0, 0, 0)","(0, 0, 0)",Negative
1554,"(0, 0, 0)","(0, 0, 0)","(0, 0, 0)","(0, 0, 0)","(0, 0, 0)","(0, 0, 0)","(0, 0, 0)","(0, 0, 0)","(0, 0, 0)","(0, 0, 0)","(0, 0, 0)","(0, 0, 0)","(0, 0, 0)","(0, 0, 0)","(0, 0, 0)","(0, 0, 0)","(0, 0, 0)","(0, 0, 0)","(0, 0, 0)","(0, 0, 0)","(0, 0, 0)",Negative
1555,"(0, 0, 0)","(0, 0, 0)","(0, 0, 0)","(0, 0, 0)","(0, 0, 0)","(0, 0, 0)","(0, 0, 0)","(0, 0, 0)","(0, 0, 0)","(0, 0, 0)","(0, 0, 0)","(0, 0, 0)","(0, 0, 0)","(0, 0, 0)","(0, 0, 0)","(0, 0, 0)","(0, 0, 0)","(0, 0, 0)","(0, 0, 0)","(0, 0, 0)","(0, 0, 0)",Negative
1556,"(0, 0, 0)","(0, 0, 0)","(0, 0, 0)","(0, 0, 0)","(0, 0, 0)","(0, 0, 0)","(0, 0, 0)","(0, 0, 0)","(0, 0, 0)","(0, 0, 0)","(0, 0, 0)","(0, 0, 0)","(0, 0, 0)","(0, 0, 0)","(0, 0, 0)","(0, 0, 0)","(0, 0, 0)","(0, 0, 0)","(0, 0, 0)","(0, 0, 0)","(0, 0, 0)",Negative
1557,"(0, 0, 0)","(0, 0, 0)","(0, 0, 0)","(0, 0, 0)","(0, 0, 0)","(0, 0, 0)","(0, 0, 0)","(0, 0, 0)","(0, 0, 0)","(0, 0, 0)","(0, 0, 0)","(0, 0, 0)","(0, 0, 0)","(0, 0, 0)","(0, 0, 0)","(0, 0, 0)","(0, 0, 0)","(0, 0, 0)","(0, 0, 0)","(0, 0, 0)","(0, 0, 0)",Negative
1558,"(0, 0, 0)","(0, 0, 0)","(0, 0, 0)","(0, 0, 0)","(0, 0, 0)","(0, 0, 0)","(0, 0, 0)","(0, 0, 0)","(0, 0, 0)","(0, 0, 0)","(0, 0, 0)","(0, 0, 0)","(0, 0, 0)","(0, 0, 0)","(0, 0, 0)","(0, 0, 0)","(0, 0, 0)","(0, 0, 0)","(0, 0, 0)","(0, 0, 0)","(0, 0, 0)",Negative
1559,"(0, 0, 0)","(0, 0, 0)","(0, 0, 0)","(0, 0, 0)","(0, 0, 0)","(0, 0, 0)","(0, 0, 0)","(0, 0, 0)","(0, 0, 0)","(0, 0, 0)","(0, 0, 0)","(0, 0, 0)","(0, 0, 0)","(0, 0, 0)","(0, 0, 0)","(0, 0, 0)","(0, 0, 0)","(0, 0, 0)","(0, 0, 0)","(0, 0, 0)","(0, 0, 0)",Negative
1560,"(0, 0, 0)","(0, 0, 0)","(0, 0, 0)","(0, 0, 0)","(0, 0, 0)","(0, 0, 0)","(0, 0, 0)","(0, 0, 0)","(0, 0, 0)","(0, 0, 0)","(0, 0, 0)","(0, 0, 0)","(0, 0, 0)","(0, 0, 0)","(0, 0, 0)","(0, 0, 0)","(0, 0, 0)","(0, 0, 0)","(0, 0, 0)","(0, 0, 0)","(0, 0, 0)",Negative
1561,"(0, 0, 0)","(0, 0, 0)","(0, 0, 0)","(0, 0, 0)","(0, 0, 0)","(0, 0, 0)","(0, 0, 0)","(0, 0, 0)","(0, 0, 0)","(0, 0, 0)","(0, 0, 0)","(0, 0, 0)","(0, 0, 0)","(0, 0, 0)","(0, 0, 0)","(0, 0, 0)","(0, 0, 0)","(0, 0, 0)","(0, 0, 0)","(0, 0, 0)","(0, 0, 0)",Negative
1562,"(0, 0, 0)","(0, 0, 0)","(0, 0, 0)","(0, 0, 0)","(0, 0, 0)","(0, 0, 0)","(0, 0, 0)","(0, 0, 0)","(0, 0, 0)","(0, 0, 0)","(0, 0, 0)","(0, 0, 0)","(0, 0, 0)","(0, 0, 0)","(0, 0, 0)","(0, 0, 0)","(0, 0, 0)","(0, 0, 0)","(0, 0, 0)","(0, 0, 0)","(0, 0, 0)",Negative
1563,"(0, 0, 0)","(0, 0, 0)","(0, 0, 0)","(0, 0, 0)","(0, 0, 0)","(0, 0, 0)","(0, 0, 0)","(0, 0, 0)","(0, 0, 0)","(0, 0, 0)","(0, 0, 0)","(0, 0, 0)","(0, 0, 0)","(0, 0, 0)","(0, 0, 0)","(0, 0, 0)","(0, 0, 0)","(0, 0, 0)","(0, 0, 0)","(0, 0, 0)","(0, 0, 0)",Negative
1564,"(0, 0, 0)","(0, 0, 0)","(0, 0, 0)","(0, 0, 0)","(0, 0, 0)","(0, 0, 0)","(0, 0, 0)","(0, 0, 0)","(0, 0, 0)","(0, 0, 0)","(0, 0, 0)","(0, 0, 0)","(0, 0, 0)","(0, 0, 0)","(0, 0, 0)","(0, 0, 0)","(0, 0, 0)","(0, 0, 0)","(0, 0, 0)","(0, 0, 0)","(0, 0, 0)",Negative
1565,"(0, 0, 0)","(0, 0, 0)","(0, 0, 0)","(0, 0, 0)","(0, 0, 0)","(0, 0, 0)","(0, 0, 0)","(0, 0, 0)","(0, 0, 0)","(0, 0, 0)","(0, 0, 0)","(0, 0, 0)","(0, 0, 0)","(0, 0, 0)","(0, 0, 0)","(0, 0, 0)","(0, 0, 0)","(0, 0, 0)","(0, 0, 0)","(0, 0, 0)","(0, 0, 0)",Negative
