,WRIST,THUMB_CMC,THUMB_MCP,THUMB_IP,THUMB_TIP,INDEX_FINGER_MCP,INDEX_FINGER_PIP,INDEX_FINGER_DIP,INDEX_FINGER_TIP,MIDDLE_FINGER_MCP,MIDDLE_FINGER_PIP,MIDDLE_FINGER_DIP,MIDDLE_FINGER_TIP,RING_FINGER_MCP,RING_FINGER_PIP,RING_FINGER_DIP,RING_FINGER_TIP,PINKY_MCP,PINKY_PIP,PINKY_DIP,PINKY_TIP,LABEL
1220,"(0.6041164398193359, 0.09827962517738342, -6.069575829314999e-05)","(0.5446559190750122, 0.11858783662319183, 0.023026395589113235)","(0.5180200934410095, 0.18477880954742432, 0.03965706005692482)","(0.5117800831794739, 0.24628934264183044, 0.061804093420505524)","(0.5120913982391357, 0.29121482372283936, 0.0882037878036499)","(0.5189090371131897, 0.25596415996551514, -0.03639423847198486)","(0.49445393681526184, 0.34468185901641846, 0.006347487214952707)","(0.49250465631484985, 0.33204546570777893, 0.05521514266729355)","(0.4986123740673065, 0.31135839223861694, 0.08616869896650314)","(0.5501846671104431, 0.2784267067909241, -0.02899581380188465)","(0.5239543914794922, 0.36635854840278625, 0.015791140496730804)","(0.5173112750053406, 0.3457186818122864, 0.06757333874702454)","(0.5189939737319946, 0.32194530963897705, 0.09664808958768845)","(0.578997790813446, 0.2849527895450592, -0.012797629460692406)","(0.5510310530662537, 0.3583788275718689, 0.03047715499997139)","(0.542169988155365, 0.3344303071498871, 0.07298244535923004)","(0.5455530881881714, 0.30986613035202026, 0.09300356358289719)","(0.6030704975128174, 0.2824077010154724, 0.007099779788404703)","(0.5781816840171814, 0.33273422718048096, 0.04321109876036644)","(0.5680198669433594, 0.315247505903244, 0.07174234092235565)","(0.5696571469306946, 0.29635798931121826, 0.09023614972829819)",Position
1221,"(0.6038734912872314, 0.09790734946727753, -6.667536217719316e-05)","(0.5451885461807251, 0.11894787847995758, 0.02612663246691227)","(0.5187931060791016, 0.18404585123062134, 0.04236419498920441)","(0.5134589672088623, 0.24533399939537048, 0.06369540840387344)","(0.5155720114707947, 0.29005560278892517, 0.08898480236530304)","(0.5194986462593079, 0.2546064257621765, -0.036693040281534195)","(0.4957248568534851, 0.3459506034851074, 0.005829237401485443)","(0.49443745613098145, 0.3358941078186035, 0.05401107296347618)","(0.5000612139701843, 0.3165454566478729, 0.08450142294168472)","(0.5507106184959412, 0.2784135341644287, -0.031690813601017)","(0.5242288708686829, 0.3688128590583801, 0.012590829282999039)","(0.5179640054702759, 0.3494124412536621, 0.0642126277089119)","(0.5196661353111267, 0.32541191577911377, 0.09297969937324524)","(0.5797638893127441, 0.2863806188106537, -0.017253361642360687)","(0.5510129332542419, 0.36226385831832886, 0.02542382851243019)","(0.5431877970695496, 0.33836111426353455, 0.06802760809659958)","(0.5470826625823975, 0.3130148649215698, 0.0875961109995842)","(0.6041505336761475, 0.2846793830394745, 0.0011498809326440096)","(0.5786247253417969, 0.3368573784828186, 0.03702424839138985)","(0.5693130493164062, 0.31924673914909363, 0.06653700768947601)","(0.5717521905899048, 0.29955795407295227, 0.08508279919624329)",Position
1222,"(0.6048092246055603, 0.09985688328742981, -6.133032729849219e-05)","(0.5456165075302124, 0.12222455441951752, 0.025850776582956314)","(0.5200853943824768, 0.18708670139312744, 0.0440768226981163)","(0.514416515827179, 0.24432745575904846, 0.06741800904273987)","(0.5156806707382202, 0.28820672631263733, 0.09398768842220306)","(0.5191104412078857, 0.2614823281764984, -0.03317449614405632)","(0.49614185094833374, 0.3467673659324646, 0.010269363410770893)","(0.4939132332801819, 0.3341051936149597, 0.05916865915060043)","(0.49951690435409546, 0.3144083619117737, 0.08991049230098724)","(0.5505960583686829, 0.28216618299484253, -0.026595592498779297)","(0.5252575874328613, 0.36816442012786865, 0.01842913031578064)","(0.5188221335411072, 0.3480103611946106, 0.07071007788181305)","(0.520694375038147, 0.3253830373287201, 0.10020270943641663)","(0.5797296762466431, 0.2878338694572449, -0.010764419101178646)","(0.5528392791748047, 0.36030346155166626, 0.0317663699388504)","(0.5439959764480591, 0.3364519774913788, 0.07490203529596329)","(0.5473331809043884, 0.3123396933078766, 0.09541301429271698)","(0.6042060852050781, 0.2849486470222473, 0.008970310911536217)","(0.5803279280662537, 0.33442187309265137, 0.044171012938022614)","(0.5696641802787781, 0.3174082338809967, 0.07268048822879791)","(0.5708864331245422, 0.2989646792411804, 0.09123078733682632)",Position
1223,"(0.605181097984314, 0.09940552711486816, -7.033868314465508e-05)","(0.5455037951469421, 0.12086628377437592, 0.024791689589619637)","(0.5194672346115112, 0.18675562739372253, 0.04119038209319115)","(0.5151152014732361, 0.24828661978244781, 0.0634876936674118)","(0.5189670324325562, 0.2913180887699127, 0.089392751455307)","(0.5191740989685059, 0.25765496492385864, -0.03912035748362541)","(0.4937843084335327, 0.34325721859931946, 0.0063231224194169044)","(0.4950644373893738, 0.3194925785064697, 0.05440976470708847)","(0.5042951703071594, 0.29304924607276917, 0.08297063410282135)","(0.5507029294967651, 0.28057533502578735, -0.0322004072368145)","(0.5241258144378662, 0.3675372898578644, 0.01496320590376854)","(0.520301342010498, 0.341198205947876, 0.06508594751358032)","(0.5244746804237366, 0.3136894404888153, 0.09178945422172546)","(0.580220639705658, 0.28683140873908997, -0.01554989442229271)","(0.5523955821990967, 0.3604302406311035, 0.029651416465640068)","(0.5454105734825134, 0.33327242732048035, 0.07019134610891342)","(0.5502833127975464, 0.30662399530410767, 0.08765542507171631)","(0.6049745082855225, 0.2839399576187134, 0.005328906700015068)","(0.5794604420661926, 0.33558109402656555, 0.042745888233184814)","(0.5705152750015259, 0.3160131573677063, 0.07114856690168381)","(0.5736398696899414, 0.2950749099254608, 0.08893194794654846)",Position
1224,"(0.6049203872680664, 0.09762883186340332, -7.093574095051736e-05)","(0.5451073050498962, 0.11812415719032288, 0.02625114470720291)","(0.5188560485839844, 0.18373383581638336, 0.04387664049863815)","(0.5141589641571045, 0.2452111542224884, 0.06728415191173553)","(0.5174970030784607, 0.2873026728630066, 0.09416651725769043)","(0.5181781649589539, 0.25854620337486267, -0.03513152524828911)","(0.49479347467422485, 0.3422496020793915, 0.011780842207372189)","(0.4968082308769226, 0.31899672746658325, 0.06024857237935066)","(0.5056211352348328, 0.29332536458969116, 0.08884039521217346)","(0.5497422814369202, 0.2815084159374237, -0.028460022062063217)","(0.5246144533157349, 0.36638909578323364, 0.01955234259366989)","(0.52159184217453, 0.3399277925491333, 0.06951882690191269)","(0.5258280634880066, 0.3123283386230469, 0.0956098809838295)","(0.5791653394699097, 0.2874744236469269, -0.012214354239404202)","(0.5522154569625854, 0.35928866267204285, 0.03349624201655388)","(0.5458234548568726, 0.3321647047996521, 0.07376944273710251)","(0.5508979558944702, 0.3050892949104309, 0.09105804562568665)","(0.6038164496421814, 0.2841739356517792, 0.0084960563108325)","(0.5785033702850342, 0.33500492572784424, 0.04641667380928993)","(0.5698257088661194, 0.31537842750549316, 0.07493305206298828)","(0.5730969309806824, 0.2939717173576355, 0.09234099835157394)",Position
1225,"(0.6041048169136047, 0.09515631198883057, -6.509017839562148e-05)","(0.5444449782371521, 0.11656858026981354, 0.028432033956050873)","(0.518235445022583, 0.18198314309120178, 0.04619402438402176)","(0.5131499171257019, 0.2432028204202652, 0.06924855709075928)","(0.5159062147140503, 0.28581756353378296, 0.09601961821317673)","(0.5190918445587158, 0.25709104537963867, -0.032032664865255356)","(0.4960272014141083, 0.3422381281852722, 0.014786829240620136)","(0.49731385707855225, 0.3219221234321594, 0.06320307403802872)","(0.5051078200340271, 0.29789572954177856, 0.09210184216499329)","(0.5509206652641296, 0.28019362688064575, -0.026772988960146904)","(0.5259640216827393, 0.3656920790672302, 0.021608514711260796)","(0.5216445326805115, 0.3414686620235443, 0.07298825681209564)","(0.524679958820343, 0.31501132249832153, 0.10041088610887527)","(0.5806276798248291, 0.2852358818054199, -0.012046650983393192)","(0.5535210371017456, 0.35748130083084106, 0.034221138805150986)","(0.5461740493774414, 0.33166030049324036, 0.0757751390337944)","(0.5503016710281372, 0.3052419126033783, 0.09403084963560104)","(0.6054233908653259, 0.27991169691085815, 0.00723793962970376)","(0.5806375741958618, 0.32980820536613464, 0.04558490589261055)","(0.5711790919303894, 0.3113682270050049, 0.07452312111854553)","(0.5733035206794739, 0.2909180521965027, 0.09212630242109299)",Position
1226,"(0.6043847799301147, 0.09676428139209747, -7.618044037371874e-05)","(0.5440241098403931, 0.1155451238155365, 0.026608413085341454)","(0.5173628330230713, 0.18135687708854675, 0.043552856892347336)","(0.5131973028182983, 0.2445708066225052, 0.06659042835235596)","(0.5187183022499084, 0.2858472168445587, 0.0930822491645813)","(0.5178623199462891, 0.25477203726768494, -0.03677744418382645)","(0.49344632029533386, 0.34078100323677063, 0.010974441654980183)","(0.4960927963256836, 0.31358420848846436, 0.05886590853333473)","(0.5059354901313782, 0.28570985794067383, 0.0867961123585701)","(0.5493781566619873, 0.27866125106811523, -0.030231401324272156)","(0.5233191251754761, 0.36447808146476746, 0.018165770918130875)","(0.5206682682037354, 0.33535218238830566, 0.06643643975257874)","(0.525741457939148, 0.3060567378997803, 0.09062810242176056)","(0.5787317156791687, 0.28490149974823, -0.013717502355575562)","(0.551123321056366, 0.35725656151771545, 0.03309738636016846)","(0.5450148582458496, 0.3287327289581299, 0.07140841335058212)","(0.5506462454795837, 0.30094677209854126, 0.0867885872721672)","(0.603173553943634, 0.28182804584503174, 0.007122205104678869)","(0.5769740343093872, 0.33321791887283325, 0.04635839909315109)","(0.5689383149147034, 0.3122924864292145, 0.07457280158996582)","(0.5732764005661011, 0.289745569229126, 0.09112706035375595)",Position
1227,"(0.6028974056243896, 0.09831590950489044, -7.552868191851303e-05)","(0.5429637432098389, 0.11624421179294586, 0.02533850446343422)","(0.5163991451263428, 0.18150073289871216, 0.04138590395450592)","(0.5137331485748291, 0.24466043710708618, 0.06351866573095322)","(0.5196157693862915, 0.2864215672016144, 0.08940742164850235)","(0.5154740214347839, 0.2522478401660919, -0.04210682585835457)","(0.4916945695877075, 0.3425736427307129, 0.004137387964874506)","(0.4950082302093506, 0.3184484541416168, 0.053618017584085464)","(0.5048415660858154, 0.29119551181793213, 0.08324626088142395)","(0.5468877553939819, 0.2761971950531006, -0.03557783365249634)","(0.5208649635314941, 0.36494025588035583, 0.010659021325409412)","(0.519089937210083, 0.3364698886871338, 0.05917918682098389)","(0.5245584845542908, 0.30729174613952637, 0.083643838763237)","(0.5762237310409546, 0.28386664390563965, -0.01917142979800701)","(0.548408567905426, 0.3574973940849304, 0.027055028825998306)","(0.5430444478988647, 0.3292604684829712, 0.06638899445533752)","(0.5491299033164978, 0.30196207761764526, 0.08211839199066162)","(0.6005875468254089, 0.2828020751476288, 0.001465470064431429)","(0.5739654898643494, 0.3340945839881897, 0.04052849858999252)","(0.5662042498588562, 0.31286320090293884, 0.06891445815563202)","(0.5707107186317444, 0.29057928919792175, 0.08515370637178421)",Position
1228,"(0.6017705202102661, 0.09868775308132172, -6.77157731843181e-05)","(0.5417532920837402, 0.1178046315908432, 0.02429346740245819)","(0.515831708908081, 0.1827419549226761, 0.04074923321604729)","(0.5129745602607727, 0.2430296242237091, 0.06388026475906372)","(0.517611563205719, 0.28604844212532043, 0.09086893498897552)","(0.5134289264678955, 0.2558756172657013, -0.04122551158070564)","(0.48924684524536133, 0.3395960330963135, 0.003339943243190646)","(0.49260804057121277, 0.31570449471473694, 0.050909701734781265)","(0.5027887225151062, 0.29003623127937317, 0.07831896096467972)","(0.5446221828460693, 0.2782074511051178, -0.03378591686487198)","(0.5189725160598755, 0.3642549514770508, 0.01084923930466175)","(0.5174014568328857, 0.33664265275001526, 0.05921672284603119)","(0.5227651000022888, 0.30873537063598633, 0.08399605751037598)","(0.5735262036323547, 0.2850116193294525, -0.016721351072192192)","(0.5463972091674805, 0.35752803087234497, 0.026032600551843643)","(0.5406498312950134, 0.3297891914844513, 0.0653766617178917)","(0.545982837677002, 0.3026873469352722, 0.08186724036931992)","(0.5974443554878235, 0.2838272154331207, 0.005021366290748119)","(0.5715494155883789, 0.33299022912979126, 0.04045781120657921)","(0.5630970597267151, 0.3119305372238159, 0.06771855056285858)","(0.5666137337684631, 0.2899349629878998, 0.0839696153998375)",Position
1229,"(0.600304901599884, 0.101844921708107, -6.672579183941707e-05)","(0.5406767725944519, 0.12110306322574615, 0.021826598793268204)","(0.5148323178291321, 0.1867745816707611, 0.037908684462308884)","(0.5122264623641968, 0.2467578947544098, 0.06104694679379463)","(0.5170550346374512, 0.28911614418029785, 0.08806301653385162)","(0.5127495527267456, 0.25639209151268005, -0.04446927830576897)","(0.4878222942352295, 0.3411366641521454, -0.00010721247235778719)","(0.490768164396286, 0.3180603086948395, 0.047359246760606766)","(0.5009578466415405, 0.2921244204044342, 0.0745900571346283)","(0.543387770652771, 0.2782851457595825, -0.03598104417324066)","(0.5168681144714355, 0.36428403854370117, 0.007836311124265194)","(0.5153146386146545, 0.3367522954940796, 0.055158261209726334)","(0.5207284092903137, 0.30880242586135864, 0.07859549671411514)","(0.5714290142059326, 0.28564950823783875, -0.017854269593954086)","(0.5432396531105042, 0.35677599906921387, 0.024402648210525513)","(0.5375991463661194, 0.3293621242046356, 0.0627557560801506)","(0.543021559715271, 0.30287617444992065, 0.07864121347665787)","(0.5945762991905212, 0.2858036160469055, 0.0044291652739048)","(0.5673885941505432, 0.33232343196868896, 0.039586372673511505)","(0.5590708255767822, 0.31084758043289185, 0.06564553827047348)","(0.5626450777053833, 0.2895113229751587, 0.08082956075668335)",Position
1230,"(0.5988203287124634, 0.09932349622249603, -7.072470907587558e-05)","(0.539167046546936, 0.11688810586929321, 0.02542446181178093)","(0.5135983228683472, 0.18002301454544067, 0.04304969310760498)","(0.5113705396652222, 0.23868930339813232, 0.06651975959539413)","(0.5153647661209106, 0.2804097533226013, 0.09432119131088257)","(0.5107014775276184, 0.25138458609580994, -0.03771776333451271)","(0.4876980781555176, 0.3386269509792328, 0.005108357407152653)","(0.49104583263397217, 0.31889161467552185, 0.05388833209872246)","(0.5006579756736755, 0.294258713722229, 0.08343181014060974)","(0.5413274168968201, 0.2742159068584442, -0.031152838841080666)","(0.5160704851150513, 0.36261099576950073, 0.011811807751655579)","(0.5145761966705322, 0.3379436135292053, 0.061721544712781906)","(0.5195059180259705, 0.31143108010292053, 0.08866070210933685)","(0.5698093771934509, 0.2824786603450775, -0.015094328671693802)","(0.5425357222557068, 0.3570374548435211, 0.026015112176537514)","(0.5373620986938477, 0.3312681317329407, 0.06767074018716812)","(0.5428048968315125, 0.3049464225769043, 0.08690650761127472)","(0.5935783386230469, 0.2832627594470978, 0.0055817849934101105)","(0.5677114129066467, 0.33369576930999756, 0.03951048105955124)","(0.5596579313278198, 0.31370222568511963, 0.06740477681159973)","(0.5630928874015808, 0.2926097512245178, 0.0850287526845932)",Position
1231,"(0.5970911979675293, 0.09821420907974243, -7.200733671197668e-05)","(0.5383715033531189, 0.117580845952034, 0.026418326422572136)","(0.5130484700202942, 0.18138602375984192, 0.04319431260228157)","(0.5111509561538696, 0.24042721092700958, 0.06586980819702148)","(0.5164095759391785, 0.28255587816238403, 0.0923146978020668)","(0.5100618600845337, 0.2505491375923157, -0.03978220373392105)","(0.4874042272567749, 0.33923766016960144, 0.0051331971772015095)","(0.49131056666374207, 0.31916624307632446, 0.05559476092457771)","(0.5008248686790466, 0.2942361831665039, 0.08556876331567764)","(0.5410643219947815, 0.27298179268836975, -0.033638179302215576)","(0.5167162418365479, 0.36216890811920166, 0.01112574152648449)","(0.5154194831848145, 0.33773666620254517, 0.06324927508831024)","(0.5199898481369019, 0.31106749176979065, 0.09145031124353409)","(0.570267379283905, 0.2805768847465515, -0.017881186679005623)","(0.5434975624084473, 0.3544258177280426, 0.02585039660334587)","(0.537766695022583, 0.329243928194046, 0.06908749043941498)","(0.5424187183380127, 0.30370914936065674, 0.0889711007475853)","(0.5947484970092773, 0.28029048442840576, 0.00241520581766963)","(0.5691520571708679, 0.32868489623069763, 0.03848167881369591)","(0.560643196105957, 0.3096325099468231, 0.06703869998455048)","(0.5633400678634644, 0.2903331220149994, 0.084410160779953)",Position
1232,"(0.5971471071243286, 0.09637264907360077, -7.230429764604196e-05)","(0.5385173559188843, 0.11667400598526001, 0.026536725461483)","(0.5133876800537109, 0.18151423335075378, 0.0426916778087616)","(0.5114609003067017, 0.2413049340248108, 0.0644654780626297)","(0.5156374573707581, 0.28420981764793396, 0.09003117680549622)","(0.5093508958816528, 0.24849554896354675, -0.04537734016776085)","(0.4863537847995758, 0.33636870980262756, -0.000511748599819839)","(0.49160096049308777, 0.31501156091690063, 0.05051076412200928)","(0.5017991662025452, 0.2898620367050171, 0.08068282157182693)","(0.5403862595558167, 0.2713192105293274, -0.040248654782772064)","(0.5148707032203674, 0.36054980754852295, 0.002953124698251486)","(0.5147768259048462, 0.33519870042800903, 0.05358850955963135)","(0.5201205611228943, 0.30842864513397217, 0.08023406565189362)","(0.5693037509918213, 0.28027141094207764, -0.02471163496375084)","(0.5413718819618225, 0.35429251194000244, 0.018152639269828796)","(0.5370355248451233, 0.327558308839798, 0.06049548089504242)","(0.542791485786438, 0.30077725648880005, 0.07913583517074585)","(0.593357503414154, 0.28210747241973877, -0.004662388935685158)","(0.5664000511169434, 0.33090463280677795, 0.03155266121029854)","(0.5591717958450317, 0.30908137559890747, 0.0605681873857975)","(0.5633730292320251, 0.287750244140625, 0.0779375210404396)",Position
1233,"(0.5972647070884705, 0.09532317519187927, -6.751023465767503e-05)","(0.5384552478790283, 0.11625871062278748, 0.026130327954888344)","(0.5134081244468689, 0.18118742108345032, 0.04283581301569939)","(0.5105273723602295, 0.2407442331314087, 0.0649712085723877)","(0.513733446598053, 0.2841469943523407, 0.09097937494516373)","(0.5093374848365784, 0.24790023267269135, -0.04257119819521904)","(0.4869239330291748, 0.33605584502220154, 0.0021355559583753347)","(0.4911937415599823, 0.31625351309776306, 0.05282391980290413)","(0.5008140206336975, 0.29167693853378296, 0.08280299603939056)","(0.5399669408798218, 0.27011746168136597, -0.036873720586299896)","(0.5152471661567688, 0.3599671721458435, 0.006772766355425119)","(0.5140607953071594, 0.33635905385017395, 0.05759654939174652)","(0.5184938907623291, 0.31043675541877747, 0.08510243892669678)","(0.5688151121139526, 0.2788352072238922, -0.021173594519495964)","(0.5415342450141907, 0.35249340534210205, 0.021939415484666824)","(0.5365568995475769, 0.32710036635398865, 0.06389585882425308)","(0.5417208075523376, 0.3015383780002594, 0.08248872309923172)","(0.5931507349014282, 0.280809223651886, -0.001011442975141108)","(0.5673045516014099, 0.3301105499267578, 0.034809861332178116)","(0.5594635009765625, 0.3103354275226593, 0.06303707510232925)","(0.5627644062042236, 0.29072535037994385, 0.0800384134054184)",Position
1234,"(0.5989037156105042, 0.09501177072525024, -5.646507634082809e-05)","(0.5416058301925659, 0.11615577340126038, 0.026552464812994003)","(0.5165517330169678, 0.17924882471561432, 0.04524011164903641)","(0.512331485748291, 0.23409108817577362, 0.06913522630929947)","(0.5144168734550476, 0.27666741609573364, 0.0972181037068367)","(0.5116829872131348, 0.24978235363960266, -0.03417493775486946)","(0.4903833866119385, 0.3391588032245636, 0.0076143271289765835)","(0.4900761842727661, 0.3294219374656677, 0.058937255293130875)","(0.4962138533592224, 0.30977100133895874, 0.09182646125555038)","(0.5424119830131531, 0.27090588212013245, -0.027367500588297844)","(0.5185813307762146, 0.36078041791915894, 0.013091851025819778)","(0.513468325138092, 0.3434012234210968, 0.06732857972383499)","(0.5153027176856995, 0.32047539949417114, 0.1002923846244812)","(0.5712863802909851, 0.27797403931617737, -0.011494227685034275)","(0.5450970530509949, 0.35121554136276245, 0.028362154960632324)","(0.5366905927658081, 0.3307729661464691, 0.0743534117937088)","(0.5392032265663147, 0.3075469136238098, 0.09934183210134506)","(0.5955848693847656, 0.27757105231285095, 0.008446757681667805)","(0.5716313123703003, 0.3248659372329712, 0.04202033206820488)","(0.5610026121139526, 0.30949968099594116, 0.07100694626569748)","(0.5613301992416382, 0.292043536901474, 0.09107762575149536)",Position
1235,"(0.6003000736236572, 0.09723477065563202, -5.727881580241956e-05)","(0.5425541400909424, 0.11742997169494629, 0.02479146048426628)","(0.5171327590942383, 0.18072792887687683, 0.04207708686590195)","(0.5138974785804749, 0.23736216127872467, 0.06521452218294144)","(0.5182170867919922, 0.2792714834213257, 0.0923251211643219)","(0.5139846205711365, 0.2504461705684662, -0.03933591768145561)","(0.49165236949920654, 0.3415355086326599, 0.002917180536314845)","(0.4918774664402008, 0.32651418447494507, 0.053602516651153564)","(0.4991680383682251, 0.3030630946159363, 0.08570931851863861)","(0.5446162819862366, 0.27201083302497864, -0.03153575211763382)","(0.520052433013916, 0.36330050230026245, 0.010726426728069782)","(0.5155766010284424, 0.34117236733436584, 0.06372366100549698)","(0.5182384252548218, 0.3151555061340332, 0.09400739520788193)","(0.5732879042625427, 0.2788579761981964, -0.01444240938872099)","(0.5464886426925659, 0.3517998456954956, 0.027586672455072403)","(0.5389600992202759, 0.3280944228172302, 0.07179471850395203)","(0.5425834655761719, 0.3033435046672821, 0.0938795804977417)","(0.5969674587249756, 0.27780038118362427, 0.006614429876208305)","(0.5717539191246033, 0.32356297969818115, 0.041899994015693665)","(0.5618653297424316, 0.3054860830307007, 0.07009841501712799)","(0.5635661482810974, 0.2865932881832123, 0.08861077576875687)",Position
1236,"(0.6006417870521545, 0.09483255445957184, -6.088150621508248e-05)","(0.5426933169364929, 0.11473764479160309, 0.024932440370321274)","(0.5161431431770325, 0.1788405328989029, 0.041476935148239136)","(0.5118386745452881, 0.2386201024055481, 0.06381364166736603)","(0.5154438614845276, 0.28143027424812317, 0.0906495749950409)","(0.5161039233207703, 0.24869278073310852, -0.034231238067150116)","(0.49382543563842773, 0.3424864709377289, 0.005909720901399851)","(0.4917612075805664, 0.3335343897342682, 0.05527884513139725)","(0.4971202313899994, 0.3133313059806824, 0.08751673251390457)","(0.5468442440032959, 0.27144986391067505, -0.027544841170310974)","(0.5227513909339905, 0.36529070138931274, 0.013532312586903572)","(0.515893280506134, 0.3465953469276428, 0.06664393097162247)","(0.5169097781181335, 0.32149338722229004, 0.09845176339149475)","(0.5756881237030029, 0.27767354249954224, -0.012221953831613064)","(0.5490700006484985, 0.3538473844528198, 0.02831447310745716)","(0.5398705005645752, 0.33201712369918823, 0.07180905342102051)","(0.5423040986061096, 0.30680063366889954, 0.09398998320102692)","(0.5994213819503784, 0.2744215130805969, 0.006910414434969425)","(0.5752861499786377, 0.3225586712360382, 0.040939413011074066)","(0.564579963684082, 0.3060438334941864, 0.06833938509225845)","(0.5651529431343079, 0.28679975867271423, 0.08680883049964905)",Position
1237,"(0.6004927158355713, 0.09840388596057892, -6.060503801563755e-05)","(0.5425133109092712, 0.11816272139549255, 0.025683922693133354)","(0.5172196626663208, 0.18285730481147766, 0.04337191954255104)","(0.5146337151527405, 0.24288208782672882, 0.06626033782958984)","(0.5191215872764587, 0.28543731570243835, 0.0930921658873558)","(0.515626072883606, 0.25090208649635315, -0.03610570728778839)","(0.4941352903842926, 0.34685218334198, 0.006050390191376209)","(0.49419841170310974, 0.334017813205719, 0.055780574679374695)","(0.5007283091545105, 0.31163835525512695, 0.08752322196960449)","(0.5458395481109619, 0.27293530106544495, -0.029811860993504524)","(0.52131187915802, 0.3661508560180664, 0.013399765826761723)","(0.5166801810264587, 0.3441437780857086, 0.06459242850542068)","(0.5188469886779785, 0.3180561065673828, 0.09306023269891739)","(0.5741502046585083, 0.2802078127861023, -0.014341708272695541)","(0.5470613241195679, 0.35657545924186707, 0.027488714084029198)","(0.5398416519165039, 0.3329227566719055, 0.06964778900146484)","(0.5436029434204102, 0.30751359462738037, 0.08964390307664871)","(0.5977627038955688, 0.2790280878543854, 0.005001396872103214)","(0.5728672742843628, 0.3292142450809479, 0.039995454251766205)","(0.5638092756271362, 0.31101781129837036, 0.0679362565279007)","(0.5660818815231323, 0.29127737879753113, 0.0857556015253067)",Release
1238,"(0.6014795303344727, 0.0957995057106018, -6.022962406859733e-05)","(0.5434896349906921, 0.11564420163631439, 0.025188550353050232)","(0.517507791519165, 0.18011590838432312, 0.042732417583465576)","(0.5128782391548157, 0.2401784509420395, 0.06578723341226578)","(0.5153375267982483, 0.283773273229599, 0.09254638105630875)","(0.5175212621688843, 0.2503553032875061, -0.03307070955634117)","(0.4958772361278534, 0.34736284613609314, 0.0065612755715847015)","(0.49271342158317566, 0.3442344665527344, 0.057458553463220596)","(0.49666836857795715, 0.3271118104457855, 0.09157343953847885)","(0.5486187934875488, 0.27227500081062317, -0.0263784509152174)","(0.5246572494506836, 0.36663100123405457, 0.014993180520832539)","(0.5172021985054016, 0.3495064377784729, 0.07059478014707565)","(0.5175567269325256, 0.32550913095474243, 0.10461346805095673)","(0.577483057975769, 0.27774184942245483, -0.011352429166436195)","(0.5510392189025879, 0.35540175437927246, 0.028493018820881844)","(0.5412534475326538, 0.3354487419128418, 0.0740148201584816)","(0.5434017777442932, 0.3110494017601013, 0.09833137691020966)","(0.601144552230835, 0.27405989170074463, 0.007417191751301289)","(0.5774034261703491, 0.3250950872898102, 0.04030369594693184)","(0.5663690567016602, 0.30948999524116516, 0.06858664005994797)","(0.5663527846336365, 0.28969553112983704, 0.08832153677940369)",Release
1239,"(0.6016285419464111, 0.09211434423923492, -6.42814120510593e-05)","(0.5441873669624329, 0.11535215377807617, 0.02729637362062931)","(0.5184997916221619, 0.1791059672832489, 0.04500921443104744)","(0.5131843090057373, 0.24005083739757538, 0.06670692563056946)","(0.5142918825149536, 0.28669917583465576, 0.09229529649019241)","(0.5171850919723511, 0.24591663479804993, -0.030724938958883286)","(0.49693620204925537, 0.34605735540390015, 0.00446883961558342)","(0.4927610456943512, 0.350935697555542, 0.05233044549822807)","(0.49480748176574707, 0.3395167589187622, 0.08613990992307663)","(0.5468936562538147, 0.2689266800880432, -0.02579236961901188)","(0.5233602523803711, 0.36487454175949097, 0.01081403624266386)","(0.515020489692688, 0.3534685969352722, 0.06433191150426865)","(0.5140071511268616, 0.3322744071483612, 0.09903876483440399)","(0.5747888088226318, 0.27749475836753845, -0.012334412895143032)","(0.5484994649887085, 0.35711920261383057, 0.024097656831145287)","(0.537710428237915, 0.34176668524742126, 0.07007613033056259)","(0.5381869077682495, 0.31967782974243164, 0.09631594270467758)","(0.598281741142273, 0.2771332561969757, 0.004793612752109766)","(0.5745701193809509, 0.3326038718223572, 0.03729221224784851)","(0.5631368160247803, 0.32031309604644775, 0.0673995316028595)","(0.5621744394302368, 0.3020887076854706, 0.08928749710321426)",Release
1240,"(0.6035434007644653, 0.09704504907131195, -4.47749589511659e-05)","(0.5432941317558289, 0.12144248187541962, 0.02494177594780922)","(0.5176765322685242, 0.18646101653575897, 0.04210067167878151)","(0.5117096304893494, 0.24528367817401886, 0.06480346620082855)","(0.5124506950378418, 0.29281631112098694, 0.0907386988401413)","(0.5159176588058472, 0.25316086411476135, -0.04022069275379181)","(0.49516263604164124, 0.3482827842235565, 0.0005981080466881394)","(0.4936321973800659, 0.3427044153213501, 0.05352610722184181)","(0.49880605936050415, 0.3241918087005615, 0.08862003684043884)","(0.5474966764450073, 0.2724000811576843, -0.03306522220373154)","(0.5241592526435852, 0.36483877897262573, 0.007513783872127533)","(0.5174303650856018, 0.34869658946990967, 0.06303276866674423)","(0.5177189707756042, 0.32678094506263733, 0.09723309427499771)","(0.5765277743339539, 0.2786918878555298, -0.01665712706744671)","(0.5507363677024841, 0.35329335927963257, 0.024261895567178726)","(0.5411074161529541, 0.33321091532707214, 0.07179413735866547)","(0.5428293347358704, 0.31047046184539795, 0.09710244089365005)","(0.6004803776741028, 0.27849081158638, 0.003541363403201103)","(0.5764878392219543, 0.32798850536346436, 0.038633476942777634)","(0.5651373863220215, 0.3125779926776886, 0.06919702142477036)","(0.5648645162582397, 0.29437655210494995, 0.08994226902723312)",Release
1241,"(0.6026373505592346, 0.0950976312160492, -7.08803636371158e-05)","(0.5433957576751709, 0.11523468792438507, 0.02837844006717205)","(0.5159885883331299, 0.17930465936660767, 0.04424271732568741)","(0.5098098516464233, 0.24313299357891083, 0.06434225291013718)","(0.5114219188690186, 0.28932783007621765, 0.08928044885396957)","(0.5147867798805237, 0.2437639832496643, -0.036466632038354874)","(0.4937714636325836, 0.34770509600639343, 0.003949129953980446)","(0.49414220452308655, 0.3444148302078247, 0.055926915258169174)","(0.4999123513698578, 0.32499876618385315, 0.09089770168066025)","(0.5466237664222717, 0.26790928840637207, -0.03362495079636574)","(0.5230497121810913, 0.36845916509628296, 0.00758383609354496)","(0.5180734992027283, 0.3522070646286011, 0.06228066608309746)","(0.5189209580421448, 0.3270117938518524, 0.09538604319095612)","(0.5766821503639221, 0.277106910943985, -0.021812641993165016)","(0.5491403937339783, 0.35821533203125, 0.021124107763171196)","(0.5419492721557617, 0.33630073070526123, 0.06735400855541229)","(0.545152485370636, 0.3104218542575836, 0.090317502617836)","(0.6017152070999146, 0.2772199213504791, -0.005987956654280424)","(0.5760987997055054, 0.33236488699913025, 0.031042324379086494)","(0.566963791847229, 0.3156692683696747, 0.06179845705628395)","(0.5687161684036255, 0.29565194249153137, 0.08157208561897278)",Release
1242,"(0.6029807329177856, 0.08916336297988892, -7.823487976565957e-05)","(0.5439135432243347, 0.11187715828418732, 0.02872038260102272)","(0.515226423740387, 0.1767561435699463, 0.0426827147603035)","(0.5045731067657471, 0.2436227649450302, 0.060213178396224976)","(0.5016641020774841, 0.2961885631084442, 0.08318118005990982)","(0.5157647728919983, 0.2401943951845169, -0.0364895723760128)","(0.49455979466438293, 0.34455013275146484, 0.0034429680090397596)","(0.4930149018764496, 0.34598788619041443, 0.056568533182144165)","(0.4967643916606903, 0.32910481095314026, 0.09303681552410126)","(0.5474882125854492, 0.2656401991844177, -0.035120099782943726)","(0.5241383910179138, 0.36744919419288635, 0.00449209101498127)","(0.5167403221130371, 0.3567469120025635, 0.06004706770181656)","(0.5162649154663086, 0.33395975828170776, 0.09571763128042221)","(0.5776166915893555, 0.27484649419784546, -0.024936778470873833)","(0.5501971244812012, 0.3585073947906494, 0.017378611490130424)","(0.5419688820838928, 0.33890923857688904, 0.06508341431617737)","(0.5445818305015564, 0.3137577772140503, 0.09032613784074783)","(0.6030091643333435, 0.2738505005836487, -0.010644201189279556)","(0.5788247585296631, 0.3337412476539612, 0.027386169880628586)","(0.5689857006072998, 0.31935998797416687, 0.05981127917766571)","(0.5696380138397217, 0.29897841811180115, 0.0815538838505745)",Release
1243,"(0.6014726758003235, 0.09116849303245544, -7.642502168891951e-05)","(0.54245525598526, 0.11234438419342041, 0.02694017067551613)","(0.5121303200721741, 0.17657995223999023, 0.039095647633075714)","(0.49947983026504517, 0.244579017162323, 0.05402644723653793)","(0.49408403038978577, 0.29988038539886475, 0.07326799631118774)","(0.5134307146072388, 0.24103713035583496, -0.03673122078180313)","(0.4917875826358795, 0.34898608922958374, 8.627492206869647e-05)","(0.4884684681892395, 0.3557523190975189, 0.0522955097258091)","(0.4916975498199463, 0.3416913151741028, 0.08975648134946823)","(0.544744610786438, 0.26603227853775024, -0.03564109280705452)","(0.5212733149528503, 0.36765801906585693, 0.002123201033100486)","(0.5137430429458618, 0.35721534490585327, 0.05740123242139816)","(0.5137249231338501, 0.33470743894577026, 0.0940878763794899)","(0.5742639899253845, 0.27564698457717896, -0.026028594002127647)","(0.547871470451355, 0.35886654257774353, 0.014932293444871902)","(0.5390837788581848, 0.3405623435974121, 0.06272017955780029)","(0.5409086346626282, 0.31649643182754517, 0.08878704905509949)","(0.5992778539657593, 0.27592775225639343, -0.012613027356564999)","(0.5756447911262512, 0.3358937203884125, 0.02620125375688076)","(0.5655838847160339, 0.3217916488647461, 0.05908478796482086)","(0.5657077431678772, 0.30263692140579224, 0.08101183921098709)",Release
1244,"(0.5984024405479431, 0.09526845812797546, -7.950513827381656e-05)","(0.5373752117156982, 0.11804749071598053, 0.024813765659928322)","(0.5071451663970947, 0.1850607544183731, 0.035978227853775024)","(0.49499085545539856, 0.2531883418560028, 0.05120949074625969)","(0.48988738656044006, 0.30802974104881287, 0.07089121639728546)","(0.5076401829719543, 0.24773545563220978, -0.04796746000647545)","(0.48553046584129333, 0.3524326980113983, -0.007184382528066635)","(0.4850976765155792, 0.3474201560020447, 0.04801097884774208)","(0.49097156524658203, 0.32701385021209717, 0.08538976311683655)","(0.5399762392044067, 0.2709076702594757, -0.04544439911842346)","(0.5158246159553528, 0.3720492720603943, -0.00653870590031147)","(0.5097436904907227, 0.3553859293460846, 0.0495419017970562)","(0.5108404159545898, 0.3293130397796631, 0.08528435975313187)","(0.5701661109924316, 0.279703289270401, -0.03374413773417473)","(0.5440070033073425, 0.361534059047699, 0.008423845283687115)","(0.5356892943382263, 0.33913853764533997, 0.05599352717399597)","(0.5378842353820801, 0.3130505084991455, 0.0809105783700943)","(0.5954386591911316, 0.2799701988697052, -0.018406985327601433)","(0.5710509419441223, 0.3362872004508972, 0.020320774987339973)","(0.5614774823188782, 0.31781676411628723, 0.05142278969287872)","(0.5624949336051941, 0.29671820998191833, 0.07074946910142899)",Release
1245,"(0.5929967761039734, 0.10015478730201721, -8.145358151523396e-05)","(0.5307354927062988, 0.12687809765338898, 0.026321139186620712)","(0.5018642544746399, 0.193505197763443, 0.0404372364282608)","(0.49141445755958557, 0.25736379623413086, 0.05852324888110161)","(0.4872349798679352, 0.30873337388038635, 0.07972808182239532)","(0.49852317571640015, 0.2557256817817688, -0.04375890642404556)","(0.47555679082870483, 0.3526380658149719, -0.004217887297272682)","(0.47382646799087524, 0.35205620527267456, 0.04890713840723038)","(0.4787016808986664, 0.3360501527786255, 0.08410350233316422)","(0.5305148363113403, 0.27741244435310364, -0.04094735532999039)","(0.503620982170105, 0.37434816360473633, -0.0033441337291151285)","(0.4978179633617401, 0.36111319065093994, 0.05092436820268631)","(0.4986993074417114, 0.33810359239578247, 0.08568687736988068)","(0.5604183673858643, 0.2871883511543274, -0.028142187744379044)","(0.5324478149414062, 0.3679080009460449, 0.01147501915693283)","(0.523628830909729, 0.34869328141212463, 0.05889691039919853)","(0.5251317024230957, 0.32414108514785767, 0.08430232852697372)","(0.5855981111526489, 0.2901094853878021, -0.011738996021449566)","(0.5602322220802307, 0.3478289842605591, 0.0248417928814888)","(0.5499187111854553, 0.33100199699401855, 0.05728178098797798)","(0.5501903295516968, 0.3103908598423004, 0.07853961735963821)",Release
1246,"(0.584693431854248, 0.10138389468193054, -9.122759365709499e-05)","(0.5241570472717285, 0.12368382513523102, 0.02679342031478882)","(0.49425873160362244, 0.18881729245185852, 0.04067634418606758)","(0.48257923126220703, 0.25390154123306274, 0.057433176785707474)","(0.4771307110786438, 0.30392587184906006, 0.07668784260749817)","(0.4921702444553375, 0.2560712993144989, -0.03453816473484039)","(0.4671352505683899, 0.3562367856502533, -0.0031983102671802044)","(0.4601860046386719, 0.3713597059249878, 0.0449446439743042)","(0.46022337675094604, 0.36625683307647705, 0.08135666698217392)","(0.523707389831543, 0.28271907567977905, -0.032240476459264755)","(0.49620598554611206, 0.3813462257385254, 0.001879379851743579)","(0.48663845658302307, 0.3780505657196045, 0.05480538681149483)","(0.484254390001297, 0.36187195777893066, 0.09152543544769287)","(0.5534801483154297, 0.29347866773605347, -0.020661601796746254)","(0.524519681930542, 0.37721583247184753, 0.01652134396135807)","(0.5131407380104065, 0.36372774839401245, 0.0630878210067749)","(0.5122119784355164, 0.34227848052978516, 0.08966536819934845)","(0.5788916945457458, 0.2940586507320404, -0.00598094193264842)","(0.5541332960128784, 0.3562561273574829, 0.030147597193717957)","(0.5426910519599915, 0.3442666530609131, 0.06161462143063545)","(0.5409362316131592, 0.32542484998703003, 0.08346728980541229)",Reach
1247,"(0.573705792427063, 0.11732585728168488, -0.00010170515452045947)","(0.5105535984039307, 0.14278867840766907, 0.02708059921860695)","(0.4810686409473419, 0.2108633816242218, 0.04289178177714348)","(0.4703831672668457, 0.2744116187095642, 0.06225624680519104)","(0.46602925658226013, 0.32429176568984985, 0.08211157470941544)","(0.47681835293769836, 0.27576199173927307, -0.04315266013145447)","(0.4524223208427429, 0.3711635172367096, -0.00015667229308746755)","(0.4495714604854584, 0.3730137348175049, 0.05630900338292122)","(0.4544645845890045, 0.35814833641052246, 0.09413426369428635)","(0.5089386701583862, 0.3000794053077698, -0.04050401970744133)","(0.4817235469818115, 0.3939065933227539, 0.00338365719653666)","(0.4766676127910614, 0.3831180930137634, 0.057756297290325165)","(0.4791618287563324, 0.36284542083740234, 0.09010035544633865)","(0.5397177934646606, 0.31076106429100037, -0.028011158108711243)","(0.5109359622001648, 0.3898735046386719, 0.016758238896727562)","(0.5047851204872131, 0.36723223328590393, 0.06151680648326874)","(0.5091260671615601, 0.3432934880256653, 0.08312199264764786)","(0.5661996603012085, 0.31337934732437134, -0.012170474976301193)","(0.5403592586517334, 0.37111589312553406, 0.02843993343412876)","(0.5316306352615356, 0.35239124298095703, 0.05803843215107918)","(0.5339193940162659, 0.3330135643482208, 0.07581696659326553)",Reach
1248,"(0.5609261989593506, 0.1334499716758728, -8.332353172590956e-05)","(0.4977904260158539, 0.1616886854171753, 0.029428673908114433)","(0.46773457527160645, 0.2275775671005249, 0.04753144457936287)","(0.45692482590675354, 0.2888736128807068, 0.06841028481721878)","(0.4529784023761749, 0.33997842669487, 0.08921469748020172)","(0.4636023938655853, 0.297661691904068, -0.031326763331890106)","(0.43927496671676636, 0.3897492289543152, 0.008472886867821217)","(0.43357157707214355, 0.3973998427391052, 0.06214156746864319)","(0.43393832445144653, 0.38938772678375244, 0.10038330405950546)","(0.49450427293777466, 0.3210531175136566, -0.028325961902737617)","(0.4669926166534424, 0.4124123752117157, 0.0127092394977808)","(0.4594597816467285, 0.4093868136405945, 0.06712944805622101)","(0.45900440216064453, 0.396115243434906, 0.10264294594526291)","(0.5243898034095764, 0.3315524458885193, -0.01588529162108898)","(0.496336430311203, 0.40943336486816406, 0.02533809095621109)","(0.4873815178871155, 0.3953074812889099, 0.07087137550115585)","(0.48839429020881653, 0.3765900433063507, 0.09636316448450089)","(0.5502945780754089, 0.3335492014884949, -0.00012812252680305392)","(0.5267568230628967, 0.3938961327075958, 0.03645183518528938)","(0.5157196521759033, 0.38141581416130066, 0.06629680097103119)","(0.5146087408065796, 0.3642956614494324, 0.08711888641119003)",Reach
1249,"(0.5476999282836914, 0.157120481133461, -7.312445814022794e-05)","(0.48690566420555115, 0.18245325982570648, 0.03761904686689377)","(0.45776447653770447, 0.24583114683628082, 0.05958530679345131)","(0.44815272092819214, 0.30546656250953674, 0.0821957215666771)","(0.4457041621208191, 0.3549129068851471, 0.10491752624511719)","(0.4477705955505371, 0.3200497031211853, -0.016052275896072388)","(0.42295461893081665, 0.411349356174469, 0.024300632998347282)","(0.4171352684497833, 0.42615991830825806, 0.07753977179527283)","(0.4171658158302307, 0.42091959714889526, 0.11704341322183609)","(0.47790950536727905, 0.34795236587524414, -0.015137506648898125)","(0.45213058590888977, 0.43915292620658875, 0.028914975002408028)","(0.4465595781803131, 0.43756335973739624, 0.08544965833425522)","(0.4471732974052429, 0.42469680309295654, 0.1232944130897522)","(0.508695662021637, 0.36036351323127747, -0.005413486622273922)","(0.4831532835960388, 0.43615278601646423, 0.03977702930569649)","(0.47621726989746094, 0.42100828886032104, 0.08791796118021011)","(0.4778309762477875, 0.403646320104599, 0.11564328521490097)","(0.5361160635948181, 0.3628047704696655, 0.007526134606450796)","(0.5148029327392578, 0.4150190055370331, 0.04885503649711609)","(0.5059615969657898, 0.39951393008232117, 0.07965420186519623)","(0.5060057044029236, 0.38192254304885864, 0.1010652482509613)",Reach
1250,"(0.5342941284179688, 0.1824050098657608, -5.597093695541844e-05)","(0.4733407497406006, 0.20579230785369873, 0.04006034508347511)","(0.4407880902290344, 0.2698638439178467, 0.06264688074588776)","(0.4276954233646393, 0.3331792950630188, 0.0849962905049324)","(0.4242326021194458, 0.38020265102386475, 0.10610917955636978)","(0.4319916367530823, 0.34693267941474915, -0.0078877042979002)","(0.40659698843955994, 0.4347183108329773, 0.03591567650437355)","(0.4006541669368744, 0.45330384373664856, 0.08862154930830002)","(0.39890873432159424, 0.45079469680786133, 0.12687687575817108)","(0.4616587162017822, 0.37871432304382324, -0.008963227272033691)","(0.43377813696861267, 0.4669964909553528, 0.039243731647729874)","(0.42803266644477844, 0.4683911204338074, 0.0950680673122406)","(0.4281662106513977, 0.4565890431404114, 0.1311948001384735)","(0.49176377058029175, 0.3937291204929352, -0.0015451054787263274)","(0.4643231928348541, 0.4693642258644104, 0.048363517969846725)","(0.46059858798980713, 0.4537298083305359, 0.09518550336360931)","(0.46394747495651245, 0.433390736579895, 0.12111364305019379)","(0.5184112787246704, 0.39686018228530884, 0.0085331154987216)","(0.49559465050697327, 0.45375779271125793, 0.05269961059093475)","(0.4884868860244751, 0.43843746185302734, 0.08488370478153229)","(0.49076858162879944, 0.41803058981895447, 0.10590336471796036)",Reach
1251,"(0.5209401845932007, 0.2137100100517273, -2.295145532116294e-05)","(0.4557976722717285, 0.2475183606147766, 0.041314441710710526)","(0.42352575063705444, 0.3145889341831207, 0.06539051979780197)","(0.4088793992996216, 0.376575231552124, 0.08944381028413773)","(0.40512028336524963, 0.42978569865226746, 0.11093904078006744)","(0.41395169496536255, 0.3881978690624237, -0.006265897303819656)","(0.38919514417648315, 0.46955209970474243, 0.039388760924339294)","(0.38476529717445374, 0.4922305941581726, 0.0930912122130394)","(0.3821808397769928, 0.49388387799263, 0.1303177773952484)","(0.4456610083580017, 0.4172295331954956, -0.005721683613955975)","(0.41986197233200073, 0.5013205409049988, 0.04568609967827797)","(0.4166223704814911, 0.5048476457595825, 0.10384952276945114)","(0.4165716767311096, 0.49453774094581604, 0.14266543090343475)","(0.47704771161079407, 0.4323374032974243, 0.003546625142917037)","(0.45168906450271606, 0.5039152503013611, 0.055899135768413544)","(0.4461160898208618, 0.4923069477081299, 0.10470195859670639)","(0.4466979503631592, 0.4752171039581299, 0.1324639469385147)","(0.5041157007217407, 0.4357861876487732, 0.015312653966248035)","(0.4800378084182739, 0.4844306409358978, 0.06120559945702553)","(0.47051534056663513, 0.47224074602127075, 0.09237757325172424)","(0.4698752760887146, 0.45566561818122864, 0.11258385330438614)",Reach
1252,"(0.507086455821991, 0.246763676404953, -3.130500772385858e-05)","(0.4419054388999939, 0.2766428589820862, 0.04937165603041649)","(0.40799587965011597, 0.340201735496521, 0.07732865959405899)","(0.3915487229824066, 0.4026428759098053, 0.10285778343677521)","(0.38706594705581665, 0.4533379375934601, 0.12573008239269257)","(0.3958914279937744, 0.4206222593784332, 0.014083902351558208)","(0.3687436878681183, 0.5012164115905762, 0.061955492943525314)","(0.36491021513938904, 0.5300949215888977, 0.11514928191900253)","(0.3628241717815399, 0.5365033149719238, 0.15287476778030396)","(0.4263199269771576, 0.45313459634780884, 0.010489115491509438)","(0.3991781771183014, 0.5360704660415649, 0.06358680874109268)","(0.39559003710746765, 0.5481212139129639, 0.12221841514110565)","(0.3950701355934143, 0.5450149178504944, 0.16251927614212036)","(0.4567495286464691, 0.4704633951187134, 0.014944876544177532)","(0.4312376379966736, 0.5442213416099548, 0.06836853921413422)","(0.42714962363243103, 0.5402579307556152, 0.11749807745218277)","(0.4283529818058014, 0.5263161659240723, 0.14556005597114563)","(0.48349127173423767, 0.47563332319259644, 0.02273857779800892)","(0.4599755108356476, 0.5315995812416077, 0.0698264017701149)","(0.4517996907234192, 0.5245022773742676, 0.10296686738729477)","(0.4527392089366913, 0.5089507102966309, 0.12487920373678207)",Reach
1253,"(0.4943966865539551, 0.28037965297698975, -3.925028522644425e-06)","(0.4251217544078827, 0.31545376777648926, 0.05193493887782097)","(0.39147284626960754, 0.38097235560417175, 0.08139980584383011)","(0.375843346118927, 0.44253870844841003, 0.10842199623584747)","(0.37221699953079224, 0.4915092885494232, 0.13270942866802216)","(0.3772903084754944, 0.47140830755233765, 0.020118234679102898)","(0.353638619184494, 0.5425440073013306, 0.07567644864320755)","(0.3542008399963379, 0.5642983913421631, 0.1327342838048935)","(0.354757696390152, 0.5644110441207886, 0.17029990255832672)","(0.40800395607948303, 0.5042299032211304, 0.01636374555528164)","(0.38591641187667847, 0.5783277153968811, 0.0755012258887291)","(0.3839952051639557, 0.5854029059410095, 0.13244667649269104)","(0.3848798871040344, 0.578822135925293, 0.169027641415596)","(0.43962371349334717, 0.5206955075263977, 0.02155447006225586)","(0.4196876883506775, 0.5882365107536316, 0.07880102843046188)","(0.4176613390445709, 0.577958345413208, 0.1258240044116974)","(0.42012009024620056, 0.5599572658538818, 0.15252089500427246)","(0.46769025921821594, 0.5249390602111816, 0.029689406976103783)","(0.44813549518585205, 0.5753267407417297, 0.07818509638309479)","(0.4426034688949585, 0.5610726475715637, 0.1091880202293396)","(0.4455067217350006, 0.5403857827186584, 0.12892931699752808)",Reach
1254,"(0.48264050483703613, 0.31458860635757446, -6.1747091422148515e-06)","(0.4102790057659149, 0.36054858565330505, 0.04983042553067207)","(0.3753633499145508, 0.4275065064430237, 0.07917502522468567)","(0.35645464062690735, 0.48716118931770325, 0.10811086744070053)","(0.3502095341682434, 0.5353906750679016, 0.13505080342292786)","(0.3637866675853729, 0.5207690000534058, 0.015301103703677654)","(0.33962535858154297, 0.5888768434524536, 0.07437452673912048)","(0.34128862619400024, 0.599321186542511, 0.1308249980211258)","(0.344655841588974, 0.5864275097846985, 0.16580577194690704)","(0.39652520418167114, 0.5488571524620056, 0.014480778947472572)","(0.37635549902915955, 0.6203926801681519, 0.07926205545663834)","(0.3748182952404022, 0.6233904957771301, 0.1347857415676117)","(0.3763958215713501, 0.6109859943389893, 0.16889244318008423)","(0.4291139543056488, 0.5624376535415649, 0.02397305890917778)","(0.41010087728500366, 0.628426194190979, 0.08473316580057144)","(0.40838438272476196, 0.618053138256073, 0.13147395849227905)","(0.41128578782081604, 0.5972813963890076, 0.15829390287399292)","(0.4580743610858917, 0.5662039518356323, 0.03567930683493614)","(0.43893349170684814, 0.6170403361320496, 0.08661755919456482)","(0.4332505464553833, 0.6035412549972534, 0.11776643991470337)","(0.43569764494895935, 0.5811879634857178, 0.13736620545387268)",Reach
1255,"(0.47195544838905334, 0.3536452651023865, 1.0811120318976464e-06)","(0.3980407416820526, 0.41078007221221924, 0.06138813495635986)","(0.3680717647075653, 0.4821681082248688, 0.09612959623336792)","(0.3524041175842285, 0.5383252501487732, 0.12800030410289764)","(0.3486503064632416, 0.5889964699745178, 0.1582227349281311)","(0.3484615087509155, 0.5684510469436646, 0.026371711865067482)","(0.3291970193386078, 0.6374421715736389, 0.09309199452400208)","(0.33469244837760925, 0.6394471526145935, 0.15534883737564087)","(0.34084686636924744, 0.6181526184082031, 0.19313564896583557)","(0.3816439211368561, 0.5930741429328918, 0.02098962664604187)","(0.3629480302333832, 0.6666967868804932, 0.09190155565738678)","(0.3655450642108917, 0.6656934022903442, 0.15117354691028595)","(0.3693388104438782, 0.6501410007476807, 0.18708203732967377)","(0.41492384672164917, 0.605209231376648, 0.026475481688976288)","(0.3967307507991791, 0.6745885610580444, 0.09160458296537399)","(0.3979465663433075, 0.6620428562164307, 0.14181096851825714)","(0.4019174873828888, 0.6394506692886353, 0.1703222543001175)","(0.44451069831848145, 0.608243465423584, 0.03528222814202309)","(0.4252362847328186, 0.6605721116065979, 0.0906359851360321)","(0.4205735921859741, 0.6452449560165405, 0.12625885009765625)","(0.4235900640487671, 0.6204679012298584, 0.14842434227466583)",Reach
1256,"(0.46080315113067627, 0.39037591218948364, -1.1922581506951246e-05)","(0.3917846083641052, 0.4450225532054901, 0.06715363264083862)","(0.36354464292526245, 0.5132808089256287, 0.1064462959766388)","(0.34864580631256104, 0.564382016658783, 0.14060106873512268)","(0.34660667181015015, 0.6151149272918701, 0.1730111837387085)","(0.34071075916290283, 0.605920672416687, 0.04924609512090683)","(0.3210737109184265, 0.6751842498779297, 0.11774537712335587)","(0.3252662420272827, 0.6811618208885193, 0.17996984720230103)","(0.3296513557434082, 0.6693956255912781, 0.21811196208000183)","(0.3711193799972534, 0.6335451006889343, 0.04116857796907425)","(0.3511284589767456, 0.7084375619888306, 0.11153079569339752)","(0.35389575362205505, 0.7105455994606018, 0.17260779440402985)","(0.3581835627555847, 0.6994211673736572, 0.21261852979660034)","(0.40340375900268555, 0.6464269161224365, 0.04375044256448746)","(0.38753366470336914, 0.7166335582733154, 0.10797006636857986)","(0.38731849193573, 0.7062017917633057, 0.16049601137638092)","(0.39014917612075806, 0.6857486367225647, 0.19026091694831848)","(0.4330631196498871, 0.6492889523506165, 0.05051284283399582)","(0.41667619347572327, 0.7033557295799255, 0.10366769880056381)","(0.40847352147102356, 0.6932815313339233, 0.14048001170158386)","(0.4068896770477295, 0.6725796461105347, 0.16430886089801788)",Reach
1257,"(0.4485766291618347, 0.4239407777786255, -2.931750896095764e-05)","(0.3787989318370819, 0.4781085252761841, 0.07116270810365677)","(0.34978631138801575, 0.5511618852615356, 0.10876528918743134)","(0.3397775888442993, 0.6115832328796387, 0.1412537544965744)","(0.34604525566101074, 0.6560743451118469, 0.17197710275650024)","(0.3310743570327759, 0.6375003457069397, 0.04069160297513008)","(0.3171575665473938, 0.7143222689628601, 0.11033151298761368)","(0.3284187614917755, 0.7024142146110535, 0.16610151529312134)","(0.3380393385887146, 0.6732162237167358, 0.19465316832065582)","(0.36250942945480347, 0.6663084626197815, 0.02866986393928528)","(0.3481624126434326, 0.747639536857605, 0.09980610758066177)","(0.3545135259628296, 0.739341139793396, 0.15521053969860077)","(0.36000728607177734, 0.7178256511688232, 0.18591101467609406)","(0.3957972526550293, 0.6787149310112, 0.028228759765625)","(0.3818269371986389, 0.755272388458252, 0.09292779117822647)","(0.38492056727409363, 0.7380796670913696, 0.14088478684425354)","(0.3894349932670593, 0.7110006213188171, 0.16539934277534485)","(0.4273527264595032, 0.6795929074287415, 0.0317460335791111)","(0.41228169202804565, 0.7383020520210266, 0.08561306446790695)","(0.4074791371822357, 0.7210176587104797, 0.1212833821773529)","(0.4088422954082489, 0.6937524676322937, 0.14272508025169373)",Reach
1258,"(0.4411521553993225, 0.45447951555252075, -5.359915303415619e-05)","(0.37342190742492676, 0.5011341571807861, 0.06685387343168259)","(0.34295231103897095, 0.5691081285476685, 0.09920370578765869)","(0.33107808232307434, 0.6286848187446594, 0.12682321667671204)","(0.3337828814983368, 0.6685462594032288, 0.15449771285057068)","(0.32572418451309204, 0.6611658334732056, 0.032357849180698395)","(0.312274694442749, 0.7397466897964478, 0.09961705654859543)","(0.32534801959991455, 0.7249564528465271, 0.1530291736125946)","(0.33628034591674805, 0.694145143032074, 0.1817535012960434)","(0.35714203119277954, 0.6950146555900574, 0.021158846095204353)","(0.34482207894325256, 0.7728243470191956, 0.09324382245540619)","(0.35216593742370605, 0.754169225692749, 0.14634671807289124)","(0.35718834400177, 0.728786826133728, 0.17140963673591614)","(0.3910365700721741, 0.7080628275871277, 0.02152557671070099)","(0.38103896379470825, 0.7711840867996216, 0.09031365811824799)","(0.38457101583480835, 0.7455533742904663, 0.1320466846227646)","(0.3876499831676483, 0.7175624370574951, 0.14674510061740875)","(0.4235386550426483, 0.7072547078132629, 0.02531786449253559)","(0.41075843572616577, 0.7527800798416138, 0.08252651244401932)","(0.4088557958602905, 0.7301588654518127, 0.11243889480829239)","(0.41087260842323303, 0.7036121487617493, 0.12634596228599548)",Reach
1259,"(0.4344070255756378, 0.4748794138431549, -6.989225948927924e-05)","(0.3696044385433197, 0.5176563262939453, 0.06795165687799454)","(0.33943092823028564, 0.5838563442230225, 0.10016650706529617)","(0.32708364725112915, 0.6420358419418335, 0.12782739102840424)","(0.3287239074707031, 0.685842752456665, 0.15654410421848297)","(0.32173824310302734, 0.6769094467163086, 0.03268492594361305)","(0.31001073122024536, 0.7507900595664978, 0.10088321566581726)","(0.32405298948287964, 0.7300083637237549, 0.15438172221183777)","(0.33534368872642517, 0.7005506157875061, 0.18217171728610992)","(0.35251685976982117, 0.7106332182884216, 0.01912245713174343)","(0.33945685625076294, 0.7854602336883545, 0.08884947001934052)","(0.34816208481788635, 0.7638362646102905, 0.14225775003433228)","(0.3549993336200714, 0.7367678880691528, 0.16901296377182007)","(0.3862924873828888, 0.7232847809791565, 0.017376255244016647)","(0.3752053678035736, 0.7866709232330322, 0.08465631306171417)","(0.37821391224861145, 0.7615265846252441, 0.12899409234523773)","(0.3818735182285309, 0.7335528135299683, 0.1451161801815033)","(0.4192362427711487, 0.7208901047706604, 0.019330162554979324)","(0.4080500900745392, 0.7667819857597351, 0.0748535692691803)","(0.40484845638275146, 0.7452956438064575, 0.10679265111684799)","(0.4057202935218811, 0.7197103500366211, 0.12297341972589493)",Reach
1260,"(0.430581271648407, 0.49418291449546814, -6.366609886754304e-05)","(0.36881738901138306, 0.5279238820075989, 0.06568096578121185)","(0.33836859464645386, 0.5890997648239136, 0.09740516543388367)","(0.32493555545806885, 0.6464855074882507, 0.12401754409074783)","(0.32538431882858276, 0.687816321849823, 0.15148383378982544)","(0.32228001952171326, 0.6840378642082214, 0.032618433237075806)","(0.3080940544605255, 0.7577065229415894, 0.09674849361181259)","(0.3217766284942627, 0.7370445132255554, 0.1474170982837677)","(0.3333507478237152, 0.7081833481788635, 0.1750958263874054)","(0.352100670337677, 0.7188460826873779, 0.019113745540380478)","(0.3352661728858948, 0.796454906463623, 0.08265996724367142)","(0.34398728609085083, 0.7725550532341003, 0.13378380239009857)","(0.3515813946723938, 0.7439364790916443, 0.1608339101076126)","(0.38484376668930054, 0.7328298687934875, 0.017186235636472702)","(0.367751806974411, 0.8036393523216248, 0.07758216559886932)","(0.3706398904323578, 0.7783433198928833, 0.12314946949481964)","(0.37600287795066833, 0.7506765723228455, 0.14247377216815948)","(0.4172658324241638, 0.7319055199623108, 0.01908963918685913)","(0.40153980255126953, 0.7834228873252869, 0.06926218420267105)","(0.3974640667438507, 0.762893557548523, 0.10356143116950989)","(0.3991864025592804, 0.7384330630302429, 0.12387392669916153)",Grasp
1261,"(0.43038955330848694, 0.5066927671432495, -6.782131094951183e-05)","(0.36799880862236023, 0.5381330251693726, 0.0603325292468071)","(0.3366532623767853, 0.5985598564147949, 0.08897536993026733)","(0.32260242104530334, 0.6565011143684387, 0.11420896649360657)","(0.32291436195373535, 0.6960359215736389, 0.14103664457798004)","(0.32220301032066345, 0.6911284327507019, 0.024516616016626358)","(0.3118980824947357, 0.7640514373779297, 0.0885671079158783)","(0.32588931918144226, 0.7401156425476074, 0.13759437203407288)","(0.3356528580188751, 0.7098195552825928, 0.1636355221271515)","(0.3528783619403839, 0.7253682613372803, 0.012674364261329174)","(0.3392445147037506, 0.8031036853790283, 0.07682795822620392)","(0.34792089462280273, 0.7774507999420166, 0.12525443732738495)","(0.3547270894050598, 0.7470109462738037, 0.14836201071739197)","(0.3859808146953583, 0.7390293478965759, 0.012703507207334042)","(0.3712547719478607, 0.8040466904640198, 0.07626363635063171)","(0.37434762716293335, 0.7760475277900696, 0.11766006797552109)","(0.37964215874671936, 0.7467284202575684, 0.13132131099700928)","(0.41825956106185913, 0.7380751371383667, 0.01600607857108116)","(0.40479370951652527, 0.7838323712348938, 0.06876025348901749)","(0.40251395106315613, 0.7609474062919617, 0.10093235969543457)","(0.4051024317741394, 0.7357474565505981, 0.11740781366825104)",Grasp
1262,"(0.42538467049598694, 0.5146435499191284, -7.899177580839023e-05)","(0.365762859582901, 0.5430219173431396, 0.06514517217874527)","(0.3360549211502075, 0.6016015410423279, 0.09677228331565857)","(0.3243132531642914, 0.6574114561080933, 0.12364033609628677)","(0.32546672224998474, 0.69559246301651, 0.15117549896240234)","(0.31934481859207153, 0.6927334666252136, 0.032242871820926666)","(0.30882856249809265, 0.7623732089996338, 0.09544667601585388)","(0.3237515091896057, 0.7437231540679932, 0.14354804158210754)","(0.334349125623703, 0.7164809107780457, 0.16960376501083374)","(0.34800246357917786, 0.7286338806152344, 0.0181475467979908)","(0.33569490909576416, 0.8065763115882874, 0.07990464568138123)","(0.34641075134277344, 0.7851396203041077, 0.12692321836948395)","(0.3537169098854065, 0.7571619749069214, 0.15053126215934753)","(0.38013532757759094, 0.7437345385551453, 0.0160030759871006)","(0.3670847415924072, 0.813235342502594, 0.07598081231117249)","(0.37212520837783813, 0.7882473468780518, 0.11676926910877228)","(0.37741824984550476, 0.7606959342956543, 0.13142046332359314)","(0.41265904903411865, 0.7439365983009338, 0.017522454261779785)","(0.40008434653282166, 0.7959701418876648, 0.06627888977527618)","(0.39869582653045654, 0.7753454446792603, 0.09680438041687012)","(0.40129080414772034, 0.7503873109817505, 0.11335208266973495)",Grasp
1263,"(0.42508745193481445, 0.5211553573608398, -8.282248018076643e-05)","(0.3636264503002167, 0.5483028292655945, 0.06465963274240494)","(0.3327178657054901, 0.605070173740387, 0.09450408071279526)","(0.3218162953853607, 0.6617038249969482, 0.12042459845542908)","(0.32469430565834045, 0.6978192329406738, 0.1473674774169922)","(0.3172765374183655, 0.6959887742996216, 0.026807326823472977)","(0.3105720579624176, 0.7686456441879272, 0.08974424004554749)","(0.32520803809165955, 0.7444350719451904, 0.13560867309570312)","(0.33422836661338806, 0.7129573822021484, 0.15866242349147797)","(0.34708842635154724, 0.7312869429588318, 0.012107721529901028)","(0.3381801247596741, 0.8079656362533569, 0.07595845311880112)","(0.34925705194473267, 0.7831386923789978, 0.12014710158109665)","(0.3554987609386444, 0.7530723214149475, 0.13852061331272125)","(0.37987568974494934, 0.7457171082496643, 0.010173865593969822)","(0.368973970413208, 0.8130487203598022, 0.0712708830833435)","(0.37465977668762207, 0.7867602705955505, 0.10776682943105698)","(0.37977904081344604, 0.7574725151062012, 0.1174270361661911)","(0.41248154640197754, 0.745661735534668, 0.012025738134980202)","(0.40126147866249084, 0.7946406602859497, 0.061906833201646805)","(0.4006430506706238, 0.7732533812522888, 0.09101429581642151)","(0.40337586402893066, 0.7483066320419312, 0.10497433692216873)",Grasp
1264,"(0.4231702387332916, 0.5248217582702637, -7.478398765670136e-05)","(0.3642382323741913, 0.5490553379058838, 0.06520096957683563)","(0.3337903618812561, 0.6051207184791565, 0.09553075581789017)","(0.32154107093811035, 0.6604224443435669, 0.12148898094892502)","(0.3220374584197998, 0.6974680423736572, 0.1482970416545868)","(0.31604039669036865, 0.6940368413925171, 0.025481510907411575)","(0.3086537718772888, 0.764372706413269, 0.0877104252576828)","(0.3236226439476013, 0.7435084581375122, 0.1340157687664032)","(0.33297064900398254, 0.7145775556564331, 0.157746359705925)","(0.34483441710472107, 0.7299463152885437, 0.010345467366278172)","(0.3344361484050751, 0.8031544089317322, 0.07145684957504272)","(0.34620368480682373, 0.7803404331207275, 0.11574340611696243)","(0.3530847728252411, 0.7523494958877563, 0.13593193888664246)","(0.3771214187145233, 0.745854377746582, 0.007863769307732582)","(0.36462169885635376, 0.8126336932182312, 0.06659083068370819)","(0.37094226479530334, 0.7880210280418396, 0.10435895621776581)","(0.37683528661727905, 0.760397732257843, 0.11589919775724411)","(0.4094216823577881, 0.7480215430259705, 0.009744885377585888)","(0.3972182869911194, 0.7990968227386475, 0.057360149919986725)","(0.3967125117778778, 0.7789574265480042, 0.08692245930433273)","(0.39991703629493713, 0.7543163895606995, 0.10206347703933716)",Grasp
1265,"(0.4211885333061218, 0.5289532542228699, -7.118868961697444e-05)","(0.3639678657054901, 0.5491868257522583, 0.06573449075222015)","(0.33276888728141785, 0.6048341989517212, 0.09569992870092392)","(0.3198692500591278, 0.658838152885437, 0.12105878442525864)","(0.3198375999927521, 0.6941491961479187, 0.1481277495622635)","(0.31289494037628174, 0.6913681030273438, 0.023867785930633545)","(0.30699142813682556, 0.7640314102172852, 0.0838610827922821)","(0.3228569030761719, 0.7440640926361084, 0.13163524866104126)","(0.33228567242622375, 0.7147636413574219, 0.15776048600673676)","(0.34138035774230957, 0.7279929518699646, 0.007230143062770367)","(0.3326343297958374, 0.8024485111236572, 0.06619767844676971)","(0.34593114256858826, 0.7809968590736389, 0.11125843226909637)","(0.3531545102596283, 0.75312340259552, 0.13255038857460022)","(0.374153196811676, 0.7448599338531494, 0.0031591332517564297)","(0.36393406987190247, 0.8124197721481323, 0.06011166796088219)","(0.3717384338378906, 0.7885720729827881, 0.09808112680912018)","(0.37752586603164673, 0.7604312300682068, 0.11058392375707626)","(0.4072892665863037, 0.748280942440033, 0.0035207238979637623)","(0.3972119688987732, 0.7995502948760986, 0.05045773461461067)","(0.3979121148586273, 0.7792342901229858, 0.07978245615959167)","(0.4007858335971832, 0.7536276578903198, 0.09496783465147018)",Grasp
1266,"(0.42258980870246887, 0.5315295457839966, -7.957578054629266e-05)","(0.36442556977272034, 0.5486283302307129, 0.06374303251504898)","(0.33113613724708557, 0.6030218601226807, 0.0922732800245285)","(0.31668296456336975, 0.6579811573028564, 0.11651287227869034)","(0.3164760172367096, 0.6936689019203186, 0.1427793651819229)","(0.31164634227752686, 0.6889357566833496, 0.021774601191282272)","(0.3071800172328949, 0.7602291107177734, 0.08112344145774841)","(0.3228453993797302, 0.7388033270835876, 0.12658809125423431)","(0.33100879192352295, 0.7100781202316284, 0.15031704306602478)","(0.33972787857055664, 0.7249149084091187, 0.005123970564454794)","(0.33150148391723633, 0.7972769141197205, 0.06339970231056213)","(0.3445487320423126, 0.776415228843689, 0.10691249370574951)","(0.3516930341720581, 0.7497930526733398, 0.12637539207935333)","(0.372082382440567, 0.7422990798950195, 0.0011285729706287384)","(0.36204782128334045, 0.8079464435577393, 0.056922949850559235)","(0.3700418770313263, 0.7850180268287659, 0.09393094480037689)","(0.37621477246284485, 0.7576479911804199, 0.10567767173051834)","(0.4047728180885315, 0.7466843724250793, 0.0013685295125469565)","(0.39442873001098633, 0.7990424633026123, 0.04768833890557289)","(0.3951346278190613, 0.7791951298713684, 0.07752324640750885)","(0.3984319567680359, 0.7536776661872864, 0.0922061949968338)",Grasp
1267,"(0.42217057943344116, 0.5324960947036743, -7.35217472538352e-05)","(0.3644621968269348, 0.5474513173103333, 0.06304716318845749)","(0.3309033215045929, 0.6003838777542114, 0.09177292883396149)","(0.31614336371421814, 0.6541280746459961, 0.11658333986997604)","(0.3157516121864319, 0.6896925568580627, 0.14438465237617493)","(0.30876970291137695, 0.6823198199272156, 0.022006114944815636)","(0.3059118092060089, 0.7556420564651489, 0.07946299016475677)","(0.3224503695964813, 0.7380359768867493, 0.1257675588130951)","(0.3305124044418335, 0.7097439169883728, 0.1512901782989502)","(0.3359583616256714, 0.719155490398407, 0.005234996322542429)","(0.3303958773612976, 0.7946059107780457, 0.06131669506430626)","(0.3448294997215271, 0.7757226824760437, 0.1047876626253128)","(0.3513251841068268, 0.7479060888290405, 0.12539078295230865)","(0.36814409494400024, 0.7374283671379089, 0.0010105448309332132)","(0.3609490990638733, 0.8062017560005188, 0.0544150210916996)","(0.3704001307487488, 0.7850820422172546, 0.09149149805307388)","(0.37572863698005676, 0.7571614384651184, 0.1041790172457695)","(0.40097880363464355, 0.7421916723251343, 0.0008092776988632977)","(0.39348655939102173, 0.7969345450401306, 0.045442018657922745)","(0.39520934224128723, 0.7788197994232178, 0.07399797439575195)","(0.39746734499931335, 0.7531918883323669, 0.0888572633266449)",Grasp
1268,"(0.4206569194793701, 0.5307908654212952, -7.711815123911947e-05)","(0.3630121648311615, 0.5491223335266113, 0.064277283847332)","(0.32944726943969727, 0.6047188639640808, 0.09226184338331223)","(0.3163413107395172, 0.6590949296951294, 0.11616706848144531)","(0.3188427686691284, 0.694038450717926, 0.14379580318927765)","(0.3064076006412506, 0.6785343289375305, 0.018866725265979767)","(0.3068208694458008, 0.7561752200126648, 0.07509713619947433)","(0.32343798875808716, 0.7381736040115356, 0.11861690133810043)","(0.3303055465221405, 0.7090657353401184, 0.14150936901569366)","(0.3333655893802643, 0.7129096388816833, 0.00017622168525122106)","(0.3307884633541107, 0.7907007336616516, 0.05577278137207031)","(0.34621354937553406, 0.771530032157898, 0.096399687230587)","(0.35222259163856506, 0.7430130839347839, 0.11327877640724182)","(0.3654026687145233, 0.731356143951416, -0.0057996888644993305)","(0.3600229322910309, 0.8020605444908142, 0.04684014990925789)","(0.3709622621536255, 0.7812287211418152, 0.08132684975862503)","(0.3764219582080841, 0.7529972791671753, 0.09164273738861084)","(0.3981062173843384, 0.7379449605941772, -0.007544533349573612)","(0.39019203186035156, 0.7967290878295898, 0.036995451897382736)","(0.39307498931884766, 0.778489351272583, 0.06609125435352325)","(0.3960707485675812, 0.7522812485694885, 0.08042266964912415)",Grasp
1269,"(0.41961175203323364, 0.5300959348678589, -6.927680078661069e-05)","(0.36159858107566833, 0.5473641157150269, 0.06439737975597382)","(0.3274296522140503, 0.6007628440856934, 0.09178372472524643)","(0.31407925486564636, 0.6546275615692139, 0.11489139497280121)","(0.3178112208843231, 0.6900239586830139, 0.14044640958309174)","(0.30366140604019165, 0.669902503490448, 0.020025335252285004)","(0.30450454354286194, 0.7484422326087952, 0.07582451403141022)","(0.32167568802833557, 0.7317243814468384, 0.11783354729413986)","(0.3285413980484009, 0.7028337717056274, 0.13924634456634521)","(0.3294166922569275, 0.705535352230072, 0.0010224388679489493)","(0.3278398811817169, 0.7854247093200684, 0.056422170251607895)","(0.34423646330833435, 0.7682457566261292, 0.09480322897434235)","(0.3501357138156891, 0.740394115447998, 0.10965774208307266)","(0.36067453026771545, 0.7260028123855591, -0.005300547927618027)","(0.35625624656677246, 0.797953188419342, 0.046713992953300476)","(0.3682616353034973, 0.7768162488937378, 0.07856712490320206)","(0.37394586205482483, 0.7484963536262512, 0.0862644836306572)","(0.3929083049297333, 0.7347276210784912, -0.007734426762908697)","(0.38576507568359375, 0.7939044833183289, 0.03555972874164581)","(0.39004093408584595, 0.774564802646637, 0.0626547783613205)","(0.39359360933303833, 0.7476270794868469, 0.0749504491686821)",Grasp
1270,"(0.4181389808654785, 0.5284934043884277, -5.9442241763463244e-05)","(0.36016201972961426, 0.5467183589935303, 0.0628802552819252)","(0.32509419322013855, 0.5994076728820801, 0.08709133416414261)","(0.31218910217285156, 0.6536877751350403, 0.10810475796461105)","(0.31813719868659973, 0.6888654828071594, 0.13171784579753876)","(0.30001604557037354, 0.6619464159011841, 0.012417814694344997)","(0.3039781451225281, 0.7465052604675293, 0.06718390434980392)","(0.3221696615219116, 0.7293764352798462, 0.1059061661362648)","(0.32788753509521484, 0.6986048221588135, 0.12291154265403748)","(0.32607409358024597, 0.6972386240959167, -0.006857953034341335)","(0.32858678698539734, 0.7799621820449829, 0.05017166957259178)","(0.3457660377025604, 0.7592839598655701, 0.08551017194986343)","(0.350715696811676, 0.7279240489006042, 0.09473142772912979)","(0.3577256202697754, 0.7183700799942017, -0.01290103793144226)","(0.35754677653312683, 0.789444088935852, 0.04228600859642029)","(0.37005966901779175, 0.766726553440094, 0.07102727144956589)","(0.374478280544281, 0.7381144165992737, 0.07368462532758713)","(0.3901273012161255, 0.7291508316993713, -0.015474640764296055)","(0.3856823742389679, 0.786873996257782, 0.03200941160321236)","(0.39150211215019226, 0.764485776424408, 0.05898318439722061)","(0.3946961462497711, 0.7365351319313049, 0.06909666210412979)",Grasp
1271,"(0.418026328086853, 0.5294151306152344, -6.154938455438241e-05)","(0.36030787229537964, 0.546544075012207, 0.06348197907209396)","(0.3255811929702759, 0.5974696278572083, 0.08960574120283127)","(0.312447190284729, 0.6500775218009949, 0.11220203340053558)","(0.3162541389465332, 0.6844754219055176, 0.13754630088806152)","(0.3003199100494385, 0.6608968377113342, 0.01726258359849453)","(0.3029516339302063, 0.7428208589553833, 0.07214776426553726)","(0.32073891162872314, 0.727084755897522, 0.11099579930305481)","(0.3269096314907074, 0.6971681714057922, 0.1278027892112732)","(0.32558104395866394, 0.6964932084083557, -0.0021129061933606863)","(0.32767772674560547, 0.776445209980011, 0.05487902835011482)","(0.3440110385417938, 0.7569758892059326, 0.08787935972213745)","(0.34889504313468933, 0.7265030741691589, 0.09475471824407578)","(0.35630878806114197, 0.718442440032959, -0.008457032963633537)","(0.35592588782310486, 0.7872653603553772, 0.045906368643045425)","(0.3683067858219147, 0.7651105523109436, 0.07350779324769974)","(0.3730800151824951, 0.7363899946212769, 0.0757155790925026)","(0.38807493448257446, 0.7299360632896423, -0.011426908895373344)","(0.38398993015289307, 0.7859781384468079, 0.03464037925004959)","(0.3897981345653534, 0.764548122882843, 0.060265976935625076)","(0.39293500781059265, 0.7369586825370789, 0.07029557228088379)",Grasp
1272,"(0.42015036940574646, 0.5343224406242371, -5.721611887565814e-05)","(0.3631037771701813, 0.5493265390396118, 0.061741214245557785)","(0.327818900346756, 0.5994969010353088, 0.08786891400814056)","(0.3135267496109009, 0.6512283086776733, 0.11035691201686859)","(0.31646162271499634, 0.6849896311759949, 0.13687974214553833)","(0.30243197083473206, 0.6635649800300598, 0.01650695502758026)","(0.3049214482307434, 0.748306393623352, 0.0726633295416832)","(0.32289785146713257, 0.733531653881073, 0.11304411292076111)","(0.32927319407463074, 0.7038163542747498, 0.13079765439033508)","(0.32693928480148315, 0.6987301111221313, -0.0016654703067615628)","(0.3296181857585907, 0.7776390910148621, 0.058188796043395996)","(0.3455776274204254, 0.7574609518051147, 0.09136902540922165)","(0.3502335548400879, 0.7263578176498413, 0.0979800820350647)","(0.3572573959827423, 0.7206341028213501, -0.007212695199996233)","(0.3574276864528656, 0.7854452133178711, 0.049151696264743805)","(0.3701561391353607, 0.7644686698913574, 0.07542416453361511)","(0.37492886185646057, 0.7366362810134888, 0.0768158882856369)","(0.38878241181373596, 0.7326518893241882, -0.009628118947148323)","(0.3852415978908539, 0.7844916582107544, 0.037476006895303726)","(0.39160260558128357, 0.7640129923820496, 0.062276821583509445)","(0.3945629298686981, 0.7373942136764526, 0.0713171735405922)",Grasp
1273,"(0.4222651720046997, 0.5348142385482788, -5.598509596893564e-05)","(0.3641218841075897, 0.5522545576095581, 0.06009172275662422)","(0.32960495352745056, 0.6057088375091553, 0.0842389240860939)","(0.3175293803215027, 0.6619856357574463, 0.1049538403749466)","(0.325529009103775, 0.6985716223716736, 0.1287880837917328)","(0.3046366274356842, 0.6697163581848145, 0.01175510324537754)","(0.309062123298645, 0.7548162937164307, 0.06769275665283203)","(0.3268691301345825, 0.7397223114967346, 0.10842952877283096)","(0.33281975984573364, 0.7096149921417236, 0.12641912698745728)","(0.33034077286720276, 0.7041940093040466, -0.005633135791867971)","(0.33457255363464355, 0.7835934162139893, 0.05609416216611862)","(0.3500136137008667, 0.7630758881568909, 0.09109153598546982)","(0.3550936281681061, 0.7324008941650391, 0.09772878885269165)","(0.36137455701828003, 0.725341796875, -0.010707102715969086)","(0.36312779784202576, 0.7908390760421753, 0.047863613814115524)","(0.375384122133255, 0.7678747177124023, 0.07404899597167969)","(0.3801981806755066, 0.7394928932189941, 0.07447207719087601)","(0.39338451623916626, 0.7365857362747192, -0.012392436154186726)","(0.39032629132270813, 0.7868794202804565, 0.035723548382520676)","(0.396675169467926, 0.7639371752738953, 0.06029526889324188)","(0.4000391662120819, 0.7370963096618652, 0.06883234530687332)",Grasp
1274,"(0.42556872963905334, 0.535865068435669, -6.861642759758979e-05)","(0.36691707372665405, 0.5535200834274292, 0.05923915281891823)","(0.3333127200603485, 0.6088420152664185, 0.08297889679670334)","(0.32402920722961426, 0.6668826937675476, 0.10376746952533722)","(0.333970844745636, 0.7028359770774841, 0.1279984712600708)","(0.30853527784347534, 0.6739972829818726, 0.008365611545741558)","(0.31127920746803284, 0.7559454441070557, 0.06334128230810165)","(0.3290502727031708, 0.7377864718437195, 0.1036110445857048)","(0.3354702591896057, 0.7074365615844727, 0.12122660875320435)","(0.3354252278804779, 0.709365963935852, -0.008120073936879635)","(0.33805719017982483, 0.7851909399032593, 0.051991093903779984)","(0.3532378375530243, 0.7644360661506653, 0.08693315833806992)","(0.35932421684265137, 0.7352903485298157, 0.09391594678163528)","(0.36734625697135925, 0.7297438979148865, -0.011969853192567825)","(0.3685287833213806, 0.7918874025344849, 0.04597610607743263)","(0.3788495659828186, 0.7677631974220276, 0.07290932536125183)","(0.3832893967628479, 0.7398926019668579, 0.074148029088974)","(0.3998580276966095, 0.7395032048225403, -0.01264648512005806)","(0.39588481187820435, 0.785866379737854, 0.03557191789150238)","(0.400643914937973, 0.7621365189552307, 0.06004013493657112)","(0.4039749503135681, 0.7360448837280273, 0.06834448873996735)",Grasp
1275,"(0.42825615406036377, 0.5319138765335083, -7.876837480580434e-05)","(0.3702102601528168, 0.5473960638046265, 0.05964955314993858)","(0.3372141420841217, 0.60212242603302, 0.08401522785425186)","(0.3284865915775299, 0.6575050354003906, 0.10638706386089325)","(0.335412859916687, 0.6910728216171265, 0.13223835825920105)","(0.3132670521736145, 0.6701548099517822, 0.005926044192165136)","(0.31378602981567383, 0.7539440393447876, 0.06053318828344345)","(0.33141762018203735, 0.735388457775116, 0.10232456773519516)","(0.3384923040866852, 0.7054628729820251, 0.12233993411064148)","(0.34151312708854675, 0.7053741812705994, -0.010115237906575203)","(0.3408452272415161, 0.7839820384979248, 0.047592759132385254)","(0.3558923900127411, 0.7626469135284424, 0.08611427992582321)","(0.3621135950088501, 0.7332949042320251, 0.09756334871053696)","(0.3745756149291992, 0.7242909669876099, -0.013204389251768589)","(0.3723538815975189, 0.7887256145477295, 0.043234068900346756)","(0.38164207339286804, 0.7647831439971924, 0.07402881979942322)","(0.38573238253593445, 0.7368620038032532, 0.07852194458246231)","(0.4082331359386444, 0.7319976091384888, -0.012540890835225582)","(0.4013015329837799, 0.7786691784858704, 0.03441278263926506)","(0.4048800468444824, 0.7542650103569031, 0.06054448336362839)","(0.4080239534378052, 0.7279341220855713, 0.07006055861711502)",Grasp
1276,"(0.43429866433143616, 0.5274109840393066, -8.714663999853656e-05)","(0.3755585253238678, 0.5391634702682495, 0.05602952092885971)","(0.342301607131958, 0.593150794506073, 0.08089389652013779)","(0.33232802152633667, 0.6493136882781982, 0.10485179722309113)","(0.3363873064517975, 0.6830236315727234, 0.13154664635658264)","(0.3219310939311981, 0.6622692942619324, 0.00031884448253549635)","(0.31550824642181396, 0.7465047240257263, 0.054323647171258926)","(0.3311282992362976, 0.7269573211669922, 0.09957104176282883)","(0.3391212522983551, 0.6982181668281555, 0.12306438386440277)","(0.35087844729423523, 0.6978117823600769, -0.012747558765113354)","(0.3427399694919586, 0.7763144969940186, 0.04280786216259003)","(0.355610191822052, 0.7549920082092285, 0.08646740019321442)","(0.36274629831314087, 0.7271867394447327, 0.10382271558046341)","(0.3839211165904999, 0.7169886231422424, -0.0131157161667943)","(0.3739537298679352, 0.7837731838226318, 0.040012918412685394)","(0.38093048334121704, 0.7600117921829224, 0.07607021182775497)","(0.38653433322906494, 0.7314044833183289, 0.08624570816755295)","(0.4171341359615326, 0.725155234336853, -0.009397031739354134)","(0.4030914902687073, 0.7753117680549622, 0.03442943096160889)","(0.4037246108055115, 0.752888560295105, 0.06271649152040482)","(0.40776488184928894, 0.7265546917915344, 0.07568861544132233)",Grasp
1277,"(0.44017064571380615, 0.515022873878479, -7.632491906406358e-05)","(0.38046932220458984, 0.5239759087562561, 0.05621073767542839)","(0.34627407789230347, 0.5769928097724915, 0.08034250140190125)","(0.3372159004211426, 0.6348258852958679, 0.10379120707511902)","(0.341137170791626, 0.669671893119812, 0.12974809110164642)","(0.3290756642818451, 0.6496779918670654, -0.007599255535751581)","(0.32034626603126526, 0.7382962107658386, 0.045261748135089874)","(0.33593395352363586, 0.7139260768890381, 0.09128566831350327)","(0.3444479703903198, 0.6828041076660156, 0.11478286981582642)","(0.3588261902332306, 0.6860446333885193, -0.02041541412472725)","(0.34969082474708557, 0.7664453983306885, 0.03681907430291176)","(0.36191946268081665, 0.7398669719696045, 0.08236872404813766)","(0.3689940571784973, 0.7090570330619812, 0.09861674159765244)","(0.39265143871307373, 0.7047514319419861, -0.020414600148797035)","(0.38247328996658325, 0.7724109888076782, 0.03471514955163002)","(0.3896900415420532, 0.7460188865661621, 0.07033863663673401)","(0.3953001797199249, 0.7161087989807129, 0.0786653608083725)","(0.4263991713523865, 0.7115515470504761, -0.01613769493997097)","(0.41353321075439453, 0.7591028213500977, 0.029079044237732887)","(0.4163380563259125, 0.7325876951217651, 0.05579514056444168)","(0.4211733043193817, 0.705011785030365, 0.06653741747140884)",Grasp
1278,"(0.44629424810409546, 0.495373398065567, -7.232710777316242e-05)","(0.38774845004081726, 0.5071189999580383, 0.05637415498495102)","(0.3541378080844879, 0.5617199540138245, 0.08039377629756927)","(0.3463081419467926, 0.6199795007705688, 0.10279151052236557)","(0.3521402180194855, 0.6543312668800354, 0.12650078535079956)","(0.33760955929756165, 0.6353178024291992, -0.006417742930352688)","(0.32753390073776245, 0.7278691530227661, 0.04580013081431389)","(0.34199947118759155, 0.704025387763977, 0.09294869750738144)","(0.3508634567260742, 0.6715001463890076, 0.1174093633890152)","(0.36776599287986755, 0.6689794063568115, -0.019932691007852554)","(0.3586854934692383, 0.7502627372741699, 0.0368197001516819)","(0.37039095163345337, 0.7198503017425537, 0.08232367783784866)","(0.376994252204895, 0.6868333220481873, 0.09701640903949738)","(0.4017515778541565, 0.6863036751747131, -0.021663406863808632)","(0.3909323811531067, 0.7555022835731506, 0.03201897814869881)","(0.39814332127571106, 0.7260991930961609, 0.0671415850520134)","(0.40334373712539673, 0.6946805715560913, 0.07420280575752258)","(0.4352194666862488, 0.692447304725647, -0.018502382561564445)","(0.4212469756603241, 0.7437933087348938, 0.023295752704143524)","(0.4244510233402252, 0.7153022885322571, 0.04838412627577782)","(0.42976510524749756, 0.6859596371650696, 0.05697634071111679)",Move
1279,"(0.4554009437561035, 0.47542670369148254, -7.429188553942367e-05)","(0.3987150490283966, 0.4833199381828308, 0.05605978146195412)","(0.3643363118171692, 0.5367567539215088, 0.0803469642996788)","(0.3541748821735382, 0.5929590463638306, 0.10230309516191483)","(0.35782596468925476, 0.6279449462890625, 0.12521421909332275)","(0.34638291597366333, 0.614314615726471, -0.005932708736509085)","(0.3345090448856354, 0.7082070708274841, 0.048075880855321884)","(0.34810784459114075, 0.6895170211791992, 0.09697802364826202)","(0.35762667655944824, 0.659896969795227, 0.1224081888794899)","(0.377005010843277, 0.6455335021018982, -0.019978253170847893)","(0.3648069202899933, 0.7296110391616821, 0.03595048934221268)","(0.3763873875141144, 0.6994680166244507, 0.08311345428228378)","(0.3831273913383484, 0.6668616533279419, 0.09922561794519424)","(0.41125982999801636, 0.6633001565933228, -0.022633828222751617)","(0.3969590663909912, 0.737474262714386, 0.02977541647851467)","(0.404665470123291, 0.7069758176803589, 0.06639809906482697)","(0.41039857268333435, 0.6749840974807739, 0.07279545813798904)","(0.4445405602455139, 0.6715291738510132, -0.020240094512701035)","(0.42767295241355896, 0.7289683818817139, 0.019597215577960014)","(0.43042781949043274, 0.7005560398101807, 0.04508909583091736)","(0.43567171692848206, 0.6712346076965332, 0.0528833381831646)",Move
1280,"(0.4629250168800354, 0.4477866291999817, -7.338501018239185e-05)","(0.40714260935783386, 0.4639965891838074, 0.056900084018707275)","(0.37620583176612854, 0.5241516828536987, 0.07882942259311676)","(0.37232351303100586, 0.5833593010902405, 0.09818295389413834)","(0.3804948627948761, 0.6209685802459717, 0.11801639944314957)","(0.35709473490715027, 0.5939937829971313, -0.015540491789579391)","(0.3468807637691498, 0.6917439103126526, 0.03316720202565193)","(0.36139240860939026, 0.6717982888221741, 0.08484604209661484)","(0.37084150314331055, 0.6397029161453247, 0.11378053575754166)","(0.38927727937698364, 0.6245866417884827, -0.03079232946038246)","(0.3795742392539978, 0.7133786082267761, 0.0225740484893322)","(0.3907456696033478, 0.6838931441307068, 0.07166271656751633)","(0.3963374197483063, 0.6486288905143738, 0.09021150320768356)","(0.4244751036167145, 0.6417707800865173, -0.034133464097976685)","(0.41291069984436035, 0.7179526686668396, 0.01935398392379284)","(0.41971713304519653, 0.6879292726516724, 0.058432143181562424)","(0.4246606230735779, 0.6546745300292969, 0.06644844263792038)","(0.4586530923843384, 0.6479635834693909, -0.033157773315906525)","(0.442068874835968, 0.7011569142341614, 0.007980676367878914)","(0.4443463683128357, 0.6719537973403931, 0.03348954766988754)","(0.4495686888694763, 0.6434803009033203, 0.041262175887823105)",Move
1281,"(0.47429168224334717, 0.425082266330719, -6.723625847371295e-05)","(0.4196644723415375, 0.44514554738998413, 0.05387933552265167)","(0.3896815776824951, 0.5089614391326904, 0.07384194433689117)","(0.388025164604187, 0.5694730281829834, 0.09261471778154373)","(0.3978939950466156, 0.6092929840087891, 0.11135326325893402)","(0.3716925382614136, 0.5733744502067566, -0.023466842249035835)","(0.3607942461967468, 0.6716061234474182, 0.022204723209142685)","(0.37271326780319214, 0.6501920819282532, 0.07387557625770569)","(0.3818262219429016, 0.6165752410888672, 0.10376310348510742)","(0.4055570363998413, 0.6024044156074524, -0.036759842187166214)","(0.393428236246109, 0.6936692595481873, 0.013417116366326809)","(0.40309277176856995, 0.6616614460945129, 0.06423968821763992)","(0.40871331095695496, 0.6253036856651306, 0.08540915697813034)","(0.44115525484085083, 0.6179155707359314, -0.038055796176195145)","(0.42569616436958313, 0.6965165138244629, 0.014136633835732937)","(0.4307718575000763, 0.6635335087776184, 0.05552937462925911)","(0.43625113368034363, 0.6296608448028564, 0.06552617996931076)","(0.4746277630329132, 0.6223534345626831, -0.035188376903533936)","(0.45489564538002014, 0.6748257875442505, 0.007111873012036085)","(0.45510226488113403, 0.6448111534118652, 0.03456700220704079)","(0.46032825112342834, 0.6181133389472961, 0.04356439784169197)",Move
1282,"(0.48725923895835876, 0.40160608291625977, -6.910783122293651e-05)","(0.43544095754623413, 0.41813600063323975, 0.0492498017847538)","(0.40478742122650146, 0.4852185845375061, 0.0684223547577858)","(0.400544136762619, 0.5470580458641052, 0.08754606544971466)","(0.4083719253540039, 0.5896818041801453, 0.10759991407394409)","(0.3894464373588562, 0.5474852919578552, -0.028764575719833374)","(0.3766937255859375, 0.6511489748954773, 0.016710340976715088)","(0.3872179687023163, 0.6356908082962036, 0.0725756362080574)","(0.39545008540153503, 0.6043897867202759, 0.10748911648988724)","(0.42373213171958923, 0.5753055810928345, -0.03957785293459892)","(0.4084809422492981, 0.6704319715499878, 0.010524014942348003)","(0.41602447628974915, 0.6416325569152832, 0.06534974277019501)","(0.42108044028282166, 0.6056689023971558, 0.09019378572702408)","(0.4593247175216675, 0.5896225571632385, -0.03903510048985481)","(0.44042569398880005, 0.6697814464569092, 0.012461584992706776)","(0.44302666187286377, 0.6397468447685242, 0.0570368617773056)","(0.4481092095375061, 0.6060988306999207, 0.06979317963123322)","(0.4923684597015381, 0.59281986951828, -0.03439291939139366)","(0.4701610207557678, 0.6475800275802612, 0.006431835703551769)","(0.46811193227767944, 0.6207631826400757, 0.034517932683229446)","(0.4719199538230896, 0.5953952670097351, 0.045274004340171814)",Move
1283,"(0.49741166830062866, 0.37683534622192383, -9.984368807636201e-05)","(0.44570714235305786, 0.4000460207462311, 0.036761414259672165)","(0.4152183532714844, 0.471318781375885, 0.04957534372806549)","(0.41366246342658997, 0.5352967977523804, 0.06623800843954086)","(0.42397254705429077, 0.5789541602134705, 0.0855289101600647)","(0.4087192416191101, 0.526362419128418, -0.050008684396743774)","(0.39531636238098145, 0.6314818263053894, -0.00793698150664568)","(0.4039210081100464, 0.6082309484481812, 0.04974580183625221)","(0.41162049770355225, 0.5729852914810181, 0.08653871715068817)","(0.44549378752708435, 0.5520163774490356, -0.055784545838832855)","(0.4266341030597687, 0.6507642865180969, -0.012268312275409698)","(0.4310649037361145, 0.6181699633598328, 0.042677994817495346)","(0.436059832572937, 0.5814550518989563, 0.0682288184762001)","(0.48118719458580017, 0.5634596347808838, -0.05089971050620079)","(0.4579033851623535, 0.6478971838951111, -0.0028955359011888504)","(0.4568849205970764, 0.6162638068199158, 0.04239288717508316)","(0.4626135230064392, 0.5828083753585815, 0.0557892732322216)","(0.5131725668907166, 0.5640074610710144, -0.04267756640911102)","(0.4866392910480499, 0.6231330037117004, -0.002977962838485837)","(0.4816386103630066, 0.5966535210609436, 0.02550274319946766)","(0.48572829365730286, 0.571675717830658, 0.03670034185051918)",Move
1284,"(0.5157198905944824, 0.3584005832672119, -7.920835196273401e-05)","(0.463083952665329, 0.3781967759132385, 0.030285468325018883)","(0.4327200651168823, 0.45053744316101074, 0.03855856508016586)","(0.4350392818450928, 0.5162966847419739, 0.05142084136605263)","(0.4491964876651764, 0.5546189546585083, 0.06678695976734161)","(0.4282214343547821, 0.503248393535614, -0.05976349860429764)","(0.4137032926082611, 0.6116987466812134, -0.02026696689426899)","(0.4228086471557617, 0.5818490982055664, 0.03563890606164932)","(0.4312015771865845, 0.5444989800453186, 0.07081105560064316)","(0.4652934670448303, 0.5263659954071045, -0.0635790005326271)","(0.44759422540664673, 0.6275703310966492, -0.02391425147652626)","(0.45150354504585266, 0.5915009379386902, 0.027867795899510384)","(0.45623502135276794, 0.5543323755264282, 0.049380093812942505)","(0.5007555484771729, 0.535923182964325, -0.057045940309762955)","(0.4784468412399292, 0.624079167842865, -0.011660781688988209)","(0.47748351097106934, 0.5901915431022644, 0.032379150390625)","(0.48322272300720215, 0.5563646554946899, 0.04342060908675194)","(0.5320954918861389, 0.5355384349822998, -0.04704483970999718)","(0.5059753656387329, 0.5968248844146729, -0.009563877247273922)","(0.5026274919509888, 0.5670886635780334, 0.017534606158733368)","(0.508242130279541, 0.5415660738945007, 0.026687495410442352)",Move
1285,"(0.5313889980316162, 0.34116122126579285, -8.102250285446644e-05)","(0.4783354103565216, 0.3652486205101013, 0.030023902654647827)","(0.4467301666736603, 0.44181203842163086, 0.036972664296627045)","(0.4439857006072998, 0.5148473978042603, 0.048897307366132736)","(0.4539538323879242, 0.5606226325035095, 0.06313829123973846)","(0.4514731466770172, 0.4882829487323761, -0.06578244268894196)","(0.4354085922241211, 0.5960798859596252, -0.027612736448645592)","(0.4410676956176758, 0.568688690662384, 0.02801145240664482)","(0.4480712115764618, 0.532802402973175, 0.06336358189582825)","(0.48819875717163086, 0.510762095451355, -0.0696200579404831)","(0.4671158790588379, 0.6146212816238403, -0.029998410493135452)","(0.4683825671672821, 0.580594539642334, 0.026981830596923828)","(0.47275272011756897, 0.5437746644020081, 0.05392881855368614)","(0.5226563811302185, 0.5213183760643005, -0.06347911059856415)","(0.49645575881004333, 0.6093237996101379, -0.01847515068948269)","(0.49280649423599243, 0.5776705741882324, 0.029887301847338676)","(0.49858543276786804, 0.5442655682563782, 0.04486585408449173)","(0.55244380235672, 0.5222266316413879, -0.05403204634785652)","(0.522914469242096, 0.5867759585380554, -0.015566817484796047)","(0.5172063112258911, 0.5607029795646667, 0.015846464782953262)","(0.5222696661949158, 0.5347936749458313, 0.029310617595911026)",Move
1286,"(0.5515519380569458, 0.326216459274292, -7.08248044247739e-05)","(0.49792054295539856, 0.3530333638191223, 0.025252502411603928)","(0.46443626284599304, 0.42956581711769104, 0.03051312267780304)","(0.4580049216747284, 0.5056324005126953, 0.042817212641239166)","(0.46486422419548035, 0.5530954599380493, 0.05872119218111038)","(0.47870633006095886, 0.4830467104911804, -0.06420419365167618)","(0.4656561017036438, 0.588853657245636, -0.02577599138021469)","(0.4675588607788086, 0.566412091255188, 0.025280259549617767)","(0.47166964411735535, 0.5330525040626526, 0.05514845997095108)","(0.5160592794418335, 0.5017040967941284, -0.06680211424827576)","(0.4961439371109009, 0.6064895391464233, -0.027216466143727303)","(0.4928264021873474, 0.574665367603302, 0.02592276968061924)","(0.494911253452301, 0.537395179271698, 0.05024855211377144)","(0.5498226284980774, 0.5060684680938721, -0.05958293750882149)","(0.5238097906112671, 0.5950726270675659, -0.016834065318107605)","(0.5186011791229248, 0.562892496585846, 0.027944402769207954)","(0.5234406590461731, 0.5295881628990173, 0.04116203635931015)","(0.578274130821228, 0.502309262752533, -0.04944252222776413)","(0.5509827733039856, 0.5669698715209961, -0.014044387266039848)","(0.5452283620834351, 0.5421195030212402, 0.016393844038248062)","(0.5501724481582642, 0.5176852941513062, 0.02896498329937458)",Move
1287,"(0.5785696506500244, 0.3153112232685089, -6.315945938695222e-05)","(0.5240427851676941, 0.3452531695365906, 0.01622720994055271)","(0.4880904257297516, 0.4202486276626587, 0.015886496752500534)","(0.47841864824295044, 0.49728602170944214, 0.024708883836865425)","(0.48450788855552673, 0.543244481086731, 0.039017606526613235)","(0.510873019695282, 0.4773610234260559, -0.07273184508085251)","(0.49498069286346436, 0.5839927792549133, -0.03129694610834122)","(0.4910668730735779, 0.5561202764511108, 0.02227289043366909)","(0.49406304955482483, 0.5213158130645752, 0.05318031832575798)","(0.5489951372146606, 0.495567262172699, -0.07066263258457184)","(0.5264956951141357, 0.6013807058334351, -0.02934012934565544)","(0.5185834765434265, 0.5690102577209473, 0.023579631000757217)","(0.520443856716156, 0.5338950157165527, 0.048410702496767044)","(0.5818549394607544, 0.49928560853004456, -0.05873842164874077)","(0.5521613955497742, 0.5883665680885315, -0.014626642689108849)","(0.5439673662185669, 0.5569453239440918, 0.02841077372431755)","(0.5491108894348145, 0.5244737863540649, 0.04148177057504654)","(0.6083567142486572, 0.4959990084171295, -0.04461236670613289)","(0.5791476368904114, 0.5624524354934692, -0.008407837711274624)","(0.5724431276321411, 0.5375489592552185, 0.022741025313735008)","(0.5783420205116272, 0.5115471482276917, 0.03638458997011185)",Move
1288,"(0.6042138934135437, 0.30706530809402466, -5.8555400755722076e-05)","(0.5486695766448975, 0.3419533371925354, 0.002945973537862301)","(0.5153757333755493, 0.42066892981529236, -0.0015950265806168318)","(0.5057357549667358, 0.502980649471283, 0.006755214184522629)","(0.5101804733276367, 0.5589932203292847, 0.019912511110305786)","(0.5493599772453308, 0.4849623143672943, -0.0829634740948677)","(0.5267382860183716, 0.5855594277381897, -0.0370333269238472)","(0.5198465585708618, 0.5591512322425842, 0.017566215246915817)","(0.5229629278182983, 0.525058925151825, 0.04789145290851593)","(0.5867297649383545, 0.4995703399181366, -0.07341498136520386)","(0.5591274499893188, 0.6052344441413879, -0.030547088012099266)","(0.5478649735450745, 0.5750997066497803, 0.020833173766732216)","(0.5490863919258118, 0.5372211933135986, 0.045700930058956146)","(0.6175762414932251, 0.4991813004016876, -0.05390126630663872)","(0.5865110754966736, 0.5923796892166138, -0.011058221571147442)","(0.5748471021652222, 0.5656325817108154, 0.028212765231728554)","(0.5777913331985474, 0.5318076610565186, 0.041507966816425323)","(0.6418200135231018, 0.4917502701282501, -0.032754670828580856)","(0.6111494302749634, 0.5558455586433411, 0.0007536965422332287)","(0.6016837358474731, 0.5365477800369263, 0.03103475458920002)","(0.6063185334205627, 0.5113683938980103, 0.04698234051465988)",Move
1289,"(0.6352006793022156, 0.30830949544906616, -7.288852793863043e-05)","(0.5760983228683472, 0.34615689516067505, -0.0024373510386794806)","(0.5425556302070618, 0.42927664518356323, -0.009526344016194344)","(0.5327222347259521, 0.5159372687339783, -0.004663269501179457)","(0.5370842218399048, 0.5791985392570496, 0.003870900720357895)","(0.5808706879615784, 0.4952234923839569, -0.07758866250514984)","(0.5620864629745483, 0.5995359420776367, -0.034592434763908386)","(0.5532434582710266, 0.5819306373596191, 0.015457306057214737)","(0.5536519885063171, 0.5532684922218323, 0.04607284441590309)","(0.6193385720252991, 0.5105186104774475, -0.06673242896795273)","(0.5929991602897644, 0.6203285455703735, -0.026013942435383797)","(0.577881395816803, 0.6002918481826782, 0.019741522148251534)","(0.5759570598602295, 0.5678907632827759, 0.0431910865008831)","(0.6502682566642761, 0.5099074244499207, -0.04673309996724129)","(0.6192149519920349, 0.6077287793159485, -0.00612653186544776)","(0.6056731939315796, 0.5840648412704468, 0.028690215200185776)","(0.6065226197242737, 0.5524494051933289, 0.04176764935255051)","(0.6741130948066711, 0.5006871819496155, -0.02597486414015293)","(0.6446035504341125, 0.5704144239425659, 0.004121511243283749)","(0.6323776245117188, 0.5531166791915894, 0.03340856730937958)","(0.6346585154533386, 0.5270779728889465, 0.05173914507031441)",Move
1290,"(0.6601864695549011, 0.3134472370147705, -8.48803247208707e-05)","(0.6024404764175415, 0.3636706471443176, -0.003809993388131261)","(0.5736547112464905, 0.4518980085849762, -0.008360553532838821)","(0.5673859119415283, 0.5378606915473938, -0.0004279290442354977)","(0.5751429200172424, 0.6017005443572998, 0.010015301406383514)","(0.618486762046814, 0.5214317440986633, -0.06947430968284607)","(0.6018253564834595, 0.6258203983306885, -0.029499083757400513)","(0.588298499584198, 0.6145979762077332, 0.016540048643946648)","(0.5836346745491028, 0.585862398147583, 0.04597838595509529)","(0.6567163467407227, 0.5282890200614929, -0.05550549924373627)","(0.6334511637687683, 0.6399943232536316, -0.010705881752073765)","(0.6111960411071777, 0.6316919326782227, 0.03749007731676102)","(0.6013891696929932, 0.6046895384788513, 0.06565523147583008)","(0.685433566570282, 0.5215859413146973, -0.03344500809907913)","(0.6585088968276978, 0.6235446929931641, 0.008080028928816319)","(0.6390247941017151, 0.6083914637565613, 0.046062882989645004)","(0.6323654055595398, 0.5782933831214905, 0.06407530605792999)","(0.7058792114257812, 0.507483184337616, -0.011075944639742374)","(0.6797951459884644, 0.5805590152740479, 0.022044770419597626)","(0.6643837094306946, 0.5707520842552185, 0.05485542118549347)","(0.6617486476898193, 0.5476775169372559, 0.07826346158981323)",Move
1291,"(0.6855831742286682, 0.33015039563179016, -8.14223094494082e-05)","(0.6265774369239807, 0.3951493501663208, -0.0026950566098093987)","(0.6028993129730225, 0.49133896827697754, -0.006647083908319473)","(0.6010217666625977, 0.5803583860397339, 0.001633430365473032)","(0.6089223027229309, 0.6469350457191467, 0.009453840553760529)","(0.6563494801521301, 0.5515884160995483, -0.07115908712148666)","(0.6388278007507324, 0.6556892991065979, -0.02433648891746998)","(0.6270013451576233, 0.6435009241104126, 0.023043271154165268)","(0.6241369247436523, 0.6121181845664978, 0.0509355366230011)","(0.6948208212852478, 0.5514868497848511, -0.054987773299217224)","(0.6732113361358643, 0.6617740392684937, -0.002347756177186966)","(0.6534680128097534, 0.6526243090629578, 0.04891949146986008)","(0.6452344059944153, 0.6269897222518921, 0.07275751978158951)","(0.7221552729606628, 0.5394800901412964, -0.031195029616355896)","(0.6968212723731995, 0.639112114906311, 0.01711195334792137)","(0.6775508522987366, 0.6289201378822327, 0.05737758055329323)","(0.6699084043502808, 0.6031361222267151, 0.07227835804224014)","(0.7398478388786316, 0.5221990346908569, -0.00653336476534605)","(0.7153404951095581, 0.5940786600112915, 0.028768265619874)","(0.6998406648635864, 0.5882641077041626, 0.06323269009590149)","(0.6957617402076721, 0.5683662295341492, 0.08458925783634186)",Move
1292,"(0.7080168128013611, 0.3509190082550049, -6.665139517281204e-05)","(0.6532950401306152, 0.42668309807777405, -0.0064328452572226524)","(0.6343182921409607, 0.5296919941902161, -0.011652786284685135)","(0.6349315643310547, 0.6222123503684998, -0.006311962381005287)","(0.6427507996559143, 0.6926397681236267, -0.0021074663382023573)","(0.6894838809967041, 0.5851484537124634, -0.05994156375527382)","(0.6720943450927734, 0.683648943901062, -0.008518402464687824)","(0.658688485622406, 0.680381715297699, 0.04037753865122795)","(0.6541396379470825, 0.6540655493736267, 0.0704798623919487)","(0.7265463471412659, 0.5803653001785278, -0.04140164330601692)","(0.7053281664848328, 0.6838298439979553, 0.01306159608066082)","(0.6856034994125366, 0.6829428672790527, 0.0637776330113411)","(0.6770581007003784, 0.6627302169799805, 0.08758266270160675)","(0.7522094249725342, 0.565338134765625, -0.0162808895111084)","(0.7280696034431458, 0.6588724255561829, 0.035650044679641724)","(0.7076476216316223, 0.656197726726532, 0.07449021935462952)","(0.6990565061569214, 0.6355282068252563, 0.08805567026138306)","(0.7682148814201355, 0.5471480488777161, 0.008517014794051647)","(0.7445796728134155, 0.6160878539085388, 0.04697319120168686)","(0.7288100719451904, 0.6101531982421875, 0.07813534885644913)","(0.7239102125167847, 0.5896183252334595, 0.09742119163274765)",Move
1293,"(0.7255957722663879, 0.374483197927475, -5.6897271861089393e-05)","(0.6763715147972107, 0.45285385847091675, 0.0010942916851490736)","(0.6591898202896118, 0.5539054870605469, 0.006809993647038937)","(0.6604499816894531, 0.6424252390861511, 0.021117812022566795)","(0.6637025475502014, 0.6999395489692688, 0.03569721803069115)","(0.7139410376548767, 0.6167796850204468, -0.033600762486457825)","(0.6978393197059631, 0.7121488451957703, 0.01753581315279007)","(0.6826381087303162, 0.7245022058486938, 0.06736233085393906)","(0.6747675538063049, 0.7141658067703247, 0.10107897222042084)","(0.7492918968200684, 0.6107403039932251, -0.016552332788705826)","(0.7307689785957336, 0.7093119621276855, 0.0385156013071537)","(0.7099349498748779, 0.7161383032798767, 0.08974424749612808)","(0.699792206287384, 0.7025266885757446, 0.11667843163013458)","(0.7730514407157898, 0.5933302640914917, 0.007763314060866833)","(0.752917468547821, 0.6805198192596436, 0.05872089043259621)","(0.7322574853897095, 0.6825439929962158, 0.09856025874614716)","(0.7218033671379089, 0.665263295173645, 0.11462271213531494)","(0.7869327664375305, 0.570073664188385, 0.030163351446390152)","(0.7681060433387756, 0.6359875202178955, 0.06956297159194946)","(0.7502222061157227, 0.6389542818069458, 0.09826835989952087)","(0.7407025098800659, 0.6240835785865784, 0.11689403653144836)",Move
1294,"(0.7393304109573364, 0.40040314197540283, -5.454251731862314e-05)","(0.6902109980583191, 0.4853017032146454, 0.003774381009861827)","(0.6765393018722534, 0.5895753502845764, 0.013591933064162731)","(0.6824495196342468, 0.6772885322570801, 0.03233157470822334)","(0.6877609491348267, 0.7342374324798584, 0.05255156755447388)","(0.7303863167762756, 0.6538435220718384, -0.027135387063026428)","(0.7143622636795044, 0.7412558197975159, 0.0282298531383276)","(0.6999132037162781, 0.7556309103965759, 0.07910604029893875)","(0.690660297870636, 0.7504408955574036, 0.11152473837137222)","(0.7664690017700195, 0.6472973823547363, -0.009261706843972206)","(0.7481462359428406, 0.7407682538032532, 0.04874960333108902)","(0.7257872819900513, 0.7472491264343262, 0.09882880002260208)","(0.7132183313369751, 0.7360327839851379, 0.12312827259302139)","(0.7900084257125854, 0.6277229189872742, 0.01660512574017048)","(0.7688244581222534, 0.705808162689209, 0.07022541016340256)","(0.7481884360313416, 0.7051405906677246, 0.10720682144165039)","(0.737591564655304, 0.6869972348213196, 0.11909899115562439)","(0.8040416240692139, 0.6024506092071533, 0.040650077164173126)","(0.7831318378448486, 0.664846658706665, 0.08312676101922989)","(0.764510452747345, 0.6655882000923157, 0.10759191960096359)","(0.7550162076950073, 0.6485555171966553, 0.12192535400390625)",Move
1295,"(0.748042106628418, 0.42723673582077026, -8.848061406752095e-05)","(0.6977607011795044, 0.5166531801223755, 0.011173178441822529)","(0.6857462525367737, 0.6209506392478943, 0.0224399846047163)","(0.6924993395805359, 0.70639568567276, 0.042309410870075226)","(0.6989171504974365, 0.7568318247795105, 0.06365716457366943)","(0.7347564697265625, 0.6894178986549377, -0.02224871516227722)","(0.7208378911018372, 0.7751339077949524, 0.038047660142183304)","(0.7078955173492432, 0.7708518505096436, 0.08848774433135986)","(0.7015543580055237, 0.750372052192688, 0.11686788499355316)","(0.7719224691390991, 0.6821568012237549, -0.0067155431024730206)","(0.7556900382041931, 0.7716588377952576, 0.05628800392150879)","(0.735729992389679, 0.7637851238250732, 0.10464555025100708)","(0.7262042164802551, 0.7415087223052979, 0.12472432106733322)","(0.7973706722259521, 0.660496175289154, 0.017033010721206665)","(0.7773040533065796, 0.7331065535545349, 0.0747310221195221)","(0.7580057382583618, 0.7221612930297852, 0.10800118744373322)","(0.7500978112220764, 0.6971561908721924, 0.11510353535413742)","(0.8133030533790588, 0.6323392391204834, 0.04071464389562607)","(0.7921789884567261, 0.6922823786735535, 0.08845306187868118)","(0.7752464413642883, 0.684907078742981, 0.11131320148706436)","(0.7688153982162476, 0.6627863049507141, 0.12072067707777023)",Move
1296,"(0.7540814876556396, 0.45256155729293823, -6.424271123250946e-05)","(0.7027645707130432, 0.5348687767982483, 0.028075730428099632)","(0.6924127340316772, 0.6341963410377502, 0.048388347029685974)","(0.6999964714050293, 0.7094893455505371, 0.07377211004495621)","(0.7077109813690186, 0.7495406866073608, 0.1002643033862114)","(0.7325922846794128, 0.7191125154495239, -0.0066446405835449696)","(0.7189441323280334, 0.8020125031471252, 0.05464043468236923)","(0.7065891623497009, 0.7847139239311218, 0.10275465250015259)","(0.7030109763145447, 0.7550331354141235, 0.12857778370380402)","(0.7705935835838318, 0.7157984375953674, 0.0018818833632394671)","(0.7558390498161316, 0.7999280691146851, 0.0690317153930664)","(0.737248420715332, 0.7801202535629272, 0.11812719702720642)","(0.7304075956344604, 0.7522433400154114, 0.14001303911209106)","(0.7978349328041077, 0.694098174571991, 0.019256217405200005)","(0.7787454724311829, 0.7592539191246033, 0.08258171379566193)","(0.7597334384918213, 0.7377294898033142, 0.11759559065103531)","(0.7540748715400696, 0.7096617817878723, 0.12654055655002594)","(0.8158811330795288, 0.6643670201301575, 0.037773530930280685)","(0.7952648997306824, 0.7123214602470398, 0.09159337729215622)","(0.7796239256858826, 0.6985756158828735, 0.11803604662418365)","(0.7756738662719727, 0.6770266890525818, 0.1285577118396759)",Move
1297,"(0.7542145252227783, 0.47909581661224365, -6.741336255799979e-05)","(0.702849268913269, 0.5682453513145447, 0.02746477909386158)","(0.6958484649658203, 0.6635977029800415, 0.049220576882362366)","(0.7081006169319153, 0.7316134572029114, 0.07668256759643555)","(0.72005295753479, 0.7638620734214783, 0.10573385655879974)","(0.7319213151931763, 0.7538558840751648, -0.0030969625804573298)","(0.7177636027336121, 0.8314169645309448, 0.06132545322179794)","(0.7075745463371277, 0.7961920499801636, 0.10569825768470764)","(0.7076703310012817, 0.7534979581832886, 0.1251809448003769)","(0.7698049545288086, 0.7476280331611633, 0.006333861034363508)","(0.7544024586677551, 0.8211814165115356, 0.07791820168495178)","(0.7389724254608154, 0.7895835638046265, 0.11883489787578583)","(0.7352874875068665, 0.7521611452102661, 0.13192352652549744)","(0.7975311279296875, 0.7221194505691528, 0.023954251781105995)","(0.7791587114334106, 0.777224600315094, 0.09127330034971237)","(0.761777937412262, 0.7494407892227173, 0.11736657470464706)","(0.757570207118988, 0.717966616153717, 0.1180974692106247)","(0.8159903287887573, 0.6890055537223816, 0.04295802116394043)","(0.7951173186302185, 0.7290077209472656, 0.09915156662464142)","(0.7808115482330322, 0.709574818611145, 0.12135479599237442)","(0.7787964344024658, 0.6869220733642578, 0.12721587717533112)",Position
1298,"(0.7526842951774597, 0.49850529432296753, -9.155386942438781e-05)","(0.7004985213279724, 0.5837231874465942, 0.04068532586097717)","(0.6916455626487732, 0.6762288212776184, 0.06597494333982468)","(0.7038750052452087, 0.7441341876983643, 0.09317921847105026)","(0.7170879244804382, 0.7769221067428589, 0.12038689106702805)","(0.7237008810043335, 0.7710028290748596, 0.004501811694353819)","(0.7120868563652039, 0.8454214930534363, 0.06943865120410919)","(0.703670084476471, 0.8149226307868958, 0.11308301985263824)","(0.7032334804534912, 0.777786910533905, 0.13336776196956635)","(0.7613934278488159, 0.7728428840637207, 0.0069832876324653625)","(0.7465894222259521, 0.8421856760978699, 0.0800071731209755)","(0.7336285710334778, 0.8111134171485901, 0.12168654054403305)","(0.7309269905090332, 0.7738028168678284, 0.13481037318706512)","(0.7910276055335999, 0.7528308629989624, 0.01878659427165985)","(0.7722753882408142, 0.8025521039962769, 0.08903815597295761)","(0.7565529346466064, 0.7725527882575989, 0.11554693430662155)","(0.7540928721427917, 0.7391727566719055, 0.11564510315656662)","(0.8127051591873169, 0.7230803370475769, 0.032967470586299896)","(0.7909459471702576, 0.7564117908477783, 0.0923592671751976)","(0.7769510746002197, 0.7349644303321838, 0.11480464786291122)","(0.7761105298995972, 0.7108738422393799, 0.11979629844427109)",Position
1299,"(0.7503631114959717, 0.5196537375450134, -6.875055260024965e-05)","(0.7009668350219727, 0.6070175766944885, 0.04228273406624794)","(0.6920734643936157, 0.6945713758468628, 0.06661958992481232)","(0.7019736170768738, 0.7607275247573853, 0.0923285111784935)","(0.7135912179946899, 0.79405677318573, 0.11892274767160416)","(0.7222582101821899, 0.7903220653533936, 0.006523022893816233)","(0.7101197242736816, 0.8622620105743408, 0.07323010265827179)","(0.704031765460968, 0.825046181678772, 0.11506994813680649)","(0.7058138847351074, 0.7834107279777527, 0.13225437700748444)","(0.7598548531532288, 0.7901080846786499, 0.007679441012442112)","(0.7471030354499817, 0.853543758392334, 0.08303193747997284)","(0.7360876798629761, 0.815849781036377, 0.12068895995616913)","(0.7347821593284607, 0.77716463804245, 0.12927356362342834)","(0.7901435494422913, 0.7681630253791809, 0.01895398274064064)","(0.7751445770263672, 0.8132539987564087, 0.09071982651948929)","(0.7612563371658325, 0.7829090356826782, 0.11272187530994415)","(0.7587698101997375, 0.751398503780365, 0.10866274684667587)","(0.813022792339325, 0.7367050647735596, 0.03295814245939255)","(0.7949631810188293, 0.7676148414611816, 0.09351089596748352)","(0.7828655242919922, 0.7460077404975891, 0.11427884548902512)","(0.7817789316177368, 0.7244968414306641, 0.11755913496017456)",Position
1300,"(0.7475447654724121, 0.5400863885879517, -6.904525798745453e-05)","(0.6971168518066406, 0.6234374642372131, 0.03831653669476509)","(0.6902095079421997, 0.7121180295944214, 0.06250233203172684)","(0.7033585906028748, 0.7775082588195801, 0.08940727263689041)","(0.7162213325500488, 0.8090325593948364, 0.11760576069355011)","(0.718268096446991, 0.8061710000038147, -0.0020890003070235252)","(0.7064698934555054, 0.8773036003112793, 0.06228875741362572)","(0.7028122544288635, 0.8358326554298401, 0.1042945608496666)","(0.7070291042327881, 0.7923884391784668, 0.12186654657125473)","(0.7559423446655273, 0.806064784526825, 0.0012966851936653256)","(0.7434642314910889, 0.8702418804168701, 0.07413610070943832)","(0.7347632646560669, 0.8319405317306519, 0.11117188632488251)","(0.7352327108383179, 0.7921998500823975, 0.11950869113206863)","(0.7859460115432739, 0.7844977974891663, 0.01448364369571209)","(0.7716612219810486, 0.8303854465484619, 0.08495931327342987)","(0.7591464519500732, 0.8003446459770203, 0.10634670406579971)","(0.757697582244873, 0.7687140703201294, 0.10169927030801773)","(0.8084016442298889, 0.7531341314315796, 0.029714452102780342)","(0.7910091280937195, 0.7857347726821899, 0.09032350778579712)","(0.779849648475647, 0.7634841799736023, 0.11063463240861893)","(0.7800784707069397, 0.7413785457611084, 0.11314015090465546)",Position
1301,"(0.7458925247192383, 0.557860255241394, -6.245872646104544e-05)","(0.6962869167327881, 0.6381247043609619, 0.042512595653533936)","(0.6878747344017029, 0.7231754660606384, 0.0677448958158493)","(0.6981236934661865, 0.7880067825317383, 0.09465304017066956)","(0.7107037305831909, 0.8209903836250305, 0.12306338548660278)","(0.714087963104248, 0.8188895583152771, 0.0072722239419817924)","(0.7066864967346191, 0.8886255621910095, 0.07298129051923752)","(0.7030477523803711, 0.8472809195518494, 0.11566747725009918)","(0.706118643283844, 0.8042782545089722, 0.13441374897956848)","(0.7514393329620361, 0.8194451928138733, 0.008468655869364738)","(0.7437542676925659, 0.8840009570121765, 0.08298150449991226)","(0.7356691360473633, 0.8462062478065491, 0.12190596014261246)","(0.7354591488838196, 0.8073251843452454, 0.1321180909872055)","(0.7818750739097595, 0.7982322573661804, 0.01992618851363659)","(0.771414041519165, 0.844109296798706, 0.09107354283332825)","(0.758866012096405, 0.8147287368774414, 0.11467701941728592)","(0.7568592429161072, 0.7835099697113037, 0.11197410523891449)","(0.8048903942108154, 0.7671254277229309, 0.034050919115543365)","(0.7899795770645142, 0.7971534132957458, 0.09526221454143524)","(0.7784814834594727, 0.7761215567588806, 0.11720430105924606)","(0.7778418064117432, 0.7553322911262512, 0.12146743386983871)",Position
1302,"(0.7411080002784729, 0.572771430015564, -7.281327270902693e-05)","(0.6932604312896729, 0.649967610836029, 0.04704812914133072)","(0.6850186586380005, 0.7325866222381592, 0.07190609723329544)","(0.6957593560218811, 0.7948355674743652, 0.09780582040548325)","(0.7087929248809814, 0.8267320394515991, 0.125239759683609)","(0.7077890634536743, 0.828148603439331, 0.0075088851153850555)","(0.7038207054138184, 0.8977586627006531, 0.07366886734962463)","(0.7028548121452332, 0.8563382625579834, 0.11709944158792496)","(0.7058138251304626, 0.8144832253456116, 0.135745570063591)","(0.7461522817611694, 0.8305944204330444, 0.005678496789187193)","(0.742334246635437, 0.8954498767852783, 0.07899477332830429)","(0.736171305179596, 0.8578213453292847, 0.11952318251132965)","(0.7356958985328674, 0.8201061487197876, 0.13138794898986816)","(0.7780077457427979, 0.8097281455993652, 0.015045296400785446)","(0.7706438302993774, 0.8561967611312866, 0.08626929670572281)","(0.7590599656105042, 0.8268454670906067, 0.11177916079759598)","(0.7569460868835449, 0.7965061068534851, 0.10970780998468399)","(0.8027743697166443, 0.7777609825134277, 0.02726190723478794)","(0.7903634309768677, 0.8067381978034973, 0.08825145661830902)","(0.7790538668632507, 0.7862419486045837, 0.1107102781534195)","(0.7778832316398621, 0.7666822671890259, 0.11456704884767532)",Position
1303,"(0.7392066717147827, 0.5828297138214111, -7.763402390992269e-05)","(0.6906912326812744, 0.6566684246063232, 0.042746081948280334)","(0.6821664571762085, 0.7396134734153748, 0.06542421132326126)","(0.6928908228874207, 0.8033118844032288, 0.09019864350557327)","(0.7052308320999146, 0.8362576365470886, 0.11637082695960999)","(0.7054782509803772, 0.8336821794509888, -0.0010829729726538062)","(0.6996854543685913, 0.9030198454856873, 0.06324440240859985)","(0.6975212693214417, 0.8625349998474121, 0.10620136559009552)","(0.7004352807998657, 0.8224611282348633, 0.12484905123710632)","(0.7436311841011047, 0.8356808423995972, -0.0013154580956324935)","(0.7381789088249207, 0.9012984037399292, 0.07038435339927673)","(0.7310863733291626, 0.8660321831703186, 0.11311548203229904)","(0.7304652333259583, 0.8293291330337524, 0.12777207791805267)","(0.7751867771148682, 0.81434565782547, 0.009563412517309189)","(0.7668204307556152, 0.8607364296913147, 0.07935567945241928)","(0.7548837661743164, 0.8321093916893005, 0.1054757609963417)","(0.7529416680335999, 0.8023417592048645, 0.1044800654053688)","(0.7996388077735901, 0.7819088101387024, 0.023282628506422043)","(0.7867960333824158, 0.8132443428039551, 0.08353739976882935)","(0.7749167084693909, 0.7933894395828247, 0.10568472743034363)","(0.7736766338348389, 0.7737402319908142, 0.10926501452922821)",Position
1304,"(0.736384391784668, 0.5893176794052124, -6.742054392816499e-05)","(0.6884211301803589, 0.6613394618034363, 0.043523646891117096)","(0.6804851293563843, 0.7439104914665222, 0.06641485542058945)","(0.6906871795654297, 0.8070653080940247, 0.09131041914224625)","(0.7022594213485718, 0.8404868245124817, 0.11707130819559097)","(0.7039077281951904, 0.8395224809646606, -7.791871030349284e-05)","(0.6976767182350159, 0.9054102897644043, 0.06411661952733994)","(0.6946079730987549, 0.8672175407409668, 0.1077706515789032)","(0.6966428160667419, 0.8294687271118164, 0.1269998699426651)","(0.7411970496177673, 0.8413689732551575, -0.0007957130437716842)","(0.7349570989608765, 0.9037126898765564, 0.07063331454992294)","(0.7271842360496521, 0.8690478205680847, 0.11378941684961319)","(0.7264172434806824, 0.8331230282783508, 0.12939491868019104)","(0.7721006870269775, 0.8200895190238953, 0.009751961566507816)","(0.7640126347541809, 0.8649863600730896, 0.0784798189997673)","(0.7516160011291504, 0.836597740650177, 0.10534317046403885)","(0.7495571970939636, 0.807205319404602, 0.10568274557590485)","(0.7958629131317139, 0.7874628901481628, 0.023261813446879387)","(0.7838709354400635, 0.819159209728241, 0.08210969716310501)","(0.7718780636787415, 0.7993274331092834, 0.10485865920782089)","(0.7699404954910278, 0.7795668840408325, 0.10951113700866699)",Position
1305,"(0.7339663505554199, 0.591049075126648, -7.023954094620422e-05)","(0.6853481531143188, 0.6635990738868713, 0.041118159890174866)","(0.6780393719673157, 0.7479868531227112, 0.06336396932601929)","(0.689055860042572, 0.8106355667114258, 0.08874005079269409)","(0.7019098997116089, 0.8428975343704224, 0.11476632952690125)","(0.7016165852546692, 0.841901421546936, -0.004999891389161348)","(0.6941712498664856, 0.9030588865280151, 0.05979133024811745)","(0.6919795870780945, 0.8613067865371704, 0.10196477919816971)","(0.6954393982887268, 0.8227346539497375, 0.11828896403312683)","(0.7386088371276855, 0.8439830541610718, -0.0044863298535346985)","(0.7305442094802856, 0.9020481705665588, 0.06604032218456268)","(0.7234437465667725, 0.8646170496940613, 0.10615929961204529)","(0.7236220836639404, 0.8271206617355347, 0.11858011037111282)","(0.7690605521202087, 0.8232395648956299, 0.007599963340908289)","(0.7594717144966125, 0.862501323223114, 0.07554305344820023)","(0.7480288743972778, 0.8328054547309875, 0.09791094064712524)","(0.7469237446784973, 0.8037360310554504, 0.093451127409935)","(0.7927492260932922, 0.7922571897506714, 0.022386260330677032)","(0.779248058795929, 0.8223685622215271, 0.08077181875705719)","(0.7680124640464783, 0.800826370716095, 0.10031703114509583)","(0.7672019004821777, 0.7805647850036621, 0.10199131071567535)",Position
1306,"(0.7335382699966431, 0.5957971215248108, -7.243417348945513e-05)","(0.6843494176864624, 0.6658885478973389, 0.04293914511799812)","(0.676594614982605, 0.7483528256416321, 0.06627095490694046)","(0.6873070001602173, 0.8099129796028137, 0.09165935963392258)","(0.6997907161712646, 0.840909481048584, 0.11772795766592026)","(0.6959208250045776, 0.8413423299789429, -0.0006505757919512689)","(0.6911767721176147, 0.9026700854301453, 0.06301898509263992)","(0.6900608539581299, 0.8632296323776245, 0.10506021231412888)","(0.6931971907615662, 0.8249262571334839, 0.12253720313310623)","(0.732793390750885, 0.8445563912391663, -0.001120682922191918)","(0.7272171974182129, 0.902479350566864, 0.07073991745710373)","(0.7210716009140015, 0.8670147061347961, 0.11293765902519226)","(0.7208839654922485, 0.8314059972763062, 0.12743119895458221)","(0.7639924883842468, 0.8251952528953552, 0.009614364244043827)","(0.7561406493186951, 0.8623864054679871, 0.07831300050020218)","(0.7453097105026245, 0.8331698775291443, 0.10171149671077728)","(0.7439576387405396, 0.805147111415863, 0.09828148782253265)","(0.7885799407958984, 0.7964789867401123, 0.023220958188176155)","(0.7758957147598267, 0.8237009644508362, 0.08218502998352051)","(0.7649657130241394, 0.8026903867721558, 0.10284418612718582)","(0.7641425132751465, 0.7834701538085938, 0.10567758977413177)",Position
1307,"(0.7308593988418579, 0.5941660404205322, -8.455342322122306e-05)","(0.6826245784759521, 0.6668248772621155, 0.04272087663412094)","(0.6738259792327881, 0.7484965324401855, 0.06593652069568634)","(0.684305727481842, 0.8093661665916443, 0.09211108833551407)","(0.6973677277565002, 0.8384072780609131, 0.11749359965324402)","(0.6969220638275146, 0.8391717672348022, -0.0034684427082538605)","(0.6893152594566345, 0.8970462679862976, 0.061189111322164536)","(0.6878113746643066, 0.8594186902046204, 0.10292184352874756)","(0.6915599703788757, 0.8243179321289062, 0.11827867478132248)","(0.7331442832946777, 0.8433253765106201, -0.004652915056794882)","(0.7235841155052185, 0.899298906326294, 0.06205057352781296)","(0.7177164554595947, 0.8640497922897339, 0.0988093838095665)","(0.7189680933952332, 0.8275840282440186, 0.10967659950256348)","(0.7635511755943298, 0.8250710964202881, 0.00620823772624135)","(0.751615583896637, 0.8672963976860046, 0.07013202458620071)","(0.7413968443870544, 0.8372372984886169, 0.09023401886224747)","(0.7413119673728943, 0.8072593808174133, 0.08522961288690567)","(0.7874935865402222, 0.7961763739585876, 0.020185377448797226)","(0.7730152606964111, 0.8294589519500732, 0.07246944308280945)","(0.7626350522041321, 0.8080447316169739, 0.0892515480518341)","(0.762306809425354, 0.7865728735923767, 0.09016388654708862)",Position
1308,"(0.7295842170715332, 0.5915743112564087, -7.34791174181737e-05)","(0.6812954545021057, 0.6604201197624207, 0.04128644987940788)","(0.6730830669403076, 0.7425922155380249, 0.0643656775355339)","(0.6847717761993408, 0.8028687834739685, 0.08960328251123428)","(0.696612536907196, 0.8318121433258057, 0.1152210682630539)","(0.6947261691093445, 0.8382748961448669, 0.0009274690528400242)","(0.6876538991928101, 0.8941043019294739, 0.06371771544218063)","(0.6868180632591248, 0.8541466593742371, 0.10365285724401474)","(0.6911486983299255, 0.8170384168624878, 0.11922401934862137)","(0.731102466583252, 0.8414578437805176, -0.00020976882660761476)","(0.7220720648765564, 0.8926186561584473, 0.06884215772151947)","(0.7162905335426331, 0.8569612503051758, 0.10596189647912979)","(0.7174385786056519, 0.8212987184524536, 0.11698438972234726)","(0.7616044282913208, 0.8221448659896851, 0.009947837330400944)","(0.7515117526054382, 0.8551697731018066, 0.07528247684240341)","(0.7417449951171875, 0.8254244923591614, 0.0919421836733818)","(0.7414216995239258, 0.7964258790016174, 0.08407921344041824)","(0.7860239744186401, 0.7933750748634338, 0.02299332618713379)","(0.7727024555206299, 0.8201518058776855, 0.07773716002702713)","(0.7629469037055969, 0.7982032895088196, 0.09424653649330139)","(0.7627387046813965, 0.7774308919906616, 0.09412449598312378)",Position
1309,"(0.7291821837425232, 0.5895422101020813, -6.778672832297161e-05)","(0.6798112988471985, 0.6539216041564941, 0.039820894598960876)","(0.6707473993301392, 0.7348520755767822, 0.062177129089832306)","(0.6824123859405518, 0.7955939769744873, 0.0872083529829979)","(0.6938454508781433, 0.8260104060173035, 0.11315574496984482)","(0.6921994090080261, 0.8330004215240479, -0.002148407744243741)","(0.6855068206787109, 0.8893851041793823, 0.060967061668634415)","(0.6855949759483337, 0.8496951460838318, 0.1025434285402298)","(0.6903322339057922, 0.8120284676551819, 0.11982730776071548)","(0.72917640209198, 0.8372010588645935, -0.0023941597901284695)","(0.7213343977928162, 0.8883048892021179, 0.06638722121715546)","(0.716107189655304, 0.8529807925224304, 0.1041821539402008)","(0.7174041867256165, 0.8170167207717896, 0.11615543067455292)","(0.7601965069770813, 0.8180040717124939, 0.008786930702626705)","(0.7505896091461182, 0.8502618074417114, 0.07445120811462402)","(0.7408943176269531, 0.8206716179847717, 0.09270127862691879)","(0.7406721115112305, 0.7919521927833557, 0.08589635789394379)","(0.7851268649101257, 0.7889981269836426, 0.022568486630916595)","(0.7715643644332886, 0.8141447901725769, 0.0775611475110054)","(0.7621557712554932, 0.7916638851165771, 0.09461485594511032)","(0.7624004483222961, 0.771338701248169, 0.09472649544477463)",Position
1310,"(0.7304548025131226, 0.5871907472610474, -6.383491563610733e-05)","(0.6808581948280334, 0.6509263515472412, 0.042395126074552536)","(0.6722749471664429, 0.7314555644989014, 0.06730074435472488)","(0.6832095384597778, 0.7908587455749512, 0.094305619597435)","(0.6942552328109741, 0.8210704922676086, 0.1224868968129158)","(0.6916120052337646, 0.8298799991607666, 0.0044648051261901855)","(0.685956597328186, 0.8856166005134583, 0.06919995695352554)","(0.6868300437927246, 0.8474635481834412, 0.11188618093729019)","(0.6914656758308411, 0.8116940259933472, 0.12997926771640778)","(0.7274670600891113, 0.8335412740707397, 0.003193461801856756)","(0.7204830646514893, 0.8849842548370361, 0.07478568702936172)","(0.7158138751983643, 0.8508394956588745, 0.11521423608064651)","(0.7167364954948425, 0.817674994468689, 0.12952199578285217)","(0.7583003044128418, 0.8149939179420471, 0.013440593145787716)","(0.7501298189163208, 0.8501142263412476, 0.0802684798836708)","(0.7411721348762512, 0.8218550682067871, 0.10191693156957626)","(0.7406453490257263, 0.794996976852417, 0.09815724194049835)","(0.7836796641349792, 0.7868591547012329, 0.026339156553149223)","(0.7708061337471008, 0.8134934306144714, 0.08149371296167374)","(0.7618356347084045, 0.7924449443817139, 0.10106001049280167)","(0.7617318034172058, 0.7736576199531555, 0.10374604910612106)",Position
1311,"(0.7287788391113281, 0.5818895101547241, -7.102736708475277e-05)","(0.680838406085968, 0.646203339099884, 0.04505123943090439)","(0.6723189353942871, 0.7249137163162231, 0.0712985172867775)","(0.6839988231658936, 0.7824805974960327, 0.098604217171669)","(0.6953665614128113, 0.8111853003501892, 0.12709534168243408)","(0.6931451559066772, 0.8256336450576782, 0.009181448258459568)","(0.6877344846725464, 0.8800082206726074, 0.07405567914247513)","(0.688501238822937, 0.8439231514930725, 0.11654022336006165)","(0.6928200125694275, 0.8097864389419556, 0.13447555899620056)","(0.7286592125892639, 0.8290582895278931, 0.006570048630237579)","(0.7228793501853943, 0.8809316158294678, 0.07712414115667343)","(0.7185472249984741, 0.8477073311805725, 0.11684682220220566)","(0.7198074460029602, 0.8150973916053772, 0.13102149963378906)","(0.7593998312950134, 0.8099374175071716, 0.01573791541159153)","(0.7517838478088379, 0.8481008410453796, 0.08156076818704605)","(0.7429966926574707, 0.8206372857093811, 0.10442350059747696)","(0.7425620555877686, 0.7940487861633301, 0.10239221900701523)","(0.7852797508239746, 0.7804604172706604, 0.0277479849755764)","(0.7733508944511414, 0.810339093208313, 0.08033225685358047)","(0.7643502354621887, 0.7905915379524231, 0.1002930998802185)","(0.7637598514556885, 0.7710345387458801, 0.10440840572118759)",Position
1312,"(0.7336124777793884, 0.5800180435180664, -6.094672789913602e-05)","(0.6847654581069946, 0.639747679233551, 0.04400177299976349)","(0.6754216551780701, 0.7166420221328735, 0.07002732902765274)","(0.6864274144172668, 0.7747927904129028, 0.09780026972293854)","(0.6978615522384644, 0.8038528561592102, 0.12682214379310608)","(0.6968863606452942, 0.8194928765296936, 0.009909629821777344)","(0.6896568536758423, 0.8756203651428223, 0.07482194155454636)","(0.6896058320999146, 0.839155912399292, 0.1158030778169632)","(0.6944130063056946, 0.803767204284668, 0.13246257603168488)","(0.7327288389205933, 0.8229932188987732, 0.009108188562095165)","(0.7254903316497803, 0.8766999244689941, 0.07967420667409897)","(0.7195596694946289, 0.8430009484291077, 0.11965685337781906)","(0.7209247350692749, 0.8087849617004395, 0.1341412216424942)","(0.7633388042449951, 0.8037115931510925, 0.019735796377062798)","(0.7536584138870239, 0.8414570689201355, 0.08543901890516281)","(0.7429813146591187, 0.8134602308273315, 0.10712696611881256)","(0.7423851490020752, 0.7855702638626099, 0.10466320067644119)","(0.7882574796676636, 0.7755582928657532, 0.03350941464304924)","(0.7747090458869934, 0.8046411275863647, 0.08805964142084122)","(0.7648289799690247, 0.784578263759613, 0.10862737894058228)","(0.7645554542541504, 0.7651477456092834, 0.11280705779790878)",Position
1313,"(0.733250081539154, 0.5736140608787537, -6.082416803110391e-05)","(0.6859849691390991, 0.635109543800354, 0.04698386415839195)","(0.6767718195915222, 0.7089100480079651, 0.07325723022222519)","(0.6891623139381409, 0.7620754241943359, 0.10122080892324448)","(0.7026102542877197, 0.7891682386398315, 0.13068675994873047)","(0.6984503269195557, 0.8105071187019348, 0.008922022767364979)","(0.6925710439682007, 0.8675403594970703, 0.07382389158010483)","(0.692581057548523, 0.8340215086936951, 0.11597852408885956)","(0.6965017914772034, 0.8001053333282471, 0.13352066278457642)","(0.7348436117172241, 0.813850998878479, 0.006554275751113892)","(0.7292476892471313, 0.8699017763137817, 0.07463550567626953)","(0.7241382598876953, 0.8373061418533325, 0.11453017592430115)","(0.7246193885803223, 0.8032265305519104, 0.1289082020521164)","(0.7659785747528076, 0.7929424047470093, 0.01606954261660576)","(0.7581146955490112, 0.8339704871177673, 0.08091700077056885)","(0.7480790019035339, 0.8070694208145142, 0.10409101098775864)","(0.7467259168624878, 0.7796703577041626, 0.1024317592382431)","(0.7912592887878418, 0.7615594267845154, 0.029064282774925232)","(0.7783375978469849, 0.7892972230911255, 0.08182542771100998)","(0.7680344581604004, 0.7695760726928711, 0.10106883198022842)","(0.7664933800697327, 0.7502376437187195, 0.10464983433485031)",Position
1314,"(0.7353414297103882, 0.5646491050720215, -6.651289731962606e-05)","(0.6867629289627075, 0.6254184246063232, 0.04322921857237816)","(0.6775151491165161, 0.7006648182868958, 0.06667439639568329)","(0.6904479265213013, 0.7554396986961365, 0.09266036748886108)","(0.7044150829315186, 0.7814691662788391, 0.12054207921028137)","(0.7031618356704712, 0.7999407052993774, 0.0010385987116023898)","(0.6947483420372009, 0.859359860420227, 0.06331335008144379)","(0.6935173273086548, 0.826464831829071, 0.1043449267745018)","(0.6974542737007141, 0.7933866381645203, 0.12168426066637039)","(0.7401825785636902, 0.8032465577125549, -0.00045295763993635774)","(0.7327843308448792, 0.8593711256980896, 0.06418710947036743)","(0.7267795205116272, 0.8254434466362, 0.1024610698223114)","(0.7277354598045349, 0.7899447679519653, 0.1148313358426094)","(0.7712712287902832, 0.7821254730224609, 0.009534018114209175)","(0.7624857425689697, 0.8255162835121155, 0.07217945158481598)","(0.7511915564537048, 0.7983654737472534, 0.09617586433887482)","(0.7494229674339294, 0.7693929672241211, 0.09465792030096054)","(0.7957512140274048, 0.7498615980148315, 0.022768869996070862)","(0.7823994159698486, 0.7778673768043518, 0.07430942356586456)","(0.7713913917541504, 0.7572639584541321, 0.09316857159137726)","(0.7693852782249451, 0.7369875907897949, 0.09578399360179901)",Position
1315,"(0.737808108329773, 0.5529829263687134, -8.033987251110375e-05)","(0.6890379190444946, 0.6095860600471497, 0.03483990207314491)","(0.6789534687995911, 0.6886610388755798, 0.05463114008307457)","(0.6925978660583496, 0.7493665218353271, 0.07906291633844376)","(0.7046546936035156, 0.7809622883796692, 0.1042163148522377)","(0.7056248784065247, 0.7760835289955139, -0.01495453342795372)","(0.6974083781242371, 0.8512219786643982, 0.042122166603803635)","(0.6915716528892517, 0.8289439082145691, 0.08731120079755783)","(0.691338062286377, 0.800154447555542, 0.11093733459711075)","(0.7429297566413879, 0.7803071141242981, -0.012113267555832863)","(0.7329747676849365, 0.8498326539993286, 0.049280859529972076)","(0.7224985957145691, 0.8229827880859375, 0.09549706429243088)","(0.7202638387680054, 0.7913665771484375, 0.11407284438610077)","(0.7731015086174011, 0.7615609765052795, 0.0009755059145390987)","(0.7616652250289917, 0.8205034732818604, 0.05942022055387497)","(0.7472389936447144, 0.7951000928878784, 0.09280067682266235)","(0.7438188195228577, 0.7643057107925415, 0.0997597947716713)","(0.796197772026062, 0.7314035892486572, 0.016871675848960876)","(0.7811059355735779, 0.7716742157936096, 0.06444725394248962)","(0.7683684229850769, 0.753084659576416, 0.08727950602769852)","(0.765487790107727, 0.7311801910400391, 0.09431345760822296)",Reach
1316,"(0.7372012138366699, 0.5311128497123718, -0.0001002519711619243)","(0.6868818998336792, 0.5891577005386353, 0.03057369589805603)","(0.6755495071411133, 0.6732084155082703, 0.04497457295656204)","(0.6894605755805969, 0.7364412546157837, 0.06458436697721481)","(0.7034204006195068, 0.7681533694267273, 0.08475705981254578)","(0.7058051824569702, 0.752473771572113, -0.029997672885656357)","(0.6949191093444824, 0.8316801190376282, 0.023381482809782028)","(0.6900665760040283, 0.8046191930770874, 0.06536943465471268)","(0.6925070881843567, 0.7731469869613647, 0.08463946729898453)","(0.7437585592269897, 0.7551122903823853, -0.02648371458053589)","(0.7289068698883057, 0.8324082493782043, 0.026306109502911568)","(0.7191067934036255, 0.8049483299255371, 0.06728602945804596)","(0.7189638018608093, 0.7700928449630737, 0.08172906935214996)","(0.7738781571388245, 0.7354888916015625, -0.012840848416090012)","(0.7576002478599548, 0.8031014800071716, 0.04081861302256584)","(0.7444243431091309, 0.7763994932174683, 0.06999538838863373)","(0.7429949641227722, 0.7431519031524658, 0.072589211165905)","(0.7963272929191589, 0.705731987953186, 0.004331547766923904)","(0.7780905961990356, 0.7537338733673096, 0.049514610320329666)","(0.7660112380981445, 0.7324853539466858, 0.07004225999116898)","(0.7643901705741882, 0.7068758606910706, 0.07314512133598328)",Reach
1317,"(0.7387841939926147, 0.5032678246498108, -9.337860683444887e-05)","(0.6869680285453796, 0.5613671541213989, 0.02506183087825775)","(0.6699709296226501, 0.6522430181503296, 0.03336454927921295)","(0.6749329566955566, 0.7315265536308289, 0.04651656746864319)","(0.6818552613258362, 0.7836346626281738, 0.058814819902181625)","(0.7040695548057556, 0.7210310697555542, -0.03607314079999924)","(0.6924457550048828, 0.8065915107727051, 0.018592769280076027)","(0.685168445110321, 0.784737765789032, 0.06468676030635834)","(0.6846066117286682, 0.7599266767501831, 0.08621317893266678)","(0.7416105270385742, 0.7229188084602356, -0.03359682857990265)","(0.7234744429588318, 0.8082611560821533, 0.020809896290302277)","(0.7117100358009338, 0.7831107378005981, 0.06398488581180573)","(0.7113145589828491, 0.752884566783905, 0.07949642837047577)","(0.7710195779800415, 0.7069430351257324, -0.021461188793182373)","(0.7512651681900024, 0.7823236584663391, 0.0326228141784668)","(0.737541913986206, 0.7554769515991211, 0.06389365345239639)","(0.7368759512901306, 0.7223457098007202, 0.06644615530967712)","(0.7933080792427063, 0.6818089485168457, -0.006626561284065247)","(0.7747142314910889, 0.7386929988861084, 0.03762372210621834)","(0.762193500995636, 0.7170341610908508, 0.058427389711141586)","(0.7605791687965393, 0.6886236667633057, 0.06176982820034027)",Reach
1318,"(0.7356327772140503, 0.47144562005996704, -9.802386193769053e-05)","(0.6813738942146301, 0.5195635557174683, 0.014363360591232777)","(0.6605420708656311, 0.6170212626457214, 0.01489725150167942)","(0.6640182137489319, 0.7098806500434875, 0.022113818675279617)","(0.6683262586593628, 0.7709669470787048, 0.02931227907538414)","(0.6942839622497559, 0.6800932884216309, -0.058884650468826294)","(0.6785845756530762, 0.7768344879150391, -0.01122540608048439)","(0.6713250279426575, 0.7598433494567871, 0.03603276610374451)","(0.672882080078125, 0.7350535988807678, 0.059688061475753784)","(0.7339047789573669, 0.6841161847114563, -0.052939340472221375)","(0.7083626985549927, 0.7786479592323303, -0.0030773859471082687)","(0.6931864023208618, 0.7602919936180115, 0.04278913140296936)","(0.6928580403327942, 0.7323637008666992, 0.06128761172294617)","(0.7645214796066284, 0.6708347201347351, -0.03776456415653229)","(0.7376660108566284, 0.7506065368652344, 0.014573494903743267)","(0.7229087352752686, 0.722743034362793, 0.046334151178598404)","(0.7238922715187073, 0.6885198354721069, 0.049194641411304474)","(0.7876249551773071, 0.648620069026947, -0.020323939621448517)","(0.7625082731246948, 0.707787275314331, 0.022625448182225227)","(0.7493764162063599, 0.6847203969955444, 0.04298195242881775)","(0.7494385242462158, 0.6554553508758545, 0.04592438414692879)",Reach
1319,"(0.7256243228912354, 0.43293994665145874, -0.00010498752089915797)","(0.6715367436408997, 0.4779265522956848, 0.003909974824637175)","(0.649636447429657, 0.5732651352882385, -0.0003670154546853155)","(0.6518692970275879, 0.6685125827789307, 0.004654393065720797)","(0.6573591828346252, 0.7323720455169678, 0.010890371166169643)","(0.6838136315345764, 0.6361522078514099, -0.07436739653348923)","(0.6623457670211792, 0.7374441623687744, -0.02932608872652054)","(0.6549038887023926, 0.7118930220603943, 0.019519085064530373)","(0.6586107015609741, 0.683454155921936, 0.04399201273918152)","(0.7242798209190369, 0.6414494514465332, -0.06504794210195541)","(0.6933848261833191, 0.7402218580245972, -0.019157785922288895)","(0.6792635917663574, 0.7150006890296936, 0.02569219283759594)","(0.6815577149391174, 0.6834973096847534, 0.042796697467565536)","(0.7549399137496948, 0.6302449107170105, -0.045972418040037155)","(0.7242987155914307, 0.7153774499893188, 0.004473105538636446)","(0.7093650698661804, 0.6851903796195984, 0.03583535552024841)","(0.7118881940841675, 0.6483577489852905, 0.03881780430674553)","(0.7768828272819519, 0.6091133952140808, -0.025788534432649612)","(0.7483003735542297, 0.6766447424888611, 0.015378054231405258)","(0.734994649887085, 0.6535083055496216, 0.03612307831645012)","(0.7363848090171814, 0.6217867136001587, 0.04097888246178627)",Reach
1320,"(0.7133383750915527, 0.3879019021987915, -0.00014063499111216515)","(0.6577298045158386, 0.43459945917129517, 0.0009200263884849846)","(0.6316425204277039, 0.5313686728477478, -0.01155632920563221)","(0.6302422285079956, 0.6289458870887756, -0.01690603233873844)","(0.6341572999954224, 0.695609986782074, -0.02027074061334133)","(0.6667832732200623, 0.5758317708969116, -0.09006485342979431)","(0.6467655301094055, 0.6868278980255127, -0.058359190821647644)","(0.6393012404441833, 0.6537412405014038, -0.009176197461783886)","(0.6437388062477112, 0.620747447013855, 0.016296138986945152)","(0.7075989842414856, 0.5821989178657532, -0.084595687687397)","(0.6791421175003052, 0.6833651065826416, -0.047238316386938095)","(0.6674179434776306, 0.6509317755699158, -0.005934976041316986)","(0.6729428768157959, 0.6152788400650024, 0.007027980871498585)","(0.7399609684944153, 0.5759321451187134, -0.06973336637020111)","(0.7090991139411926, 0.6635653376579285, -0.02124972455203533)","(0.6952797770500183, 0.6261955499649048, 0.011732589453458786)","(0.700064480304718, 0.5857080221176147, 0.012731172144412994)","(0.7633388042449951, 0.5609298944473267, -0.05517524853348732)","(0.7350627183914185, 0.633147656917572, -0.015791120007634163)","(0.72211754322052, 0.6052496433258057, 0.0035878450144082308)","(0.7253218293190002, 0.5717018842697144, 0.005395341198891401)",Reach
1321,"(0.6971261501312256, 0.34204724431037903, -0.00013160001253709197)","(0.6450110673904419, 0.38205498456954956, -0.003504923079162836)","(0.6167638301849365, 0.4758354425430298, -0.017424000427126884)","(0.6122373342514038, 0.5736298561096191, -0.022929351776838303)","(0.6102442145347595, 0.6420825123786926, -0.027731599286198616)","(0.6477545499801636, 0.5172617435455322, -0.09483151137828827)","(0.6305491328239441, 0.6354113817214966, -0.07336360216140747)","(0.618116021156311, 0.6306253671646118, -0.0299395639449358)","(0.6167073845863342, 0.6077889800071716, -0.006050867028534412)","(0.687729001045227, 0.5261853337287903, -0.08693183958530426)","(0.6623652577400208, 0.6354028582572937, -0.05416656285524368)","(0.6453188061714172, 0.6119117736816406, -0.014519150368869305)","(0.6463025212287903, 0.5757083892822266, 0.0008676338475197554)","(0.7200908660888672, 0.521979570388794, -0.0708959698677063)","(0.6908944845199585, 0.6129332780838013, -0.03045595996081829)","(0.6740126013755798, 0.5783157348632812, 0.002058188198134303)","(0.6759333610534668, 0.5374885201454163, 0.006110145710408688)","(0.7433102130889893, 0.5099645853042603, -0.05509544909000397)","(0.7171809077262878, 0.5830943584442139, -0.023331012576818466)","(0.7027242183685303, 0.5590933561325073, -0.002273223828524351)","(0.7034136652946472, 0.527522623538971, 0.004633254371583462)",Reach
1322,"(0.6865142583847046, 0.29584723711013794, -0.00012155273725511506)","(0.6306622624397278, 0.33367422223091125, -0.004300965461879969)","(0.6007878184318542, 0.4233202040195465, -0.018986700102686882)","(0.5959195494651794, 0.5157096982002258, -0.02285737358033657)","(0.5966857671737671, 0.5773757100105286, -0.02393759973347187)","(0.6294554471969604, 0.4624157249927521, -0.09876248240470886)","(0.6048983335494995, 0.5763272047042847, -0.07736631482839584)","(0.5974069237709045, 0.5628818273544312, -0.03431113436818123)","(0.600770115852356, 0.5373827815055847, -0.011907784268260002)","(0.6683174967765808, 0.47574564814567566, -0.09040024131536484)","(0.6369208693504333, 0.5819791555404663, -0.05918816104531288)","(0.6226478815078735, 0.5578570365905762, -0.020640814676880836)","(0.6264069676399231, 0.5225756764411926, -0.007585386745631695)","(0.6994011998176575, 0.4767434597015381, -0.07316521555185318)","(0.6656963229179382, 0.56400066614151, -0.03262718766927719)","(0.651221752166748, 0.5283918380737305, -0.0014654534170404077)","(0.6557102799415588, 0.48663362860679626, -0.0001970592129509896)","(0.720894992351532, 0.4686049520969391, -0.05646223947405815)","(0.6914459466934204, 0.5383355021476746, -0.02254454605281353)","(0.67873615026474, 0.5148321986198425, -0.002489845035597682)","(0.6806591153144836, 0.4827658236026764, 0.001971891149878502)",Reach
1323,"(0.665783703327179, 0.2481934279203415, -0.00012389222683850676)","(0.6133445501327515, 0.28482159972190857, 0.0007074056775309145)","(0.5822156667709351, 0.3745202124118805, -0.010759883560240269)","(0.573603630065918, 0.469618558883667, -0.014020022936165333)","(0.5725639462471008, 0.5349359512329102, -0.016347425058484077)","(0.605922520160675, 0.4069071114063263, -0.09074127674102783)","(0.5817223191261292, 0.519001305103302, -0.07002606242895126)","(0.5741494297981262, 0.523626983165741, -0.028720291331410408)","(0.574425458908081, 0.5073972344398499, -0.006366567686200142)","(0.642484724521637, 0.42505180835723877, -0.08568397164344788)","(0.6118323802947998, 0.532568097114563, -0.05582943931221962)","(0.5997330546379089, 0.5176806449890137, -0.015543507412075996)","(0.6033465266227722, 0.4854344129562378, 0.0015187819954007864)","(0.6734671592712402, 0.4295879602432251, -0.07264623790979385)","(0.6387993693351746, 0.5166010856628418, -0.03226759284734726)","(0.6276849508285522, 0.4824313521385193, 0.0023743140045553446)","(0.6331126689910889, 0.44207364320755005, 0.006762548349797726)","(0.6958090662956238, 0.4242778420448303, -0.05994067341089249)","(0.6657184362411499, 0.4903832972049713, -0.026580048725008965)","(0.6535401344299316, 0.4679777920246124, -0.005912691820412874)","(0.6554519534111023, 0.43812739849090576, -0.0016088596312329173)",Reach
1324,"(0.6482428312301636, 0.20466692745685577, -9.810035408008844e-05)","(0.5969651937484741, 0.23540346324443817, 0.00969649013131857)","(0.5655083656311035, 0.31450480222702026, 0.003454696387052536)","(0.5556796789169312, 0.4021975100040436, 0.0009462269372306764)","(0.5516697764396667, 0.464709997177124, -0.0005954574444331229)","(0.5826317071914673, 0.35934537649154663, -0.06859353929758072)","(0.5562496185302734, 0.46372199058532715, -0.060561999678611755)","(0.5422635078430176, 0.4886118173599243, -0.033700212836265564)","(0.5345596075057983, 0.49454355239868164, -0.0140021787956357)","(0.6160274147987366, 0.3831179738044739, -0.06588329374790192)","(0.587121844291687, 0.4851449728012085, -0.043075691908597946)","(0.5722172856330872, 0.4828500747680664, -0.004904814995825291)","(0.5688291192054749, 0.4625268578529358, 0.016388624906539917)","(0.6452018022537231, 0.3896656632423401, -0.056549884378910065)","(0.6124154329299927, 0.4718788266181946, -0.023150181397795677)","(0.6025940775871277, 0.442778617143631, 0.010681976564228535)","(0.6053659319877625, 0.4058406949043274, 0.021426068618893623)","(0.6676787734031677, 0.38408127427101135, -0.045994870364665985)","(0.6393490433692932, 0.44743773341178894, -0.01131173875182867)","(0.6288008093833923, 0.42871376872062683, 0.013984635472297668)","(0.6296048760414124, 0.3985545039176941, 0.024191727861762047)",Reach
1325,"(0.6279624700546265, 0.16467081010341644, -6.930151721462607e-05)","(0.5759143829345703, 0.19790571928024292, 0.017859434708952904)","(0.5484477877616882, 0.27079319953918457, 0.0205311868339777)","(0.5410134196281433, 0.35045862197875977, 0.02599584497511387)","(0.5385845899581909, 0.4075724482536316, 0.031895712018013)","(0.5562008619308472, 0.3228311538696289, -0.05029967427253723)","(0.5282366275787354, 0.4215598702430725, -0.041882362216711044)","(0.5146563053131104, 0.44927629828453064, -0.01968144066631794)","(0.5058281421661377, 0.4594291150569916, -0.0018838876858353615)","(0.5873122215270996, 0.34754523634910583, -0.049478016793727875)","(0.5580779910087585, 0.4461730122566223, -0.025337427854537964)","(0.5445504188537598, 0.44332006573677063, 0.013563408516347408)","(0.5401617884635925, 0.427446186542511, 0.037026241421699524)","(0.615919291973114, 0.35435450077056885, -0.04264046624302864)","(0.5864775776863098, 0.4362329840660095, -0.011605823412537575)","(0.5766515731811523, 0.408598393201828, 0.025096585974097252)","(0.5776538848876953, 0.37713924050331116, 0.040192119777202606)","(0.6395418047904968, 0.347996324300766, -0.03358537331223488)","(0.6125285029411316, 0.4111514091491699, -5.9465033700689673e-05)","(0.6022127270698547, 0.3919201195240021, 0.02960786409676075)","(0.6027469038963318, 0.36442166566848755, 0.04391898214817047)",Reach
1326,"(0.6091662049293518, 0.13539916276931763, -9.0916219050996e-05)","(0.553699791431427, 0.17202889919281006, 0.01890837959945202)","(0.5256019830703735, 0.239055797457695, 0.023251397535204887)","(0.5142245888710022, 0.3163463771343231, 0.03226431459188461)","(0.5096412301063538, 0.3716500997543335, 0.04192249849438667)","(0.529611349105835, 0.2855631709098816, -0.050154536962509155)","(0.49915987253189087, 0.38963431119918823, -0.03496978059411049)","(0.4881841540336609, 0.41097021102905273, -0.005822420585900545)","(0.4821830093860626, 0.40947291254997253, 0.017194021493196487)","(0.5578290820121765, 0.3115426301956177, -0.05000415816903114)","(0.5242104530334473, 0.41520455479621887, -0.025409230962395668)","(0.5141577124595642, 0.40600621700286865, 0.014079419896006584)","(0.5138295292854309, 0.3813115358352661, 0.036892954260110855)","(0.5851675868034363, 0.32237064838409424, -0.04259607940912247)","(0.5520983934402466, 0.40617501735687256, -0.010046619921922684)","(0.5452137589454651, 0.3775976896286011, 0.026070687919855118)","(0.54924476146698, 0.3424542546272278, 0.04087133705615997)","(0.6083944439888, 0.3223102390766144, -0.03253660351037979)","(0.5798967480659485, 0.38805848360061646, 4.167863880866207e-05)","(0.5692879557609558, 0.3695533573627472, 0.02956872247159481)","(0.570753276348114, 0.33999499678611755, 0.044889312237501144)",Reach
1327,"(0.5891030430793762, 0.10857494175434113, -0.00010956035839626566)","(0.5315542817115784, 0.14046965539455414, 0.03225484862923622)","(0.5044652223587036, 0.1992567777633667, 0.04530896246433258)","(0.49378228187561035, 0.2698373794555664, 0.05950088053941727)","(0.4892948269844055, 0.3198748230934143, 0.07503125071525574)","(0.4990875720977783, 0.25257182121276855, -0.031193682923913002)","(0.4673207104206085, 0.354417085647583, -0.013986560516059399)","(0.4585711359977722, 0.3812652826309204, 0.019326718524098396)","(0.45489224791526794, 0.3830936849117279, 0.046412162482738495)","(0.5254976153373718, 0.2828155755996704, -0.03324728459119797)","(0.49212372303009033, 0.38084927201271057, -0.003466549329459667)","(0.4862597584724426, 0.376518189907074, 0.04377434402704239)","(0.4870772957801819, 0.3551322817802429, 0.07341954112052917)","(0.5523240566253662, 0.2982921600341797, -0.027642052620649338)","(0.5187714099884033, 0.37471723556518555, 0.009605231694877148)","(0.5164408683776855, 0.351188600063324, 0.05179843679070473)","(0.5226624011993408, 0.3188101649284363, 0.07316382229328156)","(0.576650083065033, 0.3029402494430542, -0.01838727667927742)","(0.5491273403167725, 0.36093032360076904, 0.017199240624904633)","(0.5410959124565125, 0.3447219729423523, 0.04864845424890518)","(0.5438879728317261, 0.3187241852283478, 0.06650807708501816)",Reach
1328,"(0.5633101463317871, 0.09159065783023834, -0.00010742434824351221)","(0.5012006163597107, 0.12565827369689941, 0.02746206521987915)","(0.4704715609550476, 0.18896055221557617, 0.03895138204097748)","(0.4556478261947632, 0.2587222158908844, 0.053765829652547836)","(0.44909781217575073, 0.3097711503505707, 0.06906281411647797)","(0.4664436876773834, 0.23585161566734314, -0.04197530820965767)","(0.4340074360370636, 0.33586403727531433, -0.015552934259176254)","(0.42682477831840515, 0.3505929410457611, 0.02383783645927906)","(0.4235006272792816, 0.3450407087802887, 0.05333485081791878)","(0.49470120668411255, 0.26365652680397034, -0.04252853989601135)","(0.45928090810775757, 0.3591737747192383, -0.007496090605854988)","(0.45546674728393555, 0.34355050325393677, 0.04166145250201225)","(0.4588974714279175, 0.3152340054512024, 0.07006733864545822)","(0.5226942896842957, 0.2780908942222595, -0.03496956080198288)","(0.4881657660007477, 0.3559197187423706, 0.0012665087124332786)","(0.48584702610969543, 0.330170214176178, 0.03907161206007004)","(0.49344950914382935, 0.29900991916656494, 0.055932655930519104)","(0.5475221872329712, 0.2820736765861511, -0.02383144199848175)","(0.5201337933540344, 0.3422113060951233, 0.008722217753529549)","(0.5127155184745789, 0.32291167974472046, 0.03523135930299759)","(0.5163238048553467, 0.29722654819488525, 0.050320252776145935)",Reach
1329,"(0.5361402630805969, 0.07376694679260254, -0.00010616944928187877)","(0.4729570150375366, 0.09938840568065643, 0.02839011140167713)","(0.43872350454330444, 0.16194522380828857, 0.03797268122434616)","(0.42159849405288696, 0.23546358942985535, 0.05014502629637718)","(0.41676056385040283, 0.28872454166412354, 0.062395934015512466)","(0.43343913555145264, 0.21260342001914978, -0.04738643020391464)","(0.3993658125400543, 0.31576254963874817, -0.0178312286734581)","(0.39607661962509155, 0.3205256164073944, 0.024939320981502533)","(0.39786115288734436, 0.3073708713054657, 0.05540322884917259)","(0.46327435970306396, 0.24458010494709015, -0.0504179447889328)","(0.4242158830165863, 0.3417862057685852, -0.01478656753897667)","(0.4231667220592499, 0.3198476731777191, 0.03131561726331711)","(0.43058353662490845, 0.2872166633605957, 0.05635622888803482)","(0.4932953119277954, 0.2633761167526245, -0.04447062686085701)","(0.45495495200157166, 0.33858197927474976, -0.0039658015593886375)","(0.4553697109222412, 0.3082178831100464, 0.032642628997564316)","(0.4663854241371155, 0.27588289976119995, 0.04597318544983864)","(0.5202072262763977, 0.2706879675388336, -0.03551824018359184)","(0.4880557358264923, 0.32925936579704285, 0.002665014239028096)","(0.4834594130516052, 0.3050070106983185, 0.031215786933898926)","(0.4919118285179138, 0.27815598249435425, 0.045953426510095596)",Reach
1330,"(0.5111381411552429, 0.06850038468837738, -9.576032607583329e-05)","(0.4447024166584015, 0.08628600835800171, 0.033140819519758224)","(0.4094032645225525, 0.14792777597904205, 0.046028509736061096)","(0.3970503807067871, 0.22456669807434082, 0.0594087578356266)","(0.3981350362300873, 0.27594679594039917, 0.07364696264266968)","(0.39681950211524963, 0.1949673295021057, -0.04359636828303337)","(0.36216944456100464, 0.2985178530216217, -0.01026229839771986)","(0.3668677806854248, 0.2970457375049591, 0.03572174906730652)","(0.37517157196998596, 0.27838319540023804, 0.06710492819547653)","(0.4272945821285248, 0.22974805533885956, -0.04793357104063034)","(0.38982927799224854, 0.32379764318466187, -0.009108069352805614)","(0.3948248028755188, 0.30108344554901123, 0.036956701427698135)","(0.40354642271995544, 0.26770463585853577, 0.061290524899959564)","(0.45852410793304443, 0.25334402918815613, -0.04323926568031311)","(0.4209422767162323, 0.32685285806655884, -0.0010236833477392793)","(0.42575445771217346, 0.2955842912197113, 0.032946355640888214)","(0.4376014471054077, 0.26246750354766846, 0.04359693080186844)","(0.48773273825645447, 0.2660731375217438, -0.03525010868906975)","(0.4534146785736084, 0.3215697705745697, 0.004451022483408451)","(0.45209911465644836, 0.2944777011871338, 0.03159236162900925)","(0.4622500538825989, 0.2676505446434021, 0.04502493515610695)",Reach
1331,"(0.48466774821281433, 0.06440748274326324, -7.614345668116584e-05)","(0.4155569076538086, 0.07287560403347015, 0.04013649746775627)","(0.3791775405406952, 0.12954097986221313, 0.05350956320762634)","(0.3680122494697571, 0.2048453986644745, 0.06542288511991501)","(0.3709735572338104, 0.2564249634742737, 0.07661937922239304)","(0.3645586371421814, 0.17439569532871246, -0.04322898015379906)","(0.32674506306648254, 0.2843586802482605, -0.009165092371404171)","(0.3348187208175659, 0.2868127226829529, 0.04263670742511749)","(0.34827905893325806, 0.26769766211509705, 0.08010108768939972)","(0.3951343297958374, 0.21309396624565125, -0.04991693049669266)","(0.3570266366004944, 0.3095685839653015, -0.007632373832166195)","(0.3655695617198944, 0.28835636377334595, 0.04248762130737305)","(0.376852810382843, 0.25578370690345764, 0.06842879951000214)","(0.42620745301246643, 0.24121840298175812, -0.04738554731011391)","(0.3878984749317169, 0.31889572739601135, -0.0008938749670051038)","(0.39396366477012634, 0.29001808166503906, 0.03707873448729515)","(0.4067184329032898, 0.25734943151474, 0.04887884110212326)","(0.4550051987171173, 0.25815439224243164, -0.04091391712427139)","(0.41879093647003174, 0.3142961263656616, 0.004928135313093662)","(0.4198184609413147, 0.2890443503856659, 0.03429268300533295)","(0.431355357170105, 0.26535889506340027, 0.04804699867963791)",Reach
1332,"(0.4590350091457367, 0.06283484399318695, -3.620146890170872e-05)","(0.3894684910774231, 0.06690175831317902, 0.03910255804657936)","(0.3498091995716095, 0.1175164207816124, 0.05431172996759415)","(0.33284109830856323, 0.18706724047660828, 0.0682610273361206)","(0.33086901903152466, 0.23811432719230652, 0.08235286921262741)","(0.33114513754844666, 0.1653713881969452, -0.028638232499361038)","(0.2961716055870056, 0.271185964345932, 0.008944129571318626)","(0.3020610511302948, 0.27701160311698914, 0.06067619472742081)","(0.3123556673526764, 0.2620465159416199, 0.09780047088861465)","(0.35993415117263794, 0.20695851743221283, -0.03498568385839462)","(0.32222089171409607, 0.30421966314315796, 0.004609499126672745)","(0.328774631023407, 0.29033011198043823, 0.056980978697538376)","(0.3377697169780731, 0.26217809319496155, 0.08803652226924896)","(0.3902837634086609, 0.23717693984508514, -0.03250294178724289)","(0.3527696430683136, 0.31577131152153015, 0.009248077869415283)","(0.3572057783603668, 0.2935083210468292, 0.048721179366111755)","(0.3676035702228546, 0.2650253176689148, 0.065127432346344)","(0.42005810141563416, 0.25734785199165344, -0.026602111756801605)","(0.38662075996398926, 0.3127173185348511, 0.012719948776066303)","(0.38594186305999756, 0.2914387583732605, 0.039434533566236496)","(0.39444246888160706, 0.2704073190689087, 0.05324218422174454)",Reach
1333,"(0.4317200183868408, 0.060095757246017456, -7.804756751284003e-05)","(0.36218762397766113, 0.06754729151725769, 0.04772191122174263)","(0.32189348340034485, 0.11574748903512955, 0.0677872747182846)","(0.3030221462249756, 0.17616024613380432, 0.08379458636045456)","(0.30041152238845825, 0.22350117564201355, 0.10154341161251068)","(0.29838067293167114, 0.16100257635116577, -0.008300576359033585)","(0.2648087441921234, 0.25721678137779236, 0.0323064886033535)","(0.27338510751724243, 0.27109554409980774, 0.08207863569259644)","(0.2864897549152374, 0.26268795132637024, 0.11747439205646515)","(0.3248535394668579, 0.20332828164100647, -0.01738208346068859)","(0.29047274589538574, 0.29691779613494873, 0.024174092337489128)","(0.30191123485565186, 0.2905254364013672, 0.07437386363744736)","(0.31257134675979614, 0.2684471905231476, 0.10482101887464523)","(0.35430583357810974, 0.23557478189468384, -0.018312206491827965)","(0.3213799297809601, 0.3147493898868561, 0.0243083368986845)","(0.3283720314502716, 0.29544249176979065, 0.06282532215118408)","(0.3382594585418701, 0.26905709505081177, 0.0801212340593338)","(0.38430511951446533, 0.25954627990722656, -0.015050766058266163)","(0.3537200689315796, 0.31554239988327026, 0.025218265131115913)","(0.3549738824367523, 0.2936232089996338, 0.05129709467291832)","(0.3649785816669464, 0.2701910436153412, 0.06636843830347061)",Reach
1334,"(0.4068285822868347, 0.06578850746154785, -7.658145477762446e-05)","(0.33516204357147217, 0.0690326988697052, 0.0547652393579483)","(0.29503023624420166, 0.11596522480249405, 0.07730410993099213)","(0.2759101688861847, 0.17685231566429138, 0.09563865512609482)","(0.2749957740306854, 0.22678598761558533, 0.11570743471384048)","(0.26675236225128174, 0.16579948365688324, 0.004467417020350695)","(0.23682284355163574, 0.2549632787704468, 0.05134875699877739)","(0.25112882256507874, 0.2609393000602722, 0.09993807971477509)","(0.26760855317115784, 0.2470492571592331, 0.1315959095954895)","(0.2921644449234009, 0.20872198045253754, -0.0058210259303450584)","(0.26194119453430176, 0.2994258999824524, 0.0435764342546463)","(0.2774472236633301, 0.2926086187362671, 0.09215255826711655)","(0.28909850120544434, 0.2709727883338928, 0.11978145688772202)","(0.3221328854560852, 0.24160365760326385, -0.007165942806750536)","(0.2935235798358917, 0.3199472725391388, 0.0398317351937294)","(0.3028513789176941, 0.299810528755188, 0.0777934119105339)","(0.31179407238960266, 0.2724611163139343, 0.09503829479217529)","(0.3529775142669678, 0.26665836572647095, -0.0036991205997765064)","(0.3258111774921417, 0.3236134648323059, 0.04043560102581978)","(0.32886654138565063, 0.30056971311569214, 0.06806205213069916)","(0.338337779045105, 0.2752515375614166, 0.08377484977245331)",Reach
1335,"(0.3843080997467041, 0.07606717944145203, -8.718357275938615e-05)","(0.3109839856624603, 0.07836665213108063, 0.05856732279062271)","(0.26866722106933594, 0.12408073246479034, 0.08229779452085495)","(0.2490023672580719, 0.1830621361732483, 0.10146106779575348)","(0.25131338834762573, 0.2335178554058075, 0.12105744332075119)","(0.23906373977661133, 0.17451870441436768, 0.005478117149323225)","(0.21298393607139587, 0.26600149273872375, 0.05454424396157265)","(0.23183424770832062, 0.26112100481987, 0.10186398774385452)","(0.2495599091053009, 0.23973944783210754, 0.13018563389778137)","(0.26403164863586426, 0.2165793925523758, -0.007490197196602821)","(0.23859156668186188, 0.30659419298171997, 0.04566522315144539)","(0.25693532824516296, 0.2951819598674774, 0.09077789634466171)","(0.2691463828086853, 0.27096256613731384, 0.11301331967115402)","(0.2940905690193176, 0.25028446316719055, -0.010535892099142075)","(0.26842230558395386, 0.32785698771476746, 0.03886517137289047)","(0.2805401384830475, 0.30759483575820923, 0.07316693663597107)","(0.29008111357688904, 0.28049761056900024, 0.08732561767101288)","(0.32474198937416077, 0.2778162956237793, -0.008621862158179283)","(0.2984520494937897, 0.3317869305610657, 0.037012796849012375)","(0.3024870753288269, 0.3090713620185852, 0.0637122094631195)","(0.31129151582717896, 0.2844436764717102, 0.07807223498821259)",Reach
1336,"(0.3636869192123413, 0.09208610653877258, -5.996558684273623e-05)","(0.28948259353637695, 0.09608054906129837, 0.061516642570495605)","(0.24602791666984558, 0.1407846212387085, 0.08479277789592743)","(0.22560817003250122, 0.19737817347049713, 0.10280614346265793)","(0.22890068590641022, 0.24602171778678894, 0.12019873410463333)","(0.21439339220523834, 0.1909758746623993, 0.007564031518995762)","(0.1910950094461441, 0.28113412857055664, 0.05725251883268356)","(0.21055638790130615, 0.27386224269866943, 0.10232799500226974)","(0.2272607982158661, 0.24824203550815582, 0.12790736556053162)","(0.23872196674346924, 0.23293478786945343, -0.008875731378793716)","(0.2176261842250824, 0.3222582936286926, 0.04758936166763306)","(0.23612946271896362, 0.3079531490802765, 0.08804353326559067)","(0.2474377453327179, 0.2806950509548187, 0.10381902754306793)","(0.26910048723220825, 0.2669254541397095, -0.01433414313942194)","(0.2457427829504013, 0.3417118787765503, 0.03586466610431671)","(0.26000991463661194, 0.32018032670021057, 0.06341160833835602)","(0.2706790864467621, 0.2915768325328827, 0.0714271068572998)","(0.30011171102523804, 0.29502925276756287, -0.015495359897613525)","(0.27621132135391235, 0.34674739837646484, 0.028789984062314034)","(0.28186288475990295, 0.3226226568222046, 0.05132443830370903)","(0.29083776473999023, 0.29602083563804626, 0.06251417845487595)",Reach
1337,"(0.3454229235649109, 0.10685433447360992, -4.9251539167016745e-05)","(0.2715141475200653, 0.1113710105419159, 0.06682287901639938)","(0.22948741912841797, 0.15735268592834473, 0.09131009876728058)","(0.21069036424160004, 0.21335864067077637, 0.11060813069343567)","(0.21501627564430237, 0.2649466097354889, 0.12886901199817657)","(0.19363415241241455, 0.20936346054077148, 0.01697319746017456)","(0.17511673271656036, 0.2980974018573761, 0.0728171095252037)","(0.19694826006889343, 0.29041314125061035, 0.11710987240076065)","(0.21389499306678772, 0.26228150725364685, 0.13856831192970276)","(0.21723543107509613, 0.2542044222354889, -0.001271017943508923)","(0.20174947381019592, 0.3401995599269867, 0.06367693096399307)","(0.22252905368804932, 0.32432064414024353, 0.10083622485399246)","(0.23370309174060822, 0.29364627599716187, 0.10875910520553589)","(0.2482357621192932, 0.2888661324977875, -0.007647484540939331)","(0.23200678825378418, 0.3568335771560669, 0.05125410854816437)","(0.247068852186203, 0.33569610118865967, 0.07684970647096634)","(0.2559211850166321, 0.3056778311729431, 0.07980342209339142)","(0.279659628868103, 0.3149641752243042, -0.00974190142005682)","(0.2638969123363495, 0.35864266753196716, 0.0400073416531086)","(0.2715168297290802, 0.33531391620635986, 0.06235119327902794)","(0.2791557312011719, 0.3089420795440674, 0.07154092937707901)",Reach
1338,"(0.32951033115386963, 0.12122218310832977, -7.636646478204057e-05)","(0.25584325194358826, 0.12981444597244263, 0.0701194703578949)","(0.21477583050727844, 0.17735302448272705, 0.09720953553915024)","(0.1964939683675766, 0.2314237505197525, 0.1183883473277092)","(0.2007891982793808, 0.28039976954460144, 0.13944806158542633)","(0.1789870262145996, 0.22538016736507416, 0.02304084226489067)","(0.1610599309206009, 0.3118427097797394, 0.07945289462804794)","(0.18203774094581604, 0.30448752641677856, 0.12477266788482666)","(0.19838251173496246, 0.27658921480178833, 0.147703155875206)","(0.20214375853538513, 0.2696574032306671, 0.0029285368509590626)","(0.18753266334533691, 0.35372042655944824, 0.06687496602535248)","(0.20745207369327545, 0.3363380432128906, 0.10487674921751022)","(0.2186969816684723, 0.3052538335323334, 0.11385000497102737)","(0.2325105220079422, 0.3037227392196655, -0.0055257827043533325)","(0.21717673540115356, 0.371206134557724, 0.05323568359017372)","(0.2314753532409668, 0.3485005795955658, 0.08159922063350677)","(0.24095898866653442, 0.31806087493896484, 0.08589531481266022)","(0.26330235600471497, 0.32822322845458984, -0.009223508648574352)","(0.248928040266037, 0.37333977222442627, 0.041412029415369034)","(0.2560535967350006, 0.350868284702301, 0.06640416383743286)","(0.2641553282737732, 0.32436060905456543, 0.07713449001312256)",Reach
1339,"(0.31490203738212585, 0.1385524421930313, -7.415506843244657e-05)","(0.24310524761676788, 0.14880630373954773, 0.07174596190452576)","(0.20299041271209717, 0.19372597336769104, 0.09811981767416)","(0.18349814414978027, 0.2458028793334961, 0.11782184988260269)","(0.18604518473148346, 0.2941889762878418, 0.13693441450595856)","(0.16631078720092773, 0.24071168899536133, 0.025303903967142105)","(0.14945697784423828, 0.3278871774673462, 0.07981595396995544)","(0.17014968395233154, 0.3227076232433319, 0.1251409351825714)","(0.18581368029117584, 0.29573866724967957, 0.14920371770858765)","(0.18857263028621674, 0.2848909795284271, 0.0028646637219935656)","(0.17524486780166626, 0.36956164240837097, 0.06610623747110367)","(0.19669297337532043, 0.3532077968120575, 0.1048278734087944)","(0.208091139793396, 0.32256537675857544, 0.11481424421072006)","(0.21855111420154572, 0.31883668899536133, -0.007847055792808533)","(0.2039078325033188, 0.3893107771873474, 0.04980824515223503)","(0.21975436806678772, 0.3672190308570862, 0.07889049500226974)","(0.2297970950603485, 0.3365858793258667, 0.08360882848501205)","(0.2495831996202469, 0.3435803949832916, -0.013987794518470764)","(0.2361050248146057, 0.3903898000717163, 0.03600246086716652)","(0.24469681084156036, 0.3673097789287567, 0.0614810548722744)","(0.25286558270454407, 0.33949190378189087, 0.07229319959878922)",Reach
1340,"(0.30321139097213745, 0.15611429512500763, -8.13579754321836e-05)","(0.23411305248737335, 0.1672818660736084, 0.06919143348932266)","(0.1932070255279541, 0.20983734726905823, 0.09402123093605042)","(0.173267662525177, 0.26132652163505554, 0.11298849433660507)","(0.1760181337594986, 0.30702662467956543, 0.13224729895591736)","(0.1555929183959961, 0.25623053312301636, 0.022190703079104424)","(0.1432887762784958, 0.34943193197250366, 0.07668982446193695)","(0.16387209296226501, 0.34188616275787354, 0.11838285624980927)","(0.1774234175682068, 0.3126618266105652, 0.1381882280111313)","(0.17722664773464203, 0.29890263080596924, -0.00031594361644238234)","(0.16776275634765625, 0.38612765073776245, 0.0634680688381195)","(0.1887601912021637, 0.3675267696380615, 0.09908851981163025)","(0.1994030773639679, 0.3347647488117218, 0.10497534275054932)","(0.20682445168495178, 0.3321877717971802, -0.011517839506268501)","(0.1945359855890274, 0.4024879038333893, 0.047459926456213)","(0.2106184959411621, 0.38114219903945923, 0.0745660811662674)","(0.2204006016254425, 0.35067641735076904, 0.07630307972431183)","(0.23773878812789917, 0.35780617594718933, -0.018314070999622345)","(0.22441288828849792, 0.40699416399002075, 0.031892839819192886)","(0.23360763490200043, 0.3849598467350006, 0.05721767619252205)","(0.24243544042110443, 0.35696905851364136, 0.06703971326351166)",Reach
1341,"(0.2939603924751282, 0.17529618740081787, -6.837268301751465e-05)","(0.22529183328151703, 0.18565484881401062, 0.064960777759552)","(0.18411527574062347, 0.22590236365795135, 0.08912749588489532)","(0.16230401396751404, 0.2750447392463684, 0.10841135680675507)","(0.16362130641937256, 0.32213154435157776, 0.1285945624113083)","(0.15084055066108704, 0.2759349048137665, 0.02029636688530445)","(0.1382548213005066, 0.36541423201560974, 0.07564128190279007)","(0.15723514556884766, 0.35976290702819824, 0.11925860494375229)","(0.17031598091125488, 0.33200886845588684, 0.14103953540325165)","(0.1724139302968979, 0.3182043135166168, 0.0003394504019524902)","(0.16217011213302612, 0.40366876125335693, 0.06340789049863815)","(0.18140444159507751, 0.3865484297275543, 0.10082816332578659)","(0.1911477893590927, 0.35468676686286926, 0.10971739143133163)","(0.20162983238697052, 0.34998631477355957, -0.008706485852599144)","(0.18872244656085968, 0.4191030263900757, 0.049440205097198486)","(0.2038707733154297, 0.39898571372032166, 0.0792326033115387)","(0.21271081268787384, 0.36982694268226624, 0.08348772674798965)","(0.23208698630332947, 0.3737025260925293, -0.013540799729526043)","(0.2185409516096115, 0.42353883385658264, 0.033730391412973404)","(0.22694596648216248, 0.40367618203163147, 0.059319160878658295)","(0.2344476580619812, 0.3769560754299164, 0.07068697363138199)",Reach
1342,"(0.28450867533683777, 0.18799443542957306, -6.837003456894308e-05)","(0.21859386563301086, 0.20150992274284363, 0.06380161643028259)","(0.17921414971351624, 0.2444058209657669, 0.08611421287059784)","(0.16048648953437805, 0.29533934593200684, 0.1040085032582283)","(0.16347694396972656, 0.34060055017471313, 0.12375342845916748)","(0.14557230472564697, 0.2869793474674225, 0.017894895747303963)","(0.1356857866048813, 0.37830477952957153, 0.06989137828350067)","(0.15557174384593964, 0.3733285069465637, 0.10868816822767258)","(0.16737836599349976, 0.34512338042259216, 0.12621444463729858)","(0.16793334484100342, 0.32802724838256836, -0.0027107838541269302)","(0.15807238221168518, 0.41580721735954285, 0.05648278072476387)","(0.17781682312488556, 0.39890143275260925, 0.0902547836303711)","(0.1865759789943695, 0.36591026186943054, 0.09667490422725677)","(0.19778123497962952, 0.3598332107067108, -0.012238133698701859)","(0.18586432933807373, 0.4304329752922058, 0.04403487965464592)","(0.20197902619838715, 0.40984025597572327, 0.07043103128671646)","(0.21026019752025604, 0.3802401125431061, 0.07213037461042404)","(0.22842811048030853, 0.38355326652526855, -0.01762698031961918)","(0.21641677618026733, 0.4339846670627594, 0.029801970347762108)","(0.22535035014152527, 0.4135105013847351, 0.054986149072647095)","(0.23252715170383453, 0.3866227865219116, 0.06505817174911499)",Reach
1343,"(0.2760857939720154, 0.1972191035747528, -6.748856685589999e-05)","(0.21215549111366272, 0.21012303233146667, 0.06523431837558746)","(0.17436538636684418, 0.25328493118286133, 0.08711759746074677)","(0.15736991167068481, 0.3068762719631195, 0.10354834794998169)","(0.1610184609889984, 0.3518151342868805, 0.12268953770399094)","(0.14210665225982666, 0.29658281803131104, 0.016484742984175682)","(0.13393153250217438, 0.39019715785980225, 0.0654032900929451)","(0.15356352925300598, 0.3852774202823639, 0.10470905154943466)","(0.16452085971832275, 0.35773926973342896, 0.12373574078083038)","(0.1645425707101822, 0.3354957699775696, -0.006178157404065132)","(0.15751615166664124, 0.4248019754886627, 0.04940595477819443)","(0.1771959662437439, 0.40875276923179626, 0.08283250778913498)","(0.18574675917625427, 0.3777279853820801, 0.08900738507509232)","(0.1941220909357071, 0.36569738388061523, -0.017570968717336655)","(0.18496158719062805, 0.43987441062927246, 0.03555101528763771)","(0.2008027732372284, 0.4194962680339813, 0.0621177963912487)","(0.2088814228773117, 0.39025747776031494, 0.06427185237407684)","(0.2246015965938568, 0.388374924659729, -0.024602660909295082)","(0.21426419913768768, 0.44268548488616943, 0.02067311853170395)","(0.2230156660079956, 0.4224008321762085, 0.04587910324335098)","(0.22947290539741516, 0.39537426829338074, 0.056576646864414215)",Grasp
1344,"(0.27173539996147156, 0.20272205770015717, -6.894865509821102e-05)","(0.20970365405082703, 0.20797203481197357, 0.06707389652729034)","(0.1719386875629425, 0.24788841605186462, 0.0903710275888443)","(0.1568399965763092, 0.3024541139602661, 0.10933510959148407)","(0.16073456406593323, 0.3445163369178772, 0.13083361089229584)","(0.139530748128891, 0.29598742723464966, 0.0160007793456316)","(0.13014879822731018, 0.3869154155254364, 0.06488896161317825)","(0.14959120750427246, 0.3799925148487091, 0.10139913856983185)","(0.16085299849510193, 0.35229867696762085, 0.11719959229230881)","(0.16142034530639648, 0.3376643657684326, -0.0061627640388906)","(0.15338736772537231, 0.4213508367538452, 0.0492500364780426)","(0.17306725680828094, 0.40474051237106323, 0.08009357005357742)","(0.1823786497116089, 0.37566545605659485, 0.08328523486852646)","(0.1901034116744995, 0.36880043148994446, -0.01590655744075775)","(0.18031804263591766, 0.4386407732963562, 0.03671225905418396)","(0.19551362097263336, 0.41822806000709534, 0.06172360107302666)","(0.20449574291706085, 0.38982877135276794, 0.06203586235642433)","(0.22022376954555511, 0.3919067978858948, -0.021154092624783516)","(0.2083607316017151, 0.4434196352958679, 0.022517351433634758)","(0.21682094037532806, 0.4233968257904053, 0.045809198170900345)","(0.2249712347984314, 0.3980233669281006, 0.05388231575489044)",Grasp
1345,"(0.2658671438694, 0.20059539377689362, -6.194233719725162e-05)","(0.20504294335842133, 0.20457673072814941, 0.06792469322681427)","(0.1681087166070938, 0.24539941549301147, 0.09172666072845459)","(0.15390384197235107, 0.29987603425979614, 0.11034243553876877)","(0.15823878347873688, 0.34118756651878357, 0.1317305564880371)","(0.13521617650985718, 0.288824200630188, 0.017874661833047867)","(0.12636208534240723, 0.38005566596984863, 0.06605897843837738)","(0.14530766010284424, 0.3737031817436218, 0.10173678398132324)","(0.15584705770015717, 0.3461155593395233, 0.11798997968435287)","(0.15664172172546387, 0.3295482099056244, -0.004993916023522615)","(0.14862647652626038, 0.41502195596694946, 0.04886412248015404)","(0.1676488071680069, 0.3998469412326813, 0.07914067804813385)","(0.17643404006958008, 0.37097927927970886, 0.08278590440750122)","(0.18493027985095978, 0.3601040244102478, -0.015527174808084965)","(0.17588360607624054, 0.43210679292678833, 0.03615252301096916)","(0.1899167001247406, 0.41229933500289917, 0.06112351268529892)","(0.19803687930107117, 0.3837047517299652, 0.06187143921852112)","(0.21500550210475922, 0.38258200883865356, -0.021518470719456673)","(0.2036706954240799, 0.436682790517807, 0.021249687299132347)","(0.21146488189697266, 0.4162648916244507, 0.04434159770607948)","(0.2191821038722992, 0.39011508226394653, 0.05244700610637665)",Grasp
1346,"(0.25993186235427856, 0.194940984249115, -5.666189463227056e-05)","(0.20061995089054108, 0.19989335536956787, 0.06573009490966797)","(0.16376858949661255, 0.24211221933364868, 0.08653105050325394)","(0.1507851481437683, 0.29777032136917114, 0.10286056250333786)","(0.15734906494617462, 0.3389410078525543, 0.12258616089820862)","(0.13159358501434326, 0.2816716134548187, 0.010695886798202991)","(0.123280830681324, 0.37566331028938293, 0.055167194455862045)","(0.14238077402114868, 0.36870041489601135, 0.08924133330583572)","(0.1520281881093979, 0.3401409089565277, 0.10525244474411011)","(0.15277355909347534, 0.3205678462982178, -0.01326761208474636)","(0.14554831385612488, 0.41089996695518494, 0.03667612746357918)","(0.16495661437511444, 0.39559802412986755, 0.06651414930820465)","(0.1733752340078354, 0.36588582396507263, 0.07020259648561478)","(0.1811821460723877, 0.3501618802547455, -0.02500794269144535)","(0.17269805073738098, 0.4273597002029419, 0.023817555978894234)","(0.18735982477664948, 0.4074762463569641, 0.04839092493057251)","(0.1952006071805954, 0.3781220316886902, 0.04880204796791077)","(0.2118985801935196, 0.3726252317428589, -0.03240114822983742)","(0.20087958872318268, 0.43099647760391235, 0.008406950160861015)","(0.209171324968338, 0.410920649766922, 0.031247951090335846)","(0.21652325987815857, 0.3843225836753845, 0.03936616703867912)",Grasp
1347,"(0.2572444677352905, 0.190323144197464, -5.549276829697192e-05)","(0.1988811194896698, 0.19530510902404785, 0.0644751712679863)","(0.16255272924900055, 0.23502929508686066, 0.08383005112409592)","(0.14834648370742798, 0.2879807651042938, 0.09882080554962158)","(0.15460997819900513, 0.32719072699546814, 0.11779072135686874)","(0.13050588965415955, 0.2757137417793274, 0.007001053541898727)","(0.12220409512519836, 0.369794100522995, 0.0495176799595356)","(0.1417212188243866, 0.3631170988082886, 0.08424682915210724)","(0.15076115727424622, 0.3358055055141449, 0.10159000754356384)","(0.15199846029281616, 0.31449922919273376, -0.017235051840543747)","(0.1440739780664444, 0.4075567424297333, 0.029369786381721497)","(0.16326376795768738, 0.3946627974510193, 0.06131937354803085)","(0.17171669006347656, 0.36634910106658936, 0.068278007209301)","(0.18071824312210083, 0.3442205488681793, -0.02935028076171875)","(0.17222268879413605, 0.42494192719459534, 0.017018131911754608)","(0.18717937171459198, 0.40564918518066406, 0.04330875724554062)","(0.19496062397956848, 0.37620896100997925, 0.04569665342569351)","(0.21205879747867584, 0.3662407398223877, -0.037017229944467545)","(0.20161157846450806, 0.4270995259284973, 0.002549378899857402)","(0.20964008569717407, 0.40677160024642944, 0.02628621831536293)","(0.21600419282913208, 0.3793751001358032, 0.035637982189655304)",Grasp
1348,"(0.25459393858909607, 0.18860352039337158, -5.4136919061420485e-05)","(0.19702792167663574, 0.19300538301467896, 0.06666983664035797)","(0.16071145236492157, 0.23114344477653503, 0.0874195471405983)","(0.144941046833992, 0.2798665463924408, 0.1036192998290062)","(0.14912553131580353, 0.3162447214126587, 0.12322184443473816)","(0.1289297491312027, 0.2741072177886963, 0.008639638312160969)","(0.12176603823900223, 0.36968472599983215, 0.053431037813425064)","(0.14161205291748047, 0.36395856738090515, 0.08947005867958069)","(0.15061743557453156, 0.33740121126174927, 0.10717950016260147)","(0.15042653679847717, 0.31285688281059265, -0.01570911519229412)","(0.14311662316322327, 0.4075215458869934, 0.03163352236151695)","(0.16218970715999603, 0.3951430916786194, 0.06449148058891296)","(0.17048412561416626, 0.36676859855651855, 0.07287270575761795)","(0.1791924238204956, 0.34212633967399597, -0.027429090812802315)","(0.1718003898859024, 0.42269113659858704, 0.020684903487563133)","(0.1866597831249237, 0.4049050211906433, 0.04873989149928093)","(0.19373741745948792, 0.37634819746017456, 0.052670326083898544)","(0.2105981409549713, 0.3634704649448395, -0.03475948050618172)","(0.2010359764099121, 0.4261268079280853, 0.005929582752287388)","(0.20935145020484924, 0.4068504273891449, 0.031083829700946808)","(0.21525627374649048, 0.37945556640625, 0.04208867624402046)",Grasp
1349,"(0.25303614139556885, 0.1876838654279709, -4.851897028856911e-05)","(0.19646167755126953, 0.1929459571838379, 0.06542636454105377)","(0.16041199862957, 0.23335660994052887, 0.08400601148605347)","(0.14729969203472137, 0.2867630422115326, 0.09795640408992767)","(0.1535739153623581, 0.32570183277130127, 0.1157408282160759)","(0.12686176598072052, 0.27091509103775024, 0.006408647168427706)","(0.12158532440662384, 0.3683900237083435, 0.04969095438718796)","(0.14185211062431335, 0.36130422353744507, 0.08308707177639008)","(0.15023620426654816, 0.33385616540908813, 0.09841055423021317)","(0.14823409914970398, 0.30830323696136475, -0.018837524577975273)","(0.14317487180233002, 0.40584537386894226, 0.029062729328870773)","(0.16257238388061523, 0.3920024335384369, 0.0602317675948143)","(0.17025229334831238, 0.3632514178752899, 0.06521560251712799)","(0.17709961533546448, 0.33730870485305786, -0.031650520861148834)","(0.1716596484184265, 0.41916781663894653, 0.017834756523370743)","(0.18706457316875458, 0.39925381541252136, 0.043569084256887436)","(0.1940474808216095, 0.3703545928001404, 0.044058118015527725)","(0.20849305391311646, 0.3594212830066681, -0.0403115451335907)","(0.2001776099205017, 0.4208105802536011, 0.0012387015158310533)","(0.20905552804470062, 0.39944571256637573, 0.02490869350731373)","(0.2150450348854065, 0.37242764234542847, 0.033173028379678726)",Grasp
1350,"(0.25292375683784485, 0.1864914745092392, -4.0937513404060155e-05)","(0.1959703415632248, 0.19046811759471893, 0.06461217999458313)","(0.16017360985279083, 0.2310713827610016, 0.08403930068016052)","(0.1472027450799942, 0.2844711244106293, 0.0989072173833847)","(0.1533249169588089, 0.3233020305633545, 0.11677441000938416)","(0.12550972402095795, 0.2684694528579712, 0.009264945052564144)","(0.12190741300582886, 0.36326828598976135, 0.05274420604109764)","(0.1423056721687317, 0.3570058047771454, 0.08534803986549377)","(0.15054413676261902, 0.3300573229789734, 0.09985197335481644)","(0.14640185236930847, 0.307179719209671, -0.014703766442835331)","(0.14300352334976196, 0.4022402763366699, 0.034370239824056625)","(0.1626855731010437, 0.3900866210460663, 0.06434629112482071)","(0.17052601277828217, 0.36252620816230774, 0.06892766803503036)","(0.17488667368888855, 0.3372495472431183, -0.0264816265553236)","(0.17126882076263428, 0.41726070642471313, 0.024074915796518326)","(0.18671433627605438, 0.3982461094856262, 0.04890827462077141)","(0.19333294034004211, 0.36994901299476624, 0.04914906248450279)","(0.2060878425836563, 0.3596111238002777, -0.03415442630648613)","(0.19946278631687164, 0.41947877407073975, 0.00755946384742856)","(0.20854055881500244, 0.39887136220932007, 0.030422881245613098)","(0.21428416669368744, 0.37239134311676025, 0.038536060601472855)",Grasp
1351,"(0.25066402554512024, 0.18353451788425446, -3.87360378226731e-05)","(0.19415885210037231, 0.188717320561409, 0.06381221115589142)","(0.15889526903629303, 0.23162639141082764, 0.0813477411866188)","(0.1476270705461502, 0.2871175706386566, 0.09465653449296951)","(0.1545754373073578, 0.32801851630210876, 0.11089885234832764)","(0.12486720830202103, 0.26762574911117554, 0.004286362789571285)","(0.12195637822151184, 0.36510056257247925, 0.047062505036592484)","(0.14264202117919922, 0.35799747705459595, 0.07980841398239136)","(0.15066559612751007, 0.32969704270362854, 0.09451811015605927)","(0.14629286527633667, 0.3047788739204407, -0.020013166591525078)","(0.1435726284980774, 0.40300267934799194, 0.029001731425523758)","(0.16348694264888763, 0.38937240839004517, 0.0589982233941555)","(0.17079275846481323, 0.36014941334724426, 0.06278099119663239)","(0.175511434674263, 0.33371850848197937, -0.03190041705965996)","(0.17208869755268097, 0.41718417406082153, 0.01907619833946228)","(0.18811529874801636, 0.3973471522331238, 0.04350646585226059)","(0.19432245194911957, 0.368179589509964, 0.04256196320056915)","(0.2072649747133255, 0.3556540608406067, -0.03995998948812485)","(0.20096342265605927, 0.4182735085487366, 0.0030117142014205456)","(0.21068015694618225, 0.39652061462402344, 0.02627888321876526)","(0.21600645780563354, 0.3690873980522156, 0.03382329270243645)",Grasp
1352,"(0.25038599967956543, 0.18349280953407288, -4.0128241380443797e-05)","(0.19434605538845062, 0.18706104159355164, 0.061565324664115906)","(0.15857334434986115, 0.2297177016735077, 0.0789603441953659)","(0.14698584377765656, 0.28583890199661255, 0.09261085838079453)","(0.15460853278636932, 0.32572704553604126, 0.10922893136739731)","(0.12513142824172974, 0.2673143148422241, 0.0031824789475649595)","(0.12189463526010513, 0.36449408531188965, 0.04559825733304024)","(0.14217816293239594, 0.357333779335022, 0.0787438452243805)","(0.1500938981771469, 0.32928264141082764, 0.0940093845129013)","(0.14626719057559967, 0.30480265617370605, -0.020183246582746506)","(0.14349022507667542, 0.4019908308982849, 0.02862367406487465)","(0.16325241327285767, 0.3879103362560272, 0.059486664831638336)","(0.17054502665996552, 0.35844218730926514, 0.06385565549135208)","(0.17543506622314453, 0.3335709273815155, -0.03153536096215248)","(0.17203819751739502, 0.41587162017822266, 0.018129736185073853)","(0.1880539059638977, 0.39576256275177, 0.04127678647637367)","(0.19445882737636566, 0.36658599972724915, 0.039883773773908615)","(0.2072206735610962, 0.3547738790512085, -0.03919019177556038)","(0.20098212361335754, 0.41568538546562195, 0.0017624380998313427)","(0.21050402522087097, 0.393938273191452, 0.023259738460183144)","(0.21583591401576996, 0.3669046461582184, 0.029521744698286057)",Grasp
1353,"(0.2510051727294922, 0.18428632616996765, -3.2254596590064466e-05)","(0.1948169767856598, 0.1882815659046173, 0.06349889189004898)","(0.1587097942829132, 0.23008698225021362, 0.08167294412851334)","(0.14658242464065552, 0.2859787344932556, 0.09607172012329102)","(0.15363448858261108, 0.3261621594429016, 0.1133430004119873)","(0.12511153519153595, 0.26566919684410095, 0.004135951399803162)","(0.12173663824796677, 0.36202603578567505, 0.047905392944812775)","(0.14170342683792114, 0.3554811179637909, 0.08160325884819031)","(0.14921832084655762, 0.32745712995529175, 0.09670115262269974)","(0.1460612416267395, 0.30300262570381165, -0.019742099568247795)","(0.14290721714496613, 0.4005487561225891, 0.0298928190022707)","(0.162720188498497, 0.3870629370212555, 0.06097911298274994)","(0.1699032336473465, 0.3575783669948578, 0.06549985706806183)","(0.17472854256629944, 0.33238986134529114, -0.031263649463653564)","(0.17147058248519897, 0.4152733087539673, 0.019873864948749542)","(0.1877792775630951, 0.39577358961105347, 0.04421558231115341)","(0.1940453052520752, 0.366693377494812, 0.04332105815410614)","(0.20596566796302795, 0.355328232049942, -0.03901195153594017)","(0.20000605285167694, 0.41812169551849365, 0.00299205188639462)","(0.20993518829345703, 0.39723286032676697, 0.02558526024222374)","(0.21537666022777557, 0.3702419698238373, 0.03248985484242439)",Grasp
1354,"(0.25159311294555664, 0.18560977280139923, -3.1933355785440654e-05)","(0.19648365676403046, 0.18833963572978973, 0.06294316798448563)","(0.15943120419979095, 0.22806479036808014, 0.0804671049118042)","(0.14564712345600128, 0.281205415725708, 0.0938914343714714)","(0.1523653119802475, 0.31894218921661377, 0.10987984389066696)","(0.1265040636062622, 0.26365798711776733, 0.003335703397169709)","(0.12212830036878586, 0.3619787395000458, 0.046822864562273026)","(0.14213904738426208, 0.3557913899421692, 0.08097288012504578)","(0.15032191574573517, 0.3276209235191345, 0.09706761687994003)","(0.1465083658695221, 0.3004359304904938, -0.020844897255301476)","(0.14253242313861847, 0.3984299302101135, 0.029016342014074326)","(0.16245898604393005, 0.38398298621177673, 0.062160298228263855)","(0.16977781057357788, 0.35346418619155884, 0.06793466210365295)","(0.1747271567583084, 0.32964542508125305, -0.03315577283501625)","(0.16994403302669525, 0.41347575187683105, 0.016752230003476143)","(0.18667742609977722, 0.39476966857910156, 0.04153359308838844)","(0.19360820949077606, 0.3660241961479187, 0.04086504131555557)","(0.20587590336799622, 0.35248178243637085, -0.04151412472128868)","(0.19858801364898682, 0.4172937870025635, -0.00013633126218337566)","(0.20889566838741302, 0.39670270681381226, 0.022858701646327972)","(0.2147040218114853, 0.3690149784088135, 0.02968723513185978)",Grasp
1355,"(0.2521916627883911, 0.18605880439281464, -3.3473337680334225e-05)","(0.19710901379585266, 0.18754708766937256, 0.06526792049407959)","(0.16055117547512054, 0.22528225183486938, 0.08377993106842041)","(0.145971417427063, 0.27711883187294006, 0.09764962643384933)","(0.15070320665836334, 0.3152966797351837, 0.11406408250331879)","(0.12545688450336456, 0.2604248523712158, 0.007980325259268284)","(0.12190969288349152, 0.35718706250190735, 0.05126715078949928)","(0.14229154586791992, 0.3521852195262909, 0.0838400200009346)","(0.15050125122070312, 0.3245885968208313, 0.09839143604040146)","(0.14504066109657288, 0.29727059602737427, -0.017116479575634003)","(0.14229291677474976, 0.39509642124176025, 0.03339298442006111)","(0.16312487423419952, 0.3815304636955261, 0.0649333968758583)","(0.1706307977437973, 0.3516243100166321, 0.06938206404447556)","(0.17307503521442413, 0.32697051763534546, -0.03014249913394451)","(0.17045393586158752, 0.41040512919425964, 0.021213144063949585)","(0.18791179358959198, 0.391423761844635, 0.046389881521463394)","(0.19452305138111115, 0.3626932203769684, 0.045782748609781265)","(0.20441019535064697, 0.3502327799797058, -0.03912604600191116)","(0.19836051762104034, 0.4156007766723633, 0.003590535605326295)","(0.20930220186710358, 0.3945917785167694, 0.02734684757888317)","(0.21505305171012878, 0.3668031096458435, 0.034714892506599426)",Grasp
1356,"(0.2514522671699524, 0.1857796609401703, -2.1644877051585354e-05)","(0.1971774697303772, 0.18907755613327026, 0.06391578912734985)","(0.16024072468280792, 0.22722256183624268, 0.08202341198921204)","(0.14674772322177887, 0.27877381443977356, 0.09552555531263351)","(0.15358638763427734, 0.3166523873806, 0.11092639714479446)","(0.12486859411001205, 0.25997358560562134, 0.0077303024008870125)","(0.12204302847385406, 0.356843501329422, 0.050370458513498306)","(0.1430230289697647, 0.3489353060722351, 0.08149859309196472)","(0.15105372667312622, 0.3202472925186157, 0.09471435844898224)","(0.14413422346115112, 0.2962094247341156, -0.016396155580878258)","(0.1423608809709549, 0.3915625214576721, 0.03560517355799675)","(0.16288387775421143, 0.3747667372226715, 0.06601621210575104)","(0.1696513295173645, 0.34372371435165405, 0.0689985379576683)","(0.171580508351326, 0.32624849677085876, -0.028764106333255768)","(0.16968390345573425, 0.4083407521247864, 0.022641096264123917)","(0.18694643676280975, 0.3891298174858093, 0.044560641050338745)","(0.19348441064357758, 0.3605741858482361, 0.041921306401491165)","(0.20246826112270355, 0.3503762483596802, -0.037183091044425964)","(0.1971692591905594, 0.41313406825065613, 0.0069077638909220695)","(0.20889298617839813, 0.3918091654777527, 0.029788102954626083)","(0.21490174531936646, 0.36471661925315857, 0.03628341481089592)",Grasp
1357,"(0.25007307529449463, 0.18761657178401947, -2.9483910111594014e-05)","(0.19580663740634918, 0.1896534264087677, 0.06160641461610794)","(0.15917694568634033, 0.2276001274585724, 0.07883239537477493)","(0.14592227339744568, 0.2799331247806549, 0.09208644181489944)","(0.15274061262607574, 0.3194497227668762, 0.10790246725082397)","(0.12566763162612915, 0.25974324345588684, 0.003978353925049305)","(0.12063856422901154, 0.3559938669204712, 0.04493162781000137)","(0.14063094556331635, 0.34939372539520264, 0.07705105096101761)","(0.14893144369125366, 0.3215773403644562, 0.09177547693252563)","(0.14538238942623138, 0.296124666929245, -0.019253700971603394)","(0.14081960916519165, 0.3900669813156128, 0.029634343460202217)","(0.1608714759349823, 0.37409305572509766, 0.060471195727586746)","(0.1680811494588852, 0.3433079421520233, 0.06457105278968811)","(0.1730993092060089, 0.32560092210769653, -0.03110826388001442)","(0.16782556474208832, 0.4063020646572113, 0.017303921282291412)","(0.18449793756008148, 0.38799452781677246, 0.04123156890273094)","(0.19142523407936096, 0.35953259468078613, 0.04064904525876045)","(0.20384687185287476, 0.3493106961250305, -0.039135221391916275)","(0.19533991813659668, 0.41269946098327637, 0.0018155885627493262)","(0.20591259002685547, 0.3923715353012085, 0.025176620110869408)","(0.21225211024284363, 0.3653707206249237, 0.032931528985500336)",Grasp
1358,"(0.250308096408844, 0.1893041431903839, -2.2240828911890276e-05)","(0.19624753296375275, 0.19077125191688538, 0.06477953493595123)","(0.15934279561042786, 0.2284913957118988, 0.08162664622068405)","(0.14587417244911194, 0.280792772769928, 0.09345152974128723)","(0.1523081660270691, 0.32119572162628174, 0.10771669447422028)","(0.12476350367069244, 0.25795605778694153, 0.005541395395994186)","(0.1203911080956459, 0.3547901213169098, 0.0465407520532608)","(0.14100924134254456, 0.3493789732456207, 0.07839403301477432)","(0.1490449458360672, 0.3216312527656555, 0.09330850839614868)","(0.14377230405807495, 0.29298439621925354, -0.02000666968524456)","(0.140150785446167, 0.3895624279975891, 0.030200190842151642)","(0.1610429883003235, 0.37523728609085083, 0.06210732087492943)","(0.16779039800167084, 0.3449157774448395, 0.06655940413475037)","(0.17106781899929047, 0.322698175907135, -0.034096088260412216)","(0.16712988913059235, 0.4058173894882202, 0.016137517988681793)","(0.18528635799884796, 0.3878163695335388, 0.04039100185036659)","(0.1922001838684082, 0.35907548666000366, 0.039160411804914474)","(0.201829731464386, 0.34749191999435425, -0.044232793152332306)","(0.19533778727054596, 0.4121714234352112, -0.0008088827016763389)","(0.20719656348228455, 0.39134472608566284, 0.02299891971051693)","(0.21308375895023346, 0.3635833263397217, 0.030174637213349342)",Grasp
1359,"(0.2492833137512207, 0.18773964047431946, -2.0980207409593277e-05)","(0.19568468630313873, 0.18885110318660736, 0.06110134720802307)","(0.15853869915008545, 0.22763006389141083, 0.07563676685094833)","(0.1458229422569275, 0.28244495391845703, 0.08520244807004929)","(0.15244030952453613, 0.3231152594089508, 0.0975431352853775)","(0.12370052933692932, 0.2535356283187866, 0.0003524772182572633)","(0.11967632174491882, 0.351911336183548, 0.03843562304973602)","(0.14032167196273804, 0.3481760323047638, 0.0699322298169136)","(0.14854814112186432, 0.3208916485309601, 0.08520275354385376)","(0.14277756214141846, 0.28846296668052673, -0.02442677691578865)","(0.13998635113239288, 0.38708212971687317, 0.023898238316178322)","(0.16105173528194427, 0.3736392855644226, 0.05538905784487724)","(0.1675828993320465, 0.34426969289779663, 0.05898218974471092)","(0.1704399287700653, 0.319034606218338, -0.03823837265372276)","(0.16761495172977448, 0.4040617346763611, 0.01046352181583643)","(0.1857856661081314, 0.38528552651405334, 0.034228090196847916)","(0.19228196144104004, 0.35647544264793396, 0.031876176595687866)","(0.20161548256874084, 0.3448297679424286, -0.04811401665210724)","(0.19621296226978302, 0.4102727174758911, -0.0064680250361561775)","(0.2083939164876938, 0.3878058195114136, 0.016862649470567703)","(0.213995099067688, 0.359677791595459, 0.022914692759513855)",Grasp
1360,"(0.24809691309928894, 0.1831360161304474, -3.256300988141447e-05)","(0.1957063525915146, 0.1816527545452118, 0.056042056530714035)","(0.15819595754146576, 0.22244982421398163, 0.06853102147579193)","(0.14528430998325348, 0.27904245257377625, 0.07678791135549545)","(0.1520935297012329, 0.3198084235191345, 0.08749833703041077)","(0.12286323308944702, 0.24623101949691772, -0.006085761822760105)","(0.11757954210042953, 0.34400519728660583, 0.02823154255747795)","(0.13746532797813416, 0.34063225984573364, 0.05822081118822098)","(0.14534154534339905, 0.31357303261756897, 0.07331456989049911)","(0.1425786316394806, 0.28205201029777527, -0.02816503681242466)","(0.13774433732032776, 0.3809218406677246, 0.016238845884799957)","(0.15796363353729248, 0.36729973554611206, 0.04767158254981041)","(0.1644631177186966, 0.33717408776283264, 0.0519595630466938)","(0.17046821117401123, 0.3119508922100067, -0.03983818739652634)","(0.16625002026557922, 0.39678534865379333, 0.006241383496671915)","(0.18319199979305267, 0.37753212451934814, 0.03014504536986351)","(0.18962332606315613, 0.34744569659233093, 0.028611650690436363)","(0.20138178765773773, 0.3364528715610504, -0.047982536256313324)","(0.1950310468673706, 0.40168869495391846, -0.008338547311723232)","(0.20563220977783203, 0.37953317165374756, 0.014075635001063347)","(0.21079634130001068, 0.35124021768569946, 0.019547786563634872)",Grasp
1361,"(0.24544858932495117, 0.16786158084869385, -4.7709265345474705e-05)","(0.1946267932653427, 0.1659546047449112, 0.05581778660416603)","(0.15784364938735962, 0.2079591155052185, 0.06683386117219925)","(0.14599250257015228, 0.2669579088687897, 0.07427742332220078)","(0.15364742279052734, 0.30965736508369446, 0.08348601311445236)","(0.12242661416530609, 0.22912222146987915, -0.015736259520053864)","(0.11368648707866669, 0.32900893688201904, 0.01910150982439518)","(0.13417735695838928, 0.32405173778533936, 0.05073849484324455)","(0.14236335456371307, 0.29636749625205994, 0.06711622327566147)","(0.14272084832191467, 0.2652844786643982, -0.0377315953373909)","(0.13560080528259277, 0.3652549982070923, 0.007017212454229593)","(0.15605631470680237, 0.3506430685520172, 0.039673738181591034)","(0.16292144358158112, 0.32079970836639404, 0.04364461079239845)","(0.17075680196285248, 0.29594624042510986, -0.04845133423805237)","(0.16664212942123413, 0.381013423204422, 4.5227403461467475e-05)","(0.1829037219285965, 0.3595574200153351, 0.025847453624010086)","(0.18906721472740173, 0.3293367624282837, 0.02288084104657173)","(0.20157665014266968, 0.321591854095459, -0.05560634285211563)","(0.19567915797233582, 0.3876917362213135, -0.013478746637701988)","(0.2064252644777298, 0.3636445701122284, 0.010496135801076889)","(0.21232368052005768, 0.33502325415611267, 0.014423498883843422)",Grasp
1362,"(0.24390533566474915, 0.14592048525810242, -5.730727571062744e-05)","(0.19353972375392914, 0.1448209136724472, 0.05527208372950554)","(0.1577104777097702, 0.18899278342723846, 0.06526471674442291)","(0.1466110348701477, 0.2495434284210205, 0.07216973602771759)","(0.15283997356891632, 0.29380157589912415, 0.08117976784706116)","(0.12209554016590118, 0.2101820707321167, -0.019683346152305603)","(0.11146007478237152, 0.3112911581993103, 0.01565803959965706)","(0.13254442811012268, 0.30578479170799255, 0.049269162118434906)","(0.1415138840675354, 0.27844110131263733, 0.06727249920368195)","(0.14260700345039368, 0.24669292569160461, -0.04196014255285263)","(0.1334451138973236, 0.3489673137664795, 0.002165130339562893)","(0.1537901908159256, 0.33431732654571533, 0.03736467659473419)","(0.16115090250968933, 0.30491340160369873, 0.043480291962623596)","(0.17134499549865723, 0.27784299850463867, -0.053145021200180054)","(0.1654115617275238, 0.3643762469291687, -0.004121344070881605)","(0.18178963661193848, 0.34285232424736023, 0.022577613592147827)","(0.188499316573143, 0.31268003582954407, 0.019381865859031677)","(0.20276190340518951, 0.3032929003238678, -0.06031002476811409)","(0.19553138315677643, 0.36857253313064575, -0.017275409772992134)","(0.2066018432378769, 0.3425561785697937, 0.0074586714617908)","(0.21332889795303345, 0.3132346272468567, 0.010723699815571308)",Move
1363,"(0.24517518281936646, 0.12419582903385162, -6.870229117339477e-05)","(0.19620022177696228, 0.11999516189098358, 0.05637776851654053)","(0.15948180854320526, 0.16264104843139648, 0.06752817332744598)","(0.14729000627994537, 0.222740039229393, 0.07436348497867584)","(0.15223121643066406, 0.2672762870788574, 0.08408033847808838)","(0.12521475553512573, 0.17960305511951447, -0.018364733085036278)","(0.1080336794257164, 0.281718909740448, 0.01723615825176239)","(0.12876470386981964, 0.2792223393917084, 0.05226120725274086)","(0.13890254497528076, 0.25279688835144043, 0.07191944122314453)","(0.14477625489234924, 0.21472685039043427, -0.04134197160601616)","(0.12802736461162567, 0.31988829374313354, -0.0013024106156080961)","(0.14794814586639404, 0.30966195464134216, 0.03477925807237625)","(0.1571480631828308, 0.2791893780231476, 0.043490007519721985)","(0.17252342402935028, 0.24593651294708252, -0.05416084825992584)","(0.15939760208129883, 0.33837324380874634, -0.008845368400216103)","(0.17659002542495728, 0.3198401629924774, 0.019482990726828575)","(0.18524789810180664, 0.2878305912017822, 0.01857328787446022)","(0.20348943769931793, 0.2732617259025574, -0.06213001534342766)","(0.192734494805336, 0.3452790379524231, -0.021609488874673843)","(0.20470400154590607, 0.32141023874282837, 0.0031779371201992035)","(0.2126321792602539, 0.2909366190433502, 0.00705876387655735)",Move
1364,"(0.2497321367263794, 0.09573864936828613, -5.394425170379691e-05)","(0.20151974260807037, 0.08863595128059387, 0.054080259054899216)","(0.16344797611236572, 0.1324421465396881, 0.06438584625720978)","(0.14951901137828827, 0.19437211751937866, 0.07089104503393173)","(0.15171411633491516, 0.24151885509490967, 0.08025017380714417)","(0.1285729557275772, 0.148887038230896, -0.02085600048303604)","(0.10804002732038498, 0.25310108065605164, 0.013265619054436684)","(0.12836191058158875, 0.2593326270580292, 0.04975219443440437)","(0.14066067337989807, 0.23776865005493164, 0.07099298387765884)","(0.1491742730140686, 0.18654409050941467, -0.043132711201906204)","(0.1278609037399292, 0.29630574584007263, -0.005284483078867197)","(0.14838111400604248, 0.293869286775589, 0.033390142023563385)","(0.15978726744651794, 0.26691311597824097, 0.04571119695901871)","(0.17740395665168762, 0.2201320081949234, -0.05548975244164467)","(0.1623435914516449, 0.3165486752986908, -0.010158338584005833)","(0.1795843243598938, 0.2986828088760376, 0.022494450211524963)","(0.18919512629508972, 0.26488736271858215, 0.025145014747977257)","(0.20846234261989594, 0.24830445647239685, -0.06307315826416016)","(0.1971607804298401, 0.32001668214797974, -0.022572042420506477)","(0.2092740386724472, 0.29661881923675537, 0.003505864879116416)","(0.21804149448871613, 0.26573479175567627, 0.008728273212909698)",Move
1365,"(0.2585614323616028, 0.07229526340961456, -5.196433630771935e-05)","(0.20917189121246338, 0.062352254986763, 0.04858442395925522)","(0.17081230878829956, 0.10356443375349045, 0.0543680414557457)","(0.15540596842765808, 0.16283206641674042, 0.057471439242362976)","(0.15668632090091705, 0.21222609281539917, 0.062230270355939865)","(0.1413540095090866, 0.12106816470623016, -0.032471176236867905)","(0.11169262230396271, 0.22301815450191498, -0.0003870676155202091)","(0.13012085855007172, 0.23860575258731842, 0.040399037301540375)","(0.14474068582057953, 0.2221575230360031, 0.06680972874164581)","(0.1645960509777069, 0.16250455379486084, -0.052108921110630035)","(0.13315853476524353, 0.2685987949371338, -0.02013169787824154)","(0.1525203138589859, 0.26933375000953674, 0.021345313638448715)","(0.16598185896873474, 0.24321071803569794, 0.03746751323342323)","(0.19434502720832825, 0.19758589565753937, -0.06134680286049843)","(0.17131257057189941, 0.2918481230735779, -0.01936454325914383)","(0.18640612065792084, 0.27390924096107483, 0.014945718459784985)","(0.19710442423820496, 0.23920421302318573, 0.018060671165585518)","(0.22490470111370087, 0.2256774604320526, -0.0658009722828865)","(0.2068958431482315, 0.29259568452835083, -0.028241144493222237)","(0.21663084626197815, 0.2694443464279175, -0.004526169039309025)","(0.2254389375448227, 0.23945605754852295, -0.0027118732687085867)",Move
1366,"(0.2692434787750244, 0.05130234360694885, -5.331623469828628e-05)","(0.21890544891357422, 0.04270148277282715, 0.041420139372348785)","(0.1799599826335907, 0.08527592569589615, 0.04546037316322327)","(0.16514183580875397, 0.14561520516872406, 0.050094254314899445)","(0.16627544164657593, 0.19545695185661316, 0.055965907871723175)","(0.1563236564397812, 0.10838314890861511, -0.04766954481601715)","(0.12218326330184937, 0.20902569591999054, -0.01672901026904583)","(0.14000418782234192, 0.22485962510108948, 0.02572692185640335)","(0.15649789571762085, 0.20731627941131592, 0.05266491696238518)","(0.18280211091041565, 0.14935174584388733, -0.06324006617069244)","(0.14853480458259583, 0.25235629081726074, -0.03243260830640793)","(0.16642403602600098, 0.2485531121492386, 0.01313441526144743)","(0.18089616298675537, 0.21990860998630524, 0.030195774510502815)","(0.21449510753154755, 0.18241529166698456, -0.06838048994541168)","(0.18939051032066345, 0.2704771161079407, -0.027498319745063782)","(0.20209722220897675, 0.24908548593521118, 0.008638438768684864)","(0.2129327654838562, 0.21411919593811035, 0.01225662138313055)","(0.24614840745925903, 0.20892716944217682, -0.06943058967590332)","(0.2248586118221283, 0.2687207758426666, -0.035129107534885406)","(0.2320767343044281, 0.24540114402770996, -0.013735448941588402)","(0.24156546592712402, 0.2181881219148636, -0.014033128507435322)",Move
1367,"(0.28463032841682434, 0.042357295751571655, -7.014119910309091e-05)","(0.23351937532424927, 0.03619395196437836, 0.04100533202290535)","(0.19394773244857788, 0.07656978815793991, 0.041209876537323)","(0.17973414063453674, 0.138059601187706, 0.04245447739958763)","(0.181056946516037, 0.1897505521774292, 0.04384502395987511)","(0.17420481145381927, 0.10088174045085907, -0.057455457746982574)","(0.14047668874263763, 0.20627668499946594, -0.025783218443393707)","(0.157026469707489, 0.21703830361366272, 0.02382299304008484)","(0.17336009442806244, 0.195522278547287, 0.05691919103264809)","(0.20363403856754303, 0.1396949589252472, -0.0739937275648117)","(0.1685747504234314, 0.24341662228107452, -0.04241619259119034)","(0.18578803539276123, 0.23174817860126495, 0.011863728985190392)","(0.1990290731191635, 0.19831983745098114, 0.0349457673728466)","(0.23744112253189087, 0.17138579487800598, -0.08098379522562027)","(0.20809116959571838, 0.25715935230255127, -0.04099433124065399)","(0.22285711765289307, 0.23317116498947144, 0.00235770083963871)","(0.23533666133880615, 0.1994006186723709, 0.009528744965791702)","(0.27044403553009033, 0.19682379066944122, -0.08364726603031158)","(0.24439361691474915, 0.25398582220077515, -0.05053011700510979)","(0.2531350255012512, 0.22816982865333557, -0.024399148300290108)","(0.26432302594184875, 0.20205369591712952, -0.021702691912651062)",Move
1368,"(0.3043631911277771, 0.04185767471790314, -7.759554137010127e-05)","(0.25040411949157715, 0.03660711646080017, 0.03215113654732704)","(0.21010252833366394, 0.07460280507802963, 0.030330127105116844)","(0.1936834752559662, 0.1298234462738037, 0.032979566603899)","(0.19330504536628723, 0.17963464558124542, 0.037292685359716415)","(0.20253075659275055, 0.10697365552186966, -0.07645801454782486)","(0.16831576824188232, 0.20763373374938965, -0.0459444560110569)","(0.18217769265174866, 0.19591690599918365, 0.008392766118049622)","(0.19799727201461792, 0.1644689440727234, 0.04383450746536255)","(0.23571260273456573, 0.14477114379405975, -0.08630608022212982)","(0.19907063245773315, 0.245454341173172, -0.05500639230012894)","(0.21097958087921143, 0.2217719554901123, 0.004153555259108543)","(0.2226414531469345, 0.18825535476207733, 0.031145518645644188)","(0.27035820484161377, 0.1739128679037094, -0.08729986846446991)","(0.23498491942882538, 0.2509633004665375, -0.04503217712044716)","(0.24457208812236786, 0.21990613639354706, 0.0014759047189727426)","(0.2566823959350586, 0.18937180936336517, 0.010733182542026043)","(0.3017730712890625, 0.19678787887096405, -0.08465465158224106)","(0.2696901261806488, 0.24809889495372772, -0.05061030760407448)","(0.27267318964004517, 0.21922218799591064, -0.023776516318321228)","(0.28203827142715454, 0.19575531780719757, -0.01880994252860546)",Move
1369,"(0.33140864968299866, 0.05233883112668991, -7.002717757131904e-05)","(0.2717266380786896, 0.04615333676338196, 0.021512668579816818)","(0.2300504446029663, 0.08037291467189789, 0.015818197280168533)","(0.21117031574249268, 0.13285422325134277, 0.016359100118279457)","(0.20863774418830872, 0.17947596311569214, 0.023334482684731483)","(0.23407304286956787, 0.11122029274702072, -0.08745342493057251)","(0.1997728943824768, 0.20625504851341248, -0.06091064214706421)","(0.20918138325214386, 0.1909637153148651, -0.007816909812390804)","(0.22265096008777618, 0.16100801527500153, 0.027318207547068596)","(0.26885759830474854, 0.14594586193561554, -0.09313706308603287)","(0.231333389878273, 0.24482157826423645, -0.06634651869535446)","(0.23754765093326569, 0.22225338220596313, -0.011452722363173962)","(0.24706771969795227, 0.19203248620033264, 0.01468619890511036)","(0.3025404214859009, 0.17295973002910614, -0.08970228582620621)","(0.26715558767318726, 0.2469434291124344, -0.05234755948185921)","(0.27255159616470337, 0.21427038311958313, -0.0050471206195652485)","(0.28326645493507385, 0.1840185821056366, 0.005142608657479286)","(0.3305208086967468, 0.19358199834823608, -0.08456559479236603)","(0.3007601797580719, 0.2408137023448944, -0.052384957671165466)","(0.3003802001476288, 0.21277454495429993, -0.02435457333922386)","(0.30795788764953613, 0.1903964728116989, -0.016220228746533394)",Move
1370,"(0.3535313606262207, 0.06126352399587631, -7.169228774728253e-05)","(0.2963520288467407, 0.05798722058534622, 0.006322852335870266)","(0.2568761110305786, 0.09559343755245209, -0.0038904622197151184)","(0.2433110773563385, 0.15361414849758148, -0.0041525051929056644)","(0.24624642729759216, 0.20276829600334167, 0.0069176205433905125)","(0.2682444751262665, 0.11974012851715088, -0.09589133411645889)","(0.23190753161907196, 0.2130497395992279, -0.07469229400157928)","(0.24128340184688568, 0.1899576485157013, -0.023776600137352943)","(0.255461722612381, 0.16070708632469177, 0.009503796696662903)","(0.30331867933273315, 0.15272746980190277, -0.09638021141290665)","(0.2632635533809662, 0.254330575466156, -0.07963059097528458)","(0.26709094643592834, 0.22926852107048035, -0.028595754876732826)","(0.27719148993492126, 0.1999172866344452, -0.002429431304335594)","(0.3353384733200073, 0.1785449981689453, -0.08997369557619095)","(0.29644325375556946, 0.2559301257133484, -0.05983908101916313)","(0.29904860258102417, 0.22273021936416626, -0.012295850552618504)","(0.31036773324012756, 0.19330209493637085, 0.00038865854730829597)","(0.35971179604530334, 0.19692358374595642, -0.08406133949756622)","(0.3279739022254944, 0.24235984683036804, -0.055188652127981186)","(0.3263836205005646, 0.21810728311538696, -0.027888145297765732)","(0.3351392149925232, 0.20023280382156372, -0.02000073529779911)",Move
1371,"(0.3678324818611145, 0.06162711977958679, -7.6192372944206e-05)","(0.3162703216075897, 0.06384135782718658, -0.008740796707570553)","(0.2796386778354645, 0.10239475220441818, -0.024027395993471146)","(0.2696399688720703, 0.1600281149148941, -0.026417704299092293)","(0.27688515186309814, 0.20402979850769043, -0.013337476179003716)","(0.3024490475654602, 0.12302910536527634, -0.10437864065170288)","(0.2661530375480652, 0.21539022028446198, -0.09299849718809128)","(0.27351969480514526, 0.19213692843914032, -0.04726593941450119)","(0.28716757893562317, 0.16423790156841278, -0.015997933223843575)","(0.33646681904792786, 0.1529124230146408, -0.09965317696332932)","(0.2983901798725128, 0.25825464725494385, -0.09503202140331268)","(0.29930955171585083, 0.23083704710006714, -0.04965505376458168)","(0.3091990351676941, 0.19754856824874878, -0.025950249284505844)","(0.36541441082954407, 0.17408055067062378, -0.0899488627910614)","(0.328482449054718, 0.25899624824523926, -0.06879042088985443)","(0.3287019729614258, 0.22627763450145721, -0.023473726585507393)","(0.3378940522670746, 0.19487598538398743, -0.008409876376390457)","(0.3871085047721863, 0.18481259047985077, -0.08263447135686874)","(0.3573227822780609, 0.2381310760974884, -0.06214745342731476)","(0.35540691018104553, 0.22011207044124603, -0.04090012237429619)","(0.36369675397872925, 0.20406684279441833, -0.035979244858026505)",Move
1372,"(0.3907788395881653, 0.07127085328102112, -2.626491004775744e-05)","(0.3406093418598175, 0.07315152138471603, -0.016187401488423347)","(0.30656516551971436, 0.10498743504285812, -0.03930918499827385)","(0.2921551764011383, 0.14997681975364685, -0.04855954274535179)","(0.29618945717811584, 0.18872356414794922, -0.04421842843294144)","(0.3324083685874939, 0.12035735696554184, -0.1116790771484375)","(0.29745596647262573, 0.20710843801498413, -0.10632301867008209)","(0.29822245240211487, 0.1927575170993805, -0.07049102336168289)","(0.3087747395038605, 0.1677667498588562, -0.043518129736185074)","(0.3632844090461731, 0.14882820844650269, -0.10580360889434814)","(0.3262993097305298, 0.24717220664024353, -0.1124039888381958)","(0.3215193450450897, 0.22539439797401428, -0.0803181380033493)","(0.32865986227989197, 0.19459107518196106, -0.06338528543710709)","(0.3881140351295471, 0.170030415058136, -0.09326698631048203)","(0.35304397344589233, 0.24831420183181763, -0.08600718528032303)","(0.349055677652359, 0.21970143914222717, -0.046271778643131256)","(0.35665982961654663, 0.19012358784675598, -0.028915924951434135)","(0.40495723485946655, 0.1826600432395935, -0.08322258293628693)","(0.3758608400821686, 0.2366965115070343, -0.07101361453533173)","(0.3728387653827667, 0.21660321950912476, -0.04702046513557434)","(0.3809867799282074, 0.1962517648935318, -0.03645792603492737)",Move
1373,"(0.3995348811149597, 0.06721149384975433, -2.1750927771790884e-05)","(0.35254940390586853, 0.08082207292318344, -0.021064650267362595)","(0.3269210159778595, 0.118781179189682, -0.04525487497448921)","(0.32159292697906494, 0.1718132048845291, -0.05548461899161339)","(0.33038780093193054, 0.2114679366350174, -0.054384902119636536)","(0.353540301322937, 0.1160261332988739, -0.11108355969190598)","(0.32687124609947205, 0.20736870169639587, -0.1133909747004509)","(0.3238603472709656, 0.1947188377380371, -0.07965265959501266)","(0.3312090039253235, 0.16890756785869598, -0.05202791094779968)","(0.38370516896247864, 0.13585393130779266, -0.10414475947618484)","(0.35415878891944885, 0.23699551820755005, -0.11567537486553192)","(0.3462071716785431, 0.219233900308609, -0.08303114771842957)","(0.35179221630096436, 0.18653824925422668, -0.06505294889211655)","(0.40707865357398987, 0.15466153621673584, -0.09145651012659073)","(0.3769119679927826, 0.23996783792972565, -0.09071093052625656)","(0.3695204257965088, 0.21476051211357117, -0.05225034058094025)","(0.375243604183197, 0.18137401342391968, -0.034743379801511765)","(0.4222508668899536, 0.168791726231575, -0.08131399005651474)","(0.39770591259002686, 0.22661344707012177, -0.07149656116962433)","(0.3923785090446472, 0.21107961237430573, -0.04722278192639351)","(0.3996106684207916, 0.18859601020812988, -0.035309210419654846)",Move
1374,"(0.41362398862838745, 0.07297085970640182, 2.8753418519045226e-05)","(0.3685954213142395, 0.07818816602230072, -0.025062333792448044)","(0.34244775772094727, 0.10460412502288818, -0.05635695531964302)","(0.3348378539085388, 0.14081591367721558, -0.07377993315458298)","(0.3433229625225067, 0.1669050008058548, -0.08423952758312225)","(0.3707324266433716, 0.10654878616333008, -0.11172386258840561)","(0.3481720983982086, 0.18657606840133667, -0.1255568265914917)","(0.338998943567276, 0.19077160954475403, -0.10843926668167114)","(0.3401881456375122, 0.17370861768722534, -0.09090978652238846)","(0.39971810579299927, 0.127279132604599, -0.10503922402858734)","(0.3745867908000946, 0.2198827564716339, -0.12304777652025223)","(0.3621824085712433, 0.21375566720962524, -0.1015784814953804)","(0.3643724024295807, 0.18539667129516602, -0.08736208081245422)","(0.4229065477848053, 0.143713116645813, -0.09239978343248367)","(0.39767831563949585, 0.2230224460363388, -0.09776389598846436)","(0.3844231069087982, 0.2038440704345703, -0.06364238262176514)","(0.38586798310279846, 0.173474982380867, -0.04534611478447914)","(0.4377841651439667, 0.1554042249917984, -0.08352503180503845)","(0.41573473811149597, 0.21068605780601501, -0.07965108007192612)","(0.40745872259140015, 0.19478535652160645, -0.0584537610411644)","(0.41187214851379395, 0.16947750747203827, -0.045151934027671814)",Move
1375,"(0.4160603880882263, 0.06838425993919373, 1.915394386742264e-05)","(0.37396764755249023, 0.084556445479393, -0.0272006057202816)","(0.3573138415813446, 0.11881325393915176, -0.059977561235427856)","(0.363766610622406, 0.15859630703926086, -0.07993178069591522)","(0.38058972358703613, 0.1815778762102127, -0.08964715152978897)","(0.377472460269928, 0.09538856893777847, -0.11461929976940155)","(0.3629629611968994, 0.17706000804901123, -0.12994353473186493)","(0.366252601146698, 0.1681658923625946, -0.10603795945644379)","(0.37320277094841003, 0.14243893325328827, -0.08304598927497864)","(0.40827831625938416, 0.10445208847522736, -0.11104844510555267)","(0.38920310139656067, 0.19932705163955688, -0.13345284759998322)","(0.3857192099094391, 0.19139254093170166, -0.10991104692220688)","(0.3885791599750519, 0.16046953201293945, -0.09698007255792618)","(0.43260103464126587, 0.11744295060634613, -0.10139219462871552)","(0.41288483142852783, 0.20017269253730774, -0.10875958204269409)","(0.40403759479522705, 0.1832345575094223, -0.070497527718544)","(0.4031408429145813, 0.15107260644435883, -0.05292627960443497)","(0.4480999708175659, 0.12971653044223785, -0.09593933820724487)","(0.42944228649139404, 0.1883660852909088, -0.09400167316198349)","(0.42378556728363037, 0.17609381675720215, -0.07098384946584702)","(0.42674219608306885, 0.14969055354595184, -0.05924428254365921)",Move
1376,"(0.4099814295768738, 0.09180770814418793, 6.339553237921791e-07)","(0.3771739602088928, 0.10109801590442657, -0.030708421021699905)","(0.3672463893890381, 0.12310699373483658, -0.06611687690019608)","(0.3777308166027069, 0.1500074714422226, -0.089739590883255)","(0.39860183000564575, 0.16456957161426544, -0.10848432779312134)","(0.3852119743824005, 0.08902710676193237, -0.11624789237976074)","(0.3866041302680969, 0.14049232006072998, -0.1449255347251892)","(0.38752779364585876, 0.1497693955898285, -0.14313079416751862)","(0.38751858472824097, 0.14332179725170135, -0.1391737312078476)","(0.41088277101516724, 0.10022981464862823, -0.10916359722614288)","(0.41125112771987915, 0.16527996957302094, -0.1348842978477478)","(0.40544000267982483, 0.1736508458852768, -0.12276327610015869)","(0.40252140164375305, 0.15778735280036926, -0.12001043558120728)","(0.43201640248298645, 0.11293323338031769, -0.09769202768802643)","(0.4292369782924652, 0.17742693424224854, -0.11051440238952637)","(0.4182985723018646, 0.1756371259689331, -0.08711232244968414)","(0.41101348400115967, 0.15492667257785797, -0.07584341615438461)","(0.44479089975357056, 0.12370415776968002, -0.08940848708152771)","(0.44237929582595825, 0.16764266788959503, -0.09219805896282196)","(0.43441906571388245, 0.16632488369941711, -0.08019842952489853)","(0.4290083348751068, 0.14684617519378662, -0.07494290918111801)",Move
1377,"(0.4143393933773041, 0.09258964657783508, 1.5003454791440163e-05)","(0.38538816571235657, 0.09887963533401489, -0.03348204120993614)","(0.37425801157951355, 0.11077339202165604, -0.06990323215723038)","(0.37882643938064575, 0.12249161303043365, -0.09311166405677795)","(0.3923927843570709, 0.12417080253362656, -0.11809373646974564)","(0.38794058561325073, 0.11900721490383148, -0.12834610044956207)","(0.3910194933414459, 0.11910092830657959, -0.1578044891357422)","(0.39664989709854126, 0.11738347262144089, -0.1680774986743927)","(0.3998695909976959, 0.12157288193702698, -0.17917779088020325)","(0.4099804759025574, 0.13335929811000824, -0.1215759739279747)","(0.41530758142471313, 0.1336863785982132, -0.15156947076320648)","(0.4153907895088196, 0.12848663330078125, -0.15997974574565887)","(0.4136946201324463, 0.1224394142627716, -0.1745118349790573)","(0.428290992975235, 0.1406835913658142, -0.110183484852314)","(0.43455421924591064, 0.1427251249551773, -0.12840670347213745)","(0.4310157597064972, 0.13499701023101807, -0.1288018375635147)","(0.4264121949672699, 0.13082219660282135, -0.136443629860878)","(0.44104301929473877, 0.14135560393333435, -0.09991621971130371)","(0.44869863986968994, 0.14090490341186523, -0.1105879545211792)","(0.447388619184494, 0.13424092531204224, -0.11017443239688873)","(0.4421841502189636, 0.127497136592865, -0.11662324517965317)",Move
1378,"(0.4190285801887512, 0.08974026888608932, 2.4049206331255846e-05)","(0.39081403613090515, 0.09428749978542328, -0.038129933178424835)","(0.3793778419494629, 0.10847711563110352, -0.07519672065973282)","(0.3849848210811615, 0.1226971447467804, -0.10066993534564972)","(0.4029359817504883, 0.12526370584964752, -0.13005273044109344)","(0.39718326926231384, 0.09163834154605865, -0.12316181510686874)","(0.40014681220054626, 0.0925651267170906, -0.1616784632205963)","(0.4058551490306854, 0.08752848207950592, -0.1845289170742035)","(0.4103195071220398, 0.0868767648935318, -0.20178920030593872)","(0.41962048411369324, 0.10117767751216888, -0.11508744955062866)","(0.4264926016330719, 0.11188404262065887, -0.15498965978622437)","(0.42890703678131104, 0.10923515260219574, -0.17587903141975403)","(0.4311589002609253, 0.09984087944030762, -0.19364671409130096)","(0.43861910700798035, 0.10919538140296936, -0.10343540459871292)","(0.44347643852233887, 0.1269916594028473, -0.12946483492851257)","(0.4400620460510254, 0.12192746251821518, -0.13306279480457306)","(0.4388572573661804, 0.11332520842552185, -0.13630999624729156)","(0.45137906074523926, 0.11257506906986237, -0.09244593977928162)","(0.45413920283317566, 0.12615720927715302, -0.10861696302890778)","(0.45011019706726074, 0.12088841199874878, -0.10600810497999191)","(0.445781409740448, 0.10605879127979279, -0.1052495688199997)",Move
1379,"(0.4288674592971802, 0.05569155514240265, -1.4668586118204985e-05)","(0.40071016550064087, 0.06521797180175781, -0.03756482154130936)","(0.3867838978767395, 0.08809110522270203, -0.07375632971525192)","(0.38668566942214966, 0.10988005250692368, -0.09645546972751617)","(0.39671629667282104, 0.12074504047632217, -0.11857379227876663)","(0.4025106728076935, 0.07729530334472656, -0.12810161709785461)","(0.396475225687027, 0.11642125993967056, -0.15290752053260803)","(0.3952658176422119, 0.12310779839754105, -0.15429162979125977)","(0.39610350131988525, 0.12733502686023712, -0.15652835369110107)","(0.4234588146209717, 0.09091991931200027, -0.11771632730960846)","(0.41602638363838196, 0.13392779231071472, -0.14987148344516754)","(0.4114382266998291, 0.14053939282894135, -0.1533261239528656)","(0.409574419260025, 0.13725072145462036, -0.15839825570583344)","(0.4410102367401123, 0.10472613573074341, -0.1032266840338707)","(0.437554270029068, 0.1461654007434845, -0.1260993927717209)","(0.4318823218345642, 0.14152973890304565, -0.11928174644708633)","(0.42874133586883545, 0.13299992680549622, -0.11734737455844879)","(0.451731413602829, 0.114817313849926, -0.09045086801052094)","(0.4509986340999603, 0.1453382521867752, -0.10358844697475433)","(0.4478502571582794, 0.14182525873184204, -0.09944731742143631)","(0.4456639289855957, 0.13045883178710938, -0.09821993112564087)",Move
1380,"(0.4338296949863434, 0.08049836754798889, -1.080518268281594e-05)","(0.40629372000694275, 0.07560228556394577, -0.03772532939910889)","(0.3958699107170105, 0.08623796701431274, -0.07006324082612991)","(0.39917173981666565, 0.10740755498409271, -0.09092231839895248)","(0.4093828499317169, 0.13011513650417328, -0.1085994616150856)","(0.4122762382030487, 0.046654440462589264, -0.10768988728523254)","(0.40627628564834595, 0.06999296694993973, -0.1400878131389618)","(0.4044910669326782, 0.07803027331829071, -0.1504288762807846)","(0.40291887521743774, 0.08397547900676727, -0.1559997946023941)","(0.43140295147895813, 0.058594346046447754, -0.09867320954799652)","(0.42424190044403076, 0.10286823660135269, -0.13841646909713745)","(0.4165913462638855, 0.12974601984024048, -0.15205290913581848)","(0.41288647055625916, 0.13804495334625244, -0.16109570860862732)","(0.4461197555065155, 0.08079774677753448, -0.08581992238759995)","(0.4354466497898102, 0.13186100125312805, -0.11221735924482346)","(0.42486003041267395, 0.14306345582008362, -0.10661868005990982)","(0.42075204849243164, 0.13700906932353973, -0.10184354335069656)","(0.4540178179740906, 0.10414671152830124, -0.07579673826694489)","(0.44225427508354187, 0.1426384001970291, -0.09036621451377869)","(0.43306106328964233, 0.14864769577980042, -0.08589740097522736)","(0.42924851179122925, 0.13926920294761658, -0.08201242238283157)",Move
1381,"(0, 0, 0)","(0, 0, 0)","(0, 0, 0)","(0, 0, 0)","(0, 0, 0)","(0, 0, 0)","(0, 0, 0)","(0, 0, 0)","(0, 0, 0)","(0, 0, 0)","(0, 0, 0)","(0, 0, 0)","(0, 0, 0)","(0, 0, 0)","(0, 0, 0)","(0, 0, 0)","(0, 0, 0)","(0, 0, 0)","(0, 0, 0)","(0, 0, 0)","(0, 0, 0)",Negative
1382,"(0.47261884808540344, 0.007507205009460449, -1.0330890290788375e-05)","(0.43301528692245483, 0.003356717526912689, 0.001971714897081256)","(0.40216800570487976, 0.02939688414335251, -0.01817554049193859)","(0.39054715633392334, 0.0747186690568924, -0.03166753053665161)","(0.3968237340450287, 0.10642413049936295, -0.03931472450494766)","(0.41060203313827515, 0.029496993869543076, -0.09080297499895096)","(0.38166573643684387, 0.11956268548965454, -0.08401434868574142)","(0.3906724750995636, 0.10423564910888672, -0.04385704547166824)","(0.4001012146472931, 0.07844209671020508, -0.014069090597331524)","(0.43758708238601685, 0.051060792058706284, -0.09680972993373871)","(0.405641108751297, 0.15026386082172394, -0.09710361063480377)","(0.4116138815879822, 0.1298287808895111, -0.05417241156101227)","(0.4177761971950531, 0.1032542958855629, -0.02980371192097664)","(0.46326425671577454, 0.0717417299747467, -0.09740101546049118)","(0.43286269903182983, 0.15755406022071838, -0.08373738080263138)","(0.4374021291732788, 0.13369813561439514, -0.043580107390880585)","(0.4445662200450897, 0.10828682780265808, -0.028777671977877617)","(0.4858161509037018, 0.08880895376205444, -0.09919136762619019)","(0.46084731817245483, 0.15115433931350708, -0.08418899029493332)","(0.46238574385643005, 0.13447892665863037, -0.06640508770942688)","(0.4702337682247162, 0.11805270612239838, -0.061928071081638336)",Move
1383,"(0.474189817905426, 0.01611233502626419, -3.490149538265541e-05)","(0.4389682412147522, 0.005191609263420105, 0.01483928132802248)","(0.4083481431007385, 0.0314069539308548, -0.0016075161984190345)","(0.39590218663215637, 0.07713083922863007, -0.012951577082276344)","(0.40127503871917725, 0.1118697077035904, -0.022275671362876892)","(0.4103115200996399, 0.024576477706432343, -0.08634451776742935)","(0.37987133860588074, 0.1133882999420166, -0.07663948833942413)","(0.39230266213417053, 0.10283370316028595, -0.037482187151908875)","(0.40215516090393066, 0.08074284344911575, -0.008498105220496655)","(0.4345115125179291, 0.04490071162581444, -0.09820365160703659)","(0.4041880667209625, 0.14117580652236938, -0.09282822906970978)","(0.41412755846977234, 0.12401221692562103, -0.04845431447029114)","(0.4213195741176605, 0.10168612748384476, -0.02630392462015152)","(0.4592719078063965, 0.0660814568400383, -0.10356497019529343)","(0.4306826889514923, 0.15214020013809204, -0.08823924511671066)","(0.43830057978630066, 0.12966689467430115, -0.05067283660173416)","(0.44620683789253235, 0.10627592355012894, -0.03923577815294266)","(0.4826151132583618, 0.08672448247671127, -0.1071823388338089)","(0.4586610794067383, 0.15038001537322998, -0.09368021041154861)","(0.46366381645202637, 0.13187310099601746, -0.07532138377428055)","(0.47214823961257935, 0.11422930657863617, -0.07136270403862)",Move
1384,"(0.47356653213500977, 0.0075437575578689575, 5.445602710096864e-06)","(0.43560388684272766, 0.00196191668510437, 0.004335230216383934)","(0.4021051228046417, 0.028393715620040894, -0.017367495223879814)","(0.3836798071861267, 0.07104368507862091, -0.03331531211733818)","(0.38487371802330017, 0.10445689409971237, -0.04819091036915779)","(0.41007524728775024, 0.02183935046195984, -0.09841671586036682)","(0.3769334554672241, 0.1069818064570427, -0.09352768957614899)","(0.38848012685775757, 0.09565840661525726, -0.05299270898103714)","(0.39757370948791504, 0.07270687073469162, -0.02201802283525467)","(0.43552103638648987, 0.04210245981812477, -0.10661523789167404)","(0.40274274349212646, 0.13424232602119446, -0.10387862473726273)","(0.4117286801338196, 0.11627928912639618, -0.05802774056792259)","(0.41836172342300415, 0.09520982950925827, -0.03502547740936279)","(0.4602586328983307, 0.06284797191619873, -0.10984116047620773)","(0.4301684498786926, 0.14437684416770935, -0.097493477165699)","(0.43647393584251404, 0.12036888301372528, -0.060076598078012466)","(0.4430639445781708, 0.09724888950586319, -0.04979892075061798)","(0.4818387031555176, 0.08373746275901794, -0.1122286468744278)","(0.45784467458724976, 0.1424572467803955, -0.10187649726867676)","(0.46149322390556335, 0.12339495122432709, -0.08703406900167465)","(0.46839481592178345, 0.10769166797399521, -0.08716341108083725)",Move
1385,"(0.47600147128105164, 0.010654926300048828, -3.1013554689707235e-05)","(0.4406023323535919, 0.004548013210296631, 0.0073516047559678555)","(0.4076191484928131, 0.026917025446891785, -0.01389280240982771)","(0.39126309752464294, 0.06534888595342636, -0.030060725286602974)","(0.39746254682540894, 0.09657396376132965, -0.04273787513375282)","(0.41145822405815125, 0.018103748559951782, -0.09230802208185196)","(0.3759707510471344, 0.09821461141109467, -0.08551938086748123)","(0.3892975449562073, 0.085011787712574, -0.04578947275876999)","(0.39898622035980225, 0.0625372976064682, -0.016786647960543633)","(0.43565791845321655, 0.03842179849743843, -0.10240618139505386)","(0.4019012451171875, 0.1282965987920761, -0.10243801772594452)","(0.41233527660369873, 0.11059361696243286, -0.059979602694511414)","(0.4196127951145172, 0.08927065879106522, -0.03978224843740463)","(0.4592820703983307, 0.06002611294388771, -0.10718784481287003)","(0.4295504689216614, 0.1395197957754135, -0.09662073105573654)","(0.4365594685077667, 0.11741958558559418, -0.060785431414842606)","(0.4435429871082306, 0.09527812898159027, -0.05111389607191086)","(0.4808381199836731, 0.0817653238773346, -0.11035991460084915)","(0.45703938603401184, 0.1370866745710373, -0.10133089870214462)","(0.4615366458892822, 0.11863979697227478, -0.0868498906493187)","(0.4684635102748871, 0.10351119935512543, -0.08594421297311783)",Move
1386,"(0.47571825981140137, 0.004726774990558624, 7.215854566311464e-06)","(0.43772828578948975, 0.00398341566324234, 0.007563116028904915)","(0.40538889169692993, 0.02756466716527939, -0.015469289384782314)","(0.38924410939216614, 0.06352539360523224, -0.03446274250745773)","(0.3972800374031067, 0.09173139184713364, -0.051147449761629105)","(0.410231351852417, 0.015128567814826965, -0.0892382487654686)","(0.37717485427856445, 0.09503133594989777, -0.08570554107427597)","(0.39024877548217773, 0.08330060541629791, -0.04878069460391998)","(0.39896151423454285, 0.059741467237472534, -0.020648224279284477)","(0.4343701899051666, 0.03333795815706253, -0.1003115177154541)","(0.40218818187713623, 0.12348591536283493, -0.09995248913764954)","(0.41232115030288696, 0.10612984001636505, -0.05768346041440964)","(0.41852813959121704, 0.08479715883731842, -0.03841831535100937)","(0.45797836780548096, 0.05403358116745949, -0.10685151070356369)","(0.4292055666446686, 0.13307467103004456, -0.09488853067159653)","(0.4370623826980591, 0.11097864806652069, -0.058835290372371674)","(0.4436988830566406, 0.08942781388759613, -0.04947828873991966)","(0.479604035615921, 0.0753159150481224, -0.1122094914317131)","(0.4567859172821045, 0.13343606889247894, -0.10199074447154999)","(0.46187180280685425, 0.1140485405921936, -0.08684777468442917)","(0.4685547649860382, 0.09787385165691376, -0.08699413388967514)",Move
1387,"(0.47454404830932617, 0.00604759156703949, 3.34258220391348e-06)","(0.4370745122432709, 0.0032591670751571655, 0.00737325195223093)","(0.40607985854148865, 0.023929938673973083, -0.015911748632788658)","(0.39108768105506897, 0.05674131214618683, -0.035105302929878235)","(0.40014415979385376, 0.08177842199802399, -0.050877537578344345)","(0.4106817841529846, 0.011173292994499207, -0.08973679691553116)","(0.37677091360092163, 0.08975429087877274, -0.08631400763988495)","(0.389945924282074, 0.07508724182844162, -0.04788235202431679)","(0.398685097694397, 0.0513743981719017, -0.019161159172654152)","(0.434923380613327, 0.029136650264263153, -0.1012454628944397)","(0.40222275257110596, 0.11847656965255737, -0.10334395617246628)","(0.41236168146133423, 0.09915491193532944, -0.061197374016046524)","(0.41889846324920654, 0.07828381657600403, -0.04086921364068985)","(0.45818188786506653, 0.04959389939904213, -0.10804139822721481)","(0.42850732803344727, 0.12899699807167053, -0.09832178801298141)","(0.43610647320747375, 0.10557141900062561, -0.06176989898085594)","(0.4430030286312103, 0.08419004082679749, -0.051731761544942856)","(0.4794251322746277, 0.07056232541799545, -0.11362601816654205)","(0.4562639594078064, 0.12905967235565186, -0.1052960529923439)","(0.46142634749412537, 0.1095644161105156, -0.09093552827835083)","(0.46839481592178345, 0.09372789412736893, -0.09096521139144897)",Move
1388,"(0.4743640720844269, 0.001134619116783142, 1.7953025235328823e-05)","(0.43758851289749146, -0.0012519359588623047, 0.0019397259457036853)","(0.406881719827652, 0.019108746200799942, -0.024260148406028748)","(0.39249187707901, 0.05035076290369034, -0.045499902218580246)","(0.401507705450058, 0.07318323850631714, -0.06279221922159195)","(0.4142945408821106, 0.006283074617385864, -0.09168104082345963)","(0.3785528242588043, 0.08423244953155518, -0.09143552929162979)","(0.3911442160606384, 0.069429412484169, -0.054192088544368744)","(0.4001588821411133, 0.045298703014850616, -0.02535480260848999)","(0.43799182772636414, 0.02443772181868553, -0.10149505734443665)","(0.4031718969345093, 0.11374636739492416, -0.10681838542222977)","(0.41273170709609985, 0.09431253373622894, -0.06573131680488586)","(0.41939738392829895, 0.07286876440048218, -0.04490600526332855)","(0.4600670337677002, 0.04548908397555351, -0.10747881978750229)","(0.42808622121810913, 0.12307743728160858, -0.09881535172462463)","(0.43484747409820557, 0.09961851686239243, -0.06173853576183319)","(0.4416174292564392, 0.07821190357208252, -0.05081794783473015)","(0.4792247712612152, 0.0667610615491867, -0.11329574137926102)","(0.45501479506492615, 0.1221889853477478, -0.10461945831775665)","(0.4601096510887146, 0.10361853986978531, -0.08983801305294037)","(0.4675467908382416, 0.08865506947040558, -0.08961667865514755)",Move
1389,"(0.469818115234375, -0.0022961050271987915, 1.6012532796594314e-05)","(0.434812992811203, -0.003386072814464569, 0.003646927885711193)","(0.4078657925128937, 0.01647123694419861, -0.022391146048903465)","(0.3956250250339508, 0.04324912279844284, -0.04450173303484917)","(0.4048251807689667, 0.06285091489553452, -0.06339115649461746)","(0.4150124192237854, 0.005748942494392395, -0.09118133783340454)","(0.3807184398174286, 0.07948775589466095, -0.09258243441581726)","(0.3935926854610443, 0.06548211723566055, -0.057692721486091614)","(0.40285053849220276, 0.04244062304496765, -0.030698664486408234)","(0.4379638731479645, 0.022498928010463715, -0.10227923840284348)","(0.40477806329727173, 0.10977467894554138, -0.10842178761959076)","(0.4138529896736145, 0.09097717702388763, -0.06781581789255142)","(0.4211105704307556, 0.06859245151281357, -0.04562362655997276)","(0.4593713581562042, 0.04246487095952034, -0.10976169258356094)","(0.4290409982204437, 0.11849601566791534, -0.10222747921943665)","(0.4355648159980774, 0.09565792977809906, -0.06504169851541519)","(0.44275206327438354, 0.07398170977830887, -0.05265338718891144)","(0.47830668091773987, 0.06213576719164848, -0.11685647070407867)","(0.45635876059532166, 0.11746996641159058, -0.11001990735530853)","(0.4612116813659668, 0.09948742389678955, -0.09544601291418076)","(0.46850234270095825, 0.08326147496700287, -0.09336620569229126)",Move
1390,"(0.47262418270111084, 0.011135909706354141, 2.372750714130234e-06)","(0.4402475953102112, 0.009768683463335037, 0.006868095137178898)","(0.41278886795043945, 0.022840507328510284, -0.015812629833817482)","(0.39614948630332947, 0.04168309271335602, -0.036189496517181396)","(0.3997952938079834, 0.05859740450978279, -0.053212981671094894)","(0.41770556569099426, 0.008564986288547516, -0.07621695846319199)","(0.38455989956855774, 0.07460598647594452, -0.08204401284456253)","(0.39626723527908325, 0.06655757129192352, -0.05497549846768379)","(0.4045139253139496, 0.04790056496858597, -0.03287181630730629)","(0.4383123517036438, 0.021396435797214508, -0.08927664160728455)","(0.407304048538208, 0.10149913281202316, -0.0977662056684494)","(0.4167909324169159, 0.08854910731315613, -0.06350702792406082)","(0.4240279793739319, 0.06864804774522781, -0.04322197660803795)","(0.458456814289093, 0.039907172322273254, -0.09918525815010071)","(0.43055394291877747, 0.11102492362260818, -0.09339794516563416)","(0.43816500902175903, 0.09237027913331985, -0.058917637914419174)","(0.4454743266105652, 0.07153849303722382, -0.04571229964494705)","(0.47732576727867126, 0.06002563238143921, -0.10930129140615463)","(0.4572851359844208, 0.11127743124961853, -0.10290634632110596)","(0.4631054699420929, 0.09602735936641693, -0.08773645013570786)","(0.4704650938510895, 0.07940756529569626, -0.08316436409950256)",Move
1391,"(0.474414199590683, -0.0020582377910614014, 7.571061814815039e-06)","(0.4403345584869385, -0.009129278361797333, -0.0023900277446955442)","(0.40852946043014526, 0.00504152849316597, -0.026582863181829453)","(0.389445424079895, 0.03199150040745735, -0.04549813270568848)","(0.3895990550518036, 0.05152067914605141, -0.06306084990501404)","(0.41563162207603455, -0.00232774019241333, -0.09266647696495056)","(0.384625107049942, 0.07048004120588303, -0.09748072922229767)","(0.39632245898246765, 0.06139460578560829, -0.0665239468216896)","(0.40553295612335205, 0.04185684770345688, -0.041642624884843826)","(0.43814218044281006, 0.013820517808198929, -0.0994638204574585)","(0.40786638855934143, 0.09995590150356293, -0.1020251139998436)","(0.41743871569633484, 0.08234582096338272, -0.05965477228164673)","(0.42416930198669434, 0.06197768822312355, -0.03804120421409607)","(0.459538996219635, 0.033598143607378006, -0.10392369329929352)","(0.4317041039466858, 0.11045190691947937, -0.09492786228656769)","(0.439383864402771, 0.08846408128738403, -0.05861695483326912)","(0.4455442428588867, 0.06814436614513397, -0.04726047441363335)","(0.47667303681373596, 0.05408095195889473, -0.10950630158185959)","(0.45739996433258057, 0.10960866510868073, -0.10227081924676895)","(0.46286383271217346, 0.09176579117774963, -0.08631531894207001)","(0.46800240874290466, 0.075436070561409, -0.08477020263671875)",Move
1392,"(0.47808393836021423, -0.006208330392837524, 2.3961049009812996e-05)","(0.4440560042858124, -0.010176211595535278, 0.00260891648940742)","(0.41358456015586853, 0.006018497049808502, -0.01957789622247219)","(0.3932726979255676, 0.03240671753883362, -0.03737640008330345)","(0.39180517196655273, 0.053869716823101044, -0.05301707983016968)","(0.41949889063835144, -0.0036219805479049683, -0.08437561243772507)","(0.3858623802661896, 0.06600339710712433, -0.08636760711669922)","(0.39579612016677856, 0.06322206556797028, -0.05652632936835289)","(0.40518268942832947, 0.04625140130519867, -0.0328528955578804)","(0.4404779076576233, 0.011762194335460663, -0.09337805211544037)","(0.40852412581443787, 0.0938163548707962, -0.09448748826980591)","(0.4185151755809784, 0.08285494148731232, -0.05538725107908249)","(0.4249676465988159, 0.06412730365991592, -0.03496137261390686)","(0.46105092763900757, 0.030968375504016876, -0.09908217191696167)","(0.43199917674064636, 0.10623620450496674, -0.08950784802436829)","(0.44069522619247437, 0.08867710828781128, -0.054458945989608765)","(0.44719377160072327, 0.06787076592445374, -0.04282694682478905)","(0.478554904460907, 0.05168558657169342, -0.10518845915794373)","(0.4574398100376129, 0.10844255983829498, -0.09667021781206131)","(0.4632386565208435, 0.09371943771839142, -0.08073997497558594)","(0.468868613243103, 0.07749298959970474, -0.0781489908695221)",Move
1393,"(0.481175035238266, -0.0040850043296813965, 4.815166903426871e-06)","(0.4465717077255249, -0.007867656648159027, 0.009128248319029808)","(0.4183483421802521, 0.008679978549480438, -0.010469261556863785)","(0.40130624175071716, 0.033578161150217056, -0.028197184205055237)","(0.3995179831981659, 0.05415613204240799, -0.04485885798931122)","(0.4166291356086731, -0.0019474700093269348, -0.08538255840539932)","(0.3830299973487854, 0.05521128326654434, -0.08878397196531296)","(0.39363548159599304, 0.052659906446933746, -0.06020096689462662)","(0.403802752494812, 0.03732587397098541, -0.03672349080443382)","(0.4375815689563751, 0.015437714755535126, -0.09762939810752869)","(0.4052509069442749, 0.08518752455711365, -0.10112380981445312)","(0.41551849246025085, 0.07576929777860641, -0.06514839828014374)","(0.4220404624938965, 0.058281511068344116, -0.04522019624710083)","(0.4587191045284271, 0.03600122034549713, -0.1046479344367981)","(0.4295218884944916, 0.10042627155780792, -0.10093485563993454)","(0.4377747178077698, 0.08471889048814774, -0.06798313558101654)","(0.44470515847206116, 0.06530030071735382, -0.05388787016272545)","(0.47761133313179016, 0.05776318162679672, -0.11079344153404236)","(0.456421434879303, 0.10574685037136078, -0.10705722868442535)","(0.4615439772605896, 0.0907905101776123, -0.09194733947515488)","(0.46682822704315186, 0.07602576911449432, -0.08623238652944565)",Move
1394,"(0.4825785458087921, -0.01817486807703972, 1.0209490937995724e-05)","(0.4472886025905609, -0.01957761123776436, 0.010110958479344845)","(0.418702095746994, 6.400421261787415e-05, -0.008945344015955925)","(0.401520311832428, 0.028468703851103783, -0.025807306170463562)","(0.39965540170669556, 0.05207198113203049, -0.041431572288274765)","(0.4158673584461212, -0.008060995489358902, -0.08329073339700699)","(0.3821679651737213, 0.05203249678015709, -0.08539300411939621)","(0.3930882513523102, 0.05208717659115791, -0.05703505873680115)","(0.4033719301223755, 0.03701844811439514, -0.033846478909254074)","(0.4370732605457306, 0.0106898732483387, -0.09514705836772919)","(0.4033087491989136, 0.08368043601512909, -0.0982946902513504)","(0.4139675199985504, 0.0762883797287941, -0.06288312375545502)","(0.4212981164455414, 0.05909621715545654, -0.04350179433822632)","(0.45851123332977295, 0.0314299650490284, -0.10180310904979706)","(0.42935752868652344, 0.10029669851064682, -0.09572090208530426)","(0.43768155574798584, 0.08311306685209274, -0.06272213906049728)","(0.4445146322250366, 0.062113553285598755, -0.04945273697376251)","(0.4777766168117523, 0.053430426865816116, -0.10728613287210464)","(0.4566517472267151, 0.10535160452127457, -0.10142741352319717)","(0.4615636169910431, 0.08916310966014862, -0.08593188971281052)","(0.4669717848300934, 0.07313591986894608, -0.08061254769563675)",Move
1395,"(0.48218896985054016, -0.029067136347293854, -1.535888804937713e-05)","(0.4493899345397949, -0.03265828639268875, 0.018806129693984985)","(0.4217871129512787, -0.009797461330890656, 0.006500789895653725)","(0.4072915017604828, 0.023327607661485672, -0.0044612218625843525)","(0.406990647315979, 0.04977104440331459, -0.015059597790241241)","(0.41631338000297546, -0.012898556888103485, -0.06948433816432953)","(0.3815419673919678, 0.05215441435575485, -0.06270670145750046)","(0.39368686079978943, 0.04979679360985756, -0.031969524919986725)","(0.4043049216270447, 0.0333297960460186, -0.009217769838869572)","(0.43590936064720154, 0.008983131498098373, -0.08272192627191544)","(0.40092402696609497, 0.08412642031908035, -0.07820139080286026)","(0.41208919882774353, 0.07484912872314453, -0.041452646255493164)","(0.419869065284729, 0.05610194057226181, -0.020952532067894936)","(0.4568072557449341, 0.030236657708883286, -0.08956693112850189)","(0.4260149896144867, 0.10045860707759857, -0.07778729498386383)","(0.4349370300769806, 0.0836365669965744, -0.04629938676953316)","(0.4426075518131256, 0.06279607862234116, -0.03495555743575096)","(0.4770940840244293, 0.050260502845048904, -0.09381827712059021)","(0.4547944962978363, 0.10180342197418213, -0.0831499919295311)","(0.46064701676368713, 0.08548035472631454, -0.06641919165849686)","(0.4677214026451111, 0.06913568824529648, -0.06010083854198456)",Move
1396,"(0.48495617508888245, -0.013666804879903793, -4.142532998230308e-05)","(0.4486914575099945, -0.01981484517455101, 0.01963680051267147)","(0.41836294531822205, -0.004597142338752747, 0.008090167306363583)","(0.39810818433761597, 0.018741779029369354, -0.002596443286165595)","(0.3930260241031647, 0.043835192918777466, -0.011684270575642586)","(0.41795411705970764, -0.00633581355214119, -0.0610952228307724)","(0.38335120677948, 0.057843949645757675, -0.049945808947086334)","(0.3946128487586975, 0.050567589700222015, -0.018767371773719788)","(0.404045969247818, 0.03369548171758652, 0.003687191056087613)","(0.4364229738712311, 0.01300201565027237, -0.0738983154296875)","(0.402328222990036, 0.08539190888404846, -0.06426320225000381)","(0.4125645160675049, 0.07479771971702576, -0.030249040573835373)","(0.4208489954471588, 0.05652153864502907, -0.011792533099651337)","(0.45596247911453247, 0.03373148292303085, -0.08097643405199051)","(0.4254223704338074, 0.09974883496761322, -0.06483747065067291)","(0.43361854553222656, 0.08350566774606705, -0.03680458292365074)","(0.4414600133895874, 0.06405815482139587, -0.028113003820180893)","(0.47525060176849365, 0.05355023965239525, -0.08541213721036911)","(0.45224884152412415, 0.10218701511621475, -0.06893514096736908)","(0.4582839012145996, 0.08565663546323776, -0.052463874220848083)","(0.4662306308746338, 0.06804608553647995, -0.046405985951423645)",Move
1397,"(0.4827329218387604, -0.030169423669576645, -2.5032659323187545e-05)","(0.447318434715271, -0.03139162436127663, 0.0155118927359581)","(0.41666731238365173, -0.008525371551513672, 0.0015641996869817376)","(0.39799371361732483, 0.02315366640686989, -0.01075348537415266)","(0.3952232301235199, 0.05216320976614952, -0.02224193513393402)","(0.41509467363357544, -0.01347038522362709, -0.07129403948783875)","(0.3798902928829193, 0.053236015141010284, -0.06499740481376648)","(0.39070814847946167, 0.052201732993125916, -0.033664751797914505)","(0.40084946155548096, 0.03627609461545944, -0.010842334479093552)","(0.4350815713405609, 0.0065401457250118256, -0.0834743082523346)","(0.40055567026138306, 0.08294127136468887, -0.07806877046823502)","(0.4109407663345337, 0.07478640973567963, -0.040741752833127975)","(0.41893014311790466, 0.05610023811459541, -0.020851707085967064)","(0.45584434270858765, 0.02759876474738121, -0.09021791815757751)","(0.4240458905696869, 0.09861715137958527, -0.07734084129333496)","(0.4323722720146179, 0.08435212075710297, -0.04467437043786049)","(0.44060906767845154, 0.06367331743240356, -0.03260563313961029)","(0.4757423400878906, 0.048081304877996445, -0.09516101330518723)","(0.4521731734275818, 0.10178500413894653, -0.08257579803466797)","(0.4573223292827606, 0.08800122141838074, -0.06525243073701859)","(0.46462124586105347, 0.07210205495357513, -0.058893050998449326)",Position
1398,"(0.48277100920677185, -0.02976810559630394, -3.150327393086627e-05)","(0.44540172815322876, -0.028368178755044937, 0.020486554130911827)","(0.41577836871147156, -0.007439132779836655, 0.01002363208681345)","(0.39594006538391113, 0.017442353069782257, 0.0009603510261513293)","(0.3906773626804352, 0.042299605906009674, -0.0072675785049796104)","(0.4178890585899353, -0.007466591894626617, -0.05972718447446823)","(0.38315537571907043, 0.06022200733423233, -0.04660233110189438)","(0.3930901288986206, 0.05188392475247383, -0.014644541777670383)","(0.4021417796611786, 0.034230440855026245, 0.007218601647764444)","(0.43704432249069214, 0.010661091655492783, -0.07169743627309799)","(0.402187705039978, 0.08533908426761627, -0.05995888635516167)","(0.4103595018386841, 0.07363659888505936, -0.02526177652180195)","(0.41800016164779663, 0.05493517592549324, -0.006332303397357464)","(0.4566102623939514, 0.030067866668105125, -0.07746672630310059)","(0.42411312460899353, 0.09703614562749863, -0.05872645974159241)","(0.4310266971588135, 0.08100856840610504, -0.028184259310364723)","(0.4390554428100586, 0.06137220188975334, -0.017572810873389244)","(0.47522395849227905, 0.04762282967567444, -0.08073442429304123)","(0.450171560049057, 0.09739814698696136, -0.06199878454208374)","(0.45487624406814575, 0.08182263374328613, -0.04322429746389389)","(0.4628327488899231, 0.06429383158683777, -0.034923579543828964)",Position
1399,"(0.47983184456825256, -0.02573881298303604, -4.0967184759210795e-05)","(0.44410964846611023, -0.02471918612718582, 0.019996320828795433)","(0.41727909445762634, -0.002689048647880554, 0.011051284149289131)","(0.40144622325897217, 0.021747371181845665, 0.0030272183939814568)","(0.39816442131996155, 0.044980067759752274, -0.0038282296154648066)","(0.4183768928050995, -0.002797018736600876, -0.054878659546375275)","(0.3842651844024658, 0.06423968076705933, -0.04438400641083717)","(0.3925868272781372, 0.05496738851070404, -0.015521966852247715)","(0.401859849691391, 0.03680119663476944, 0.004161867778748274)","(0.4370512366294861, 0.011232424527406693, -0.06605151295661926)","(0.4020727872848511, 0.08563660830259323, -0.05687568709254265)","(0.4093690514564514, 0.07595503330230713, -0.025077443569898605)","(0.4173663258552551, 0.05777888372540474, -0.006468931678682566)","(0.4562305808067322, 0.027776997536420822, -0.07188637554645538)","(0.42384418845176697, 0.09371493756771088, -0.056154605001211166)","(0.4299336075782776, 0.07927174121141434, -0.02742581069469452)","(0.4379698932170868, 0.060101885348558426, -0.016462016850709915)","(0.4749240577220917, 0.043420400470495224, -0.07536787539720535)","(0.45015472173690796, 0.0937056839466095, -0.059023939073085785)","(0.4538080394268036, 0.07921755313873291, -0.04143202677369118)","(0.4618534445762634, 0.06175832450389862, -0.032670605927705765)",Position
1400,"(0.4808143377304077, -0.016503743827342987, -2.8258999009267427e-05)","(0.4457550048828125, -0.015557289123535156, 0.018572144210338593)","(0.4169219732284546, 0.0039844997227191925, 0.006693418603390455)","(0.39638257026672363, 0.028069304302334785, -0.004022322595119476)","(0.38999515771865845, 0.049162182956933975, -0.013702158816158772)","(0.41882020235061646, -0.004315841943025589, -0.05908424034714699)","(0.38519787788391113, 0.0668678730726242, -0.050099458545446396)","(0.3944165110588074, 0.060168180614709854, -0.021582888439297676)","(0.4027043282985687, 0.04185787960886955, -0.0014894199557602406)","(0.4374878406524658, 0.0074612535536289215, -0.07164786756038666)","(0.40511855483055115, 0.08654692769050598, -0.06288578361272812)","(0.41378509998321533, 0.07674452662467957, -0.028658989816904068)","(0.4207216799259186, 0.057464420795440674, -0.008765739388763905)","(0.4563872516155243, 0.02426820620894432, -0.07893704622983932)","(0.4271153509616852, 0.09513857960700989, -0.06345390528440475)","(0.43487071990966797, 0.08112148940563202, -0.03223494440317154)","(0.4424295425415039, 0.06110242381691933, -0.020603254437446594)","(0.4749027192592621, 0.04264482483267784, -0.08415032923221588)","(0.4523185193538666, 0.09577178955078125, -0.06852996349334717)","(0.45774534344673157, 0.08190359175205231, -0.05031900852918625)","(0.4653436243534088, 0.0648692399263382, -0.042153023183345795)",Position
1401,"(0.4786371886730194, -0.03136352449655533, 1.0907382602454163e-05)","(0.44210511445999146, -0.027520962059497833, 0.012846799567341805)","(0.41154783964157104, -0.004401504993438721, -0.004692439455538988)","(0.3916492760181427, 0.02256711944937706, -0.02018958330154419)","(0.3881605565547943, 0.043577298521995544, -0.03506399691104889)","(0.4141145646572113, -0.01075887680053711, -0.07491432130336761)","(0.38264209032058716, 0.06148916110396385, -0.07334049791097641)","(0.39268141984939575, 0.05463771894574165, -0.043908145278692245)","(0.4009171724319458, 0.03445493057370186, -0.021153900772333145)","(0.4352305233478546, 0.0033409036695957184, -0.08719967305660248)","(0.4034058749675751, 0.08566398918628693, -0.08470901846885681)","(0.4129449427127838, 0.07205669581890106, -0.04627539590001106)","(0.41987577080726624, 0.050816718488931656, -0.024522917345166206)","(0.4563259482383728, 0.020602773874998093, -0.09456571936607361)","(0.42753666639328003, 0.09718659520149231, -0.08309189975261688)","(0.4355866014957428, 0.07945745438337326, -0.048695385456085205)","(0.44252488017082214, 0.057350195944309235, -0.03503049537539482)","(0.47527384757995605, 0.04000839591026306, -0.10114441066980362)","(0.4548571705818176, 0.09804432094097137, -0.08907028287649155)","(0.46042293310165405, 0.08290126919746399, -0.06983485817909241)","(0.4667249321937561, 0.06557793915271759, -0.06179968640208244)",Position
1402,"(0.480843722820282, -0.027656953781843185, -2.6946860089083202e-05)","(0.4480372369289398, -0.020720187574625015, 0.02157006412744522)","(0.42279675602912903, 0.0015137195587158203, 0.011499515734612942)","(0.40720537304878235, 0.023697897791862488, 0.0003528667730279267)","(0.4044206142425537, 0.042691268026828766, -0.009943208657205105)","(0.41834571957588196, -0.005269162356853485, -0.052726924419403076)","(0.3846437335014343, 0.061760399490594864, -0.04711884260177612)","(0.39397042989730835, 0.05743999406695366, -0.02183716930449009)","(0.4020422101020813, 0.03919361159205437, -0.003534905845299363)","(0.4359110891819, 0.007119175046682358, -0.06814788281917572)","(0.40261974930763245, 0.08256393671035767, -0.06470900774002075)","(0.41195517778396606, 0.07619574666023254, -0.03437066823244095)","(0.41882768273353577, 0.05708535388112068, -0.014555737376213074)","(0.45443156361579895, 0.023459192365407944, -0.0780632272362709)","(0.4254165291786194, 0.09246097505092621, -0.06670022755861282)","(0.43353694677352905, 0.08076155185699463, -0.037574004381895065)","(0.4403255581855774, 0.06028789281845093, -0.02477114461362362)","(0.47324007749557495, 0.041664768010377884, -0.08586340397596359)","(0.452426016330719, 0.09484373033046722, -0.07340974360704422)","(0.45818984508514404, 0.08166292309761047, -0.05514642596244812)","(0.46487629413604736, 0.063738152384758, -0.044782597571611404)",Position
1403,"(0.47981899976730347, -0.03649570047855377, -2.898033199016936e-05)","(0.44730114936828613, -0.027899309992790222, 0.02366245537996292)","(0.42325958609580994, -0.0010849535465240479, 0.015011278912425041)","(0.40958091616630554, 0.027574585750699043, 0.005148314870893955)","(0.4073125720024109, 0.0515921451151371, -0.004109404981136322)","(0.4185975193977356, -0.00768013671040535, -0.05220835655927658)","(0.38504746556282043, 0.0609634593129158, -0.046390973031520844)","(0.3937190771102905, 0.05916638672351837, -0.019947243854403496)","(0.4023147225379944, 0.041886791586875916, -0.0004781552997883409)","(0.4358554780483246, 0.004225105047225952, -0.0678711086511612)","(0.4027514159679413, 0.08157636225223541, -0.06336085498332977)","(0.4120677709579468, 0.07552144676446915, -0.031895481050014496)","(0.41873788833618164, 0.056007955223321915, -0.011981499381363392)","(0.4542739987373352, 0.019596155732870102, -0.07792066037654877)","(0.42486146092414856, 0.0907197967171669, -0.06653051823377609)","(0.43344250321388245, 0.07984041422605515, -0.036851897835731506)","(0.4403877854347229, 0.05959223210811615, -0.023978216573596)","(0.47289490699768066, 0.036704763770103455, -0.08563963323831558)","(0.452003538608551, 0.09242917597293854, -0.0724097192287445)","(0.45782530307769775, 0.08050302416086197, -0.05351662635803223)","(0.46456021070480347, 0.06346358358860016, -0.04310213401913643)",Position
1404,"(0.4815676808357239, -0.03516693040728569, -3.689982258947566e-05)","(0.4497799873352051, -0.026770155876874924, 0.020495189353823662)","(0.42608192563056946, -0.0009535327553749084, 0.012577555142343044)","(0.41357719898223877, 0.026163889095187187, 0.004088752903044224)","(0.41303491592407227, 0.049256134778261185, -0.002863087225705385)","(0.42247915267944336, -0.0017653033137321472, -0.04502463340759277)","(0.3909682631492615, 0.06674966216087341, -0.03765293210744858)","(0.3984234035015106, 0.0639759972691536, -0.01468941755592823)","(0.405789315700531, 0.04848157614469528, 0.0017651368398219347)","(0.43961820006370544, 0.00976068526506424, -0.05773810297250748)","(0.406170129776001, 0.08402347564697266, -0.05037928372621536)","(0.4134981334209442, 0.07736475020647049, -0.022930748760700226)","(0.4191208481788635, 0.06017459183931351, -0.007775477599352598)","(0.4572368860244751, 0.02464435063302517, -0.06593569368124008)","(0.42700108885765076, 0.08872948586940765, -0.04957003891468048)","(0.4343692660331726, 0.07582958042621613, -0.023426219820976257)","(0.4406232237815857, 0.05752599984407425, -0.015034451149404049)","(0.4748589098453522, 0.040709905326366425, -0.07209157198667526)","(0.45115992426872253, 0.09004238247871399, -0.0548759400844574)","(0.4564512372016907, 0.07629029452800751, -0.036953870207071304)","(0.46332815289497375, 0.06049530208110809, -0.029438672587275505)",Position
1405,"(0.48255297541618347, -0.03013721853494644, -6.760127143934369e-05)","(0.4526774287223816, -0.02222854644060135, 0.021783681586384773)","(0.4292793869972229, 0.0036739520728588104, 0.01577048748731613)","(0.41738152503967285, 0.029885604977607727, 0.007887718267738819)","(0.4164747893810272, 0.053072020411491394, 0.0017650758381932974)","(0.42129626870155334, -0.0012008100748062134, -0.038020990788936615)","(0.39175552129745483, 0.0628720372915268, -0.029327262192964554)","(0.4007708728313446, 0.06189735606312752, -0.00840265303850174)","(0.4076882600784302, 0.049083784222602844, 0.00669030100107193)","(0.4376593828201294, 0.009489990770816803, -0.05054020136594772)","(0.4083300232887268, 0.07933610677719116, -0.041513580828905106)","(0.41754838824272156, 0.07336361706256866, -0.01838054321706295)","(0.42221251130104065, 0.05792740732431412, -0.007489007897675037)","(0.4542807638645172, 0.024628404527902603, -0.05891438201069832)","(0.42874178290367126, 0.08551441878080368, -0.04295390471816063)","(0.4385972321033478, 0.07220077514648438, -0.023436428979039192)","(0.44454386830329895, 0.05365698039531708, -0.020157959312200546)","(0.470640629529953, 0.04077434912323952, -0.06436657905578613)","(0.44926902651786804, 0.0868118479847908, -0.046764422208070755)","(0.456933856010437, 0.07151956856250763, -0.033130355179309845)","(0.46377015113830566, 0.05526008829474449, -0.029545938596129417)",Position
1406,"(0.48097196221351624, -0.04265584424138069, -5.2636700274888426e-05)","(0.45266932249069214, -0.032656919211149216, 0.026970813050866127)","(0.43188798427581787, -0.005436375737190247, 0.02321549318730831)","(0.4229799509048462, 0.021647389978170395, 0.01675591431558132)","(0.42179107666015625, 0.04735260084271431, 0.01239958219230175)","(0.4203121066093445, -0.006543446332216263, -0.032746732234954834)","(0.39159339666366577, 0.05544472485780716, -0.02278621681034565)","(0.39733749628067017, 0.06271445751190186, -0.0029921066015958786)","(0.4033622145652771, 0.05238789692521095, 0.010766124352812767)","(0.4348126947879791, 0.005222652107477188, -0.047175440937280655)","(0.40429824590682983, 0.07644271850585938, -0.03853956237435341)","(0.4117656648159027, 0.07560058683156967, -0.014474986121058464)","(0.41577789187431335, 0.059682611376047134, -0.002095351228490472)","(0.4506034255027771, 0.02020384557545185, -0.05645159259438515)","(0.4241003096103668, 0.08497738838195801, -0.04031820595264435)","(0.434486985206604, 0.07448530197143555, -0.01807636395096779)","(0.44048285484313965, 0.05449458956718445, -0.011870029382407665)","(0.4667317867279053, 0.036159008741378784, -0.06268422305583954)","(0.445800244808197, 0.08527626097202301, -0.044732462614774704)","(0.45387351512908936, 0.0728619322180748, -0.027474751695990562)","(0.4611462950706482, 0.05567033961415291, -0.020861104130744934)",Position
1407,"(0.47900110483169556, -0.053659383207559586, -6.767686136299744e-05)","(0.4507655203342438, -0.04112069681286812, 0.02508394606411457)","(0.4315846562385559, -0.011244803667068481, 0.025183971971273422)","(0.42305558919906616, 0.01651816815137863, 0.024741273373365402)","(0.422768235206604, 0.04285435006022453, 0.026307277381420135)","(0.42435717582702637, -0.002835933119058609, -0.028676817193627357)","(0.3986177444458008, 0.05822237581014633, -0.014330461621284485)","(0.4007304608821869, 0.06673810631036758, 0.007119077257812023)","(0.4049673080444336, 0.058671221137046814, 0.020597461611032486)","(0.43745729327201843, 0.011100990697741508, -0.038274068385362625)","(0.4095432758331299, 0.07830896973609924, -0.026282500475645065)","(0.41304415464401245, 0.07771309465169907, -0.004042876418679953)","(0.4174005091190338, 0.0629553571343422, 0.006942806765437126)","(0.45150282979011536, 0.025565415620803833, -0.041876859962940216)","(0.42748889327049255, 0.08388987183570862, -0.021328698843717575)","(0.43464699387550354, 0.07282847166061401, 0.0006165250670164824)","(0.4406929016113281, 0.05470748990774155, 0.006661462131887674)","(0.46561241149902344, 0.03856876492500305, -0.04310089722275734)","(0.44533848762512207, 0.08205848932266235, -0.021376116201281548)","(0.4502132534980774, 0.07100694626569748, -0.0044373637065291405)","(0.45688456296920776, 0.05585411936044693, 0.0015626809326931834)",Position
1408,"(0.46623027324676514, -0.07833612710237503, -7.326782360905781e-05)","(0.48717987537384033, -0.024024084210395813, 0.0125687625259161)","(0.48457762598991394, 0.016980336979031563, 0.017681360244750977)","(0.46827685832977295, 0.041414111852645874, 0.027807224541902542)","(0.45539820194244385, 0.050282105803489685, 0.042394138872623444)","(0.4644204378128052, 0.03662673383951187, -0.02949054166674614)","(0.44577014446258545, 0.08504736423492432, -0.007867834530770779)","(0.44703468680381775, 0.07395646721124649, 0.017545754089951515)","(0.4498084783554077, 0.051772937178611755, 0.030476020649075508)","(0.4424936771392822, 0.02489165961742401, -0.02825055457651615)","(0.42116737365722656, 0.08237689733505249, -0.012733343988656998)","(0.4233587980270386, 0.07879588752985, 0.009065495803952217)","(0.4273724853992462, 0.06232229620218277, 0.01990480348467827)","(0.4256272614002228, 0.00940878875553608, -0.02205519564449787)","(0.4048123359680176, 0.06404460966587067, -0.007029887288808823)","(0.41043248772621155, 0.05970412865281105, 0.01084230002015829)","(0.4148838520050049, 0.04433300346136093, 0.019319774582982063)","(0.41250404715538025, -0.007594887167215347, -0.012786218896508217)","(0.39416104555130005, 0.03552841767668724, -0.003181450767442584)","(0.39810851216316223, 0.03936544433236122, 0.005773547105491161)","(0.40203341841697693, 0.033061034977436066, 0.01210619043558836)",Position
1409,"(0.4481178820133209, -0.08625424653291702, -3.4131626307498664e-05)","(0.4760427176952362, -0.03910614550113678, 0.025771906599402428)","(0.4802025854587555, 0.0012386497110128403, 0.03627654165029526)","(0.4688432514667511, 0.03313560038805008, 0.0488506555557251)","(0.4570711851119995, 0.04247797280550003, 0.0635640099644661)","(0.47267770767211914, 0.03469136357307434, -0.0063152858056128025)","(0.4516277015209198, 0.07808219641447067, 0.02137879468500614)","(0.4497068226337433, 0.059818677604198456, 0.04601658135652542)","(0.4530608057975769, 0.038751520216464996, 0.05510948598384857)","(0.44986602663993835, 0.03578859195113182, -0.012837261892855167)","(0.4311484694480896, 0.08236100524663925, 0.012991566210985184)","(0.4330572783946991, 0.06165465712547302, 0.03346472606062889)","(0.43917784094810486, 0.039898842573165894, 0.03991686552762985)","(0.4278021454811096, 0.02798605151474476, -0.013690382242202759)","(0.410553902387619, 0.07568476349115372, 0.006951096933335066)","(0.41281384229660034, 0.05415941774845123, 0.023209962993860245)","(0.41794925928115845, 0.03285308927297592, 0.027844460681080818)","(0.40792250633239746, 0.015514027327299118, -0.011484126560389996)","(0.39282041788101196, 0.058032236993312836, 0.001678089494816959)","(0.3959770202636719, 0.04624755680561066, 0.013076303526759148)","(0.4018464982509613, 0.030598603188991547, 0.017951902002096176)",Position
1410,"(0.4749985635280609, -0.07581379264593124, -6.830774509580806e-05)","(0.4354970157146454, -0.060431864112615585, -0.01020807959139347)","(0.40335696935653687, -0.03054046258330345, -0.03298010304570198)","(0.38569504022598267, 0.007850353606045246, -0.046771660447120667)","(0.38055285811424255, 0.036422424018383026, -0.05513487383723259)","(0.41830503940582275, 0.002802085131406784, -0.08295942842960358)","(0.3865545392036438, 0.06955628097057343, -0.07507234066724777)","(0.3893011212348938, 0.04324580356478691, -0.04600989818572998)","(0.39974820613861084, 0.021053850650787354, -0.02842320315539837)","(0.44117727875709534, 0.019529374316334724, -0.0791136622428894)","(0.4113718271255493, 0.08322260528802872, -0.07618965208530426)","(0.4112679064273834, 0.057474371045827866, -0.05027342215180397)","(0.4208708703517914, 0.03492311015725136, -0.03896062448620796)","(0.46162208914756775, 0.027999788522720337, -0.06949936598539352)","(0.4335329532623291, 0.0857016071677208, -0.05752468481659889)","(0.4326269030570984, 0.062134578824043274, -0.036087825894355774)","(0.44097843766212463, 0.0398266427218914, -0.027423406019806862)","(0.4782101511955261, 0.03135320544242859, -0.06085055693984032)","(0.4559204578399658, 0.07882880419492722, -0.048160113394260406)","(0.45341822504997253, 0.06255216151475906, -0.035095617175102234)","(0.4582134783267975, 0.04219391569495201, -0.02906336449086666)",Position
1411,"(0.4547628164291382, -0.10518620163202286, -5.7738288887776434e-05)","(0.48370715975761414, -0.04912281781435013, 0.024515267461538315)","(0.4879210293292999, -0.0020572729408740997, 0.036210641264915466)","(0.4750935435295105, 0.03332895785570145, 0.05175035819411278)","(0.45986172556877136, 0.04638738930225372, 0.07210712879896164)","(0.4686194956302643, 0.0375894196331501, -0.005754427518695593)","(0.44946998357772827, 0.08352825045585632, 0.024557366967201233)","(0.4504932761192322, 0.06354978680610657, 0.05073154717683792)","(0.4541305601596832, 0.03831492364406586, 0.06015201285481453)","(0.44185134768486023, 0.030993960797786713, -0.010431245900690556)","(0.42083510756492615, 0.08596496284008026, 0.015785200521349907)","(0.42477282881736755, 0.06734143197536469, 0.038975875824689865)","(0.43083733320236206, 0.044300347566604614, 0.04342483729124069)","(0.41946396231651306, 0.016192063689231873, -0.009463983587920666)","(0.39892810583114624, 0.07013843953609467, 0.013866732828319073)","(0.4040440022945404, 0.051525890827178955, 0.036068908870220184)","(0.40956583619117737, 0.029670752584934235, 0.042781319469213486)","(0.40123677253723145, -0.0028391871601343155, -0.005331495311111212)","(0.38172706961631775, 0.044110771268606186, 0.010183783248066902)","(0.38706856966018677, 0.03624594584107399, 0.026253385469317436)","(0.39335763454437256, 0.020195821300148964, 0.033880800008773804)",Position
1412,"(0.45023712515830994, -0.10520216822624207, -3.70681555068586e-05)","(0.48545971512794495, -0.060699038207530975, 0.023965535685420036)","(0.4899790287017822, -0.009418702684342861, 0.024358509108424187)","(0.4713851511478424, 0.02903762459754944, 0.02965518645942211)","(0.4511848986148834, 0.042312141507864, 0.04212140664458275)","(0.48130980134010315, 0.019230246543884277, -0.03795692324638367)","(0.45199495553970337, 0.08492206037044525, -0.006393748801201582)","(0.4486985504627228, 0.05859727784991264, 0.03215768560767174)","(0.4545559585094452, 0.030502505600452423, 0.051347047090530396)","(0.4532143473625183, 0.01785590499639511, -0.04755870997905731)","(0.4242817759513855, 0.0825100690126419, -0.02152833715081215)","(0.42403680086135864, 0.05471396818757057, 0.013003746047616005)","(0.4320971369743347, 0.026250433176755905, 0.02549682930111885)","(0.4245319366455078, 0.006232777610421181, -0.05085722729563713)","(0.3990178406238556, 0.0726935938000679, -0.027911020442843437)","(0.3999932110309601, 0.040348075330257416, -0.0006401133723556995)","(0.4072009325027466, 0.009507587179541588, 0.008305423893034458)","(0.3962692320346832, -0.009485670365393162, -0.05173632875084877)","(0.3781147003173828, 0.044088516384363174, -0.03464161977171898)","(0.3808199167251587, 0.018548836931586266, -0.017040837556123734)","(0.3872864842414856, -0.007121997885406017, -0.011486158706247807)",Position
1413,"(0.47517263889312744, -0.10790638625621796, -9.186990791931748e-05)","(0.44401293992996216, -0.07437082380056381, 0.00022433784033637494)","(0.4157138466835022, -0.03253328055143356, -0.021688956767320633)","(0.39532458782196045, 0.008348159492015839, -0.03393510356545448)","(0.38773640990257263, 0.03373653441667557, -0.03840144723653793)","(0.418861448764801, -0.01522378996014595, -0.09471962600946426)","(0.37832948565483093, 0.060994334518909454, -0.07533437758684158)","(0.3857637941837311, 0.0329098105430603, -0.03137402608990669)","(0.401142418384552, 0.008549647405743599, -0.006295268889516592)","(0.4372258186340332, -0.0008438071236014366, -0.09522240608930588)","(0.3981904089450836, 0.07841254770755768, -0.08560983836650848)","(0.4038063883781433, 0.05155213177204132, -0.04698563367128372)","(0.4170495271682739, 0.026103772222995758, -0.031782377511262894)","(0.4551064372062683, 0.009432943537831306, -0.08804267644882202)","(0.42055052518844604, 0.08438372611999512, -0.06864131987094879)","(0.42447319626808167, 0.05778311938047409, -0.03789440169930458)","(0.4362456500530243, 0.03122691996395588, -0.027198268100619316)","(0.4708777964115143, 0.0152887012809515, -0.08037606626749039)","(0.44649738073349, 0.07905776798725128, -0.060360632836818695)","(0.4482760727405548, 0.05971672385931015, -0.04389253258705139)","(0.45696085691452026, 0.03680838644504547, -0.03854886814951897)",Position
1414,"(0.4400918185710907, -0.15200446546077728, -4.668506153393537e-05)","(0.47989553213119507, -0.0906234011054039, 0.04468876123428345)","(0.4924277663230896, -0.0353255569934845, 0.07076448947191238)","(0.48331204056739807, 0.009799987077713013, 0.09501910954713821)","(0.46672627329826355, 0.028912730515003204, 0.121830515563488)","(0.4752678871154785, 0.02777240052819252, 0.04084964469075203)","(0.4576016664505005, 0.07415884733200073, 0.07908765226602554)","(0.4516483247280121, 0.0586574487388134, 0.10386818647384644)","(0.45175471901893616, 0.03537856787443161, 0.11310463398694992)","(0.44651511311531067, 0.02605057880282402, 0.0297927837818861)","(0.4277571439743042, 0.08718476444482803, 0.06914697587490082)","(0.4254806935787201, 0.0688544437289238, 0.09212232381105423)","(0.42920058965682983, 0.04171288385987282, 0.0993429496884346)","(0.4199737012386322, 0.014037354849278927, 0.024261783808469772)","(0.40228772163391113, 0.07795732468366623, 0.056675780564546585)","(0.40171197056770325, 0.056752726435661316, 0.07832548022270203)","(0.40498390793800354, 0.029327966272830963, 0.08585166931152344)","(0.3954700827598572, -0.004625585861504078, 0.022990494966506958)","(0.3798481523990631, 0.053010303527116776, 0.04525550454854965)","(0.38357070088386536, 0.046731822192668915, 0.06500983983278275)","(0.38918840885162354, 0.028037510812282562, 0.07605039328336716)",Position
1415,"(0.4686693549156189, -0.14942382276058197, -3.900037700077519e-05)","(0.4934229254722595, -0.07105042785406113, 0.03961038216948509)","(0.487492173910141, -0.010000720620155334, 0.04155554994940758)","(0.46610626578330994, 0.03661242872476578, 0.04669548571109772)","(0.44493699073791504, 0.05840802192687988, 0.057218991219997406)","(0.4722035825252533, 0.011226227506995201, -0.03974932059645653)","(0.43700167536735535, 0.08645234256982803, -0.0018749200971797109)","(0.43635645508766174, 0.059342533349990845, 0.040902670472860336)","(0.4445195496082306, 0.030822889879345894, 0.06289740651845932)","(0.4488597512245178, 0.002884548157453537, -0.051852256059646606)","(0.41421350836753845, 0.08156328648328781, -0.01873195730149746)","(0.4163571298122406, 0.05332721769809723, 0.019391007721424103)","(0.4251159727573395, 0.02488422580063343, 0.03204020485281944)","(0.4264388382434845, -0.010115206241607666, -0.05416235327720642)","(0.39636465907096863, 0.06773336231708527, -0.016910413280129433)","(0.4020938277244568, 0.03829608112573624, 0.018416699022054672)","(0.41239652037620544, 0.008253108710050583, 0.029671262949705124)","(0.405240535736084, -0.02687467820942402, -0.053051773458719254)","(0.38462087512016296, 0.037323154509067535, -0.019269410520792007)","(0.39186009764671326, 0.016687314957380295, 0.0054299659095704556)","(0.4023476839065552, -0.01096593588590622, 0.015233444981276989)",Position
1416,"(0.43959179520606995, -0.16052910685539246, -2.1435367671074346e-05)","(0.4824880361557007, -0.10180996358394623, 0.05890887230634689)","(0.48991405963897705, -0.03853624686598778, 0.08183572441339493)","(0.47340017557144165, 0.008493779227137566, 0.09846144914627075)","(0.45072677731513977, 0.019767669960856438, 0.11551725119352341)","(0.49027174711227417, 0.020826170220971107, 0.048795077949762344)","(0.45916593074798584, 0.07941887527704239, 0.09479518979787827)","(0.45126327872276306, 0.053327776491642, 0.12439696490764618)","(0.4540307819843292, 0.026168974116444588, 0.1356324553489685)","(0.4621286690235138, 0.027040774002671242, 0.027288392186164856)","(0.4345289170742035, 0.08564615994691849, 0.07658956944942474)","(0.42923644185066223, 0.05409634858369827, 0.09907375276088715)","(0.43458595871925354, 0.0244267750531435, 0.10165660828351974)","(0.4328778386116028, 0.020408837124705315, 0.012712685391306877)","(0.4083614945411682, 0.080953449010849, 0.05172149837017059)","(0.40506601333618164, 0.04244028031826019, 0.0721331313252449)","(0.40981706976890564, 0.00894947163760662, 0.07603435218334198)","(0.40297290682792664, 0.007013915106654167, 0.002740280469879508)","(0.3847329318523407, 0.06099533289670944, 0.030886251479387283)","(0.38571780920028687, 0.030024630948901176, 0.0492430254817009)","(0.390830397605896, -0.0025718207471072674, 0.056413695216178894)",Position
1417,"(0.4711693227291107, -0.16641592979431152, -4.354494376457296e-05)","(0.4200074374675751, -0.11109408736228943, 0.01859477162361145)","(0.3932340443134308, -0.05187170207500458, 0.023805661126971245)","(0.3828473687171936, 0.004736660979688168, 0.037290673702955246)","(0.38504448533058167, 0.035232335329055786, 0.05626121908426285)","(0.4234403967857361, 0.012603845447301865, -0.01713007129728794)","(0.39310696721076965, 0.07588741183280945, 0.02708085998892784)","(0.38961830735206604, 0.03864285349845886, 0.058465298265218735)","(0.3973667323589325, 0.006780093535780907, 0.07055338472127914)","(0.4522330164909363, 0.02509158104658127, -0.012998546473681927)","(0.41922345757484436, 0.08493763208389282, 0.027457471936941147)","(0.4143160283565521, 0.05121872201561928, 0.05047503486275673)","(0.422098845243454, 0.019800134003162384, 0.052872128784656525)","(0.4766720235347748, 0.023700136691331863, -0.0018334034830331802)","(0.44764214754104614, 0.0796826034784317, 0.03896329551935196)","(0.44066932797431946, 0.04953659698367119, 0.05321379750967026)","(0.44611838459968567, 0.020077360793948174, 0.05031917616724968)","(0.4961235225200653, 0.01107744500041008, 0.01174994371831417)","(0.4747354984283447, 0.0607089139521122, 0.04516584053635597)","(0.4666799306869507, 0.039680976420640945, 0.055363260209560394)","(0.4694506525993347, 0.014077328145503998, 0.05593028664588928)",Position
1418,"(0.4281023144721985, -0.18124258518218994, -5.042525663156994e-05)","(0.4774627983570099, -0.12201292812824249, 0.06679187715053558)","(0.49028071761131287, -0.053292784839868546, 0.09399164468050003)","(0.477186381816864, 0.0008546132594347, 0.11313138902187347)","(0.45481204986572266, 0.01504676602780819, 0.1325588822364807)","(0.49772024154663086, 0.010324550792574883, 0.06175703555345535)","(0.4626418948173523, 0.07422218471765518, 0.11111096292734146)","(0.45104318857192993, 0.0505647212266922, 0.14219877123832703)","(0.45271262526512146, 0.02371910959482193, 0.1552845686674118)","(0.468679279088974, 0.022408481687307358, 0.03668750077486038)","(0.43803510069847107, 0.08439784497022629, 0.09000843018293381)","(0.42890143394470215, 0.05147092789411545, 0.1161741390824318)","(0.43330466747283936, 0.018725145608186722, 0.12147169560194016)","(0.43669357895851135, 0.02007165551185608, 0.018103184178471565)","(0.4111126661300659, 0.08559335768222809, 0.06014666333794594)","(0.40533265471458435, 0.04292580485343933, 0.0838000476360321)","(0.40947064757347107, 0.004406405612826347, 0.09023108333349228)","(0.40307435393333435, 0.010064680129289627, 0.0048673138953745365)","(0.3842388093471527, 0.06620395928621292, 0.03510056808590889)","(0.38431718945503235, 0.03196079283952713, 0.05630599707365036)","(0.38990846276283264, -0.004762608557939529, 0.06623325496912003)",Position
1419,"(0.45767492055892944, -0.18644589185714722, -1.3444862815958913e-05)","(0.41337093710899353, -0.12007562071084976, 0.024503396824002266)","(0.39225852489471436, -0.05490539222955704, 0.034469909965991974)","(0.3863869607448578, -7.134303450584412e-05, 0.05015597119927406)","(0.3879087567329407, 0.0317867286503315, 0.06840121001005173)","(0.42998701333999634, 0.012493642047047615, 0.004250647034496069)","(0.4003293216228485, 0.07508037239313126, 0.04615231975913048)","(0.39094769954681396, 0.0384686104953289, 0.0685119479894638)","(0.3948376774787903, 0.005020877346396446, 0.07382284104824066)","(0.4572126865386963, 0.022000424563884735, 0.005010317545384169)","(0.42350488901138306, 0.08711960911750793, 0.04432649910449982)","(0.4139103591442108, 0.05360639840364456, 0.06096413731575012)","(0.41996827721595764, 0.02057969942688942, 0.0609385184943676)","(0.4793587625026703, 0.0175936296582222, 0.012300492264330387)","(0.4497276246547699, 0.07999951392412186, 0.05147463455796242)","(0.4398477077484131, 0.050728775560855865, 0.06251442432403564)","(0.44472768902778625, 0.019909415394067764, 0.05976226553320885)","(0.497275173664093, 0.003567863255739212, 0.022090047597885132)","(0.47665342688560486, 0.05568864196538925, 0.055554669350385666)","(0.46711137890815735, 0.03732375428080559, 0.06613052636384964)","(0.4690747559070587, 0.01295039989054203, 0.06733488291501999)",Position
1420,"(0.4805983006954193, -0.18266277015209198, -8.35739410831593e-05)","(0.46405065059661865, -0.11647489666938782, 0.044883038848638535)","(0.44458475708961487, -0.057772886008024216, 0.0552002377808094)","(0.42287153005599976, -0.00988177489489317, 0.06695432215929031)","(0.4081841707229614, 0.02192819118499756, 0.08113428205251694)","(0.4427739083766937, -0.017862465232610703, -0.024997210130095482)","(0.40678396821022034, 0.06545442342758179, 0.018259471282362938)","(0.40420106053352356, 0.045979615300893784, 0.06582435965538025)","(0.41104599833488464, 0.02117050066590309, 0.09336600452661514)","(0.4495127499103546, -0.004791595041751862, -0.03612373396754265)","(0.4115839898586273, 0.08165757358074188, 0.0020868401043117046)","(0.4098072052001953, 0.05592726543545723, 0.044417571276426315)","(0.41855695843696594, 0.02683325484395027, 0.06331917643547058)","(0.4570487141609192, 0.0008230675011873245, -0.03760407865047455)","(0.42355960607528687, 0.08501631021499634, 0.0023034079931676388)","(0.42319220304489136, 0.05735033378005028, 0.04029723256826401)","(0.43322616815567017, 0.026195913553237915, 0.05593063309788704)","(0.46352362632751465, -0.0027481652796268463, -0.03415226191282272)","(0.4406307339668274, 0.07100103795528412, 0.0027581036556512117)","(0.44033104181289673, 0.052886348217725754, 0.028335189446806908)","(0.44968006014823914, 0.023577269166707993, 0.0436294749379158)",Position
1421,"(0.44076284766197205, -0.20379941165447235, -5.562932710745372e-05)","(0.4861867129802704, -0.12493505328893661, 0.07423437386751175)","(0.49393942952156067, -0.05708620697259903, 0.11042686551809311)","(0.48057883977890015, -0.009009065106511116, 0.1356809437274933)","(0.4615462124347687, 0.007367858663201332, 0.15838101506233215)","(0.49809175729751587, 0.014351269230246544, 0.08259621262550354)","(0.46375665068626404, 0.06864701211452484, 0.1338893622159958)","(0.44868817925453186, 0.04959801584482193, 0.16249988973140717)","(0.4469909071922302, 0.025172339752316475, 0.1735123246908188)","(0.46832841634750366, 0.02423885650932789, 0.05733785778284073)","(0.43690845370292664, 0.08622831851243973, 0.11536219716072083)","(0.42480698227882385, 0.057527899742126465, 0.1412586271762848)","(0.4270673990249634, 0.024635029956698418, 0.14800339937210083)","(0.4367556869983673, 0.01865656115114689, 0.039322447031736374)","(0.409993052482605, 0.08394479751586914, 0.08447663486003876)","(0.40215060114860535, 0.04527407884597778, 0.10843484103679657)","(0.40481045842170715, 0.008494025096297264, 0.11714723706245422)","(0.4046396315097809, 0.005349375307559967, 0.026928436011075974)","(0.3834739923477173, 0.058958642184734344, 0.06109466403722763)","(0.3843373656272888, 0.029282795265316963, 0.084837906062603)","(0.38975006341934204, -0.0038743875920772552, 0.09820672124624252)",Position
1422,"(0.4576776325702667, -0.20380079746246338, -2.089709414576646e-05)","(0.4811346232891083, -0.11989463865756989, 0.06299865990877151)","(0.47879481315612793, -0.05603647232055664, 0.0872814804315567)","(0.4637982249259949, -0.006288370117545128, 0.10725122690200806)","(0.4468996524810791, 0.023136530071496964, 0.1280323565006256)","(0.486224889755249, 0.01372026652097702, 0.042169470340013504)","(0.4528057873249054, 0.0730474442243576, 0.0934368446469307)","(0.4418708384037018, 0.04252411797642708, 0.12146369367837906)","(0.4429992139339447, 0.013633064925670624, 0.1293608695268631)","(0.4641326367855072, 0.023751888424158096, 0.024034898728132248)","(0.4289066791534424, 0.08479440212249756, 0.07953734695911407)","(0.419595330953598, 0.0477977953851223, 0.10826471447944641)","(0.42402568459510803, 0.0166226364672184, 0.11210880428552628)","(0.44166454672813416, 0.020684320479631424, 0.014261402189731598)","(0.4119839370250702, 0.07550416886806488, 0.06641502678394318)","(0.4070698916912079, 0.035833898931741714, 0.08935582637786865)","(0.41473469138145447, 0.004982020705938339, 0.09336704015731812)","(0.41973578929901123, 0.008990287780761719, 0.009329619817435741)","(0.3987613320350647, 0.05086498335003853, 0.05497671663761139)","(0.39881566166877747, 0.02145511284470558, 0.07584560662508011)","(0.4071624279022217, -0.008088260889053345, 0.08276039361953735)",Position
1423,"(0.4413367807865143, -0.19452884793281555, -5.9625461290124804e-05)","(0.4828300476074219, -0.11290130019187927, 0.059093017131090164)","(0.48639753460884094, -0.044207144528627396, 0.07948482036590576)","(0.4695955514907837, 0.0036696456372737885, 0.09734698385000229)","(0.45143961906433105, 0.03334309160709381, 0.1156679019331932)","(0.4898325502872467, 0.012283537536859512, 0.010525203309953213)","(0.4567011296749115, 0.08488891273736954, 0.06100751459598541)","(0.4461227059364319, 0.05981498211622238, 0.10488774627447128)","(0.4484189450740814, 0.031129054725170135, 0.12810499966144562)","(0.4586230218410492, 0.005165223032236099, -0.008461056277155876)","(0.4276052713394165, 0.08679721504449844, 0.03753025084733963)","(0.4211007058620453, 0.053269438445568085, 0.07747052609920502)","(0.42596298456192017, 0.02210884913802147, 0.09243397414684296)","(0.4266754686832428, -0.00904446467757225, -0.018326738849282265)","(0.4031139612197876, 0.0692426860332489, 0.024328473955392838)","(0.4013182818889618, 0.033932872116565704, 0.05917218700051308)","(0.4075413644313812, 0.0016055591404438019, 0.07218650728464127)","(0.3966701030731201, -0.026377808302640915, -0.021910112351179123)","(0.3823760449886322, 0.037290215492248535, 0.012254021130502224)","(0.3862435221672058, 0.011770837008953094, 0.03706451505422592)","(0.39393723011016846, -0.01733061671257019, 0.04938211664557457)",Position
1424,"(0.45387306809425354, -0.19661696255207062, -3.768996612052433e-05)","(0.48402029275894165, -0.10999567806720734, 0.06722696870565414)","(0.48258790373802185, -0.04673851653933525, 0.0921747088432312)","(0.4664698541164398, -0.0018974542617797852, 0.11066175252199173)","(0.4486900269985199, 0.02793579176068306, 0.12803098559379578)","(0.4921424090862274, 0.017099224030971527, 0.046239156275987625)","(0.4594455361366272, 0.07463816553354263, 0.09603942185640335)","(0.44427186250686646, 0.053984276950359344, 0.1264563500881195)","(0.441994845867157, 0.028522085398435593, 0.13743379712104797)","(0.4650038182735443, 0.021547790616750717, 0.024307865649461746)","(0.43199828267097473, 0.08474497497081757, 0.07895307242870331)","(0.41941556334495544, 0.04775761067867279, 0.11313451826572418)","(0.4216889441013336, 0.0189354345202446, 0.12141072750091553)","(0.43657243251800537, 0.014664854854345322, 0.01081205252557993)","(0.4075591266155243, 0.0731135830283165, 0.06351781636476517)","(0.4003486633300781, 0.0326610691845417, 0.09143753349781036)","(0.40574076771736145, 0.0028379447758197784, 0.09877176582813263)","(0.40873777866363525, 0.0019351281225681305, 0.0021869204938411713)","(0.3856751024723053, 0.04269930720329285, 0.04678516089916229)","(0.3849203586578369, 0.012770645320415497, 0.07025787979364395)","(0.3923402428627014, -0.01396108977496624, 0.07924959808588028)",Position
1425,"(0.44221797585487366, -0.19158466160297394, -3.5130356991430745e-05)","(0.4824134111404419, -0.10785692930221558, 0.06936820596456528)","(0.4844604730606079, -0.0423244833946228, 0.09641772508621216)","(0.4684833884239197, 0.002830738201737404, 0.11723101139068604)","(0.4508931338787079, 0.033575639128685, 0.1364339143037796)","(0.49082309007644653, 0.013587867841124535, 0.034270353615283966)","(0.46223869919776917, 0.07963897287845612, 0.08928357809782028)","(0.4503105878829956, 0.053836800158023834, 0.1330106556415558)","(0.45013946294784546, 0.02489212341606617, 0.15462303161621094)","(0.45980173349380493, 0.01151985116302967, 0.012011568993330002)","(0.4322115182876587, 0.08336572349071503, 0.06788606941699982)","(0.4234132766723633, 0.04892866313457489, 0.10964353382587433)","(0.4263071119785309, 0.020908845588564873, 0.12275367975234985)","(0.427969753742218, 0.002395613119006157, -0.0006590706179849803)","(0.40633425116539, 0.07232334464788437, 0.050827424973249435)","(0.40258216857910156, 0.03659840673208237, 0.08888553828001022)","(0.40744760632514954, 0.00587577186524868, 0.10319378972053528)","(0.39702051877975464, -0.010289670899510384, -0.007215653546154499)","(0.3821500241756439, 0.047734856605529785, 0.03189630061388016)","(0.38411593437194824, 0.022486427798867226, 0.059912387281656265)","(0.39014434814453125, -0.006446894258260727, 0.0734444111585617)",Position
1426,"(0.45454084873199463, -0.19299575686454773, -3.550365727278404e-05)","(0.48785650730133057, -0.10897627472877502, 0.06949721276760101)","(0.4865424633026123, -0.04608221352100372, 0.09591292589902878)","(0.4690887928009033, -0.0013483520597219467, 0.11545487493276596)","(0.4500676095485687, 0.025031842291355133, 0.1351606249809265)","(0.4945812225341797, 0.016894806176424026, 0.04867454990744591)","(0.4619457721710205, 0.07480660080909729, 0.10324803739786148)","(0.4482309818267822, 0.050330135971307755, 0.13660834729671478)","(0.44682762026786804, 0.02209756150841713, 0.14905965328216553)","(0.46576666831970215, 0.022362634539604187, 0.026796041056513786)","(0.4340440034866333, 0.08236968517303467, 0.08649903535842896)","(0.4231298565864563, 0.04472209885716438, 0.12123582512140274)","(0.42614999413490295, 0.016103416681289673, 0.12761034071445465)","(0.43566063046455383, 0.01620296761393547, 0.013831166550517082)","(0.4092041850090027, 0.07354715466499329, 0.07109193503856659)","(0.4034907817840576, 0.03419385105371475, 0.10025016218423843)","(0.4083198606967926, 0.0049590058624744415, 0.10674802958965302)","(0.4057959020137787, 0.003988752141594887, 0.006130231078714132)","(0.3850322961807251, 0.04614625498652458, 0.05289251729846001)","(0.38539910316467285, 0.016880907118320465, 0.07719111442565918)","(0.39259102940559387, -0.009670919738709927, 0.08565212041139603)",Position
1427,"(0.450390100479126, -0.18734189867973328, -4.097038254258223e-05)","(0.48570507764816284, -0.10414108633995056, 0.06439060717821121)","(0.48581141233444214, -0.03846041113138199, 0.08716738969087601)","(0.4684385061264038, 0.008650083094835281, 0.10502947866916656)","(0.45040780305862427, 0.039516597986221313, 0.12102474272251129)","(0.4893060326576233, 0.013419024646282196, 0.02632228657603264)","(0.4591853618621826, 0.08059712499380112, 0.07940955460071564)","(0.44738638401031494, 0.056639254093170166, 0.1233142837882042)","(0.44719406962394714, 0.02930978313088417, 0.14511241018772125)","(0.45947518944740295, 0.011058922857046127, 0.006437844596803188)","(0.4297921657562256, 0.08255916088819504, 0.059324949979782104)","(0.42251479625701904, 0.04827936738729477, 0.09982894361019135)","(0.4264935255050659, 0.020977772772312164, 0.1126546636223793)","(0.42903953790664673, 0.0011314824223518372, -0.004181317053735256)","(0.4060356616973877, 0.06942229717969894, 0.046530190855264664)","(0.40442633628845215, 0.033548545092344284, 0.08121024072170258)","(0.41081371903419495, 0.003943858668208122, 0.09282050281763077)","(0.3994491696357727, -0.012440437451004982, -0.008902877569198608)","(0.38472482562065125, 0.041478127241134644, 0.03184814751148224)","(0.38849693536758423, 0.01441032811999321, 0.05757880583405495)","(0.3960723578929901, -0.013262677937746048, 0.06863438338041306)",Position
1428,"(0.43878909945487976, -0.18528521060943604, -2.6587318643578328e-05)","(0.48115527629852295, -0.10693694651126862, 0.0687110424041748)","(0.48499414324760437, -0.042708106338977814, 0.09601788967847824)","(0.46943193674087524, 0.004095917567610741, 0.11681415885686874)","(0.45164600014686584, 0.03537112846970558, 0.13695813715457916)","(0.4939771294593811, 0.010436490178108215, 0.03830048069357872)","(0.46597713232040405, 0.07799500226974487, 0.09463120251893997)","(0.45291635394096375, 0.054709915071725845, 0.1396133452653885)","(0.4519120752811432, 0.024977590888738632, 0.16253399848937988)","(0.46301373839378357, 0.011000465601682663, 0.016468556597828865)","(0.43564948439598083, 0.08192037045955658, 0.07354971766471863)","(0.4259997308254242, 0.048876795917749405, 0.11523950099945068)","(0.4284801483154297, 0.021200433373451233, 0.12767377495765686)","(0.43049824237823486, 0.004520528018474579, 0.004107339773327112)","(0.40896522998809814, 0.07193449139595032, 0.05723362788558006)","(0.40478959679603577, 0.03554750978946686, 0.09404739737510681)","(0.4093417823314667, 0.005144340917468071, 0.10673251748085022)","(0.3982059359550476, -0.0053106192499399185, -0.0026998305693268776)","(0.38351869583129883, 0.048389632254838943, 0.0377010814845562)","(0.3849422037601471, 0.021898873150348663, 0.06354309618473053)","(0.3902972638607025, -0.006404666230082512, 0.07482030987739563)",Position
1429,"(0.4613702595233917, -0.19096723198890686, -1.6271476852125488e-05)","(0.45905447006225586, -0.11429473757743835, 0.042952559888362885)","(0.4486021399497986, -0.04993867874145508, 0.06271211057901382)","(0.43253105878829956, -0.0008451063185930252, 0.08211807161569595)","(0.4191184341907501, 0.030622193589806557, 0.10179051011800766)","(0.47009775042533875, 0.016328072175383568, 0.02669219858944416)","(0.435745507478714, 0.06861262768507004, 0.07664433121681213)","(0.4227711260318756, 0.044573068618774414, 0.10685182362794876)","(0.42301145195961, 0.021684227511286736, 0.11675519496202469)","(0.4647594094276428, 0.02460560016334057, 0.019898874685168266)","(0.4306792616844177, 0.08456876873970032, 0.07051002234220505)","(0.41833409667015076, 0.05320780724287033, 0.09812340885400772)","(0.42052221298217773, 0.02492419071495533, 0.10410481691360474)","(0.45744267106056213, 0.023498764261603355, 0.01999775506556034)","(0.4279481768608093, 0.07629362493753433, 0.06668951362371445)","(0.41993987560272217, 0.04271313548088074, 0.08823654800653458)","(0.42605796456336975, 0.015196910127997398, 0.09187755733728409)","(0.44844770431518555, 0.014254996553063393, 0.024327561259269714)","(0.4263664484024048, 0.053753629326820374, 0.06367442011833191)","(0.42242878675460815, 0.030014241114258766, 0.08061900734901428)","(0.42812857031822205, 0.005943801254034042, 0.08742740005254745)",Position
1430,"(0.4872574806213379, -0.18697747588157654, -0.00010553655738476664)","(0.42730700969696045, -0.14244002103805542, 0.023346589878201485)","(0.3971959352493286, -0.08952778577804565, 0.02717665396630764)","(0.38682740926742554, -0.025891851633787155, 0.03953253850340843)","(0.39220115542411804, 0.020757855847477913, 0.05878526344895363)","(0.41377711296081543, -0.03750934824347496, -0.0515604093670845)","(0.3852337896823883, 0.05326300114393234, -0.009408313781023026)","(0.3838917911052704, 0.03552468866109848, 0.04071507230401039)","(0.39159563183784485, 0.011715302243828773, 0.06874735653400421)","(0.44523298740386963, -0.008881419897079468, -0.05256593972444534)","(0.41199225187301636, 0.08154254406690598, -0.017051976174116135)","(0.4073382019996643, 0.05752485990524292, 0.02249964326620102)","(0.4151065945625305, 0.026789771392941475, 0.03880000859498978)","(0.47362756729125977, 0.008041510358452797, -0.04273619130253792)","(0.44045785069465637, 0.08880330622196198, -0.0033154692500829697)","(0.4348345994949341, 0.05993817746639252, 0.03039022535085678)","(0.4424343407154083, 0.027222463861107826, 0.0425112284719944)","(0.4974554479122162, 0.014494294300675392, -0.030940843746066093)","(0.4699171185493469, 0.08066071569919586, 0.0034604989923536777)","(0.46081674098968506, 0.059697262942790985, 0.027143847197294235)","(0.4652886390686035, 0.027739370241761208, 0.039374470710754395)",Position
1431,"(0.4482247829437256, -0.21344923973083496, -5.6552296882728115e-05)","(0.48747047781944275, -0.12452921271324158, 0.07317875325679779)","(0.4946034252643585, -0.058272525668144226, 0.10821951180696487)","(0.4804135262966156, -0.010321808978915215, 0.13156680762767792)","(0.46097415685653687, 0.009792139753699303, 0.15231260657310486)","(0.49679768085479736, 0.017718186601996422, 0.08281635493040085)","(0.46703001856803894, 0.0753442719578743, 0.13064514100551605)","(0.45150232315063477, 0.05439247190952301, 0.15766310691833496)","(0.4487973153591156, 0.027088074013590813, 0.16807474195957184)","(0.467611700296402, 0.024008801206946373, 0.05721157044172287)","(0.4401753544807434, 0.08963897824287415, 0.11069579422473907)","(0.42783623933792114, 0.06052357703447342, 0.1359211951494217)","(0.42964401841163635, 0.026653306558728218, 0.14228834211826324)","(0.4376697242259979, 0.01518590934574604, 0.038432907313108444)","(0.4131678640842438, 0.08415140956640244, 0.0812225267291069)","(0.40503990650177, 0.04715514928102493, 0.10198131948709488)","(0.4078589677810669, 0.010071279481053352, 0.10800815373659134)","(0.40788596868515015, -0.001109125092625618, 0.024781886488199234)","(0.38731661438941956, 0.05395425111055374, 0.057636745274066925)","(0.38854658603668213, 0.02812841720879078, 0.0788714587688446)","(0.3950561583042145, -0.0034065954387187958, 0.0908176451921463)",Position
1432,"(0.4640297591686249, -0.2098863422870636, -4.423859354574233e-05)","(0.495771586894989, -0.11894300580024719, 0.06863948702812195)","(0.4949477016925812, -0.052860863506793976, 0.09569718688726425)","(0.47737449407577515, -0.006770025938749313, 0.11531896144151688)","(0.4583377540111542, 0.01916724070906639, 0.1323820799589157)","(0.4997488260269165, 0.016866207122802734, 0.05520735681056976)","(0.4673941731452942, 0.08150014281272888, 0.1043894961476326)","(0.4540942311286926, 0.060577746480703354, 0.13546939194202423)","(0.4527817666530609, 0.03248043730854988, 0.1478481888771057)","(0.4715714752674103, 0.02157416194677353, 0.03211100772023201)","(0.43754491209983826, 0.08991801738739014, 0.08475008606910706)","(0.42726242542266846, 0.05845822021365166, 0.11688774079084396)","(0.4305099546909332, 0.027098167687654495, 0.1269081085920334)","(0.4425937533378601, 0.01207234337925911, 0.017324667423963547)","(0.4144148826599121, 0.07797269523143768, 0.06590702384710312)","(0.4062969982624054, 0.045498695224523544, 0.09510905295610428)","(0.4101078510284424, 0.015344787389039993, 0.10735666006803513)","(0.41486990451812744, -0.006231965497136116, 0.007393642328679562)","(0.39127349853515625, 0.046900492161512375, 0.045972324907779694)","(0.3895292282104492, 0.025534845888614655, 0.07036932557821274)","(0.3962678015232086, -0.0019458364695310593, 0.08317822962999344)",Position
1433,"(0.4513471722602844, -0.2018335908651352, -4.1575935028959066e-05)","(0.4896519184112549, -0.1124885156750679, 0.06692439317703247)","(0.4905410408973694, -0.04496797174215317, 0.09138872474431992)","(0.47395557165145874, 0.0013629365712404251, 0.11078909039497375)","(0.4557943344116211, 0.03140988200902939, 0.12950773537158966)","(0.49385616183280945, 0.0115442406386137, 0.02251405082643032)","(0.46377432346343994, 0.08721846342086792, 0.07312270253896713)","(0.4522835612297058, 0.06594273447990417, 0.11796482652425766)","(0.45235204696655273, 0.037755146622657776, 0.14240792393684387)","(0.46315163373947144, 0.006769215688109398, 0.0004951275768689811)","(0.433461457490921, 0.08909805864095688, 0.04986429214477539)","(0.426199734210968, 0.05894661694765091, 0.09196672588586807)","(0.4303656816482544, 0.02905123122036457, 0.10718133300542831)","(0.43189769983291626, -0.005357641726732254, -0.011797450482845306)","(0.4092579483985901, 0.07351988554000854, 0.03483126685023308)","(0.40624141693115234, 0.04172768443822861, 0.07305508106946945)","(0.4118420481681824, 0.01033143512904644, 0.08863184601068497)","(0.40205416083335876, -0.021466076374053955, -0.017532603815197945)","(0.3873172402381897, 0.041672274470329285, 0.0198617335408926)","(0.3906533122062683, 0.018565068021416664, 0.04722516983747482)","(0.39787110686302185, -0.009965799748897552, 0.061385177075862885)",Position
1434,"(0.4562862515449524, -0.2021370381116867, -5.130820500198752e-05)","(0.4899580180644989, -0.11815334856510162, 0.08059228956699371)","(0.488849401473999, -0.05212773010134697, 0.11131639033555984)","(0.4706818759441376, -0.006762295961380005, 0.13096651434898376)","(0.4503631591796875, 0.02450442686676979, 0.14849942922592163)","(0.5011069774627686, 0.010633151978254318, 0.060512058436870575)","(0.46962857246398926, 0.07922567427158356, 0.11503785848617554)","(0.45330551266670227, 0.06041128560900688, 0.1531367003917694)","(0.45067644119262695, 0.03171878308057785, 0.17154932022094727)","(0.47239094972610474, 0.01607213169336319, 0.032134078443050385)","(0.4404948651790619, 0.08589178323745728, 0.09063950926065445)","(0.4270896911621094, 0.052153538912534714, 0.1291317343711853)","(0.4289219081401825, 0.02164197713136673, 0.13986103236675262)","(0.44150617718696594, 0.010916169732809067, 0.01309158280491829)","(0.41522639989852905, 0.07736356556415558, 0.06966899335384369)","(0.40592625737190247, 0.04044145718216896, 0.10549922287464142)","(0.40910589694976807, 0.007899060845375061, 0.1182279959321022)","(0.410434752702713, -0.0004888381808996201, 0.00014783834922127426)","(0.39055338501930237, 0.049473199993371964, 0.04571220651268959)","(0.38829681277275085, 0.02257298305630684, 0.0734325721859932)","(0.3931635618209839, -0.0073476266115903854, 0.0859503298997879)",Position
1435,"(0.4509347379207611, -0.19463010132312775, -3.453011959209107e-05)","(0.4879560172557831, -0.11073518544435501, 0.0733632743358612)","(0.48882442712783813, -0.04785265028476715, 0.10237661749124527)","(0.4734097421169281, -0.004097551107406616, 0.12284905463457108)","(0.45504552125930786, 0.026049697771668434, 0.1424378752708435)","(0.49935710430145264, 0.013049615547060966, 0.04942423105239868)","(0.47215569019317627, 0.07980580627918243, 0.10455800592899323)","(0.4590197503566742, 0.05470554530620575, 0.14427125453948975)","(0.4580250680446625, 0.02426302619278431, 0.16338594257831573)","(0.46935662627220154, 0.01647615246474743, 0.02562963403761387)","(0.44174695014953613, 0.08596973866224289, 0.08450888842344284)","(0.43095672130584717, 0.04705511033535004, 0.12472868710756302)","(0.4339703619480133, 0.017128413543105125, 0.13532206416130066)","(0.43818482756614685, 0.010962141677737236, 0.01137652900069952)","(0.4156489372253418, 0.07625755667686462, 0.06591563671827316)","(0.40981245040893555, 0.0363372266292572, 0.10096370428800583)","(0.4145146608352661, 0.006038988009095192, 0.11269615590572357)","(0.4073413610458374, 0.0013529285788536072, 0.0026678103022277355)","(0.3910766541957855, 0.05121737718582153, 0.046834997832775116)","(0.3913510739803314, 0.020715681836009026, 0.07408364117145538)","(0.3970782160758972, -0.008765541017055511, 0.08567798137664795)",Position
1436,"(0.4616965651512146, -0.19080622494220734, -4.023939254693687e-05)","(0.4923519194126129, -0.10910818725824356, 0.06725242733955383)","(0.49023833870887756, -0.04655824601650238, 0.09233494848012924)","(0.4729730486869812, -0.0008968450129032135, 0.11032144725322723)","(0.4543271064758301, 0.029661819338798523, 0.12685592472553253)","(0.4993014931678772, 0.016804441809654236, 0.04943935200572014)","(0.4685160219669342, 0.0775415375828743, 0.09935229271650314)","(0.45468106865882874, 0.058887988328933716, 0.13165943324565887)","(0.45271381735801697, 0.0332619845867157, 0.14509642124176025)","(0.47165215015411377, 0.02258826047182083, 0.027675703167915344)","(0.4404184818267822, 0.08723213523626328, 0.0821230486035347)","(0.42859023809432983, 0.05220858007669449, 0.11740881949663162)","(0.4308461844921112, 0.022621747106313705, 0.128226637840271)","(0.4432339370250702, 0.01654735580086708, 0.01399348583072424)","(0.416567862033844, 0.07654132694005966, 0.06592164188623428)","(0.40968337655067444, 0.03873094916343689, 0.09567908942699432)","(0.4147838056087494, 0.009707257151603699, 0.10594913363456726)","(0.4155110716819763, 0.004729811102151871, 0.0051981545984745026)","(0.39485204219818115, 0.04890754818916321, 0.047447338700294495)","(0.3943202793598175, 0.02190268784761429, 0.07152251899242401)","(0.401067852973938, -0.00394858606159687, 0.08230478316545486)",Position
1437,"(0.4533846080303192, -0.1839389204978943, -4.4220654672244564e-05)","(0.4899478554725647, -0.10019576549530029, 0.06243150308728218)","(0.4901126027107239, -0.03496193885803223, 0.08531754463911057)","(0.4729546904563904, 0.011192552745342255, 0.10376394540071487)","(0.45484912395477295, 0.040449999272823334, 0.12177304178476334)","(0.4934862554073334, 0.015798669308423996, 0.021535724401474)","(0.4647786617279053, 0.08591682463884354, 0.0717713013291359)","(0.45517370104789734, 0.05937233567237854, 0.11291877180337906)","(0.45648840069770813, 0.029837217181921005, 0.13335798680782318)","(0.4628886282444, 0.01113477349281311, 0.0010174080962315202)","(0.4349499046802521, 0.08588900417089462, 0.049996037036180496)","(0.4291708767414093, 0.05277421325445175, 0.08731087297201157)","(0.43393996357917786, 0.02330649271607399, 0.09926856309175491)","(0.431890070438385, -0.0004681851714849472, -0.010011524893343449)","(0.40986180305480957, 0.0707765519618988, 0.035960644483566284)","(0.4086814224720001, 0.03621108457446098, 0.06942245364189148)","(0.4152745306491852, 0.005213432013988495, 0.08151353895664215)","(0.40208882093429565, -0.015649914741516113, -0.015167627483606339)","(0.3875037729740143, 0.044258952140808105, 0.02009841986000538)","(0.3911888897418976, 0.019771210849285126, 0.04408269748091698)","(0.3985740542411804, -0.009070368483662605, 0.05523230880498886)",Position
1438,"(0.4616900384426117, -0.18234676122665405, -5.080398841528222e-05)","(0.49481627345085144, -0.10110563784837723, 0.0625070333480835)","(0.4936889708042145, -0.037698179483413696, 0.08416200429201126)","(0.47557345032691956, 0.008098585531115532, 0.10168278962373734)","(0.45663005113601685, 0.03595878556370735, 0.11903269588947296)","(0.49835142493247986, 0.017031148076057434, 0.022392364218831062)","(0.4663637578487396, 0.0858570858836174, 0.07414460182189941)","(0.45546334981918335, 0.06027296930551529, 0.11483422666788101)","(0.4561558663845062, 0.03120003640651703, 0.13444849848747253)","(0.46849191188812256, 0.01710621640086174, 0.002814000938087702)","(0.43705201148986816, 0.08724620938301086, 0.05524193495512009)","(0.43019285798072815, 0.05284188687801361, 0.09393996000289917)","(0.43512606620788574, 0.023151088505983353, 0.10360189527273178)","(0.43780645728111267, 0.007315041497349739, -0.0073477220721542835)","(0.412004679441452, 0.07387038320302963, 0.0433378741145134)","(0.40936899185180664, 0.03741583973169327, 0.07715091109275818)","(0.41522279381752014, 0.00629296712577343, 0.08771355450153351)","(0.40784162282943726, -0.007674015127122402, -0.012433723546564579)","(0.3894409239292145, 0.04549958556890488, 0.028344061225652695)","(0.3917642831802368, 0.01833348348736763, 0.05441465601325035)","(0.39876478910446167, -0.010120471939444542, 0.06521816551685333)",Position
1439,"(0.46593374013900757, -0.17496883869171143, -5.38854583282955e-05)","(0.4993019700050354, -0.09095592796802521, 0.05628906562924385)","(0.4979653060436249, -0.026925791054964066, 0.07267014682292938)","(0.4789730906486511, 0.018015196546912193, 0.08702551573514938)","(0.458736389875412, 0.04229353368282318, 0.10204625874757767)","(0.4936716854572296, 0.018796930089592934, 0.0012632530415430665)","(0.4626580476760864, 0.09103916585445404, 0.04815995320677757)","(0.4562660753726959, 0.06290993094444275, 0.0909244567155838)","(0.45991018414497375, 0.03297635167837143, 0.11331207305192947)","(0.463859498500824, 0.011730087921023369, -0.017813019454479218)","(0.4330022931098938, 0.08811179548501968, 0.025125838816165924)","(0.430045485496521, 0.05688577890396118, 0.0639270469546318)","(0.4364621937274933, 0.026748353615403175, 0.07598143815994263)","(0.4344508945941925, -0.0029860101640224457, -0.02754002995789051)","(0.4092746078968048, 0.07150080800056458, 0.015012363903224468)","(0.41002145409584045, 0.03838244825601578, 0.050653088837862015)","(0.4172823131084442, 0.0067803096026182175, 0.06341221183538437)","(0.40710726380348206, -0.022700615227222443, -0.03219519183039665)","(0.3892654478549957, 0.0396224707365036, 0.0018259970238432288)","(0.39364150166511536, 0.01570705883204937, 0.027818704023957253)","(0.40162038803100586, -0.013420816510915756, 0.03983013704419136)",Position
1440,"(0.47835543751716614, -0.17252959311008453, -6.032451710780151e-05)","(0.48273971676826477, -0.10482685267925262, 0.04535010829567909)","(0.46972882747650146, -0.04509734734892845, 0.05885809287428856)","(0.4476584196090698, 0.00035044923424720764, 0.07307381927967072)","(0.43076515197753906, 0.025629138574004173, 0.08807569742202759)","(0.4598185420036316, -0.0037902602925896645, -0.014097390696406364)","(0.42537161707878113, 0.0716685950756073, 0.029791967943310738)","(0.42394769191741943, 0.04605893790721893, 0.07058583945035934)","(0.4313688576221466, 0.018200526013970375, 0.092942975461483)","(0.4550595283508301, 0.00544317252933979, -0.024718880653381348)","(0.42060941457748413, 0.08570123463869095, 0.013715486042201519)","(0.42095574736595154, 0.055932678282260895, 0.04810858890414238)","(0.4303535223007202, 0.026362640783190727, 0.06063661724328995)","(0.45194312930107117, 0.00658796913921833, -0.025504859164357185)","(0.4219696521759033, 0.08380945771932602, 0.015567300841212273)","(0.42503833770751953, 0.05278739333152771, 0.04720879718661308)","(0.43695077300071716, 0.021667564287781715, 0.058150649070739746)","(0.44921252131462097, -0.0010181665420532227, -0.022021252661943436)","(0.42857107520103455, 0.06806357949972153, 0.015137442387640476)","(0.43211981654167175, 0.04570011794567108, 0.038580022752285004)","(0.44350379705429077, 0.015254845842719078, 0.05223599076271057)",Position
1441,"(0.45441338419914246, -0.18113383650779724, -6.802150892326608e-05)","(0.4963498115539551, -0.11144239455461502, 0.06053173542022705)","(0.5012421011924744, -0.04123338684439659, 0.08707460016012192)","(0.48301222920417786, 0.007250452414155006, 0.10621413588523865)","(0.45846793055534363, 0.018043801188468933, 0.12579375505447388)","(0.5035041570663452, 0.016681969165802002, 0.05467778071761131)","(0.4684472382068634, 0.07946440577507019, 0.09855987131595612)","(0.45687493681907654, 0.05653922259807587, 0.12715071439743042)","(0.4589554965496063, 0.02999280020594597, 0.139690101146698)","(0.4759668707847595, 0.022529661655426025, 0.031725406646728516)","(0.4448741376399994, 0.0893922969698906, 0.07690741121768951)","(0.43565523624420166, 0.05986028164625168, 0.09939461946487427)","(0.441109836101532, 0.026953499764204025, 0.10397123545408249)","(0.44699016213417053, 0.014464639127254486, 0.014888538978993893)","(0.41856858134269714, 0.08418242633342743, 0.048890504986047745)","(0.41215500235557556, 0.04530689865350723, 0.0679236501455307)","(0.4167078733444214, 0.009841471910476685, 0.07367854565382004)","(0.4171167314052582, -0.0003069732338190079, 0.0033536292612552643)","(0.3938465118408203, 0.05967111140489578, 0.02791731432080269)","(0.39417293667793274, 0.02841825783252716, 0.04609546810388565)","(0.400712251663208, -0.006674909498542547, 0.05532197654247284)",Position
1442,"(0.46985602378845215, -0.17832234501838684, -5.292422792990692e-05)","(0.5029926300048828, -0.0998561829328537, 0.059929776936769485)","(0.5026408433914185, -0.04055082052946091, 0.08130527287721634)","(0.4862591028213501, 0.0027955975383520126, 0.09837308526039124)","(0.46829670667648315, 0.02588523179292679, 0.11687134951353073)","(0.5054425597190857, 0.022426702082157135, 0.03311242535710335)","(0.4714469909667969, 0.07964472472667694, 0.0819505825638771)","(0.46007776260375977, 0.05131000652909279, 0.1113714799284935)","(0.4614264667034149, 0.0226079560816288, 0.12111841887235641)","(0.47635188698768616, 0.024991653859615326, 0.014089565724134445)","(0.44288793206214905, 0.08491536974906921, 0.06559117138385773)","(0.43478846549987793, 0.04803812876343727, 0.09526544064283371)","(0.4404851794242859, 0.017981354147195816, 0.10004530102014542)","(0.44637182354927063, 0.014961287379264832, 0.003653086954727769)","(0.416833758354187, 0.07482638955116272, 0.05338190868496895)","(0.41276803612709045, 0.03688023239374161, 0.07943566888570786)","(0.42018553614616394, 0.007146559655666351, 0.08449304103851318)","(0.41735589504241943, -0.0020619556307792664, -0.00206920993514359)","(0.39391979575157166, 0.04533959552645683, 0.0389840267598629)","(0.39439859986305237, 0.01713290810585022, 0.06129728630185127)","(0.403151273727417, -0.010192777961492538, 0.0695280060172081)",Position
1443,"(0.465722918510437, -0.16654005646705627, -5.6080592912621796e-05)","(0.49849164485931396, -0.08917191624641418, 0.051952462643384933)","(0.4973059594631195, -0.024350233376026154, 0.06382972747087479)","(0.4787728786468506, 0.023022059351205826, 0.0743289589881897)","(0.4595082104206085, 0.05017248913645744, 0.08566364645957947)","(0.49553948640823364, 0.01593494415283203, -0.011966333724558353)","(0.46210578083992004, 0.09009265899658203, 0.033189915120601654)","(0.45636534690856934, 0.06612128019332886, 0.07810721546411514)","(0.4606741666793823, 0.0393899604678154, 0.10260027647018433)","(0.46807384490966797, 0.007879188284277916, -0.028772851452231407)","(0.4342542886734009, 0.08935138583183289, 0.011240952648222446)","(0.43203800916671753, 0.05997889116406441, 0.05106310173869133)","(0.439048171043396, 0.031952232122421265, 0.06531713157892227)","(0.4400172829627991, -0.006794904358685017, -0.03599170222878456)","(0.41133707761764526, 0.07269023358821869, 0.004791295155882835)","(0.4129941761493683, 0.041294947266578674, 0.04037071019411087)","(0.4215565025806427, 0.01152447983622551, 0.05341443046927452)","(0.4132802486419678, -0.025140902027487755, -0.038194507360458374)","(0.3935376703739166, 0.04099690169095993, -0.0038572135381400585)","(0.39915797114372253, 0.018156584352254868, 0.02154560014605522)","(0.4090077579021454, -0.00993853434920311, 0.034794289618730545)",Position
1444,"(0.4946357011795044, -0.16138404607772827, -8.254095155280083e-05)","(0.4405239522457123, -0.12645253539085388, 0.015565319918096066)","(0.40836939215660095, -0.0760088562965393, 0.013393212109804153)","(0.3943917453289032, -0.014376984909176826, 0.018321385607123375)","(0.3943931460380554, 0.02827606350183487, 0.02878592722117901)","(0.4231029450893402, -0.029390297830104828, -0.06275356560945511)","(0.39460286498069763, 0.06301479041576385, -0.024085724726319313)","(0.39637452363967896, 0.035206813365221024, 0.023959312587976456)","(0.4060382843017578, 0.00719868578016758, 0.05155688896775246)","(0.4537329375743866, -0.0013594245538115501, -0.06251414120197296)","(0.42064231634140015, 0.08705735206604004, -0.03374738246202469)","(0.420144647359848, 0.05747151002287865, 0.002606944879516959)","(0.4304106831550598, 0.026060637086629868, 0.015569292940199375)","(0.48141539096832275, 0.01664849743247032, -0.05248335376381874)","(0.44734978675842285, 0.09584233164787292, -0.01609884575009346)","(0.44542112946510315, 0.0668274462223053, 0.014331100508570671)","(0.45530426502227783, 0.03583022579550743, 0.02220495417714119)","(0.5045044422149658, 0.024986840784549713, -0.04055945575237274)","(0.47553935647010803, 0.09079460799694061, -0.008888191543519497)","(0.47026145458221436, 0.06703238189220428, 0.013383123092353344)","(0.4780217409133911, 0.03552698716521263, 0.023154476657509804)",Position
1445,"(0.45269376039505005, -0.19053934514522552, -2.605627742013894e-05)","(0.4938063621520996, -0.10984963178634644, 0.06543029844760895)","(0.5031921863555908, -0.04832325503230095, 0.09542647004127502)","(0.49070778489112854, -0.004065992776304483, 0.11627227813005447)","(0.4700376093387604, 0.020288391038775444, 0.13513579964637756)","(0.5070815086364746, 0.024145562201738358, 0.061668992042541504)","(0.4764365255832672, 0.07992249727249146, 0.10429374128580093)","(0.4650741219520569, 0.06616581976413727, 0.1281162053346634)","(0.4631900191307068, 0.04845326766371727, 0.13801956176757812)","(0.47832950949668884, 0.026331625878810883, 0.03881073370575905)","(0.4505392909049988, 0.0960993617773056, 0.08461008965969086)","(0.4419669508934021, 0.07078106701374054, 0.10970587283372879)","(0.4436987340450287, 0.04321238398551941, 0.1174575686454773)","(0.44913551211357117, 0.01880466751754284, 0.024430250748991966)","(0.4241100251674652, 0.09106847643852234, 0.06197936087846756)","(0.420475035905838, 0.058039870113134384, 0.08577349036931992)","(0.4240642189979553, 0.0266893170773983, 0.0946805477142334)","(0.4205848276615143, 0.007468663156032562, 0.01463360246270895)","(0.4009222090244293, 0.0655188113451004, 0.04264942556619644)","(0.4044222831726074, 0.04756886139512062, 0.06632821261882782)","(0.41015347838401794, 0.022904906421899796, 0.08166217058897018)",Position
1446,"(0.4747534990310669, -0.17703789472579956, -5.164098183740862e-05)","(0.5101357698440552, -0.08421118557453156, 0.06918323785066605)","(0.5106431841850281, -0.021012237295508385, 0.09278615564107895)","(0.4980282187461853, 0.02333952859044075, 0.1102323979139328)","(0.4799676835536957, 0.04991507902741432, 0.12969733774662018)","(0.513830840587616, 0.03408180922269821, 0.02454739436507225)","(0.48367416858673096, 0.1082676500082016, 0.07618490606546402)","(0.47251999378204346, 0.08095544576644897, 0.12035974860191345)","(0.4738961160182953, 0.05111181363463402, 0.1427549421787262)","(0.4853443205356598, 0.027734652161598206, 0.0009529587696306407)","(0.4522005021572113, 0.10691113770008087, 0.050779908895492554)","(0.44284743070602417, 0.07140722870826721, 0.09513732045888901)","(0.4478723108768463, 0.04502435401082039, 0.11084545403718948)","(0.4551571011543274, 0.014060914516448975, -0.012694167904555798)","(0.42566049098968506, 0.09324374794960022, 0.0340055488049984)","(0.42100006341934204, 0.05906090512871742, 0.07736864686012268)","(0.42763054370880127, 0.03253348916769028, 0.09614837169647217)","(0.42622002959251404, -0.004241432994604111, -0.020544912666082382)","(0.4025459289550781, 0.06349880993366241, 0.016051296144723892)","(0.40267109870910645, 0.0407809242606163, 0.04831046983599663)","(0.4101344048976898, 0.013901639729738235, 0.06606956571340561)",Position
1447,"(0.49352529644966125, -0.1717233657836914, -5.3917123295832425e-05)","(0.5271040201187134, -0.07844913005828857, 0.07421387732028961)","(0.5211619734764099, -0.014319437555968761, 0.10518099367618561)","(0.50246262550354, 0.0293161328881979, 0.12949660420417786)","(0.4835642874240875, 0.06090229004621506, 0.15402251482009888)","(0.5259830951690674, 0.04654970020055771, 0.03650202602148056)","(0.49033039808273315, 0.11573921144008636, 0.09072086215019226)","(0.47407791018486023, 0.10172541439533234, 0.13535143435001373)","(0.4712638854980469, 0.07691442966461182, 0.15765933692455292)","(0.49627959728240967, 0.03699322044849396, 0.012756296433508396)","(0.4616427719593048, 0.11630413681268692, 0.06352783739566803)","(0.44808030128479004, 0.09414225071668625, 0.11290614306926727)","(0.4484184980392456, 0.07215073704719543, 0.13519006967544556)","(0.46447283029556274, 0.020006611943244934, -8.945125046011526e-06)","(0.4362337291240692, 0.10451720654964447, 0.04469728469848633)","(0.4268245995044708, 0.08123191446065903, 0.09221100807189941)","(0.42889201641082764, 0.056362271308898926, 0.11745765060186386)","(0.4339233636856079, -0.000872019911184907, -0.0068659293465316296)","(0.40986528992652893, 0.07073276489973068, 0.026797587051987648)","(0.4067259430885315, 0.06347459554672241, 0.061028316617012024)","(0.41093480587005615, 0.04465685039758682, 0.08408963680267334)",Reach
1448,"(0.5300644040107727, -0.15351878106594086, -6.541366019519046e-05)","(0.4688805341720581, -0.12319841980934143, 0.02343309111893177)","(0.4337999224662781, -0.06447603553533554, 0.028541218489408493)","(0.41904953122138977, 0.0028897705487906933, 0.04103536158800125)","(0.41965019702911377, 0.0463133379817009, 0.06033883988857269)","(0.44808703660964966, -0.011983964592218399, -0.06816981732845306)","(0.41699689626693726, 0.09604143351316452, -0.028279364109039307)","(0.41758862137794495, 0.08867555111646652, 0.027389653027057648)","(0.4252799153327942, 0.0685957595705986, 0.06462348252534866)","(0.4819958508014679, 0.019999131560325623, -0.06658466160297394)","(0.4457455277442932, 0.12579315900802612, -0.03319074958562851)","(0.44337528944015503, 0.10119190812110901, 0.018688740208745003)","(0.45159271359443665, 0.06915290653705597, 0.04529530182480812)","(0.5118242502212524, 0.04157008230686188, -0.05428053066134453)","(0.47365933656692505, 0.1334335207939148, -0.0140529191121459)","(0.4696950912475586, 0.10777581483125687, 0.026615196838974953)","(0.47799280285835266, 0.07627815753221512, 0.043301571160554886)","(0.536110520362854, 0.052012935280799866, -0.039957620203495026)","(0.5055396556854248, 0.12316566705703735, -0.005208405666053295)","(0.4990403652191162, 0.1024484857916832, 0.022496378049254417)","(0.5059478878974915, 0.07277200371026993, 0.037047237157821655)",Reach
1449,"(0.5075520873069763, -0.1662672758102417, -2.8742559152306058e-05)","(0.459100604057312, -0.10166391730308533, 0.028893712908029556)","(0.4408036172389984, -0.036274973303079605, 0.04066351428627968)","(0.434884637594223, 0.02601565420627594, 0.053734686225652695)","(0.4328964352607727, 0.07435117661952972, 0.07053396105766296)","(0.4640505015850067, 0.02263905107975006, -0.02915710210800171)","(0.43731945753097534, 0.11540131270885468, 0.0038575208745896816)","(0.4290059208869934, 0.11767987161874771, 0.04563775658607483)","(0.43007534742355347, 0.10178748518228531, 0.0749579593539238)","(0.4956446588039398, 0.03962664306163788, -0.02967146225273609)","(0.46680986881256104, 0.13644902408123016, 0.0029633287340402603)","(0.4548121690750122, 0.1307467222213745, 0.04999725893139839)","(0.4538182318210602, 0.1098516657948494, 0.08488533645868301)","(0.5229272842407227, 0.045971836894750595, -0.021886562928557396)","(0.4920848608016968, 0.13863125443458557, 0.008860121481120586)","(0.47998011112213135, 0.12595143914222717, 0.04622085019946098)","(0.4798542261123657, 0.10391974449157715, 0.07068463414907455)","(0.5462470650672913, 0.04559486359357834, -0.010636081919074059)","(0.5238215923309326, 0.12709453701972961, 0.014158320613205433)","(0.5101416110992432, 0.12637484073638916, 0.040458302944898605)","(0.5063865184783936, 0.11063382029533386, 0.06445131450891495)",Reach
1450,"(0.5509917736053467, -0.14018350839614868, -1.7062207916751504e-05)","(0.49562445282936096, -0.09962043166160583, 0.023552607744932175)","(0.46849310398101807, -0.03522774204611778, 0.035610537976026535)","(0.45542028546333313, 0.031145621091127396, 0.05544322356581688)","(0.455878883600235, 0.08440936356782913, 0.07702048867940903)","(0.48375436663627625, 0.02697940170764923, -0.05119446665048599)","(0.4541548192501068, 0.12429510056972504, -0.013256057165563107)","(0.4445909261703491, 0.13813216984272003, 0.0338449664413929)","(0.444014310836792, 0.12727642059326172, 0.07040271908044815)","(0.517981231212616, 0.053631026297807693, -0.045706525444984436)","(0.48611024022102356, 0.15687458217144012, -0.005144310649484396)","(0.4713250398635864, 0.15814238786697388, 0.04725778475403786)","(0.46916383504867554, 0.14023631811141968, 0.08125735819339752)","(0.5487340688705444, 0.06775036454200745, -0.03051006607711315)","(0.5162330865859985, 0.16496072709560394, 0.007701239548623562)","(0.5006400942802429, 0.15451975166797638, 0.05094341188669205)","(0.49823692440986633, 0.12903840839862823, 0.07620558142662048)","(0.5746446847915649, 0.07189840078353882, -0.01311512105166912)","(0.5480456948280334, 0.14505915343761444, 0.02078230306506157)","(0.5349576473236084, 0.13530245423316956, 0.052821945399045944)","(0.533490777015686, 0.11163565516471863, 0.0778522938489914)",Reach
1451,"(0.5612804293632507, -0.11273764073848724, -1.0820554052770603e-05)","(0.5067923665046692, -0.05905879661440849, 0.007479483727365732)","(0.48521891236305237, 0.011389316990971565, 0.009115814231336117)","(0.48119431734085083, 0.07650729268789291, 0.020757511258125305)","(0.4915713369846344, 0.12457019090652466, 0.03637005016207695)","(0.5118117332458496, 0.0594053789973259, -0.07628195732831955)","(0.4807114005088806, 0.16372130811214447, -0.043222226202487946)","(0.47036588191986084, 0.16363532841205597, -0.0009514237754046917)","(0.4722602963447571, 0.14030025899410248, 0.03040143847465515)","(0.5475145578384399, 0.07548988610506058, -0.06603938341140747)","(0.5133585929870605, 0.1871275156736374, -0.036939989775419235)","(0.49968817830085754, 0.17939156293869019, 0.0062844641506671906)","(0.49894237518310547, 0.15457448363304138, 0.035295020788908005)","(0.5767803192138672, 0.08495262265205383, -0.046851225197315216)","(0.5413030982017517, 0.18711696565151215, -0.016560254618525505)","(0.5292986035346985, 0.1715395599603653, 0.01751670613884926)","(0.5302499532699585, 0.14536269009113312, 0.03485703840851784)","(0.5985481142997742, 0.08954428881406784, -0.025433335453271866)","(0.5682212114334106, 0.16567443311214447, 0.003685925155878067)","(0.5566848516464233, 0.15570256114006042, 0.02991805598139763)","(0.5575065612792969, 0.13545194268226624, 0.050240304321050644)",Reach
1452,"(0.6069536805152893, -0.07827498763799667, -5.6631153711350635e-05)","(0.5513706803321838, -0.03683500736951828, 0.005945125594735146)","(0.5181573629379272, 0.03199947252869606, 0.00512652425095439)","(0.5021214485168457, 0.10225757956504822, 0.014136760495603085)","(0.5018565058708191, 0.16387559473514557, 0.023757023736834526)","(0.5437150597572327, 0.08185882121324539, -0.07318588346242905)","(0.5182154178619385, 0.19645759463310242, -0.04301416128873825)","(0.50657057762146, 0.218009352684021, 0.0056421756744384766)","(0.5040978789329529, 0.20589563250541687, 0.046707041561603546)","(0.5803545713424683, 0.10488174855709076, -0.06334459781646729)","(0.5463945865631104, 0.22190693020820618, -0.035672251135110855)","(0.5279430150985718, 0.23722761869430542, 0.012794570997357368)","(0.520714521408081, 0.22395208477973938, 0.0487021803855896)","(0.6100662350654602, 0.1175883337855339, -0.04521495848894119)","(0.5750243663787842, 0.22376322746276855, -0.014162799343466759)","(0.5572711229324341, 0.2237209975719452, 0.023649912327528)","(0.550144612789154, 0.20482435822486877, 0.047526899725198746)","(0.6316913366317749, 0.12313041090965271, -0.02543685771524906)","(0.601179838180542, 0.20024079084396362, 0.0006771870539523661)","(0.5862421989440918, 0.19688716530799866, 0.029192987829446793)","(0.5794065594673157, 0.17932812869548798, 0.05163183808326721)",Reach
1453,"(0.6326166987419128, -0.051195308566093445, -5.183880784898065e-05)","(0.5744335055351257, 0.00287783145904541, -0.0017510788748040795)","(0.5450071692466736, 0.07516977190971375, -0.007336379028856754)","(0.5312658548355103, 0.14940667152404785, -0.0021641827188432217)","(0.527176022529602, 0.21870876848697662, -0.00017533947539050132)","(0.5836108922958374, 0.12411406636238098, -0.06920814514160156)","(0.5625209808349609, 0.23194658756256104, -0.05223838612437248)","(0.544151782989502, 0.26928502321243286, -0.01838867738842964)","(0.5332205295562744, 0.27588212490081787, 0.010111337527632713)","(0.6191209554672241, 0.14044106006622314, -0.055324625223875046)","(0.5884625911712646, 0.2607581615447998, -0.03599446266889572)","(0.5647273063659668, 0.28737711906433105, 0.006943144369870424)","(0.5509118437767029, 0.28429874777793884, 0.03978469595313072)","(0.6457235217094421, 0.1485184282064438, -0.03499171882867813)","(0.6138477325439453, 0.263980507850647, -0.013639404438436031)","(0.5909708738327026, 0.2840544283390045, 0.01764468289911747)","(0.5767332315444946, 0.2782666087150574, 0.041764192283153534)","(0.6638686060905457, 0.14980807900428772, -0.013092109933495522)","(0.6369546055793762, 0.232620507478714, 0.0021907028276473284)","(0.6166938543319702, 0.2529717683792114, 0.025630543008446693)","(0.6030833125114441, 0.25187838077545166, 0.04669198766350746)",Reach
1454,"(0.6723604202270508, -0.017526522278785706, -7.901960634626448e-05)","(0.6076797246932983, 0.05855421721935272, -0.00332494149915874)","(0.5784963965415955, 0.13926589488983154, -0.012688197195529938)","(0.5702459216117859, 0.2105012834072113, -0.012850816361606121)","(0.5725284218788147, 0.2740691304206848, -0.01555322390049696)","(0.6204091310501099, 0.16777902841567993, -0.07732322067022324)","(0.6048237085342407, 0.2808845341205597, -0.05999848246574402)","(0.5873522758483887, 0.3180222511291504, -0.02912425994873047)","(0.5768064856529236, 0.3155509829521179, -0.005487445741891861)","(0.657397985458374, 0.17732968926429749, -0.06396999955177307)","(0.6338394284248352, 0.298088014125824, -0.043707236647605896)","(0.6114342212677002, 0.32486456632614136, -0.002925974316895008)","(0.5972303748130798, 0.31702548265457153, 0.025165962055325508)","(0.6856328845024109, 0.18342076241970062, -0.045573074370622635)","(0.6585460305213928, 0.2961190342903137, -0.02233896031975746)","(0.637833833694458, 0.3164554834365845, 0.00744424294680357)","(0.625121533870697, 0.30499884486198425, 0.026991095393896103)","(0.7036054730415344, 0.18610960245132446, -0.02490350604057312)","(0.6763013005256653, 0.26686590909957886, -0.007291237358003855)","(0.6581571102142334, 0.2838129997253418, 0.01750636100769043)","(0.6468322277069092, 0.2760067284107208, 0.038845643401145935)",Reach
1455,"(0.7098298072814941, 0.016178011894226074, -7.624501449754462e-05)","(0.6470012068748474, 0.09994775056838989, -0.007742493413388729)","(0.6222530603408813, 0.192495197057724, -0.014190095476806164)","(0.6163197755813599, 0.2662985622882843, -0.0102604441344738)","(0.616502583026886, 0.3266533613204956, -0.010179533623158932)","(0.667708158493042, 0.21750016510486603, -0.0719028040766716)","(0.6530476212501526, 0.3221155107021332, -0.05666206032037735)","(0.6344881057739258, 0.37064552307128906, -0.03669540956616402)","(0.6215096712112427, 0.3879619240760803, -0.02196204662322998)","(0.7015281915664673, 0.21754613518714905, -0.0559413880109787)","(0.6842688918113708, 0.3446374535560608, -0.035425588488578796)","(0.6605632305145264, 0.37839728593826294, -0.00047414295841008425)","(0.6446163058280945, 0.37524089217185974, 0.024357689544558525)","(0.7268943190574646, 0.21758165955543518, -0.037140727043151855)","(0.7081188559532166, 0.33623868227005005, -0.022076908499002457)","(0.6861717700958252, 0.3639955520629883, 0.0013018423924222589)","(0.6719584465026855, 0.3584834933280945, 0.018127426505088806)","(0.7414023876190186, 0.21724319458007812, -0.015809696167707443)","(0.7218701243400574, 0.30441296100616455, -0.006253243423998356)","(0.7036241292953491, 0.3291369676589966, 0.01239011250436306)","(0.6901616454124451, 0.3300788402557373, 0.03013973869383335)",Reach
1456,"(0.7354576587677002, 0.05026093125343323, -4.013601937913336e-05)","(0.6791920065879822, 0.15949171781539917, -0.013824079185724258)","(0.6596657633781433, 0.26083454489707947, -0.017964934930205345)","(0.6537221670150757, 0.3415605127811432, -0.013321289792656898)","(0.6555202603340149, 0.4115268588066101, -0.0078005860559642315)","(0.7198652029037476, 0.29170486330986023, -0.035449255257844925)","(0.7055755853652954, 0.3853718340396881, -0.003958412446081638)","(0.6861389875411987, 0.41880130767822266, 0.02013508602976799)","(0.671367347240448, 0.42725297808647156, 0.034637290984392166)","(0.7469609975814819, 0.2791050374507904, -0.013785099610686302)","(0.7338235378265381, 0.3874523639678955, 0.02178807184100151)","(0.7138407230377197, 0.41956910490989685, 0.05168452486395836)","(0.6980478167533875, 0.4203587472438812, 0.0711011067032814)","(0.7659174799919128, 0.2689260244369507, 0.00935699138790369)","(0.7508248090744019, 0.37130773067474365, 0.03884609043598175)","(0.7326124310493469, 0.40375030040740967, 0.05774780735373497)","(0.7186000943183899, 0.40427592396736145, 0.07334356755018234)","(0.7762075662612915, 0.2594110369682312, 0.03299139440059662)","(0.7623965740203857, 0.33779793977737427, 0.048257555812597275)","(0.7483618855476379, 0.3640215992927551, 0.06327086687088013)","(0.7374106049537659, 0.36744603514671326, 0.0791444405913353)",Reach
1457,"(0.7530487775802612, 0.0879436731338501, -4.825279756914824e-05)","(0.708747923374176, 0.2093733251094818, -0.015228049829602242)","(0.6917824149131775, 0.316402792930603, -0.013612848706543446)","(0.6863570213317871, 0.39862459897994995, -0.0028132942970842123)","(0.6838434934616089, 0.46824944019317627, 0.009913773275911808)","(0.7592758536338806, 0.3468792736530304, -0.024400265887379646)","(0.7385388612747192, 0.43486979603767395, 0.017190197482705116)","(0.7206418514251709, 0.4679639935493469, 0.042810190469026566)","(0.7065752744674683, 0.4732969403266907, 0.053749337792396545)","(0.7848629951477051, 0.33263909816741943, 0.0012490296503528953)","(0.7651997804641724, 0.42943233251571655, 0.04798363521695137)","(0.7427510619163513, 0.4670029580593109, 0.07880239933729172)","(0.7232695817947388, 0.47246435284614563, 0.09712809324264526)","(0.7995600700378418, 0.3192576467990875, 0.030044937506318092)","(0.7812228202819824, 0.41058266162872314, 0.07201264798641205)","(0.7603415250778198, 0.44645699858665466, 0.09420326352119446)","(0.7414177656173706, 0.4526970386505127, 0.10886117070913315)","(0.8051148653030396, 0.3090205788612366, 0.057153020054101944)","(0.7919803261756897, 0.37761637568473816, 0.0807487815618515)","(0.7774932384490967, 0.40598762035369873, 0.09767987579107285)","(0.7629448175430298, 0.41289836168289185, 0.11511363089084625)",Reach
1458,"(0.7644995450973511, 0.12695254385471344, -4.8705558583606035e-05)","(0.7234787940979004, 0.2533388137817383, -0.012791416607797146)","(0.7088886499404907, 0.36295846104621887, -0.0058508217334747314)","(0.7069348096847534, 0.44860634207725525, 0.007606815081089735)","(0.7024480104446411, 0.5175693035125732, 0.024670107290148735)","(0.7732630372047424, 0.3960797190666199, -0.0010005790973082185)","(0.7560252547264099, 0.48761695623397827, 0.038130369037389755)","(0.7371070384979248, 0.5205538868904114, 0.06442618370056152)","(0.7193208932876587, 0.5288206338882446, 0.0781356617808342)","(0.7994228005409241, 0.3794131875038147, 0.020885294303297997)","(0.7824650406837463, 0.47673216462135315, 0.06541828066110611)","(0.7600425481796265, 0.516405463218689, 0.08951400220394135)","(0.7405918836593628, 0.5233259797096252, 0.10047901421785355)","(0.8116434812545776, 0.36007100343704224, 0.04685936123132706)","(0.7971124649047852, 0.4490256607532501, 0.08169271051883698)","(0.7780736684799194, 0.4900090992450714, 0.09699621796607971)","(0.7599045038223267, 0.5006716847419739, 0.10512581467628479)","(0.8158935308456421, 0.34280258417129517, 0.069590263068676)","(0.8073093891143799, 0.41257545351982117, 0.09185262024402618)","(0.7945154309272766, 0.44771772623062134, 0.10482736676931381)","(0.7810743451118469, 0.46244144439697266, 0.11773375421762466)",Reach
1459,"(0.7704215049743652, 0.1671326756477356, -9.856517863227054e-05)","(0.7253311276435852, 0.2945702075958252, -0.013068495318293571)","(0.7122014164924622, 0.4079747796058655, -0.0032790452241897583)","(0.7126526832580566, 0.496759295463562, 0.01568308286368847)","(0.7080157399177551, 0.5669732689857483, 0.03812548145651817)","(0.7817803025245667, 0.44553741812705994, 0.0013145165285095572)","(0.7621853351593018, 0.5390455722808838, 0.04744201526045799)","(0.7404753565788269, 0.5705156922340393, 0.08146380633115768)","(0.7213528156280518, 0.578594446182251, 0.10304764658212662)","(0.8108986616134644, 0.42698225378990173, 0.027895867824554443)","(0.7915692925453186, 0.5239996910095215, 0.08196589350700378)","(0.7660562992095947, 0.5578835606575012, 0.11579539626836777)","(0.7438406348228455, 0.5617122650146484, 0.13163946568965912)","(0.8242547512054443, 0.40458944439888, 0.05967677757143974)","(0.8057155013084412, 0.4896757900714874, 0.10310935229063034)","(0.7836246490478516, 0.5261079668998718, 0.12661585211753845)","(0.7633917331695557, 0.5305992960929871, 0.1374596208333969)","(0.8289170861244202, 0.3836403787136078, 0.08745057135820389)","(0.8154640197753906, 0.4507194757461548, 0.12045478820800781)","(0.7988517880439758, 0.48506873846054077, 0.138788104057312)","(0.782974898815155, 0.49824845790863037, 0.15206992626190186)",Reach
1460,"(0.7729125618934631, 0.20456238090991974, -0.0001161788241006434)","(0.726432740688324, 0.3309662342071533, -0.015012538991868496)","(0.7126256823539734, 0.44511884450912476, -0.008627614006400108)","(0.7105041146278381, 0.5363738536834717, 0.008831995539367199)","(0.7066616415977478, 0.6066725254058838, 0.02933802269399166)","(0.7828513979911804, 0.4920080602169037, 0.008415907621383667)","(0.7644146680831909, 0.5854870676994324, 0.056990887969732285)","(0.7403028607368469, 0.6082521080970764, 0.08912142366170883)","(0.7206571102142334, 0.6079950928688049, 0.10863608121871948)","(0.8122056126594543, 0.47182321548461914, 0.03564631566405296)","(0.7939108610153198, 0.5690669417381287, 0.09220631420612335)","(0.7697091102600098, 0.597825825214386, 0.12633854150772095)","(0.7496693134307861, 0.6004669666290283, 0.14216598868370056)","(0.8252048492431641, 0.44548922777175903, 0.06617527455091476)","(0.8099806308746338, 0.5291364789009094, 0.11200893670320511)","(0.7889702916145325, 0.5631313323974609, 0.13920393586158752)","(0.7704545259475708, 0.5703237056732178, 0.15183952450752258)","(0.8297783136367798, 0.4196830987930298, 0.09309075027704239)","(0.8200768232345581, 0.4876182973384857, 0.12936697900295258)","(0.8033068180084229, 0.5212792158126831, 0.1528942734003067)","(0.7882880568504333, 0.5361832976341248, 0.16950348019599915)",Reach
1461,"(0.7706077694892883, 0.24110648036003113, -0.0001206233719130978)","(0.7243216037750244, 0.35839521884918213, -0.02229851298034191)","(0.7103927731513977, 0.4711732566356659, -0.01980382576584816)","(0.7072266936302185, 0.5640335083007812, -0.004837565589696169)","(0.7025833129882812, 0.6357941627502441, 0.013437877409160137)","(0.7866863012313843, 0.5239592790603638, 0.003060411661863327)","(0.7679449915885925, 0.6200200319290161, 0.04989615082740784)","(0.7410767674446106, 0.6357287168502808, 0.08219636231660843)","(0.720163106918335, 0.6298938393592834, 0.10199018567800522)","(0.814403235912323, 0.5015997886657715, 0.03567921742796898)","(0.7959104776382446, 0.6012183427810669, 0.09225747734308243)","(0.7691404819488525, 0.6199382543563843, 0.12681111693382263)","(0.7483262419700623, 0.6164596080780029, 0.14275310933589935)","(0.8256186246871948, 0.4718606770038605, 0.07141073793172836)","(0.8105160593986511, 0.5560526251792908, 0.11581151932477951)","(0.7865113615989685, 0.5835753083229065, 0.1425732523202896)","(0.7663693428039551, 0.5867753624916077, 0.15474581718444824)","(0.828089714050293, 0.44306105375289917, 0.10344504565000534)","(0.8198942542076111, 0.5109734535217285, 0.1380201280117035)","(0.801971435546875, 0.5407276749610901, 0.15924623608589172)","(0.7857254147529602, 0.5517131090164185, 0.17447102069854736)",Reach
1462,"(0.7676148414611816, 0.2725386917591095, -0.00011885317508131266)","(0.7203779220581055, 0.38053858280181885, -0.02265818417072296)","(0.7082841396331787, 0.48809778690338135, -0.020257484167814255)","(0.7076515555381775, 0.5775111317634583, -0.004449822939932346)","(0.7059338688850403, 0.6477939486503601, 0.014830999076366425)","(0.7866820096969604, 0.5511447191238403, -0.0036683999933302402)","(0.7659870982170105, 0.6430777907371521, 0.04706566035747528)","(0.7395687103271484, 0.6519522070884705, 0.08527916669845581)","(0.720524787902832, 0.6440342664718628, 0.10896668583154678)","(0.8146865367889404, 0.5312185883522034, 0.029737070202827454)","(0.7949250340461731, 0.6289166212081909, 0.08607786148786545)","(0.7680092453956604, 0.643131673336029, 0.12284407764673233)","(0.7478176355361938, 0.6388148665428162, 0.14046235382556915)","(0.8261102437973022, 0.5017377138137817, 0.06769157946109772)","(0.810054361820221, 0.5837364196777344, 0.11281342804431915)","(0.7858322262763977, 0.6067657470703125, 0.1394789218902588)","(0.7660819888114929, 0.6092659831047058, 0.15068475902080536)","(0.8283109664916992, 0.47132396697998047, 0.10249879211187363)","(0.8188470602035522, 0.5361427068710327, 0.13907256722450256)","(0.8007959127426147, 0.5615599155426025, 0.15940618515014648)","(0.7848061323165894, 0.5706552267074585, 0.17239664494991302)",Grasp
1463,"(0.7647305130958557, 0.29782453179359436, -0.00012761641119141132)","(0.7196938991546631, 0.3964768648147583, -0.02563912607729435)","(0.7079543471336365, 0.501349925994873, -0.025584053248167038)","(0.7076258063316345, 0.5907900333404541, -0.011513984762132168)","(0.70640629529953, 0.6600930094718933, 0.007380204740911722)","(0.7848679423332214, 0.5610043406486511, -0.01135295070707798)","(0.7645352482795715, 0.6579995155334473, 0.03452383726835251)","(0.7384900450706482, 0.667435884475708, 0.07177836447954178)","(0.7197920083999634, 0.6581621170043945, 0.09596662223339081)","(0.8132150173187256, 0.5454525947570801, 0.02141118049621582)","(0.792547881603241, 0.6458126306533813, 0.06899654865264893)","(0.7648235559463501, 0.6595946550369263, 0.10480718314647675)","(0.7442200183868408, 0.6529185175895691, 0.1228940337896347)","(0.8251751661300659, 0.5198869705200195, 0.0580444298684597)","(0.8084058165550232, 0.6050639152526855, 0.09602300822734833)","(0.7845969200134277, 0.6261743307113647, 0.12221787869930267)","(0.7650032639503479, 0.6263124942779541, 0.1350337117910385)","(0.8274911046028137, 0.49133193492889404, 0.09206291288137436)","(0.8175655603408813, 0.558059811592102, 0.1224127784371376)","(0.8000470995903015, 0.5810291171073914, 0.13980408012866974)","(0.7841410636901855, 0.5873817205429077, 0.1514582484960556)",Grasp
1464,"(0.760894775390625, 0.3161088824272156, -0.00011203204485354945)","(0.7158715724945068, 0.4137672781944275, -0.015796083956956863)","(0.7042967081069946, 0.512660562992096, -0.013246208429336548)","(0.7040703892707825, 0.5984876155853271, 0.00037729478208348155)","(0.7018035054206848, 0.6645166873931885, 0.018122706562280655)","(0.7773704528808594, 0.576773464679718, -0.005590102169662714)","(0.7617790102958679, 0.6699226498603821, 0.039578914642333984)","(0.7396972179412842, 0.6813580393791199, 0.0784439742565155)","(0.7238376140594482, 0.6765555739402771, 0.10557574033737183)","(0.805975615978241, 0.5599061250686646, 0.022703882306814194)","(0.7910667657852173, 0.6549031734466553, 0.07225772738456726)","(0.7659805417060852, 0.6662712693214417, 0.11146378517150879)","(0.7475915551185608, 0.6612049341201782, 0.13325822353363037)","(0.8192682862281799, 0.5322305560112, 0.05544234439730644)","(0.8084434270858765, 0.6119718551635742, 0.09670891612768173)","(0.7868574857711792, 0.6332859992980957, 0.12600800395011902)","(0.7687677145004272, 0.6360301971435547, 0.14142394065856934)","(0.8231975436210632, 0.5004492402076721, 0.08682925254106522)","(0.8178145885467529, 0.5626916289329529, 0.11969144642353058)","(0.8022021055221558, 0.5866384506225586, 0.13894909620285034)","(0.7877946496009827, 0.5951679944992065, 0.15240135788917542)",Grasp
1465,"(0.7566125988960266, 0.3279082179069519, -0.00011185379116795957)","(0.712440013885498, 0.4250228703022003, -0.013131159357726574)","(0.7026944160461426, 0.5232545733451843, -0.009917136281728745)","(0.7045789957046509, 0.607328474521637, 0.004176388029009104)","(0.7019938826560974, 0.6720739006996155, 0.02269124612212181)","(0.7762209177017212, 0.5857974290847778, -0.0078201899304986)","(0.7601661682128906, 0.6736993789672852, 0.04308672994375229)","(0.737144410610199, 0.677961528301239, 0.08501710742712021)","(0.7225112318992615, 0.6663802862167358, 0.1116214245557785)","(0.8043115139007568, 0.5668973922729492, 0.018797388300299644)","(0.7884663343429565, 0.6542796492576599, 0.07124828547239304)","(0.7640329003334045, 0.6578683853149414, 0.11084591597318649)","(0.7478341460227966, 0.645767867565155, 0.13174718618392944)","(0.8180084824562073, 0.5373295545578003, 0.05073171854019165)","(0.804344117641449, 0.6113033294677734, 0.09505957365036011)","(0.783644437789917, 0.6235958933830261, 0.12273858487606049)","(0.768196165561676, 0.6179304122924805, 0.13539840281009674)","(0.8222960829734802, 0.5044991374015808, 0.08128803968429565)","(0.8137307167053223, 0.5651409029960632, 0.1152397096157074)","(0.7974779009819031, 0.5808586478233337, 0.13249817490577698)","(0.7848098874092102, 0.5796961784362793, 0.14430540800094604)",Grasp
1466,"(0.7540421485900879, 0.3378526568412781, -8.996814722195268e-05)","(0.7114230394363403, 0.43416205048561096, -0.013587155379354954)","(0.7023208141326904, 0.5297247171401978, -0.009683819487690926)","(0.7039350867271423, 0.6111817359924316, 0.005427485331892967)","(0.7019087076187134, 0.6729966998100281, 0.024921083822846413)","(0.7778043746948242, 0.5896213054656982, -0.010004916228353977)","(0.7609869837760925, 0.6763567328453064, 0.04006550461053848)","(0.7369638085365295, 0.6791013479232788, 0.08046652376651764)","(0.722322940826416, 0.6664477586746216, 0.10523886233568192)","(0.8049497008323669, 0.5715464353561401, 0.016525762155652046)","(0.7880316376686096, 0.6572522521018982, 0.06843669712543488)","(0.7624033093452454, 0.657757043838501, 0.10643403232097626)","(0.7460032105445862, 0.6427572965621948, 0.12574796378612518)","(0.8174530267715454, 0.5436362028121948, 0.04825626313686371)","(0.8033633232116699, 0.6171358823776245, 0.09142624586820602)","(0.7821140289306641, 0.6283016204833984, 0.1185622364282608)","(0.7666016221046448, 0.6209610104560852, 0.13122707605361938)","(0.8203999996185303, 0.5127482414245605, 0.07863334566354752)","(0.8121270537376404, 0.5736355185508728, 0.11194581538438797)","(0.7959225177764893, 0.589145302772522, 0.1291331797838211)","(0.7831788659095764, 0.5873507857322693, 0.14083607494831085)",Grasp
1467,"(0.7520633339881897, 0.3458420932292938, -8.832663297653198e-05)","(0.7106330990791321, 0.4419644773006439, -0.010300987400114536)","(0.7029822468757629, 0.5366365909576416, -0.00430492265149951)","(0.7056041359901428, 0.616257905960083, 0.011935253627598286)","(0.7037091255187988, 0.675762951374054, 0.032859694212675095)","(0.776830792427063, 0.5927280187606812, -0.0038126781582832336)","(0.7610648274421692, 0.6779012680053711, 0.04548484832048416)","(0.7374067902565002, 0.6811264753341675, 0.08544006943702698)","(0.7228580713272095, 0.6691354513168335, 0.1101338192820549)","(0.8036087155342102, 0.5739942789077759, 0.02120993472635746)","(0.7882537841796875, 0.658674955368042, 0.07103171199560165)","(0.7632171511650085, 0.6610450744628906, 0.1087963879108429)","(0.7468639612197876, 0.6476317048072815, 0.12849615514278412)","(0.8164774775505066, 0.5459089875221252, 0.05131201073527336)","(0.8045477271080017, 0.6188397407531738, 0.09205152839422226)","(0.783772885799408, 0.6314495205879211, 0.11955022066831589)","(0.7677696347236633, 0.6248379945755005, 0.13306669890880585)","(0.8203758597373962, 0.5147504806518555, 0.08037548512220383)","(0.8135408163070679, 0.5742693543434143, 0.11262825131416321)","(0.7977306246757507, 0.590202271938324, 0.13045546412467957)","(0.7849107980728149, 0.5883592367172241, 0.14281882345676422)",Grasp
1468,"(0.7507814168930054, 0.34896183013916016, -8.858444198267534e-05)","(0.7103826403617859, 0.44363805651664734, -0.010654364712536335)","(0.7033225893974304, 0.5368450284004211, -0.0053757913410663605)","(0.7061250805854797, 0.6158005595207214, 0.010226876474916935)","(0.7042741775512695, 0.6751817464828491, 0.03089572675526142)","(0.7774823307991028, 0.5912994742393494, -0.005417635198682547)","(0.7616997361183167, 0.6750297546386719, 0.0440937802195549)","(0.7378019094467163, 0.6781324148178101, 0.0847061350941658)","(0.7231577038764954, 0.6670294404029846, 0.10968109965324402)","(0.8038510084152222, 0.5722187161445618, 0.019586315378546715)","(0.7887914776802063, 0.6557263731956482, 0.06937475502490997)","(0.7640358805656433, 0.6587381362915039, 0.10677427053451538)","(0.7479923963546753, 0.646839439868927, 0.12590302526950836)","(0.8165002465248108, 0.544317901134491, 0.04983869567513466)","(0.8059189915657043, 0.617164134979248, 0.08992305397987366)","(0.785515546798706, 0.6299070119857788, 0.11727537214756012)","(0.7697430849075317, 0.6247539520263672, 0.13076478242874146)","(0.8204496502876282, 0.5132262706756592, 0.07923968136310577)","(0.8156128525733948, 0.5736144185066223, 0.11026343703269958)","(0.8003950715065002, 0.5904368758201599, 0.12805244326591492)","(0.7876852750778198, 0.5893914699554443, 0.14090219140052795)",Grasp
1469,"(0.7510414123535156, 0.35207709670066833, -9.151495032710955e-05)","(0.7100991606712341, 0.4462665915489197, -0.0057254633866250515)","(0.7047777771949768, 0.5396548509597778, 0.003924804273992777)","(0.709144115447998, 0.616521954536438, 0.023296073079109192)","(0.707572877407074, 0.6726220846176147, 0.04791266471147537)","(0.777752161026001, 0.5938170552253723, -0.0022757798433303833)","(0.7599484920501709, 0.6744820475578308, 0.049166176468133926)","(0.7368281483650208, 0.6785598397254944, 0.09055470675230026)","(0.723090648651123, 0.6702328324317932, 0.11567455530166626)","(0.8041562438011169, 0.5745834708213806, 0.02131933718919754)","(0.7874391078948975, 0.6569907665252686, 0.07255277782678604)","(0.7620427012443542, 0.6598808169364929, 0.11108624190092087)","(0.7453568577766418, 0.6488339900970459, 0.13128365576267242)","(0.8162758350372314, 0.5465588569641113, 0.0506555512547493)","(0.8039664626121521, 0.619071364402771, 0.0919787585735321)","(0.7830119132995605, 0.6324903964996338, 0.12011735886335373)","(0.7663395404815674, 0.628756582736969, 0.13414126634597778)","(0.8192395567893982, 0.515404224395752, 0.07956071197986603)","(0.8131024241447449, 0.5769698619842529, 0.11120640486478806)","(0.7970952987670898, 0.5937230587005615, 0.129263773560524)","(0.7833874225616455, 0.5932623744010925, 0.14169001579284668)",Grasp
1470,"(0.7519131898880005, 0.3533516228199005, -9.200804197462276e-05)","(0.7102293372154236, 0.4474443793296814, -0.006378472317010164)","(0.7052133083343506, 0.541586697101593, 0.0044376845471560955)","(0.7106393575668335, 0.6173229217529297, 0.024868030101060867)","(0.7097231149673462, 0.6725835800170898, 0.050992462784051895)","(0.7786734700202942, 0.5958421230316162, 0.0008391276933252811)","(0.7621772289276123, 0.6736934781074524, 0.052081815898418427)","(0.7390960454940796, 0.6797055602073669, 0.09350620955228806)","(0.7246031761169434, 0.6742823123931885, 0.11949370801448822)","(0.8043649196624756, 0.5746444463729858, 0.02530413493514061)","(0.7888560891151428, 0.6542742252349854, 0.07624378800392151)","(0.7634009718894958, 0.6593987345695496, 0.1145356073975563)","(0.7457343935966492, 0.6511532664299011, 0.13447242975234985)","(0.8158066868782043, 0.5447000861167908, 0.05504337325692177)","(0.8044096231460571, 0.6134109497070312, 0.09587810933589935)","(0.7834513187408447, 0.6284202337265015, 0.12279859185218811)","(0.7661340236663818, 0.6270145177841187, 0.135745570063591)","(0.8183451294898987, 0.5118189454078674, 0.08454088866710663)","(0.8127773404121399, 0.5704355239868164, 0.11599777638912201)","(0.7970004081726074, 0.5884920954704285, 0.13346202671527863)","(0.7827834486961365, 0.5899006128311157, 0.14459344744682312)",Grasp
1471,"(0.7528622150421143, 0.35564810037612915, -8.563649316783994e-05)","(0.7111274600028992, 0.4466141164302826, -0.00812560599297285)","(0.7059321403503418, 0.5411640405654907, 0.0024412458296865225)","(0.7105981707572937, 0.6167749762535095, 0.022941829636693)","(0.7099621295928955, 0.6725366711616516, 0.04858578369021416)","(0.7774454951286316, 0.5971236824989319, 0.0011125995079055429)","(0.76153165102005, 0.6738640666007996, 0.05055569112300873)","(0.7380980253219604, 0.6797624826431274, 0.08996550738811493)","(0.7231861352920532, 0.6741673350334167, 0.11450819671154022)","(0.8023732304573059, 0.5772362947463989, 0.02566244825720787)","(0.7877237796783447, 0.6567571759223938, 0.07581532001495361)","(0.7615733742713928, 0.660676896572113, 0.11164941638708115)","(0.74330735206604, 0.6510173082351685, 0.12979982793331146)","(0.8131182193756104, 0.548019289970398, 0.055589813739061356)","(0.8027020692825317, 0.615885317325592, 0.09495385736227036)","(0.781509280204773, 0.6304749846458435, 0.1190815269947052)","(0.7641674876213074, 0.6283758282661438, 0.12997649610042572)","(0.815432071685791, 0.5158517956733704, 0.0848952978849411)","(0.8113535642623901, 0.5746411085128784, 0.11521824449300766)","(0.7958357930183411, 0.5924333930015564, 0.13128845393657684)","(0.7813573479652405, 0.5935069918632507, 0.14118002355098724)",Grasp
1472,"(0.7526371479034424, 0.356178343296051, -8.826546400086954e-05)","(0.7112743258476257, 0.4454958438873291, -0.007782243192195892)","(0.7062826156616211, 0.5386416912078857, 0.002164342673495412)","(0.7106800675392151, 0.6133701205253601, 0.02163669466972351)","(0.7089271545410156, 0.6687127351760864, 0.0460667610168457)","(0.7763769030570984, 0.5926239490509033, 0.0019597122445702553)","(0.7616657018661499, 0.6732455492019653, 0.04957769438624382)","(0.7390291690826416, 0.680851399898529, 0.08962495625019073)","(0.7243314385414124, 0.6761664152145386, 0.11579907685518265)","(0.8011688590049744, 0.573815107345581, 0.02631440758705139)","(0.7874276041984558, 0.6551459431648254, 0.0752863734960556)","(0.762451171875, 0.6613391041755676, 0.1132805198431015)","(0.7448998689651489, 0.6546321511268616, 0.13352066278457642)","(0.8124541640281677, 0.5453934669494629, 0.05543850362300873)","(0.8033722639083862, 0.614722490310669, 0.0946161150932312)","(0.7826727032661438, 0.630919337272644, 0.12135416269302368)","(0.7651415467262268, 0.6310707926750183, 0.1346016824245453)","(0.8152741193771362, 0.5135177373886108, 0.08381057530641556)","(0.8114571571350098, 0.5719597339630127, 0.11404615640640259)","(0.7963321208953857, 0.5907221436500549, 0.13167589902877808)","(0.7822533845901489, 0.5936486721038818, 0.14320889115333557)",Grasp
1473,"(0.754422128200531, 0.35759150981903076, -9.208220581058413e-05)","(0.7123947143554688, 0.4437949061393738, -0.012627310119569302)","(0.7058838605880737, 0.5374490022659302, -0.003767463145777583)","(0.709563136100769, 0.61298006772995, 0.01564742997288704)","(0.7090743184089661, 0.6683963537216187, 0.04051857814192772)","(0.7782549262046814, 0.5896632075309753, -0.0003968529053963721)","(0.7640456557273865, 0.6726067662239075, 0.044967662543058395)","(0.7402898669242859, 0.6819164752960205, 0.08324523270130157)","(0.724232017993927, 0.6777694225311279, 0.10882256180047989)","(0.8016917109489441, 0.5710225701332092, 0.026304390281438828)","(0.7880505323410034, 0.6547208428382874, 0.07224034518003464)","(0.7616592645645142, 0.6628636121749878, 0.10733454674482346)","(0.7426801323890686, 0.6568390130996704, 0.12566925585269928)","(0.8113845586776733, 0.5435670614242554, 0.05716205760836601)","(0.8020269274711609, 0.6140924096107483, 0.09254228323698044)","(0.7794308066368103, 0.6330718994140625, 0.11632227152585983)","(0.7603627443313599, 0.6348100900650024, 0.12826475501060486)","(0.8128764033317566, 0.5132783055305481, 0.08719445765018463)","(0.8091372847557068, 0.573152482509613, 0.11519395560026169)","(0.7933657765388489, 0.5943920016288757, 0.13111822307109833)","(0.7783209681510925, 0.5998461842536926, 0.14109547436237335)",Grasp
1474,"(0.7538982629776001, 0.35667166113853455, -9.13292242330499e-05)","(0.7113511562347412, 0.44434109330177307, -0.01272093877196312)","(0.7048624157905579, 0.5372127890586853, -0.004244349431246519)","(0.7081203460693359, 0.6118981838226318, 0.014608231373131275)","(0.7079290747642517, 0.6690619587898254, 0.03813757747411728)","(0.777559757232666, 0.5910793542861938, 0.0024040641728788614)","(0.7622200846672058, 0.6725640296936035, 0.04761345684528351)","(0.7380358576774597, 0.6807616949081421, 0.08476293087005615)","(0.7220981121063232, 0.6766220331192017, 0.10837960988283157)","(0.8001296520233154, 0.5712305903434753, 0.0288945771753788)","(0.7857965230941772, 0.6535727977752686, 0.07622276246547699)","(0.7589712738990784, 0.6597892045974731, 0.11044199019670486)","(0.7396963834762573, 0.6525107026100159, 0.12851840257644653)","(0.8092952370643616, 0.5435400009155273, 0.05931983143091202)","(0.7999372482299805, 0.6131330728530884, 0.09587837755680084)","(0.7775490283966064, 0.6305541396141052, 0.11868460476398468)","(0.7587712407112122, 0.6307770609855652, 0.12999217212200165)","(0.8106415271759033, 0.5131527185440063, 0.08894510567188263)","(0.8073658347129822, 0.5730490684509277, 0.11737712472677231)","(0.7915667295455933, 0.5930019021034241, 0.1327621042728424)","(0.7765032052993774, 0.5965667963027954, 0.1425074189901352)",Grasp
1475,"(0.7543176412582397, 0.3546748757362366, -9.5020754088182e-05)","(0.710824728012085, 0.4367711842060089, -0.016151482239365578)","(0.7031570672988892, 0.5309011340141296, -0.011795287020504475)","(0.7062049508094788, 0.6096911430358887, 0.0038259385619312525)","(0.7064442038536072, 0.6686844229698181, 0.024798214435577393)","(0.775949239730835, 0.5823448300361633, -0.008938469924032688)","(0.7630958557128906, 0.6686105132102966, 0.03464047983288765)","(0.7393088340759277, 0.6767393946647644, 0.07292678952217102)","(0.7231172919273376, 0.670616626739502, 0.09759601205587387)","(0.7999976873397827, 0.5657212734222412, 0.01846887357532978)","(0.7874345779418945, 0.6517553329467773, 0.062179043889045715)","(0.761054515838623, 0.6581380367279053, 0.09644608944654465)","(0.7420850396156311, 0.6480482816696167, 0.11444947123527527)","(0.810223400592804, 0.5402663350105286, 0.04973876476287842)","(0.8009729981422424, 0.6127368807792664, 0.0835443064570427)","(0.7786211967468262, 0.6285967826843262, 0.10593140870332718)","(0.7601515054702759, 0.6250120997428894, 0.11746347695589066)","(0.8123125433921814, 0.5116490125656128, 0.08048549294471741)","(0.807349443435669, 0.5737307667732239, 0.1061522588133812)","(0.7905512452125549, 0.5925449728965759, 0.12128445506095886)","(0.7752128839492798, 0.5924428701400757, 0.13158395886421204)",Grasp
1476,"(0.7534774541854858, 0.3477410078048706, -9.17322831810452e-05)","(0.7129108905792236, 0.42803019285202026, -0.018342239782214165)","(0.7039613127708435, 0.5221170783042908, -0.01701270043849945)","(0.7030848860740662, 0.6030988097190857, -0.005530278664082289)","(0.7030948400497437, 0.6627200245857239, 0.011459115892648697)","(0.7745174169540405, 0.5687034130096436, -0.009244979359209538)","(0.7629247307777405, 0.6584715843200684, 0.029895838350057602)","(0.7393072843551636, 0.6699015498161316, 0.06356065720319748)","(0.7223763465881348, 0.6661940217018127, 0.08523527532815933)","(0.7986111044883728, 0.5537084937095642, 0.016761871054768562)","(0.7863757610321045, 0.6441301107406616, 0.056217584758996964)","(0.7612648606300354, 0.65846848487854, 0.08711537718772888)","(0.7421799302101135, 0.6540530920028687, 0.10384797304868698)","(0.8094743490219116, 0.5306806564331055, 0.04598703607916832)","(0.8003067374229431, 0.6076881885528564, 0.07729262858629227)","(0.7785534262657166, 0.6288928985595703, 0.1001199260354042)","(0.7595272064208984, 0.6293590664863586, 0.11316043883562088)","(0.8120412826538086, 0.5051387548446655, 0.07411516457796097)","(0.8076080083847046, 0.5707460641860962, 0.09736529737710953)","(0.7916066646575928, 0.5944550633430481, 0.11351647228002548)","(0.7758800983428955, 0.5989180207252502, 0.1253271996974945)",Grasp
1477,"(0.7548473477363586, 0.3378280699253082, -9.989819227484986e-05)","(0.712801456451416, 0.41672447323799133, -0.019801264628767967)","(0.7022750377655029, 0.5136086940765381, -0.018382839858531952)","(0.7024624347686768, 0.5971351861953735, -0.005769798532128334)","(0.7037340998649597, 0.6568986773490906, 0.01241275668144226)","(0.7743474841117859, 0.557278573513031, -0.016604628413915634)","(0.7588395476341248, 0.64835524559021, 0.022031079977750778)","(0.7340600490570068, 0.6631898283958435, 0.05679910257458687)","(0.7160711288452148, 0.6614127159118652, 0.07913725078105927)","(0.7997387051582336, 0.5437476634979248, 0.01036804262548685)","(0.7801893949508667, 0.6328253149986267, 0.047763630747795105)","(0.752022385597229, 0.6470714211463928, 0.07880309969186783)","(0.7307174801826477, 0.6415905952453613, 0.09578195959329605)","(0.8102009892463684, 0.5222078561782837, 0.040784481912851334)","(0.7932699918746948, 0.5966494083404541, 0.0715387836098671)","(0.7691564559936523, 0.6166403293609619, 0.09527157247066498)","(0.7487972378730774, 0.6152985692024231, 0.10871896892786026)","(0.811932384967804, 0.4984184503555298, 0.06971528381109238)","(0.8010523319244385, 0.5637736320495605, 0.09272020310163498)","(0.7830033302307129, 0.5865762233734131, 0.10768533498048782)","(0.7662100195884705, 0.5891638994216919, 0.11824551224708557)",Move
1478,"(0.7529746890068054, 0.327731192111969, -9.5023526228033e-05)","(0.7097979187965393, 0.4045402705669403, -0.01697293482720852)","(0.6993934512138367, 0.5015799403190613, -0.014175470918416977)","(0.7004761695861816, 0.5851452350616455, -0.0015202522045001388)","(0.6991422772407532, 0.6444389820098877, 0.016046369448304176)","(0.770038366317749, 0.5469061136245728, -0.010726323351264)","(0.7552507519721985, 0.6382261514663696, 0.0269462913274765)","(0.7315253615379333, 0.6531105637550354, 0.061883144080638885)","(0.7135714888572693, 0.6544586420059204, 0.08508565276861191)","(0.7954354882240295, 0.5342358350753784, 0.014987564645707607)","(0.7763371467590332, 0.6225683689117432, 0.0523851215839386)","(0.7490552067756653, 0.6394498944282532, 0.08439091593027115)","(0.7272282242774963, 0.6395881175994873, 0.10262753814458847)","(0.8063809871673584, 0.5125452876091003, 0.04427658021450043)","(0.7901402711868286, 0.5869008898735046, 0.07549761235713959)","(0.7661470770835876, 0.6105415225028992, 0.10035868734121323)","(0.7442250847816467, 0.6145687103271484, 0.11509539186954498)","(0.8086404800415039, 0.4873674213886261, 0.07230272144079208)","(0.7988881468772888, 0.5525537133216858, 0.09689562767744064)","(0.7813754677772522, 0.5773353576660156, 0.113120436668396)","(0.7642143964767456, 0.5840851664543152, 0.12401656806468964)",Move
1479,"(0.7515611052513123, 0.3197817802429199, -8.19530469016172e-05)","(0.7085738778114319, 0.3924750089645386, -0.021344216540455818)","(0.6978579163551331, 0.4887444078922272, -0.020903099328279495)","(0.6984395384788513, 0.5724137425422668, -0.008880861103534698)","(0.6958954930305481, 0.6322177648544312, 0.007440411485731602)","(0.7692472338676453, 0.5339276790618896, -0.02439863607287407)","(0.751451849937439, 0.6279666423797607, 0.011249199509620667)","(0.7270642518997192, 0.6459636688232422, 0.04616260528564453)","(0.709051251411438, 0.6498284935951233, 0.06971441209316254)","(0.79450523853302, 0.5233314037322998, 0.0031653079204261303)","(0.7723551988601685, 0.6142694354057312, 0.03687358275055885)","(0.7436569333076477, 0.6283608078956604, 0.06843292713165283)","(0.721421480178833, 0.6257719397544861, 0.08690305799245834)","(0.8048765063285828, 0.5039491057395935, 0.034428734332323074)","(0.7850925326347351, 0.5790047645568848, 0.06346815824508667)","(0.759909451007843, 0.5986680388450623, 0.0862780213356018)","(0.7380428314208984, 0.5983716249465942, 0.10017203539609909)","(0.80674809217453, 0.48216012120246887, 0.06429926306009293)","(0.7941188216209412, 0.5481722950935364, 0.08605331182479858)","(0.7751705050468445, 0.5703157782554626, 0.0990075021982193)","(0.7570614218711853, 0.5732811093330383, 0.108208566904068)",Move
1480,"(0.7527327537536621, 0.31748658418655396, -8.749625703785568e-05)","(0.7081863880157471, 0.3840855360031128, -0.023712003603577614)","(0.6972543597221375, 0.48032253980636597, -0.02536984160542488)","(0.6980449557304382, 0.5651393532752991, -0.015010434202849865)","(0.6953280568122864, 0.6271826028823853, -0.0014930384932085872)","(0.7640058994293213, 0.526099681854248, -0.028555231168866158)","(0.7471615076065063, 0.6250507831573486, 0.003506941022351384)","(0.7228725552558899, 0.6461755037307739, 0.036412253975868225)","(0.7048342227935791, 0.6517820358276367, 0.05944494530558586)","(0.7896810173988342, 0.5163778066635132, -0.0004884136142209172)","(0.7684454917907715, 0.6139968037605286, 0.030777379870414734)","(0.7398802638053894, 0.6321638822555542, 0.06252574175596237)","(0.7171236872673035, 0.6333097219467163, 0.08074764907360077)","(0.8006355166435242, 0.49787721037864685, 0.030787741765379906)","(0.7822017073631287, 0.580314040184021, 0.05876174569129944)","(0.7569549679756165, 0.60335773229599, 0.08197914808988571)","(0.7341426014900208, 0.6054320931434631, 0.09587422758340836)","(0.8028258085250854, 0.4770945608615875, 0.060481633991003036)","(0.7899810671806335, 0.5479245781898499, 0.0829608142375946)","(0.7715106010437012, 0.5722532272338867, 0.09764702618122101)","(0.7535392642021179, 0.5781102776527405, 0.107062429189682)",Move
1481,"(0.7497047185897827, 0.31657281517982483, -9.205421520164236e-05)","(0.7070216536521912, 0.3817891478538513, -0.02511485107243061)","(0.695319414138794, 0.47636178135871887, -0.028030820190906525)","(0.6967652440071106, 0.5607426762580872, -0.01831919327378273)","(0.6971073746681213, 0.6237536072731018, -0.005436007399111986)","(0.7628040909767151, 0.5185743570327759, -0.034481413662433624)","(0.7446025609970093, 0.6190990209579468, -0.004208245314657688)","(0.7212192416191101, 0.6432119607925415, 0.028971288353204727)","(0.7032181024551392, 0.6511809825897217, 0.0532737597823143)","(0.788812518119812, 0.5103714466094971, -0.005687727127224207)","(0.7671200037002563, 0.6105462312698364, 0.023064741864800453)","(0.7396823167800903, 0.6350533366203308, 0.05493959039449692)","(0.7166929244995117, 0.6415026187896729, 0.07384350150823593)","(0.7998334169387817, 0.49372920393943787, 0.02639801613986492)","(0.7813302278518677, 0.5795180201530457, 0.05233589559793472)","(0.7564977407455444, 0.6046600937843323, 0.07590695470571518)","(0.7334610819816589, 0.6088907122612, 0.09008213132619858)","(0.8018336892127991, 0.47472381591796875, 0.05717705562710762)","(0.7889108657836914, 0.5471407771110535, 0.07747769355773926)","(0.7704768776893616, 0.574249267578125, 0.0910753533244133)","(0.7519272565841675, 0.5833156108856201, 0.09951018542051315)",Move
1482,"(0.7524213790893555, 0.31806981563568115, -9.076179412659258e-05)","(0.7063194513320923, 0.3811037242412567, -0.02272813208401203)","(0.6943336725234985, 0.47617650032043457, -0.02559472993016243)","(0.6977452039718628, 0.5603092908859253, -0.016317782923579216)","(0.6991783380508423, 0.6221631169319153, -0.004340785555541515)","(0.7588905096054077, 0.5217305421829224, -0.03492635488510132)","(0.7418118715286255, 0.6225183010101318, -0.0044390056282281876)","(0.7193122506141663, 0.6468158960342407, 0.03013141080737114)","(0.7021741271018982, 0.6541388630867004, 0.05612979456782341)","(0.787273645401001, 0.5130088925361633, -0.006726956460624933)","(0.7685194611549377, 0.6169008016586304, 0.023012757301330566)","(0.7424018383026123, 0.6428266167640686, 0.05801985785365105)","(0.7205249071121216, 0.6486583352088928, 0.079014353454113)","(0.8005147576332092, 0.49534353613853455, 0.024893708527088165)","(0.7852874398231506, 0.5840001106262207, 0.05155076086521149)","(0.7609186172485352, 0.6092681288719177, 0.07775826007127762)","(0.7381433844566345, 0.6139916777610779, 0.09358156472444534)","(0.80381840467453, 0.4747592508792877, 0.055493198335170746)","(0.7927759289741516, 0.547469973564148, 0.07734013348817825)","(0.77479088306427, 0.5744234323501587, 0.09411540627479553)","(0.7569969892501831, 0.5848636627197266, 0.10507451742887497)",Move
1483,"(0.7536213994026184, 0.3247191309928894, -9.236842743121088e-05)","(0.7084749341011047, 0.3891059160232544, -0.02410353161394596)","(0.6959203481674194, 0.48518940806388855, -0.02788115292787552)","(0.6979786157608032, 0.5702347159385681, -0.018797339871525764)","(0.699521005153656, 0.6332554817199707, -0.006791807245463133)","(0.7631599307060242, 0.5296878814697266, -0.03660682588815689)","(0.7469745874404907, 0.6306977272033691, -0.003012868808582425)","(0.7253312468528748, 0.6548089385032654, 0.03322738781571388)","(0.7082822918891907, 0.6619974970817566, 0.0598464198410511)","(0.7914416193962097, 0.5200827717781067, -0.007379151880741119)","(0.7717024087905884, 0.6233891844749451, 0.026596732437610626)","(0.7459198832511902, 0.6471009254455566, 0.06265011429786682)","(0.7246440052986145, 0.6504454612731934, 0.08274152874946594)","(0.8043938279151917, 0.502216100692749, 0.025519702583551407)","(0.7864213585853577, 0.5895075798034668, 0.05552124232053757)","(0.7624587416648865, 0.6131014823913574, 0.08286406099796295)","(0.7411027550697327, 0.6159018874168396, 0.09804341942071915)","(0.8074594736099243, 0.4823191165924072, 0.057402584701776505)","(0.7938933968544006, 0.554722249507904, 0.08028402924537659)","(0.7754383087158203, 0.5806083083152771, 0.09726017713546753)","(0.7582328915596008, 0.5897238254547119, 0.10808497667312622)",Move
1484,"(0.7569174766540527, 0.33605486154556274, -9.091212268685922e-05)","(0.709888756275177, 0.4013519883155823, -0.02412431687116623)","(0.6966568827629089, 0.4994724988937378, -0.027788618579506874)","(0.6994578838348389, 0.5861284732818604, -0.01785900816321373)","(0.702812910079956, 0.6476077437400818, -0.005608445964753628)","(0.7628636360168457, 0.543499231338501, -0.0444108285009861)","(0.7467744946479797, 0.6460775136947632, -0.011536512523889542)","(0.7250493168830872, 0.6698966026306152, 0.025699615478515625)","(0.7080774903297424, 0.674206018447876, 0.053170353174209595)","(0.7931632399559021, 0.5354430675506592, -0.015865053981542587)","(0.7725327610969543, 0.6401814818382263, 0.01654530130326748)","(0.7472423911094666, 0.6658570766448975, 0.05366690084338188)","(0.7263931035995483, 0.6692651510238647, 0.07487179338932037)","(0.8078590035438538, 0.5181027054786682, 0.016584578901529312)","(0.7891170382499695, 0.6080348491668701, 0.04535066336393356)","(0.7650884389877319, 0.6324737668037415, 0.07329007983207703)","(0.7435328960418701, 0.635704755783081, 0.08831597864627838)","(0.8120696544647217, 0.4979008734226227, 0.047673553228378296)","(0.7969523072242737, 0.572467565536499, 0.06890381872653961)","(0.777965784072876, 0.597944974899292, 0.08538484573364258)","(0.7606886029243469, 0.6071521639823914, 0.09586871415376663)",Move
1485,"(0.756865382194519, 0.3508303165435791, -8.353212615475059e-05)","(0.7089687585830688, 0.41880297660827637, -0.021415812894701958)","(0.6957319974899292, 0.5189428925514221, -0.025190522894263268)","(0.6998511552810669, 0.6064849495887756, -0.016312414780259132)","(0.7044855952262878, 0.6661686897277832, -0.005664699710905552)","(0.7630833387374878, 0.5588231086730957, -0.043429601937532425)","(0.7478629946708679, 0.6623950004577637, -0.011654078960418701)","(0.7260631918907166, 0.6892197132110596, 0.024209294468164444)","(0.7091678380966187, 0.696412980556488, 0.05023367330431938)","(0.7940036654472351, 0.5507467985153198, -0.016434485092759132)","(0.7744992971420288, 0.6580673456192017, 0.014963432215154171)","(0.7488512992858887, 0.685034453868866, 0.052310481667518616)","(0.7280212044715881, 0.689359188079834, 0.07345429062843323)","(0.8095805644989014, 0.5337222218513489, 0.014534791931509972)","(0.7916585206985474, 0.6273704171180725, 0.04339611157774925)","(0.7670697569847107, 0.6518818140029907, 0.07177987694740295)","(0.7453801035881042, 0.6544322371482849, 0.08697343617677689)","(0.8141686320304871, 0.5142125487327576, 0.04387383535504341)","(0.798928439617157, 0.5904276371002197, 0.06558916717767715)","(0.7799633145332336, 0.6163608431816101, 0.08212418109178543)","(0.7628893256187439, 0.6261011362075806, 0.09252060949802399)",Move
1486,"(0.7587730288505554, 0.36432209610939026, -7.358522270806134e-05)","(0.7089377641677856, 0.43456408381462097, -0.019103072583675385)","(0.6952836513519287, 0.5361627340316772, -0.020761528983712196)","(0.6988540291786194, 0.6231114268302917, -0.009486030787229538)","(0.7035157084465027, 0.6813806295394897, 0.004972693044692278)","(0.7632719874382019, 0.5818925499916077, -0.04035795107483864)","(0.7489190101623535, 0.6832212209701538, -0.004354443866759539)","(0.7270998954772949, 0.705725908279419, 0.03375500068068504)","(0.7107998728752136, 0.7088236212730408, 0.06066165119409561)","(0.7946422100067139, 0.5724005103111267, -0.013772204518318176)","(0.7761767506599426, 0.6762135624885559, 0.02147211693227291)","(0.7504454851150513, 0.6990170478820801, 0.060259222984313965)","(0.7304034233093262, 0.6987572908401489, 0.08097292482852936)","(0.8108848333358765, 0.5528891682624817, 0.017554283142089844)","(0.7925816178321838, 0.642667293548584, 0.04880183935165405)","(0.7671962380409241, 0.6641907691955566, 0.07758862525224686)","(0.7460590600967407, 0.6626294851303101, 0.09219237416982651)","(0.8165925145149231, 0.5311907529830933, 0.04725026339292526)","(0.8004314303398132, 0.6070006489753723, 0.07124932110309601)","(0.7799345254898071, 0.6283937096595764, 0.08870325982570648)","(0.7624362111091614, 0.6320000886917114, 0.0996479019522667)",Move
1487,"(0.7585513591766357, 0.3833058774471283, -8.27475669211708e-05)","(0.7084835171699524, 0.4558917284011841, -0.015278198756277561)","(0.695658802986145, 0.5588071942329407, -0.015746550634503365)","(0.6996578574180603, 0.6462727785110474, -0.0038511864840984344)","(0.7025160193443298, 0.7039586305618286, 0.010222659446299076)","(0.7600047588348389, 0.6059446334838867, -0.04004345089197159)","(0.7433561086654663, 0.7085301876068115, -0.005157363135367632)","(0.7215601801872253, 0.7280182242393494, 0.030996626242995262)","(0.7067132592201233, 0.7277700901031494, 0.055357273668050766)","(0.7927699685096741, 0.5979010462760925, -0.0149684501811862)","(0.7720654606819153, 0.7050656080245972, 0.020220467820763588)","(0.7458796501159668, 0.7237076759338379, 0.05915773659944534)","(0.728079617023468, 0.7187830209732056, 0.08001700043678284)","(0.8103887438774109, 0.5792455077171326, 0.01539310347288847)","(0.7902509570121765, 0.6722315549850464, 0.04704277589917183)","(0.7641572952270508, 0.6901340484619141, 0.07597086578607559)","(0.7448797225952148, 0.6848151087760925, 0.08990409225225449)","(0.8175812363624573, 0.557022750377655, 0.04455726966261864)","(0.7990811467170715, 0.6345514059066772, 0.06978446990251541)","(0.7778553366661072, 0.6521337032318115, 0.08771906793117523)","(0.7618106603622437, 0.6521145105361938, 0.09919283539056778)",Move
1488,"(0.7601495385169983, 0.40394851565361023, -9.922494791680947e-05)","(0.7072109580039978, 0.4795743227005005, -0.021497443318367004)","(0.6937474608421326, 0.5846665501594543, -0.02556602656841278)","(0.6998793482780457, 0.6746351718902588, -0.014543234370648861)","(0.7045602798461914, 0.7337820529937744, -0.0017021795501932502)","(0.7594258785247803, 0.6320385336875916, -0.05231814086437225)","(0.7388456463813782, 0.7369647026062012, -0.0158449225127697)","(0.7145252227783203, 0.7488341927528381, 0.019202539697289467)","(0.6996152400970459, 0.7375703454017639, 0.04185591638088226)","(0.7941834926605225, 0.6253875494003296, -0.023675620555877686)","(0.7706005573272705, 0.7377946376800537, 0.010126300156116486)","(0.7429354190826416, 0.7545836567878723, 0.04840364679694176)","(0.7250174283981323, 0.7432533502578735, 0.06956902891397476)","(0.8132656216621399, 0.6065130829811096, 0.01016009971499443)","(0.790515661239624, 0.7034043669700623, 0.042480066418647766)","(0.7626537680625916, 0.717827558517456, 0.06943140923976898)","(0.7431676983833313, 0.7071143984794617, 0.08145779371261597)","(0.8206397294998169, 0.5827690362930298, 0.042252134531736374)","(0.7981197237968445, 0.6588325500488281, 0.06847313791513443)","(0.7762304544448853, 0.6724083423614502, 0.08460874110460281)","(0.7613140940666199, 0.6673330068588257, 0.09428435564041138)",Move
1489,"(0.7626872062683105, 0.4267030358314514, -0.0001254717499250546)","(0.7069588303565979, 0.49971872568130493, -0.016357190907001495)","(0.691617488861084, 0.6047508716583252, -0.017482822760939598)","(0.6983193159103394, 0.6948665976524353, -0.0025997990742325783)","(0.7039335370063782, 0.7534410953521729, 0.014759722165763378)","(0.7546035051345825, 0.6550800800323486, -0.05489453300833702)","(0.736813485622406, 0.7659124135971069, -0.014974505640566349)","(0.7136086821556091, 0.7723102569580078, 0.026453938335180283)","(0.7000692486763, 0.7542418241500854, 0.05357901006937027)","(0.7909701466560364, 0.6488839387893677, -0.02695494331419468)","(0.7687561511993408, 0.7653714418411255, 0.010158752091228962)","(0.7416254878044128, 0.7715447545051575, 0.0525481253862381)","(0.7264816761016846, 0.7514432668685913, 0.07581484317779541)","(0.8111539483070374, 0.6293942332267761, 0.00698621803894639)","(0.7876459360122681, 0.7270957231521606, 0.04112127795815468)","(0.7603760957717896, 0.7315605878829956, 0.06998647004365921)","(0.7440681457519531, 0.7117897868156433, 0.08247420191764832)","(0.8188241124153137, 0.6046274304389954, 0.039246268570423126)","(0.7952297925949097, 0.6799410581588745, 0.06908105313777924)","(0.7725751996040344, 0.6850318312644958, 0.08670079708099365)","(0.7587293982505798, 0.6687010526657104, 0.09659846127033234)",Move
1490,"(0.7630435228347778, 0.44852977991104126, -0.00010029847908299416)","(0.7079222798347473, 0.5179263949394226, -0.015959439799189568)","(0.6934648156166077, 0.6201797723770142, -0.017559699714183807)","(0.7008007168769836, 0.7085493206977844, -0.0039648935198783875)","(0.7049252986907959, 0.7661981582641602, 0.011834008619189262)","(0.7538843750953674, 0.6773503422737122, -0.05360892787575722)","(0.7361723184585571, 0.7863592505455017, -0.01280294731259346)","(0.7120895385742188, 0.7897112369537354, 0.027797041460871696)","(0.6993023157119751, 0.7665753960609436, 0.053824376314878464)","(0.7909119129180908, 0.6732290387153625, -0.02618357166647911)","(0.7730997800827026, 0.7884334325790405, 0.012083257548511028)","(0.746525764465332, 0.7887225151062012, 0.053329598158597946)","(0.7324760556221008, 0.7628772854804993, 0.0762929618358612)","(0.8107970356941223, 0.6527106761932373, 0.007912186905741692)","(0.7881149053573608, 0.7436778545379639, 0.04586298018693924)","(0.7607914209365845, 0.7414012551307678, 0.07173272967338562)","(0.7469290494918823, 0.7181577682495117, 0.08179672062397003)","(0.818443775177002, 0.6271860003471375, 0.04075745493173599)","(0.7947986125946045, 0.6964948177337646, 0.07329176366329193)","(0.7722964286804199, 0.6970850825309753, 0.08959843218326569)","(0.7601165175437927, 0.6788832545280457, 0.09877758473157883)",Move
1491,"(0.7625523805618286, 0.466198205947876, -9.923852485371754e-05)","(0.707137942314148, 0.53719162940979, -0.010475617833435535)","(0.6934683918952942, 0.6376115083694458, -0.00803811103105545)","(0.7004536986351013, 0.7244256138801575, 0.009045395068824291)","(0.7037931680679321, 0.7818590402603149, 0.02869947999715805)","(0.7531497478485107, 0.6986154317855835, -0.044404640793800354)","(0.7354164123535156, 0.8042351007461548, -0.0009892137022688985)","(0.7115558981895447, 0.8085845708847046, 0.041165806353092194)","(0.6994233131408691, 0.7899190187454224, 0.06783800572156906)","(0.7886072993278503, 0.6931275129318237, -0.018567528575658798)","(0.7711919546127319, 0.8045135736465454, 0.023838289082050323)","(0.7439877390861511, 0.8001912832260132, 0.06597346812486649)","(0.7306584715843201, 0.773630678653717, 0.08908003568649292)","(0.8086451292037964, 0.6711419820785522, 0.014187900349497795)","(0.787817120552063, 0.7616408467292786, 0.053899332880973816)","(0.7611051201820374, 0.7575196027755737, 0.08044714480638504)","(0.7485040426254272, 0.7332836389541626, 0.09081367403268814)","(0.8173669576644897, 0.6441465020179749, 0.04605722427368164)","(0.7970849275588989, 0.711725652217865, 0.07900018990039825)","(0.7752255201339722, 0.7131127715110779, 0.0950624942779541)","(0.7638848423957825, 0.696067214012146, 0.10319190472364426)",Move
1492,"(0.7603771090507507, 0.4813331365585327, -0.00010549095895839855)","(0.7065233588218689, 0.5547943115234375, -0.00952136144042015)","(0.6938797831535339, 0.656988263130188, -0.006146559026092291)","(0.7002278566360474, 0.7430025339126587, 0.010746976360678673)","(0.7027682662010193, 0.8006046414375305, 0.030581483617424965)","(0.7547888159751892, 0.7152966260910034, -0.03977883607149124)","(0.7378648519515991, 0.8174405694007874, 0.0018586186924949288)","(0.7141475081443787, 0.8222765326499939, 0.04148276522755623)","(0.701556921005249, 0.806451678276062, 0.06690995395183563)","(0.7889575362205505, 0.7074509859085083, -0.015107364393770695)","(0.7715179920196533, 0.815552294254303, 0.02616063319146633)","(0.7434157729148865, 0.8117372989654541, 0.06723994761705399)","(0.7290706634521484, 0.7878552675247192, 0.0894719734787941)","(0.8082593679428101, 0.6842062473297119, 0.015951739624142647)","(0.7894664406776428, 0.7743421196937561, 0.052595943212509155)","(0.7623262405395508, 0.7742140293121338, 0.07895456999540329)","(0.7478070259094238, 0.7538761496543884, 0.09004750102758408)","(0.8166685104370117, 0.6563173532485962, 0.046539463102817535)","(0.7985177040100098, 0.7243315577507019, 0.07700203359127045)","(0.776329755783081, 0.7297171950340271, 0.093636654317379)","(0.7633689641952515, 0.71616530418396, 0.10280244797468185)",Position
1493,"(0.763038694858551, 0.4898281693458557, -9.5930794486776e-05)","(0.7085609436035156, 0.5657383799552917, -0.006221960764378309)","(0.6948725581169128, 0.6686002612113953, -0.003341014264151454)","(0.7009897828102112, 0.756816565990448, 0.012584902346134186)","(0.7023516297340393, 0.8156378865242004, 0.029875751584768295)","(0.7569813132286072, 0.7270675897598267, -0.039383310824632645)","(0.7375274300575256, 0.8268014788627625, 0.0056502786464989185)","(0.7140734195709229, 0.833006739616394, 0.04520481452345848)","(0.7016196250915527, 0.820008397102356, 0.06913017481565475)","(0.7919750809669495, 0.7194401621818542, -0.01650865189731121)","(0.7707515954971313, 0.8220239281654358, 0.02937682531774044)","(0.7425859570503235, 0.8173580169677734, 0.06956590712070465)","(0.7289328575134277, 0.7945409417152405, 0.0894450917840004)","(0.8115548491477966, 0.6963986158370972, 0.013557177037000656)","(0.7897647619247437, 0.7803913354873657, 0.05537925288081169)","(0.763491153717041, 0.7764775156974792, 0.08093757182359695)","(0.7498199343681335, 0.7540671229362488, 0.0896209254860878)","(0.8204460740089417, 0.668957531452179, 0.04335641488432884)","(0.8003219962120056, 0.7339237928390503, 0.0772080048918724)","(0.7787351012229919, 0.7337989807128906, 0.09274433553218842)","(0.7666249871253967, 0.7159706950187683, 0.09941957890987396)",Position
1494,"(0.7618595361709595, 0.49623003602027893, -0.00010238663526251912)","(0.7078700065612793, 0.5703485012054443, -0.004703450482338667)","(0.6954561471939087, 0.6729718446731567, -0.0011290855472907424)","(0.7017499208450317, 0.7620076537132263, 0.014940054155886173)","(0.7030827403068542, 0.8222395181655884, 0.03277982771396637)","(0.7561249732971191, 0.734209418296814, -0.03509944677352905)","(0.7357879877090454, 0.8295027613639832, 0.009492838755249977)","(0.7130367159843445, 0.834770143032074, 0.04755089804530144)","(0.7016721963882446, 0.8234513998031616, 0.0696299597620964)","(0.7898668050765991, 0.7270922660827637, -0.013422493822872639)","(0.7685391306877136, 0.8275594711303711, 0.032022856175899506)","(0.7409670352935791, 0.8222596645355225, 0.07045666128396988)","(0.7290237545967102, 0.7993943691253662, 0.0894474908709526)","(0.8091100454330444, 0.7042240500450134, 0.01524269487708807)","(0.7877668142318726, 0.7878079414367676, 0.05622246488928795)","(0.7618815302848816, 0.7837876081466675, 0.07966191321611404)","(0.7497311234474182, 0.7621118426322937, 0.08715390413999557)","(0.8186891674995422, 0.676237940788269, 0.04392758011817932)","(0.8001906871795654, 0.7416697144508362, 0.0763602927327156)","(0.7789392471313477, 0.7417746782302856, 0.09066477417945862)","(0.7677350640296936, 0.7240747809410095, 0.09665285050868988)",Position
1495,"(0.7611795663833618, 0.4994540214538574, -9.14601914701052e-05)","(0.7074650526046753, 0.5734882950782776, -0.005450330208986998)","(0.6955068707466125, 0.6766738891601562, -0.0028434356208890676)","(0.7025184035301208, 0.7650081515312195, 0.011960715055465698)","(0.7033826112747192, 0.8239699006080627, 0.028300710022449493)","(0.7561131715774536, 0.7346006035804749, -0.0376882366836071)","(0.7359734177589417, 0.8328986167907715, 0.004564413335174322)","(0.7129928469657898, 0.8390663266181946, 0.04118641838431358)","(0.7018666863441467, 0.8271521329879761, 0.06235959753394127)","(0.7899302244186401, 0.7270030379295349, -0.01632210984826088)","(0.769368052482605, 0.8292034268379211, 0.027677292004227638)","(0.7413968443870544, 0.8248667120933533, 0.06577301770448685)","(0.7290880084037781, 0.8020403981208801, 0.08508610725402832)","(0.8091526031494141, 0.7039172053337097, 0.011549914255738258)","(0.7881491184234619, 0.7889988422393799, 0.05135525017976761)","(0.7616674900054932, 0.7840179800987244, 0.07437935471534729)","(0.7493131160736084, 0.7611073851585388, 0.08200317621231079)","(0.8184532523155212, 0.6759456992149353, 0.03964454308152199)","(0.7991718649864197, 0.7416701912879944, 0.0713900625705719)","(0.7772576808929443, 0.7398481965065002, 0.08562222868204117)","(0.7660218477249146, 0.720256507396698, 0.09174484014511108)",Position
1496,"(0.7609370946884155, 0.4998903274536133, -8.528679609298706e-05)","(0.70721435546875, 0.5726252198219299, -0.005766476038843393)","(0.6952604055404663, 0.6750444769859314, -0.0032168671023100615)","(0.7033436298370361, 0.763503909111023, 0.011449020355939865)","(0.7050247192382812, 0.8224166631698608, 0.02812958136200905)","(0.7549701929092407, 0.7322246432304382, -0.03819800913333893)","(0.7364110350608826, 0.8311591744422913, 0.003266856772825122)","(0.7147951722145081, 0.841012716293335, 0.041679561138153076)","(0.7035447359085083, 0.8315553665161133, 0.06515844166278839)","(0.7899147272109985, 0.724899411201477, -0.016726655885577202)","(0.7714267373085022, 0.8291933536529541, 0.025385485962033272)","(0.744303286075592, 0.8300081491470337, 0.065665103495121)","(0.7306742072105408, 0.8086967468261719, 0.08828755468130112)","(0.8100993633270264, 0.7019062042236328, 0.01107250526547432)","(0.7901860475540161, 0.7875440120697021, 0.04926903173327446)","(0.7637064456939697, 0.7867955565452576, 0.07370592653751373)","(0.7496499419212341, 0.7657536864280701, 0.08354325592517853)","(0.820242166519165, 0.674367368221283, 0.03913901746273041)","(0.8010673522949219, 0.7397384643554688, 0.06959151476621628)","(0.7788567543029785, 0.7408191561698914, 0.08424479514360428)","(0.7664069533348083, 0.7236461639404297, 0.09144275635480881)",Release
1497,"(0.7584551572799683, 0.49415123462677, -0.00010113115422427654)","(0.7053815126419067, 0.5692293643951416, -0.008060412481427193)","(0.6924362778663635, 0.6740460395812988, -0.007711219135671854)","(0.7006058692932129, 0.7635214924812317, 0.0057593234814703465)","(0.704634964466095, 0.823364794254303, 0.022154290229082108)","(0.7539379596710205, 0.7244395613670349, -0.04175757244229317)","(0.7354044914245605, 0.8269987106323242, -0.0038178032264113426)","(0.7133533954620361, 0.8382505774497986, 0.0333767794072628)","(0.7018259167671204, 0.829894483089447, 0.05640387907624245)","(0.7885211110115051, 0.7172626256942749, -0.019820895045995712)","(0.7694205045700073, 0.8235498666763306, 0.01808939501643181)","(0.7409993410110474, 0.8255964517593384, 0.05685531347990036)","(0.7267865538597107, 0.8055499196052551, 0.07952701300382614)","(0.8081704378128052, 0.695548951625824, 0.008313389495015144)","(0.7887054681777954, 0.7855480909347534, 0.04266670346260071)","(0.7607078552246094, 0.788713812828064, 0.06746216863393784)","(0.7458468675613403, 0.7702826261520386, 0.07799211889505386)","(0.8171958923339844, 0.6684290170669556, 0.036595843732357025)","(0.7984508275985718, 0.7371121048927307, 0.06500944495201111)","(0.7754534482955933, 0.7419710755348206, 0.07890571653842926)","(0.762202799320221, 0.727156400680542, 0.08520059287548065)",Release
1498,"(0.7554246783256531, 0.4849640130996704, -9.909437358146533e-05)","(0.7027322053909302, 0.5582167506217957, -0.004055250436067581)","(0.6892737746238708, 0.6603376865386963, -0.0030583408661186695)","(0.6973276138305664, 0.7479820847511292, 0.011185254901647568)","(0.7022275328636169, 0.8055302500724792, 0.028238236904144287)","(0.7474848031997681, 0.7124703526496887, -0.04501064494252205)","(0.7298879623413086, 0.8175263404846191, -0.007390516344457865)","(0.7081043720245361, 0.8272596597671509, 0.031416673213243484)","(0.6974265575408936, 0.8157643675804138, 0.05542426556348801)","(0.7828547358512878, 0.707538366317749, -0.02483859658241272)","(0.7646994590759277, 0.816567599773407, 0.0116951959207654)","(0.7363647818565369, 0.8178359270095825, 0.052503831684589386)","(0.7231767177581787, 0.7964549660682678, 0.07799414545297623)","(0.8038709759712219, 0.6876088380813599, 0.0025655548088252544)","(0.7856589555740356, 0.7798672318458557, 0.03643311932682991)","(0.7576653361320496, 0.7822533845901489, 0.0630573034286499)","(0.743374764919281, 0.762522280216217, 0.07510217279195786)","(0.8140368461608887, 0.6609174609184265, 0.03000723570585251)","(0.7960118651390076, 0.7297971248626709, 0.060526613146066666)","(0.7730201482772827, 0.7346521019935608, 0.07538832724094391)","(0.7602245211601257, 0.7189081311225891, 0.0826905220746994)",Reach
1499,"(0.7531891465187073, 0.4722278118133545, -0.00010073441080749035)","(0.6999854445457458, 0.5451212525367737, -0.0032402179203927517)","(0.6864152550697327, 0.6483622789382935, -0.0010184566490352154)","(0.6935712695121765, 0.7377578616142273, 0.012471954338252544)","(0.6940085291862488, 0.8017452359199524, 0.027532845735549927)","(0.7466008067131042, 0.702630341053009, -0.04001747816801071)","(0.7294886112213135, 0.8051048517227173, -0.003454923862591386)","(0.7077568173408508, 0.8183614015579224, 0.034190330654382706)","(0.6962484121322632, 0.8102224469184875, 0.059409648180007935)","(0.7811612486839294, 0.6971983313560486, -0.02028794400393963)","(0.764977216720581, 0.802381157875061, 0.018597908318042755)","(0.7363932728767395, 0.8059705495834351, 0.06022944673895836)","(0.721329391002655, 0.7880021333694458, 0.08527102321386337)","(0.8016260266304016, 0.6763205528259277, 0.006370108108967543)","(0.7838976979255676, 0.7641794085502625, 0.04291911795735359)","(0.7558640241622925, 0.7693771719932556, 0.07054410129785538)","(0.7400570511817932, 0.7518504858016968, 0.08319408446550369)","(0.8121412396430969, 0.6496023535728455, 0.033174313604831696)","(0.7931346893310547, 0.7178570032119751, 0.06453096121549606)","(0.7698646187782288, 0.7220675349235535, 0.0809292122721672)","(0.7565339803695679, 0.7064847350120544, 0.08879194408655167)",Reach
1500,"(0.7494351863861084, 0.46201246976852417, -0.00010439199104439467)","(0.6969461441040039, 0.5344622135162354, -0.004012294579297304)","(0.6826565861701965, 0.6373358368873596, -0.003415479091927409)","(0.6895700097084045, 0.7262707948684692, 0.008954836055636406)","(0.6911783218383789, 0.7888405919075012, 0.023399466648697853)","(0.7424296736717224, 0.691676139831543, -0.04069232940673828)","(0.7234444618225098, 0.7949801683425903, -0.004999413620680571)","(0.7015035152435303, 0.8084090948104858, 0.032544463872909546)","(0.69020676612854, 0.8008476495742798, 0.0573996901512146)","(0.7773730158805847, 0.6858938932418823, -0.021460440009832382)","(0.7584367394447327, 0.7918437123298645, 0.016887515783309937)","(0.7302674651145935, 0.7932444214820862, 0.05831959843635559)","(0.7161608934402466, 0.7737489938735962, 0.08309398591518402)","(0.7979849576950073, 0.6645174622535706, 0.0046943784691393375)","(0.7783677577972412, 0.7523937821388245, 0.04090023413300514)","(0.7512338757514954, 0.755234956741333, 0.06871908903121948)","(0.736677885055542, 0.7360013723373413, 0.08095438778400421)","(0.8086379170417786, 0.6368053555488586, 0.030812956392765045)","(0.7897246479988098, 0.7042221426963806, 0.06198318675160408)","(0.7669456005096436, 0.7080098986625671, 0.07823562622070312)","(0.7539154887199402, 0.6914415955543518, 0.08579551428556442)",Reach
1501,"(0.7465911507606506, 0.4492473602294922, -0.00010664021101547405)","(0.693874716758728, 0.521580696105957, -0.0043467083014547825)","(0.6789262294769287, 0.6247993111610413, -0.004760592244565487)","(0.6859750747680664, 0.7139917016029358, 0.00654671061784029)","(0.6880955100059509, 0.7764209508895874, 0.01964203268289566)","(0.7390466928482056, 0.6742773056030273, -0.04707442596554756)","(0.7202341556549072, 0.7808377146720886, -0.012174377217888832)","(0.6984546184539795, 0.7946742177009583, 0.025877367705106735)","(0.6876225471496582, 0.7852742671966553, 0.05116250365972519)","(0.7744545936584473, 0.6696270704269409, -0.028004107996821404)","(0.7557723522186279, 0.779392659664154, 0.007488668896257877)","(0.7280939221382141, 0.7820689678192139, 0.04875904321670532)","(0.7146788835525513, 0.7616243362426758, 0.07406125217676163)","(0.7954022884368896, 0.6498776078224182, -0.0020138067193329334)","(0.7759883999824524, 0.7421038746833801, 0.03142089396715164)","(0.749323308467865, 0.744896650314331, 0.0595879964530468)","(0.7352194786071777, 0.7247716784477234, 0.0733015313744545)","(0.8061342835426331, 0.6240841746330261, 0.024315638467669487)","(0.7867664098739624, 0.6945565938949585, 0.054028887301683426)","(0.764253556728363, 0.6973910927772522, 0.07069980353116989)","(0.7517011761665344, 0.6807043552398682, 0.0792267769575119)",Reach
1502,"(0.744869589805603, 0.43395090103149414, -9.57554075284861e-05)","(0.6914612650871277, 0.5035202503204346, -0.008767628110945225)","(0.6749903559684753, 0.6086608171463013, -0.012108607217669487)","(0.681707501411438, 0.7005184888839722, -0.002259633271023631)","(0.6835479140281677, 0.7621456384658813, 0.010098369792103767)","(0.7345470786094666, 0.6534853577613831, -0.05564410239458084)","(0.7167840003967285, 0.7632231712341309, -0.024698885157704353)","(0.6949838399887085, 0.7810817956924438, 0.014053885824978352)","(0.6831528544425964, 0.7747430205345154, 0.03982563316822052)","(0.7711177468299866, 0.6513174772262573, -0.03559258580207825)","(0.7513206601142883, 0.7651524543762207, -0.006194863002747297)","(0.7219696640968323, 0.7767598032951355, 0.03533324971795082)","(0.7056921124458313, 0.7600581645965576, 0.06173812970519066)","(0.7926241159439087, 0.6345543265342712, -0.009161579422652721)","(0.7713295221328735, 0.7306981086730957, 0.020687276497483253)","(0.7428082823753357, 0.7412962913513184, 0.04942696914076805)","(0.7261671423912048, 0.7258220911026001, 0.06414264440536499)","(0.8035441637039185, 0.6109791994094849, 0.017432071268558502)","(0.7812225222587585, 0.6823539137840271, 0.04510601609945297)","(0.7573918700218201, 0.6888498663902283, 0.060924310237169266)","(0.7432176470756531, 0.6754350066184998, 0.06902150064706802)",Reach
1503,"(0.7408027052879333, 0.4179421663284302, -0.00011026755964849144)","(0.6885072588920593, 0.48550063371658325, -0.007989727891981602)","(0.6707381010055542, 0.5890132784843445, -0.011662766337394714)","(0.6755150556564331, 0.6816439628601074, -0.0020432148594409227)","(0.6774078607559204, 0.7432071566581726, 0.009440219961106777)","(0.7293264865875244, 0.6343597173690796, -0.05893725901842117)","(0.7105432748794556, 0.7453715801239014, -0.030598485842347145)","(0.688982367515564, 0.7656218409538269, 0.007661445066332817)","(0.6774105429649353, 0.7621618509292603, 0.03380751237273216)","(0.7654262185096741, 0.6347742080688477, -0.039690036326646805)","(0.7453460693359375, 0.7494997978210449, -0.010201836004853249)","(0.7155281901359558, 0.7584778666496277, 0.032734133303165436)","(0.6992514133453369, 0.7427359819412231, 0.06064116954803467)","(0.7871984243392944, 0.6197959184646606, -0.013670401647686958)","(0.7672110795974731, 0.7172868251800537, 0.015084614045917988)","(0.7379242181777954, 0.7261789441108704, 0.04464767500758171)","(0.7210320234298706, 0.7119238972663879, 0.05968089774250984)","(0.7980330586433411, 0.5962692499160767, 0.012310361489653587)","(0.7787148356437683, 0.6685470938682556, 0.03934953734278679)","(0.7549440860748291, 0.6765367984771729, 0.054990265518426895)","(0.7403156161308289, 0.6648103594779968, 0.06279277056455612)",Reach
1504,"(0.7394059896469116, 0.3958323895931244, -9.600230259820819e-05)","(0.68573397397995, 0.45800477266311646, -0.0107103381305933)","(0.6672592759132385, 0.5627509951591492, -0.015972130000591278)","(0.6707645058631897, 0.6583803296089172, -0.008581212721765041)","(0.6714464426040649, 0.7236480116844177, 0.0020081745460629463)","(0.7252359390258789, 0.6124921441078186, -0.06062021479010582)","(0.7055147886276245, 0.7249172329902649, -0.03263912722468376)","(0.6844099760055542, 0.7464765310287476, 0.006093677133321762)","(0.6731782555580139, 0.7448750734329224, 0.032995663583278656)","(0.7613869309425354, 0.6126859188079834, -0.04150034114718437)","(0.7393815517425537, 0.7281707525253296, -0.012401777319610119)","(0.71000075340271, 0.7411142587661743, 0.030590323731303215)","(0.6935205459594727, 0.7281154990196228, 0.058068834245204926)","(0.7833279967308044, 0.5978149771690369, -0.015883086249232292)","(0.7625328898429871, 0.6963798999786377, 0.01263232622295618)","(0.7341760396957397, 0.7088668346405029, 0.04289250820875168)","(0.717289924621582, 0.696561872959137, 0.059322845190763474)","(0.7948246598243713, 0.5746210217475891, 0.00945746898651123)","(0.7760851383209229, 0.6500667333602905, 0.035836346447467804)","(0.7526552677154541, 0.6603947877883911, 0.05319046974182129)","(0.7376482486724854, 0.6504786014556885, 0.0625707283616066)",Reach
1505,"(0.7355561852455139, 0.3745344877243042, -9.186015813611448e-05)","(0.6829454302787781, 0.43482261896133423, -0.011964941397309303)","(0.6626031994819641, 0.5381703972816467, -0.021015794947743416)","(0.6647908091545105, 0.6343313455581665, -0.017331674695014954)","(0.664667010307312, 0.7002097368240356, -0.011982516385614872)","(0.7209222912788391, 0.5874298810958862, -0.0709899514913559)","(0.6988033652305603, 0.6994075775146484, -0.04755716398358345)","(0.6771736145019531, 0.7218595743179321, -0.010977273806929588)","(0.6658252477645874, 0.7222607135772705, 0.014567327685654163)","(0.7571280598640442, 0.5896121859550476, -0.05283750221133232)","(0.7322723865509033, 0.7041904926300049, -0.02681865729391575)","(0.7035776972770691, 0.7166878581047058, 0.016398120671510696)","(0.6881669163703918, 0.7038430571556091, 0.045372433960437775)","(0.7792531251907349, 0.576556921005249, -0.02769549749791622)","(0.7548466324806213, 0.6757833957672119, -0.0016506442334502935)","(0.7264699935913086, 0.6868631839752197, 0.028712406754493713)","(0.71027010679245, 0.6735666394233704, 0.04600675404071808)","(0.7911859154701233, 0.5544984936714172, -0.002780190436169505)","(0.7683611512184143, 0.6309712529182434, 0.022160237655043602)","(0.7450801134109497, 0.6368677616119385, 0.03945326805114746)","(0.7310920357704163, 0.6236959099769592, 0.049372583627700806)",Reach
1506,"(0.7320737838745117, 0.34767571091651917, -0.00011013158655259758)","(0.6780906915664673, 0.4042758345603943, -0.012978999875485897)","(0.6568372249603271, 0.5081390142440796, -0.022217007353901863)","(0.6580331921577454, 0.6046827435493469, -0.01801435649394989)","(0.6586620211601257, 0.6723003387451172, -0.011218398809432983)","(0.7140013575553894, 0.5593928098678589, -0.07250047475099564)","(0.6917821168899536, 0.6748003363609314, -0.046911146491765976)","(0.6708242893218994, 0.6972789764404297, -0.00662009883671999)","(0.660313069820404, 0.6984529495239258, 0.021690506488084793)","(0.7508822083473206, 0.5621374249458313, -0.053994741290807724)","(0.7249209880828857, 0.6775029897689819, -0.026995405554771423)","(0.6965885162353516, 0.6914394497871399, 0.017948266118764877)","(0.6809359788894653, 0.680974006652832, 0.04773872345685959)","(0.7734361886978149, 0.5506008863449097, -0.02822960540652275)","(0.7484234571456909, 0.6491601467132568, -0.0004982543759979308)","(0.7210463285446167, 0.6614221930503845, 0.032315272837877274)","(0.7049400210380554, 0.6493721008300781, 0.05069190636277199)","(0.7857470512390137, 0.5301221013069153, -0.0029120745602995157)","(0.7632803320884705, 0.6066283583641052, 0.022649439051747322)","(0.740433394908905, 0.6130673885345459, 0.040853846818208694)","(0.7258705496788025, 0.6000047326087952, 0.050874341279268265)",Reach
1507,"(0.7256680130958557, 0.31944143772125244, -8.656686259200796e-05)","(0.6720393896102905, 0.37330782413482666, -0.017162581905722618)","(0.6477755308151245, 0.4758598208427429, -0.0275673009455204)","(0.6482255458831787, 0.5729725360870361, -0.024529730901122093)","(0.6482564210891724, 0.6398217082023621, -0.01971217431128025)","(0.7077369689941406, 0.5241796374320984, -0.07347717881202698)","(0.6846554279327393, 0.636834979057312, -0.05153203010559082)","(0.6631433367729187, 0.6620753407478333, -0.013217747211456299)","(0.6522437334060669, 0.6665264964103699, 0.013242472894489765)","(0.7444174885749817, 0.5273199081420898, -0.05269089713692665)","(0.7159701585769653, 0.6451081037521362, -0.03217112645506859)","(0.6873953342437744, 0.6703910827636719, 0.010027069598436356)","(0.670639157295227, 0.6696680784225464, 0.04054142162203789)","(0.7668362855911255, 0.5171772241592407, -0.02584676258265972)","(0.7408004999160767, 0.6220405101776123, -0.005709228105843067)","(0.712549090385437, 0.6406251192092896, 0.026074910536408424)","(0.6945334076881409, 0.6342967748641968, 0.046741556376218796)","(0.7789449691772461, 0.49726349115371704, 0.0008496218943037093)","(0.7563415765762329, 0.5781592726707458, 0.021687956526875496)","(0.7325057983398438, 0.5923949480056763, 0.037963639944791794)","(0.7164317965507507, 0.5874244570732117, 0.04783116653561592)",Reach
1508,"(0.7180832624435425, 0.2895251512527466, -9.961677278624848e-05)","(0.665457010269165, 0.3393000364303589, -0.018077857792377472)","(0.6399839520454407, 0.4390498399734497, -0.03313778340816498)","(0.6369788646697998, 0.5365332961082458, -0.03563714027404785)","(0.6331031322479248, 0.6049119830131531, -0.037884410470724106)","(0.6978565454483032, 0.48390281200408936, -0.08164793998003006)","(0.6722700595855713, 0.5989831686019897, -0.06472529470920563)","(0.6505457162857056, 0.6265403032302856, -0.02908283658325672)","(0.6392854452133179, 0.6341893076896667, -0.0035657696425914764)","(0.7356958985328674, 0.49078407883644104, -0.06163865700364113)","(0.7028666138648987, 0.6114508509635925, -0.04546789452433586)","(0.6735307574272156, 0.6391465663909912, -0.0029143819119781256)","(0.6556733846664429, 0.6425305604934692, 0.028804892674088478)","(0.7588723301887512, 0.4848896265029907, -0.03598323091864586)","(0.7291631698608398, 0.5929954648017883, -0.018375515937805176)","(0.6999722123146057, 0.6137199401855469, 0.013919609598815441)","(0.6810583472251892, 0.6104708313941956, 0.03563874214887619)","(0.770751416683197, 0.4697284996509552, -0.01060723327100277)","(0.7452695369720459, 0.5515323877334595, 0.009262113831937313)","(0.7215559482574463, 0.5663381218910217, 0.025844300165772438)","(0.7058069109916687, 0.5633647441864014, 0.036826182156801224)",Reach
1509,"(0.7116358876228333, 0.25860077142715454, -7.920253847260028e-05)","(0.6576461791992188, 0.2997644543647766, -0.016921905800700188)","(0.628515362739563, 0.3962094187736511, -0.03340117260813713)","(0.6234376430511475, 0.4947078227996826, -0.038641370832920074)","(0.6149066090583801, 0.56508868932724, -0.044113870710134506)","(0.6829118728637695, 0.44533681869506836, -0.0864570364356041)","(0.6560016870498657, 0.5611131191253662, -0.07433176040649414)","(0.6342427134513855, 0.5908576250076294, -0.039663463830947876)","(0.6222177147865295, 0.6009500026702881, -0.01379572506994009)","(0.7214192152023315, 0.45465725660324097, -0.06791788339614868)","(0.6861618757247925, 0.574352502822876, -0.05420847609639168)","(0.6572795510292053, 0.6030771136283875, -0.012108474038541317)","(0.639234185218811, 0.6088823676109314, 0.0180985014885664)","(0.7467873096466064, 0.45075029134750366, -0.04390091076493263)","(0.713797390460968, 0.5584816336631775, -0.028176913037896156)","(0.6852335929870605, 0.5792185068130493, 0.004080648999661207)","(0.6658374071121216, 0.5762845873832703, 0.025601545348763466)","(0.761627733707428, 0.43693724274635315, -0.01929694600403309)","(0.7318935394287109, 0.5193343758583069, 0.0007639041286893189)","(0.707974374294281, 0.5277184844017029, 0.01855350099503994)","(0.6924688816070557, 0.5200408101081848, 0.03024047426879406)",Reach
1510,"(0.7047317028045654, 0.2253619283437729, -0.00010616081999614835)","(0.6513710618019104, 0.2669806182384491, -0.01355401985347271)","(0.621195912361145, 0.36090388894081116, -0.028705138713121414)","(0.6132803559303284, 0.45579615235328674, -0.03318187966942787)","(0.6063680052757263, 0.5252376198768616, -0.03705930337309837)","(0.6721134185791016, 0.41197469830513, -0.07962065190076828)","(0.6433603167533875, 0.5224733352661133, -0.06498967111110687)","(0.6230384111404419, 0.5475841164588928, -0.0297880619764328)","(0.6128512620925903, 0.553730845451355, -0.0028899814933538437)","(0.7095819711685181, 0.42226123809814453, -0.061733707785606384)","(0.6740465760231018, 0.5366264581680298, -0.046873971819877625)","(0.6466518640518188, 0.564079761505127, -0.004544867668300867)","(0.6294191479682922, 0.5683505535125732, 0.026249155402183533)","(0.7350205779075623, 0.41754135489463806, -0.038479797542095184)","(0.7016618847846985, 0.5222845077514648, -0.019586635753512383)","(0.6747071743011475, 0.5410507917404175, 0.014942135661840439)","(0.6572273373603821, 0.5363810062408447, 0.03889666497707367)","(0.7500536441802979, 0.4022535979747772, -0.014848138205707073)","(0.7203636169433594, 0.4825063645839691, 0.006837494671344757)","(0.697956383228302, 0.4889313280582428, 0.02645822986960411)","(0.6839993596076965, 0.47904354333877563, 0.04039376601576805)",Reach
1511,"(0.695751965045929, 0.1932358294725418, -0.00011018272198271006)","(0.6430923342704773, 0.23195894062519073, -0.010329322889447212)","(0.6112352013587952, 0.32309624552726746, -0.02621132880449295)","(0.6032851338386536, 0.4186459481716156, -0.03271282836794853)","(0.5974956750869751, 0.4892241954803467, -0.03842319920659065)","(0.6587714552879333, 0.37161165475845337, -0.08373842388391495)","(0.6290269494056702, 0.48320573568344116, -0.07444464415311813)","(0.6092509031295776, 0.5123554468154907, -0.04083583131432533)","(0.5985245704650879, 0.523125946521759, -0.01345511619001627)","(0.6963855624198914, 0.38543105125427246, -0.06863944232463837)","(0.6589067578315735, 0.5001290440559387, -0.05603744834661484)","(0.6312457919120789, 0.5257748365402222, -0.012896348722279072)","(0.6146492958068848, 0.5295226573944092, 0.020073741674423218)","(0.7224581837654114, 0.38594308495521545, -0.04783759266138077)","(0.686246931552887, 0.49210646748542786, -0.03125634044408798)","(0.6580286026000977, 0.5068874359130859, 0.004109630361199379)","(0.6415099501609802, 0.4989825487136841, 0.029083523899316788)","(0.7385132312774658, 0.37549588084220886, -0.026485053822398186)","(0.7058745622634888, 0.4558521807193756, -0.00472406018525362)","(0.6828948855400085, 0.4609377980232239, 0.016091519966721535)","(0.6697079539299011, 0.45056551694869995, 0.031247951090335846)",Reach
1512,"(0.6887970566749573, 0.1648867428302765, -9.788078750716522e-05)","(0.6364040970802307, 0.20050781965255737, -0.015260395593941212)","(0.6039688587188721, 0.2900081276893616, -0.030346378684043884)","(0.5944229960441589, 0.3831316828727722, -0.034597285091876984)","(0.5869986414909363, 0.4507068395614624, -0.03713090345263481)","(0.6488565802574158, 0.3453255593776703, -0.08492907881736755)","(0.6164038777351379, 0.45205560326576233, -0.07512611895799637)","(0.5942550897598267, 0.4762703776359558, -0.040848053991794586)","(0.5830352902412415, 0.48109468817710876, -0.013603432103991508)","(0.6853885650634766, 0.3611777722835541, -0.06764205545186996)","(0.6448103785514832, 0.4686495065689087, -0.05862494558095932)","(0.6158663034439087, 0.4902952313423157, -0.019279638305306435)","(0.5990089774131775, 0.49070534110069275, 0.010966834612190723)","(0.7104905247688293, 0.3619846999645233, -0.045533932745456696)","(0.6730146408081055, 0.460982084274292, -0.03142966702580452)","(0.644920289516449, 0.47323358058929443, 0.002501465380191803)","(0.6281502842903137, 0.46466463804244995, 0.026491595432162285)","(0.7257798314094543, 0.3508017361164093, -0.02360628917813301)","(0.6923696994781494, 0.42543303966522217, -0.004465356469154358)","(0.6692504286766052, 0.42956727743148804, 0.01598076894879341)","(0.6558929681777954, 0.41869428753852844, 0.031168850138783455)",Reach
1513,"(0.6799402832984924, 0.14202526211738586, -0.00011846929555758834)","(0.6251792907714844, 0.1805153489112854, -0.011097048409283161)","(0.5917747020721436, 0.26600342988967896, -0.024541566148400307)","(0.583139955997467, 0.35641539096832275, -0.027785439044237137)","(0.5775976777076721, 0.4232090413570404, -0.02865411341190338)","(0.6347286105155945, 0.32177257537841797, -0.07510170340538025)","(0.6028041243553162, 0.4244098663330078, -0.06112265586853027)","(0.5829102396965027, 0.44358086585998535, -0.02610117197036743)","(0.5736252665519714, 0.444333016872406, 0.0014528721803799272)","(0.6703267097473145, 0.3392845094203949, -0.06042041629552841)","(0.6313595175743103, 0.4448401927947998, -0.04819849133491516)","(0.6038755178451538, 0.46467262506484985, -0.008836854249238968)","(0.5887951254844666, 0.4639444351196289, 0.02084081619977951)","(0.6956131458282471, 0.34108561277389526, -0.04049575328826904)","(0.6591071486473083, 0.4363222122192383, -0.023657122626900673)","(0.6319885849952698, 0.44513821601867676, 0.010050803422927856)","(0.6177833676338196, 0.4336453080177307, 0.03225967660546303)","(0.7121376395225525, 0.3306630849838257, -0.02079656533896923)","(0.6816713809967041, 0.401041179895401, 0.00041484576649963856)","(0.6585364937782288, 0.4056186378002167, 0.021232398226857185)","(0.6461013555526733, 0.3938833773136139, 0.035501208156347275)",Reach
1514,"(0.6749870777130127, 0.12329773604869843, -0.00013724659220315516)","(0.618079423904419, 0.15917116403579712, -0.007458165753632784)","(0.5836036205291748, 0.24263425171375275, -0.016702955588698387)","(0.5719531774520874, 0.3321460783481598, -0.015990890562534332)","(0.5616019368171692, 0.3983440697193146, -0.013283871114253998)","(0.6222481727600098, 0.3037123680114746, -0.06779421120882034)","(0.5886399745941162, 0.4024623930454254, -0.04915150627493858)","(0.5706156492233276, 0.42170751094818115, -0.011273028329014778)","(0.5622739791870117, 0.42628011107444763, 0.018839772790670395)","(0.6568503975868225, 0.32178863883018494, -0.05307092145085335)","(0.6188425421714783, 0.42150142788887024, -0.03275906294584274)","(0.5934930443763733, 0.43368959426879883, 0.011160680092871189)","(0.5800207257270813, 0.43092983961105347, 0.043718598783016205)","(0.6816934943199158, 0.3241459131240845, -0.03190894424915314)","(0.6475129723548889, 0.41361427307128906, -0.009861569851636887)","(0.621955394744873, 0.41839098930358887, 0.027402587234973907)","(0.6089379787445068, 0.4066176116466522, 0.05060284212231636)","(0.6991816759109497, 0.31498971581459045, -0.010400067083537579)","(0.6714918613433838, 0.384221613407135, 0.011276140809059143)","(0.6503112316131592, 0.3868356943130493, 0.03220174461603165)","(0.6395106315612793, 0.3751457929611206, 0.04643529653549194)",Reach
1515,"(0.6659406423568726, 0.10548087954521179, -0.0001448770344723016)","(0.6101018786430359, 0.13998068869113922, -0.009304559789597988)","(0.5747506618499756, 0.221999853849411, -0.018558761104941368)","(0.5623483061790466, 0.31261175870895386, -0.01705067977309227)","(0.55455482006073, 0.3807923495769501, -0.013366742990911007)","(0.6147756576538086, 0.2835586667060852, -0.06756797432899475)","(0.583210289478302, 0.38431984186172485, -0.047297775745391846)","(0.5654088258743286, 0.4030923843383789, -0.00821126252412796)","(0.5567345023155212, 0.4069215953350067, 0.023265527561306953)","(0.6483269929885864, 0.30256783962249756, -0.05264567956328392)","(0.6110929846763611, 0.40408679842948914, -0.03219156339764595)","(0.5868582725524902, 0.4132142663002014, 0.012224548496305943)","(0.5744666457176208, 0.4096401631832123, 0.04502738267183304)","(0.672376275062561, 0.30578839778900146, -0.03090892918407917)","(0.6382213234901428, 0.3982774019241333, -0.010767217725515366)","(0.6127513647079468, 0.4018498361110687, 0.025567563250660896)","(0.5997028946876526, 0.3894798755645752, 0.04835841804742813)","(0.6888556480407715, 0.2970048785209656, -0.008672003634274006)","(0.6621401309967041, 0.36680805683135986, 0.009631643071770668)","(0.641185462474823, 0.3732268214225769, 0.030182301998138428)","(0.6296759843826294, 0.3659067749977112, 0.04415394365787506)",Reach
1516,"(0.6635086536407471, 0.0936756581068039, -0.00013367422798182815)","(0.6058413982391357, 0.12562012672424316, -0.0036474389489740133)","(0.5712025761604309, 0.20479735732078552, -0.00892253965139389)","(0.5593607425689697, 0.29153162240982056, -0.003527464810758829)","(0.5540525913238525, 0.35480552911758423, 0.0044283075258135796)","(0.604865312576294, 0.2644689679145813, -0.06232791766524315)","(0.5730573534965515, 0.36681246757507324, -0.043619174510240555)","(0.5569168925285339, 0.38889747858047485, -0.007031425833702087)","(0.5490443110466003, 0.39655619859695435, 0.022570794448256493)","(0.638499915599823, 0.2859483063220978, -0.048023901879787445)","(0.6025775074958801, 0.3877938985824585, -0.0257088802754879)","(0.5806583166122437, 0.39866045117378235, 0.02188311144709587)","(0.569051206111908, 0.39533618092536926, 0.0578317791223526)","(0.6632049083709717, 0.29181724786758423, -0.02680165320634842)","(0.6296465992927551, 0.38121944665908813, -0.004013754893094301)","(0.605732798576355, 0.386547714471817, 0.03449304774403572)","(0.5928298830986023, 0.3749351501464844, 0.05879203602671623)","(0.6808180809020996, 0.28628024458885193, -0.005215637851506472)","(0.6537054181098938, 0.3506093919277191, 0.018043674528598785)","(0.6334952116012573, 0.3544149398803711, 0.04031573608517647)","(0.6221790909767151, 0.3455252945423126, 0.05577664449810982)",Reach
1517,"(0.6557288765907288, 0.08288952708244324, -0.0001267065672436729)","(0.5981895923614502, 0.11532701551914215, -0.000491239654365927)","(0.5630845427513123, 0.19309040904045105, -0.004919091705232859)","(0.5504112839698792, 0.2795290946960449, -0.001091660582460463)","(0.5415388941764832, 0.3419758081436157, 0.0042192405089735985)","(0.5969140529632568, 0.2540419101715088, -0.05868842452764511)","(0.5677988529205322, 0.35517460107803345, -0.04168129712343216)","(0.5522931814193726, 0.37871628999710083, -0.006111003924161196)","(0.5419350266456604, 0.38676443696022034, 0.023720769211649895)","(0.6305583119392395, 0.27512261271476746, -0.047736745327711105)","(0.5948607325553894, 0.375690221786499, -0.024686632677912712)","(0.5732241272926331, 0.3852992653846741, 0.02194049209356308)","(0.5601090788841248, 0.380757212638855, 0.05609850957989693)","(0.6555799245834351, 0.28107017278671265, -0.03002430871129036)","(0.6197162866592407, 0.37203946709632874, -0.006638765800744295)","(0.5968367457389832, 0.37585246562957764, 0.032658085227012634)","(0.5839024782180786, 0.3631957769393921, 0.056135546416044235)","(0.6736084818840027, 0.2764485478401184, -0.011051234789192677)","(0.6435819268226624, 0.34417566657066345, 0.011502189561724663)","(0.6243459582328796, 0.3473300337791443, 0.03540642932057381)","(0.6138833165168762, 0.3384353220462799, 0.05136476084589958)",Reach
1518,"(0.6525282263755798, 0.07497791945934296, -0.00012551444524433464)","(0.5944316983222961, 0.10507701337337494, 0.00012665684334933758)","(0.559714138507843, 0.18025383353233337, -0.0019813762046396732)","(0.545954704284668, 0.2610699236392975, 0.00498592434450984)","(0.5363672375679016, 0.32151469588279724, 0.015368970111012459)","(0.5897766351699829, 0.24646860361099243, -0.05523429065942764)","(0.5608717203140259, 0.3445885181427002, -0.03876066207885742)","(0.5458521842956543, 0.37025806307792664, -0.0037784597370773554)","(0.5359750986099243, 0.3795013725757599, 0.02659706398844719)","(0.6227384805679321, 0.26727166771888733, -0.04377218335866928)","(0.5886650681495667, 0.36464014649391174, -0.021813299506902695)","(0.5679763555526733, 0.3759383261203766, 0.02483162097632885)","(0.5544609427452087, 0.37402498722076416, 0.059786148369312286)","(0.64786297082901, 0.2726176977157593, -0.025797231122851372)","(0.6134656071662903, 0.3591679334640503, -0.002436199691146612)","(0.592030942440033, 0.36421146988868713, 0.037739336490631104)","(0.578838050365448, 0.35301950573921204, 0.06266102939844131)","(0.6662787795066833, 0.2677076458930969, -0.006885576527565718)","(0.6383266448974609, 0.3305467367172241, 0.016788629814982414)","(0.6194567680358887, 0.33565011620521545, 0.04118148237466812)","(0.6079729199409485, 0.32831913232803345, 0.0583481527864933)",Reach
1519,"(0.6471942067146301, 0.06868241727352142, -0.00012149778194725513)","(0.5881877541542053, 0.09562057256698608, -0.0024998087901622057)","(0.5542657971382141, 0.16939836740493774, -0.004509325139224529)","(0.5408222079277039, 0.24990667402744293, 0.0032431846484541893)","(0.530100405216217, 0.3101050853729248, 0.015056985430419445)","(0.5824867486953735, 0.23793989419937134, -0.057368069887161255)","(0.5534611940383911, 0.334405779838562, -0.03714478388428688)","(0.5398247838020325, 0.3567287027835846, 0.0017882290994748473)","(0.531883955001831, 0.3632744252681732, 0.03432081267237663)","(0.6150285005569458, 0.2596428096294403, -0.044602662324905396)","(0.5810822248458862, 0.3576521575450897, -0.02019130066037178)","(0.5624406933784485, 0.36749306321144104, 0.027549471706151962)","(0.5514971017837524, 0.3643583655357361, 0.06235622242093086)","(0.6403580904006958, 0.26548564434051514, -0.02540857158601284)","(0.6049991846084595, 0.3521466851234436, -4.121235542697832e-05)","(0.5840798020362854, 0.35720136761665344, 0.03970251977443695)","(0.5720704793930054, 0.34647035598754883, 0.06419327110052109)","(0.6596077680587769, 0.26087090373039246, -0.005453177262097597)","(0.6306957006454468, 0.32295432686805725, 0.01885853335261345)","(0.6120619773864746, 0.3267509937286377, 0.04267483204603195)","(0.6012341976165771, 0.3190727233886719, 0.05948122963309288)",Reach
1520,"(0.6414602994918823, 0.06644077599048615, -0.00012088137009413913)","(0.5813035368919373, 0.09226290881633759, -0.0013866646913811564)","(0.547225832939148, 0.1657886505126953, -0.0032342420890927315)","(0.5330776572227478, 0.24803917109966278, 0.004471540451049805)","(0.5209379196166992, 0.3108765184879303, 0.014755157753825188)","(0.572750449180603, 0.23378422856330872, -0.058210913091897964)","(0.54384845495224, 0.3305520713329315, -0.03452923521399498)","(0.530595600605011, 0.3454096019268036, 0.006005378440022469)","(0.5252277851104736, 0.34166082739830017, 0.037890393286943436)","(0.6052761673927307, 0.2560262978076935, -0.046354398131370544)","(0.5706226229667664, 0.35230231285095215, -0.016741301864385605)","(0.5531198978424072, 0.3509111702442169, 0.030585449188947678)","(0.5446962714195251, 0.3383469581604004, 0.06244306638836861)","(0.6310158967971802, 0.2622208893299103, -0.027631785720586777)","(0.5946296453475952, 0.34556835889816284, 0.0025858664885163307)","(0.5749220848083496, 0.34231823682785034, 0.04257242754101753)","(0.5657758116722107, 0.3270918130874634, 0.06545881181955338)","(0.6512765884399414, 0.2582188546657562, -0.008000992238521576)","(0.6203029155731201, 0.3196704685688019, 0.01918034441769123)","(0.6032602190971375, 0.31678423285484314, 0.04470992833375931)","(0.595547616481781, 0.3049691319465637, 0.06235554814338684)",Reach
1521,"(0.6345924139022827, 0.07419097423553467, -0.00010381024912931025)","(0.5724106431007385, 0.09732179343700409, 0.0012125761713832617)","(0.5381794571876526, 0.16733595728874207, -0.0009284391417168081)","(0.5236801505088806, 0.2490365356206894, 0.006496672984212637)","(0.5131306648254395, 0.312789648771286, 0.016768841072916985)","(0.5590444207191467, 0.23023366928100586, -0.0698334351181984)","(0.5285754799842834, 0.33080682158470154, -0.04019813984632492)","(0.5189720392227173, 0.3318396210670471, 0.0057393149472773075)","(0.5214749574661255, 0.3141591548919678, 0.03938134014606476)","(0.5925891995429993, 0.2532915771007538, -0.058725506067276)","(0.5566682815551758, 0.3517334759235382, -0.024789493530988693)","(0.5430618524551392, 0.33771687746047974, 0.022620776668190956)","(0.54191654920578, 0.31364569067955017, 0.05155450105667114)","(0.6199521422386169, 0.2609032392501831, -0.03921935334801674)","(0.5825551152229309, 0.3425162136554718, -0.003693028585985303)","(0.5690631866455078, 0.3228318393230438, 0.037010058760643005)","(0.5692691206932068, 0.296597421169281, 0.05579390004277229)","(0.641679584980011, 0.259979248046875, -0.018592840060591698)","(0.6091671586036682, 0.318048894405365, 0.012723882682621479)","(0.5956857800483704, 0.3041737377643585, 0.03968226537108421)","(0.5956363081932068, 0.28518104553222656, 0.055406998842954636)",Reach
1522,"(0.6285069584846497, 0.06727918982505798, -9.614823648007587e-05)","(0.5698528289794922, 0.09170205891132355, 0.005838359240442514)","(0.5354071855545044, 0.15843424201011658, 0.0065231057815253735)","(0.5194756388664246, 0.23294471204280853, 0.015434571541845798)","(0.5096298456192017, 0.291002094745636, 0.027490677312016487)","(0.5514551997184753, 0.2213035523891449, -0.06040787696838379)","(0.5233270525932312, 0.32234787940979004, -0.03570794314146042)","(0.5116813778877258, 0.3324752449989319, 0.00912677962332964)","(0.509479284286499, 0.32380929589271545, 0.04467325285077095)","(0.5835874080657959, 0.24546252191066742, -0.05150702968239784)","(0.5506686568260193, 0.3438419699668884, -0.02459992840886116)","(0.5345534086227417, 0.3412635922431946, 0.024727366864681244)","(0.5284353494644165, 0.32553231716156006, 0.06038612872362137)","(0.6107874512672424, 0.253679484128952, -0.034555595368146896)","(0.5768999457359314, 0.3384643793106079, -0.0054811881855130196)","(0.5589975714683533, 0.3314177393913269, 0.03771354630589485)","(0.5526392459869385, 0.31177544593811035, 0.06314323842525482)","(0.6325799226760864, 0.2518385648727417, -0.015407570637762547)","(0.6029453873634338, 0.31261566281318665, 0.013835834339261055)","(0.5876206159591675, 0.3063867688179016, 0.04360339418053627)","(0.5827581882476807, 0.29167887568473816, 0.06447924673557281)",Reach
1523,"(0.6227126717567444, 0.06412501633167267, -9.087198122870177e-05)","(0.5647821426391602, 0.08702351152896881, 0.008661980740725994)","(0.5309388637542725, 0.15164265036582947, 0.01155468262732029)","(0.5145360827445984, 0.22250299155712128, 0.021043948829174042)","(0.5049349069595337, 0.279106467962265, 0.03363307565450668)","(0.5455633401870728, 0.22234423458576202, -0.04638971760869026)","(0.5175239443778992, 0.31784820556640625, -0.02271377295255661)","(0.5061278343200684, 0.333509624004364, 0.019383691251277924)","(0.5014071464538574, 0.33343183994293213, 0.05352060869336128)","(0.5766125321388245, 0.2472151666879654, -0.03834116831421852)","(0.5460245609283447, 0.3423740267753601, -0.010581188835203648)","(0.5299107432365417, 0.34555304050445557, 0.0384422242641449)","(0.5218278169631958, 0.3376818895339966, 0.07422662526369095)","(0.6034643054008484, 0.2553988993167877, -0.022738898172974586)","(0.5727056860923767, 0.3386709988117218, 0.007787252310663462)","(0.5557919144630432, 0.33412760496139526, 0.049916766583919525)","(0.5485556125640869, 0.3181544840335846, 0.07473921775817871)","(0.6252748370170593, 0.25194448232650757, -0.005395026411861181)","(0.5978763699531555, 0.31316858530044556, 0.025412514805793762)","(0.5832315683364868, 0.3075064718723297, 0.05389278754591942)","(0.577782392501831, 0.29313427209854126, 0.07357864826917648)",Reach
1524,"(0.6165853142738342, 0.06939107179641724, -7.851453119656071e-05)","(0.5587831735610962, 0.09000468254089355, 0.006407119799405336)","(0.5246351957321167, 0.15418434143066406, 0.008656530641019344)","(0.5078117251396179, 0.2250274270772934, 0.0168087687343359)","(0.4969571530818939, 0.28004178404808044, 0.027855897322297096)","(0.5399222373962402, 0.22654502093791962, -0.04590493440628052)","(0.5106636881828308, 0.3216327726840973, -0.02316967211663723)","(0.4987504184246063, 0.3374949097633362, 0.0185097586363554)","(0.49361249804496765, 0.33699852228164673, 0.052538566291332245)","(0.5710673928260803, 0.2515749931335449, -0.03693082183599472)","(0.5398770570755005, 0.3465196490287781, -0.010601428337395191)","(0.5241121053695679, 0.3521968722343445, 0.03709081560373306)","(0.5158025622367859, 0.34504836797714233, 0.07282229512929916)","(0.5977063775062561, 0.259799599647522, -0.02093414217233658)","(0.5669770836830139, 0.34092819690704346, 0.009012018330395222)","(0.5493414402008057, 0.3402276039123535, 0.049245934933423996)","(0.5403844714164734, 0.32710880041122437, 0.07354164868593216)","(0.6192773580551147, 0.256611704826355, -0.0037765521556138992)","(0.5923884510993958, 0.31610870361328125, 0.025046411901712418)","(0.5768535137176514, 0.313490629196167, 0.05239594727754593)","(0.5694910883903503, 0.3020884394645691, 0.07184423506259918)",Reach
