Unnamed: 0,WRIST,THUMB_CMC,THUMB_MCP,THUMB_IP,THUMB_TIP,INDEX_FINGER_MCP,INDEX_FINGER_PIP,INDEX_FINGER_DIP,INDEX_FINGER_TIP,MIDDLE_FINGER_MCP,MIDDLE_FINGER_PIP,MIDDLE_FINGER_DIP,MIDDLE_FINGER_TIP,RING_FINGER_MCP,RING_FINGER_PIP,RING_FINGER_DIP,RING_FINGER_TIP,PINKY_MCP,PINKY_PIP,PINKY_DIP,PINKY_TIP,LABEL
1816,"(0.7573481798171997, 0.6041560769081116, -8.408230496570468e-05)","(0.7015042901039124, 0.6677887439727783, 0.02335561066865921)","(0.6872954368591309, 0.7559196949005127, 0.04297717288136482)","(0.6927165985107422, 0.828247606754303, 0.07120323926210403)","(0.7021237015724182, 0.8688976764678955, 0.10246375948190689)","(0.7269191741943359, 0.857503354549408, -0.0025016353465616703)","(0.7046058177947998, 0.9156042337417603, 0.06208091229200363)","(0.6946690678596497, 0.8774063587188721, 0.10315492004156113)","(0.6974115967750549, 0.8395999670028687, 0.12027750164270401)","(0.7616474032402039, 0.8563936948776245, 0.009219726547598839)","(0.7398959994316101, 0.9199570417404175, 0.079449862241745)","(0.7248392105102539, 0.8890153765678406, 0.11804766952991486)","(0.7242526412010193, 0.8534893989562988, 0.13126613199710846)","(0.7859283089637756, 0.8316454291343689, 0.03045251965522766)","(0.7661099433898926, 0.8833091855049133, 0.09359121322631836)","(0.7492074370384216, 0.8580374717712402, 0.11651866883039474)","(0.7472875714302063, 0.8286101222038269, 0.11632910370826721)","(0.8013544082641602, 0.796659529209137, 0.053935177624225616)","(0.7828121185302734, 0.8358697295188904, 0.10595552623271942)","(0.7694290280342102, 0.8174432516098022, 0.12547874450683594)","(0.7673317193984985, 0.7949244379997253, 0.1298115998506546)",Grasp
1817,"(0.7531628012657166, 0.6064244508743286, -8.19020060589537e-05)","(0.6992403268814087, 0.6697065830230713, 0.02772660367190838)","(0.6861888766288757, 0.7579083442687988, 0.04872122406959534)","(0.6943816542625427, 0.8263514041900635, 0.07669027894735336)","(0.7050580978393555, 0.8611403107643127, 0.10716166347265244)","(0.7217504382133484, 0.8560101985931396, -0.0009378132526762784)","(0.7042653560638428, 0.9153960943222046, 0.06230085715651512)","(0.694818913936615, 0.8784598708152771, 0.10366633534431458)","(0.696458101272583, 0.8405314087867737, 0.12096340954303741)","(0.7571542859077454, 0.8587499260902405, 0.007602144498378038)","(0.739234447479248, 0.9218788146972656, 0.07517039030790329)","(0.7248827815055847, 0.8928581476211548, 0.11495756357908249)","(0.7236877679824829, 0.8577573299407959, 0.12925033271312714)","(0.7830613255500793, 0.8371433019638062, 0.025702638551592827)","(0.7654141187667847, 0.8867344856262207, 0.0869402289390564)","(0.7489898800849915, 0.861481249332428, 0.1117144450545311)","(0.7468850016593933, 0.8322480916976929, 0.11307385563850403)","(0.8002548813819885, 0.8049845099449158, 0.04612074792385101)","(0.7820734977722168, 0.8408140540122986, 0.09673541784286499)","(0.7689120173454285, 0.8218472003936768, 0.11782150715589523)","(0.7671545147895813, 0.8001276254653931, 0.12344799190759659)",Grasp
1818,"(0.7541962265968323, 0.6090743541717529, -8.648673974676058e-05)","(0.698080837726593, 0.6699954271316528, 0.02091439999639988)","(0.6840815544128418, 0.7565523982048035, 0.04001186043024063)","(0.6910013556480408, 0.8281292915344238, 0.06771431118249893)","(0.7027735710144043, 0.8660932183265686, 0.09903968870639801)","(0.7231431603431702, 0.8571930527687073, -0.005880876909941435)","(0.7040125727653503, 0.9177688956260681, 0.056352801620960236)","(0.6936801075935364, 0.8811428546905518, 0.09826004505157471)","(0.6954578757286072, 0.8432701826095581, 0.11683553457260132)","(0.757277250289917, 0.857964038848877, 0.006641841027885675)","(0.7377231121063232, 0.9237922430038452, 0.07455883920192719)","(0.7230032682418823, 0.8956719636917114, 0.11536040902137756)","(0.722126841545105, 0.8619145750999451, 0.13048571348190308)","(0.7816985845565796, 0.8361192941665649, 0.028256122022867203)","(0.7631264328956604, 0.890009343624115, 0.08745212107896805)","(0.7472094893455505, 0.8662219643592834, 0.11357042193412781)","(0.7455287575721741, 0.837131917476654, 0.11696815490722656)","(0.7976075410842896, 0.8046770095825195, 0.05176364257931709)","(0.7793890833854675, 0.8465355634689331, 0.09940540045499802)","(0.7664646506309509, 0.8292651176452637, 0.1202574297785759)","(0.7647016644477844, 0.8065230250358582, 0.12695007026195526)",Grasp
1819,"(0.7506942749023438, 0.6109105944633484, -9.000172576634213e-05)","(0.6962516903877258, 0.6736586689949036, 0.01969025656580925)","(0.6829866170883179, 0.7601911425590515, 0.037889376282691956)","(0.6897237300872803, 0.8307369947433472, 0.06468819826841354)","(0.7009091973304749, 0.8683528900146484, 0.09513307362794876)","(0.7219445109367371, 0.8591626882553101, -0.007903510704636574)","(0.7051199674606323, 0.9191184043884277, 0.05302402377128601)","(0.6945574879646301, 0.8843642473220825, 0.09358189254999161)","(0.6949360966682434, 0.8481890559196472, 0.11156941205263138)","(0.7560724020004272, 0.8588614463806152, 0.004117058124393225)","(0.7376165390014648, 0.9238068461418152, 0.07021714001893997)","(0.7222191095352173, 0.8973072171211243, 0.10975641757249832)","(0.7199631929397583, 0.8652536869049072, 0.12405651062726974)","(0.7805620431900024, 0.8361765146255493, 0.025252893567085266)","(0.7624993920326233, 0.8901681900024414, 0.08257925510406494)","(0.7460552453994751, 0.8669185638427734, 0.10807783901691437)","(0.7433580160140991, 0.8381394743919373, 0.11141155660152435)","(0.7965036034584045, 0.8037918210029602, 0.04822602868080139)","(0.7780016660690308, 0.8452731370925903, 0.09453222155570984)","(0.7646139860153198, 0.828673243522644, 0.11485376209020615)","(0.7619509100914001, 0.8067958354949951, 0.12133172899484634)",Grasp
1820,"(0.7506698966026306, 0.6151455640792847, -7.918410119600594e-05)","(0.6957411766052246, 0.6815530061721802, 0.022446973249316216)","(0.6831235289573669, 0.7676989436149597, 0.04301795735955238)","(0.6901225447654724, 0.8362189531326294, 0.07121975719928741)","(0.7010408043861389, 0.8734917640686035, 0.10319608449935913)","(0.7241969704627991, 0.8656941056251526, 0.0005531796487048268)","(0.7092470526695251, 0.9251642823219299, 0.0636199563741684)","(0.6984127759933472, 0.8944058418273926, 0.10468892753124237)","(0.6977953910827637, 0.8588927984237671, 0.12366535514593124)","(0.7577914595603943, 0.8610673546791077, 0.012014166451990604)","(0.7412423491477966, 0.9221311807632446, 0.08173539489507675)","(0.7255203723907471, 0.8993057012557983, 0.12180116027593613)","(0.7219665050506592, 0.8690676093101501, 0.13605792820453644)","(0.7817184329032898, 0.8347986340522766, 0.032559290528297424)","(0.764511227607727, 0.8829615712165833, 0.09365758299827576)","(0.7475269436836243, 0.8621692061424255, 0.11754653602838516)","(0.743576169013977, 0.8346444368362427, 0.11898459494113922)","(0.79706871509552, 0.8002855777740479, 0.05520063266158104)","(0.7788968086242676, 0.8384346961975098, 0.10414112359285355)","(0.7651922106742859, 0.8238205909729004, 0.12362895160913467)","(0.7617204189300537, 0.8031274676322937, 0.12868456542491913)",Grasp
1821,"(0.7516493797302246, 0.6215327382087708, -6.873249367345124e-05)","(0.6958649158477783, 0.687810480594635, 0.021439211443066597)","(0.682316780090332, 0.77164626121521, 0.04235968366265297)","(0.6889945864677429, 0.8378568291664124, 0.0713324323296547)","(0.6994557976722717, 0.8741941452026367, 0.1032794862985611)","(0.7276499271392822, 0.8736147284507751, 0.0055770729668438435)","(0.7100805044174194, 0.9278936982154846, 0.06941733509302139)","(0.6988207101821899, 0.8973988890647888, 0.1094074696302414)","(0.6984723806381226, 0.8605076670646667, 0.1273677498102188)","(0.7613713145256042, 0.866274356842041, 0.018825208768248558)","(0.7420101761817932, 0.9199458360671997, 0.09077693521976471)","(0.7263322472572327, 0.8968071937561035, 0.12858985364437103)","(0.7229959964752197, 0.8647793531417847, 0.14099396765232086)","(0.7848208546638489, 0.8372899293899536, 0.041024211794137955)","(0.7658331394195557, 0.8768749237060547, 0.10585983097553253)","(0.7492268085479736, 0.8557016253471375, 0.12578719854354858)","(0.7450911402702332, 0.8277527093887329, 0.12297480553388596)","(0.7997713088989258, 0.8008334040641785, 0.06490547209978104)","(0.7796441316604614, 0.832238495349884, 0.1164993867278099)","(0.7660648822784424, 0.8170100450515747, 0.13358493149280548)","(0.7625890970230103, 0.7972726821899414, 0.13572725653648376)",Grasp
1822,"(0.749830424785614, 0.627450168132782, -6.466046761488542e-05)","(0.6951435804367065, 0.690261960029602, 0.021005729213356972)","(0.6811076402664185, 0.7720304131507874, 0.04204704985022545)","(0.6889634728431702, 0.8351245522499084, 0.07071274518966675)","(0.7018808126449585, 0.8661360144615173, 0.10276681184768677)","(0.7279614806175232, 0.8722331523895264, 0.0037361399736255407)","(0.7125352025032043, 0.9303287863731384, 0.0655466839671135)","(0.7013857364654541, 0.9049610495567322, 0.10656317323446274)","(0.6999993324279785, 0.8702232837677002, 0.1269027590751648)","(0.7612939476966858, 0.8655685186386108, 0.016899069771170616)","(0.7440896034240723, 0.9241526126861572, 0.08583901822566986)","(0.7285857796669006, 0.9048469662666321, 0.1253076046705246)","(0.7244964241981506, 0.8754997253417969, 0.14082330465316772)","(0.7844191789627075, 0.8374441862106323, 0.03906458988785744)","(0.7664536237716675, 0.8808712363243103, 0.10083729028701782)","(0.7496964931488037, 0.8623290657997131, 0.1227831244468689)","(0.7452037334442139, 0.8353565335273743, 0.12324725836515427)","(0.799413800239563, 0.8023914694786072, 0.06251852959394455)","(0.7798776030540466, 0.8359753489494324, 0.11167390644550323)","(0.7661074995994568, 0.8228131532669067, 0.1287216991186142)","(0.7625859975814819, 0.80413419008255, 0.13199399411678314)",Grasp
1823,"(0.7500431537628174, 0.6337408423423767, -5.591095396084711e-05)","(0.6965454816818237, 0.696921706199646, 0.020549701526761055)","(0.6831073760986328, 0.7774280309677124, 0.04179999977350235)","(0.6905016899108887, 0.8386694192886353, 0.07017611712217331)","(0.7027135491371155, 0.8671212792396545, 0.10163166373968124)","(0.7293930053710938, 0.8741379380226135, 0.007922136224806309)","(0.7155917882919312, 0.9352524876594543, 0.06859500706195831)","(0.7037732601165771, 0.9129822254180908, 0.10876531153917313)","(0.7011691927909851, 0.8787895441055298, 0.12884321808815002)","(0.7620343565940857, 0.864799439907074, 0.021924229338765144)","(0.7464978098869324, 0.9252275824546814, 0.09063738584518433)","(0.7301746010780334, 0.90684974193573, 0.12996308505535126)","(0.7244241237640381, 0.8773047924041748, 0.14621491730213165)","(0.784356415271759, 0.8351439833641052, 0.04423937946557999)","(0.7663677930831909, 0.8765454292297363, 0.1075836643576622)","(0.7493220567703247, 0.8570065498352051, 0.12758001685142517)","(0.7438881993293762, 0.8299480080604553, 0.12688598036766052)","(0.7983670234680176, 0.8002353310585022, 0.06820016354322433)","(0.7780324220657349, 0.8315741419792175, 0.11849649995565414)","(0.7641915678977966, 0.8181387782096863, 0.1341775357723236)","(0.7604191303253174, 0.8000993728637695, 0.13681013882160187)",Grasp
1824,"(0.7488086223602295, 0.6378825902938843, -5.137034168001264e-05)","(0.6954663991928101, 0.6962176561355591, 0.02454962022602558)","(0.6809201836585999, 0.7765318751335144, 0.0452745258808136)","(0.6872008442878723, 0.836875319480896, 0.07211887091398239)","(0.698896586894989, 0.8643912076950073, 0.10324244201183319)","(0.7232996225357056, 0.876323938369751, 0.006770884618163109)","(0.7120808959007263, 0.9381422400474548, 0.06673963367938995)","(0.7042918801307678, 0.9106511473655701, 0.1068234071135521)","(0.7051053047180176, 0.8739007711410522, 0.1259186863899231)","(0.756637692451477, 0.8707650899887085, 0.017609287053346634)","(0.7433789372444153, 0.933062732219696, 0.0847897157073021)","(0.7301517128944397, 0.9127367734909058, 0.12397725135087967)","(0.7275014519691467, 0.8810768723487854, 0.1408778429031372)","(0.7804571986198425, 0.8429774045944214, 0.03696909546852112)","(0.7637718915939331, 0.8786641359329224, 0.1024174913764)","(0.748805820941925, 0.855059802532196, 0.11789558827877045)","(0.745823323726654, 0.828031063079834, 0.11266009509563446)","(0.7961283922195435, 0.8085214495658875, 0.058065541088581085)","(0.7776072025299072, 0.8326389789581299, 0.11174692958593369)","(0.7649669647216797, 0.8152406215667725, 0.12600859999656677)","(0.7623939514160156, 0.7977806329727173, 0.12517136335372925)",Grasp
1825,"(0.7479052543640137, 0.6395702362060547, -5.552862785407342e-05)","(0.6952449679374695, 0.6957719922065735, 0.02472655475139618)","(0.681376039981842, 0.7759640216827393, 0.045779865235090256)","(0.6884422898292542, 0.8357473611831665, 0.07303747534751892)","(0.6998946666717529, 0.864780068397522, 0.10407394915819168)","(0.7213037014007568, 0.8762921690940857, 0.008127177134156227)","(0.7122983336448669, 0.9385269284248352, 0.06846080720424652)","(0.7043609023094177, 0.9123469591140747, 0.1104738712310791)","(0.7039622068405151, 0.8765863180160522, 0.13225318491458893)","(0.7549058198928833, 0.8703084588050842, 0.019584976136684418)","(0.7447307109832764, 0.9319952726364136, 0.08820242434740067)","(0.7315475940704346, 0.9117920994758606, 0.13157612085342407)","(0.7282423973083496, 0.882349967956543, 0.15228016674518585)","(0.7795699834823608, 0.84218430519104, 0.03888124227523804)","(0.7646677494049072, 0.87906414270401, 0.1042017862200737)","(0.7486839890480042, 0.8562006950378418, 0.1239616721868515)","(0.7449160814285278, 0.8304929733276367, 0.12254702299833298)","(0.7963093519210815, 0.807746410369873, 0.060469239950180054)","(0.7783470153808594, 0.8326452970504761, 0.11323899775743484)","(0.7650210857391357, 0.8162655830383301, 0.12942355871200562)","(0.762101948261261, 0.7992304563522339, 0.13215242326259613)",Grasp
1826,"(0.7459579706192017, 0.64028400182724, -4.783349504577927e-05)","(0.6928244829177856, 0.6961127519607544, 0.02674306556582451)","(0.6788061857223511, 0.7765837907791138, 0.04832996800541878)","(0.6868265867233276, 0.8351232409477234, 0.07578080892562866)","(0.69915771484375, 0.8606560826301575, 0.1079476848244667)","(0.7206542491912842, 0.8778051137924194, 0.010314088314771652)","(0.7118086814880371, 0.9377145171165466, 0.07046831399202347)","(0.7040546536445618, 0.9111956357955933, 0.11119706183671951)","(0.7035635113716125, 0.8756012916564941, 0.1315908432006836)","(0.7548753023147583, 0.8713793754577637, 0.020485715940594673)","(0.7444950342178345, 0.932318925857544, 0.08876891434192657)","(0.7314372062683105, 0.9126315116882324, 0.13139501214027405)","(0.7279185056686401, 0.8826640248298645, 0.15169601142406464)","(0.7799957990646362, 0.8421793580055237, 0.038466792553663254)","(0.7640976309776306, 0.8757311105728149, 0.10486458241939545)","(0.7483986616134644, 0.8524341583251953, 0.12273061275482178)","(0.7448249459266663, 0.8270862102508545, 0.11939030885696411)","(0.7969022393226624, 0.8065659403800964, 0.05897707864642143)","(0.7778343558311462, 0.8271093964576721, 0.11321288347244263)","(0.7647582292556763, 0.8097136616706848, 0.12820158898830414)","(0.7625687122344971, 0.7930409908294678, 0.12907499074935913)",Grasp
1827,"(0.7458266615867615, 0.6414638757705688, -4.9796944949775934e-05)","(0.6929284930229187, 0.6979568004608154, 0.029568441212177277)","(0.6787747144699097, 0.776978075504303, 0.05289972200989723)","(0.6858557462692261, 0.8332046866416931, 0.08105792850255966)","(0.6977856755256653, 0.8578673005104065, 0.11357350647449493)","(0.7200490832328796, 0.8787714242935181, 0.01790543831884861)","(0.7126094102859497, 0.9371743202209473, 0.07794079929590225)","(0.7046893239021301, 0.9141178131103516, 0.11867818981409073)","(0.7031581401824951, 0.8815536499023438, 0.14010657370090485)","(0.7538330554962158, 0.8719483613967896, 0.026417866349220276)","(0.7445209622383118, 0.9296572804450989, 0.09422358125448227)","(0.7311388254165649, 0.9110159873962402, 0.1373329907655716)","(0.7268552780151367, 0.8834043145179749, 0.15822438895702362)","(0.7790058851242065, 0.8426823616027832, 0.042623113840818405)","(0.7651673555374146, 0.8754575848579407, 0.10769691318273544)","(0.7491803765296936, 0.8542981147766113, 0.128203347325325)","(0.744696319103241, 0.8301132321357727, 0.12735934555530548)","(0.7963900566101074, 0.8069361448287964, 0.06117689236998558)","(0.7795442938804626, 0.8280496001243591, 0.11463474482297897)","(0.7663063406944275, 0.8120608925819397, 0.13128337264060974)","(0.7634543776512146, 0.7953874468803406, 0.13397276401519775)",Grasp
1828,"(0.7450998425483704, 0.6416864395141602, -5.329425403033383e-05)","(0.692065417766571, 0.696932315826416, 0.02330768294632435)","(0.6774367094039917, 0.7777196764945984, 0.04294930770993233)","(0.6852188110351562, 0.8337374925613403, 0.06892053037881851)","(0.6978563070297241, 0.854915976524353, 0.10064153373241425)","(0.7258351445198059, 0.8792805075645447, 0.008752448484301567)","(0.7146402597427368, 0.9381744861602783, 0.06828341633081436)","(0.7050568461418152, 0.9076550602912903, 0.10644573718309402)","(0.7043028473854065, 0.869901716709137, 0.12494075298309326)","(0.7597956657409668, 0.8710876703262329, 0.019976461306214333)","(0.7470070123672485, 0.9286837577819824, 0.08746170252561569)","(0.7331650853157043, 0.9047982692718506, 0.12621241807937622)","(0.7295509576797485, 0.8727629780769348, 0.14253492653369904)","(0.784007728099823, 0.8406231999397278, 0.03872208297252655)","(0.7676344513893127, 0.8759480118751526, 0.1034616082906723)","(0.7516595721244812, 0.8533720374107361, 0.12131696194410324)","(0.747420608997345, 0.8275798559188843, 0.11826322972774506)","(0.8000609874725342, 0.8043040037155151, 0.059956882148981094)","(0.7808359265327454, 0.8293657302856445, 0.11260345578193665)","(0.767969012260437, 0.8128881454467773, 0.12828585505485535)","(0.7658469080924988, 0.7949845194816589, 0.13055332005023956)",Grasp
1829,"(0.7508233189582825, 0.6389589905738831, -5.3917698096483946e-05)","(0.6956164836883545, 0.6956347823143005, 0.01617080345749855)","(0.6787154674530029, 0.7783533930778503, 0.031905647367239)","(0.6818370223045349, 0.8420722484588623, 0.05573767423629761)","(0.692370593547821, 0.8745998740196228, 0.08506578207015991)","(0.7304015755653381, 0.8757665753364563, -0.0009138901368714869)","(0.7166872620582581, 0.9367693066596985, 0.05967224761843681)","(0.7048210501670837, 0.9070948362350464, 0.0984589159488678)","(0.7032244801521301, 0.869933545589447, 0.11714012920856476)","(0.763691246509552, 0.8666737675666809, 0.012272214516997337)","(0.7454822659492493, 0.9257541298866272, 0.07836178690195084)","(0.7295170426368713, 0.9027862548828125, 0.11404789984226227)","(0.7256090044975281, 0.8701655268669128, 0.12723694741725922)","(0.7867799997329712, 0.8369663953781128, 0.03337305039167404)","(0.7674282193183899, 0.8815892934799194, 0.09471102058887482)","(0.7509852051734924, 0.8613071441650391, 0.11323718726634979)","(0.7470474243164062, 0.8331766724586487, 0.11065798252820969)","(0.8019533157348633, 0.8022333383560181, 0.05584067106246948)","(0.7810006737709045, 0.8379023671150208, 0.1047448217868805)","(0.7675103545188904, 0.8228540420532227, 0.12063923478126526)","(0.7648724317550659, 0.8015986680984497, 0.12333844602108002)",Grasp
1830,"(0.7549547553062439, 0.6363015174865723, -6.279158696997911e-05)","(0.6988747715950012, 0.6900020837783813, 0.009819566272199154)","(0.6810523867607117, 0.7742905616760254, 0.022638855502009392)","(0.6836166381835938, 0.8404207229614258, 0.04468986392021179)","(0.6938151121139526, 0.8738731741905212, 0.07253564149141312)","(0.7335644960403442, 0.8659332394599915, -0.011381678283214569)","(0.7206223011016846, 0.9369691014289856, 0.04522684961557388)","(0.707274317741394, 0.9089730978012085, 0.08451081067323685)","(0.7053107023239136, 0.8726930618286133, 0.10481438785791397)","(0.7662144899368286, 0.8568431735038757, 0.00442759832367301)","(0.7487421035766602, 0.923911988735199, 0.06844224035739899)","(0.7322447299957275, 0.9000073671340942, 0.10585664212703705)","(0.7283447980880737, 0.8684940934181213, 0.11954670399427414)","(0.7888453602790833, 0.8281986713409424, 0.027658909559249878)","(0.7704527378082275, 0.8808064460754395, 0.08620285987854004)","(0.7535792589187622, 0.8609176874160767, 0.1072552278637886)","(0.7490566968917847, 0.8327082991600037, 0.10713899880647659)","(0.8039324879646301, 0.7949976921081543, 0.05210082232952118)","(0.7840703725814819, 0.8381237983703613, 0.09851857274770737)","(0.7704351544380188, 0.823753297328949, 0.11523499339818954)","(0.767137348651886, 0.8013178706169128, 0.11937619745731354)",Grasp
1831,"(0.7580488920211792, 0.6304448843002319, -7.147776341298595e-05)","(0.701132595539093, 0.6846497058868408, 0.007138092536479235)","(0.6828094720840454, 0.7668459415435791, 0.01979420706629753)","(0.6821991801261902, 0.829906165599823, 0.04253196716308594)","(0.6899842619895935, 0.8624118566513062, 0.07175680994987488)","(0.7385637760162354, 0.8617838025093079, -0.01105908676981926)","(0.7242009043693542, 0.9356867671012878, 0.04441387206315994)","(0.7082296013832092, 0.9078453183174133, 0.08303587138652802)","(0.7053894400596619, 0.8714212775230408, 0.10277508944272995)","(0.7703288793563843, 0.850206196308136, 0.0067972750402987)","(0.7511752843856812, 0.9180099368095398, 0.07021390646696091)","(0.7331547141075134, 0.8943374752998352, 0.10780932009220123)","(0.7285524606704712, 0.8636999130249023, 0.12150905281305313)","(0.7914873957633972, 0.8198098540306091, 0.031245876103639603)","(0.7717459797859192, 0.874765157699585, 0.09050475060939789)","(0.7542858123779297, 0.8562496900558472, 0.11385413259267807)","(0.7494086623191833, 0.8279207944869995, 0.11577238142490387)","(0.8050603866577148, 0.7847265601158142, 0.056801725178956985)","(0.7850607633590698, 0.8322744965553284, 0.10410375893115997)","(0.7708324193954468, 0.8195361495018005, 0.12288741022348404)","(0.7669003009796143, 0.7958395481109619, 0.12948155403137207)",Grasp
1832,"(0.7633492350578308, 0.6196967363357544, -7.065606041578576e-05)","(0.705490231513977, 0.6715406179428101, -0.0004390689719002694)","(0.6853548288345337, 0.7584958672523499, 0.008508553728461266)","(0.6856694221496582, 0.8271163702011108, 0.029858620837330818)","(0.6951354742050171, 0.8612785935401917, 0.057365790009498596)","(0.7409172058105469, 0.850662887096405, -0.022226577624678612)","(0.7257397174835205, 0.9311472177505493, 0.031749069690704346)","(0.7078339457511902, 0.9036267995834351, 0.07257188111543655)","(0.7040068507194519, 0.8672999739646912, 0.09364994615316391)","(0.7726073861122131, 0.8406333327293396, -0.0019117468036711216)","(0.752681314945221, 0.9157546162605286, 0.06176372617483139)","(0.7329840660095215, 0.8932226300239563, 0.10249076783657074)","(0.727706789970398, 0.8619717359542847, 0.11787784844636917)","(0.7932336330413818, 0.8106481432914734, 0.024782149121165276)","(0.7733665704727173, 0.8739643096923828, 0.08138061314821243)","(0.7547896504402161, 0.85752934217453, 0.1072116270661354)","(0.7489616870880127, 0.8282811045646667, 0.11060595512390137)","(0.8063977360725403, 0.7754138112068176, 0.05185365304350853)","(0.7864893078804016, 0.829994261264801, 0.09716200828552246)","(0.7717324495315552, 0.8176859617233276, 0.11673620343208313)","(0.7671652436256409, 0.7922551035881042, 0.12393049150705338)",Grasp
1833,"(0.7608737945556641, 0.6101396083831787, -6.477624992839992e-05)","(0.7050330638885498, 0.6688555479049683, 0.00497713778167963)","(0.6873990893363953, 0.7565678954124451, 0.017486315220594406)","(0.6914577484130859, 0.8217780590057373, 0.04024433717131615)","(0.7021411061286926, 0.8509410619735718, 0.06718222051858902)","(0.7453027963638306, 0.8416184782981873, -0.019144566729664803)","(0.730933427810669, 0.9285877346992493, 0.03203305974602699)","(0.7105408310890198, 0.9088724851608276, 0.07380242645740509)","(0.7035030126571655, 0.8746442198753357, 0.096977598965168)","(0.7780482769012451, 0.8299990296363831, 0.0004343248438090086)","(0.7582232356071472, 0.906080424785614, 0.06373755633831024)","(0.7357476353645325, 0.8897325992584229, 0.10851594805717468)","(0.7266783714294434, 0.8613860607147217, 0.1272987425327301)","(0.7987863421440125, 0.7983230352401733, 0.02614710107445717)","(0.7774351835250854, 0.8586944341659546, 0.08500812202692032)","(0.7563748955726624, 0.845712423324585, 0.1135200709104538)","(0.7474012970924377, 0.8172727227210999, 0.11866836994886398)","(0.811092734336853, 0.7620432376861572, 0.05234046280384064)","(0.7876650094985962, 0.8116983771324158, 0.10059471428394318)","(0.7717623114585876, 0.801312267780304, 0.12031730264425278)","(0.7662404775619507, 0.7784090638160706, 0.12748542428016663)",Grasp
1834,"(0.7677636742591858, 0.5948759317398071, -5.7484430726617575e-05)","(0.7088111042976379, 0.6555988192558289, 0.0035108025185763836)","(0.6907458305358887, 0.7507275342941284, 0.01912476122379303)","(0.6940735578536987, 0.8200438022613525, 0.045617830008268356)","(0.7035078406333923, 0.8521553874015808, 0.07457798719406128)","(0.7456037402153015, 0.8331835269927979, -0.012959286570549011)","(0.733366847038269, 0.9222050905227661, 0.0385439433157444)","(0.7137109637260437, 0.9148228168487549, 0.0816020593047142)","(0.7052939534187317, 0.8898581862449646, 0.10800958424806595)","(0.7780978679656982, 0.8204368352890015, 0.007780060172080994)","(0.7603781819343567, 0.9014904499053955, 0.06996668875217438)","(0.7364535927772522, 0.8950811624526978, 0.11569035798311234)","(0.725167453289032, 0.8733416199684143, 0.13726964592933655)","(0.798187255859375, 0.7887763381004333, 0.03428546339273453)","(0.7779495120048523, 0.8548692464828491, 0.09027979522943497)","(0.7553252577781677, 0.8459581136703491, 0.11974166333675385)","(0.7445545196533203, 0.8195979595184326, 0.12789028882980347)","(0.8097137212753296, 0.7528200745582581, 0.06011970341205597)","(0.7884613871574402, 0.807121992111206, 0.10466515272855759)","(0.7701867818832397, 0.8006043434143066, 0.12461147457361221)","(0.7619706988334656, 0.7799612879753113, 0.13285227119922638)",Grasp
1835,"(0.7682504653930664, 0.5724080204963684, -6.947705696802586e-05)","(0.7094019055366516, 0.6385408639907837, 0.004734967835247517)","(0.6920120716094971, 0.7350731492042542, 0.018196310847997665)","(0.6967254877090454, 0.8102951049804688, 0.04192379117012024)","(0.7056769728660583, 0.8565994501113892, 0.06729943305253983)","(0.7466135025024414, 0.8171567916870117, -0.007298712618649006)","(0.7326380014419556, 0.9047076106071472, 0.03937457501888275)","(0.7137839794158936, 0.9081060290336609, 0.08047300577163696)","(0.7047595381736755, 0.8937270641326904, 0.10759275406599045)","(0.7789266705513, 0.8050912618637085, 0.01244405284523964)","(0.7612729072570801, 0.8889583349227905, 0.07100801169872284)","(0.7374479174613953, 0.8883573412895203, 0.11806643754243851)","(0.7237157821655273, 0.8692524433135986, 0.14282873272895813)","(0.7993993163108826, 0.7752012610435486, 0.03732336312532425)","(0.7789618372917175, 0.8412030339241028, 0.09219242632389069)","(0.7564111351966858, 0.8386641144752502, 0.12244920432567596)","(0.7439213395118713, 0.8154926300048828, 0.1319579780101776)","(0.8110917806625366, 0.7405277490615845, 0.06184956431388855)","(0.7902548909187317, 0.7917010188102722, 0.10708800703287125)","(0.7726104855537415, 0.7870829105377197, 0.12687911093235016)","(0.7640414237976074, 0.7677897810935974, 0.13407695293426514)",Grasp
1836,"(0.7690998315811157, 0.5485873222351074, -7.38874077796936e-05)","(0.7108476161956787, 0.6148407459259033, 0.0026727737858891487)","(0.6920955777168274, 0.7144615054130554, 0.014921626076102257)","(0.6934869289398193, 0.7946277260780334, 0.03739507868885994)","(0.6976600885391235, 0.8504230380058289, 0.06187475845217705)","(0.7463110089302063, 0.7962188720703125, -0.00613307673484087)","(0.7295743227005005, 0.8853670954704285, 0.038899026811122894)","(0.7107115387916565, 0.8928048610687256, 0.08013147860765457)","(0.700779378414154, 0.8860667943954468, 0.1084432378411293)","(0.7784302830696106, 0.7858937382698059, 0.01367509551346302)","(0.7596047520637512, 0.8704757690429688, 0.06794165074825287)","(0.7344457507133484, 0.8689757585525513, 0.1136317253112793)","(0.7193908095359802, 0.8532029390335083, 0.13819843530654907)","(0.7987785339355469, 0.7575669288635254, 0.03881114721298218)","(0.7779472470283508, 0.82419753074646, 0.09058625251054764)","(0.7544368505477905, 0.8233596086502075, 0.11996164917945862)","(0.7407618165016174, 0.8041353821754456, 0.12988409399986267)","(0.8105036616325378, 0.7237512469291687, 0.0626462772488594)","(0.7899411916732788, 0.7757807970046997, 0.10610190033912659)","(0.7710027694702148, 0.7743560671806335, 0.12483394145965576)","(0.7606477737426758, 0.7578774690628052, 0.13040043413639069)",Move
1837,"(0.7732190489768982, 0.5230621099472046, -7.299348362721503e-05)","(0.7106062769889832, 0.5864064693450928, -0.0018538424046710134)","(0.6886944770812988, 0.6871985197067261, 0.0074075739830732346)","(0.6883140802383423, 0.772946298122406, 0.028238214552402496)","(0.6890453100204468, 0.8324993848800659, 0.0508207343518734)","(0.7441452145576477, 0.7703949213027954, -0.011305469088256359)","(0.7193362712860107, 0.8585787415504456, 0.03306885063648224)","(0.6977911591529846, 0.8668162226676941, 0.07293422520160675)","(0.6873629093170166, 0.8610350489616394, 0.09941428154706955)","(0.7774489521980286, 0.7646909952163696, 0.010576345026493073)","(0.7535502910614014, 0.8527023792266846, 0.06204323098063469)","(0.7273164391517639, 0.8510836362838745, 0.10527710616588593)","(0.7123379111289978, 0.832446277141571, 0.12879304587841034)","(0.7980108857154846, 0.7390885353088379, 0.03783096745610237)","(0.7736634016036987, 0.8095960021018982, 0.08687612414360046)","(0.7486553192138672, 0.8066938519477844, 0.11195749789476395)","(0.7346661686897278, 0.7843179702758789, 0.1198292151093483)","(0.8096863031387329, 0.7073900699615479, 0.06411358714103699)","(0.786700427532196, 0.7630933523178101, 0.10469858348369598)","(0.7652880549430847, 0.7613968849182129, 0.12040654569864273)","(0.7530656456947327, 0.7427549362182617, 0.1244499534368515)",Move
1838,"(0.7687713503837585, 0.4993773400783539, -8.230636740336195e-05)","(0.7057989239692688, 0.558000922203064, -0.006869541946798563)","(0.6821130514144897, 0.6612195372581482, -9.781397238839418e-05)","(0.682479977607727, 0.7508019804954529, 0.019141923636198044)","(0.6818854808807373, 0.8110868334770203, 0.03966245427727699)","(0.7398306131362915, 0.7398205399513245, -0.021878557279706)","(0.713748574256897, 0.831430196762085, 0.018283968791365623)","(0.6910114288330078, 0.8405108451843262, 0.058188099414110184)","(0.6798157095909119, 0.8343300819396973, 0.08551051467657089)","(0.7741738557815552, 0.7379171252250671, 0.0020163182634860277)","(0.7491505146026611, 0.830685555934906, 0.049289315938949585)","(0.7210080623626709, 0.8274601101875305, 0.0911765918135643)","(0.7055952548980713, 0.8062478303909302, 0.11498823761940002)","(0.7957209348678589, 0.7153588533401489, 0.03152197226881981)","(0.770156979560852, 0.7906199097633362, 0.07604368031024933)","(0.7419829368591309, 0.7870065569877625, 0.10166038572788239)","(0.7270259261131287, 0.7638375759124756, 0.11204683035612106)","(0.8084542751312256, 0.685752272605896, 0.060215163975954056)","(0.7817143201828003, 0.7449385523796082, 0.09573059529066086)","(0.7584484815597534, 0.7422738075256348, 0.11041201651096344)","(0.7460572123527527, 0.7236184477806091, 0.11511547118425369)",Move
1839,"(0.7639303803443909, 0.4762927293777466, -7.363102486124262e-05)","(0.7003868818283081, 0.5297589302062988, -0.012011367827653885)","(0.6753770709037781, 0.6288523077964783, -0.007113698869943619)","(0.672906756401062, 0.7189441323280334, 0.011615162715315819)","(0.6708248853683472, 0.7823764085769653, 0.03266370669007301)","(0.7289941310882568, 0.7109177112579346, -0.028849415481090546)","(0.7021034359931946, 0.8074473142623901, 0.009740441106259823)","(0.6793050765991211, 0.8163483142852783, 0.04973682388663292)","(0.6688107252120972, 0.8072537183761597, 0.07704159617424011)","(0.7635085582733154, 0.7116862535476685, -0.0034842118620872498)","(0.7377796769142151, 0.8069157600402832, 0.04109635949134827)","(0.7101954221725464, 0.803729772567749, 0.08171278983354568)","(0.6948743462562561, 0.7846273183822632, 0.10491664707660675)","(0.7855215072631836, 0.6919658184051514, 0.02733859233558178)","(0.7595477104187012, 0.7696634531021118, 0.06816606968641281)","(0.7319038510322571, 0.766879677772522, 0.09261409938335419)","(0.7169625163078308, 0.7452037334442139, 0.10321126133203506)","(0.7984234094619751, 0.6645470261573792, 0.05688384175300598)","(0.7722433805465698, 0.7237964272499084, 0.08985254913568497)","(0.7484325170516968, 0.7212356328964233, 0.10298407077789307)","(0.7353485226631165, 0.7031021118164062, 0.10682278126478195)",Move
1840,"(0.7568366527557373, 0.4480236768722534, -6.274865882005543e-05)","(0.6925197243690491, 0.49228107929229736, -0.007194573059678078)","(0.6627423763275146, 0.5908514857292175, -0.007380337454378605)","(0.6593019366264343, 0.6831342577934265, 0.00387260178104043)","(0.6550304293632507, 0.7452940940856934, 0.015834085643291473)","(0.7149083614349365, 0.673321008682251, -0.03699679300189018)","(0.6879856586456299, 0.7714927792549133, -0.006180083379149437)","(0.6642879247665405, 0.7865248322486877, 0.026942607015371323)","(0.651814341545105, 0.7810832262039185, 0.04780048131942749)","(0.7522627711296082, 0.681940495967865, -0.01585209369659424)","(0.7248951196670532, 0.7833347320556641, 0.022922901436686516)","(0.6957605481147766, 0.7830854058265686, 0.06246200203895569)","(0.6792007684707642, 0.760542631149292, 0.08545086532831192)","(0.7767650485038757, 0.6671044230461121, 0.010976182296872139)","(0.7453813552856445, 0.7450616359710693, 0.05225785821676254)","(0.7176699042320251, 0.7407952547073364, 0.07650280743837357)","(0.7032757997512817, 0.7161356210708618, 0.08589597046375275)","(0.7914280295372009, 0.6429657936096191, 0.037345562130212784)","(0.758966326713562, 0.6984701752662659, 0.07447028905153275)","(0.7363229393959045, 0.6922445297241211, 0.08994746208190918)","(0.7247475385665894, 0.6711475849151611, 0.094874806702137)",Move
1841,"(0.7479189038276672, 0.41805779933929443, -8.182663441402838e-05)","(0.6836758852005005, 0.4519186019897461, -0.012732170522212982)","(0.6505759954452515, 0.5465383529663086, -0.016636092215776443)","(0.6435732841491699, 0.636963963508606, -0.0075316098518669605)","(0.6398075819015503, 0.6986244916915894, 0.005105169024318457)","(0.6984401941299438, 0.6348826289176941, -0.057953886687755585)","(0.6666204929351807, 0.7367451786994934, -0.03508896008133888)","(0.6416943073272705, 0.7522934675216675, -0.0030601436737924814)","(0.6279820203781128, 0.7497655749320984, 0.02126934379339218)","(0.7370191812515259, 0.6505810618400574, -0.03497679531574249)","(0.7047550678253174, 0.7550196051597595, -0.004303199704736471)","(0.6750984191894531, 0.7543002963066101, 0.03768579661846161)","(0.6581910252571106, 0.7331125736236572, 0.06499434262514114)","(0.7625068426132202, 0.6421070098876953, -0.005750495474785566)","(0.7277923822402954, 0.7236310839653015, 0.0283916424959898)","(0.6973506212234497, 0.7225543260574341, 0.05655161663889885)","(0.6806808114051819, 0.7010145783424377, 0.07137905061244965)","(0.7775800228118896, 0.6214444637298584, 0.022398879751563072)","(0.743009090423584, 0.6807085871696472, 0.056280747056007385)","(0.7184931039810181, 0.6750855445861816, 0.07403749227523804)","(0.7050650715827942, 0.6543832421302795, 0.08263809978961945)",Move
1842,"(0.7347312569618225, 0.38302183151245117, -9.004363528219983e-05)","(0.6708999872207642, 0.4187110662460327, -0.011276250705122948)","(0.6365246176719666, 0.5113360285758972, -0.013661235570907593)","(0.6271620988845825, 0.600698709487915, -0.0035242612939327955)","(0.6206658482551575, 0.6600449681282043, 0.00834051612764597)","(0.6837822794914246, 0.6022524833679199, -0.050840869545936584)","(0.6522966623306274, 0.7022181153297424, -0.02684079483151436)","(0.6265437006950378, 0.7176619172096252, 0.0031689107418060303)","(0.6116053462028503, 0.7127858400344849, 0.02343124710023403)","(0.7216680645942688, 0.6160842180252075, -0.028684301301836967)","(0.6887046098709106, 0.7176669836044312, 0.005243572872132063)","(0.660309910774231, 0.7192264795303345, 0.043919555842876434)","(0.6438040137290955, 0.6962995529174805, 0.0670865997672081)","(0.747382402420044, 0.6061307787895203, -0.0005153652164153755)","(0.7099586725234985, 0.678501546382904, 0.03656955808401108)","(0.6826139688491821, 0.6705155968666077, 0.058492496609687805)","(0.6681035161018372, 0.6423865556716919, 0.06726976484060287)","(0.7624713778495789, 0.5850194096565247, 0.026598650962114334)","(0.7271698117256165, 0.6375855803489685, 0.06118086725473404)","(0.7055186629295349, 0.6275378465652466, 0.07584311813116074)","(0.6938400268554688, 0.6034352779388428, 0.08063941448926926)",Move
1843,"(0.7251272797584534, 0.35355913639068604, -9.624587983125821e-05)","(0.662288248538971, 0.3821296691894531, -0.011233806610107422)","(0.6246218681335449, 0.468269944190979, -0.01765601709485054)","(0.6116663813591003, 0.5564927458763123, -0.011213655583560467)","(0.603204071521759, 0.6186009049415588, -0.001378128887154162)","(0.6689757108688354, 0.5599847435951233, -0.058100685477256775)","(0.6333538293838501, 0.6623915433883667, -0.03688453137874603)","(0.6076689958572388, 0.678875744342804, -0.006118420511484146)","(0.594094455242157, 0.6739280819892883, 0.015552297234535217)","(0.7071959376335144, 0.5798898339271545, -0.03627349063754082)","(0.6698460578918457, 0.6856811046600342, -0.007060275413095951)","(0.6394587755203247, 0.688892126083374, 0.03404117375612259)","(0.6233827471733093, 0.668381929397583, 0.06033359095454216)","(0.7331384420394897, 0.575354278087616, -0.00800442136824131)","(0.6941865086555481, 0.6550784707069397, 0.024979185312986374)","(0.6638317108154297, 0.6514096260070801, 0.052322447299957275)","(0.6485000848770142, 0.6271101236343384, 0.0651826411485672)","(0.7479820847511292, 0.5567050576210022, 0.018706874921917915)","(0.7108372449874878, 0.6115611791610718, 0.05270785465836525)","(0.6859071850776672, 0.603699266910553, 0.07036860287189484)","(0.6727614402770996, 0.5816514492034912, 0.07797730714082718)",Move
1844,"(0.7120996117591858, 0.32199734449386597, -0.00011387094855308533)","(0.6492726802825928, 0.34943687915802, -0.012008318677544594)","(0.6103468537330627, 0.4331167936325073, -0.019903937354683876)","(0.5958235263824463, 0.522428035736084, -0.013857945799827576)","(0.5866551399230957, 0.5844821929931641, -0.005288224201649427)","(0.6528873443603516, 0.5236408710479736, -0.0671766921877861)","(0.6169769167900085, 0.627678632736206, -0.04338982701301575)","(0.5917930603027344, 0.6396495699882507, -0.0104132778942585)","(0.5795989036560059, 0.6274313926696777, 0.01272588036954403)","(0.6916306018829346, 0.5463737845420837, -0.044676534831523895)","(0.6527508497238159, 0.6549974679946899, -0.013124960474669933)","(0.6232523322105408, 0.6548566222190857, 0.028592897579073906)","(0.608045756816864, 0.6301830410957336, 0.05467544496059418)","(0.7180992364883423, 0.5449430346488953, -0.015235871076583862)","(0.675906240940094, 0.6196544170379639, 0.019846787676215172)","(0.6473773121833801, 0.609984278678894, 0.045600369572639465)","(0.6343080401420593, 0.5819502472877502, 0.0565628744661808)","(0.7328386306762695, 0.5296236276626587, 0.012806198559701443)","(0.6932882070541382, 0.5793841481208801, 0.04791981726884842)","(0.6707101464271545, 0.5666930079460144, 0.06483601778745651)","(0.66010582447052, 0.5422487854957581, 0.07225564867258072)",Move
1845,"(0.7036944627761841, 0.2952435612678528, -0.00012300439993850887)","(0.6382169723510742, 0.31909799575805664, -0.006086132489144802)","(0.5958352088928223, 0.402716726064682, -0.013062708079814911)","(0.5796478986740112, 0.49587082862854004, -0.008830706588923931)","(0.5679010152816772, 0.5604900121688843, -0.003006970277056098)","(0.6364372372627258, 0.49377766251564026, -0.05976621061563492)","(0.5985320806503296, 0.5971757173538208, -0.03841012716293335)","(0.5720511078834534, 0.6164841055870056, -0.008895848877727985)","(0.5577747225761414, 0.6152666211128235, 0.011819182895123959)","(0.6738618612289429, 0.5188034772872925, -0.04031400755047798)","(0.6346675157546997, 0.623568594455719, -0.008718942292034626)","(0.6052336692810059, 0.6227926015853882, 0.03214471414685249)","(0.5906367897987366, 0.6013253927230835, 0.056949272751808167)","(0.7004490494728088, 0.5193273425102234, -0.013590572401881218)","(0.6590427160263062, 0.5917640924453735, 0.023617491126060486)","(0.6320422887802124, 0.5791833400726318, 0.05042210966348648)","(0.6212345361709595, 0.5520603656768799, 0.06025921180844307)","(0.716532289981842, 0.5050797462463379, 0.012139004655182362)","(0.6767382025718689, 0.5528700351715088, 0.04955232888460159)","(0.6549488306045532, 0.5399532318115234, 0.06811808794736862)","(0.64620441198349, 0.5160343647003174, 0.07512325048446655)",Move
1846,"(0.6914106011390686, 0.26583147048950195, -0.00011127221659990028)","(0.6273691654205322, 0.296489417552948, -0.0016467362875118852)","(0.5865938663482666, 0.3768259286880493, -0.009239216335117817)","(0.5705461502075195, 0.4642709791660309, -0.005586768500506878)","(0.5652391910552979, 0.5289679169654846, 0.0001512006128905341)","(0.6217831969261169, 0.45742401480674744, -0.0632869154214859)","(0.5816534757614136, 0.5578228235244751, -0.042133886367082596)","(0.5581000447273254, 0.5768202543258667, -0.01037165429443121)","(0.546917736530304, 0.5755114555358887, 0.0141652412712574)","(0.6570611596107483, 0.48533880710601807, -0.04601083695888519)","(0.6158673167228699, 0.5885623097419739, -0.013104869052767754)","(0.5905735492706299, 0.5847370624542236, 0.030131373554468155)","(0.5813925862312317, 0.5575326681137085, 0.058515578508377075)","(0.6831279993057251, 0.4891723394393921, -0.02107498236000538)","(0.6370702981948853, 0.5586280822753906, 0.018043195828795433)","(0.615900456905365, 0.538006067276001, 0.046335618942976)","(0.6113908886909485, 0.5031225085258484, 0.058628614991903305)","(0.6997917890548706, 0.4770675301551819, 0.0033022144343703985)","(0.6589277982711792, 0.5188186168670654, 0.042927298694849014)","(0.6422698497772217, 0.5004581809043884, 0.06120962277054787)","(0.6386080384254456, 0.4713292419910431, 0.06878006458282471)",Move
1847,"(0.6793490052223206, 0.23632779717445374, -9.995153232011944e-05)","(0.6145917177200317, 0.26570528745651245, 0.004754994995892048)","(0.5738903284072876, 0.34359151124954224, 0.0006725714192725718)","(0.5597149729728699, 0.4322507083415985, 0.007405378390103579)","(0.554483950138092, 0.49251917004585266, 0.0157293863594532)","(0.602154016494751, 0.4201122224330902, -0.058459337800741196)","(0.5613988637924194, 0.5158304572105408, -0.03603561222553253)","(0.5392001867294312, 0.5327631235122681, -0.00428900308907032)","(0.5273194909095764, 0.5321736335754395, 0.019286591559648514)","(0.6379867792129517, 0.45348379015922546, -0.04385584965348244)","(0.5957843661308289, 0.5572047829627991, -0.012437055818736553)","(0.573348879814148, 0.555187463760376, 0.029329931363463402)","(0.5664247870445251, 0.5290494561195374, 0.056158363819122314)","(0.6654378771781921, 0.46236538887023926, -0.02102545090019703)","(0.6195752620697021, 0.5259943008422852, 0.02039846032857895)","(0.6038885116577148, 0.4954032897949219, 0.04783716797828674)","(0.6036970615386963, 0.45558875799179077, 0.05740520358085632)","(0.6842808723449707, 0.4551214277744293, 0.002296173246577382)","(0.6456732749938965, 0.4933026134967804, 0.044363345950841904)","(0.6322194933891296, 0.4691483676433563, 0.06384938210248947)","(0.6317048668861389, 0.43731340765953064, 0.07107298076152802)",Move
1848,"(0.6681468486785889, 0.20608358085155487, -0.00013163259427528828)","(0.6047040224075317, 0.2391469031572342, 0.016945675015449524)","(0.5673385858535767, 0.3131759762763977, 0.02026759833097458)","(0.5536203384399414, 0.3955199420452118, 0.030989617109298706)","(0.549155592918396, 0.4529329240322113, 0.04213340952992439)","(0.5847043991088867, 0.3870058059692383, -0.04211379215121269)","(0.5471801161766052, 0.4827844202518463, -0.021421203389763832)","(0.5290012359619141, 0.5070856809616089, 0.008889361284673214)","(0.5206998586654663, 0.5128142237663269, 0.0333683043718338)","(0.6183537840843201, 0.4214308261871338, -0.03298550099134445)","(0.5808647274971008, 0.5211859941482544, 0.00041372483246959746)","(0.5602075457572937, 0.5250502228736877, 0.04584881290793419)","(0.5531688332557678, 0.5082208514213562, 0.07561573386192322)","(0.6457657814025879, 0.4319150745868683, -0.016122061759233475)","(0.6052332520484924, 0.4958270192146301, 0.026166170835494995)","(0.5900711417198181, 0.46849772334098816, 0.05898404121398926)","(0.5892238616943359, 0.4334782660007477, 0.07294800132513046)","(0.665954053401947, 0.4251384139060974, 0.002466335194185376)","(0.6307073831558228, 0.4623339772224426, 0.04847700148820877)","(0.618320107460022, 0.43938779830932617, 0.0720415785908699)","(0.6177258491516113, 0.412040114402771, 0.08289101719856262)",Move
1849,"(0.6557566523551941, 0.18116657435894012, -0.00013090534775983542)","(0.5930724740028381, 0.21173852682113647, 0.017200108617544174)","(0.5576919913291931, 0.28512299060821533, 0.02313973195850849)","(0.5433680415153503, 0.36316749453544617, 0.03672952950000763)","(0.5371835231781006, 0.4157840609550476, 0.049090802669525146)","(0.5710568428039551, 0.35558488965034485, -0.04363531991839409)","(0.5348913669586182, 0.4519057869911194, -0.029838107526302338)","(0.5166398882865906, 0.4792034924030304, -0.0006097458535805345)","(0.504989743232727, 0.4874902665615082, 0.02686031349003315)","(0.6052924990653992, 0.39115819334983826, -0.03377636522054672)","(0.5671143531799316, 0.48875799775123596, -0.006993264891207218)","(0.5465659499168396, 0.4928009808063507, 0.041582848876714706)","(0.5369766354560852, 0.47495144605636597, 0.07679225504398346)","(0.6329401731491089, 0.40285804867744446, -0.01681429333984852)","(0.5906293988227844, 0.4679555296897888, 0.019302939996123314)","(0.5704790949821472, 0.4479719400405884, 0.058577828109264374)","(0.5648773312568665, 0.4162610173225403, 0.07999186217784882)","(0.6530082821846008, 0.3977518379688263, 0.0018249492859467864)","(0.6170539259910583, 0.438567578792572, 0.04465867578983307)","(0.6023469567298889, 0.420125275850296, 0.07268485426902771)","(0.5985274314880371, 0.39556261897087097, 0.08884928375482559)",Move
1850,"(0.646880567073822, 0.1646701991558075, -0.0001251625653821975)","(0.5839320421218872, 0.18901662528514862, 0.008389326743781567)","(0.5472484827041626, 0.2601994276046753, 0.011862015351653099)","(0.5312357544898987, 0.3401728868484497, 0.024601006880402565)","(0.5236896276473999, 0.39456477761268616, 0.0373152457177639)","(0.5590876936912537, 0.33130931854248047, -0.05349276214838028)","(0.522795557975769, 0.4291759133338928, -0.035449497401714325)","(0.5053179264068604, 0.4481775760650635, -0.0017175456741824746)","(0.4966731667518616, 0.4463934600353241, 0.02696533501148224)","(0.5923498272895813, 0.3671223223209381, -0.041083063930273056)","(0.551210880279541, 0.46628236770629883, -0.013564636930823326)","(0.5307273268699646, 0.4625285267829895, 0.03335454314947128)","(0.5220794081687927, 0.4384097456932068, 0.06583128124475479)","(0.619761049747467, 0.37916091084480286, -0.02140073850750923)","(0.575006902217865, 0.44976407289505005, 0.012568177655339241)","(0.5552910566329956, 0.42941051721572876, 0.05022313818335533)","(0.5501839518547058, 0.39841291308403015, 0.07110439240932465)","(0.6398964524269104, 0.3743804693222046, -0.0004749297513626516)","(0.601245641708374, 0.4159705936908722, 0.03852877393364906)","(0.5865903496742249, 0.3966594338417053, 0.06530041247606277)","(0.5834340453147888, 0.3719368577003479, 0.08108311891555786)",Move
1851,"(0.6374802589416504, 0.14839476346969604, -0.00011715516302501783)","(0.5715646743774414, 0.17410434782505035, 0.005741823930293322)","(0.5358843207359314, 0.24488277733325958, 0.010292645543813705)","(0.5181960463523865, 0.3245234787464142, 0.025727957487106323)","(0.508982241153717, 0.37980011105537415, 0.04198969900608063)","(0.5474062561988831, 0.31428274512290955, -0.05680073797702789)","(0.5085484385490417, 0.40789198875427246, -0.027415096759796143)","(0.49418196082115173, 0.40987512469291687, 0.008902275003492832)","(0.49368685483932495, 0.39199480414390564, 0.03496678173542023)","(0.5795725584030151, 0.3480514883995056, -0.042079146951436996)","(0.5385401248931885, 0.4454617500305176, -0.006496492773294449)","(0.5245161056518555, 0.4228435456752777, 0.03735896572470665)","(0.5240979194641113, 0.3858596980571747, 0.0645795688033104)","(0.6069119572639465, 0.35735538601875305, -0.019790057092905045)","(0.5631896257400513, 0.42409658432006836, 0.02168266847729683)","(0.5527690649032593, 0.3895007073879242, 0.053651854395866394)","(0.5575681924819946, 0.35184136033058167, 0.06643880903720856)","(0.6271800398826599, 0.3520694673061371, 0.004097560420632362)","(0.5900141596794128, 0.39104801416397095, 0.04476555064320564)","(0.580185055732727, 0.36489617824554443, 0.06637398898601532)","(0.5836877822875977, 0.3375559151172638, 0.07681866735219955)",Move
1852,"(0.6289224624633789, 0.13420014083385468, -0.00011544028529897332)","(0.5640531182289124, 0.15620242059230804, 0.009107867255806923)","(0.5275198221206665, 0.22395122051239014, 0.016793109476566315)","(0.5103010535240173, 0.30063048005104065, 0.03442470356822014)","(0.5045111179351807, 0.35413050651550293, 0.05310140177607536)","(0.5353390574455261, 0.2914629280567169, -0.053769126534461975)","(0.49628007411956787, 0.38638389110565186, -0.0234061386436224)","(0.4838804602622986, 0.38272470235824585, 0.014072823338210583)","(0.4849415123462677, 0.36246415972709656, 0.03966303542256355)","(0.5659412145614624, 0.32528337836265564, -0.040913473814725876)","(0.5250664949417114, 0.41983067989349365, -0.005543638486415148)","(0.5118694305419922, 0.39566898345947266, 0.037277743220329285)","(0.5123901963233948, 0.3595212996006012, 0.0632614716887474)","(0.5928682684898376, 0.3362475633621216, -0.020321780815720558)","(0.5512104034423828, 0.40379178524017334, 0.01949279196560383)","(0.5410298705101013, 0.37019985914230347, 0.05216192826628685)","(0.5461783409118652, 0.33367884159088135, 0.06586264818906784)","(0.6141820549964905, 0.3328251242637634, 0.001950732315890491)","(0.577768862247467, 0.3715835511684418, 0.0417577400803566)","(0.5673798322677612, 0.3451378047466278, 0.06419636309146881)","(0.5708073377609253, 0.31848689913749695, 0.07575879991054535)",Move
1853,"(0.6214554309844971, 0.11796317994594574, -0.00011167510092491284)","(0.5545799732208252, 0.13906849920749664, 0.009557809680700302)","(0.5188732743263245, 0.20418681204319, 0.01908162795007229)","(0.5000307559967041, 0.2750774919986725, 0.03725975751876831)","(0.4881293475627899, 0.32801178097724915, 0.05685657262802124)","(0.5256572961807251, 0.27451518177986145, -0.043380845338106155)","(0.4871944785118103, 0.3574402332305908, -0.012931293807923794)","(0.4744497239589691, 0.3558170199394226, 0.02447277121245861)","(0.47462180256843567, 0.3398434519767761, 0.05017360672354698)","(0.5553489923477173, 0.307204931974411, -0.03083495981991291)","(0.5155541896820068, 0.3956395983695984, 0.0025333233643323183)","(0.5006526112556458, 0.37954607605934143, 0.04566431790590286)","(0.4979565143585205, 0.3515167832374573, 0.07515338808298111)","(0.5817571878433228, 0.31830763816833496, -0.010744296945631504)","(0.540616512298584, 0.3802444338798523, 0.026610223576426506)","(0.5290969014167786, 0.3510447144508362, 0.058428145945072174)","(0.5316595435142517, 0.3179468512535095, 0.07462263107299805)","(0.6027049422264099, 0.31734174489974976, 0.011371697299182415)","(0.5673304796218872, 0.35290253162384033, 0.048118073493242264)","(0.5567919611930847, 0.3300018012523651, 0.06965184956789017)","(0.5582913756370544, 0.3057800531387329, 0.082726389169693)",Move
1854,"(0.6138520836830139, 0.09880237281322479, -0.00011711628758348525)","(0.5482349991798401, 0.1186593770980835, 0.01432209461927414)","(0.5126603841781616, 0.18298035860061646, 0.02542002871632576)","(0.49287188053131104, 0.2511272132396698, 0.04379087686538696)","(0.48019546270370483, 0.3027482032775879, 0.06452291458845139)","(0.5164339542388916, 0.2557070553302765, -0.03714199364185333)","(0.4797075688838959, 0.3334672749042511, -0.005567973479628563)","(0.4673738181591034, 0.33400842547416687, 0.0334269143640995)","(0.4649382531642914, 0.3220769166946411, 0.060625363141298294)","(0.5457717180252075, 0.28961828351020813, -0.027479246258735657)","(0.5057232975959778, 0.3704353868961334, 0.006665882654488087)","(0.4917917549610138, 0.3538241386413574, 0.05192878097295761)","(0.4882711172103882, 0.32747381925582886, 0.08212430775165558)","(0.5721967816352844, 0.3015178442001343, -0.01032682228833437)","(0.5309687256813049, 0.36179864406585693, 0.026568477973341942)","(0.5186398029327393, 0.3369195759296417, 0.06318318098783493)","(0.5198320150375366, 0.307908833026886, 0.08300673216581345)","(0.5938504338264465, 0.3004780113697052, 0.009164697490632534)","(0.5586240887641907, 0.3370819389820099, 0.04516987502574921)","(0.5466090440750122, 0.31694525480270386, 0.06949733942747116)","(0.5466681718826294, 0.29529842734336853, 0.08439182490110397)",Move
1855,"(0.6078298687934875, 0.08514072000980377, -0.00011049834574805573)","(0.5420048236846924, 0.10168871283531189, 0.011970702558755875)","(0.5069180727005005, 0.16609646379947662, 0.023885339498519897)","(0.4895539879798889, 0.23124361038208008, 0.04370137304067612)","(0.47912633419036865, 0.2813243865966797, 0.0657605528831482)","(0.5076170563697815, 0.2399667650461197, -0.03778346627950668)","(0.4729452133178711, 0.3116607367992401, -0.005761987995356321)","(0.4608280658721924, 0.3081324100494385, 0.0347323901951313)","(0.45824339985847473, 0.29490259289741516, 0.06220543384552002)","(0.5363234877586365, 0.27242326736450195, -0.02606121636927128)","(0.49836432933807373, 0.35097917914390564, 0.006776653695851564)","(0.4850354492664337, 0.3345285952091217, 0.05105513706803322)","(0.48136913776397705, 0.30817851424217224, 0.08098390698432922)","(0.5622787475585938, 0.2837669253349304, -0.006947848480194807)","(0.5237554311752319, 0.34008386731147766, 0.0282504390925169)","(0.5091310143470764, 0.3177489936351776, 0.06377509981393814)","(0.5074473023414612, 0.290439635515213, 0.08356720209121704)","(0.5833131074905396, 0.2830936908721924, 0.0144304558634758)","(0.5505585074424744, 0.3156168758869171, 0.048231445252895355)","(0.5376424193382263, 0.2965719997882843, 0.0703853890299797)","(0.5357275605201721, 0.2758238911628723, 0.0840873122215271)",Move
1856,"(0.6012312173843384, 0.07594424486160278, -9.456649422645569e-05)","(0.5364173650741577, 0.08843842148780823, 0.009299094788730145)","(0.5003972053527832, 0.15043917298316956, 0.019887961447238922)","(0.4838588833808899, 0.21458318829536438, 0.03918345645070076)","(0.47423505783081055, 0.26537156105041504, 0.060310911387205124)","(0.49776625633239746, 0.21934407949447632, -0.04725734889507294)","(0.46200162172317505, 0.2959432005882263, -0.01713457889854908)","(0.4517214894294739, 0.29177653789520264, 0.02586694434285164)","(0.4523293673992157, 0.27552616596221924, 0.05599169433116913)","(0.527003288269043, 0.2517298460006714, -0.033942412585020065)","(0.48973366618156433, 0.3323822617530823, -0.0024272736627608538)","(0.4789848327636719, 0.31797337532043457, 0.043636664748191833)","(0.476558655500412, 0.2927592396736145, 0.07471080124378204)","(0.553795576095581, 0.26541781425476074, -0.013322200626134872)","(0.5155854225158691, 0.3249834477901459, 0.01921701431274414)","(0.5016241669654846, 0.30434948205947876, 0.058729931712150574)","(0.4998243451118469, 0.27835559844970703, 0.08116570115089417)","(0.5755711793899536, 0.2691783905029297, 0.00958862155675888)","(0.542654275894165, 0.3051374554634094, 0.040242452174425125)","(0.5294283628463745, 0.28666940331459045, 0.06526073813438416)","(0.5266728401184082, 0.26624977588653564, 0.08239460736513138)",Move
1857,"(0.5934472680091858, 0.06533357501029968, -0.00011001826351275668)","(0.5304920077323914, 0.07186485826969147, 0.007981480099260807)","(0.49272775650024414, 0.13044385612010956, 0.016545124351978302)","(0.4750772714614868, 0.19548144936561584, 0.034444183111190796)","(0.46652594208717346, 0.24335363507270813, 0.05392228066921234)","(0.4943096935749054, 0.19971948862075806, -0.05451202020049095)","(0.4547848105430603, 0.27655673027038574, -0.02494513802230358)","(0.44492611289024353, 0.26975715160369873, 0.016482006758451462)","(0.4475552439689636, 0.25186195969581604, 0.04511084035038948)","(0.5227813124656677, 0.2349879890680313, -0.0413227453827858)","(0.4817168116569519, 0.3166307806968689, -0.011269300244748592)","(0.4711775481700897, 0.29587286710739136, 0.03281930461525917)","(0.470965176820755, 0.2661074101924896, 0.062202077358961105)","(0.5487717986106873, 0.25040656328201294, -0.020140495151281357)","(0.5073116421699524, 0.30957508087158203, 0.011312178336083889)","(0.4943537712097168, 0.28389817476272583, 0.04898548126220703)","(0.49568238854408264, 0.25505682826042175, 0.06924618035554886)","(0.5696281790733337, 0.25464874505996704, 0.003580625168979168)","(0.5342305302619934, 0.29354217648506165, 0.03432684764266014)","(0.5219212174415588, 0.2727026641368866, 0.058361683040857315)","(0.5217716097831726, 0.25044190883636475, 0.07472458481788635)",Move
1858,"(0.585472047328949, 0.050576403737068176, -8.514353248756379e-05)","(0.5250890851020813, 0.06592848896980286, 0.014698300510644913)","(0.4895947575569153, 0.12216867506504059, 0.026966022327542305)","(0.47370681166648865, 0.18189018964767456, 0.04559781029820442)","(0.46554553508758545, 0.22902381420135498, 0.06725508719682693)","(0.48884257674217224, 0.18683049082756042, -0.038561511784791946)","(0.4521006941795349, 0.260819673538208, -0.01158655434846878)","(0.4416341185569763, 0.2571566700935364, 0.029603516682982445)","(0.4424785375595093, 0.24337102472782135, 0.05918741971254349)","(0.5159396529197693, 0.21782860159873962, -0.029904963448643684)","(0.4776793420314789, 0.2987317740917206, 0.0001494724565418437)","(0.46577292680740356, 0.2832100987434387, 0.04695391282439232)","(0.4641890525817871, 0.25886738300323486, 0.08045215159654617)","(0.5415323972702026, 0.23161828517913818, -0.013793125748634338)","(0.5027279853820801, 0.29311150312423706, 0.01575457490980625)","(0.4892217516899109, 0.2725841999053955, 0.05478091910481453)","(0.48952585458755493, 0.2478417158126831, 0.07765533030033112)","(0.5631523728370667, 0.23551376163959503, 0.0051352703012526035)","(0.53107750415802, 0.2777596712112427, 0.034215573221445084)","(0.5185538530349731, 0.26058250665664673, 0.05875302478671074)","(0.5174435973167419, 0.24063459038734436, 0.07718915492296219)",Move
1859,"(0.5813771486282349, 0.04026570916175842, -7.116466440493241e-05)","(0.521166980266571, 0.057672202587127686, 0.017648037523031235)","(0.48561108112335205, 0.1108141615986824, 0.030119003728032112)","(0.4672795832157135, 0.16513758897781372, 0.04732682928442955)","(0.4569937586784363, 0.21059934794902802, 0.06747383624315262)","(0.4847273528575897, 0.1760268211364746, -0.02660742588341236)","(0.4499785602092743, 0.24408778548240662, -0.002819216577336192)","(0.43875551223754883, 0.24286171793937683, 0.036284781992435455)","(0.437605619430542, 0.2335362434387207, 0.06587854772806168)","(0.5107461214065552, 0.20575502514839172, -0.020530423149466515)","(0.4745655059814453, 0.2810806334018707, 0.007299081888049841)","(0.46099022030830383, 0.27018851041793823, 0.05362787842750549)","(0.4575417935848236, 0.251453161239624, 0.08849644660949707)","(0.5359158515930176, 0.21849112212657928, -0.007779545150697231)","(0.5001926422119141, 0.27370685338974, 0.02205483987927437)","(0.48571985960006714, 0.25569164752960205, 0.06042063608765602)","(0.4840644299983978, 0.23376715183258057, 0.08379965275526047)","(0.5578566193580627, 0.2215992957353592, 0.00757146580144763)","(0.529334306716919, 0.2594164311885834, 0.0386873334646225)","(0.5164349675178528, 0.24390749633312225, 0.0628310814499855)","(0.513763427734375, 0.2254556119441986, 0.08040856570005417)",Move
1860,"(0.5739012956619263, 0.030314505100250244, -6.140569894341752e-05)","(0.5140939354896545, 0.05595150589942932, 0.016922885552048683)","(0.4805551767349243, 0.1063380017876625, 0.028243405744433403)","(0.46180489659309387, 0.15402059257030487, 0.04459242522716522)","(0.45041409134864807, 0.1999867856502533, 0.06277752667665482)","(0.48163923621177673, 0.16750456392765045, -0.02880554087460041)","(0.4472593665122986, 0.23073254525661469, -0.0071694739162921906)","(0.435674786567688, 0.23044836521148682, 0.03157290071249008)","(0.433655321598053, 0.22377756237983704, 0.06154612824320793)","(0.5074658393859863, 0.19352056086063385, -0.02251628041267395)","(0.47314950823783875, 0.26485180854797363, 0.002353119431063533)","(0.46017327904701233, 0.2551233470439911, 0.04725917428731918)","(0.4563778340816498, 0.23930983245372772, 0.08179565519094467)","(0.5320709347724915, 0.20483504235744476, -0.008891700766980648)","(0.49777135252952576, 0.2595253586769104, 0.018194099888205528)","(0.4818011224269867, 0.24426352977752686, 0.05712595209479332)","(0.47863176465034485, 0.22515177726745605, 0.08198463171720505)","(0.5532904267311096, 0.20745065808296204, 0.006843017414212227)","(0.5250093340873718, 0.24692299962043762, 0.03608125448226929)","(0.5108670592308044, 0.23378854990005493, 0.059976667165756226)","(0.5065621137619019, 0.21762138605117798, 0.07837530970573425)",Move
1861,"(0.5667893290519714, 0.027009978890419006, -4.773402906721458e-05)","(0.5074758529663086, 0.05063634365797043, 0.013237390667200089)","(0.47431114315986633, 0.0998237282037735, 0.02063576690852642)","(0.4531049430370331, 0.15104171633720398, 0.033292241394519806)","(0.4389028549194336, 0.19939936697483063, 0.048104751855134964)","(0.4800127446651459, 0.1581251621246338, -0.035921212285757065)","(0.44528037309646606, 0.22050945460796356, -0.01217764150351286)","(0.4350892901420593, 0.21602177619934082, 0.025447748601436615)","(0.43441149592399597, 0.20758992433547974, 0.05280708521604538)","(0.5057810544967651, 0.1838812679052353, -0.02995607815682888)","(0.46929630637168884, 0.2547163963317871, -0.004302863962948322)","(0.45675015449523926, 0.2409672737121582, 0.038458824157714844)","(0.453813761472702, 0.22349467873573303, 0.06924667209386826)","(0.5297571420669556, 0.19537852704524994, -0.016980621963739395)","(0.4929652810096741, 0.2519509494304657, 0.010614592581987381)","(0.4779702126979828, 0.23446980118751526, 0.048958905041217804)","(0.47529900074005127, 0.2145269513130188, 0.07227792590856552)","(0.5505118370056152, 0.19874151051044464, -0.0020097431261092424)","(0.5201131105422974, 0.2398415058851242, 0.026908140629529953)","(0.5066455602645874, 0.22460493445396423, 0.05190221592783928)","(0.5035548806190491, 0.20658992230892181, 0.07014217972755432)",Move
1862,"(0.5599590539932251, 0.027427509427070618, -3.352536805323325e-05)","(0.4992722272872925, 0.05327143520116806, 0.012338673695921898)","(0.4657934010028839, 0.10281963646411896, 0.018595626577734947)","(0.444394052028656, 0.1552594006061554, 0.03008764609694481)","(0.429538756608963, 0.20554065704345703, 0.04344291612505913)","(0.47391077876091003, 0.15638045966625214, -0.03445189446210861)","(0.44216275215148926, 0.21319808065891266, -0.008831552229821682)","(0.43495383858680725, 0.2025683969259262, 0.02866286039352417)","(0.43749964237213135, 0.19103273749351501, 0.05435127764940262)","(0.5006995797157288, 0.1770780384540558, -0.028540611267089844)","(0.46615123748779297, 0.24354293942451477, -0.0016146108973771334)","(0.45535334944725037, 0.22904136776924133, 0.040972061455249786)","(0.45460671186447144, 0.21396072208881378, 0.07198954373598099)","(0.5248441696166992, 0.18730153143405914, -0.015171380713582039)","(0.4898369312286377, 0.24243640899658203, 0.012471194379031658)","(0.47529494762420654, 0.22564467787742615, 0.05031595379114151)","(0.4735616445541382, 0.20790447294712067, 0.07348912209272385)","(0.5455030202865601, 0.19251640141010284, -7.806628127582371e-05)","(0.5159658789634705, 0.2341732680797577, 0.02811247482895851)","(0.5022377967834473, 0.21847763657569885, 0.05309288576245308)","(0.499830424785614, 0.2013866901397705, 0.07126553356647491)",Move
1863,"(0.5552566647529602, 0.031110726296901703, -4.062165680807084e-05)","(0.49540531635284424, 0.05286862701177597, 0.013467954471707344)","(0.4637044370174408, 0.09779712557792664, 0.01949687860906124)","(0.4444828927516937, 0.14451497793197632, 0.03153720498085022)","(0.43476423621177673, 0.19230392575263977, 0.044482726603746414)","(0.46906328201293945, 0.14388033747673035, -0.05258660390973091)","(0.4364866614341736, 0.20092269778251648, -0.02128370851278305)","(0.43330201506614685, 0.1869702935218811, 0.022087985649704933)","(0.4397493302822113, 0.17182110249996185, 0.049872733652591705)","(0.495972216129303, 0.16647642850875854, -0.04603545740246773)","(0.46118611097335815, 0.23488111793994904, -0.015233865939080715)","(0.4546164274215698, 0.2176048755645752, 0.02917429246008396)","(0.4578303396701813, 0.1989099383354187, 0.058012738823890686)","(0.5204036235809326, 0.17956699430942535, -0.03066122718155384)","(0.48477545380592346, 0.2335689663887024, 0.0010026103118434548)","(0.475364625453949, 0.21023093163967133, 0.0407288521528244)","(0.4790371358394623, 0.1899724006652832, 0.06172105669975281)","(0.5408446788787842, 0.1873408555984497, -0.013251462951302528)","(0.5107932686805725, 0.22422999143600464, 0.017864570021629333)","(0.5002855658531189, 0.2037668228149414, 0.04321537911891937)","(0.5023409724235535, 0.18563370406627655, 0.059194520115852356)",Move
1864,"(0.5502330660820007, 0.03196518123149872, -3.434090831433423e-05)","(0.4909118115901947, 0.04811680316925049, 0.010606353171169758)","(0.45963844656944275, 0.0914243757724762, 0.012638858519494534)","(0.4430946707725525, 0.14005853235721588, 0.021842405200004578)","(0.4351460039615631, 0.18866318464279175, 0.030343960970640182)","(0.4659394323825836, 0.1316499412059784, -0.06779008358716965)","(0.4334803819656372, 0.19226327538490295, -0.03706808388233185)","(0.43117555975914, 0.1803334355354309, 0.008873985148966312)","(0.43862393498420715, 0.1640661507844925, 0.03798065334558487)","(0.49432140588760376, 0.15649601817131042, -0.059919681400060654)","(0.45946404337882996, 0.22703783214092255, -0.02910885214805603)","(0.45223069190979004, 0.21221284568309784, 0.016465581953525543)","(0.4555882215499878, 0.1929028183221817, 0.04492289200425148)","(0.5196834206581116, 0.17248502373695374, -0.04281022027134895)","(0.4839353859424591, 0.22556623816490173, -0.008313014172017574)","(0.47548043727874756, 0.20050624012947083, 0.03261975198984146)","(0.48039132356643677, 0.17933788895606995, 0.05163204297423363)","(0.5398921370506287, 0.18303070962429047, -0.023869339376688004)","(0.5092068910598755, 0.218439981341362, 0.009292482398450375)","(0.4997852146625519, 0.19711937010288239, 0.035526093095541)","(0.5028703212738037, 0.17945119738578796, 0.0512523353099823)",Move
1865,"(0.5476599931716919, 0.03555578738451004, -4.314418401918374e-05)","(0.4904274046421051, 0.04495323449373245, 0.008942484855651855)","(0.4590230882167816, 0.08579451590776443, 0.008661302737891674)","(0.4426136314868927, 0.13378064334392548, 0.015677664428949356)","(0.4360930323600769, 0.1808563470840454, 0.02173716574907303)","(0.46396031975746155, 0.12411515414714813, -0.07038713246583939)","(0.4323957860469818, 0.18447989225387573, -0.043166082352399826)","(0.4287133514881134, 0.17591726779937744, 0.0007253026124089956)","(0.43538445234298706, 0.1612824946641922, 0.028697548434138298)","(0.49253925681114197, 0.1498902142047882, -0.06242424622178078)","(0.4587961733341217, 0.22079619765281677, -0.03441176190972328)","(0.4501485824584961, 0.20790861546993256, 0.010663717053830624)","(0.45265600085258484, 0.18883001804351807, 0.03943165764212608)","(0.5180503726005554, 0.1667936146259308, -0.0457952544093132)","(0.4837092161178589, 0.21968838572502136, -0.013225574977695942)","(0.47404053807258606, 0.19473586976528168, 0.02597304806113243)","(0.4780430197715759, 0.17337732017040253, 0.04425845295190811)","(0.5379886627197266, 0.17756718397140503, -0.027457982301712036)","(0.5087900757789612, 0.21286256611347198, 0.00412760628387332)","(0.49884891510009766, 0.19258637726306915, 0.029115071520209312)","(0.5012415647506714, 0.17552416026592255, 0.04396975412964821)",Move
1866,"(0.542847216129303, 0.033118247985839844, -4.618815000867471e-05)","(0.4892886281013489, 0.03905110061168671, 0.010165909305214882)","(0.4597227871417999, 0.08020129054784775, 0.010822097770869732)","(0.44426268339157104, 0.12613943219184875, 0.0177694633603096)","(0.4380507171154022, 0.1715245395898819, 0.02371080219745636)","(0.4611186385154724, 0.11654162406921387, -0.0659349113702774)","(0.43031343817710876, 0.1797690987586975, -0.042770251631736755)","(0.4254871606826782, 0.17669975757598877, -0.0005317020113579929)","(0.43117204308509827, 0.16503553092479706, 0.02900671400129795)","(0.4884061813354492, 0.14327949285507202, -0.05814337730407715)","(0.4553280174732208, 0.2150893211364746, -0.03204919397830963)","(0.44642847776412964, 0.20608815550804138, 0.014273610897362232)","(0.44775500893592834, 0.18965394794940948, 0.04541483148932457)","(0.5136275291442871, 0.1613025665283203, -0.04203188791871071)","(0.4798160791397095, 0.214034304022789, -0.010906495153903961)","(0.4699171185493469, 0.19260135293006897, 0.02906169556081295)","(0.4727456569671631, 0.17380796372890472, 0.049399252980947495)","(0.5339339375495911, 0.17251190543174744, -0.024608155712485313)","(0.5054506063461304, 0.20777368545532227, 0.006279689725488424)","(0.49615904688835144, 0.19009985029697418, 0.0311014112085104)","(0.49801263213157654, 0.17576666176319122, 0.04726337641477585)",Move
1867,"(0.5389654636383057, 0.029235243797302246, -6.031503653503023e-05)","(0.48898443579673767, 0.032594986259937286, 0.012249836698174477)","(0.45965707302093506, 0.07208595424890518, 0.012295628897845745)","(0.44506406784057617, 0.1173819974064827, 0.01773909665644169)","(0.4399656057357788, 0.1612803041934967, 0.021633699536323547)","(0.45930206775665283, 0.10639514029026031, -0.06641700118780136)","(0.4281386733055115, 0.17441001534461975, -0.045642320066690445)","(0.42249903082847595, 0.17533043026924133, -0.0052534788846969604)","(0.42741286754608154, 0.16363310813903809, 0.024401837959885597)","(0.48602426052093506, 0.13576726615428925, -0.059944234788417816)","(0.4523716866970062, 0.20914697647094727, -0.033918045461177826)","(0.443846732378006, 0.20025634765625, 0.013021226972341537)","(0.44489815831184387, 0.18249985575675964, 0.043992578983306885)","(0.5108500719070435, 0.155735582113266, -0.04497566819190979)","(0.4768144190311432, 0.20793414115905762, -0.013283423148095608)","(0.4680890738964081, 0.18609938025474548, 0.0271691232919693)","(0.47136932611465454, 0.16690440475940704, 0.04678956791758537)","(0.5308871269226074, 0.16763567924499512, -0.02865350805222988)","(0.5020460486412048, 0.20240962505340576, 0.003457271261140704)","(0.4938504695892334, 0.18394936621189117, 0.029042912647128105)","(0.49650925397872925, 0.16965694725513458, 0.045163240283727646)",Move
1868,"(0.5365787744522095, 0.03423921763896942, -6.84612023178488e-05)","(0.4853825569152832, 0.034298814833164215, 0.01066803652793169)","(0.4551341235637665, 0.07221302390098572, 0.008417447097599506)","(0.44170495867729187, 0.12087550759315491, 0.012340085580945015)","(0.4389899969100952, 0.16516302525997162, 0.014678364619612694)","(0.45607420802116394, 0.10310417413711548, -0.07096141576766968)","(0.42468756437301636, 0.17050126194953918, -0.04781484231352806)","(0.4215857982635498, 0.16708144545555115, -0.008183171041309834)","(0.42863744497299194, 0.15301921963691711, 0.01849525049328804)","(0.48330381512641907, 0.13175076246261597, -0.06473866105079651)","(0.44869956374168396, 0.20445704460144043, -0.03659681975841522)","(0.4420943260192871, 0.19144558906555176, 0.00830492191016674)","(0.44598281383514404, 0.17021557688713074, 0.03483495116233826)","(0.5082801580429077, 0.15282465517520905, -0.050242453813552856)","(0.4742624759674072, 0.2007131278514862, -0.01587618701159954)","(0.46954643726348877, 0.17249518632888794, 0.019630081951618195)","(0.476500928401947, 0.15011419355869293, 0.03253018483519554)","(0.5280224680900574, 0.16738104820251465, -0.0342184416949749)","(0.4982285499572754, 0.19918259978294373, -0.0019814700353890657)","(0.49299249053001404, 0.17641739547252655, 0.02122299000620842)","(0.4990694224834442, 0.1600724458694458, 0.03285529464483261)",Move
1869,"(0.5340389609336853, 0.03444500267505646, -7.118541543604806e-05)","(0.48391884565353394, 0.03307899087667465, 0.009110251441597939)","(0.45245298743247986, 0.07226745039224625, 0.006670044269412756)","(0.43645840883255005, 0.1199953705072403, 0.01063747052103281)","(0.4303913712501526, 0.163484126329422, 0.013288326561450958)","(0.4547165036201477, 0.10127194225788116, -0.07316512614488602)","(0.4239004850387573, 0.17127422988414764, -0.049503494054079056)","(0.41999682784080505, 0.1674901247024536, -0.007576731964945793)","(0.42616918683052063, 0.15405406057834625, 0.021300984546542168)","(0.48178187012672424, 0.1296553611755371, -0.06672816723585129)","(0.44744348526000977, 0.20313964784145355, -0.03884577006101608)","(0.44001713395118713, 0.18956106901168823, 0.008040347136557102)","(0.44337326288223267, 0.17002177238464355, 0.036223992705345154)","(0.5064706802368164, 0.15023547410964966, -0.05217557027935982)","(0.4723895788192749, 0.2026701718568802, -0.01884700544178486)","(0.4653055667877197, 0.17610204219818115, 0.020199593156576157)","(0.47032350301742554, 0.15583765506744385, 0.03649032488465309)","(0.5258830189704895, 0.16412979364395142, -0.036317188292741776)","(0.4966411590576172, 0.19822590053081512, -0.005489840172231197)","(0.49046701192855835, 0.17682763934135437, 0.01856481097638607)","(0.49577632546424866, 0.16225503385066986, 0.032130565494298935)",Move
1870,"(0.5316170454025269, 0.03689153492450714, -6.881392619106919e-05)","(0.48228347301483154, 0.03227461129426956, 0.008729453198611736)","(0.44990065693855286, 0.07132919132709503, 0.0040076435543596745)","(0.43300801515579224, 0.12021686881780624, 0.005862049292773008)","(0.42651399970054626, 0.16408522427082062, 0.007056840229779482)","(0.45506981015205383, 0.09912125766277313, -0.07526889443397522)","(0.42315512895584106, 0.1744903028011322, -0.05231253802776337)","(0.41854557394981384, 0.17134389281272888, -0.010878077708184719)","(0.42407891154289246, 0.15713690221309662, 0.01797201670706272)","(0.4819561243057251, 0.12795378267765045, -0.0702492892742157)","(0.446005642414093, 0.2041805386543274, -0.040916137397289276)","(0.4386378526687622, 0.1894599348306656, 0.006643655709922314)","(0.4426441490650177, 0.16971959173679352, 0.03377199172973633)","(0.5063785910606384, 0.14896979928016663, -0.05752774700522423)","(0.4691636562347412, 0.2057555913925171, -0.023771191015839577)","(0.4618143141269684, 0.18127313256263733, 0.016669783741235733)","(0.46721595525741577, 0.16201511025428772, 0.03312498703598976)","(0.5259766578674316, 0.16259777545928955, -0.04340601712465286)","(0.49471962451934814, 0.20083796977996826, -0.012535743415355682)","(0.48883292078971863, 0.18028463423252106, 0.013270248658955097)","(0.49480751156806946, 0.16588978469371796, 0.027668993920087814)",Position
1871,"(0.5321701765060425, 0.038658276200294495, -7.533008465543389e-05)","(0.4821039140224457, 0.03519825637340546, 0.005857652518898249)","(0.4505724310874939, 0.07322380691766739, 0.0013056880561634898)","(0.4356805682182312, 0.11991117149591446, 0.004164359997957945)","(0.43010208010673523, 0.16321830451488495, 0.006790048908442259)","(0.45385411381721497, 0.10236138105392456, -0.07660024613142014)","(0.4241099953651428, 0.17516392469406128, -0.05359755456447601)","(0.41981008648872375, 0.17235788702964783, -0.012505614198744297)","(0.42554226517677307, 0.15831859409809113, 0.014812441542744637)","(0.48122525215148926, 0.12879890203475952, -0.06979958713054657)","(0.44844168424606323, 0.2035486400127411, -0.04249921441078186)","(0.4404738247394562, 0.19068336486816406, 0.0023859431967139244)","(0.4435710310935974, 0.1721670925617218, 0.027980485931038857)","(0.5055643320083618, 0.14851240813732147, -0.055188264697790146)","(0.4717218577861786, 0.20050343871116638, -0.02268478088080883)","(0.46469369530677795, 0.17476525902748108, 0.014673594385385513)","(0.46990901231765747, 0.15591344237327576, 0.02912636660039425)","(0.5247041583061218, 0.16294974088668823, -0.039356332272291183)","(0.4952354431152344, 0.19696836173534393, -0.00995759665966034)","(0.48969849944114685, 0.1756109595298767, 0.013018681667745113)","(0.4955630600452423, 0.1623658835887909, 0.02566227689385414)",Position
1872,"(0.526719868183136, 0.023598365485668182, -9.901825978886336e-05)","(0.4814237654209137, 0.02363191545009613, 0.008002265356481075)","(0.4513396620750427, 0.06665465980768204, 0.0011465122224763036)","(0.4378771185874939, 0.11902942508459091, 0.002101856516674161)","(0.43515539169311523, 0.16081669926643372, 0.003006917191669345)","(0.45624104142189026, 0.09699146449565887, -0.0748019814491272)","(0.4261423945426941, 0.178026482462883, -0.05225379019975662)","(0.4215981960296631, 0.1777985841035843, -0.01272847130894661)","(0.4266234040260315, 0.16211563348770142, 0.015857787802815437)","(0.48409542441368103, 0.12524011731147766, -0.06973626464605331)","(0.45088130235671997, 0.20785248279571533, -0.0426534041762352)","(0.4436265528202057, 0.19553247094154358, 0.0022237093653529882)","(0.44701075553894043, 0.17445912957191467, 0.028112180531024933)","(0.5100070834159851, 0.143778994679451, -0.05703168362379074)","(0.47440069913864136, 0.20337000489234924, -0.02248692698776722)","(0.4691302180290222, 0.17763234674930573, 0.013750968500971794)","(0.475635290145874, 0.15572616457939148, 0.02678150124847889)","(0.5310964584350586, 0.15374070405960083, -0.043093014508485794)","(0.4995579123497009, 0.19618521630764008, -0.012055052444338799)","(0.4946548342704773, 0.17530457675457, 0.01155347004532814)","(0.5017088055610657, 0.15916964411735535, 0.024643993005156517)",Position
1873,"(0.5296184420585632, 0.03714706748723984, -5.5013100791256875e-05)","(0.4786789119243622, 0.04169480502605438, 0.007597911171615124)","(0.4492848813533783, 0.08211004734039307, 0.0031242985278367996)","(0.4376058578491211, 0.131479874253273, 0.0054854960180819035)","(0.43747714161872864, 0.1756109595298767, 0.007595169823616743)","(0.4528847634792328, 0.10783092677593231, -0.07858804613351822)","(0.42746609449386597, 0.1819458305835724, -0.05321864038705826)","(0.4262096881866455, 0.17510059475898743, -0.00964693259447813)","(0.43365517258644104, 0.15733735263347626, 0.018436163663864136)","(0.48153600096702576, 0.1298397332429886, -0.0731874629855156)","(0.4521835446357727, 0.20749308168888092, -0.04534929618239403)","(0.44547024369239807, 0.1935749053955078, 0.0003499629092402756)","(0.4489805996417999, 0.1730242520570755, 0.025507846847176552)","(0.5074310302734375, 0.14710156619548798, -0.05933871865272522)","(0.4762895107269287, 0.20440936088562012, -0.027494825422763824)","(0.46949535608291626, 0.1796673834323883, 0.010696442797780037)","(0.47490745782852173, 0.15897826850414276, 0.025271110236644745)","(0.5283006429672241, 0.16003283858299255, -0.04415499418973923)","(0.500403642654419, 0.19974613189697266, -0.014724381268024445)","(0.4937056005001068, 0.17924056947231293, 0.00970670860260725)","(0.49875858426094055, 0.1637824922800064, 0.022908160462975502)",Position
1874,"(0.5249391198158264, 0.03197889029979706, -9.409894119016826e-05)","(0.4781760573387146, 0.034654855728149414, 0.005151062272489071)","(0.44921189546585083, 0.0796063169836998, -0.0016562638338655233)","(0.4384748637676239, 0.1319819837808609, -0.0005505568697117269)","(0.43868932127952576, 0.17384830117225647, 0.00019093131413683295)","(0.45440995693206787, 0.10243315249681473, -0.08310136944055557)","(0.4256315529346466, 0.18412354588508606, -0.05519741773605347)","(0.4259744882583618, 0.17349720001220703, -0.009338240139186382)","(0.43390920758247375, 0.15374638140201569, 0.02084803394973278)","(0.4830707013607025, 0.12623129785060883, -0.0768328309059143)","(0.450208455324173, 0.20894038677215576, -0.04670633748173714)","(0.44673117995262146, 0.1894432157278061, 0.0005819390062242746)","(0.45198550820350647, 0.16766425967216492, 0.024619780480861664)","(0.5085954070091248, 0.1442754566669464, -0.06267551332712173)","(0.4736008644104004, 0.20673081278800964, -0.028048699721693993)","(0.46901363134384155, 0.1789955496788025, 0.010716053657233715)","(0.4758247435092926, 0.1582680493593216, 0.02331189624965191)","(0.5286779403686523, 0.15672871470451355, -0.047234658151865005)","(0.4978961944580078, 0.20004191994667053, -0.01808476820588112)","(0.49342015385627747, 0.17795230448246002, 0.0053729042410850525)","(0.5008599758148193, 0.16324514150619507, 0.017392264679074287)",Position
1875,"(0.5249130725860596, 0.03531308472156525, -7.748826465103775e-05)","(0.4758393168449402, 0.0383727103471756, 0.0065854936838150024)","(0.4469969570636749, 0.08448068797588348, 0.001629723235964775)","(0.4379849135875702, 0.1387496441602707, 0.004797547589987516)","(0.44116970896720886, 0.18176156282424927, 0.007737652864307165)","(0.4539356231689453, 0.10615132004022598, -0.07850641012191772)","(0.42749640345573425, 0.18608610332012177, -0.051191095262765884)","(0.42711949348449707, 0.17410396039485931, -0.0071894824504852295)","(0.4348384141921997, 0.15374882519245148, 0.02046404406428337)","(0.48290714621543884, 0.12763948738574982, -0.07335066795349121)","(0.4523879289627075, 0.2100164145231247, -0.04412975534796715)","(0.4471991956233978, 0.19218476116657257, 0.0010484640952199697)","(0.45260411500930786, 0.1708901822566986, 0.024060992524027824)","(0.5086433291435242, 0.14442965388298035, -0.06016239523887634)","(0.47580644488334656, 0.2077588438987732, -0.026335861533880234)","(0.46946412324905396, 0.18070870637893677, 0.010824974626302719)","(0.4763152003288269, 0.15907080471515656, 0.02278345823287964)","(0.5291663408279419, 0.15649783611297607, -0.045345306396484375)","(0.4994927644729614, 0.200882226228714, -0.01606680452823639)","(0.4934917688369751, 0.1796395480632782, 0.007749857380986214)","(0.5003800988197327, 0.164459690451622, 0.019819296896457672)",Position
1876,"(0.5254157781600952, 0.03570243716239929, -8.113013609545305e-05)","(0.47680696845054626, 0.04050750285387039, 0.006449973210692406)","(0.44770318269729614, 0.08582307398319244, 0.0006442619487643242)","(0.43852120637893677, 0.13883642852306366, 0.0027968904469162226)","(0.4403831660747528, 0.1810937523841858, 0.004386455751955509)","(0.4547762870788574, 0.10495218634605408, -0.08278568089008331)","(0.4280470311641693, 0.1851065456867218, -0.05694898962974548)","(0.42602235078811646, 0.17724429070949554, -0.01295283529907465)","(0.432868093252182, 0.15821248292922974, 0.0157744400203228)","(0.483479768037796, 0.12728625535964966, -0.07795116305351257)","(0.4524403512477875, 0.20916669070720673, -0.05021952837705612)","(0.44572269916534424, 0.19380991160869598, -0.0037486206274479628)","(0.44972696900367737, 0.17338426411151886, 0.020346933975815773)","(0.5089969038963318, 0.14488811790943146, -0.06489700078964233)","(0.47571873664855957, 0.2065783590078354, -0.032040711492300034)","(0.46910467743873596, 0.18041834235191345, 0.0069496422074735165)","(0.4753701984882355, 0.15907812118530273, 0.020094001665711403)","(0.5291604995727539, 0.15743672847747803, -0.05032869055867195)","(0.4994603395462036, 0.2002103626728058, -0.02180570550262928)","(0.4936221241950989, 0.1792939305305481, 0.0024716448970139027)","(0.5005362033843994, 0.1645662933588028, 0.015089002437889576)",Position
1877,"(0.5247220396995544, 0.03709472715854645, -8.009096200112253e-05)","(0.4763545095920563, 0.03937651216983795, 0.0068526919931173325)","(0.4463464021682739, 0.08571049571037292, 0.0004960062797181308)","(0.4370826780796051, 0.14063385128974915, 0.002108170883730054)","(0.4398592710494995, 0.1831205189228058, 0.002880634507164359)","(0.45314159989356995, 0.10531093180179596, -0.08196543157100677)","(0.42727717757225037, 0.18613198399543762, -0.05362771451473236)","(0.427310973405838, 0.1762438267469406, -0.008616388775408268)","(0.4348202645778656, 0.1565026342868805, 0.02033873461186886)","(0.4823582172393799, 0.12751854956150055, -0.07706833630800247)","(0.4522624909877777, 0.2098371386528015, -0.04677176475524902)","(0.44744932651519775, 0.19226869940757751, 0.00020678617875091732)","(0.45245882868766785, 0.17103330790996552, 0.023248890414834023)","(0.5086249113082886, 0.14499184489250183, -0.06413204967975616)","(0.4761596918106079, 0.20665167272090912, -0.027971424162387848)","(0.47120726108551025, 0.1783921718597412, 0.010562578216195107)","(0.47840452194213867, 0.15671025216579437, 0.021475110203027725)","(0.5295718908309937, 0.15762671828269958, -0.04972730576992035)","(0.5000368356704712, 0.20050884783267975, -0.01919250749051571)","(0.49539095163345337, 0.17789702117443085, 0.004562408663332462)","(0.5032781958580017, 0.1627800166606903, 0.015231599099934101)",Position
1878,"(0.5255717635154724, 0.037108100950717926, -7.986388663994148e-05)","(0.4774061441421509, 0.038086459040641785, 0.006156445015221834)","(0.44707733392715454, 0.0826864093542099, -0.0007118714274838567)","(0.4381219148635864, 0.13667137920856476, 0.0003037966962438077)","(0.4407901465892792, 0.1784462183713913, 0.0007143013062886894)","(0.4524174928665161, 0.1055779978632927, -0.08104971796274185)","(0.4268245995044708, 0.1849200427532196, -0.05249501019716263)","(0.42716699838638306, 0.1749570369720459, -0.008037826046347618)","(0.43485933542251587, 0.1554824262857437, 0.019941581413149834)","(0.4814028739929199, 0.12864632904529572, -0.07640485465526581)","(0.45169398188591003, 0.20930850505828857, -0.04591849446296692)","(0.44749370217323303, 0.19134566187858582, -0.0003299503296148032)","(0.45311471819877625, 0.17006751894950867, 0.021449556574225426)","(0.50772625207901, 0.14665324985980988, -0.06366568058729172)","(0.47608453035354614, 0.20348499715328217, -0.02666129730641842)","(0.47247976064682007, 0.17263182997703552, 0.008804133161902428)","(0.48055338859558105, 0.15062500536441803, 0.01689600571990013)","(0.5286442041397095, 0.15981769561767578, -0.049816202372312546)","(0.4993894100189209, 0.19924268126487732, -0.018931834027171135)","(0.49615123867988586, 0.17476053535938263, 0.0033023073337972164)","(0.5048677921295166, 0.15993179380893707, 0.012187877669930458)",Position
1879,"(0.5267025232315063, 0.03820638358592987, -8.109847840387374e-05)","(0.47820809483528137, 0.03964516520500183, 0.008973964489996433)","(0.4481557607650757, 0.08362522721290588, 0.0037975292652845383)","(0.43704578280448914, 0.13464148342609406, 0.00539064547047019)","(0.4363578259944916, 0.17622661590576172, 0.006790348794311285)","(0.4507332742214203, 0.10661830008029938, -0.07937298715114594)","(0.424874484539032, 0.18331794440746307, -0.04884219169616699)","(0.4267639219760895, 0.17245769500732422, -0.0023346326779574156)","(0.43529850244522095, 0.1532575637102127, 0.027171539142727852)","(0.47950479388237, 0.12970563769340515, -0.07553280889987946)","(0.44996097683906555, 0.20779967308044434, -0.044285036623477936)","(0.4476086497306824, 0.18968668580055237, 0.0020388481207191944)","(0.45355311036109924, 0.16935652494430542, 0.024225635454058647)","(0.5057437419891357, 0.14750859141349792, -0.06291398406028748)","(0.4750199615955353, 0.20437705516815186, -0.025986842811107635)","(0.47205862402915955, 0.17506153881549835, 0.010595014318823814)","(0.4794631898403168, 0.15369164943695068, 0.019887931644916534)","(0.5268305540084839, 0.16056860983371735, -0.04885862395167351)","(0.4987837076187134, 0.19866301119327545, -0.017364898696541786)","(0.4961111545562744, 0.17430514097213745, 0.0054219989106059074)","(0.5044299960136414, 0.15931294858455658, 0.015001455321907997)",Position
1880,"(0.5253943800926208, 0.03514561057090759, -8.385093678953126e-05)","(0.4773331582546234, 0.037527963519096375, 0.010547015815973282)","(0.44807010889053345, 0.0813431590795517, 0.005587298888713121)","(0.43652355670928955, 0.1322290450334549, 0.006856239400804043)","(0.4344935417175293, 0.17413073778152466, 0.007733047474175692)","(0.44911739230155945, 0.10434029251337051, -0.0789826512336731)","(0.4222131371498108, 0.1821078509092331, -0.04751478135585785)","(0.4251862168312073, 0.17272931337356567, -0.000341035018209368)","(0.4345359802246094, 0.15391962230205536, 0.029613042250275612)","(0.4775606691837311, 0.12770453095436096, -0.07595808804035187)","(0.4480467736721039, 0.20571883022785187, -0.04307175055146217)","(0.4484911561012268, 0.18661914765834808, 0.0033105306793004274)","(0.45558804273605347, 0.1662793606519699, 0.02419448271393776)","(0.5034209489822388, 0.14600665867328644, -0.06420114636421204)","(0.47372299432754517, 0.20321188867092133, -0.025499219074845314)","(0.47299620509147644, 0.1735643744468689, 0.009932348504662514)","(0.4810338020324707, 0.1523824781179428, 0.016840802505612373)","(0.5241900086402893, 0.1599973887205124, -0.0507306233048439)","(0.4970327615737915, 0.19742652773857117, -0.017893821001052856)","(0.49579429626464844, 0.1726633757352829, 0.004441282246261835)","(0.504265308380127, 0.15811312198638916, 0.012315276078879833)",Position
1881,"(0.5249412655830383, 0.03243780881166458, -9.036878327606246e-05)","(0.47699108719825745, 0.0317191556096077, 0.011109919287264347)","(0.4462279677391052, 0.0759902372956276, 0.0054391976445913315)","(0.43319645524024963, 0.12990517914295197, 0.00583644350990653)","(0.4305204451084137, 0.1726682186126709, 0.005961317103356123)","(0.4485849142074585, 0.09901484102010727, -0.07782665640115738)","(0.4203284680843353, 0.17968115210533142, -0.046539854258298874)","(0.4227941036224365, 0.1697644591331482, -0.0012117583537474275)","(0.431835412979126, 0.15042389929294586, 0.027824265882372856)","(0.47679200768470764, 0.12424421310424805, -0.07592633366584778)","(0.4456968903541565, 0.20637185871601105, -0.04465753957629204)","(0.445559561252594, 0.18768873810768127, 0.00028059587930329144)","(0.45310333371162415, 0.16627401113510132, 0.020217232406139374)","(0.502841591835022, 0.14301219582557678, -0.06526187807321548)","(0.47088441252708435, 0.20386265218257904, -0.026871783658862114)","(0.47013452649116516, 0.1744431108236313, 0.00859896931797266)","(0.4786730408668518, 0.1525525003671646, 0.015614630654454231)","(0.5240697860717773, 0.15635596215724945, -0.05285469442605972)","(0.4949294626712799, 0.19866152107715607, -0.02006586268544197)","(0.49351125955581665, 0.1740041822195053, 0.00247513921931386)","(0.5024064183235168, 0.15831983089447021, 0.010461498983204365)",Position
1882,"(0.5243254899978638, 0.02860848605632782, -9.518580918665975e-05)","(0.4790302813053131, 0.028202250599861145, 0.01425266545265913)","(0.4493359923362732, 0.07068004459142685, 0.009893822483718395)","(0.4375365674495697, 0.12255360186100006, 0.010839407332241535)","(0.435637503862381, 0.1649775207042694, 0.012323283590376377)","(0.4480474591255188, 0.09498511254787445, -0.07160387933254242)","(0.4191378355026245, 0.1773974746465683, -0.043937165290117264)","(0.4210292398929596, 0.17473675310611725, -0.0019414726411923766)","(0.43016183376312256, 0.15805794298648834, 0.026324933394789696)","(0.47556331753730774, 0.1201372891664505, -0.07153687626123428)","(0.4445371925830841, 0.20373407006263733, -0.04159215837717056)","(0.44430702924728394, 0.1888050138950348, 0.0017805388197302818)","(0.4514036178588867, 0.16858504712581635, 0.022372527047991753)","(0.5015367865562439, 0.1390334814786911, -0.06290304660797119)","(0.47019699215888977, 0.20089472830295563, -0.02565728686749935)","(0.46959397196769714, 0.17447210848331451, 0.008144143968820572)","(0.4780370891094208, 0.15313702821731567, 0.01540806982666254)","(0.5232180953025818, 0.15230050683021545, -0.05235506221652031)","(0.494382381439209, 0.1954282969236374, -0.020387183874845505)","(0.49288803339004517, 0.17299190163612366, 0.001886014244519174)","(0.5014551877975464, 0.15778189897537231, 0.010693435557186604)",Position
1883,"(0.5206674337387085, 0.019138634204864502, -0.00010076702164951712)","(0.4762744903564453, 0.022793598473072052, 0.016391757875680923)","(0.4469939172267914, 0.06675544381141663, 0.011915113776922226)","(0.4343986213207245, 0.11933915317058563, 0.012399422004818916)","(0.43194952607154846, 0.1621536910533905, 0.013217632658779621)","(0.44701483845710754, 0.0893884003162384, -0.07240370661020279)","(0.4179575443267822, 0.17485076189041138, -0.04575081914663315)","(0.4198661744594574, 0.1732122004032135, -0.0037602996453642845)","(0.4288076162338257, 0.15577028691768646, 0.024690119549632072)","(0.4745558798313141, 0.11487407237291336, -0.07350868731737137)","(0.44319331645965576, 0.2013656049966812, -0.04436122626066208)","(0.44371283054351807, 0.18598231673240662, 0.00043037859722971916)","(0.45076844096183777, 0.16481706500053406, 0.02208695560693741)","(0.5009150505065918, 0.133564293384552, -0.0656929463148117)","(0.4693714380264282, 0.20029117166996002, -0.029133828356862068)","(0.4684477746486664, 0.17485100030899048, 0.007082174997776747)","(0.47617989778518677, 0.15285003185272217, 0.01602267660200596)","(0.5231391191482544, 0.14557577669620514, -0.05589699372649193)","(0.49428829550743103, 0.1935771405696869, -0.023804165422916412)","(0.4920283854007721, 0.17180711030960083, -0.0005422494141384959)","(0.49992239475250244, 0.15552420914173126, 0.009136906825006008)",Position
1884,"(0.5248490571975708, 0.02698613703250885, -7.174135680543259e-05)","(0.4773714244365692, 0.03078915923833847, 0.012694066390395164)","(0.44599974155426025, 0.07037223130464554, 0.00799880363047123)","(0.43025657534599304, 0.11958985030651093, 0.008315377868711948)","(0.4249745011329651, 0.16439172625541687, 0.010629273019731045)","(0.4466174244880676, 0.08830547332763672, -0.0808487981557846)","(0.41672757267951965, 0.17121364176273346, -0.0517963282763958)","(0.4198678731918335, 0.16144952178001404, -0.0029707741923630238)","(0.4300304055213928, 0.14141836762428284, 0.029039252549409866)","(0.4737260043621063, 0.11368204653263092, -0.08076471090316772)","(0.441568523645401, 0.19865646958351135, -0.05343010649085045)","(0.4418238699436188, 0.1802368015050888, -0.007053228095173836)","(0.4488506019115448, 0.15899334847927094, 0.016309525817632675)","(0.4988427758216858, 0.13433866202831268, -0.07191404700279236)","(0.4668484926223755, 0.19800718128681183, -0.03854754939675331)","(0.4658840000629425, 0.17154936492443085, -0.0008400295628234744)","(0.4737366735935211, 0.15026746690273285, 0.0092267831787467)","(0.5196712017059326, 0.14977683126926422, -0.061210326850414276)","(0.49127164483070374, 0.1924201399087906, -0.03189883753657341)","(0.48871248960494995, 0.17026126384735107, -0.00956308376044035)","(0.4962162971496582, 0.15502877533435822, -0.0004018105682916939)",Position
1885,"(0.5179044604301453, 0.01291116327047348, -0.00010134167678188533)","(0.4751604199409485, 0.016471125185489655, 0.017662523314356804)","(0.44535893201828003, 0.06316417455673218, 0.012717580422759056)","(0.43504637479782104, 0.1195223480463028, 0.01200350932776928)","(0.43545857071876526, 0.162933349609375, 0.011363222263753414)","(0.4448968172073364, 0.07962357252836227, -0.07486067712306976)","(0.4140830636024475, 0.17004165053367615, -0.046495191752910614)","(0.4184676706790924, 0.16372568905353546, -0.000359136814950034)","(0.4279976487159729, 0.14318901300430298, 0.030786890536546707)","(0.47257256507873535, 0.1060444712638855, -0.07805444300174713)","(0.438520610332489, 0.1964164823293686, -0.049425024539232254)","(0.4415397644042969, 0.17821921408176422, -0.002302257576957345)","(0.44894006848335266, 0.15441668033599854, 0.02039356157183647)","(0.49923211336135864, 0.12627093493938446, -0.07265529036521912)","(0.46480274200439453, 0.1975833922624588, -0.037686266005039215)","(0.4657301902770996, 0.17163577675819397, -0.0004072592710144818)","(0.47395649552345276, 0.14821624755859375, 0.008714365772902966)","(0.5219213366508484, 0.14005394279956818, -0.06501637399196625)","(0.49087923765182495, 0.18998123705387115, -0.03562242537736893)","(0.4896757900714874, 0.16844719648361206, -0.012830117717385292)","(0.498307466506958, 0.15216217935085297, -0.004043128341436386)",Position
1886,"(0.5212628245353699, 0.017510704696178436, -8.239717135438696e-05)","(0.4759379029273987, 0.01756509393453598, 0.015749767422676086)","(0.4436095058917999, 0.05841219425201416, 0.01060072798281908)","(0.42788755893707275, 0.11162351816892624, 0.009365434758365154)","(0.42293816804885864, 0.15717384219169617, 0.009687522426247597)","(0.44372251629829407, 0.07654048502445221, -0.0695372074842453)","(0.4146348237991333, 0.16704383492469788, -0.0442531518638134)","(0.41521546244621277, 0.16477268934249878, -0.002621543128043413)","(0.42280203104019165, 0.14696750044822693, 0.02535192482173443)","(0.47067707777023315, 0.10235531628131866, -0.07236360758543015)","(0.4379976987838745, 0.19306126236915588, -0.044279906898736954)","(0.43726691603660583, 0.1775512546300888, 0.0010661460692062974)","(0.4430125951766968, 0.15571720898151398, 0.023916704580187798)","(0.4964010417461395, 0.12306877225637436, -0.06722499430179596)","(0.46344077587127686, 0.19414108991622925, -0.03338833153247833)","(0.463449627161026, 0.16991651058197021, 0.0034914046991616488)","(0.4714677333831787, 0.1471891850233078, 0.013202120549976826)","(0.518919825553894, 0.13752685487270355, -0.060504309833049774)","(0.49015894532203674, 0.18825632333755493, -0.03070477955043316)","(0.48762306571006775, 0.16892442107200623, -0.007826073095202446)","(0.4945295751094818, 0.1531059890985489, 0.0013973453314974904)",Position
1887,"(0.5172162652015686, 0.015617214143276215, -9.667131962487474e-05)","(0.47382283210754395, 0.010341636836528778, 0.020804869011044502)","(0.44114041328430176, 0.05370461940765381, 0.015731267631053925)","(0.42889854311943054, 0.11378507316112518, 0.013807673938572407)","(0.4289951026439667, 0.15989950299263, 0.012892312370240688)","(0.43895336985588074, 0.07021929323673248, -0.06891550123691559)","(0.4094085097312927, 0.16644740104675293, -0.04213041067123413)","(0.4161166548728943, 0.16542021930217743, 0.001510560978204012)","(0.42584145069122314, 0.146232008934021, 0.031543489545583725)","(0.4661550521850586, 0.09768255800008774, -0.07539137452840805)","(0.4334905445575714, 0.19398856163024902, -0.04812125116586685)","(0.43813419342041016, 0.18013593554496765, -0.001805320382118225)","(0.44545504450798035, 0.15607310831546783, 0.020432045683264732)","(0.4929320514202118, 0.11972139775753021, -0.07336949557065964)","(0.45902737975120544, 0.19547955691814423, -0.03799201548099518)","(0.46248817443847656, 0.17260204255580902, -0.001770747359842062)","(0.47060054540634155, 0.14971497654914856, 0.006891941651701927)","(0.516658365726471, 0.13538116216659546, -0.06922644376754761)","(0.4859650135040283, 0.18669383227825165, -0.038122132420539856)","(0.48682788014411926, 0.16652314364910126, -0.014807815663516521)","(0.49553731083869934, 0.15012219548225403, -0.007064530160278082)",Position
1888,"(0.517533540725708, 0.012138210237026215, -0.00010479933553142473)","(0.4727565348148346, 0.01335376501083374, 0.0174446702003479)","(0.4391097128391266, 0.05453939735889435, 0.009677530266344547)","(0.4240618944168091, 0.11266544461250305, 0.006173654925078154)","(0.42276567220687866, 0.15883667767047882, 0.004355814773589373)","(0.44066348671913147, 0.06655008345842361, -0.07430338114500046)","(0.4108063578605652, 0.16800139844417572, -0.04766730219125748)","(0.4155985713005066, 0.16732218861579895, -0.0002551630313973874)","(0.42404666543006897, 0.14860673248767853, 0.03258741274476051)","(0.4680653512477875, 0.09223629534244537, -0.07964155822992325)","(0.4337591826915741, 0.19054564833641052, -0.051767464727163315)","(0.4376777708530426, 0.17264136672019958, -0.003708171658217907)","(0.4449312388896942, 0.14827275276184082, 0.018426688387989998)","(0.49390965700149536, 0.1152624860405922, -0.0769364982843399)","(0.4589109718799591, 0.1915655881166458, -0.04065471887588501)","(0.46266841888427734, 0.16663390398025513, -0.004423229955136776)","(0.47221052646636963, 0.14448079466819763, 0.0030489726923406124)","(0.5163652896881104, 0.13419656455516815, -0.07222119718790054)","(0.4842056930065155, 0.18731769919395447, -0.04024551436305046)","(0.48498815298080444, 0.16562998294830322, -0.016589783132076263)","(0.49465444684028625, 0.14900754392147064, -0.009516379795968533)",Position
1889,"(0.514880895614624, 0.005632653832435608, -9.646140824770555e-05)","(0.4706644117832184, 0.006602324545383453, 0.019475717097520828)","(0.4375944137573242, 0.04918881505727768, 0.012578553520143032)","(0.4256953299045563, 0.1087026596069336, 0.009592054411768913)","(0.42895957827568054, 0.1533718705177307, 0.008392997086048126)","(0.4382968246936798, 0.06321738660335541, -0.07160959392786026)","(0.4095709025859833, 0.16806776821613312, -0.04460403695702553)","(0.4171530604362488, 0.16415299475193024, 0.0029274793341755867)","(0.42660194635391235, 0.1429147720336914, 0.03529636561870575)","(0.46597719192504883, 0.08901798725128174, -0.07817970216274261)","(0.4337938129901886, 0.18915356695652008, -0.04960346594452858)","(0.43956607580184937, 0.17028602957725525, -0.0018645832315087318)","(0.4467063248157501, 0.14464984834194183, 0.01905449479818344)","(0.49229738116264343, 0.11137163639068604, -0.07675942778587341)","(0.4591452181339264, 0.19106799364089966, -0.040695130825042725)","(0.4631776213645935, 0.16662681102752686, -0.004862534813582897)","(0.47198033332824707, 0.1433500498533249, 0.0018105299677699804)","(0.5155690908432007, 0.12904934585094452, -0.07307997345924377)","(0.4847491681575775, 0.18572872877120972, -0.042797740548849106)","(0.48586300015449524, 0.1641698181629181, -0.020148247480392456)","(0.49528563022613525, 0.1464865803718567, -0.014380826614797115)",Position
1890,"(0.5140504240989685, 0.0016950368881225586, -0.00010150495654670522)","(0.46928244829177856, 0.004977531731128693, 0.020162738859653473)","(0.4380611181259155, 0.04727548360824585, 0.014911849983036518)","(0.42860716581344604, 0.10468465834856033, 0.014220613986253738)","(0.43242940306663513, 0.14833086729049683, 0.016009820625185966)","(0.4370442032814026, 0.063470259308815, -0.07006395608186722)","(0.4093347489833832, 0.16519175469875336, -0.0419376865029335)","(0.41585007309913635, 0.16405224800109863, 0.005254174116998911)","(0.4253019094467163, 0.143930122256279, 0.03678720071911812)","(0.4647318422794342, 0.08900603652000427, -0.07588639855384827)","(0.4337419867515564, 0.18767613172531128, -0.04731229320168495)","(0.43888333439826965, 0.17024610936641693, -2.3513168343924917e-05)","(0.44619613885879517, 0.14441248774528503, 0.021507931873202324)","(0.4912041127681732, 0.1109740287065506, -0.07328010350465775)","(0.458990216255188, 0.18912580609321594, -0.03725115582346916)","(0.46220073103904724, 0.16529467701911926, -0.0010886946693062782)","(0.47086361050605774, 0.14168541133403778, 0.006600414868444204)","(0.5145716667175293, 0.12814059853553772, -0.06857065111398697)","(0.4849453270435333, 0.18281929194927216, -0.037817735224962234)","(0.48511219024658203, 0.16193363070487976, -0.014667135663330555)","(0.4937782883644104, 0.14451272785663605, -0.007871304638683796)",Position
1891,"(0.5158824324607849, 0.0015366971492767334, -9.826070163398981e-05)","(0.46978098154067993, 0.006775803864002228, 0.019985849037766457)","(0.43840914964675903, 0.046867720782756805, 0.01428479328751564)","(0.4271963834762573, 0.10198969393968582, 0.013106903061270714)","(0.42864111065864563, 0.14627167582511902, 0.01546957716345787)","(0.43910208344459534, 0.06417247653007507, -0.06930287182331085)","(0.41226106882095337, 0.16402313113212585, -0.04266225919127464)","(0.4162101745605469, 0.16262690722942352, 0.0027167729567736387)","(0.4243072271347046, 0.1430518925189972, 0.03296856954693794)","(0.46660441160202026, 0.08847612142562866, -0.07466580718755722)","(0.43655553460121155, 0.18780478835105896, -0.04655640944838524)","(0.4390673041343689, 0.17167764902114868, 0.0005093896179459989)","(0.44518157839775085, 0.14680632948875427, 0.022259363904595375)","(0.4924970865249634, 0.10971981287002563, -0.07168673723936081)","(0.46071329712867737, 0.18756499886512756, -0.03597931191325188)","(0.4623353183269501, 0.16377714276313782, 0.0011942520504817367)","(0.4704146683216095, 0.14036037027835846, 0.01022763829678297)","(0.5153483152389526, 0.12599174678325653, -0.06651820987462997)","(0.4858155846595764, 0.18077942728996277, -0.03507605940103531)","(0.48470333218574524, 0.15995728969573975, -0.010794281028211117)","(0.49251237511634827, 0.14194023609161377, -0.0022886928636580706)",Position
1892,"(0.5100567936897278, -0.007772862911224365, -9.214197052642703e-05)","(0.46617743372917175, 0.003901571035385132, 0.015936298295855522)","(0.436748743057251, 0.048626452684402466, 0.008044309914112091)","(0.42419761419296265, 0.1060275211930275, 0.005633781664073467)","(0.42314624786376953, 0.1508425772190094, 0.006529147736728191)","(0.4418502151966095, 0.06598814576864243, -0.0712321326136589)","(0.4155719578266144, 0.16646653413772583, -0.0480104498565197)","(0.41726529598236084, 0.1621614396572113, -0.0045905024744570255)","(0.4241299033164978, 0.14085043966770172, 0.02547089010477066)","(0.4694368541240692, 0.0894642025232315, -0.07473334670066833)","(0.43855294585227966, 0.1887040138244629, -0.049442537128925323)","(0.4380829632282257, 0.1705280840396881, -0.004036011174321175)","(0.4432128369808197, 0.14530059695243835, 0.018094472587108612)","(0.495055228471756, 0.10824484378099442, -0.07076926529407501)","(0.46201106905937195, 0.18745720386505127, -0.037099070847034454)","(0.46093258261680603, 0.16300538182258606, -0.0006090840906836092)","(0.46828463673591614, 0.1400052011013031, 0.009686081670224667)","(0.5171040296554565, 0.12140783667564392, -0.06485267728567123)","(0.48710113763809204, 0.1782432496547699, -0.033917319029569626)","(0.48398450016975403, 0.1582440733909607, -0.010192527435719967)","(0.4912039339542389, 0.139970600605011, -0.0007414781139232218)",Position
1893,"(0.5097886919975281, 0.00012171268463134766, -6.447861960623413e-05)","(0.463039755821228, 0.01716434955596924, 0.017033647745847702)","(0.43725648522377014, 0.05976191908121109, 0.012184448540210724)","(0.4276019334793091, 0.11045458912849426, 0.012464725412428379)","(0.42467403411865234, 0.155535489320755, 0.014252877794206142)","(0.4392687678337097, 0.0787433460354805, -0.06534071266651154)","(0.41792032122612, 0.1683911681175232, -0.04491378739476204)","(0.4157663583755493, 0.17384251952171326, -0.005896692629903555)","(0.420954167842865, 0.15868791937828064, 0.020728668197989464)","(0.467556357383728, 0.09717073291540146, -0.06699575483798981)","(0.4442043900489807, 0.18547993898391724, -0.04063132405281067)","(0.4406859874725342, 0.17397715151309967, 0.005936987232416868)","(0.44436341524124146, 0.15413708984851837, 0.031550679355859756)","(0.49348148703575134, 0.11337662488222122, -0.06037430092692375)","(0.46697816252708435, 0.1810886561870575, -0.026274364441633224)","(0.46383368968963623, 0.159511536359787, 0.014215669594705105)","(0.4700896739959717, 0.13866457343101501, 0.029112134128808975)","(0.5159273743629456, 0.12651890516281128, -0.05290358141064644)","(0.49052751064300537, 0.17327085137367249, -0.019993910565972328)","(0.48609986901283264, 0.15508349239826202, 0.006346488371491432)","(0.4915618300437927, 0.1395799070596695, 0.020219046622514725)",Position
1894,"(0.5046938061714172, 0.002452649176120758, -7.620574615430087e-05)","(0.4589409828186035, 0.026209652423858643, 0.012179187498986721)","(0.43483638763427734, 0.07084804773330688, 0.004494932480156422)","(0.42511647939682007, 0.12269553542137146, 0.0030052659567445517)","(0.4243977665901184, 0.16663095355033875, 0.0021561027970165014)","(0.44117259979248047, 0.08095116913318634, -0.07653144747018814)","(0.42006081342697144, 0.1694827824831009, -0.053551848977804184)","(0.4176364839076996, 0.17109879851341248, -0.012350354343652725)","(0.42286217212677, 0.15479889512062073, 0.01520830299705267)","(0.4691070020198822, 0.0967438817024231, -0.07592131942510605)","(0.445507287979126, 0.18463847041130066, -0.04833526536822319)","(0.4415668845176697, 0.17052388191223145, -0.0009640938951633871)","(0.445939302444458, 0.1500382423400879, 0.022660810500383377)","(0.49405571818351746, 0.11150189489126205, -0.06714597344398499)","(0.46807771921157837, 0.1801595538854599, -0.032925620675086975)","(0.4642274081707001, 0.15675944089889526, 0.005971821956336498)","(0.47102612257003784, 0.1357436329126358, 0.018122565001249313)","(0.5150624513626099, 0.12377777695655823, -0.05754448100924492)","(0.4903794825077057, 0.17179906368255615, -0.026135414838790894)","(0.48533686995506287, 0.15287551283836365, -0.0006765531143173575)","(0.4913872182369232, 0.13810202479362488, 0.011090283282101154)",Position
1895,"(0.5016725659370422, 0.008793368935585022, -7.75220469222404e-05)","(0.45471829175949097, 0.033453263342380524, 0.007672065403312445)","(0.4295533001422882, 0.08069835603237152, -0.004006225615739822)","(0.41964709758758545, 0.1346169412136078, -0.009266719222068787)","(0.41880685091018677, 0.18016935884952545, -0.013999830931425095)","(0.4425102174282074, 0.08158355206251144, -0.0888511911034584)","(0.42086467146873474, 0.1723250448703766, -0.06605816632509232)","(0.42021849751472473, 0.16708964109420776, -0.02082148566842079)","(0.4269019663333893, 0.14817112684249878, 0.009748432785272598)","(0.47187942266464233, 0.09452096372842789, -0.08858364820480347)","(0.4473858177661896, 0.18416166305541992, -0.06144261732697487)","(0.4441716969013214, 0.16458791494369507, -0.010816707275807858)","(0.4498021900653839, 0.14255279302597046, 0.012656483799219131)","(0.4973278343677521, 0.10832758247852325, -0.08050423115491867)","(0.4691629111766815, 0.18016937375068665, -0.046962156891822815)","(0.4649313688278198, 0.1550198495388031, -0.005325678735971451)","(0.4728495478630066, 0.13389958441257477, 0.006311170756816864)","(0.5180487036705017, 0.12084899097681046, -0.07179219275712967)","(0.49138742685317993, 0.17212893068790436, -0.040820974856615067)","(0.4866412580013275, 0.15212762355804443, -0.01429152861237526)","(0.4946332275867462, 0.1375831663608551, -0.003348352387547493)",Position
1896,"(0.5032444000244141, 0.014088749885559082, -7.801414903951809e-05)","(0.45900365710258484, 0.03400292992591858, 0.005263117607682943)","(0.4332636296749115, 0.07693500071763992, -0.00803260039538145)","(0.4234491288661957, 0.12900713086128235, -0.014547358267009258)","(0.4248707890510559, 0.17197784781455994, -0.01980685628950596)","(0.4436706602573395, 0.07787853479385376, -0.0934450775384903)","(0.42011892795562744, 0.16902276873588562, -0.07444223761558533)","(0.41835829615592957, 0.16599443554878235, -0.031278688460588455)","(0.424495130777359, 0.14821550250053406, -0.0013612295733764768)","(0.47210875153541565, 0.09456118941307068, -0.09199704229831696)","(0.4464236795902252, 0.1861332803964615, -0.06915910542011261)","(0.44178396463394165, 0.16735205054283142, -0.02219093032181263)","(0.44691506028175354, 0.1450030505657196, -0.0005812597228214145)","(0.49716535210609436, 0.11055479198694229, -0.08255956321954727)","(0.4686236083507538, 0.18229633569717407, -0.05146857723593712)","(0.46372854709625244, 0.1560341864824295, -0.011484865099191666)","(0.47123613953590393, 0.1344178020954132, -0.0005621110321953893)","(0.5174276828765869, 0.12314868718385696, -0.07285106182098389)","(0.4898960292339325, 0.17419591546058655, -0.0436718724668026)","(0.4857633411884308, 0.1519782543182373, -0.019122585654258728)","(0.4944114685058594, 0.13626410067081451, -0.009039630182087421)",Position
1897,"(0.5018482208251953, 0.012408971786499023, -8.507648453814909e-05)","(0.4593697190284729, 0.03154771029949188, 0.004968186840415001)","(0.4331212639808655, 0.07710021734237671, -0.00870135985314846)","(0.4221445322036743, 0.13053730130195618, -0.01510958094149828)","(0.4217275083065033, 0.17265236377716064, -0.021769754588603973)","(0.44305604696273804, 0.07593868672847748, -0.09474161267280579)","(0.4203953146934509, 0.16910959780216217, -0.07676886022090912)","(0.4180941879749298, 0.17010807991027832, -0.03444322943687439)","(0.4231618642807007, 0.1544279307126999, -0.0036888306494802237)","(0.4717748761177063, 0.09202994406223297, -0.09322679787874222)","(0.44540444016456604, 0.1860378086566925, -0.06972073763608932)","(0.44193318486213684, 0.16916346549987793, -0.0206005722284317)","(0.44648486375808716, 0.14826443791389465, 0.0021376963704824448)","(0.4972167909145355, 0.10717745125293732, -0.08410247415304184)","(0.4682787358760834, 0.18329653143882751, -0.052651941776275635)","(0.46385544538497925, 0.15846264362335205, -0.011130429804325104)","(0.4702097177505493, 0.13733913004398346, 0.00034182413946837187)","(0.5177085399627686, 0.1192464753985405, -0.07441876828670502)","(0.4898909628391266, 0.1728464663028717, -0.0454249382019043)","(0.48592108488082886, 0.15212318301200867, -0.02039216086268425)","(0.49407652020454407, 0.13781611621379852, -0.01044780295342207)",Position
1898,"(0.5035911202430725, 0.01597478985786438, -8.523467840859666e-05)","(0.4583372175693512, 0.0321853905916214, 0.005833520088344812)","(0.42951399087905884, 0.0771971344947815, -0.008716348558664322)","(0.41780003905296326, 0.1330849826335907, -0.016545677557587624)","(0.41733846068382263, 0.17814907431602478, -0.02497261017560959)","(0.44188767671585083, 0.07517839968204498, -0.09247327595949173)","(0.4214499890804291, 0.16914045810699463, -0.07567369192838669)","(0.41804343461990356, 0.17355985939502716, -0.035254452377557755)","(0.4213693141937256, 0.1597544252872467, -0.005389209371060133)","(0.47152242064476013, 0.09144588559865952, -0.09205672144889832)","(0.4460189938545227, 0.18694645166397095, -0.0691123902797699)","(0.4407118260860443, 0.17273733019828796, -0.019588962197303772)","(0.44458723068237305, 0.1519470512866974, 0.004644427448511124)","(0.4977148175239563, 0.10734419524669647, -0.08415379375219345)","(0.46883848309516907, 0.18470756709575653, -0.05295791104435921)","(0.46347007155418396, 0.16102242469787598, -0.010471499525010586)","(0.46956369280815125, 0.1394895315170288, 0.0028468838427215815)","(0.5189505219459534, 0.12045810371637344, -0.07567040622234344)","(0.49102941155433655, 0.17426690459251404, -0.04677296057343483)","(0.48576220870018005, 0.15434345602989197, -0.02093777060508728)","(0.49296990036964417, 0.13978970050811768, -0.009828812442719936)",Position
1899,"(0.5012419819831848, 0.010095492005348206, -8.832940511638299e-05)","(0.45944544672966003, 0.022970832884311676, 0.005942177958786488)","(0.4308716654777527, 0.06704039871692657, -0.008886617608368397)","(0.41991549730300903, 0.12304510921239853, -0.01670270971953869)","(0.42151951789855957, 0.16740268468856812, -0.02567717805504799)","(0.44023093581199646, 0.06926394999027252, -0.08715572208166122)","(0.42173904180526733, 0.16632932424545288, -0.08146790415048599)","(0.4154009222984314, 0.19154396653175354, -0.05188874527812004)","(0.4152759611606598, 0.1895965039730072, -0.02575858309864998)","(0.4702743589878082, 0.0879526436328888, -0.0858951210975647)","(0.4460902810096741, 0.18822309374809265, -0.06970920413732529)","(0.4387117624282837, 0.18448588252067566, -0.02256704866886139)","(0.4400324523448944, 0.16483476758003235, 0.005000435747206211)","(0.4965658187866211, 0.10448336601257324, -0.07828313857316971)","(0.4682130813598633, 0.18763230741024017, -0.052337054163217545)","(0.45952028036117554, 0.17298676073551178, -0.008655538782477379)","(0.46200913190841675, 0.15290871262550354, 0.010036985389888287)","(0.5180331468582153, 0.11657512933015823, -0.07072681933641434)","(0.4907497763633728, 0.17461074888706207, -0.04242866113781929)","(0.4829366207122803, 0.16075566411018372, -0.014896111562848091)","(0.486888587474823, 0.14579664170742035, 0.0006496956339105964)",Position
1900,"(0.5023723840713501, 0.01668211817741394, -8.290995901916176e-05)","(0.4605211019515991, 0.030187241733074188, 0.005879680160433054)","(0.4321611523628235, 0.07081671059131622, -0.009949622675776482)","(0.41993090510368347, 0.12385667860507965, -0.019330432638525963)","(0.4204248785972595, 0.1679035723209381, -0.029672671109437943)","(0.4405161738395691, 0.07191412150859833, -0.0900902971625328)","(0.42038315534591675, 0.16803057491779327, -0.08235081285238266)","(0.41501352190971375, 0.1908261477947235, -0.04968763515353203)","(0.4164844751358032, 0.1858697235584259, -0.02198917046189308)","(0.47013962268829346, 0.0901549682021141, -0.08938302844762802)","(0.44530266523361206, 0.18776965141296387, -0.07148411870002747)","(0.4395137131214142, 0.1801581233739853, -0.0236391332000494)","(0.4417656362056732, 0.15783575177192688, 0.002785363234579563)","(0.4962260127067566, 0.10709186643362045, -0.08207285404205322)","(0.46669650077819824, 0.1862877905368805, -0.053990721702575684)","(0.4598531424999237, 0.16978934407234192, -0.011408156715333462)","(0.46354562044143677, 0.14893043041229248, 0.004675459116697311)","(0.5174048542976379, 0.1197546198964119, -0.07477737963199615)","(0.4892624020576477, 0.17444369196891785, -0.04582320153713226)","(0.4828581213951111, 0.15964430570602417, -0.018955571576952934)","(0.4877362549304962, 0.14499971270561218, -0.005259775090962648)",Position
1901,"(0.5010604858398438, 0.01407497376203537, -9.184456575894728e-05)","(0.4586493670940399, 0.030091270804405212, 0.0042073847725987434)","(0.43039897084236145, 0.07796744257211685, -0.012109274044632912)","(0.4222102165222168, 0.1350060999393463, -0.020352015271782875)","(0.42643648386001587, 0.1770458072423935, -0.030376670882105827)","(0.4398951232433319, 0.07198452949523926, -0.09495314955711365)","(0.42156288027763367, 0.17236575484275818, -0.08256852626800537)","(0.41849252581596375, 0.18521389365196228, -0.04370745271444321)","(0.42088332772254944, 0.17367824912071228, -0.012925471179187298)","(0.47096681594848633, 0.08827674388885498, -0.09417273849248886)","(0.44680508971214294, 0.1879858672618866, -0.07547260820865631)","(0.44259098172187805, 0.17598161101341248, -0.025927817448973656)","(0.44478651881217957, 0.15347065031528473, -0.00107439118437469)","(0.49757829308509827, 0.10457079112529755, -0.08638349175453186)","(0.4691649377346039, 0.1857297569513321, -0.0569724440574646)","(0.46249932050704956, 0.1649157553911209, -0.013840077444911003)","(0.46607181429862976, 0.1423245668411255, 0.00020398068591021)","(0.519171953201294, 0.11824116855859756, -0.07848476618528366)","(0.49060583114624023, 0.1727982610464096, -0.04971230775117874)","(0.48384690284729004, 0.1556907296180725, -0.02332640066742897)","(0.4893185794353485, 0.14208920300006866, -0.01202243659645319)",Position
1902,"(0.5010204315185547, 0.01642289012670517, -8.678258018335328e-05)","(0.45790156722068787, 0.03331334888935089, 0.0031080509070307016)","(0.4307539463043213, 0.08021780848503113, -0.012685732915997505)","(0.42376232147216797, 0.13689260184764862, -0.020368151366710663)","(0.4282565712928772, 0.17899073660373688, -0.02838623709976673)","(0.4410773515701294, 0.0764632299542427, -0.0966927707195282)","(0.4210689961910248, 0.17533254623413086, -0.07934217900037766)","(0.42021065950393677, 0.1768457591533661, -0.035775549709796906)","(0.42485859990119934, 0.15991923213005066, -0.0040114582516252995)","(0.4712844491004944, 0.0919034332036972, -0.0955425426363945)","(0.4472503960132599, 0.1894531548023224, -0.07438240200281143)","(0.4443584680557251, 0.17310118675231934, -0.024900345131754875)","(0.44804877042770386, 0.15074163675308228, -0.0020048676524311304)","(0.4974183440208435, 0.10799040645360947, -0.08694571256637573)","(0.4692137539386749, 0.18673309683799744, -0.055600810796022415)","(0.4646896719932556, 0.16210204362869263, -0.014411095529794693)","(0.47046515345573425, 0.13956144452095032, -0.0031669253949075937)","(0.5189757347106934, 0.12229705601930618, -0.07831960171461105)","(0.4897611141204834, 0.1756179928779602, -0.04975006729364395)","(0.4845817983150482, 0.1555643081665039, -0.024841224774718285)","(0.4920882284641266, 0.14171859622001648, -0.015420487150549889)",Position
1903,"(0.5029451251029968, 0.022598661482334137, -8.216674177674577e-05)","(0.45866596698760986, 0.03611108660697937, 0.0023957248777151108)","(0.43014004826545715, 0.08162717521190643, -0.014764584600925446)","(0.42197054624557495, 0.13953539729118347, -0.02381429448723793)","(0.42682719230651855, 0.18240445852279663, -0.03184838593006134)","(0.4417186379432678, 0.0776328295469284, -0.09620846807956696)","(0.42065417766571045, 0.17512927949428558, -0.0772145688533783)","(0.4227622449398041, 0.16713754832744598, -0.03187364712357521)","(0.4291273057460785, 0.14706508815288544, 8.184725447790697e-05)","(0.47214406728744507, 0.09242577850818634, -0.09587518125772476)","(0.44854357838630676, 0.18944108486175537, -0.07405251264572144)","(0.4477545917034149, 0.167850524187088, -0.02453155629336834)","(0.45296409726142883, 0.14540454745292664, -0.0031952045392245054)","(0.4986426830291748, 0.10880889743566513, -0.08836087584495544)","(0.47119107842445374, 0.1876848340034485, -0.05649701878428459)","(0.4683687090873718, 0.15931156277656555, -0.01670989580452442)","(0.47548362612724304, 0.13602504134178162, -0.008082462474703789)","(0.5209787487983704, 0.12442197650671005, -0.080891914665699)","(0.49175047874450684, 0.17919325828552246, -0.053352199494838715)","(0.48780572414398193, 0.1575484275817871, -0.03018203005194664)","(0.4964710474014282, 0.14225345849990845, -0.023595167323946953)",Position
1904,"(0.5019464492797852, 0.02157292515039444, -9.868845518212765e-05)","(0.45939716696739197, 0.03170058876276016, -0.0011694432469084859)","(0.43077775835990906, 0.08097976446151733, -0.021790513768792152)","(0.42676234245300293, 0.14278793334960938, -0.03334807977080345)","(0.4372197091579437, 0.18488727509975433, -0.042764391750097275)","(0.44290250539779663, 0.07266292721033096, -0.10276621580123901)","(0.4228150546550751, 0.17808809876441956, -0.087697833776474)","(0.4263724982738495, 0.16971835494041443, -0.04039444774389267)","(0.4326898753643036, 0.1477249264717102, -0.004106186795979738)","(0.47419339418411255, 0.08845502138137817, -0.10228511691093445)","(0.44998395442962646, 0.19382445514202118, -0.0872039645910263)","(0.4494614899158478, 0.17382171750068665, -0.03741011768579483)","(0.4536677896976471, 0.15001025795936584, -0.014905724674463272)","(0.5010256767272949, 0.10473610460758209, -0.09473247826099396)","(0.4728374779224396, 0.19369059801101685, -0.06772877275943756)","(0.4685741066932678, 0.1674477458000183, -0.024265436455607414)","(0.4737807512283325, 0.14210334420204163, -0.011791188269853592)","(0.5233367085456848, 0.1194194108247757, -0.0878569707274437)","(0.49367275834083557, 0.18158681690692902, -0.06243335083127022)","(0.48835456371307373, 0.16231052577495575, -0.03878464177250862)","(0.4958782196044922, 0.14726945757865906, -0.03208395838737488)",Position
1905,"(0.5024283528327942, 0.024599261581897736, -9.019545541377738e-05)","(0.45999249815940857, 0.03394456207752228, -0.003923126962035894)","(0.43160131573677063, 0.0815645158290863, -0.025845399126410484)","(0.42774513363838196, 0.1430572271347046, -0.03788779675960541)","(0.43854111433029175, 0.18573148548603058, -0.0465647354722023)","(0.4452533423900604, 0.07453672587871552, -0.10644450783729553)","(0.4231340289115906, 0.17942091822624207, -0.09098194539546967)","(0.42722225189208984, 0.16599451005458832, -0.04086717590689659)","(0.4342944025993347, 0.1429290622472763, -0.002798516768962145)","(0.4761812686920166, 0.09037338197231293, -0.10469359159469604)","(0.4507821500301361, 0.1939036250114441, -0.08961115777492523)","(0.45005008578300476, 0.17145471274852753, -0.03829266130924225)","(0.45482349395751953, 0.14804640412330627, -0.014198122546076775)","(0.5024386644363403, 0.10677311569452286, -0.09593735635280609)","(0.474063515663147, 0.19357356429100037, -0.06963727623224258)","(0.4696510434150696, 0.16566342115402222, -0.02617315575480461)","(0.47533589601516724, 0.14097589254379272, -0.013613857328891754)","(0.5241391658782959, 0.1214551329612732, -0.08809305727481842)","(0.4946255385875702, 0.1804790198802948, -0.06360843777656555)","(0.48965439200401306, 0.15934428572654724, -0.04117272049188614)","(0.49777743220329285, 0.14407950639724731, -0.03469183295965195)",Position
1906,"(0.501921534538269, 0.020185112953186035, -8.630082447780296e-05)","(0.4601401090621948, 0.03263507038354874, -0.0023136248346418142)","(0.4329639971256256, 0.07998310029506683, -0.02351030893623829)","(0.4270230829715729, 0.13860736787319183, -0.03575307875871658)","(0.4368753731250763, 0.18017664551734924, -0.04584629461169243)","(0.4451931118965149, 0.07567310333251953, -0.10591314733028412)","(0.4240177869796753, 0.1810019463300705, -0.0899820551276207)","(0.4271434247493744, 0.17251214385032654, -0.04097685590386391)","(0.43377429246902466, 0.1510934829711914, -0.003554681083187461)","(0.4763603210449219, 0.09103954583406448, -0.10451070964336395)","(0.4512062668800354, 0.19433680176734924, -0.08859957754611969)","(0.45007336139678955, 0.17305833101272583, -0.03734055534005165)","(0.4545404314994812, 0.14939291775226593, -0.012328673154115677)","(0.5029430985450745, 0.10554388910531998, -0.09603659063577652)","(0.47530031204223633, 0.19137921929359436, -0.06895431131124496)","(0.47029781341552734, 0.16491177678108215, -0.026225144043564796)","(0.4752139449119568, 0.14078257977962494, -0.014638246968388557)","(0.5246708393096924, 0.11721140146255493, -0.0880197212100029)","(0.49742501974105835, 0.17579138278961182, -0.06260043382644653)","(0.4917706251144409, 0.15525837242603302, -0.040413424372673035)","(0.49853989481925964, 0.14030495285987854, -0.03422433137893677)",Release
1907,"(0.5014734864234924, 0.013571389019489288, -7.621030090376735e-05)","(0.45919689536094666, 0.03441852331161499, -0.0005561086582019925)","(0.4322960674762726, 0.08226089924573898, -0.019876880571246147)","(0.4238978922367096, 0.14093013107776642, -0.030366435647010803)","(0.42961597442626953, 0.18467415869235992, -0.03961550444364548)","(0.44675201177597046, 0.07622244954109192, -0.09988841414451599)","(0.42774516344070435, 0.18006767332553864, -0.08600519597530365)","(0.4258269667625427, 0.1833237260580063, -0.04226895049214363)","(0.4296954274177551, 0.16754859685897827, -0.008557412773370743)","(0.4772706627845764, 0.09036804735660553, -0.09817492216825485)","(0.4535083770751953, 0.19197891652584076, -0.0815281867980957)","(0.4482124149799347, 0.176487997174263, -0.03073767013847828)","(0.45081648230552673, 0.15378551185131073, -0.003924436401575804)","(0.5030284523963928, 0.1046801507472992, -0.08961717039346695)","(0.47668659687042236, 0.1880565583705902, -0.06310632824897766)","(0.469062477350235, 0.16608254611492157, -0.01914813555777073)","(0.47287556529045105, 0.14306122064590454, -0.004206440411508083)","(0.5236908793449402, 0.11567036807537079, -0.08126748353242874)","(0.49797648191452026, 0.17374937236309052, -0.05668145418167114)","(0.4907608926296234, 0.15598702430725098, -0.03322871774435043)","(0.49636757373809814, 0.14086423814296722, -0.02272896096110344)",Release
1908,"(0.5058499574661255, 0.020364463329315186, -7.618988456670195e-05)","(0.45978474617004395, 0.04202791303396225, 0.0019232629565522075)","(0.43038180470466614, 0.08578657358884811, -0.016985135152935982)","(0.41866645216941833, 0.14393451809883118, -0.027453675866127014)","(0.4207383096218109, 0.19152913987636566, -0.03586574271321297)","(0.44919532537460327, 0.07781516015529633, -0.09549437463283539)","(0.4303244352340698, 0.17658260464668274, -0.08234097808599472)","(0.4268066883087158, 0.18401619791984558, -0.04214419797062874)","(0.4295659065246582, 0.17108793556690216, -0.011243420653045177)","(0.4789627194404602, 0.0907246470451355, -0.09494977444410324)","(0.45469754934310913, 0.19057424366474152, -0.07808820903301239)","(0.4474508464336395, 0.17768239974975586, -0.027988655492663383)","(0.4495874047279358, 0.1552760750055313, -0.001161685329861939)","(0.5044653415679932, 0.10581906139850616, -0.0872916653752327)","(0.4773363471031189, 0.18720188736915588, -0.06023906543850899)","(0.47030213475227356, 0.1661251187324524, -0.014984006062150002)","(0.47489604353904724, 0.14389349520206451, 0.001290505169890821)","(0.524720311164856, 0.1183418333530426, -0.07988881319761276)","(0.498706579208374, 0.17685478925704956, -0.05368736758828163)","(0.492276668548584, 0.1581559181213379, -0.027283966541290283)","(0.4983445107936859, 0.14083591103553772, -0.015279784798622131)",Release
1909,"(0.5056027173995972, 0.019781313836574554, -7.065897807478905e-05)","(0.4609009623527527, 0.03429150581359863, 0.0005511486087925732)","(0.42840731143951416, 0.07686947286128998, -0.020795980468392372)","(0.41403093934059143, 0.13308098912239075, -0.03377421945333481)","(0.41481706500053406, 0.17562013864517212, -0.04423200339078903)","(0.45034199953079224, 0.06988361477851868, -0.09444426000118256)","(0.4328334331512451, 0.17438623309135437, -0.08694793283939362)","(0.427396297454834, 0.1898684948682785, -0.051418837159872055)","(0.42828863859176636, 0.17967914044857025, -0.020475221797823906)","(0.4816198945045471, 0.08388791978359222, -0.09381134808063507)","(0.4575558602809906, 0.1899927854537964, -0.08234648406505585)","(0.44806957244873047, 0.18275673687458038, -0.03331221640110016)","(0.44825005531311035, 0.16135285794734955, -0.003286028979346156)","(0.5078319907188416, 0.09822890907526016, -0.08706986159086227)","(0.48000162839889526, 0.18753677606582642, -0.06286321580410004)","(0.47058412432670593, 0.1717912256717682, -0.017742285504937172)","(0.47332754731178284, 0.14852699637413025, 0.0019281975692138076)","(0.5282039642333984, 0.10905154049396515, -0.08056306093931198)","(0.5014370679855347, 0.17196562886238098, -0.05443580076098442)","(0.4933694303035736, 0.15811467170715332, -0.0277525894343853)","(0.49736908078193665, 0.14122483134269714, -0.013857736252248287)",Release
1910,"(0.5078389048576355, 0.024564549326896667, -6.939977174624801e-05)","(0.4628812372684479, 0.033075474202632904, 0.0007904323283582926)","(0.42935386300086975, 0.06722232699394226, -0.021728741005063057)","(0.41349366307258606, 0.11613315343856812, -0.03553355857729912)","(0.41223394870758057, 0.156187504529953, -0.04407542571425438)","(0.45133161544799805, 0.062373559921979904, -0.09866783022880554)","(0.4332214295864105, 0.16716234385967255, -0.09521736204624176)","(0.42652425169944763, 0.1908513903617859, -0.05963132530450821)","(0.42685723304748535, 0.18637779355049133, -0.028064360842108727)","(0.4817122220993042, 0.07774742692708969, -0.09878217428922653)","(0.4569385349750519, 0.18714740872383118, -0.09075825661420822)","(0.4470977187156677, 0.18173784017562866, -0.038245175033807755)","(0.4477492570877075, 0.15948376059532166, -0.005618036258965731)","(0.507609486579895, 0.09319164603948593, -0.09266347438097)","(0.4790259599685669, 0.18536293506622314, -0.07188151031732559)","(0.47043052315711975, 0.17165139317512512, -0.023733891546726227)","(0.47388535737991333, 0.14821508526802063, -0.0010030340636149049)","(0.5277551412582397, 0.10488414019346237, -0.08687595278024673)","(0.5013344883918762, 0.16781103610992432, -0.0627104640007019)","(0.4940582811832428, 0.1563246250152588, -0.034939877688884735)","(0.4983496069908142, 0.13978071510791779, -0.01994393765926361)",Release
1911,"(0.5023999214172363, 0.016607478260993958, -7.257836841745302e-05)","(0.4585379362106323, 0.02637767791748047, -0.0006120327743701637)","(0.4272780418395996, 0.06501775979995728, -0.019906388595700264)","(0.4119015038013458, 0.11536963284015656, -0.029511163011193275)","(0.40937912464141846, 0.15294533967971802, -0.034598883241415024)","(0.4502735435962677, 0.059452127665281296, -0.10355107486248016)","(0.43249794840812683, 0.16461117565631866, -0.1022522822022438)","(0.42506468296051025, 0.18402142822742462, -0.06611040979623795)","(0.4260719418525696, 0.17733411490917206, -0.03421247750520706)","(0.48149871826171875, 0.07474622130393982, -0.1015039011836052)","(0.45666155219078064, 0.18448764085769653, -0.09556600451469421)","(0.4478382468223572, 0.17876288294792175, -0.04181881621479988)","(0.4502291977405548, 0.1569385528564453, -0.007837144657969475)","(0.5077820420265198, 0.08997192233800888, -0.09321753680706024)","(0.47845834493637085, 0.18651613593101501, -0.07605163753032684)","(0.46925488114356995, 0.17300984263420105, -0.02650453895330429)","(0.47314202785491943, 0.14940446615219116, -0.0018810563487932086)","(0.5277096033096313, 0.1020064502954483, -0.08523618429899216)","(0.5009844303131104, 0.170267254114151, -0.06255470216274261)","(0.4924375116825104, 0.16049112379550934, -0.033623915165662766)","(0.49665969610214233, 0.14406521618366241, -0.016843808814883232)",Release
1912,"(0.5064824819564819, 0.021776936948299408, -4.703179729403928e-05)","(0.4620368778705597, 0.03324557840824127, 0.0005221739993430674)","(0.4309096038341522, 0.06354700028896332, -0.02071542851626873)","(0.41548359394073486, 0.10681303590536118, -0.032782621681690216)","(0.4118165373802185, 0.14425334334373474, -0.03770650923252106)","(0.45267292857170105, 0.05779394134879112, -0.10215923190116882)","(0.4353218674659729, 0.15659290552139282, -0.10496591776609421)","(0.4266861081123352, 0.1815180629491806, -0.0726671889424324)","(0.4251885414123535, 0.18033161759376526, -0.04355115070939064)","(0.48266851902008057, 0.07361003011465073, -0.10210609436035156)","(0.45926371216773987, 0.1794651448726654, -0.10124383121728897)","(0.4475732147693634, 0.18098625540733337, -0.05006098002195358)","(0.4473787844181061, 0.16232417523860931, -0.014784314669668674)","(0.5086948275566101, 0.08980619162321091, -0.09549428522586823)","(0.4812370240688324, 0.18116137385368347, -0.08167269080877304)","(0.4715422987937927, 0.17023281753063202, -0.0292375385761261)","(0.47425633668899536, 0.1464955061674118, -0.00042592681711539626)","(0.5286122560501099, 0.10230906307697296, -0.08970808982849121)","(0.502555787563324, 0.1656104475259781, -0.0697343721985817)","(0.49457114934921265, 0.15664353966712952, -0.03985027223825455)","(0.4980146884918213, 0.13945317268371582, -0.020002318546175957)",Release
1913,"(0.49889010190963745, 0.01468496024608612, -4.0152834117179736e-05)","(0.4572364091873169, 0.027682393789291382, -0.006132187787443399)","(0.4283818006515503, 0.06302911043167114, -0.028627566993236542)","(0.41430458426475525, 0.10700725764036179, -0.04097478464245796)","(0.4143778085708618, 0.14242029190063477, -0.04757090285420418)","(0.45251843333244324, 0.05574415251612663, -0.11235599964857101)","(0.43622514605522156, 0.15482893586158752, -0.12058813869953156)","(0.4281032383441925, 0.17709001898765564, -0.08990570157766342)","(0.4280828833580017, 0.17562392354011536, -0.06127205863595009)","(0.48383376002311707, 0.07114160060882568, -0.1091262549161911)","(0.46180063486099243, 0.1786709874868393, -0.11708730459213257)","(0.4511576294898987, 0.17984122037887573, -0.06762225180864334)","(0.45240116119384766, 0.16160175204277039, -0.031633298844099045)","(0.5101325511932373, 0.0858132541179657, -0.10047128796577454)","(0.4842713475227356, 0.18395347893238068, -0.0951155349612236)","(0.47201037406921387, 0.1722392439842224, -0.04602384194731712)","(0.4731649160385132, 0.14724749326705933, -0.01757459156215191)","(0.5288355350494385, 0.09624242782592773, -0.0929795354604721)","(0.5061109066009521, 0.16578127443790436, -0.07956206798553467)","(0.4960569143295288, 0.15807268023490906, -0.05349954217672348)","(0.4987313449382782, 0.14112162590026855, -0.03516774624586105)",Release
1914,"(0.4991319477558136, 0.01794034242630005, -3.953838313464075e-05)","(0.45860615372657776, 0.042335204780101776, -0.014536388218402863)","(0.43349283933639526, 0.07261672616004944, -0.043416086584329605)","(0.4216940999031067, 0.10897180438041687, -0.06180750951170921)","(0.4195387661457062, 0.14771033823490143, -0.07462165504693985)","(0.45433714985847473, 0.06197930872440338, -0.12080956995487213)","(0.4403214156627655, 0.1596224009990692, -0.1267198622226715)","(0.4328661262989044, 0.1784971058368683, -0.08764389157295227)","(0.4334660470485687, 0.1744595766067505, -0.05603281781077385)","(0.48363736271858215, 0.07353901863098145, -0.11865860223770142)","(0.46538230776786804, 0.17481720447540283, -0.12866024672985077)","(0.452379435300827, 0.1784784495830536, -0.08075021952390671)","(0.4518820643424988, 0.1644577533006668, -0.04792267829179764)","(0.5085758566856384, 0.08760417252779007, -0.10993310809135437)","(0.4900726079940796, 0.1766958236694336, -0.11060184240341187)","(0.47658228874206543, 0.17043113708496094, -0.06459114700555801)","(0.47575613856315613, 0.15029102563858032, -0.03704361617565155)","(0.526711642742157, 0.10035347938537598, -0.10343307256698608)","(0.5101836919784546, 0.16344869136810303, -0.10080800950527191)","(0.4996557831764221, 0.15817710757255554, -0.077985979616642)","(0.5002124905586243, 0.14215004444122314, -0.06134727597236633)",Reach
1915,"(0.5012986660003662, 0.020832329988479614, -2.9309911042219028e-05)","(0.4604016840457916, 0.04248847812414169, -0.016798196360468864)","(0.43582719564437866, 0.0734739899635315, -0.0452306866645813)","(0.42513683438301086, 0.11143814027309418, -0.06229197606444359)","(0.42524266242980957, 0.1504620909690857, -0.07324011623859406)","(0.45945754647254944, 0.06581126153469086, -0.11967979371547699)","(0.4459843635559082, 0.16163867712020874, -0.1258070170879364)","(0.4379066824913025, 0.17909404635429382, -0.08759007602930069)","(0.43723639845848083, 0.1747572273015976, -0.05613917112350464)","(0.4889947175979614, 0.07833510637283325, -0.1156146451830864)","(0.46982845664024353, 0.1790090799331665, -0.12412674725055695)","(0.4574548304080963, 0.18111282587051392, -0.07596462965011597)","(0.4578361511230469, 0.1655891090631485, -0.042883411049842834)","(0.513321578502655, 0.09276703000068665, -0.10558134317398071)","(0.49423694610595703, 0.1809512972831726, -0.1059175506234169)","(0.48048585653305054, 0.17312949895858765, -0.06057048588991165)","(0.4796254634857178, 0.15163177251815796, -0.033738892525434494)","(0.529947817325592, 0.10529822111129761, -0.09804923832416534)","(0.5134658813476562, 0.16808617115020752, -0.09488945454359055)","(0.5026544332504272, 0.1619323492050171, -0.07268423587083817)","(0.5032434463500977, 0.144269198179245, -0.05664697289466858)",Reach
1916,"(0.49950411915779114, 0.02461688220500946, -4.328307477408089e-05)","(0.4624902307987213, 0.05064360797405243, -0.022448623552918434)","(0.44247138500213623, 0.08675925433635712, -0.05183255299925804)","(0.4334002137184143, 0.12117909640073776, -0.06945450603961945)","(0.429383248090744, 0.15408506989479065, -0.08567174524068832)","(0.465604305267334, 0.07473239302635193, -0.11999698728322983)","(0.45478251576423645, 0.1577180027961731, -0.1373264044523239)","(0.44517651200294495, 0.1844790279865265, -0.11656323075294495)","(0.443472683429718, 0.19004091620445251, -0.0943768322467804)","(0.49405476450920105, 0.08804734796285629, -0.11213785409927368)","(0.4788203239440918, 0.18262597918510437, -0.12621580064296722)","(0.46796512603759766, 0.189913809299469, -0.09055456519126892)","(0.46772438287734985, 0.17841549217700958, -0.06219547986984253)","(0.516276478767395, 0.10284455865621567, -0.09913510084152222)","(0.5006720423698425, 0.19006508588790894, -0.1066826730966568)","(0.48816725611686707, 0.18328440189361572, -0.0679817646741867)","(0.48619386553764343, 0.1613864004611969, -0.03911545127630234)","(0.5294405817985535, 0.11491023749113083, -0.08877306431531906)","(0.5145084261894226, 0.18133500218391418, -0.08888891339302063)","(0.5047375559806824, 0.17660453915596008, -0.0669727623462677)","(0.5043715834617615, 0.15644234418869019, -0.04808087274432182)",Reach
1917,"(0.5028294920921326, 0.027621053159236908, -3.1254850910045207e-05)","(0.4774746894836426, 0.06031977757811546, -0.017019739374518394)","(0.46519842743873596, 0.10805698484182358, -0.04028748348355293)","(0.45849624276161194, 0.15087980031967163, -0.05419204756617546)","(0.4554808437824249, 0.18580588698387146, -0.06804222613573074)","(0.49581924080848694, 0.09209630638360977, -0.1128062903881073)","(0.4850837290287018, 0.1870207041501999, -0.12357407063245773)","(0.4700682759284973, 0.2128484547138214, -0.09409952908754349)","(0.4637392461299896, 0.21811670064926147, -0.06376013904809952)","(0.509667158126831, 0.09112007170915604, -0.10504128783941269)","(0.49454012513160706, 0.18954524397850037, -0.1218600645661354)","(0.47962453961372375, 0.21417446434497833, -0.08676740527153015)","(0.475151389837265, 0.21523237228393555, -0.05367777869105339)","(0.5171610713005066, 0.09860838949680328, -0.091953806579113)","(0.5022637844085693, 0.18614840507507324, -0.10617522895336151)","(0.48914092779159546, 0.2063959836959839, -0.07789452373981476)","(0.4837108254432678, 0.20365594327449799, -0.05000778287649155)","(0.518452525138855, 0.10957338660955429, -0.07771178334951401)","(0.5071784853935242, 0.17546212673187256, -0.0851408839225769)","(0.49820417165756226, 0.1950775384902954, -0.07049138844013214)","(0.49386391043663025, 0.1966969072818756, -0.05344277247786522)",Reach
1918,"(0.5073832273483276, 0.031428441405296326, -3.401401045266539e-05)","(0.5117227435112, 0.07753463089466095, -0.006639875005930662)","(0.5114919543266296, 0.12541618943214417, -0.02059403620660305)","(0.5109390616416931, 0.161293625831604, -0.029098741710186005)","(0.5105398297309875, 0.19074353575706482, -0.03560429438948631)","(0.518021285533905, 0.12068787962198257, -0.06750994175672531)","(0.518586277961731, 0.1770872175693512, -0.09137705713510513)","(0.5140358209609985, 0.2142680287361145, -0.09709008783102036)","(0.507787823677063, 0.24219974875450134, -0.09753207862377167)","(0.510642409324646, 0.11394567042589188, -0.06875263154506683)","(0.5008995532989502, 0.1764364093542099, -0.09596484899520874)","(0.4932017922401428, 0.216054767370224, -0.09744736552238464)","(0.48787379264831543, 0.24213182926177979, -0.09651564061641693)","(0.4999695420265198, 0.10780911147594452, -0.06657890230417252)","(0.484946608543396, 0.16804884374141693, -0.08835781365633011)","(0.47922176122665405, 0.20525279641151428, -0.0920211523771286)","(0.47666871547698975, 0.22903716564178467, -0.0906478688120842)","(0.4882614016532898, 0.10188493877649307, -0.06278622150421143)","(0.4736756682395935, 0.1460471749305725, -0.08099666982889175)","(0.468911349773407, 0.17469485104084015, -0.08755376935005188)","(0.46728888154029846, 0.19629958271980286, -0.09029697626829147)",Reach
1919,"(0, 0, 0)","(0, 0, 0)","(0, 0, 0)","(0, 0, 0)","(0, 0, 0)","(0, 0, 0)","(0, 0, 0)","(0, 0, 0)","(0, 0, 0)","(0, 0, 0)","(0, 0, 0)","(0, 0, 0)","(0, 0, 0)","(0, 0, 0)","(0, 0, 0)","(0, 0, 0)","(0, 0, 0)","(0, 0, 0)","(0, 0, 0)","(0, 0, 0)","(0, 0, 0)",Negative
1920,"(0.6319207549095154, 0.059863895177841187, -9.386528108734637e-05)","(0.5643625855445862, 0.09558898210525513, 0.002310169395059347)","(0.5253456234931946, 0.18190452456474304, -0.004278447944670916)","(0.5145185589790344, 0.27219703793525696, 0.0003038044960703701)","(0.5255178809165955, 0.3308219015598297, 0.009192352183163166)","(0.5631549954414368, 0.21831360459327698, -0.09563597291707993)","(0.5353971719741821, 0.3425137996673584, -0.06337645649909973)","(0.5360451936721802, 0.28931212425231934, -0.007749131880700588)","(0.5472673177719116, 0.24458390474319458, 0.022921185940504074)","(0.6031922101974487, 0.23332509398460388, -0.09020286053419113)","(0.5703279972076416, 0.3556845784187317, -0.057106342166662216)","(0.5666359066963196, 0.3050026297569275, -0.007972229272127151)","(0.5786191821098328, 0.2586572766304016, 0.009372732602059841)","(0.6356557607650757, 0.2383495271205902, -0.0760936290025711)","(0.5993150472640991, 0.3445589542388916, -0.03011625073850155)","(0.5934100151062012, 0.29735878109931946, 0.010442575439810753)","(0.606963574886322, 0.2555393576622009, 0.01489973347634077)","(0.6618908643722534, 0.23614823818206787, -0.0602773055434227)","(0.6279748678207397, 0.31191879510879517, -0.02429436706006527)","(0.6196112036705017, 0.2802062928676605, 0.000556067272555083)","(0.6286102533340454, 0.254172682762146, 0.004702206235378981)",Reach
1921,"(0.6671146750450134, 0.07867079973220825, -3.4004056942649186e-05)","(0.6007272601127625, 0.11342741549015045, -0.0057716830633580685)","(0.566353440284729, 0.20658212900161743, -0.015099303796887398)","(0.5541618466377258, 0.2985190749168396, -0.01142800971865654)","(0.5545956492424011, 0.37640130519866943, -0.010651746764779091)","(0.6076521277427673, 0.2639576494693756, -0.07203816622495651)","(0.5914102792739868, 0.3722100853919983, -0.03905384615063667)","(0.5786126852035522, 0.3637051582336426, 0.0017968545434996486)","(0.574120283126831, 0.3335651457309723, 0.027198895812034607)","(0.6445227265357971, 0.27590835094451904, -0.05700217932462692)","(0.6159089803695679, 0.3971337080001831, -0.01980401948094368)","(0.5959110260009766, 0.3885609805583954, 0.025038132444024086)","(0.5891583561897278, 0.3551383912563324, 0.05087210610508919)","(0.6729013919830322, 0.2765868008136749, -0.03591165691614151)","(0.6380531787872314, 0.3865446448326111, -0.0015920302830636501)","(0.6209115982055664, 0.37367740273475647, 0.03335848078131676)","(0.6179143786430359, 0.340839147567749, 0.05122584104537964)","(0.6937849521636963, 0.27142953872680664, -0.013412106782197952)","(0.6613576412200928, 0.3461407423019409, 0.011685607023537159)","(0.647068202495575, 0.33766990900039673, 0.042167045176029205)","(0.6469032764434814, 0.3147812485694885, 0.06403089314699173)",Reach
1922,"(0.6971968412399292, 0.11144952476024628, -5.240865721134469e-05)","(0.6305614709854126, 0.17440325021743774, -0.0063476418145000935)","(0.6036344766616821, 0.2749626636505127, -0.012219278141856194)","(0.5944026708602905, 0.359341561794281, -0.007565734907984734)","(0.5906078815460205, 0.43200087547302246, -0.007203410379588604)","(0.6520897746086121, 0.33183175325393677, -0.05449752137064934)","(0.6378663182258606, 0.434148371219635, -0.022971294820308685)","(0.6194518208503723, 0.4488474130630493, 0.010876425541937351)","(0.6076716184616089, 0.4326314926147461, 0.031327299773693085)","(0.6876502633094788, 0.3341345489025116, -0.038754191249608994)","(0.6656473875045776, 0.4489956796169281, -0.0006637973128817976)","(0.6433066129684448, 0.4509979486465454, 0.03617832809686661)","(0.6319654583930969, 0.42671334743499756, 0.055535152554512024)","(0.7142916917800903, 0.32748982310295105, -0.019145876169204712)","(0.6873024106025696, 0.4318898320198059, 0.013211778365075588)","(0.6693384051322937, 0.4310489892959595, 0.041248664259910583)","(0.6622999310493469, 0.4074120819568634, 0.056601546704769135)","(0.7330620288848877, 0.3151010572910309, 0.001447659102268517)","(0.7067005038261414, 0.39007890224456787, 0.024480149149894714)","(0.6919677257537842, 0.3888930380344391, 0.0511554554104805)","(0.6879478096961975, 0.37188661098480225, 0.07296603918075562)",Reach
1923,"(0.7297337651252747, 0.14506316184997559, -3.4470067475922406e-05)","(0.6668450832366943, 0.22960199415683746, -0.002761957235634327)","(0.6409320831298828, 0.33240818977355957, 0.0011120752897113562)","(0.6294221878051758, 0.4184406101703644, 0.013102220371365547)","(0.624224841594696, 0.48740559816360474, 0.02292471006512642)","(0.6924136877059937, 0.39298388361930847, -0.023720942437648773)","(0.6783015727996826, 0.4868454337120056, 0.019758325070142746)","(0.6650512218475342, 0.514812707901001, 0.058424804359674454)","(0.6553993821144104, 0.5176795125007629, 0.0841643214225769)","(0.727313756942749, 0.3907502293586731, -0.004988657310605049)","(0.7123412489891052, 0.49200189113616943, 0.042374659329652786)","(0.6934290528297424, 0.5182250142097473, 0.08234892785549164)","(0.6787740588188171, 0.5172706246376038, 0.10741445422172546)","(0.7538613080978394, 0.37780657410621643, 0.016604309901595116)","(0.736108124256134, 0.4724685549736023, 0.06067041680216789)","(0.7194328904151917, 0.49405843019485474, 0.09240640699863434)","(0.7070276737213135, 0.4906874895095825, 0.11113358289003372)","(0.7703331112861633, 0.35832130908966064, 0.03838321939110756)","(0.7527132034301758, 0.4302375912666321, 0.0682753399014473)","(0.7396857738494873, 0.4442419707775116, 0.09517557919025421)","(0.730016827583313, 0.440517783164978, 0.11779259145259857)",Reach
1924,"(0.7565329074859619, 0.18138374388217926, -6.764029967598617e-05)","(0.6974856853485107, 0.2980344593524933, -0.0002224967465735972)","(0.6742583513259888, 0.40863677859306335, 0.01299759279936552)","(0.6651473045349121, 0.4947741627693176, 0.032063305377960205)","(0.6613025665283203, 0.5667155981063843, 0.051462359726428986)","(0.7354848980903625, 0.4604969024658203, 0.00851310696452856)","(0.717795729637146, 0.5383777022361755, 0.06429626047611237)","(0.7017582058906555, 0.5627599358558655, 0.09952866286039352)","(0.6890964508056641, 0.5640719532966614, 0.11902608722448349)","(0.7677630186080933, 0.447940468788147, 0.030651086941361427)","(0.7532799243927002, 0.5374188423156738, 0.09587223827838898)","(0.7325060367584229, 0.5667626857757568, 0.13573378324508667)","(0.7151955366134644, 0.5669971108436584, 0.1581605076789856)","(0.7914125919342041, 0.4282631278038025, 0.05559830740094185)","(0.7760074138641357, 0.5122587084770203, 0.11082256585359573)","(0.7590020298957825, 0.5394986271858215, 0.13950155675411224)","(0.7434985041618347, 0.5389251708984375, 0.1565607488155365)","(0.804908812046051, 0.40546083450317383, 0.08013512194156647)","(0.7906292080879211, 0.46864748001098633, 0.11525757610797882)","(0.7785360813140869, 0.4903339445590973, 0.14067478477954865)","(0.767586886882782, 0.4927058815956116, 0.16313351690769196)",Reach
1925,"(0.7783312201499939, 0.22252832353115082, -5.642423639073968e-05)","(0.7220237851142883, 0.3586800694465637, 0.00932209100574255)","(0.7028830051422119, 0.4728547930717468, 0.027296990156173706)","(0.6974245309829712, 0.5635441541671753, 0.047164980322122574)","(0.6941179037094116, 0.6413930654525757, 0.06725813448429108)","(0.7612585425376892, 0.5165150761604309, 0.03873376175761223)","(0.746467649936676, 0.5851545333862305, 0.09209220111370087)","(0.7372099757194519, 0.6198621988296509, 0.1248665601015091)","(0.727120041847229, 0.6300595998764038, 0.14523881673812866)","(0.7937343716621399, 0.4956094026565552, 0.054841067641973495)","(0.7839016914367676, 0.5780233144760132, 0.11922061443328857)","(0.7666172385215759, 0.6172009110450745, 0.15326346457004547)","(0.7519189119338989, 0.6255953907966614, 0.17324884235858917)","(0.8175883293151855, 0.47044190764427185, 0.07378415763378143)","(0.8100011944770813, 0.5496513843536377, 0.1278427541255951)","(0.7954716086387634, 0.5838035941123962, 0.15573938190937042)","(0.7812294363975525, 0.5918608903884888, 0.17378169298171997)","(0.8317894339561462, 0.4469763934612274, 0.09124428033828735)","(0.8260740637779236, 0.5066953897476196, 0.13237364590168)","(0.8163655400276184, 0.534998893737793, 0.16067960858345032)","(0.80711829662323, 0.545955240726471, 0.18612422049045563)",Reach
1926,"(0.7970751523971558, 0.2678522765636444, -6.398461846401915e-05)","(0.7410751581192017, 0.40678080916404724, 0.015673983842134476)","(0.7228333353996277, 0.5276449918746948, 0.03908679634332657)","(0.7200607657432556, 0.6237471103668213, 0.06387054920196533)","(0.719059407711029, 0.700222373008728, 0.0880524069070816)","(0.7777655720710754, 0.5679672956466675, 0.05178399384021759)","(0.7649806141853333, 0.6214374303817749, 0.10457388311624527)","(0.7550461292266846, 0.6464775800704956, 0.13604897260665894)","(0.7437295913696289, 0.6495575308799744, 0.15529116988182068)","(0.8118492364883423, 0.5503355264663696, 0.06248599663376808)","(0.8044577836990356, 0.6206856369972229, 0.12218358367681503)","(0.7886648774147034, 0.6559472680091858, 0.14812050759792328)","(0.7752780914306641, 0.6599487066268921, 0.16083279252052307)","(0.8363006114959717, 0.5261964797973633, 0.07774452120065689)","(0.8324120044708252, 0.5931044220924377, 0.1275199055671692)","(0.8166194558143616, 0.6202191710472107, 0.15343762934207916)","(0.8023442029953003, 0.6233141422271729, 0.16677826642990112)","(0.8513650298118591, 0.5046443343162537, 0.09063910692930222)","(0.8459628224372864, 0.5566459894180298, 0.13056150078773499)","(0.835317075252533, 0.5757445693016052, 0.15736429393291473)","(0.8265995383262634, 0.5817304849624634, 0.1793912649154663)",Reach
1927,"(0.8111520409584045, 0.3111667037010193, -6.433492671931162e-05)","(0.7544587254524231, 0.4425004720687866, 0.02000824175775051)","(0.7363725900650024, 0.5626214742660522, 0.04578341543674469)","(0.7332273721694946, 0.6593510508537292, 0.07163643836975098)","(0.7298480272293091, 0.7320502996444702, 0.09817077964544296)","(0.7900807857513428, 0.6138555407524109, 0.0616636648774147)","(0.771988570690155, 0.6557913422584534, 0.12314630299806595)","(0.7596227526664734, 0.663779079914093, 0.15614177286624908)","(0.7492675185203552, 0.6506142616271973, 0.1717638075351715)","(0.8232337832450867, 0.5970455408096313, 0.07027126103639603)","(0.8085150122642517, 0.6538922786712646, 0.13353444635868073)","(0.7925203442573547, 0.6717355847358704, 0.1547250598669052)","(0.7816136479377747, 0.661079466342926, 0.16057370603084564)","(0.8453695178031921, 0.5726054906845093, 0.08433056622743607)","(0.8345203399658203, 0.6262534856796265, 0.13665978610515594)","(0.8206900358200073, 0.6373276710510254, 0.15854595601558685)","(0.8099420666694641, 0.6270601749420166, 0.16597594320774078)","(0.8590003252029419, 0.550072193145752, 0.09544136375188828)","(0.8521803021430969, 0.5950103998184204, 0.13832055032253265)","(0.8425645232200623, 0.6055159568786621, 0.16188926994800568)","(0.8369309306144714, 0.601948618888855, 0.17817422747612)",Reach
1928,"(0.8165534138679504, 0.3500043749809265, -5.978050012345193e-06)","(0.7601832151412964, 0.47154656052589417, 0.01533864252269268)","(0.7421869039535522, 0.5854061245918274, 0.032482828944921494)","(0.7387345433235168, 0.6812179684638977, 0.05194129794836044)","(0.7389482259750366, 0.753743588924408, 0.07174387574195862)","(0.7862070798873901, 0.6380705833435059, 0.04213446006178856)","(0.7730262875556946, 0.672736644744873, 0.09356138110160828)","(0.7695898413658142, 0.6813441514968872, 0.12120185792446136)","(0.7648757100105286, 0.6727779507637024, 0.13496680557727814)","(0.821178138256073, 0.6284336447715759, 0.04704252630472183)","(0.8128286600112915, 0.6724565029144287, 0.09753929078578949)","(0.8033770322799683, 0.6831304430961609, 0.11510307341814041)","(0.7960845232009888, 0.675604522228241, 0.1185213029384613)","(0.8472856879234314, 0.6108145117759705, 0.057199571281671524)","(0.8422977924346924, 0.6547999978065491, 0.09919121861457825)","(0.8306189179420471, 0.6617064476013184, 0.12211748957633972)","(0.8197921514511108, 0.6535181403160095, 0.1309077888727188)","(0.865676999092102, 0.5901579856872559, 0.06373972445726395)","(0.8595386147499084, 0.632152795791626, 0.1004256159067154)","(0.8505353927612305, 0.6418600082397461, 0.1258985847234726)","(0.8443232774734497, 0.642662763595581, 0.14348310232162476)",Reach
1929,"(0.8179160952568054, 0.3681395351886749, 1.7457364265283104e-06)","(0.764970064163208, 0.486576110124588, 0.024068398401141167)","(0.7478471398353577, 0.5998044013977051, 0.0302907582372427)","(0.746412992477417, 0.698612630367279, 0.036555565893650055)","(0.7485489249229431, 0.7835482358932495, 0.038895465433597565)","(0.7645251154899597, 0.6023511290550232, -0.02217259258031845)","(0.7675428986549377, 0.6585500836372375, -0.018645796924829483)","(0.7748205661773682, 0.6946494579315186, -0.013008290901780128)","(0.7787246704101562, 0.7212674617767334, -0.009002422913908958)","(0.7967446446418762, 0.5889516472816467, -0.03347132354974747)","(0.8074795603752136, 0.6553199291229248, -0.03969855606555939)","(0.8143490552902222, 0.6945272088050842, -0.03583257272839546)","(0.8176959156990051, 0.7218163013458252, -0.03562884032726288)","(0.827221155166626, 0.5700885057449341, -0.03911091014742851)","(0.8419234752655029, 0.6395371556282043, -0.04153072461485863)","(0.847235918045044, 0.6689580678939819, -0.037190992385149)","(0.8478997945785522, 0.6836897134780884, -0.03807812184095383)","(0.8529587388038635, 0.5476537942886353, -0.041643403470516205)","(0.8645387887954712, 0.608519971370697, -0.04166850075125694)","(0.8700759410858154, 0.6376407742500305, -0.03912710025906563)","(0.873767614364624, 0.6541611552238464, -0.039805859327316284)",Reach
1930,"(0.8149140477180481, 0.3895236551761627, 1.7199592548422515e-05)","(0.7665852308273315, 0.5200819969177246, 0.03865421935915947)","(0.752263605594635, 0.6363165378570557, 0.058831218630075455)","(0.7489321827888489, 0.7304463982582092, 0.07502615451812744)","(0.7512572407722473, 0.8085947632789612, 0.08721797913312912)","(0.759055495262146, 0.63200843334198, 0.03395223245024681)","(0.7686984539031982, 0.7073167562484741, 0.05316386744379997)","(0.7777100205421448, 0.7600725889205933, 0.07254050672054291)","(0.7837876081466675, 0.7956326007843018, 0.08779241144657135)","(0.7874017357826233, 0.6096299290657043, 0.022958289831876755)","(0.8077846169471741, 0.7057783007621765, 0.03702594339847565)","(0.815528929233551, 0.7550293207168579, 0.052904073148965836)","(0.8187813758850098, 0.7803409099578857, 0.0656566247344017)","(0.8169429898262024, 0.5861567258834839, 0.015758223831653595)","(0.840270459651947, 0.6809004545211792, 0.03041740320622921)","(0.8467547297477722, 0.726177990436554, 0.044719353318214417)","(0.8456400632858276, 0.7503365874290466, 0.05454506352543831)","(0.8441956043243408, 0.5639320015907288, 0.011710291728377342)","(0.862522304058075, 0.6414015293121338, 0.023360397666692734)","(0.8685527443885803, 0.6837599873542786, 0.030746208503842354)","(0.8686926960945129, 0.7091078758239746, 0.038495637476444244)",Reach
1931,"(0.8168109059333801, 0.4176267981529236, -5.158486146683572e-06)","(0.7666650414466858, 0.5483773946762085, 0.03028208576142788)","(0.7519819736480713, 0.6660391092300415, 0.052939318120479584)","(0.7515579462051392, 0.7607115507125854, 0.0746840238571167)","(0.7598808407783508, 0.8318614959716797, 0.09291192889213562)","(0.7664501070976257, 0.6870005130767822, 0.05572142452001572)","(0.7796030640602112, 0.7578878402709961, 0.09308905899524689)","(0.7830833196640015, 0.7925889492034912, 0.12341558933258057)","(0.7835749983787537, 0.808549165725708, 0.14524906873703003)","(0.7974271178245544, 0.6680740118026733, 0.054963573813438416)","(0.8168324828147888, 0.7532406449317932, 0.0941503643989563)","(0.8139160871505737, 0.7808049917221069, 0.11919455975294113)","(0.8087031841278076, 0.7855939865112305, 0.13618826866149902)","(0.8259375691413879, 0.6454579830169678, 0.05764346569776535)","(0.8457425236701965, 0.7316371202468872, 0.09410376846790314)","(0.8402020931243896, 0.755352795124054, 0.12152937799692154)","(0.8312368392944336, 0.7584156394004822, 0.13915301859378815)","(0.8503896594047546, 0.6237215399742126, 0.06068737804889679)","(0.8647962808609009, 0.6941691637039185, 0.0910751149058342)","(0.8616428375244141, 0.7223690748214722, 0.11382579803466797)","(0.8554615378379822, 0.7316849231719971, 0.13252893090248108)",Reach
1932,"(0.8137670755386353, 0.4352560341358185, -3.109817407676019e-05)","(0.7653928399085999, 0.5674758553504944, 0.029983393847942352)","(0.7531358599662781, 0.6754487156867981, 0.051018595695495605)","(0.7589170932769775, 0.7606422901153564, 0.07159754633903503)","(0.7714089155197144, 0.8219163417816162, 0.09009124338626862)","(0.7506271600723267, 0.6811569333076477, 0.02561930939555168)","(0.7608081102371216, 0.7682422399520874, 0.05395876616239548)","(0.7732641100883484, 0.8212369084358215, 0.07940775156021118)","(0.7820101380348206, 0.8562659025192261, 0.09619225561618805)","(0.7829595804214478, 0.6656213998794556, 0.02242143824696541)","(0.799860954284668, 0.7611479759216309, 0.04670822620391846)","(0.808265209197998, 0.8102176189422607, 0.06772461533546448)","(0.8118246793746948, 0.8357005715370178, 0.0830397680401802)","(0.815782904624939, 0.6495047807693481, 0.02452145144343376)","(0.8360269665718079, 0.7433120608329773, 0.04957401379942894)","(0.8378322124481201, 0.7829232215881348, 0.06849126517772675)","(0.833829939365387, 0.7987882494926453, 0.08344370871782303)","(0.8452049493789673, 0.6348361968994141, 0.027957487851381302)","(0.8591040372848511, 0.7120285630226135, 0.04952288046479225)","(0.8588440418243408, 0.7455030679702759, 0.06704229861497879)","(0.8544136881828308, 0.7583857178688049, 0.08314155042171478)",Reach
1933,"(0.8061579465866089, 0.44846266508102417, -6.549289537360892e-05)","(0.7699049115180969, 0.5825828909873962, 0.03037337027490139)","(0.7593227028846741, 0.696125328540802, 0.032378412783145905)","(0.7664144039154053, 0.7889331579208374, 0.030579110607504845)","(0.7797456383705139, 0.8600805997848511, 0.025572918355464935)","(0.7436867952346802, 0.6656432747840881, -0.020160991698503494)","(0.7563405632972717, 0.7611881494522095, -0.029906289651989937)","(0.7706555724143982, 0.8243974447250366, -0.026403235271573067)","(0.7828805446624756, 0.8711652159690857, -0.019558150321245193)","(0.7706103324890137, 0.6389908790588379, -0.038576506078243256)","(0.7893866300582886, 0.748111367225647, -0.052223943173885345)","(0.8026480674743652, 0.8142014145851135, -0.0468386746942997)","(0.8142676949501038, 0.8517026305198669, -0.041427791118621826)","(0.8012232780456543, 0.6167557239532471, -0.051761046051979065)","(0.8230589628219604, 0.7238094806671143, -0.057003721594810486)","(0.8320711255073547, 0.7865064740180969, -0.05214503034949303)","(0.836948812007904, 0.8192749619483948, -0.048316840082407)","(0.8308585286140442, 0.6000934839248657, -0.06219596788287163)","(0.8482282757759094, 0.6917971968650818, -0.05822485685348511)","(0.8530356884002686, 0.7419933676719666, -0.05273681506514549)","(0.8544594049453735, 0.7684310674667358, -0.050208088010549545)",Reach
1934,"(0.7983410358428955, 0.461452841758728, -1.7812668374972418e-05)","(0.7605802416801453, 0.5879282355308533, 0.034125957638025284)","(0.752074658870697, 0.6961113214492798, 0.03700976446270943)","(0.7598910927772522, 0.7828384637832642, 0.037422750145196915)","(0.7734655737876892, 0.8457652926445007, 0.037038110196590424)","(0.7404213547706604, 0.6899781823158264, -0.013346313498914242)","(0.7571060657501221, 0.7890321612358093, -0.017215322703123093)","(0.7698400020599365, 0.8475908041000366, -0.005470448173582554)","(0.7804761528968811, 0.8863083124160767, 0.00593754556030035)","(0.7667353749275208, 0.6655392646789551, -0.030079824849963188)","(0.7901936173439026, 0.7796213626861572, -0.036321353167295456)","(0.8018581867218018, 0.8349243402481079, -0.020445210859179497)","(0.8100236058235168, 0.8599433898925781, -0.0043055168353021145)","(0.7965251207351685, 0.6451330184936523, -0.040910396724939346)","(0.8213655352592468, 0.7560673952102661, -0.03973081707954407)","(0.82886803150177, 0.8032267093658447, -0.020971814170479774)","(0.8296971917152405, 0.8187985420227051, -0.0032209332566708326)","(0.8250119686126709, 0.6281079649925232, -0.048901382833719254)","(0.8453320264816284, 0.7222999334335327, -0.04108031094074249)","(0.8497107625007629, 0.7618270516395569, -0.026520444080233574)","(0.8478942513465881, 0.7762172222137451, -0.010920185595750809)",Grasp
1935,"(0.7946850657463074, 0.4800996780395508, -1.6339061403414235e-05)","(0.7580809593200684, 0.6074424982070923, 0.026445314288139343)","(0.7488988041877747, 0.7152040600776672, 0.0326242595911026)","(0.7582295536994934, 0.8044382333755493, 0.03801646828651428)","(0.7727763056755066, 0.8691784143447876, 0.041538920253515244)","(0.7391319274902344, 0.7121118307113647, 0.023443780839443207)","(0.7583354711532593, 0.7966679334640503, 0.035922277718782425)","(0.7714871168136597, 0.844959020614624, 0.05090196803212166)","(0.7804850339889526, 0.8747376203536987, 0.06223411485552788)","(0.7662644386291504, 0.6892638206481934, 0.011547870934009552)","(0.7926746010780334, 0.7920829653739929, 0.021372798830270767)","(0.8031113147735596, 0.8347144722938538, 0.03547142073512077)","(0.8085521459579468, 0.8487445116043091, 0.04667221009731293)","(0.7951745986938477, 0.6669789552688599, 0.003084871219471097)","(0.8216559886932373, 0.7676503658294678, 0.015181932598352432)","(0.826938271522522, 0.8061494827270508, 0.03195782005786896)","(0.8243391513824463, 0.8158950209617615, 0.04589308425784111)","(0.8211244344711304, 0.6472108960151672, -0.005124734714627266)","(0.8406211137771606, 0.7305715680122375, 0.009404988959431648)","(0.843404233455658, 0.7638213038444519, 0.02646671049296856)","(0.8399640917778015, 0.773076057434082, 0.04151016101241112)",Grasp
1936,"(0.790927529335022, 0.49783679842948914, -1.2319245797698386e-05)","(0.7483031749725342, 0.6181937456130981, 0.016536260023713112)","(0.7394306659698486, 0.7236492037773132, 0.02198382280766964)","(0.7502179145812988, 0.8131016492843628, 0.029400110244750977)","(0.7682830095291138, 0.8773971199989319, 0.0352630652487278)","(0.742569088935852, 0.7340272665023804, 0.02265136130154133)","(0.7628766298294067, 0.8148868680000305, 0.03975757583975792)","(0.7700257897377014, 0.8536398410797119, 0.05726897343993187)","(0.7737796306610107, 0.8741315007209778, 0.07075854390859604)","(0.7741621732711792, 0.7167748808860779, 0.0195783581584692)","(0.7989884614944458, 0.8103248476982117, 0.04049374908208847)","(0.800854504108429, 0.8396329283714294, 0.062025222927331924)","(0.7978136539459229, 0.8441465497016907, 0.07787209749221802)","(0.8045022487640381, 0.697298526763916, 0.019179916009306908)","(0.8274755477905273, 0.7915350198745728, 0.03924396261572838)","(0.8230535387992859, 0.8145915269851685, 0.06200211122632027)","(0.8127205967903137, 0.8122842311859131, 0.08043189346790314)","(0.829835057258606, 0.678376317024231, 0.018173834308981895)","(0.8451933860778809, 0.7531516551971436, 0.035554155707359314)","(0.8408199548721313, 0.7757995128631592, 0.05650773271918297)","(0.8309860229492188, 0.7746612429618835, 0.0760623887181282)",Grasp
1937,"(0.7866896986961365, 0.5192104578018188, -1.9208087906008586e-05)","(0.7402840852737427, 0.6343487501144409, 0.014522850513458252)","(0.7325137853622437, 0.7352650165557861, 0.023934997618198395)","(0.7437078952789307, 0.8187416195869446, 0.036146264523267746)","(0.7621889710426331, 0.878515362739563, 0.04591888189315796)","(0.7493812441825867, 0.7625666260719299, 0.02265792526304722)","(0.7680761814117432, 0.8376133441925049, 0.05313504487276077)","(0.7722978591918945, 0.8602542877197266, 0.08013187348842621)","(0.7724787592887878, 0.861153781414032, 0.10024706274271011)","(0.7820967435836792, 0.7452028393745422, 0.026528917253017426)","(0.8008007407188416, 0.8265129923820496, 0.06159403920173645)","(0.7976657748222351, 0.8401249051094055, 0.08958230912685394)","(0.7907841801643372, 0.8335038423538208, 0.10932713001966476)","(0.8106132745742798, 0.7237890362739563, 0.03368720784783363)","(0.8276505470275879, 0.8047785758972168, 0.06730636209249496)","(0.8191896080970764, 0.8165372610092163, 0.095458023250103)","(0.8076844811439514, 0.8091791272163391, 0.1135406494140625)","(0.8333582282066345, 0.7019734382629395, 0.03950803726911545)","(0.8430942893028259, 0.7671781182289124, 0.0692470446228981)","(0.8346880674362183, 0.7822154760360718, 0.09300243854522705)","(0.8240327835083008, 0.7777673006057739, 0.11343108117580414)",Grasp
1938,"(0.7779546976089478, 0.5490753054618835, -2.754303022811655e-05)","(0.7277194261550903, 0.6668934226036072, 0.03109024092555046)","(0.7228471636772156, 0.7712250351905823, 0.05270214378833771)","(0.7419326305389404, 0.8517128229141235, 0.07228641211986542)","(0.7646288275718689, 0.8962936401367188, 0.08643873780965805)","(0.7628697156906128, 0.8354397416114807, 0.06201323866844177)","(0.7726653814315796, 0.8692509531974792, 0.11695756018161774)","(0.7635853290557861, 0.8445806503295898, 0.14914582669734955)","(0.7566085457801819, 0.8066127300262451, 0.16431836783885956)","(0.7974523305892944, 0.8123552203178406, 0.06034252792596817)","(0.7988432049751282, 0.8482015132904053, 0.12263176590204239)","(0.7853395342826843, 0.82673579454422, 0.14350557327270508)","(0.7775878310203552, 0.793144941329956, 0.14806103706359863)","(0.8236470222473145, 0.7801360487937927, 0.06193970888853073)","(0.8227705955505371, 0.8232606053352356, 0.11422310769557953)","(0.8060899376869202, 0.8018856644630432, 0.1312820464372635)","(0.7946851849555969, 0.7697603702545166, 0.1321878880262375)","(0.8428235054016113, 0.7457525730133057, 0.06403157114982605)","(0.8358612060546875, 0.7817172408103943, 0.10577687621116638)","(0.823174238204956, 0.7644131183624268, 0.12261682003736496)","(0.815438449382782, 0.7393560409545898, 0.1324525624513626)",Grasp
1939,"(0.7671151161193848, 0.5792322754859924, -5.288276224746369e-05)","(0.7213131785392761, 0.6964134573936462, 0.04191093519330025)","(0.7219383716583252, 0.7897555232048035, 0.07083576917648315)","(0.7449174523353577, 0.8551026582717896, 0.09865039587020874)","(0.7652056813240051, 0.8874260187149048, 0.1203760877251625)","(0.7706494331359863, 0.8817019462585449, 0.049666907638311386)","(0.768683910369873, 0.8905943036079407, 0.12096484750509262)","(0.7615255117416382, 0.8579402565956116, 0.1617950052022934)","(0.7548799514770508, 0.8222198486328125, 0.17673510313034058)","(0.8052564859390259, 0.8579965829849243, 0.04760068655014038)","(0.7945160269737244, 0.8606170415878296, 0.13114696741104126)","(0.7825830578804016, 0.8317699432373047, 0.15629349648952484)","(0.7748582363128662, 0.8002582788467407, 0.1535811871290207)","(0.8287996053695679, 0.8191702365875244, 0.05184180662035942)","(0.8147074580192566, 0.8240489959716797, 0.12340819090604782)","(0.8002439737319946, 0.7996465563774109, 0.14059092104434967)","(0.7902607321739197, 0.7759103775024414, 0.13179321587085724)","(0.8436589241027832, 0.7770426273345947, 0.05749477446079254)","(0.82676100730896, 0.7820900678634644, 0.10664618760347366)","(0.8142173290252686, 0.761964738368988, 0.12128807604312897)","(0.808037519454956, 0.7437438368797302, 0.12143704295158386)",Grasp
1940,"(0.7627740502357483, 0.601520299911499, -5.2777577366214246e-05)","(0.7207649350166321, 0.705522358417511, 0.04746147245168686)","(0.7230355739593506, 0.7900561094284058, 0.07912156730890274)","(0.7488970756530762, 0.8455288410186768, 0.10745222866535187)","(0.7697533369064331, 0.869958221912384, 0.1338796317577362)","(0.7673088312149048, 0.8928211331367493, 0.045292504131793976)","(0.7727906703948975, 0.9034724831581116, 0.11738341301679611)","(0.7668125629425049, 0.8715671300888062, 0.1603550910949707)","(0.7578969597816467, 0.8388721346855164, 0.17838913202285767)","(0.8018748760223389, 0.8692877292633057, 0.04288153350353241)","(0.7989524602890015, 0.8667142391204834, 0.1310228407382965)","(0.7881038784980774, 0.8389044404029846, 0.16001135110855103)","(0.7782371640205383, 0.8118430376052856, 0.157369002699852)","(0.8251315355300903, 0.8259943127632141, 0.04775995388627052)","(0.8181256055831909, 0.8221415281295776, 0.12468212842941284)","(0.8045921325683594, 0.8003860116004944, 0.14041432738304138)","(0.7925834059715271, 0.780524730682373, 0.1290161907672882)","(0.840546727180481, 0.7781198620796204, 0.05462507903575897)","(0.8288246393203735, 0.7791279554367065, 0.10894761234521866)","(0.8164483904838562, 0.7612980008125305, 0.12268931418657303)","(0.8085167407989502, 0.7456521987915039, 0.11971116811037064)",Grasp
1941,"(0.7581130266189575, 0.6119105815887451, -8.588726632297039e-05)","(0.7166278958320618, 0.7080959677696228, 0.049518950283527374)","(0.7214664816856384, 0.7893677353858948, 0.07903183251619339)","(0.7477030158042908, 0.8432422876358032, 0.10523618757724762)","(0.7658576965332031, 0.8692731857299805, 0.1302153766155243)","(0.7660920023918152, 0.8892905712127686, 0.04070929065346718)","(0.7688227295875549, 0.9025712013244629, 0.1064954400062561)","(0.7609919905662537, 0.8669905066490173, 0.14218951761722565)","(0.7540987133979797, 0.8339446187019348, 0.154882550239563)","(0.7997850179672241, 0.866723895072937, 0.03520909324288368)","(0.7946155071258545, 0.8670767545700073, 0.11660509556531906)","(0.7835873961448669, 0.8401325941085815, 0.14316783845424652)","(0.7756325602531433, 0.8119828701019287, 0.1407710462808609)","(0.822540819644928, 0.8242334723472595, 0.03800506517291069)","(0.81389981508255, 0.8200200796127319, 0.111270010471344)","(0.8010672926902771, 0.7999714016914368, 0.12267466634511948)","(0.7913030385971069, 0.7786613702774048, 0.1079319640994072)","(0.8388620615005493, 0.7762811779975891, 0.043965164572000504)","(0.8277368545532227, 0.7779280543327332, 0.09683375060558319)","(0.8161240220069885, 0.7610215544700623, 0.10992717742919922)","(0.8096160292625427, 0.7439531683921814, 0.10504945367574692)",Grasp
1942,"(0.7575742602348328, 0.6198705434799194, -7.710907084401697e-05)","(0.7164791822433472, 0.7112848162651062, 0.041580744087696075)","(0.7209382057189941, 0.792186439037323, 0.06554938852787018)","(0.7466803193092346, 0.8482426404953003, 0.08876268565654755)","(0.764293909072876, 0.8762725591659546, 0.10957415401935577)","(0.7678929567337036, 0.8837125301361084, 0.028633251786231995)","(0.7623983025550842, 0.9010716676712036, 0.09475081413984299)","(0.7530295848846436, 0.864520788192749, 0.13168218731880188)","(0.7483498454093933, 0.8319521546363831, 0.14474175870418549)","(0.8021507859230042, 0.8617319464683533, 0.026774931699037552)","(0.7903258204460144, 0.8689408898353577, 0.10432370007038116)","(0.7784520983695984, 0.8421372175216675, 0.130038321018219)","(0.7723678350448608, 0.8118912577629089, 0.12825779616832733)","(0.8241795301437378, 0.8205301761627197, 0.033559732139110565)","(0.8113845586776733, 0.824966549873352, 0.10520006716251373)","(0.7983923554420471, 0.8048437833786011, 0.11757449060678482)","(0.7899960279464722, 0.7811024188995361, 0.10395080596208572)","(0.8389495611190796, 0.7737016677856445, 0.043115369975566864)","(0.8241438865661621, 0.7842680215835571, 0.09708418697118759)","(0.8129810690879822, 0.7679396867752075, 0.1116006076335907)","(0.80864417552948, 0.7488714456558228, 0.10773974657058716)",Grasp
1943,"(0.7599539756774902, 0.6261261105537415, -5.580346623901278e-05)","(0.7154794335365295, 0.7109588980674744, 0.036249417811632156)","(0.7154350876808167, 0.793695867061615, 0.05692838132381439)","(0.7400506734848022, 0.8540947437286377, 0.07889623939990997)","(0.7597653865814209, 0.8828946352005005, 0.09665161371231079)","(0.7672157883644104, 0.8829472064971924, 0.022020915523171425)","(0.759465217590332, 0.8999025821685791, 0.08947725594043732)","(0.749211311340332, 0.8629381656646729, 0.1263371706008911)","(0.7447289228439331, 0.8299320936203003, 0.13862000405788422)","(0.80259770154953, 0.8614802360534668, 0.02325090765953064)","(0.7870893478393555, 0.8686665296554565, 0.09818284213542938)","(0.775088906288147, 0.8405458331108093, 0.12131013721227646)","(0.7699005007743835, 0.807472288608551, 0.11815518140792847)","(0.8256649374961853, 0.8203314542770386, 0.03321973606944084)","(0.8082926869392395, 0.8235679268836975, 0.10388161987066269)","(0.7954400777816772, 0.8025715351104736, 0.11404599994421005)","(0.7880667448043823, 0.777474045753479, 0.09760881215333939)","(0.8413901925086975, 0.7741065621376038, 0.04590413346886635)","(0.8217875361442566, 0.7846853733062744, 0.10026015341281891)","(0.8104569911956787, 0.768183171749115, 0.11344869434833527)","(0.8076906204223633, 0.7492007613182068, 0.10742438584566116)",Grasp
1944,"(0.7602900862693787, 0.6349608898162842, -3.404908784432337e-05)","(0.7170030474662781, 0.7160361409187317, 0.042965322732925415)","(0.7132759094238281, 0.7950180172920227, 0.0713869109749794)","(0.7306805849075317, 0.8525384068489075, 0.09904586523771286)","(0.7458007335662842, 0.8831887245178223, 0.12505656480789185)","(0.762888491153717, 0.883187472820282, 0.04271458834409714)","(0.7627313733100891, 0.9084996581077576, 0.11129727959632874)","(0.7554827332496643, 0.8890460729598999, 0.15229888260364532)","(0.7476727366447449, 0.8655984401702881, 0.17169134318828583)","(0.7979980707168579, 0.8642629981040955, 0.0420764721930027)","(0.7898971438407898, 0.872029185295105, 0.12131437659263611)","(0.7790383100509644, 0.8476862907409668, 0.1510770469903946)","(0.7717724442481995, 0.8207030296325684, 0.15521465241909027)","(0.8219609260559082, 0.8231704831123352, 0.04932071268558502)","(0.8109164237976074, 0.8275604844093323, 0.11942422389984131)","(0.7976568937301636, 0.8080924153327942, 0.13613130152225494)","(0.78840571641922, 0.7872180938720703, 0.12855133414268494)","(0.8393294215202332, 0.7752577066421509, 0.05837475508451462)","(0.8278096914291382, 0.7880684733390808, 0.11071563512086868)","(0.8154596090316772, 0.7735769152641296, 0.12515203654766083)","(0.808681845664978, 0.7564806938171387, 0.12319137156009674)",Grasp
1945,"(0.7609373927116394, 0.6384732723236084, -4.4754651753464714e-05)","(0.715715229511261, 0.7223830819129944, 0.04977545887231827)","(0.7127995491027832, 0.8033016920089722, 0.08215753734111786)","(0.7287936210632324, 0.8596926927566528, 0.11317536234855652)","(0.7403627634048462, 0.8888242244720459, 0.14160729944705963)","(0.7666510939598083, 0.8917223811149597, 0.0487428642809391)","(0.7644121050834656, 0.911205530166626, 0.12387849390506744)","(0.75608229637146, 0.8853642344474792, 0.16284164786338806)","(0.7495371699333191, 0.8567506670951843, 0.17719320952892303)","(0.8018285036087036, 0.869284987449646, 0.046369023621082306)","(0.7916355133056641, 0.8724469542503357, 0.1308104693889618)","(0.7816663980484009, 0.8483222126960754, 0.15730799734592438)","(0.7750345468521118, 0.8195645213127136, 0.15744073688983917)","(0.8251371383666992, 0.8257255554199219, 0.05391518771648407)","(0.8127987384796143, 0.8277201652526855, 0.12835171818733215)","(0.800173819065094, 0.8081616163253784, 0.14178623259067535)","(0.7910408973693848, 0.7860808372497559, 0.13105656206607819)","(0.8415049910545349, 0.7777717709541321, 0.06438275426626205)","(0.8274086117744446, 0.7885521650314331, 0.11978281289339066)","(0.8153420090675354, 0.7735752463340759, 0.13610194623470306)","(0.8094785809516907, 0.7563803791999817, 0.13513825833797455)",Grasp
1946,"(0.7571168541908264, 0.6383754014968872, -4.9374564696336165e-05)","(0.7129307985305786, 0.719042181968689, 0.045038290321826935)","(0.7101236581802368, 0.8012605309486389, 0.07286223024129868)","(0.7238181233406067, 0.8566874861717224, 0.10155598819255829)","(0.7316544651985168, 0.8851574063301086, 0.1277577131986618)","(0.7710441946983337, 0.8924041986465454, 0.035773325711488724)","(0.7584084868431091, 0.9015270471572876, 0.10924812406301498)","(0.7488183379173279, 0.8671905994415283, 0.14256343245506287)","(0.7454707026481628, 0.8360010385513306, 0.14905546605587006)","(0.8056744933128357, 0.8690759539604187, 0.0344066359102726)","(0.7862616777420044, 0.8680436015129089, 0.11245442181825638)","(0.7752845883369446, 0.8409842252731323, 0.13102731108665466)","(0.7703002095222473, 0.8091015815734863, 0.12530383467674255)","(0.8271088600158691, 0.8242668509483337, 0.04414638131856918)","(0.8089561462402344, 0.8259578943252563, 0.11461115628480911)","(0.7957628965377808, 0.8051115870475769, 0.12358258664608002)","(0.788078248500824, 0.7811415791511536, 0.10989725589752197)","(0.8413886427879333, 0.7744791507720947, 0.057025179266929626)","(0.8233868479728699, 0.7859209179878235, 0.11010048538446426)","(0.8115077018737793, 0.7690422534942627, 0.12610824406147003)","(0.8071984648704529, 0.7501717209815979, 0.1254815310239792)",Grasp
1947,"(0.7602615356445312, 0.6440116167068481, -3.186437243130058e-05)","(0.716383695602417, 0.7242778539657593, 0.044687867164611816)","(0.713188111782074, 0.8022773265838623, 0.0755065456032753)","(0.7253026366233826, 0.8558483123779297, 0.10632330179214478)","(0.7336212992668152, 0.88450688123703, 0.13358254730701447)","(0.7734037041664124, 0.889591634273529, 0.05269692838191986)","(0.758446216583252, 0.8974438905715942, 0.12658266723155975)","(0.7480536699295044, 0.8654204607009888, 0.1579195261001587)","(0.7437688112258911, 0.8341460227966309, 0.16459155082702637)","(0.8068253397941589, 0.8664378523826599, 0.051189765334129333)","(0.7864499688148499, 0.8673924207687378, 0.12857447564601898)","(0.7741957902908325, 0.8398517370223999, 0.14354214072227478)","(0.768934965133667, 0.8077443838119507, 0.13709837198257446)","(0.8276702165603638, 0.8228281736373901, 0.05904461815953255)","(0.8089136481285095, 0.8267015814781189, 0.12809301912784576)","(0.7946213483810425, 0.8053142428398132, 0.1350553035736084)","(0.7862741947174072, 0.7818096876144409, 0.12181300669908524)","(0.8415377736091614, 0.7743290662765503, 0.06958772242069244)","(0.8248115181922913, 0.7868056893348694, 0.12101425230503082)","(0.8120428323745728, 0.7712610960006714, 0.1360829919576645)","(0.8067916035652161, 0.7536869049072266, 0.13634294271469116)",Grasp
1948,"(0.7624037265777588, 0.6491118669509888, -2.5681518309284e-05)","(0.720720648765564, 0.7319312691688538, 0.0452410988509655)","(0.720923125743866, 0.8107744455337524, 0.07738609611988068)","(0.7413551211357117, 0.8620184659957886, 0.10792197287082672)","(0.758926510810852, 0.8781474232673645, 0.1328260898590088)","(0.7692172527313232, 0.8894633054733276, 0.05296608433127403)","(0.7560513019561768, 0.8925835490226746, 0.12592469155788422)","(0.7484970092773438, 0.8580769896507263, 0.15428397059440613)","(0.7459933757781982, 0.828622043132782, 0.15953704714775085)","(0.8025876879692078, 0.8657829761505127, 0.051570869982242584)","(0.7847725749015808, 0.8629658818244934, 0.12885507941246033)","(0.7748753428459167, 0.8347485661506653, 0.1432810127735138)","(0.7700585126876831, 0.8044820427894592, 0.13837508857250214)","(0.8239312171936035, 0.8212992548942566, 0.058522045612335205)","(0.808314323425293, 0.824844241142273, 0.127299964427948)","(0.795026957988739, 0.8025482892990112, 0.131495401263237)","(0.7874568700790405, 0.7794023156166077, 0.11770619451999664)","(0.838164210319519, 0.7715907096862793, 0.06933234632015228)","(0.8227670788764954, 0.7880658507347107, 0.12220888584852219)","(0.809827446937561, 0.7716026902198792, 0.13812796771526337)","(0.8050132393836975, 0.7522286772727966, 0.13878710567951202)",Grasp
1949,"(0.7575222849845886, 0.6542568206787109, -2.0152563593001105e-05)","(0.7221801280975342, 0.741855263710022, 0.04562097787857056)","(0.7247554659843445, 0.8140533566474915, 0.07662370055913925)","(0.747338056564331, 0.8562465906143188, 0.10509894788265228)","(0.7692911624908447, 0.8642675876617432, 0.12800879776477814)","(0.7621851563453674, 0.8946452140808105, 0.04748595133423805)","(0.7525065541267395, 0.8874418139457703, 0.11371365934610367)","(0.7477543950080872, 0.8545413017272949, 0.13803617656230927)","(0.7458968758583069, 0.8311192989349365, 0.1410137563943863)","(0.7963175177574158, 0.8705665469169617, 0.04450220614671707)","(0.7810826897621155, 0.858489453792572, 0.11568522453308105)","(0.7731634974479675, 0.8303184509277344, 0.1288067102432251)","(0.7689815759658813, 0.8032071590423584, 0.12319920212030411)","(0.8199286460876465, 0.8253989219665527, 0.0494825579226017)","(0.8066543340682983, 0.8196777105331421, 0.11159661412239075)","(0.793430745601654, 0.7972170114517212, 0.11511556059122086)","(0.7862434387207031, 0.7765514254570007, 0.10257790982723236)","(0.8359608054161072, 0.7739590406417847, 0.057988397777080536)","(0.8213667869567871, 0.783707857131958, 0.10638239979743958)","(0.8084751963615417, 0.7662121653556824, 0.12161841243505478)","(0.8041409254074097, 0.7472097873687744, 0.1231701597571373)",Grasp
1950,"(0.7591415643692017, 0.6534420251846313, -4.22959856223315e-05)","(0.7198338508605957, 0.7392159700393677, 0.03990679234266281)","(0.7202924489974976, 0.8159902095794678, 0.07161420583724976)","(0.7425798177719116, 0.8626812100410461, 0.10291985422372818)","(0.7651203870773315, 0.8718028664588928, 0.12814268469810486)","(0.7641212940216064, 0.8930204510688782, 0.049006301909685135)","(0.7482663989067078, 0.888221263885498, 0.11745767295360565)","(0.7404354810714722, 0.85355144739151, 0.14213432371616364)","(0.7388410568237305, 0.8277047872543335, 0.14535780251026154)","(0.7981590628623962, 0.8673540353775024, 0.05091095715761185)","(0.77596116065979, 0.8596926927566528, 0.12274955958127975)","(0.766516923904419, 0.8331612348556519, 0.13615849614143372)","(0.7634668946266174, 0.8037183880805969, 0.1314653754234314)","(0.8205427527427673, 0.8217461109161377, 0.05993121117353439)","(0.8011675477027893, 0.8226509690284729, 0.12324540317058563)","(0.7871828079223633, 0.8015499711036682, 0.12497171759605408)","(0.7818577885627747, 0.778416633605957, 0.11237702518701553)","(0.8354920148849487, 0.7712215781211853, 0.07270333170890808)","(0.8157915472984314, 0.7865896821022034, 0.12144497781991959)","(0.8020215630531311, 0.7709123492240906, 0.13568441569805145)","(0.7999424338340759, 0.7511297464370728, 0.13608244061470032)",Grasp
1951,"(0.7574382424354553, 0.655423104763031, -5.596057962975465e-05)","(0.7178290486335754, 0.7455267906188965, 0.034063439816236496)","(0.7187609076499939, 0.8256917595863342, 0.061979226768016815)","(0.7413658499717712, 0.876592755317688, 0.09143856167793274)","(0.7629947662353516, 0.8873544931411743, 0.11394108086824417)","(0.767937958240509, 0.8924460411071777, 0.04330439865589142)","(0.749507486820221, 0.8834460973739624, 0.1092275083065033)","(0.7401072382926941, 0.8501936793327332, 0.1305113583803177)","(0.7387672066688538, 0.8262982964515686, 0.1311037540435791)","(0.8000115156173706, 0.8629950284957886, 0.04719424247741699)","(0.7746557593345642, 0.8557505011558533, 0.11704150587320328)","(0.7641928791999817, 0.8302850723266602, 0.12788286805152893)","(0.7620741724967957, 0.8004135489463806, 0.12103638052940369)","(0.8201179504394531, 0.8170474767684937, 0.05773007124662399)","(0.7974056005477905, 0.8190488815307617, 0.11945196986198425)","(0.7836384177207947, 0.7992307543754578, 0.11783937364816666)","(0.7794420719146729, 0.7755273580551147, 0.10145798325538635)","(0.8332659006118774, 0.7681189179420471, 0.07172767072916031)","(0.8119261264801025, 0.7841768860816956, 0.11931905150413513)","(0.7979892492294312, 0.7691108584403992, 0.13162699341773987)","(0.7963259220123291, 0.7492928504943848, 0.1297629177570343)",Grasp
1952,"(0.7543547749519348, 0.6541070938110352, -3.6629247915698215e-05)","(0.7141598463058472, 0.7347365021705627, 0.03259924054145813)","(0.713739812374115, 0.8139581084251404, 0.05566325783729553)","(0.736021876335144, 0.8679895401000977, 0.08001004159450531)","(0.7581906318664551, 0.8854117393493652, 0.09868185222148895)","(0.7566221356391907, 0.8856502175331116, 0.02607795037329197)","(0.7441495656967163, 0.8952652812004089, 0.08660691231489182)","(0.7380115985870361, 0.8608247637748718, 0.11454986780881882)","(0.7377691864967346, 0.8324083089828491, 0.1222115084528923)","(0.7907462120056152, 0.8648039102554321, 0.029112540185451508)","(0.7710505127906799, 0.8652740716934204, 0.09463995695114136)","(0.7626708149909973, 0.8377171158790588, 0.1105760708451271)","(0.7610170245170593, 0.8092618584632874, 0.1071534976363182)","(0.8133536577224731, 0.8244855999946594, 0.03904584050178528)","(0.7945716977119446, 0.8264674544334412, 0.10035534203052521)","(0.7822787165641785, 0.804092288017273, 0.10301050543785095)","(0.7779726982116699, 0.7818905115127563, 0.08787421137094498)","(0.8288927674293518, 0.7792198657989502, 0.051866695284843445)","(0.8093083500862122, 0.7910889983177185, 0.10139432549476624)","(0.7975360751152039, 0.7735325694084167, 0.11203350126743317)","(0.7964538335800171, 0.7554334998130798, 0.10602295398712158)",Grasp
1953,"(0.7508378028869629, 0.6578196287155151, -4.57031637779437e-06)","(0.7129436135292053, 0.7335085868835449, 0.03919494152069092)","(0.7124199867248535, 0.812541127204895, 0.0638573095202446)","(0.7332027554512024, 0.8701995015144348, 0.08633977174758911)","(0.7534778714179993, 0.8945605754852295, 0.10177622735500336)","(0.7484961152076721, 0.8862844109535217, 0.0366022065281868)","(0.7458231449127197, 0.8901169300079346, 0.09919045865535736)","(0.741692066192627, 0.8596596717834473, 0.1244325190782547)","(0.7388027906417847, 0.8341696262359619, 0.1312974989414215)","(0.7819669246673584, 0.8669845461845398, 0.03491440787911415)","(0.7742483019828796, 0.860604465007782, 0.10572940856218338)","(0.7672335505485535, 0.8326408863067627, 0.12241719663143158)","(0.762482225894928, 0.8073211312294006, 0.11944279819726944)","(0.8063413500785828, 0.8263726234436035, 0.041017934679985046)","(0.7995180487632751, 0.8259173631668091, 0.10258407145738602)","(0.7875850796699524, 0.8019964694976807, 0.11053957790136337)","(0.7802272439002991, 0.7796266674995422, 0.10058409720659256)","(0.8244086503982544, 0.7790697813034058, 0.050102900713682175)","(0.8161514401435852, 0.7929173111915588, 0.09862722456455231)","(0.8049538731575012, 0.7750289440155029, 0.11662976443767548)","(0.7997127175331116, 0.7552604675292969, 0.11898601055145264)",Grasp
1954,"(0.751031219959259, 0.6561986804008484, 1.269578297069529e-05)","(0.7113993763923645, 0.7224411368370056, 0.023041488602757454)","(0.7083516120910645, 0.8040130734443665, 0.031630486249923706)","(0.728166937828064, 0.8731644153594971, 0.04189433157444)","(0.7484230399131775, 0.911215603351593, 0.04745563492178917)","(0.740774393081665, 0.8563125729560852, -0.010980804450809956)","(0.7453538179397583, 0.8874733448028564, 0.03590972721576691)","(0.7439250946044922, 0.8611436486244202, 0.06106200069189072)","(0.7416645288467407, 0.8320966958999634, 0.0714675784111023)","(0.7751490473747253, 0.8411760926246643, -0.009247863665223122)","(0.776509702205658, 0.8631062507629395, 0.044348057359457016)","(0.7706268429756165, 0.840089738368988, 0.06539520621299744)","(0.7652349472045898, 0.8153144717216492, 0.06573031842708588)","(0.8015062808990479, 0.8087341785430908, 0.000159667877596803)","(0.8030226230621338, 0.8337393403053284, 0.04862867295742035)","(0.7919897437095642, 0.8108735084533691, 0.06417449563741684)","(0.7837064862251282, 0.7876006364822388, 0.059430938214063644)","(0.821194589138031, 0.7693874835968018, 0.01214011013507843)","(0.8174620866775513, 0.8020050525665283, 0.05112450569868088)","(0.8073157668113708, 0.7843654751777649, 0.07053662836551666)","(0.8013644814491272, 0.763340950012207, 0.07404305785894394)",Grasp
1955,"(0.7482389211654663, 0.6592118144035339, 1.891147439891938e-05)","(0.7107040882110596, 0.7340235114097595, 0.024387862533330917)","(0.7091147899627686, 0.813585102558136, 0.034228939563035965)","(0.72862309217453, 0.8795509338378906, 0.044302377849817276)","(0.7482486963272095, 0.9158543944358826, 0.05021660029888153)","(0.7423812747001648, 0.8603873252868652, -0.004216752480715513)","(0.7502034902572632, 0.8904160261154175, 0.04206343740224838)","(0.748640239238739, 0.8668274283409119, 0.07010726630687714)","(0.7446524500846863, 0.8424015641212463, 0.0823390930891037)","(0.774685263633728, 0.8408612608909607, -0.004394341725856066)","(0.7797563672065735, 0.8634316325187683, 0.04714714735746384)","(0.7737745642662048, 0.8412334322929382, 0.06964457780122757)","(0.7678219676017761, 0.8193609714508057, 0.07231844216585159)","(0.8000767230987549, 0.8063580393791199, 0.002315790392458439)","(0.805431604385376, 0.8342185616493225, 0.04778573289513588)","(0.7953022122383118, 0.8116061091423035, 0.06547188758850098)","(0.7868412733078003, 0.7879868149757385, 0.06370893865823746)","(0.8196792602539062, 0.7660133838653564, 0.011533494107425213)","(0.821561872959137, 0.8012818694114685, 0.047958631068468094)","(0.8117043972015381, 0.7845075726509094, 0.06740843504667282)","(0.8038521409034729, 0.7632005214691162, 0.07355240732431412)",Grasp
1956,"(0.7517719864845276, 0.6609389781951904, 5.829809310853307e-07)","(0.7113235592842102, 0.7288409471511841, 0.031249819323420525)","(0.7041634917259216, 0.8069864511489868, 0.04725655913352966)","(0.7225081920623779, 0.8720356822013855, 0.06357355415821075)","(0.7428842782974243, 0.9020922780036926, 0.0715949684381485)","(0.7461941838264465, 0.8823930025100708, 0.01867334172129631)","(0.7491211295127869, 0.8992573618888855, 0.07898998260498047)","(0.7457407712936401, 0.8703770041465759, 0.1057228073477745)","(0.7408765554428101, 0.8431801795959473, 0.1143190860748291)","(0.7800493240356445, 0.8660184741020203, 0.018390940502285957)","(0.7784311771392822, 0.8668321371078491, 0.0873892605304718)","(0.7732042074203491, 0.8399730920791626, 0.10514266788959503)","(0.7682572603225708, 0.8162907958030701, 0.10144799947738647)","(0.8052997589111328, 0.8291550874710083, 0.025867078453302383)","(0.8015475869178772, 0.8337087631225586, 0.08385041356086731)","(0.7920066118240356, 0.8089022636413574, 0.0932353287935257)","(0.7848396897315979, 0.7858890891075134, 0.08230970054864883)","(0.824250340461731, 0.7866992354393005, 0.03599374368786812)","(0.8167104721069336, 0.8020315766334534, 0.08057896792888641)","(0.8068127632141113, 0.7840313911437988, 0.09913809597492218)","(0.8007128238677979, 0.7649548649787903, 0.10063660889863968)",Grasp
1957,"(0.7517600059509277, 0.6628547310829163, -1.4794767366765882e-06)","(0.7094511389732361, 0.7335740923881531, 0.03973960876464844)","(0.7017170190811157, 0.8105089068412781, 0.06245313212275505)","(0.7201083898544312, 0.8671019673347473, 0.08512239158153534)","(0.7399436831474304, 0.8827337026596069, 0.10033340007066727)","(0.7488818168640137, 0.8919162154197693, 0.030719822272658348)","(0.7484101057052612, 0.9062261581420898, 0.09865789860486984)","(0.7438287734985352, 0.8740721940994263, 0.12664788961410522)","(0.7401145100593567, 0.8440073728561401, 0.13145339488983154)","(0.7835206985473633, 0.872011661529541, 0.028302783146500587)","(0.777468204498291, 0.8701261878013611, 0.1018979549407959)","(0.7707140445709229, 0.8412255048751831, 0.11768456548452377)","(0.7665927410125732, 0.8126195073127747, 0.11112399399280548)","(0.8083686828613281, 0.8304612040519714, 0.03511589393019676)","(0.8012903332710266, 0.8304436802864075, 0.09716738760471344)","(0.7907190322875977, 0.8067752122879028, 0.10317710041999817)","(0.7838570475578308, 0.7836424112319946, 0.08942707628011703)","(0.8271355628967285, 0.7842115163803101, 0.04480646923184395)","(0.8174446821212769, 0.796129047870636, 0.09332209825515747)","(0.8063141107559204, 0.779119074344635, 0.11141084134578705)","(0.800507664680481, 0.7598414421081543, 0.11264688521623611)",Grasp
1958,"(0.7509939074516296, 0.6619874238967896, 1.8560270120815403e-07)","(0.7092032432556152, 0.7293335795402527, 0.03403153643012047)","(0.7013521790504456, 0.8097146153450012, 0.05134280025959015)","(0.7202996611595154, 0.8682794570922852, 0.06983105838298798)","(0.741388738155365, 0.8814544081687927, 0.0811924859881401)","(0.7520356774330139, 0.8832651376724243, 0.019101053476333618)","(0.7511423230171204, 0.9129936099052429, 0.08116806298494339)","(0.7436660528182983, 0.8804206252098083, 0.11100652813911438)","(0.7392571568489075, 0.8480157852172852, 0.11952287703752518)","(0.7869968414306641, 0.8612198829650879, 0.018448391929268837)","(0.779919445514679, 0.8689058423042297, 0.08892751485109329)","(0.7701944708824158, 0.8379197120666504, 0.10898419469594955)","(0.7662539482116699, 0.8091018199920654, 0.10595759749412537)","(0.8111015558242798, 0.819817304611206, 0.02613644301891327)","(0.8035389184951782, 0.8286156058311462, 0.086410753428936)","(0.7915005683898926, 0.8040644526481628, 0.09468487650156021)","(0.7848564386367798, 0.77960205078125, 0.08209971338510513)","(0.8289870023727417, 0.7754536867141724, 0.03634335473179817)","(0.8180575966835022, 0.7948257923126221, 0.08584851771593094)","(0.8063738942146301, 0.7779449224472046, 0.1046556830406189)","(0.8012268543243408, 0.75750732421875, 0.1060570552945137)",Grasp
1959,"(0.7577067017555237, 0.6495994329452515, -1.5659697965020314e-06)","(0.7127561569213867, 0.7119569778442383, 0.023181568831205368)","(0.7006517052650452, 0.7945567965507507, 0.03227700665593147)","(0.7159257531166077, 0.8569263219833374, 0.044958800077438354)","(0.7372919321060181, 0.8718487620353699, 0.05577796697616577)","(0.7585060596466064, 0.8761816620826721, 0.004107379820197821)","(0.7498806118965149, 0.9132417440414429, 0.060300614684820175)","(0.740051805973053, 0.877297580242157, 0.09361619502305984)","(0.7377617359161377, 0.8453067541122437, 0.10484328866004944)","(0.7935235500335693, 0.8539513349533081, 0.007615549955517054)","(0.7761542201042175, 0.8663370609283447, 0.06991182267665863)","(0.7642770409584045, 0.8363698720932007, 0.09003971517086029)","(0.7624393105506897, 0.8080535531044006, 0.08774764090776443)","(0.8164642453193665, 0.8138666749000549, 0.01893056556582451)","(0.8010553121566772, 0.8273545503616333, 0.07780513912439346)","(0.787837028503418, 0.8045240640640259, 0.08363445103168488)","(0.7832317352294922, 0.779636800289154, 0.06815166026353836)","(0.8334170579910278, 0.7709182500839233, 0.03131396695971489)","(0.8163565397262573, 0.7891467213630676, 0.08023123443126678)","(0.8049318194389343, 0.7731619477272034, 0.09201508015394211)","(0.8029738068580627, 0.7544127702713013, 0.08723993599414825)",Grasp
1960,"(0.7609912753105164, 0.6367540955543518, -3.183143780915998e-05)","(0.7124729752540588, 0.7005332708358765, 0.019770920276641846)","(0.6985169649124146, 0.7848852872848511, 0.0296674445271492)","(0.713175356388092, 0.8483361005783081, 0.043857283890247345)","(0.7345481514930725, 0.8657397627830505, 0.058005496859550476)","(0.7592823505401611, 0.8680819869041443, 0.004087716806679964)","(0.7520877122879028, 0.9129148721694946, 0.060406096279621124)","(0.741016149520874, 0.8791147470474243, 0.098335862159729)","(0.7376870512962341, 0.8461018800735474, 0.11397380381822586)","(0.7947393655776978, 0.8470785617828369, 0.010634142905473709)","(0.7756328582763672, 0.8604896664619446, 0.0753178596496582)","(0.7625982165336609, 0.8325024843215942, 0.09849519282579422)","(0.7608764171600342, 0.8061394691467285, 0.09775964170694351)","(0.8180819749832153, 0.8085740804672241, 0.024788452312350273)","(0.8005250692367554, 0.8223344683647156, 0.08582722395658493)","(0.787245512008667, 0.8015492558479309, 0.0920095443725586)","(0.7834981679916382, 0.7782497406005859, 0.07634441554546356)","(0.8357240557670593, 0.7676578760147095, 0.038863666355609894)","(0.817672848701477, 0.7856150269508362, 0.08687940984964371)","(0.806236982345581, 0.7699042558670044, 0.09544523060321808)","(0.8044018745422363, 0.7518426179885864, 0.08850815892219543)",Move
1961,"(0.7633664011955261, 0.6155956983566284, -1.776459794200491e-05)","(0.7107386589050293, 0.6763303875923157, 0.013410845771431923)","(0.6928784847259521, 0.7659246921539307, 0.0180509090423584)","(0.7031760215759277, 0.8332484364509583, 0.027980120852589607)","(0.7209959626197815, 0.8547249436378479, 0.03858903422951698)","(0.7549525499343872, 0.8451382517814636, -0.013515522703528404)","(0.7511677145957947, 0.9082636833190918, 0.037877511233091354)","(0.7389867305755615, 0.8809437155723572, 0.07539845257997513)","(0.7346742153167725, 0.8480443954467773, 0.09111692756414413)","(0.7919320464134216, 0.8260159492492676, -0.006301539484411478)","(0.773729681968689, 0.8542100787162781, 0.05202639102935791)","(0.7606109380722046, 0.8246474862098694, 0.07708475738763809)","(0.7606380581855774, 0.7960947155952454, 0.07766298949718475)","(0.8169541954994202, 0.7898644208908081, 0.00867112260311842)","(0.8000465631484985, 0.8151600956916809, 0.06771381944417953)","(0.7868967056274414, 0.7924350500106812, 0.07628081738948822)","(0.7845941185951233, 0.7674365639686584, 0.06156272068619728)","(0.8359489440917969, 0.7504131197929382, 0.023195959627628326)","(0.8201133608818054, 0.779405951499939, 0.06851710379123688)","(0.8082181811332703, 0.7618517875671387, 0.07826368510723114)","(0.8062036633491516, 0.7408266067504883, 0.07302498072385788)",Move
1962,"(0.7631981372833252, 0.5888903141021729, -3.293032932560891e-05)","(0.7055633068084717, 0.6500137448310852, 0.015977811068296432)","(0.6841912865638733, 0.7398619055747986, 0.021118640899658203)","(0.6915405988693237, 0.807233989238739, 0.03241358697414398)","(0.7078678607940674, 0.8295791745185852, 0.04556453600525856)","(0.7498648166656494, 0.8228294253349304, -0.0211187694221735)","(0.7488307952880859, 0.8937764167785645, 0.03461698442697525)","(0.7362496852874756, 0.8671302199363708, 0.08068052679300308)","(0.7318899035453796, 0.8328220844268799, 0.10282669216394424)","(0.7886614799499512, 0.8032781481742859, -0.0137938829138875)","(0.7717404365539551, 0.8417883515357971, 0.04840908199548721)","(0.7575474977493286, 0.8136872053146362, 0.08021356165409088)","(0.7565696835517883, 0.7828686833381653, 0.08382584154605865)","(0.8149158954620361, 0.7670350670814514, 0.0019062345381826162)","(0.7981374263763428, 0.7993515729904175, 0.06610157340765)","(0.7848581075668335, 0.7773295640945435, 0.08170529454946518)","(0.7824319005012512, 0.7501848936080933, 0.06965702027082443)","(0.8338991403579712, 0.7264890074729919, 0.018363330513238907)","(0.8197774291038513, 0.7607746720314026, 0.06591209769248962)","(0.8078396320343018, 0.74147629737854, 0.07967943698167801)","(0.8054910898208618, 0.716741144657135, 0.07718952745199203)",Move
1963,"(0.7642067670822144, 0.5584272742271423, -1.8649549019755796e-05)","(0.7034544944763184, 0.618687629699707, 0.010238411836326122)","(0.680209755897522, 0.7092984914779663, 0.013577044010162354)","(0.6834049820899963, 0.7787353992462158, 0.025057144463062286)","(0.6989714503288269, 0.8013859987258911, 0.03875931352376938)","(0.7492398619651794, 0.7961907982826233, -0.026236388832330704)","(0.7407153248786926, 0.8736000657081604, 0.03213632479310036)","(0.7267343997955322, 0.8406744599342346, 0.07957932353019714)","(0.7253813743591309, 0.8041329383850098, 0.09902240335941315)","(0.7871086001396179, 0.7770484685897827, -0.014297514222562313)","(0.7651853561401367, 0.8260021209716797, 0.047920532524585724)","(0.7496153712272644, 0.7963907718658447, 0.0819781944155693)","(0.7491349577903748, 0.7615535855293274, 0.0874507874250412)","(0.8122788071632385, 0.7416700124740601, 0.005459628999233246)","(0.7884676456451416, 0.7783211469650269, 0.07301371544599533)","(0.7752805948257446, 0.7557525038719177, 0.08722656965255737)","(0.7743226885795593, 0.7266051173210144, 0.07314307242631912)","(0.8292707204818726, 0.7035479545593262, 0.0258459635078907)","(0.8073724508285522, 0.7386254072189331, 0.07712066918611526)","(0.7961121201515198, 0.7182459235191345, 0.08799638599157333)","(0.7956064939498901, 0.6926401257514954, 0.0813312977552414)",Move
1964,"(0.766936182975769, 0.5255939364433289, -3.946860306314193e-05)","(0.7006964683532715, 0.5789082050323486, 0.0031292522326111794)","(0.6748111844062805, 0.6701666116714478, 0.003991936799138784)","(0.6728630661964417, 0.745403528213501, 0.015237455256283283)","(0.6837202906608582, 0.7805210947990417, 0.032028116285800934)","(0.741161048412323, 0.7652415633201599, -0.03525196388363838)","(0.7245678305625916, 0.8495786190032959, 0.02155563421547413)","(0.7098466157913208, 0.8072144389152527, 0.06766878068447113)","(0.710827112197876, 0.7672145366668701, 0.08620430529117584)","(0.7794845104217529, 0.7525558471679688, -0.02044014446437359)","(0.7516894936561584, 0.8128273487091064, 0.03969594091176987)","(0.7357881665229797, 0.7804409861564636, 0.0739949494600296)","(0.7373632788658142, 0.7441073060035706, 0.08005242049694061)","(0.804773211479187, 0.7212996482849121, 0.0014835112961009145)","(0.7768521308898926, 0.7675361037254333, 0.06611133366823196)","(0.7628971338272095, 0.7408295273780823, 0.0814397782087326)","(0.763542890548706, 0.7090120315551758, 0.06946523487567902)","(0.8217400908470154, 0.6853173971176147, 0.023668495938181877)","(0.7972474098205566, 0.7285792827606201, 0.07090026885271072)","(0.7857563495635986, 0.7033843398094177, 0.08156205713748932)","(0.7852978706359863, 0.6726614236831665, 0.07524455338716507)",Move
1965,"(0.7625481486320496, 0.4923684597015381, -6.056504207663238e-05)","(0.6974409222602844, 0.5407616496086121, 0.006053305231034756)","(0.6724776029586792, 0.631219208240509, 0.010823494754731655)","(0.6679666042327881, 0.7076978087425232, 0.027107518166303635)","(0.6778179407119751, 0.7479786276817322, 0.05027460306882858)","(0.7335642576217651, 0.7275161743164062, -0.0321747250854969)","(0.7153533101081848, 0.8204431533813477, 0.02919132634997368)","(0.6992804408073425, 0.7821265459060669, 0.07638949900865555)","(0.6981698870658875, 0.7412668466567993, 0.09633289277553558)","(0.7708745002746582, 0.7199122309684753, -0.01588911935687065)","(0.7429683804512024, 0.7966611981391907, 0.047717925161123276)","(0.7242164611816406, 0.7656800746917725, 0.08681638538837433)","(0.7232781052589417, 0.7284009456634521, 0.0977441668510437)","(0.7964109182357788, 0.6915555000305176, 0.008748342283070087)","(0.7678834199905396, 0.7522375583648682, 0.07563500106334686)","(0.7512543797492981, 0.7273617386817932, 0.0969633087515831)","(0.7505263090133667, 0.6921663284301758, 0.09130320698022842)","(0.8134773969650269, 0.6560969948768616, 0.034482136368751526)","(0.7872024178504944, 0.7074471712112427, 0.08690699934959412)","(0.7739217877388, 0.6842769980430603, 0.10284586250782013)","(0.773330807685852, 0.6521261930465698, 0.10180872678756714)",Move
1966,"(0.7576864957809448, 0.45993733406066895, -4.600153988576494e-05)","(0.692461371421814, 0.5063858032226562, 0.006474253721535206)","(0.6662418842315674, 0.5939556360244751, 0.009381765499711037)","(0.6594274044036865, 0.6701026558876038, 0.023765286430716515)","(0.667331337928772, 0.715181291103363, 0.044075801968574524)","(0.7266652584075928, 0.6908739805221558, -0.03836807608604431)","(0.709009051322937, 0.79011470079422, 0.021306300535798073)","(0.6925048232078552, 0.7546765804290771, 0.06935581564903259)","(0.6904765963554382, 0.712352991104126, 0.08969529718160629)","(0.764707624912262, 0.6868934035301208, -0.022645870223641396)","(0.7369287610054016, 0.7682914137840271, 0.03831220790743828)","(0.7172551155090332, 0.7375997304916382, 0.07796435058116913)","(0.7161941528320312, 0.6987443566322327, 0.08980802446603775)","(0.7909359335899353, 0.6622164845466614, 0.0020938431844115257)","(0.7610607743263245, 0.7218527793884277, 0.06977327167987823)","(0.7432870864868164, 0.6973487734794617, 0.0904189795255661)","(0.7426312565803528, 0.662764847278595, 0.08440770953893661)","(0.8082152009010315, 0.6307095289230347, 0.028228824958205223)","(0.7801026105880737, 0.6810479164123535, 0.0807657390832901)","(0.7659149765968323, 0.6571751236915588, 0.09586113691329956)","(0.765428364276886, 0.6251416206359863, 0.09400653839111328)",Move
1967,"(0.7565076351165771, 0.4233655631542206, -6.878097337903455e-05)","(0.6899162530899048, 0.46137022972106934, -0.00036539911525323987)","(0.6608677506446838, 0.5512150526046753, 0.0035045526456087828)","(0.6508986353874207, 0.6293502449989319, 0.020439332351088524)","(0.6566182971000671, 0.676296591758728, 0.04252129793167114)","(0.7216311693191528, 0.643916130065918, -0.046167317777872086)","(0.701144814491272, 0.752567708492279, 0.010561288334429264)","(0.6829460859298706, 0.7227416038513184, 0.06084713712334633)","(0.6814002990722656, 0.6800424456596375, 0.08549420535564423)","(0.7583489418029785, 0.6444027423858643, -0.02622060477733612)","(0.7268080711364746, 0.7374601364135742, 0.03235835209488869)","(0.7058340311050415, 0.7097079157829285, 0.07574731111526489)","(0.7044124603271484, 0.6707276701927185, 0.09156452864408493)","(0.7831000685691833, 0.6252976059913635, 0.002455085748806596)","(0.750187873840332, 0.6980786919593811, 0.06535336375236511)","(0.7315728664398193, 0.6736736297607422, 0.08951365202665329)","(0.7305611371994019, 0.6375775337219238, 0.08913635462522507)","(0.7989319562911987, 0.5991742014884949, 0.03208776190876961)","(0.767625629901886, 0.6578036546707153, 0.07851079851388931)","(0.7520648837089539, 0.6355670094490051, 0.09413240849971771)","(0.7506061792373657, 0.6033772230148315, 0.09543757140636444)",Move
1968,"(0.7470107674598694, 0.3857363760471344, -4.844356590183452e-05)","(0.6834611892700195, 0.42024725675582886, 0.006040090695023537)","(0.6538355946540833, 0.5068052411079407, 0.016494443640112877)","(0.6447168588638306, 0.5821311473846436, 0.03815575689077377)","(0.6463038921356201, 0.6315317749977112, 0.06277143210172653)","(0.71018385887146, 0.6025718450546265, -0.031248020008206367)","(0.6896202564239502, 0.7054998874664307, 0.018487483263015747)","(0.6689878702163696, 0.6921088695526123, 0.0656144991517067)","(0.6628698110580444, 0.6586633324623108, 0.09192152321338654)","(0.7472851872444153, 0.6063495874404907, -0.013282418251037598)","(0.7185550332069397, 0.695827841758728, 0.04404670000076294)","(0.695001482963562, 0.6773855090141296, 0.08925283700227737)","(0.6879459619522095, 0.6417237520217896, 0.1089228168129921)","(0.7728659510612488, 0.58722323179245, 0.013075973838567734)","(0.743704080581665, 0.6567559242248535, 0.06962233781814575)","(0.7217793464660645, 0.6393539905548096, 0.09485872834920883)","(0.7147023677825928, 0.603534996509552, 0.09989400207996368)","(0.7891347408294678, 0.5593647360801697, 0.04031624272465706)","(0.763790488243103, 0.6146654486656189, 0.08237725496292114)","(0.7471696734428406, 0.5981009006500244, 0.09885301440954208)","(0.7414032220840454, 0.5668664574623108, 0.10425817966461182)",Move
1969,"(0.7422876954078674, 0.34882932901382446, -7.972949970280752e-05)","(0.6796038150787354, 0.38090062141418457, -0.0032815777231007814)","(0.6490885615348816, 0.46980735659599304, 0.002875654026865959)","(0.6385747790336609, 0.5502418875694275, 0.022756775841116905)","(0.638436496257782, 0.6028186082839966, 0.04482673853635788)","(0.702632486820221, 0.561655580997467, -0.039330922067165375)","(0.678713858127594, 0.6622117161750793, 0.009352138265967369)","(0.6579212546348572, 0.6537562608718872, 0.05610748007893562)","(0.6509184837341309, 0.6253188252449036, 0.08359972387552261)","(0.7381962537765503, 0.5691446661949158, -0.018649397417902946)","(0.7060922980308533, 0.6587436199188232, 0.03443774953484535)","(0.6815643310546875, 0.6494767069816589, 0.07934282720088959)","(0.671973705291748, 0.6192173957824707, 0.10119638592004776)","(0.761932373046875, 0.5521265864372253, 0.009740752167999744)","(0.7287183403968811, 0.620051920413971, 0.06071418523788452)","(0.7073308229446411, 0.605646014213562, 0.08545637875795364)","(0.6991982460021973, 0.572871744632721, 0.09258275479078293)","(0.7764705419540405, 0.5257040858268738, 0.03790691867470741)","(0.7465617060661316, 0.5817059874534607, 0.07634487748146057)","(0.7279554009437561, 0.5681726932525635, 0.09206889569759369)","(0.7202708721160889, 0.540277898311615, 0.09811476618051529)",Move
1970,"(0.7352349758148193, 0.3120410740375519, -8.358683408005163e-05)","(0.6738220453262329, 0.34449508786201477, -0.003123954636976123)","(0.6436582803726196, 0.43366938829421997, 0.000715751841198653)","(0.6341025829315186, 0.5180490612983704, 0.016888029873371124)","(0.6295843720436096, 0.5770456790924072, 0.03353722393512726)","(0.690593957901001, 0.5218178629875183, -0.03386598452925682)","(0.6677285432815552, 0.6201928853988647, 0.0044396077282726765)","(0.6473994851112366, 0.6269018054008484, 0.045031558722257614)","(0.6370871067047119, 0.6119078397750854, 0.07171671837568283)","(0.7263225317001343, 0.5288941860198975, -0.014474347233772278)","(0.6971435546875, 0.6191373467445374, 0.03238549456000328)","(0.6723198294639587, 0.620977520942688, 0.0783013328909874)","(0.6581040620803833, 0.5995745062828064, 0.1048053577542305)","(0.7509105205535889, 0.5129747986793518, 0.01103125885128975)","(0.7186847925186157, 0.5810378193855286, 0.05766141787171364)","(0.6961043477058411, 0.5776820182800293, 0.085304856300354)","(0.6833480596542358, 0.5519766807556152, 0.09639732539653778)","(0.7664383053779602, 0.48920130729675293, 0.03610830381512642)","(0.7360939979553223, 0.5433225631713867, 0.073313869535923)","(0.7172713875770569, 0.5359112620353699, 0.08997321873903275)","(0.7065872550010681, 0.5125221014022827, 0.09730270504951477)",Move
1971,"(0.7325160503387451, 0.27224254608154297, -7.695642852922902e-05)","(0.6686207056045532, 0.30426639318466187, -0.009497588500380516)","(0.6372749209403992, 0.39748454093933105, -0.008272716775536537)","(0.629349410533905, 0.4868912100791931, 0.005859643220901489)","(0.6235204935073853, 0.5486148595809937, 0.01916104555130005)","(0.6843231916427612, 0.48284485936164856, -0.03352849557995796)","(0.6566968560218811, 0.5753709077835083, 0.0023320671170949936)","(0.6350843906402588, 0.5860421061515808, 0.040019650012254715)","(0.6233941316604614, 0.5787225365638733, 0.06299780309200287)","(0.7197266221046448, 0.488913357257843, -0.012428496032953262)","(0.6865163445472717, 0.5729824304580688, 0.03267534449696541)","(0.659792423248291, 0.5782250761985779, 0.07232010364532471)","(0.6441823840141296, 0.5615849494934082, 0.09303852915763855)","(0.7436192035675049, 0.47318458557128906, 0.014331839978694916)","(0.7086651921272278, 0.535561740398407, 0.0606621578335762)","(0.686810314655304, 0.5300562381744385, 0.08187483251094818)","(0.6748757362365723, 0.5043317675590515, 0.08808563649654388)","(0.7585802674293518, 0.45097988843917847, 0.04014084115624428)","(0.7258892059326172, 0.4978470504283905, 0.07671653479337692)","(0.7079421281814575, 0.4903150796890259, 0.08925960212945938)","(0.6981220245361328, 0.4685303568840027, 0.09229403734207153)",Move
1972,"(0.7300368547439575, 0.2337389439344406, -8.981571590993553e-05)","(0.6657422184944153, 0.26280975341796875, -0.0036059697158634663)","(0.6318265795707703, 0.35588398575782776, 9.71416084212251e-05)","(0.62427818775177, 0.4459562301635742, 0.015219278633594513)","(0.6182013750076294, 0.5061608552932739, 0.03024904616177082)","(0.6722640991210938, 0.4390125572681427, -0.0326547771692276)","(0.643984317779541, 0.5320439338684082, -0.0009356184746138752)","(0.623561441898346, 0.5459461212158203, 0.03734372556209564)","(0.6130259037017822, 0.5428820252418518, 0.06432222574949265)","(0.7071579694747925, 0.4495141804218292, -0.01366328727453947)","(0.6732789874076843, 0.5337384939193726, 0.0262351855635643)","(0.6471580862998962, 0.542023241519928, 0.06865113228559494)","(0.6316770315170288, 0.5303144454956055, 0.0935090184211731)","(0.7312533259391785, 0.4382610619068146, 0.010958428494632244)","(0.6956128478050232, 0.49939796328544617, 0.055564116686582565)","(0.6746900081634521, 0.4943619966506958, 0.08134641498327255)","(0.6631036996841431, 0.4716756343841553, 0.09177801012992859)","(0.7471396327018738, 0.4194657504558563, 0.03513999655842781)","(0.714045524597168, 0.46310320496559143, 0.07393540441989899)","(0.6961876749992371, 0.45563146471977234, 0.08899859338998795)","(0.6859815120697021, 0.4349935054779053, 0.09323783218860626)",Move
1973,"(0.7219313383102417, 0.19667518138885498, -7.969498983584344e-05)","(0.6601889133453369, 0.2295929193496704, -0.003785486100241542)","(0.627163290977478, 0.318147212266922, 0.0012836448149755597)","(0.6178478002548218, 0.40191909670829773, 0.016927404329180717)","(0.610217809677124, 0.4595666229724884, 0.031854938715696335)","(0.662891685962677, 0.3964218497276306, -0.030061664059758186)","(0.6358343362808228, 0.490220844745636, -0.0072202240116894245)","(0.61538165807724, 0.5115063190460205, 0.023504259064793587)","(0.602424144744873, 0.515332818031311, 0.048356182873249054)","(0.6967269778251648, 0.4074322581291199, -0.01110507920384407)","(0.6629478335380554, 0.4949299693107605, 0.02286871336400509)","(0.6368541717529297, 0.5057628750801086, 0.0636393278837204)","(0.6197206974029541, 0.49820977449417114, 0.0894910916686058)","(0.7205816507339478, 0.3994424343109131, 0.012701109983026981)","(0.6833864450454712, 0.4610084593296051, 0.052145086228847504)","(0.6615267992019653, 0.4560387134552002, 0.0776473879814148)","(0.6485989689826965, 0.43387913703918457, 0.09017131477594376)","(0.736259400844574, 0.38532358407974243, 0.035585250705480576)","(0.7026072144508362, 0.4258638322353363, 0.07418328523635864)","(0.6843228340148926, 0.4191622734069824, 0.09055531024932861)","(0.673587441444397, 0.40021827816963196, 0.09747856110334396)",Move
1974,"(0.7166552543640137, 0.1628866195678711, -8.497260569129139e-05)","(0.6560040712356567, 0.19021901488304138, -0.006758137606084347)","(0.622519850730896, 0.2776044011116028, -0.004443206358700991)","(0.6147813200950623, 0.3612084984779358, 0.009006830863654613)","(0.609058678150177, 0.4160096049308777, 0.021455060690641403)","(0.6569682359695435, 0.3545968532562256, -0.0401419959962368)","(0.6272136569023132, 0.44904524087905884, -0.01783224567770958)","(0.6061820387840271, 0.46845072507858276, 0.01214034203439951)","(0.5942983627319336, 0.46869632601737976, 0.03513611853122711)","(0.6900860667228699, 0.37030667066574097, -0.0207870714366436)","(0.6537823677062988, 0.4576927423477173, 0.011704212985932827)","(0.626735270023346, 0.4669242799282074, 0.05013637989759445)","(0.6105537414550781, 0.4555513858795166, 0.07396536320447922)","(0.7131752371788025, 0.36531928181648254, 0.004096061456948519)","(0.6729595065116882, 0.42480382323265076, 0.04340090602636337)","(0.6511099934577942, 0.41564029455184937, 0.06567257642745972)","(0.6403382420539856, 0.3906882703304291, 0.07506270706653595)","(0.7281016707420349, 0.3524090647697449, 0.02771156094968319)","(0.6911441683769226, 0.39118528366088867, 0.06484149396419525)","(0.673760175704956, 0.38066694140434265, 0.07935323566198349)","(0.6657052040100098, 0.3600843548774719, 0.08421960473060608)",Move
1975,"(0.7114878296852112, 0.13004101812839508, -8.596306724939495e-05)","(0.6497530341148376, 0.15472674369812012, -0.002052667550742626)","(0.6181909441947937, 0.24121803045272827, 0.0032936132047325373)","(0.6125614643096924, 0.32239845395088196, 0.01925837993621826)","(0.6100950837135315, 0.37413620948791504, 0.03322594240307808)","(0.6479604244232178, 0.316069632768631, -0.03965086489915848)","(0.6186048984527588, 0.40905627608299255, -0.017554493620991707)","(0.5979850888252258, 0.42900559306144714, 0.011928295716643333)","(0.5867796540260315, 0.43074047565460205, 0.034673061221838)","(0.68089759349823, 0.3360174596309662, -0.02078896388411522)","(0.6435777544975281, 0.4221366047859192, 0.013246838934719563)","(0.6171813011169434, 0.434964656829834, 0.053354039788246155)","(0.6019641160964966, 0.4271540343761444, 0.07834809273481369)","(0.7039663195610046, 0.3341567814350128, 0.0037055974826216698)","(0.6620417833328247, 0.38956254720687866, 0.046774111688137054)","(0.6413255333900452, 0.37769368290901184, 0.0691867545247078)","(0.6329684853553772, 0.35273295640945435, 0.07865232974290848)","(0.71916663646698, 0.32227012515068054, 0.027076514437794685)","(0.6805200576782227, 0.35552987456321716, 0.06827878206968307)","(0.6639696955680847, 0.3431183099746704, 0.08411665260791779)","(0.6576154828071594, 0.3240967094898224, 0.0891636535525322)",Move
1976,"(0.7038459777832031, 0.0988776832818985, -8.314776641782373e-05)","(0.6437915563583374, 0.1266287863254547, 0.0023719226010143757)","(0.6121419668197632, 0.20974868535995483, 0.007602316793054342)","(0.6026409864425659, 0.28997382521629333, 0.02159484475851059)","(0.5975973010063171, 0.34739333391189575, 0.03394704312086105)","(0.6408586502075195, 0.2798691987991333, -0.03791603818535805)","(0.6122035980224609, 0.3742177188396454, -0.02015230990946293)","(0.5940526723861694, 0.4007711112499237, 0.009025557897984982)","(0.5824555158615112, 0.41097667813301086, 0.03353163227438927)","(0.6734302639961243, 0.29778844118118286, -0.02207089215517044)","(0.637162983417511, 0.38075560331344604, 0.010960717685520649)","(0.6136712431907654, 0.39133140444755554, 0.05379044637084007)","(0.598785400390625, 0.3867857754230499, 0.08186530321836472)","(0.6967835426330566, 0.2963555157184601, -0.0005304196965880692)","(0.6574457287788391, 0.3576504588127136, 0.03951170668005943)","(0.6366899609565735, 0.35390985012054443, 0.07046159356832504)","(0.6263971924781799, 0.335063099861145, 0.08683265000581741)","(0.7131694555282593, 0.28458869457244873, 0.02041066624224186)","(0.677772045135498, 0.32577598094940186, 0.06089982017874718)","(0.6606287956237793, 0.32148197293281555, 0.08141252398490906)","(0.6517985463142395, 0.30745378136634827, 0.09127981215715408)",Move
1977,"(0.6971796154975891, 0.07396608591079712, -6.7167951783631e-05)","(0.6378148198127747, 0.10707387328147888, 0.007368004415184259)","(0.6096156239509583, 0.18652629852294922, 0.015076255425810814)","(0.5994009971618652, 0.2598261535167694, 0.030431656166911125)","(0.5922333002090454, 0.3163178861141205, 0.04436802119016647)","(0.6325936913490295, 0.253476083278656, -0.03748394548892975)","(0.6057484149932861, 0.34272512793540955, -0.018308410421013832)","(0.588514506816864, 0.3657490909099579, 0.011527233757078648)","(0.5781255960464478, 0.373169481754303, 0.035324349999427795)","(0.6635527014732361, 0.26966193318367004, -0.02386029064655304)","(0.6309512853622437, 0.34980595111846924, 0.010541836731135845)","(0.6093392968177795, 0.35194095969200134, 0.05349872261285782)","(0.5962766408920288, 0.342003732919693, 0.08061482757329941)","(0.6869620680809021, 0.2692262530326843, -0.0039304038509726524)","(0.6504477262496948, 0.3246394693851471, 0.03592802584171295)","(0.6325081586837769, 0.3126002550125122, 0.06472722440958023)","(0.6251960396766663, 0.29028862714767456, 0.07897795736789703)","(0.7045296430587769, 0.2614060342311859, 0.016045810654759407)","(0.6710668206214905, 0.29653167724609375, 0.05509983003139496)","(0.6571277379989624, 0.2845979928970337, 0.07369855046272278)","(0.652225136756897, 0.2665795385837555, 0.08167827129364014)",Move
1978,"(0.6935622096061707, 0.05605797469615936, -6.426903564715758e-05)","(0.6331608891487122, 0.09158562123775482, 0.011784735135734081)","(0.6066194176673889, 0.16528591513633728, 0.021827135235071182)","(0.5974997282028198, 0.23024815320968628, 0.038117360323667526)","(0.5909357070922852, 0.2839670777320862, 0.05336350202560425)","(0.6255802512168884, 0.22965219616889954, -0.03217197209596634)","(0.5990617871284485, 0.31252536177635193, -0.011790919117629528)","(0.5814753174781799, 0.33223849534988403, 0.01781495474278927)","(0.5717672109603882, 0.33665892481803894, 0.041688837110996246)","(0.6549204587936401, 0.24466541409492493, -0.02056547813117504)","(0.6248484253883362, 0.3213702440261841, 0.015001610852777958)","(0.6039459705352783, 0.32156047224998474, 0.056529246270656586)","(0.5920337438583374, 0.3106050491333008, 0.08268081396818161)","(0.6784959435462952, 0.24462240934371948, -0.0025405664928257465)","(0.6437565684318542, 0.29590946435928345, 0.037604134529829025)","(0.6275388598442078, 0.2788286805152893, 0.06468362361192703)","(0.6229368448257446, 0.25540944933891296, 0.07697223871946335)","(0.6971879601478577, 0.23926346004009247, 0.01587863452732563)","(0.6654629707336426, 0.2704911231994629, 0.05469236895442009)","(0.6532397866249084, 0.2543565332889557, 0.07161272317171097)","(0.6506256461143494, 0.23545148968696594, 0.07856184989213943)",Move
1979,"(0.6875980496406555, 0.04143533110618591, -6.551706610480323e-05)","(0.6298786997795105, 0.0863475352525711, 0.012254107743501663)","(0.6040952801704407, 0.14959491789340973, 0.022300977259874344)","(0.5933843851089478, 0.20488683879375458, 0.03664242476224899)","(0.5866538286209106, 0.2549319863319397, 0.05086240544915199)","(0.6231518387794495, 0.21447843313217163, -0.0193738155066967)","(0.5955590605735779, 0.28587478399276733, -0.002420010045170784)","(0.5779060125350952, 0.29890134930610657, 0.024666955694556236)","(0.5682482719421387, 0.30171307921409607, 0.046862803399562836)","(0.649310290813446, 0.22744734585285187, -0.009924433194100857)","(0.6190261840820312, 0.29856187105178833, 0.016061320900917053)","(0.5977881550788879, 0.30315926671028137, 0.05250835046172142)","(0.5848483443260193, 0.30050837993621826, 0.07941895723342896)","(0.6708817481994629, 0.22679175436496735, 0.005387743469327688)","(0.6386541724205017, 0.28133100271224976, 0.03355589509010315)","(0.6172917485237122, 0.2757595479488373, 0.06219109892845154)","(0.6069149971008301, 0.2632276713848114, 0.08068851381540298)","(0.6884235739707947, 0.22081443667411804, 0.02097858302295208)","(0.6597911715507507, 0.2575003206729889, 0.05174795165657997)","(0.6430173516273499, 0.2497875988483429, 0.06952816247940063)","(0.6348558664321899, 0.23896780610084534, 0.08094869554042816)",Move
1980,"(0.6818639039993286, 0.027404919266700745, -7.398342859232798e-05)","(0.624859094619751, 0.05781915783882141, -0.0002735470770858228)","(0.5952576994895935, 0.11994104087352753, 0.004578626248985529)","(0.5829007029533386, 0.18174245953559875, 0.018131520599126816)","(0.5731239318847656, 0.23139294981956482, 0.03378504887223244)","(0.6185203194618225, 0.1920425444841385, -0.030798468738794327)","(0.5905558466911316, 0.26432475447654724, -0.0178176648914814)","(0.572974443435669, 0.2808421552181244, 0.007014861796051264)","(0.5626090168952942, 0.2856892943382263, 0.029447484761476517)","(0.6469679474830627, 0.20759576559066772, -0.015516906045377254)","(0.6155896782875061, 0.2790850102901459, 0.007019741926342249)","(0.5952767133712769, 0.2812473177909851, 0.04367440938949585)","(0.5822566151618958, 0.27594563364982605, 0.06962879747152328)","(0.6695696115493774, 0.20613226294517517, 0.0045263636857271194)","(0.6367833614349365, 0.2649831175804138, 0.029930170625448227)","(0.6158398985862732, 0.26025640964508057, 0.06130533292889595)","(0.6047507524490356, 0.24546709656715393, 0.08132733404636383)","(0.6876475811004639, 0.19763441383838654, 0.02399464324116707)","(0.6590362787246704, 0.23906253278255463, 0.05152878165245056)","(0.6411427855491638, 0.2327161282300949, 0.07071103900671005)","(0.6316345930099487, 0.2190397083759308, 0.08366657048463821)",Move
1981,"(0.6735637187957764, 0.024231672286987305, -7.377469592029229e-05)","(0.6196109652519226, 0.05032297968864441, -0.006208258680999279)","(0.591362714767456, 0.11165610700845718, -0.0055832285434007645)","(0.580899715423584, 0.17692364752292633, 0.004716656170785427)","(0.5739169716835022, 0.2252628058195114, 0.015836702659726143)","(0.6145609617233276, 0.17486672103405, -0.044611308723688126)","(0.5830488204956055, 0.25696584582328796, -0.024549545720219612)","(0.5672466158866882, 0.2635144591331482, 0.0070671639405190945)","(0.5612228512763977, 0.25446105003356934, 0.031752292066812515)","(0.6436553001403809, 0.1939077079296112, -0.028175175189971924)","(0.6086812615394592, 0.273133784532547, -0.0025502988137304783)","(0.5891941785812378, 0.27343153953552246, 0.03552971035242081)","(0.5784692168235779, 0.2622354328632355, 0.06049221009016037)","(0.6664503812789917, 0.19529573619365692, -0.006109429523348808)","(0.6310534477233887, 0.2653123736381531, 0.020793065428733826)","(0.6104245781898499, 0.2615353465080261, 0.052718594670295715)","(0.6000561714172363, 0.24596647918224335, 0.07190510630607605)","(0.6839752793312073, 0.18660597503185272, 0.015137667767703533)","(0.6531396508216858, 0.23870238661766052, 0.03893909230828285)","(0.6362144351005554, 0.2346070408821106, 0.058749571442604065)","(0.6277248859405518, 0.2218824326992035, 0.07316915690898895)",Move
1982,"(0.6708334684371948, 0.02160966396331787, -5.897189839743078e-05)","(0.6158403158187866, 0.047855183482170105, -0.004735411144793034)","(0.5881401896476746, 0.10797922313213348, -0.002871650503948331)","(0.5794143080711365, 0.16648752987384796, 0.008809595368802547)","(0.5751258134841919, 0.2152959555387497, 0.020854737609624863)","(0.6070425510406494, 0.1699669063091278, -0.04554328694939613)","(0.5792267322540283, 0.24383488297462463, -0.027357067912817)","(0.5627853274345398, 0.24928437173366547, 0.003381121437996626)","(0.5577313899993896, 0.23865392804145813, 0.02757435292005539)","(0.6356078386306763, 0.1867057979106903, -0.02903689444065094)","(0.60653156042099, 0.26632848381996155, -0.006950040813535452)","(0.5864067077636719, 0.26822584867477417, 0.029302988201379776)","(0.5762506723403931, 0.2559961676597595, 0.056417375802993774)","(0.6587463617324829, 0.18673869967460632, -0.006747870240360498)","(0.6257816553115845, 0.24851185083389282, 0.018166501075029373)","(0.6043875813484192, 0.23920708894729614, 0.046521663665771484)","(0.5951710939407349, 0.22098414599895477, 0.06435012072324753)","(0.6764340400695801, 0.17891767621040344, 0.014526535756886005)","(0.6468271017074585, 0.21879547834396362, 0.040550537407398224)","(0.6309804916381836, 0.2076445370912552, 0.057881809771060944)","(0.6246287822723389, 0.19124209880828857, 0.07093266397714615)",Move
1983,"(0.6595442295074463, 0.012737959623336792, -4.5013897761236876e-05)","(0.607162356376648, 0.045901745557785034, 0.0009726243442855775)","(0.5832057595252991, 0.1039513349533081, 0.0005018644733354449)","(0.5775452256202698, 0.15945515036582947, 0.009078442119061947)","(0.5762873888015747, 0.2052331417798996, 0.01668555848300457)","(0.600334107875824, 0.16043247282505035, -0.05262664705514908)","(0.5742290616035461, 0.23133724927902222, -0.03605261817574501)","(0.5580859184265137, 0.24069613218307495, -0.0055875713005661964)","(0.5518689751625061, 0.23271556198596954, 0.018477080389857292)","(0.6292438507080078, 0.1768399178981781, -0.03705030307173729)","(0.6052951216697693, 0.25741416215896606, -0.016084205359220505)","(0.5872718691825867, 0.2645767629146576, 0.020745879039168358)","(0.5778944492340088, 0.2547908425331116, 0.04840857535600662)","(0.6530422568321228, 0.1756138801574707, -0.014962803572416306)","(0.6232422590255737, 0.2260499894618988, 0.017337149009108543)","(0.6072226762771606, 0.20579105615615845, 0.04423239082098007)","(0.6031531095504761, 0.18202319741249084, 0.0574355311691761)","(0.6697520017623901, 0.16804032027721405, 0.007073785178363323)","(0.6417118310928345, 0.19912752509117126, 0.0395803302526474)","(0.629459023475647, 0.18149007856845856, 0.05739914998412132)","(0.6264186501502991, 0.16159477829933167, 0.06846842914819717)",Move
1984,"(0.6556786894798279, 0.007333442568778992, -5.0383652705932036e-05)","(0.6028605103492737, 0.0410756915807724, 0.0032727778889238834)","(0.5796132683753967, 0.10008097440004349, 0.0018416305538266897)","(0.5740667581558228, 0.15601800382137299, 0.00940531212836504)","(0.5741702318191528, 0.19978906214237213, 0.013369664549827576)","(0.593539297580719, 0.14834824204444885, -0.0606904961168766)","(0.5684511661529541, 0.2213701605796814, -0.04494486376643181)","(0.5532498359680176, 0.23439186811447144, -0.013074020855128765)","(0.5471256375312805, 0.22843828797340393, 0.013035091571509838)","(0.6232135891914368, 0.1650458425283432, -0.04539305716753006)","(0.599991500377655, 0.24816611409187317, -0.024825239554047585)","(0.584098219871521, 0.2577691674232483, 0.01285056583583355)","(0.5764287710189819, 0.24940019845962524, 0.04101552814245224)","(0.6478578448295593, 0.16631314158439636, -0.022740237414836884)","(0.6183677911758423, 0.21673932671546936, 0.011728674173355103)","(0.6036874651908875, 0.19248951971530914, 0.039262715727090836)","(0.6004741787910461, 0.16587968170642853, 0.051066990941762924)","(0.66545569896698, 0.161606565117836, 0.00035309020313434303)","(0.6373443007469177, 0.1915905624628067, 0.034720394760370255)","(0.6258125305175781, 0.17142878472805023, 0.05302909016609192)","(0.6235777735710144, 0.14999257028102875, 0.06349804252386093)",Move
1985,"(0.6458550691604614, 0.0056724995374679565, -5.4545162129215896e-05)","(0.5982384085655212, 0.04403728246688843, 0.008185319602489471)","(0.5771312713623047, 0.09755092859268188, 0.011176818050444126)","(0.570987343788147, 0.14802272617816925, 0.020040005445480347)","(0.5698040723800659, 0.1918386071920395, 0.026930617168545723)","(0.5878769755363464, 0.1433521956205368, -0.04634091630578041)","(0.5625364184379578, 0.21291041374206543, -0.035655371844768524)","(0.5479735136032104, 0.22676457464694977, -0.007561475969851017)","(0.5409591794013977, 0.22547292709350586, 0.01716870814561844)","(0.6154260635375977, 0.16044515371322632, -0.0358850434422493)","(0.5913953185081482, 0.2402021735906601, -0.019648537039756775)","(0.5753875374794006, 0.24597063660621643, 0.018122948706150055)","(0.567054033279419, 0.2378973364830017, 0.048397477716207504)","(0.6386644244194031, 0.1632353812456131, -0.01868882216513157)","(0.6094658374786377, 0.22094586491584778, 0.005685161333531141)","(0.5911380052566528, 0.21019817888736725, 0.038494087755680084)","(0.5841407179832458, 0.19338497519493103, 0.05932173132896423)","(0.655945897102356, 0.15906012058258057, -0.0008012524340301752)","(0.629700779914856, 0.1962231546640396, 0.02794663980603218)","(0.6167720556259155, 0.18332281708717346, 0.04924878850579262)","(0.6127284169197083, 0.16767281293869019, 0.06471795588731766)",Move
1986,"(0.6428415775299072, 0.0013538599014282227, -4.496053952607326e-05)","(0.5962058305740356, 0.03679148852825165, 0.011141113005578518)","(0.576694667339325, 0.08593732863664627, 0.017774684354662895)","(0.5711879134178162, 0.13146060705184937, 0.028771385550498962)","(0.5703215599060059, 0.17260529100894928, 0.03988299518823624)","(0.5803554654121399, 0.13591760396957397, -0.03240826725959778)","(0.5554461479187012, 0.20099151134490967, -0.020375728607177734)","(0.5419023036956787, 0.21382713317871094, 0.007822810672223568)","(0.5357980728149414, 0.214064359664917, 0.032431747764348984)","(0.6065077185630798, 0.15275706350803375, -0.023238491266965866)","(0.5823736190795898, 0.22751732170581818, -0.005115155130624771)","(0.5685109496116638, 0.23424850404262543, 0.03235267475247383)","(0.561404824256897, 0.23053672909736633, 0.0623127780854702)","(0.6292658448219299, 0.15716220438480377, -0.008302920497953892)","(0.6021233797073364, 0.21200428903102875, 0.016028080135583878)","(0.5857585072517395, 0.20396149158477783, 0.04938564822077751)","(0.5791468024253845, 0.19123294949531555, 0.07046328485012054)","(0.6476014256477356, 0.15579691529273987, 0.00737538980320096)","(0.6245092749595642, 0.19117838144302368, 0.035669080913066864)","(0.6124076247215271, 0.17944744229316711, 0.05615566298365593)","(0.6081943511962891, 0.16626949608325958, 0.0711328461766243)",Move
1987,"(0.6414347887039185, 0.009054839611053467, -2.534061422920786e-05)","(0.5932050943374634, 0.04332171380519867, 0.015469042584300041)","(0.5719399452209473, 0.08950638771057129, 0.022205989807844162)","(0.5639901161193848, 0.13118650019168854, 0.031091002747416496)","(0.5590425133705139, 0.17130430042743683, 0.03926900774240494)","(0.5766264200210571, 0.13607574999332428, -0.023593494668602943)","(0.5518152117729187, 0.19826091825962067, -0.015001688152551651)","(0.5391015410423279, 0.2125217318534851, 0.009714271873235703)","(0.5334062576293945, 0.21561172604560852, 0.032014213502407074)","(0.6011287569999695, 0.15146787464618683, -0.01839345507323742)","(0.5786778926849365, 0.22039581835269928, -0.0010677094105631113)","(0.5657642483711243, 0.2279883176088333, 0.03552236035466194)","(0.5588800311088562, 0.22832074761390686, 0.06639473140239716)","(0.6231900453567505, 0.156208798289299, -0.0074808960780501366)","(0.5983041524887085, 0.2074553221464157, 0.016708288341760635)","(0.5837728977203369, 0.2008635699748993, 0.0491967536509037)","(0.5782858729362488, 0.1905767172574997, 0.0706709623336792)","(0.6414029598236084, 0.15490366518497467, 0.004290351644158363)","(0.619458794593811, 0.18898749351501465, 0.03197208419442177)","(0.6088927388191223, 0.1785946488380432, 0.0513746440410614)","(0.6055848598480225, 0.16594351828098297, 0.06560354679822922)",Move
1988,"(0.6316363215446472, 0.01164160668849945, -2.2727557734469883e-05)","(0.5866426825523376, 0.04937859624624252, 0.011075875721871853)","(0.5674784779548645, 0.09705571830272675, 0.01632550172507763)","(0.5584964752197266, 0.1387331336736679, 0.025803454220294952)","(0.5533441305160522, 0.17842194437980652, 0.034851107746362686)","(0.5713570713996887, 0.1368601769208908, -0.03716627508401871)","(0.5483121275901794, 0.20031043887138367, -0.024491144344210625)","(0.5372827053070068, 0.20925188064575195, 0.006811137311160564)","(0.5344806909561157, 0.2060621827840805, 0.03304607793688774)","(0.5963203310966492, 0.14946392178535461, -0.02889184094965458)","(0.5757928490638733, 0.21974974870681763, -0.008874986320734024)","(0.564953625202179, 0.2241511046886444, 0.029260288923978806)","(0.5607289671897888, 0.22037848830223083, 0.05978121608495712)","(0.6190433502197266, 0.15170641243457794, -0.01418139785528183)","(0.5963355302810669, 0.20212671160697937, 0.012471056543290615)","(0.5830951929092407, 0.19177237153053284, 0.04628979414701462)","(0.5797462463378906, 0.18024250864982605, 0.06763527542352676)","(0.63731849193573, 0.14999543130397797, 0.0010273559018969536)","(0.6163491010665894, 0.1840324103832245, 0.027558960020542145)","(0.6056007742881775, 0.17318511009216309, 0.04721450060606003)","(0.6034471988677979, 0.16178366541862488, 0.06259412318468094)",Move
1989,"(0.6291207075119019, 0.019456610083580017, -1.9542931113392115e-05)","(0.5829958319664001, 0.05703771114349365, 0.009519209153950214)","(0.5632438063621521, 0.10499459505081177, 0.011576343327760696)","(0.5534967184066772, 0.14734865725040436, 0.01837763749063015)","(0.5491269826889038, 0.1866767704486847, 0.024126162752509117)","(0.5690132975578308, 0.13567765057086945, -0.04846988245844841)","(0.5471017360687256, 0.2007322907447815, -0.03839419037103653)","(0.5356422066688538, 0.2121865153312683, -0.008104680106043816)","(0.5324788093566895, 0.21031510829925537, 0.01777038350701332)","(0.5953388810157776, 0.14598232507705688, -0.04105174168944359)","(0.5742700695991516, 0.21731334924697876, -0.024277426302433014)","(0.5618169903755188, 0.22352352738380432, 0.012602838687598705)","(0.5574209690093994, 0.21998441219329834, 0.042006250470876694)","(0.6188775300979614, 0.1487896591424942, -0.02676582708954811)","(0.5954779386520386, 0.1998773217201233, -0.0018183774081990123)","(0.5823153853416443, 0.18633165955543518, 0.030196143314242363)","(0.5801581740379333, 0.17206715047359467, 0.049679480493068695)","(0.6372914910316467, 0.14986789226531982, -0.01174156367778778)","(0.6161211729049683, 0.18596576154232025, 0.01336817629635334)","(0.6054815053939819, 0.17372581362724304, 0.03336365148425102)","(0.6042348146438599, 0.16127316653728485, 0.048738911747932434)",Move
1990,"(0.6219226121902466, 0.019835054874420166, -2.3529230020358227e-05)","(0.5776612162590027, 0.05091007053852081, 0.007254584226757288)","(0.5576711893081665, 0.1020253524184227, 0.004658787045627832)","(0.5491291880607605, 0.15116769075393677, 0.008336462080478668)","(0.5460991859436035, 0.19147968292236328, 0.010046543553471565)","(0.5676318407058716, 0.1264328956604004, -0.059589240700006485)","(0.5474904775619507, 0.20048798620700836, -0.0486702099442482)","(0.5352209210395813, 0.20992153882980347, -0.01743973232805729)","(0.5324731469154358, 0.20201680064201355, 0.0077385809272527695)","(0.5963912606239319, 0.13957056403160095, -0.05256549268960953)","(0.5747243762016296, 0.21800383925437927, -0.03332073241472244)","(0.5599796772003174, 0.22158531844615936, 0.005374891683459282)","(0.5561431050300598, 0.2113296091556549, 0.03283590078353882)","(0.6219244599342346, 0.14308372139930725, -0.03875664994120598)","(0.5971554517745972, 0.2033868283033371, -0.011785458773374557)","(0.581929087638855, 0.19133959710597992, 0.022039346396923065)","(0.5800643563270569, 0.17432229220867157, 0.039780791848897934)","(0.6413009762763977, 0.14181309938430786, -0.024100210517644882)","(0.6188122630119324, 0.18629245460033417, 0.002211933955550194)","(0.6066861748695374, 0.1781940758228302, 0.025252757593989372)","(0.6056603193283081, 0.16696885228157043, 0.04159850999712944)",Move
1991,"(0.6200006008148193, 0.028181105852127075, -4.394238567329012e-05)","(0.5767924189567566, 0.05517242103815079, 0.003443727968260646)","(0.5560343265533447, 0.10405003279447556, -0.00019725636229850352)","(0.5510408282279968, 0.15368802845478058, 0.002273348392918706)","(0.5546061992645264, 0.19263434410095215, 0.002742181997746229)","(0.5638020038604736, 0.1242792159318924, -0.07288044691085815)","(0.543041467666626, 0.19944524765014648, -0.05993422865867615)","(0.5334812998771667, 0.20666678249835968, -0.02629443071782589)","(0.532014787197113, 0.19601957499980927, -0.000989811378531158)","(0.5923686027526855, 0.13823828101158142, -0.06499751657247543)","(0.5707353353500366, 0.21976003050804138, -0.04679476469755173)","(0.5578274130821228, 0.22102148830890656, -0.00856750551611185)","(0.5543641448020935, 0.20695790648460388, 0.016839327290654182)","(0.6175787448883057, 0.1445532739162445, -0.04984930530190468)","(0.5921931266784668, 0.2078457772731781, -0.025668315589427948)","(0.5772754549980164, 0.19491226971149445, 0.007837662473320961)","(0.5749559998512268, 0.17650215327739716, 0.025062810629606247)","(0.6367047429084778, 0.14590363204479218, -0.033944759517908096)","(0.6134163737297058, 0.19127881526947021, -0.011486498638987541)","(0.6012982726097107, 0.17959687113761902, 0.010705034248530865)","(0.6001709699630737, 0.16548852622509003, 0.026224397122859955)",Move
1992,"(0.6136107444763184, 0.0249103382229805, -4.232252103975043e-05)","(0.5720379948616028, 0.05390492081642151, 0.003917390014976263)","(0.5529330968856812, 0.1014624685049057, -0.0035129841417074203)","(0.5483371615409851, 0.14811235666275024, -0.004600197542458773)","(0.5525423288345337, 0.18562138080596924, -0.008005432784557343)","(0.5608803629875183, 0.12087631225585938, -0.07478656619787216)","(0.5417483448982239, 0.1989663690328598, -0.06421569734811783)","(0.5319656133651733, 0.2067004144191742, -0.031002085655927658)","(0.5303182005882263, 0.194551020860672, -0.004906511399894953)","(0.5911113619804382, 0.13418562710285187, -0.06740667670965195)","(0.5707762241363525, 0.21822088956832886, -0.051813095808029175)","(0.5577183365821838, 0.22234047949314117, -0.013122106902301311)","(0.5540785193443298, 0.209693044424057, 0.012914811260998249)","(0.6180245876312256, 0.13884660601615906, -0.052955612540245056)","(0.5938811302185059, 0.2053421437740326, -0.028028611093759537)","(0.5798489451408386, 0.1908934861421585, 0.006096688564866781)","(0.5782997012138367, 0.17052501440048218, 0.022610364481806755)","(0.638285219669342, 0.13747280836105347, -0.037883222103118896)","(0.615889847278595, 0.18480274081230164, -0.015152501873672009)","(0.603969931602478, 0.17467346787452698, 0.00638750521466136)","(0.6032652854919434, 0.1611553132534027, 0.021771539002656937)",Move
1993,"(0.6138084530830383, 0.028296642005443573, -5.220637467573397e-05)","(0.5718085765838623, 0.05150150507688522, 0.003400094574317336)","(0.549187958240509, 0.09976929426193237, -0.005693444050848484)","(0.5438529253005981, 0.15148644149303436, -0.007708222139626741)","(0.5475500226020813, 0.18897150456905365, -0.01144794374704361)","(0.5606630444526672, 0.11780128628015518, -0.07949140667915344)","(0.5402103066444397, 0.1952625960111618, -0.06715410947799683)","(0.5311825275421143, 0.20202934741973877, -0.0352974459528923)","(0.5292189717292786, 0.19136185944080353, -0.011699147522449493)","(0.5906816720962524, 0.1340346783399582, -0.07312960177659988)","(0.568945050239563, 0.21887364983558655, -0.05636632815003395)","(0.5564754605293274, 0.21985690295696259, -0.019398929551243782)","(0.5535197854042053, 0.20386327803134918, 0.0038975016213953495)","(0.6173559427261353, 0.13969983160495758, -0.05941624939441681)","(0.5926125049591064, 0.2087717205286026, -0.03526151925325394)","(0.5792177319526672, 0.19314584136009216, -0.0020445422269403934)","(0.5778663754463196, 0.1701502948999405, 0.013157205656170845)","(0.6373825073242188, 0.13810130953788757, -0.04485177621245384)","(0.6152890920639038, 0.18844416737556458, -0.023214921355247498)","(0.603640079498291, 0.17573483288288116, -0.0017749411053955555)","(0.6029388308525085, 0.15820740163326263, 0.012241772376000881)",Position
1994,"(0.6149771809577942, 0.029955431818962097, -5.579714706982486e-05)","(0.5740073919296265, 0.04915625602006912, 0.00032670647487975657)","(0.5517998933792114, 0.09593748301267624, -0.011162674985826015)","(0.5460578203201294, 0.1456049084663391, -0.015019682236015797)","(0.5502339005470276, 0.18290826678276062, -0.020298002287745476)","(0.5608464479446411, 0.11586467176675797, -0.08580230176448822)","(0.5393180251121521, 0.194101944565773, -0.0720001682639122)","(0.5315968990325928, 0.19742515683174133, -0.03798771649599075)","(0.5320397615432739, 0.18274369835853577, -0.012544102035462856)","(0.5908226370811462, 0.13253220915794373, -0.07842118293046951)","(0.5680177807807922, 0.22030749917030334, -0.06241370365023613)","(0.556467592716217, 0.21932072937488556, -0.024417176842689514)","(0.5547794103622437, 0.20181438326835632, -0.0004885668749921024)","(0.6171902418136597, 0.13901755213737488, -0.06351147592067719)","(0.5916261076927185, 0.2090984582901001, -0.038912057876586914)","(0.5791046023368835, 0.19054430723190308, -0.005661753937602043)","(0.5789234638214111, 0.16702871024608612, 0.008504407480359077)","(0.6368724703788757, 0.1386127918958664, -0.04787829890847206)","(0.6133607625961304, 0.18732300400733948, -0.025205254554748535)","(0.6022619009017944, 0.17331716418266296, -0.0036227155942469835)","(0.6025604009628296, 0.15667571127414703, 0.010078865103423595)",Position
1995,"(0.6125543713569641, 0.026500508189201355, -5.6176002544816583e-05)","(0.5716916918754578, 0.04939236491918564, 0.0021795686334371567)","(0.5506088733673096, 0.09634804725646973, -0.007328538224101067)","(0.5455144643783569, 0.1447531282901764, -0.010208599269390106)","(0.5490568280220032, 0.18226252496242523, -0.014985102228820324)","(0.5591244101524353, 0.1161043643951416, -0.08049371093511581)","(0.5393369197845459, 0.19383129477500916, -0.07059634476900101)","(0.5298125147819519, 0.20183220505714417, -0.038600239902734756)","(0.5285652279853821, 0.18983638286590576, -0.013201632536947727)","(0.5894954800605774, 0.13204917311668396, -0.07352951914072037)","(0.5686612129211426, 0.21716387569904327, -0.0597149059176445)","(0.5551528334617615, 0.22115802764892578, -0.021692967042326927)","(0.5514365434646606, 0.20781028270721436, 0.003918231464922428)","(0.6162409782409668, 0.13777613639831543, -0.05950682610273361)","(0.5918149948120117, 0.20804092288017273, -0.03661904111504555)","(0.5771400332450867, 0.19476020336151123, -0.0020586850587278605)","(0.5751015543937683, 0.17370060086250305, 0.014726673252880573)","(0.6363539695739746, 0.13601014018058777, -0.044733379036188126)","(0.6136715412139893, 0.1856537163257599, -0.022731484845280647)","(0.6013697981834412, 0.17506983876228333, -9.768364543560892e-05)","(0.6003191471099854, 0.16039952635765076, 0.015718668699264526)",Position
1996,"(0.6125908493995667, 0.027453690767288208, -5.542805229197256e-05)","(0.571670651435852, 0.04412790387868881, 0.0001086843985831365)","(0.5492199659347534, 0.08979421854019165, -0.013130059465765953)","(0.5441638231277466, 0.14133977890014648, -0.019245004281401634)","(0.5489546060562134, 0.17863376438617706, -0.026781786233186722)","(0.559694766998291, 0.11190786957740784, -0.08268093317747116)","(0.5381588935852051, 0.19153502583503723, -0.07068796455860138)","(0.5297150015830994, 0.1950538605451584, -0.03996897116303444)","(0.5291951894760132, 0.1812620460987091, -0.016379792243242264)","(0.5902805924415588, 0.13095633685588837, -0.0756654292345047)","(0.5675408840179443, 0.2187594175338745, -0.06062249466776848)","(0.5554516911506653, 0.21741259098052979, -0.02432316727936268)","(0.5534902811050415, 0.1995500773191452, -0.0011268301168456674)","(0.6170534491539001, 0.13810761272907257, -0.061556607484817505)","(0.5915626287460327, 0.2084309160709381, -0.03645290061831474)","(0.5786135792732239, 0.18971186876296997, -0.003985632210969925)","(0.5782540440559387, 0.16523607075214386, 0.010313699021935463)","(0.6367092728614807, 0.13694016635417938, -0.04715042561292648)","(0.6130988597869873, 0.18656429648399353, -0.0236501544713974)","(0.6018547415733337, 0.1728449910879135, -0.001768103102222085)","(0.6020789742469788, 0.15484079718589783, 0.012077623046934605)",Position
1997,"(0.61175537109375, 0.026632972061634064, -6.203172233654186e-05)","(0.5707540512084961, 0.04345487803220749, 0.0011932426132261753)","(0.5474942922592163, 0.09111787378787994, -0.009894328191876411)","(0.541599690914154, 0.1434391289949417, -0.013272016309201717)","(0.5452818274497986, 0.18025816977024078, -0.018000030890107155)","(0.5590401887893677, 0.11200270801782608, -0.08415018022060394)","(0.537988543510437, 0.1924183964729309, -0.06990019977092743)","(0.5290212631225586, 0.19215989112854004, -0.035981759428977966)","(0.5292015671730042, 0.17675691843032837, -0.01045546866953373)","(0.5888414978981018, 0.1305510252714157, -0.07712360471487045)","(0.5665116310119629, 0.2184445858001709, -0.059240926057100296)","(0.5538832545280457, 0.21203398704528809, -0.020046627148985863)","(0.5525227189064026, 0.19203093647956848, 0.004715531133115292)","(0.6151013374328613, 0.13764023780822754, -0.06284189224243164)","(0.5904906988143921, 0.20918545126914978, -0.03770631179213524)","(0.5767450928688049, 0.19096922874450684, -0.0038572305347770452)","(0.5763645172119141, 0.1681353747844696, 0.011048201471567154)","(0.6348787546157837, 0.13695722818374634, -0.04782739654183388)","(0.6123706698417664, 0.18718641996383667, -0.02505527064204216)","(0.6009030938148499, 0.1731400489807129, -0.0030861860141158104)","(0.6010122895240784, 0.15569594502449036, 0.01095147430896759)",Position
1998,"(0.6145045161247253, 0.028294041752815247, -6.213740562088788e-05)","(0.5717246532440186, 0.04363526403903961, -0.0007658104877918959)","(0.546917736530304, 0.09101097285747528, -0.013886365108191967)","(0.5413333773612976, 0.14406682550907135, -0.018885035067796707)","(0.5472068786621094, 0.17951804399490356, -0.025230763480067253)","(0.5593214631080627, 0.11129675805568695, -0.08663531392812729)","(0.5377488136291504, 0.19285839796066284, -0.07132472842931747)","(0.5290186405181885, 0.19140619039535522, -0.03605151176452637)","(0.5298715233802795, 0.17435230314731598, -0.010366185568273067)","(0.5896788239479065, 0.12928982079029083, -0.07922986149787903)","(0.566292405128479, 0.21818630397319794, -0.061684392392635345)","(0.5534535050392151, 0.21027128398418427, -0.02212422713637352)","(0.5524191856384277, 0.18922969698905945, 0.002111583948135376)","(0.6160337328910828, 0.13694658875465393, -0.06451703608036041)","(0.5900231003761292, 0.20768047869205475, -0.03904541954398155)","(0.5766673684120178, 0.1872762143611908, -0.005503134801983833)","(0.5769959688186646, 0.1636572629213333, 0.007714823819696903)","(0.6355397701263428, 0.13722015917301178, -0.0490921251475811)","(0.6112314462661743, 0.18576361238956451, -0.026137273758649826)","(0.599810779094696, 0.17040424048900604, -0.005206450819969177)","(0.6007422804832458, 0.15315452218055725, 0.007457602769136429)",Position
1999,"(0.61387038230896, 0.02837108075618744, -6.538525485666469e-05)","(0.5701339244842529, 0.03907002508640289, -0.0043473998084664345)","(0.5445297956466675, 0.08620138466358185, -0.02079314924776554)","(0.5391873717308044, 0.14090506732463837, -0.028423385694622993)","(0.5470314025878906, 0.17813429236412048, -0.03670575097203255)","(0.5587901473045349, 0.11025717854499817, -0.08815430849790573)","(0.5369280576705933, 0.19199909269809723, -0.07291991263628006)","(0.5294896960258484, 0.18652945756912231, -0.038148749619722366)","(0.5314826965332031, 0.1669028252363205, -0.012672914192080498)","(0.5895386338233948, 0.1278218775987625, -0.080477274954319)","(0.5649559497833252, 0.21788343787193298, -0.06360065191984177)","(0.5530099868774414, 0.20619434118270874, -0.02542288973927498)","(0.5537607073783875, 0.18293607234954834, -0.00309350760653615)","(0.6159743070602417, 0.13441799581050873, -0.0662078708410263)","(0.5889072418212891, 0.20795714855194092, -0.04051077365875244)","(0.5768298506736755, 0.1843901127576828, -0.008064588531851768)","(0.5791715979576111, 0.15904676914215088, 0.0036069524940103292)","(0.6356375813484192, 0.13341601192951202, -0.05135146901011467)","(0.6110193729400635, 0.18535102903842926, -0.028116373345255852)","(0.6001040935516357, 0.16908425092697144, -0.007773061282932758)","(0.6024084091186523, 0.15098868310451508, 0.003163750749081373)",Position
2000,"(0.6112637519836426, 0.02593076229095459, -6.518769805552438e-05)","(0.5683196187019348, 0.038466013967990875, -0.001320896204560995)","(0.5425533056259155, 0.08752749860286713, -0.01516752690076828)","(0.5359308123588562, 0.1436322182416916, -0.020582018420100212)","(0.5413342714309692, 0.18080267310142517, -0.02665254846215248)","(0.5584571361541748, 0.10767418146133423, -0.08408483117818832)","(0.5378965735435486, 0.19120092689990997, -0.0688956156373024)","(0.5295946002006531, 0.18975864350795746, -0.03413691744208336)","(0.5304745435714722, 0.17238901555538177, -0.00855144951492548)","(0.5884639024734497, 0.12493854016065598, -0.07712506502866745)","(0.5653862953186035, 0.21669955551624298, -0.059049177914857864)","(0.5528345108032227, 0.20853495597839355, -0.01880604960024357)","(0.5523879528045654, 0.18665827810764313, 0.006059629842638969)","(0.6144130229949951, 0.13216111063957214, -0.06349598616361618)","(0.5876491665840149, 0.20633560419082642, -0.03735766559839249)","(0.5749185681343079, 0.184905543923378, -0.003302456811070442)","(0.5764800310134888, 0.1604897677898407, 0.01061335951089859)","(0.6338984370231628, 0.13212837278842926, -0.049126461148262024)","(0.6090771555900574, 0.18436220288276672, -0.025671932846307755)","(0.5976260900497437, 0.1697167307138443, -0.004661505110561848)","(0.5993355512619019, 0.15252122282981873, 0.007779738400131464)",Position
2001,"(0.6129050850868225, 0.028500281274318695, -6.269132427405566e-05)","(0.5692756772041321, 0.0390285849571228, -0.002729276893660426)","(0.5435469746589661, 0.08516639471054077, -0.018031902611255646)","(0.5374061465263367, 0.14072257280349731, -0.024600738659501076)","(0.5439912676811218, 0.17706449329853058, -0.030730880796909332)","(0.558092474937439, 0.10550268739461899, -0.08850090950727463)","(0.5372502207756042, 0.19161441922187805, -0.07370126247406006)","(0.5293996930122375, 0.18850789964199066, -0.03756578266620636)","(0.5308177471160889, 0.17065247893333435, -0.010948926210403442)","(0.5874671339988708, 0.12306375056505203, -0.08168301731348038)","(0.5642138719558716, 0.21622809767723083, -0.06561898440122604)","(0.5523945093154907, 0.205581396818161, -0.025849374011158943)","(0.5529382824897766, 0.18309101462364197, -0.0018759090453386307)","(0.6128321886062622, 0.13122904300689697, -0.06823110580444336)","(0.5865568518638611, 0.20616254210472107, -0.04396824166178703)","(0.5747819542884827, 0.18408948183059692, -0.009840100072324276)","(0.5770881175994873, 0.16013549268245697, 0.0036050814669579268)","(0.6319189071655273, 0.1324533373117447, -0.054039958864450455)","(0.6080775260925293, 0.18474291265010834, -0.031708769500255585)","(0.597459077835083, 0.16895654797554016, -0.010959972627460957)","(0.5999141335487366, 0.1518208086490631, 0.0012051388621330261)",Position
2002,"(0.6063891053199768, 0.02741805464029312, -6.631419819314033e-05)","(0.5637035369873047, 0.0414930060505867, -0.0009258618811145425)","(0.5393646955490112, 0.09035494923591614, -0.016075115650892258)","(0.5349487066268921, 0.14783018827438354, -0.02246028371155262)","(0.5442173480987549, 0.18556198477745056, -0.028171740472316742)","(0.555560290813446, 0.10679902881383896, -0.08450949192047119)","(0.5363597869873047, 0.19202584028244019, -0.06657392531633377)","(0.5324001312255859, 0.1794746369123459, -0.029452677816152573)","(0.536641538143158, 0.15569396317005157, -0.00396948354318738)","(0.5857305526733398, 0.12169326841831207, -0.07859236747026443)","(0.5636768341064453, 0.21505066752433777, -0.059775326400995255)","(0.5534661412239075, 0.20239569246768951, -0.01921193301677704)","(0.5550398230552673, 0.1783384382724762, 0.0037540653720498085)","(0.6115931868553162, 0.12927156686782837, -0.06614232808351517)","(0.5849531888961792, 0.20475761592388153, -0.03785894438624382)","(0.573821485042572, 0.1818225383758545, -0.0026652789674699306)","(0.576690673828125, 0.15780183672904968, 0.009826317429542542)","(0.6314278244972229, 0.13077615201473236, -0.052978407591581345)","(0.6066271066665649, 0.18484920263290405, -0.027103256434202194)","(0.5964382290840149, 0.17072272300720215, -0.005504376254975796)","(0.5995604395866394, 0.1545685976743698, 0.005768389441072941)",Position
2003,"(0.6058140397071838, 0.030341915786266327, -6.691008456982672e-05)","(0.5628581643104553, 0.044416338205337524, -0.0030635339207947254)","(0.538963258266449, 0.09381955116987228, -0.018910961225628853)","(0.5359475016593933, 0.15099820494651794, -0.025718428194522858)","(0.5455722808837891, 0.18521127104759216, -0.032247159630060196)","(0.5562651753425598, 0.10668136179447174, -0.09045403450727463)","(0.5366954207420349, 0.19352607429027557, -0.07340822368860245)","(0.5313568115234375, 0.18427929282188416, -0.035261448472738266)","(0.5343126058578491, 0.16397957503795624, -0.007946752943098545)","(0.5860627889633179, 0.1217731460928917, -0.08350800722837448)","(0.5633450150489807, 0.21480387449264526, -0.06665118783712387)","(0.5530029535293579, 0.20202594995498657, -0.025914793834090233)","(0.5548303127288818, 0.17899014055728912, -0.0028140356298536062)","(0.6110770106315613, 0.12950396537780762, -0.06982085853815079)","(0.5851815938949585, 0.2071557641029358, -0.04463847726583481)","(0.5732842087745667, 0.1861659586429596, -0.009958211332559586)","(0.5756546258926392, 0.16255375742912292, 0.0027223974466323853)","(0.6295509934425354, 0.13167354464530945, -0.055215127766132355)","(0.6056047677993774, 0.1859607696533203, -0.03229207545518875)","(0.5947061777114868, 0.17114175856113434, -0.011285410262644291)","(0.5973623991012573, 0.15439660847187042, 0.00028829387156292796)",Position
2004,"(0.6078622341156006, 0.035178042948246, -6.119970203144476e-05)","(0.5648815035820007, 0.04717063903808594, 0.0002889324096031487)","(0.5394052863121033, 0.09423032402992249, -0.014050302095711231)","(0.5345648527145386, 0.14793875813484192, -0.02004353143274784)","(0.5420365929603577, 0.18240542709827423, -0.02501620538532734)","(0.5532734990119934, 0.10616627335548401, -0.0867769792675972)","(0.5352498292922974, 0.1892961859703064, -0.07145734876394272)","(0.5295522809028625, 0.1854821741580963, -0.035637058317661285)","(0.5312473773956299, 0.16644452512264252, -0.010458773002028465)","(0.5832118988037109, 0.12225315719842911, -0.08161626011133194)","(0.5627284049987793, 0.21413099765777588, -0.06833426654338837)","(0.5517878532409668, 0.21008095145225525, -0.02953679859638214)","(0.5514681935310364, 0.1894873082637787, -0.005129659082740545)","(0.6095049381256104, 0.13008159399032593, -0.06926096230745316)","(0.585103452205658, 0.20333917438983917, -0.04593601077795029)","(0.5723901987075806, 0.1857534945011139, -0.011766787618398666)","(0.5722718238830566, 0.16264274716377258, 0.0019320735009387136)","(0.6292651891708374, 0.1316651850938797, -0.05590697377920151)","(0.6065130233764648, 0.18127669394016266, -0.033443305641412735)","(0.5949313640594482, 0.16943587362766266, -0.011913610622286797)","(0.5953712463378906, 0.15453465282917023, 0.0010785080958157778)",Position
2005,"(0.6027629375457764, 0.03317122161388397, -5.545518433791585e-05)","(0.5607830286026001, 0.04409544914960861, -0.003841852303594351)","(0.5372373461723328, 0.09238936007022858, -0.021118691191077232)","(0.5358186960220337, 0.14732849597930908, -0.028603127226233482)","(0.5490034222602844, 0.1817777007818222, -0.03502251207828522)","(0.5527776479721069, 0.1042628139257431, -0.08722219616174698)","(0.5338860154151917, 0.18896405398845673, -0.07230274379253387)","(0.5308715105056763, 0.17578761279582977, -0.0362471304833889)","(0.5356535315513611, 0.15251725912094116, -0.010898775421082973)","(0.5832933783531189, 0.11936128884553909, -0.08092179894447327)","(0.561771810054779, 0.21244937181472778, -0.06551121920347214)","(0.5527801513671875, 0.19920270144939423, -0.027926908805966377)","(0.5551919937133789, 0.17562207579612732, -0.006967655848711729)","(0.6091154217720032, 0.12687425315380096, -0.068163201212883)","(0.5830479264259338, 0.20030876994132996, -0.04091356322169304)","(0.5720793008804321, 0.17631493508815765, -0.009070237167179585)","(0.5750823020935059, 0.15229415893554688, 9.233931450580712e-06)","(0.6282857060432434, 0.1284579485654831, -0.05524761229753494)","(0.6024295091629028, 0.17935864627361298, -0.02971062622964382)","(0.5929404497146606, 0.16345560550689697, -0.009960400871932507)","(0.597417950630188, 0.14732390642166138, -0.0009127917583100498)",Position
2006,"(0.60185307264328, 0.03756887465715408, -6.142756319604814e-05)","(0.5596618056297302, 0.05050548166036606, -0.0008769771666266024)","(0.5359703302383423, 0.096844881772995, -0.01645667292177677)","(0.532351016998291, 0.15065748989582062, -0.023514429107308388)","(0.5412082672119141, 0.18637223541736603, -0.03005114756524563)","(0.5508543848991394, 0.10750986635684967, -0.08617512881755829)","(0.5345277786254883, 0.19054003059864044, -0.07164932787418365)","(0.5295645594596863, 0.18652108311653137, -0.03656266629695892)","(0.5313845872879028, 0.1676679253578186, -0.01135780569165945)","(0.5802908539772034, 0.12220972776412964, -0.08096453547477722)","(0.5611218214035034, 0.2144346535205841, -0.06665018945932388)","(0.5510781407356262, 0.2084408551454544, -0.027530265972018242)","(0.5515967607498169, 0.18773801624774933, -0.004292365629225969)","(0.6059067845344543, 0.1296554058790207, -0.06905015558004379)","(0.5824320316314697, 0.2050882875919342, -0.04544183984398842)","(0.5703403949737549, 0.18633660674095154, -0.010976813733577728)","(0.5712645053863525, 0.16355839371681213, 0.001933252322487533)","(0.6253731846809387, 0.1314585953950882, -0.05638710409402847)","(0.6032481789588928, 0.18463625013828278, -0.03365295007824898)","(0.5921304821968079, 0.17221564054489136, -0.012491009198129177)","(0.593499481678009, 0.15653644502162933, -0.0006897909916006029)",Position
2007,"(0.6031320691108704, 0.040805354714393616, -6.777914677513763e-05)","(0.5611177682876587, 0.05112704634666443, -0.004203564953058958)","(0.5366249084472656, 0.09534396231174469, -0.021885961294174194)","(0.5320281386375427, 0.14924059808254242, -0.03059818409383297)","(0.5418367385864258, 0.18501707911491394, -0.03891412913799286)","(0.5511476993560791, 0.10636657476425171, -0.0859837755560875)","(0.5336071848869324, 0.19023923575878143, -0.07300939410924911)","(0.5286456346511841, 0.1855481117963791, -0.03827361762523651)","(0.5310938954353333, 0.16595008969306946, -0.012861994095146656)","(0.5800606608390808, 0.12136655300855637, -0.0798390805721283)","(0.5602309703826904, 0.21249237656593323, -0.06593235582113266)","(0.5506938695907593, 0.20476362109184265, -0.027610529214143753)","(0.5520596504211426, 0.1826317012310028, -0.004833268001675606)","(0.6047126650810242, 0.13009604811668396, -0.06767626106739044)","(0.5800873637199402, 0.2028229534626007, -0.04283333569765091)","(0.5678421258926392, 0.18318814039230347, -0.009457328356802464)","(0.5690556764602661, 0.15989141166210175, 0.002112599555402994)","(0.6230301856994629, 0.13344793021678925, -0.05542704463005066)","(0.5989432334899902, 0.18305905163288116, -0.03142816573381424)","(0.5881622433662415, 0.1700388640165329, -0.011767745949327946)","(0.5904359817504883, 0.1543271243572235, -0.0014992133947089314)",Position
2008,"(0.5999650955200195, 0.04394421726465225, -6.58969147480093e-05)","(0.5570070743560791, 0.05182372033596039, -0.007289048284292221)","(0.5331642031669617, 0.09765052050352097, -0.027493223547935486)","(0.5322687029838562, 0.15347295999526978, -0.037243422120809555)","(0.5471503138542175, 0.18822306394577026, -0.04548085480928421)","(0.5493642091751099, 0.10341444611549377, -0.09469657391309738)","(0.5302642583847046, 0.191582590341568, -0.08102793991565704)","(0.5294530391693115, 0.17372232675552368, -0.04122244566679001)","(0.5350581407546997, 0.1500791609287262, -0.012045019306242466)","(0.5791563987731934, 0.11837264895439148, -0.08840618282556534)","(0.5579984784126282, 0.21234437823295593, -0.07473762333393097)","(0.5514593720436096, 0.19436833262443542, -0.0347069650888443)","(0.555304765701294, 0.17107701301574707, -0.013608948327600956)","(0.6038634181022644, 0.12769997119903564, -0.0756869912147522)","(0.5788371562957764, 0.2049592286348343, -0.05090171843767166)","(0.5683558583259583, 0.18091949820518494, -0.01626022718846798)","(0.5715137124061584, 0.15768243372440338, -0.0059722005389630795)","(0.6223185062408447, 0.13230694830417633, -0.06308393180370331)","(0.5968852639198303, 0.18537241220474243, -0.03956576809287071)","(0.5880648493766785, 0.16917991638183594, -0.019768821075558662)","(0.5933247804641724, 0.1533501148223877, -0.011126404628157616)",Position
2009,"(0.6001242399215698, 0.04712428152561188, -7.361717871390283e-05)","(0.5569258332252502, 0.05210410803556442, -0.005209584254771471)","(0.5315126776695251, 0.09824706614017487, -0.024082191288471222)","(0.5302051305770874, 0.15475940704345703, -0.033295053988695145)","(0.5446656942367554, 0.1888960748910904, -0.040437087416648865)","(0.5476095676422119, 0.1044696569442749, -0.09195601940155029)","(0.528548002243042, 0.19227144122123718, -0.07710955291986465)","(0.5288172364234924, 0.16929936408996582, -0.036745261400938034)","(0.535072386264801, 0.14467759430408478, -0.007745536509901285)","(0.5765711665153503, 0.11960359662771225, -0.08693522214889526)","(0.5557183623313904, 0.21163612604141235, -0.07236600667238235)","(0.5509206652641296, 0.18895240128040314, -0.03127148002386093)","(0.5560536980628967, 0.16613835096359253, -0.010680382139980793)","(0.6008730530738831, 0.1296214759349823, -0.07552050799131393)","(0.5763264894485474, 0.20654763281345367, -0.0509626679122448)","(0.5675264000892639, 0.18055987358093262, -0.0164430383592844)","(0.5720010995864868, 0.1582813560962677, -0.007078314665704966)","(0.6196568608283997, 0.13522696495056152, -0.06396171450614929)","(0.5949445962905884, 0.18768632411956787, -0.040829554200172424)","(0.5879718065261841, 0.16867181658744812, -0.021571576595306396)","(0.5945590138435364, 0.15288174152374268, -0.013793517835438251)",Position
2010,"(0.5965808629989624, 0.04164040833711624, -5.8575817092787474e-05)","(0.5546144247055054, 0.048527926206588745, -0.004459190648049116)","(0.5302937626838684, 0.09552951157093048, -0.0206290353089571)","(0.5287045240402222, 0.15030792355537415, -0.027205241844058037)","(0.5420824885368347, 0.18341881036758423, -0.031934283673763275)","(0.5463923215866089, 0.10623274743556976, -0.08460823446512222)","(0.527340829372406, 0.19026103615760803, -0.06824058294296265)","(0.5268017053604126, 0.17083951830863953, -0.029823074117302895)","(0.5326865315437317, 0.14668022096157074, -0.0019145816331729293)","(0.575099766254425, 0.12223850935697556, -0.07875754684209824)","(0.5552680492401123, 0.21399061381816864, -0.063076451420784)","(0.5489800572395325, 0.19635555148124695, -0.02481651119887829)","(0.5526437163352966, 0.1733454167842865, -0.005381252150982618)","(0.5990368723869324, 0.13178086280822754, -0.06615005433559418)","(0.5749627947807312, 0.2075248658657074, -0.04119212180376053)","(0.565017819404602, 0.1841009110212326, -0.007563600782305002)","(0.5681798458099365, 0.161590576171875, 0.003258664160966873)","(0.617155134677887, 0.1359863132238388, -0.053469009697437286)","(0.592467188835144, 0.1886170506477356, -0.030237434431910515)","(0.5839630961418152, 0.17236602306365967, -0.010196449235081673)","(0.5889104604721069, 0.1566958725452423, -0.0007216839585453272)",Position
2011,"(0.5951112508773804, 0.04069213569164276, -6.90691449563019e-05)","(0.5528823137283325, 0.050594307482242584, -0.004040709231048822)","(0.5297661423683167, 0.10101854056119919, -0.02019890584051609)","(0.5300946235656738, 0.1574770212173462, -0.026459157466888428)","(0.5446398854255676, 0.18958212435245514, -0.030774949118494987)","(0.5459665656089783, 0.10769567638635635, -0.08945018798112869)","(0.526560366153717, 0.1907801330089569, -0.07052845507860184)","(0.5270812511444092, 0.16887831687927246, -0.029519332572817802)","(0.5336316823959351, 0.14481624960899353, -0.001413389341905713)","(0.5745859146118164, 0.12201254069805145, -0.08346565067768097)","(0.5539023876190186, 0.21167021989822388, -0.06638933718204498)","(0.5492759346961975, 0.19312186539173126, -0.02791757509112358)","(0.5540704727172852, 0.17099426686763763, -0.009834649041295052)","(0.5986425876617432, 0.13055269420146942, -0.07065142691135406)","(0.5743645429611206, 0.20347271859645844, -0.04441629722714424)","(0.5660001039505005, 0.17908841371536255, -0.012361371889710426)","(0.5699630975723267, 0.15749627351760864, -0.005088965408504009)","(0.6171027421951294, 0.1348593533039093, -0.05742105096578598)","(0.5929384827613831, 0.1845705509185791, -0.03381505236029625)","(0.5857052206993103, 0.16628651320934296, -0.015372212044894695)","(0.5916903614997864, 0.1513568013906479, -0.008542077615857124)",Position
2012,"(0.5972444415092468, 0.044843003153800964, -7.548678695457056e-05)","(0.5544100999832153, 0.05111326277256012, -0.005292749032378197)","(0.5306106805801392, 0.09808561205863953, -0.023458242416381836)","(0.5310716032981873, 0.15410169959068298, -0.03206474706530571)","(0.5457847714424133, 0.18807917833328247, -0.0381811298429966)","(0.5445088744163513, 0.10484763979911804, -0.09337437152862549)","(0.5252366065979004, 0.19166478514671326, -0.07622289657592773)","(0.5263606309890747, 0.17109045386314392, -0.035260189324617386)","(0.5330564975738525, 0.14720989763736725, -0.0072084348648786545)","(0.5733018517494202, 0.11964188516139984, -0.08795737475156784)","(0.5521803498268127, 0.2122143656015396, -0.07220353186130524)","(0.5481128692626953, 0.19353462755680084, -0.03258051723241806)","(0.5527235269546509, 0.1714908331632614, -0.013379253447055817)","(0.5976935625076294, 0.12934313714504242, -0.0758405327796936)","(0.5733556151390076, 0.20527255535125732, -0.050875432789325714)","(0.5650109052658081, 0.1814936250448227, -0.01772911101579666)","(0.5684117078781128, 0.15962190926074982, -0.009642716497182846)","(0.6164490580558777, 0.1350431889295578, -0.06346414238214493)","(0.5921937823295593, 0.18639959394931793, -0.04060441255569458)","(0.5847582221031189, 0.16918593645095825, -0.02188868820667267)","(0.5901156067848206, 0.15452523529529572, -0.01475457102060318)",Position
2013,"(0.5953463912010193, 0.042716383934020996, -6.636691250605509e-05)","(0.5524532794952393, 0.04888327419757843, -0.00439066905528307)","(0.5278530120849609, 0.09524321556091309, -0.020358452573418617)","(0.5268679261207581, 0.15006421506404877, -0.02681981399655342)","(0.5400009155273438, 0.1827717125415802, -0.03142131119966507)","(0.5448921322822571, 0.10660524666309357, -0.08350080251693726)","(0.5268138647079468, 0.19272178411483765, -0.06774809956550598)","(0.5253414511680603, 0.17373614013195038, -0.02960650995373726)","(0.5305538773536682, 0.14944681525230408, -0.0017870244337245822)","(0.5735065937042236, 0.12163018435239792, -0.07817277312278748)","(0.5533891320228577, 0.21455729007720947, -0.06251255422830582)","(0.5466137528419495, 0.19598257541656494, -0.023984642699360847)","(0.5501288175582886, 0.17246881127357483, -0.004258194472640753)","(0.597267210483551, 0.13043516874313354, -0.06648936122655869)","(0.5723177790641785, 0.2077876180410385, -0.04242290183901787)","(0.5622365474700928, 0.18481838703155518, -0.00847412459552288)","(0.5656650066375732, 0.16257891058921814, 0.0028921894263476133)","(0.6155217289924622, 0.1344558298587799, -0.05454133450984955)","(0.5902000665664673, 0.18853871524333954, -0.03254866600036621)","(0.5815184712409973, 0.17275503277778625, -0.012523488141596317)","(0.5865889191627502, 0.1574418991804123, -0.0027621316257864237)",Position
2014,"(0.5906633734703064, 0.04464960843324661, -6.650866271229461e-05)","(0.5480899214744568, 0.055943191051483154, -0.0037195777986198664)","(0.5245459675788879, 0.10669167339801788, -0.019230658188462257)","(0.525922417640686, 0.16261117160320282, -0.02483222261071205)","(0.5411471724510193, 0.19161467254161835, -0.028510671108961105)","(0.5420442819595337, 0.11068792641162872, -0.08553168922662735)","(0.5252927541732788, 0.19538937509059906, -0.06880973279476166)","(0.5263532400131226, 0.17548179626464844, -0.03134476765990257)","(0.5323891043663025, 0.15177889168262482, -0.005063922610133886)","(0.570956289768219, 0.12367310374975204, -0.08051003515720367)","(0.5527414083480835, 0.21379566192626953, -0.06460962444543839)","(0.5478113293647766, 0.19655776023864746, -0.02720223367214203)","(0.5517255663871765, 0.17407698929309845, -0.009614884853363037)","(0.5956339836120605, 0.13134567439556122, -0.06927327811717987)","(0.5726221799850464, 0.20658865571022034, -0.044548701494932175)","(0.564095675945282, 0.18425118923187256, -0.01306268759071827)","(0.5677224397659302, 0.1621992141008377, -0.005063246004283428)","(0.6148388385772705, 0.13432474434375763, -0.057302117347717285)","(0.5914270877838135, 0.18905828893184662, -0.03495778888463974)","(0.5843000411987305, 0.17277495563030243, -0.016881529241800308)","(0.590113639831543, 0.15671738982200623, -0.010097556747496128)",Position
2015,"(0.5907682180404663, 0.046964630484580994, -6.962667248444632e-05)","(0.5482621788978577, 0.059579044580459595, -0.00461074011400342)","(0.5251113772392273, 0.10852666199207306, -0.020650193095207214)","(0.5250853896141052, 0.16324566304683685, -0.026323778554797173)","(0.538399875164032, 0.19262857735157013, -0.029685838147997856)","(0.5445427298545837, 0.1112321987748146, -0.08905819058418274)","(0.526745080947876, 0.19817093014717102, -0.07343992590904236)","(0.5260096788406372, 0.18008151650428772, -0.03395971283316612)","(0.5316646099090576, 0.157124325633049, -0.0059300572611391544)","(0.5727189779281616, 0.12298620492219925, -0.08415672928094864)","(0.5537815093994141, 0.2135937511920929, -0.06957890838384628)","(0.5477809906005859, 0.1964627504348755, -0.030788110569119453)","(0.5517277121543884, 0.17532460391521454, -0.012556495144963264)","(0.5962782502174377, 0.13048717379570007, -0.07266585528850555)","(0.5738154649734497, 0.20613299310207367, -0.04904474690556526)","(0.5647972226142883, 0.18416321277618408, -0.016072997823357582)","(0.5685042142868042, 0.1628907322883606, -0.007807786110788584)","(0.6143532395362854, 0.13419313728809357, -0.0609675869345665)","(0.5924695730209351, 0.18829260766506195, -0.03971828147768974)","(0.5853208899497986, 0.17203262448310852, -0.021750083193182945)","(0.5912392139434814, 0.15673403441905975, -0.015009153634309769)",Position
2016,"(0.5907881259918213, 0.04295172542333603, -7.027702667983249e-05)","(0.5504453778266907, 0.05565592646598816, -0.004078397992998362)","(0.5273739695549011, 0.10335822403430939, -0.01859324611723423)","(0.5241767764091492, 0.15838530659675598, -0.02361271344125271)","(0.5327122211456299, 0.1906702071428299, -0.02723199687898159)","(0.5462633371353149, 0.11238157749176025, -0.08486122637987137)","(0.5307037830352783, 0.20036734640598297, -0.0714891105890274)","(0.525250256061554, 0.19321800768375397, -0.036272063851356506)","(0.5270662307739258, 0.1738196313381195, -0.008924001827836037)","(0.5736932158470154, 0.1244899183511734, -0.07883985340595245)","(0.5560667514801025, 0.21525056660175323, -0.0628814697265625)","(0.5463061928749084, 0.20349301397800446, -0.02185751125216484)","(0.5468883514404297, 0.18351957201957703, 0.0005132759106345475)","(0.5962744355201721, 0.13141053915023804, -0.0667368620634079)","(0.5751971006393433, 0.20902059972286224, -0.04423747956752777)","(0.56392902135849, 0.19097095727920532, -0.009301651269197464)","(0.5652225613594055, 0.16960501670837402, 0.0039171138778328896)","(0.6133983135223389, 0.13418760895729065, -0.05426467955112457)","(0.5932778120040894, 0.18861940503120422, -0.033768560737371445)","(0.5844117999076843, 0.17537033557891846, -0.01348936464637518)","(0.5876960754394531, 0.16007068753242493, -0.0021888399496674538)",Position
2017,"(0.5912346243858337, 0.045129477977752686, -7.677018584217876e-05)","(0.549174964427948, 0.057044222950935364, -0.0015250210417434573)","(0.5265534520149231, 0.10527567565441132, -0.015421116724610329)","(0.5262008309364319, 0.16059228777885437, -0.020622754469513893)","(0.538211464881897, 0.19125066697597504, -0.02362307906150818)","(0.5436298251152039, 0.11284784972667694, -0.08158295601606369)","(0.5298758745193481, 0.20147688686847687, -0.06502329558134079)","(0.5273754000663757, 0.19248196482658386, -0.028498737141489983)","(0.530352771282196, 0.17178982496261597, -0.001900130184367299)","(0.5710741877555847, 0.12432888150215149, -0.0772797018289566)","(0.5547456741333008, 0.21555089950561523, -0.061214856803417206)","(0.5477415323257446, 0.2033090889453888, -0.022086629644036293)","(0.549704372882843, 0.1814095824956894, -0.0014404638204723597)","(0.5947901606559753, 0.13081921637058258, -0.06672531366348267)","(0.573495090007782, 0.2056383639574051, -0.04226565361022949)","(0.5644522905349731, 0.18579182028770447, -0.009859109297394753)","(0.5670381784439087, 0.1633119434118271, 9.900133591145277e-05)","(0.613316535949707, 0.1333121359348297, -0.055438436567783356)","(0.5927658677101135, 0.1861313283443451, -0.03374728560447693)","(0.5856486558914185, 0.17081493139266968, -0.014854984357953072)","(0.5902637839317322, 0.1545381247997284, -0.006400745362043381)",Position
2018,"(0.5895156860351562, 0.040850408375263214, -7.271950744325295e-05)","(0.5463704466819763, 0.05582055449485779, -0.0038704625330865383)","(0.5238251090049744, 0.10629639774560928, -0.01738208346068859)","(0.5225054025650024, 0.16146311163902283, -0.020453421398997307)","(0.5340108871459961, 0.19251254200935364, -0.02038147859275341)","(0.5470317006111145, 0.1149919182062149, -0.08338658511638641)","(0.5316685438156128, 0.20129741728305817, -0.06606291979551315)","(0.5275602340698242, 0.1847175508737564, -0.02657255157828331)","(0.5310521125793457, 0.16099685430526733, 0.002120298333466053)","(0.575363278388977, 0.12388041615486145, -0.07701390981674194)","(0.5575740337371826, 0.21444770693778992, -0.05953673645853996)","(0.5489667654037476, 0.19661468267440796, -0.017282260581851006)","(0.5512732863426208, 0.17398440837860107, 0.004034877754747868)","(0.5981510877609253, 0.12841370701789856, -0.06440959125757217)","(0.5748968720436096, 0.20310358703136444, -0.03931592032313347)","(0.5648391246795654, 0.17991530895233154, -0.005152423866093159)","(0.5687376260757446, 0.15730679035186768, 0.005661968141794205)","(0.6150656342506409, 0.12983883917331696, -0.05138681083917618)","(0.592599093914032, 0.18326792120933533, -0.03037707321345806)","(0.5845580697059631, 0.16678231954574585, -0.011813938617706299)","(0.590282678604126, 0.15088427066802979, -0.003809453686699271)",Position
2019,"(0.5973007082939148, 0.04735413193702698, -7.662655116291717e-05)","(0.552581250667572, 0.058789923787117004, -0.002059882739558816)","(0.5269424319267273, 0.10590960085391998, -0.016882864758372307)","(0.5220696926116943, 0.16308824717998505, -0.022834692150354385)","(0.5290082693099976, 0.197383850812912, -0.02546829544007778)","(0.5467590093612671, 0.10963469743728638, -0.08352015167474747)","(0.532500684261322, 0.20102450251579285, -0.06981002539396286)","(0.5258727669715881, 0.19506767392158508, -0.03359830379486084)","(0.5264707803726196, 0.1761496365070343, -0.005585410166531801)","(0.5736908316612244, 0.12177927792072296, -0.0787615105509758)","(0.5567818880081177, 0.21487131714820862, -0.06337937712669373)","(0.5469897985458374, 0.1998068392276764, -0.021255383267998695)","(0.5487598776817322, 0.1770704835653305, 0.0016331131337210536)","(0.5965735912322998, 0.1288933902978897, -0.06827931106090546)","(0.5748651623725891, 0.20626205205917358, -0.04568847641348839)","(0.5643362998962402, 0.18568620085716248, -0.011489386670291424)","(0.5672393441200256, 0.16359564661979675, 0.0011074867798015475)","(0.6145546436309814, 0.13243457674980164, -0.05727566406130791)","(0.5935499668121338, 0.18687894940376282, -0.03729638084769249)","(0.5854215621948242, 0.16966503858566284, -0.018692057579755783)","(0.5899333953857422, 0.15131443738937378, -0.00997010525316)",Position
2020,"(0.5895971655845642, 0.03998793661594391, -7.151393219828606e-05)","(0.5460278391838074, 0.05251327157020569, -0.003630847204476595)","(0.5239151120185852, 0.1064811423420906, -0.017044974491000175)","(0.526338517665863, 0.16395536065101624, -0.02036156877875328)","(0.539314329624176, 0.19295552372932434, -0.02256315015256405)","(0.544310450553894, 0.11337371915578842, -0.08279705792665482)","(0.5313423871994019, 0.20393455028533936, -0.06584273278713226)","(0.5287103056907654, 0.18685466051101685, -0.025535834953188896)","(0.5320405960083008, 0.16152174770832062, 0.003874212969094515)","(0.5735530853271484, 0.12279538810253143, -0.07695140689611435)","(0.5562306046485901, 0.21612945199012756, -0.0590798556804657)","(0.5491480231285095, 0.19444818794727325, -0.016895178705453873)","(0.5513923168182373, 0.1702643483877182, 0.0036569649819284678)","(0.5974423289299011, 0.12812161445617676, -0.06524115055799484)","(0.5733342170715332, 0.20485635101795197, -0.03858530521392822)","(0.5635295510292053, 0.17927324771881104, -0.003747696755453944)","(0.56741863489151, 0.15702594816684723, 0.006750332657247782)","(0.6155561804771423, 0.1307893842458725, -0.05320613831281662)","(0.5912346243858337, 0.18561893701553345, -0.031400054693222046)","(0.5829562544822693, 0.16715294122695923, -0.011666233651340008)","(0.5889077186584473, 0.15134301781654358, -0.0038232943043112755)",Position
2021,"(0.5971598625183105, 0.04361528903245926, -8.765423990553245e-05)","(0.5531495809555054, 0.05524902045726776, -0.0009007621556520462)","(0.5269289016723633, 0.10498660802841187, -0.014184452593326569)","(0.5213316679000854, 0.16210079193115234, -0.0185936838388443)","(0.5286551117897034, 0.19532634317874908, -0.020944492891430855)","(0.5475881099700928, 0.11310975253582001, -0.08031274378299713)","(0.5334689617156982, 0.2058485597372055, -0.06449739634990692)","(0.5269230604171753, 0.19761547446250916, -0.02762991562485695)","(0.527719259262085, 0.1773361712694168, 0.0005300389020703733)","(0.5745005011558533, 0.1233120858669281, -0.07557506859302521)","(0.5566895604133606, 0.21524745225906372, -0.05742102116346359)","(0.5472432374954224, 0.19874313473701477, -0.015505542047321796)","(0.5489703416824341, 0.17650043964385986, 0.006360034458339214)","(0.5969640612602234, 0.1286553144454956, -0.0650399923324585)","(0.573735773563385, 0.20568981766700745, -0.040290240198373795)","(0.5636292099952698, 0.18512947857379913, -0.0066694882698357105)","(0.5671943426132202, 0.16293154656887054, 0.004665329121053219)","(0.6144938468933105, 0.13110363483428955, -0.05322953686118126)","(0.5921793580055237, 0.18533647060394287, -0.031072821468114853)","(0.5839433670043945, 0.16889654099941254, -0.01181827299296856)","(0.5887281894683838, 0.15180739760398865, -0.003149451920762658)",Position
2022,"(0.5918796062469482, 0.03534319996833801, -7.288282358786091e-05)","(0.5486511588096619, 0.04994361102581024, -0.0008448121952824295)","(0.525321364402771, 0.10278613865375519, -0.011577687226235867)","(0.5207375884056091, 0.1589462161064148, -0.012505206279456615)","(0.5277780890464783, 0.19277480244636536, -0.011992987245321274)","(0.5476889610290527, 0.11587637662887573, -0.07701068371534348)","(0.533728301525116, 0.20487070083618164, -0.059071436524391174)","(0.5261608362197876, 0.19674967229366302, -0.020789336413145065)","(0.527134120464325, 0.17550340294837952, 0.007118444889783859)","(0.5756775140762329, 0.1244748905301094, -0.07117427885532379)","(0.5586739778518677, 0.21734130382537842, -0.05064278841018677)","(0.5486277937889099, 0.1992642879486084, -0.007561676204204559)","(0.5498530268669128, 0.17565755546092987, 0.014960437081754208)","(0.5982783436775208, 0.1278451681137085, -0.05914705991744995)","(0.5742872953414917, 0.203416645526886, -0.032106224447488785)","(0.5629059076309204, 0.18052135407924652, 0.0029411683790385723)","(0.5663779973983765, 0.1585952639579773, 0.016015559434890747)","(0.6148240566253662, 0.12778590619564056, -0.04633443430066109)","(0.5919838547706604, 0.18316936492919922, -0.024030888453125954)","(0.5823234915733337, 0.16713158786296844, -0.0030248870607465506)","(0.5868001580238342, 0.15095457434654236, 0.008003328926861286)",Position
2023,"(0.5978789329528809, 0.04376928508281708, -7.030551205389202e-05)","(0.552239179611206, 0.052988991141319275, -0.001379568362608552)","(0.5260015726089478, 0.10001964867115021, -0.014700852334499359)","(0.5215638875961304, 0.15728572010993958, -0.018618473783135414)","(0.529696524143219, 0.19267919659614563, -0.019380243495106697)","(0.5458800196647644, 0.11247093975543976, -0.07988964766263962)","(0.5311013460159302, 0.20477786660194397, -0.06372182816267014)","(0.5246039032936096, 0.19869361817836761, -0.02758769318461418)","(0.5257779359817505, 0.1784575879573822, -0.0009901691228151321)","(0.5739938616752625, 0.1234629899263382, -0.07445099949836731)","(0.5556437969207764, 0.21770691871643066, -0.05647953227162361)","(0.5454627275466919, 0.20307478308677673, -0.015834907069802284)","(0.5464102029800415, 0.17972160875797272, 0.006460603326559067)","(0.5974031090736389, 0.1291525810956955, -0.06295741349458694)","(0.5735242366790771, 0.20757541060447693, -0.03835469111800194)","(0.56219482421875, 0.188312828540802, -0.0035853295121341944)","(0.5646247267723083, 0.1659228503704071, 0.009975824505090714)","(0.6153032779693604, 0.13105270266532898, -0.05040543153882027)","(0.5924538969993591, 0.18640495836734772, -0.029022216796875)","(0.5824483036994934, 0.17252042889595032, -0.008301828056573868)","(0.5856380462646484, 0.15621104836463928, 0.003104201052337885)",Position
2024,"(0.5906224250793457, 0.03244878351688385, -6.526633660541847e-05)","(0.5466477870941162, 0.050609856843948364, -0.0023210085928440094)","(0.5256348252296448, 0.10633982717990875, -0.011470907367765903)","(0.5282940864562988, 0.1616705358028412, -0.009762431494891644)","(0.5398054122924805, 0.19097194075584412, -0.006605876609683037)","(0.5459082126617432, 0.11679904162883759, -0.08093401044607162)","(0.5323947072029114, 0.20562012493610382, -0.06120176240801811)","(0.5275834202766418, 0.19269879162311554, -0.01968490518629551)","(0.5302620530128479, 0.16868802905082703, 0.009704726748168468)","(0.5753079652786255, 0.12384723126888275, -0.0737268403172493)","(0.5587875843048096, 0.2169189751148224, -0.0523042231798172)","(0.5498170256614685, 0.19697122275829315, -0.008797991089522839)","(0.5511803030967712, 0.1723126769065857, 0.012602905742824078)","(0.5993165969848633, 0.1262974590063095, -0.06029800698161125)","(0.5751208662986755, 0.20092809200286865, -0.03144601732492447)","(0.5639296770095825, 0.176304891705513, 0.0037913089618086815)","(0.5676488280296326, 0.15348877012729645, 0.014929893426597118)","(0.6170032024383545, 0.1266116052865982, -0.04644839093089104)","(0.5920835137367249, 0.18043389916419983, -0.02320544607937336)","(0.5822305083274841, 0.16340529918670654, -0.0025843949988484383)","(0.5876840353012085, 0.147681325674057, 0.006626259535551071)",Position
2025,"(0.5981370806694031, 0.03786558657884598, -6.663431850029156e-05)","(0.551342785358429, 0.050343625247478485, -0.0019572200253605843)","(0.5256718397140503, 0.10095608234405518, -0.013988575898110867)","(0.5220056176185608, 0.159896582365036, -0.016302399337291718)","(0.5290258526802063, 0.19687575101852417, -0.01580667309463024)","(0.5464748740196228, 0.11327831447124481, -0.08308244496583939)","(0.5314634442329407, 0.20471440255641937, -0.06459816545248032)","(0.5242152214050293, 0.19879218935966492, -0.02651498280465603)","(0.5251120924949646, 0.1788288801908493, -9.163444337900728e-05)","(0.574630856513977, 0.12390195578336716, -0.07676953822374344)","(0.5557714104652405, 0.21636256575584412, -0.056770313531160355)","(0.5453851222991943, 0.20027081668376923, -0.015006376430392265)","(0.5468745231628418, 0.17690032720565796, 0.0067461165599524975)","(0.597916841506958, 0.12906545400619507, -0.06410485506057739)","(0.573337733745575, 0.20359393954277039, -0.036799944937229156)","(0.5627961754798889, 0.1807040125131607, -0.00280422973446548)","(0.566364049911499, 0.15762224793434143, 0.008015990257263184)","(0.6158546209335327, 0.13077178597450256, -0.05083834379911423)","(0.5929408669471741, 0.18342846632003784, -0.02752067893743515)","(0.5832929611206055, 0.1669306755065918, -0.008067394606769085)","(0.5873976945877075, 0.1504807323217392, 0.0007721172296442091)",Position
2026,"(0.5904552936553955, 0.032856278121471405, -7.176176586654037e-05)","(0.5445922017097473, 0.05470005422830582, -0.003853724803775549)","(0.524173378944397, 0.11148184537887573, -0.015864567831158638)","(0.5275567173957825, 0.16791988909244537, -0.016411596909165382)","(0.5386837124824524, 0.20052169263362885, -0.014575580134987831)","(0.5452383756637573, 0.11667340248823166, -0.0894986093044281)","(0.5315953493118286, 0.20660138130187988, -0.06820749491453171)","(0.5279721617698669, 0.19090497493743896, -0.024470321834087372)","(0.5314120054244995, 0.16611970961093903, 0.005379439331591129)","(0.5749263167381287, 0.12210609763860703, -0.08247780054807663)","(0.5581336617469788, 0.21642623841762543, -0.062268659472465515)","(0.550060510635376, 0.19612571597099304, -0.019256411120295525)","(0.5526215434074402, 0.17171919345855713, 0.0007628279854543507)","(0.5989504456520081, 0.12531980872154236, -0.06827004253864288)","(0.5743182897567749, 0.2017691433429718, -0.0391584187746048)","(0.564610481262207, 0.17640285193920135, -0.0036370183806866407)","(0.569650411605835, 0.15407603979110718, 0.00684629799798131)","(0.616841197013855, 0.1273394078016281, -0.05406630411744118)","(0.5921502709388733, 0.1823916882276535, -0.030360979959368706)","(0.583979606628418, 0.16340041160583496, -0.009038583375513554)","(0.5913316011428833, 0.14759168028831482, -0.00032559927785769105)",Position
2027,"(0.6037386655807495, 0.03856176882982254, -6.986074731685221e-05)","(0.5564484596252441, 0.04728049784898758, -0.006423573940992355)","(0.5281556844711304, 0.09518146514892578, -0.02384406514465809)","(0.5228785872459412, 0.15588702261447906, -0.031001944094896317)","(0.530887246131897, 0.19515879452228546, -0.033580515533685684)","(0.5482296943664551, 0.10413715243339539, -0.09084010869264603)","(0.5316151976585388, 0.202127605676651, -0.0765656903386116)","(0.5249536633491516, 0.19370108842849731, -0.03742824122309685)","(0.526727557182312, 0.17296475172042847, -0.007296661380678415)","(0.5769091844558716, 0.11689656227827072, -0.08429320156574249)","(0.5569491386413574, 0.21748283505439758, -0.06923060119152069)","(0.5466503500938416, 0.20095780491828918, -0.027008794248104095)","(0.5484353303909302, 0.17722639441490173, -0.0038504123222082853)","(0.6003562808036804, 0.12547266483306885, -0.0717577412724495)","(0.5751608610153198, 0.208263099193573, -0.048812929540872574)","(0.5640833377838135, 0.1872699111700058, -0.011287672445178032)","(0.5673121809959412, 0.164915069937706, 0.0027964410837739706)","(0.6181493401527405, 0.13051599264144897, -0.05898042395710945)","(0.5927899479866028, 0.18809504806995392, -0.03890804201364517)","(0.5837048888206482, 0.171929731965065, -0.019184498116374016)","(0.5888131856918335, 0.1548871248960495, -0.009258299134671688)",Release
2028,"(0.5898699164390564, 0.018064692616462708, -7.36893416615203e-05)","(0.5460180640220642, 0.040331676602363586, -0.0005828483845107257)","(0.5234072208404541, 0.09981001168489456, -0.011555022560060024)","(0.5220285654067993, 0.16239392757415771, -0.01258764136582613)","(0.5308255553245544, 0.19944456219673157, -0.01351964846253395)","(0.5449090003967285, 0.10958179831504822, -0.07869713753461838)","(0.5347145199775696, 0.20338472723960876, -0.06189111992716789)","(0.5287415385246277, 0.198240727186203, -0.023341068997979164)","(0.5286639332771301, 0.17746157944202423, 0.005581872072070837)","(0.5766010880470276, 0.11685863882303238, -0.07310450077056885)","(0.5611063838005066, 0.21711724996566772, -0.054926615208387375)","(0.5495392680168152, 0.2056875228881836, -0.009971519000828266)","(0.5482686161994934, 0.18271081149578094, 0.015543164685368538)","(0.6022199988365173, 0.11982953548431396, -0.06163502484560013)","(0.579131007194519, 0.2062416523694992, -0.03635735809803009)","(0.5649076700210571, 0.1871805638074875, 0.0027977623976767063)","(0.5651440024375916, 0.1639396697282791, 0.02034977823495865)","(0.6208027005195618, 0.11943186819553375, -0.049081504344940186)","(0.5972070097923279, 0.18380281329154968, -0.026796873658895493)","(0.5839328765869141, 0.17175400257110596, -0.0027092534583061934)","(0.5857900977134705, 0.15573938190937042, 0.011734392493963242)",Release
2029,"(0.5993435382843018, 0.022082120180130005, -5.7728517276700586e-05)","(0.5539358854293823, 0.03612218797206879, -0.002841927809640765)","(0.5274165272712708, 0.08895377814769745, -0.017364969477057457)","(0.5219267010688782, 0.15067431330680847, -0.022684942930936813)","(0.527085542678833, 0.1922902762889862, -0.02555905096232891)","(0.5478695034980774, 0.10611323267221451, -0.08341172337532043)","(0.5341264009475708, 0.20085570216178894, -0.06393638998270035)","(0.5269234776496887, 0.20137766003608704, -0.027193358168005943)","(0.5258151292800903, 0.18491803109645844, -0.0007759090512990952)","(0.5774180889129639, 0.11978023499250412, -0.07732053846120834)","(0.5599514842033386, 0.2167358100414276, -0.05748354643583298)","(0.5474225878715515, 0.20898355543613434, -0.015312880277633667)","(0.5445553660392761, 0.18850331008434296, 0.00890053529292345)","(0.6023740172386169, 0.12599720060825348, -0.06463252753019333)","(0.5784533619880676, 0.2044823169708252, -0.039089493453502655)","(0.5665298104286194, 0.18757295608520508, -0.0041898139752447605)","(0.5669658780097961, 0.16583019495010376, 0.009133260697126389)","(0.6216515302658081, 0.1271512508392334, -0.0509866364300251)","(0.5985844135284424, 0.18248289823532104, -0.028196880593895912)","(0.5878370404243469, 0.1685643196105957, -0.00687021529302001)","(0.5891576409339905, 0.15186774730682373, 0.00409819558262825)",Release
2030,"(0.5959428548812866, 0.023026488721370697, -6.938600563444197e-05)","(0.5512067079544067, 0.04222194850444794, -0.0008699037716723979)","(0.5256413817405701, 0.0915219783782959, -0.011784577742218971)","(0.5191516280174255, 0.14796817302703857, -0.01412204373627901)","(0.5228455066680908, 0.1877627670764923, -0.0138465017080307)","(0.5483718514442444, 0.1099630743265152, -0.07866134494543076)","(0.5348892211914062, 0.202562153339386, -0.06576383113861084)","(0.5262288451194763, 0.20908081531524658, -0.02991783246397972)","(0.5244545340538025, 0.1952289193868637, -0.0016210346948355436)","(0.5774622559547424, 0.12009144574403763, -0.07255660742521286)","(0.5600060820579529, 0.21462735533714294, -0.05791597440838814)","(0.5460307002067566, 0.21502654254436493, -0.014564339071512222)","(0.5417207479476929, 0.19793447852134705, 0.0141736576333642)","(0.6009678840637207, 0.1246875748038292, -0.06021751090884209)","(0.5776880383491516, 0.20508292317390442, -0.039210379123687744)","(0.5624436140060425, 0.19833683967590332, 0.0003663958632387221)","(0.559004008769989, 0.1815704107284546, 0.021787898615002632)","(0.6183876991271973, 0.12502458691596985, -0.04683540761470795)","(0.596539318561554, 0.1834382265806198, -0.027076253667473793)","(0.583355724811554, 0.17729061841964722, -0.002293247729539871)","(0.5814029574394226, 0.16470354795455933, 0.015090295113623142)",Release
2031,"(0.593110978603363, 0.022887662053108215, -6.239373033167794e-05)","(0.5495062470436096, 0.03793228417634964, -0.0032833172008395195)","(0.52424156665802, 0.08624423295259476, -0.0145140765234828)","(0.5178188681602478, 0.14220835268497467, -0.01716456562280655)","(0.5203719139099121, 0.18483442068099976, -0.016255030408501625)","(0.5497876405715942, 0.10878095775842667, -0.07822874188423157)","(0.5365668535232544, 0.2023775279521942, -0.06724359840154648)","(0.5269502401351929, 0.21276214718818665, -0.03298953175544739)","(0.5243544578552246, 0.20080623030662537, -0.0049879420548677444)","(0.5781564116477966, 0.1196722462773323, -0.07129698246717453)","(0.5597895383834839, 0.21525472402572632, -0.058064911514520645)","(0.5445051789283752, 0.2174118310213089, -0.014704071916639805)","(0.5391184687614441, 0.20193739235401154, 0.014470763504505157)","(0.601040780544281, 0.12428414821624756, -0.05857441946864128)","(0.5779052376747131, 0.2049209177494049, -0.04039572924375534)","(0.5618897080421448, 0.20228378474712372, -0.0011128196492791176)","(0.5574860572814941, 0.18808534741401672, 0.020867666229605675)","(0.6185526847839355, 0.12419899553060532, -0.04517711326479912)","(0.5971336960792542, 0.1820230931043625, -0.02858085371553898)","(0.5837239623069763, 0.17817211151123047, -0.004385797772556543)","(0.5811792016029358, 0.16720522940158844, 0.013272430747747421)",Release
2032,"(0.5990891456604004, 0.028051167726516724, -5.8214729506289586e-05)","(0.5543866157531738, 0.034462541341781616, -0.00571768032386899)","(0.5274055600166321, 0.08032470941543579, -0.017430255189538002)","(0.5195081233978271, 0.13657322525978088, -0.01967487670481205)","(0.5201849937438965, 0.180070161819458, -0.016626466065645218)","(0.5513502955436707, 0.10910706222057343, -0.07737836241722107)","(0.5362039804458618, 0.2014840543270111, -0.06465578824281693)","(0.5272793769836426, 0.2084263116121292, -0.030625255778431892)","(0.5258935689926147, 0.1955443173646927, -0.0035690139047801495)","(0.579268753528595, 0.12198087573051453, -0.06958460062742233)","(0.5600088238716125, 0.2154429852962494, -0.05576643347740173)","(0.5457941293716431, 0.21520967781543732, -0.013570316135883331)","(0.5419312715530396, 0.19955503940582275, 0.01430970523506403)","(0.6025761961936951, 0.12651532888412476, -0.05630958825349808)","(0.5793688297271729, 0.20639383792877197, -0.038434695452451706)","(0.5643509030342102, 0.20108401775360107, 1.2478903045121115e-05)","(0.5613570809364319, 0.18501868844032288, 0.021849272772669792)","(0.6209399700164795, 0.12503376603126526, -0.04250248149037361)","(0.5991439819335938, 0.18253901600837708, -0.02678568661212921)","(0.5861936807632446, 0.17790812253952026, -0.003048598300665617)","(0.5840126872062683, 0.1659376174211502, 0.014509688131511211)",Release
2033,"(0.6014961004257202, 0.034052520990371704, -7.275476673385128e-05)","(0.556603729724884, 0.04087435454130173, -0.004993182606995106)","(0.5287061333656311, 0.0813698023557663, -0.018685244023799896)","(0.5176887512207031, 0.13455864787101746, -0.02243594266474247)","(0.5167715549468994, 0.17965394258499146, -0.02100648730993271)","(0.5544419884681702, 0.10813894122838974, -0.08217168599367142)","(0.536793053150177, 0.2010611593723297, -0.07138275355100632)","(0.5261843204498291, 0.2083214968442917, -0.03602210059762001)","(0.5248789191246033, 0.19495198130607605, -0.007032192312180996)","(0.5814870595932007, 0.12140785157680511, -0.07463454455137253)","(0.5598277449607849, 0.21681571006774902, -0.06166285276412964)","(0.5457595586776733, 0.21233311295509338, -0.018364442512392998)","(0.542874813079834, 0.1951233297586441, 0.010366521775722504)","(0.6032954454421997, 0.12729871273040771, -0.06112586706876755)","(0.5780389904975891, 0.20711356401443481, -0.043238189071416855)","(0.5628344416618347, 0.19967223703861237, -0.0034466409124433994)","(0.5608716011047363, 0.18328151106834412, 0.01910378597676754)","(0.6196709275245667, 0.12733441591262817, -0.04689006507396698)","(0.5972615480422974, 0.18409259617328644, -0.03125908598303795)","(0.5843935608863831, 0.17827066779136658, -0.007854324765503407)","(0.5831694602966309, 0.16579702496528625, 0.010067465715110302)",Release
2034,"(0.6007973551750183, 0.035014428198337555, -7.1632610342931e-05)","(0.5574145317077637, 0.03835431486368179, -0.007787249516695738)","(0.5293325185775757, 0.07970422506332397, -0.02222447842359543)","(0.5172820091247559, 0.1334696114063263, -0.02632519043982029)","(0.5144617557525635, 0.17929254472255707, -0.02566017583012581)","(0.5547276735305786, 0.10730995237827301, -0.08646202832460403)","(0.5373047590255737, 0.20003807544708252, -0.07523598521947861)","(0.5263906121253967, 0.20781683921813965, -0.037344396114349365)","(0.524741530418396, 0.19484716653823853, -0.006496172398328781)","(0.5816092491149902, 0.12143611907958984, -0.0780724510550499)","(0.5600477457046509, 0.2164490967988968, -0.06515095382928848)","(0.5455435514450073, 0.21483799815177917, -0.021236827597022057)","(0.5420729517936707, 0.19965381920337677, 0.007247148547321558)","(0.6031429171562195, 0.12776078283786774, -0.06360450387001038)","(0.5781906843185425, 0.20666509866714478, -0.04579373821616173)","(0.5630348324775696, 0.19921782612800598, -0.006389939691871405)","(0.5603023171424866, 0.1833619922399521, 0.015261336229741573)","(0.6190836429595947, 0.12780258059501648, -0.048731133341789246)","(0.5968307852745056, 0.18347038328647614, -0.03308037295937538)","(0.5844335556030273, 0.17748187482357025, -0.00975407101213932)","(0.5829586982727051, 0.1655457764863968, 0.007538755424320698)",Release
2035,"(0.6044959425926208, 0.038089439272880554, -6.97519863024354e-05)","(0.5593158602714539, 0.03806286305189133, -0.010213609784841537)","(0.5296685695648193, 0.07781430333852768, -0.027110204100608826)","(0.5171428322792053, 0.1324353814125061, -0.033132944256067276)","(0.5141904354095459, 0.1798999160528183, -0.03374980762600899)","(0.5546025633811951, 0.10565508157014847, -0.09270069748163223)","(0.5368252396583557, 0.1984201818704605, -0.08136457949876785)","(0.5265139937400818, 0.20527055859565735, -0.04317022114992142)","(0.5251284241676331, 0.1911720484495163, -0.012784897349774837)","(0.5816230773925781, 0.12036158889532089, -0.08441637456417084)","(0.5594779253005981, 0.2161819189786911, -0.07297168672084808)","(0.5451217889785767, 0.21453508734703064, -0.02948174998164177)","(0.5421847701072693, 0.1992739737033844, -0.0014178995043039322)","(0.6034156680107117, 0.1278427243232727, -0.06963105499744415)","(0.577789306640625, 0.20788568258285522, -0.05329111963510513)","(0.5637089014053345, 0.19831961393356323, -0.01441266667097807)","(0.5619788765907288, 0.18174736201763153, 0.006666863802820444)","(0.6197118759155273, 0.12931415438652039, -0.054802391678094864)","(0.5973004102706909, 0.18620164692401886, -0.0406852625310421)","(0.5857924818992615, 0.17846231162548065, -0.017656605690717697)","(0.5855414867401123, 0.16533246636390686, -0.0007668882608413696)",Release
2036,"(0.5965676307678223, 0.032653696835041046, -5.3289735660655424e-05)","(0.5541368722915649, 0.0380953773856163, -0.009874129667878151)","(0.5265556573867798, 0.0794081836938858, -0.02712017111480236)","(0.5138888359069824, 0.13228406012058258, -0.033724572509527206)","(0.5106752514839172, 0.17775499820709229, -0.03524932265281677)","(0.5537915229797363, 0.10511121898889542, -0.0889764353632927)","(0.5360794067382812, 0.19853496551513672, -0.08064334839582443)","(0.5248731970787048, 0.20609155297279358, -0.04234350472688675)","(0.5232246518135071, 0.1920635849237442, -0.010053621605038643)","(0.5817907452583313, 0.11896514147520065, -0.0811954140663147)","(0.5599784851074219, 0.21701838076114655, -0.07280506938695908)","(0.5446664094924927, 0.21551212668418884, -0.028556251898407936)","(0.5415772199630737, 0.1987963318824768, 0.0024456146638840437)","(0.6036686897277832, 0.12596102058887482, -0.06786500662565231)","(0.5784754157066345, 0.20928160846233368, -0.052780404686927795)","(0.5628103017807007, 0.19887089729309082, -0.012952180579304695)","(0.5604193210601807, 0.18062566220760345, 0.010150985792279243)","(0.619281530380249, 0.1269819140434265, -0.054581236094236374)","(0.5981684923171997, 0.1856231540441513, -0.04093552753329277)","(0.58609938621521, 0.17713923752307892, -0.018785787746310234)","(0.5856958627700806, 0.16345269978046417, -0.0014353528385981917)",Release
2037,"(0.6039032936096191, 0.03484070301055908, -6.445898179663345e-05)","(0.5564385652542114, 0.039192743599414825, -0.01119490060955286)","(0.5258726477622986, 0.08047345280647278, -0.030628090724349022)","(0.5140269994735718, 0.13387829065322876, -0.03833374008536339)","(0.5108913779258728, 0.1792609989643097, -0.0388871431350708)","(0.5519888997077942, 0.10135291516780853, -0.1032729521393776)","(0.5331797003746033, 0.1996518075466156, -0.0904168114066124)","(0.5249699950218201, 0.19859255850315094, -0.049445491284132004)","(0.5255399942398071, 0.17902815341949463, -0.017789337784051895)","(0.5809521675109863, 0.11513468623161316, -0.09620200097560883)","(0.557903528213501, 0.21576792001724243, -0.08454999327659607)","(0.5452463030815125, 0.2052290439605713, -0.040122583508491516)","(0.5453512072563171, 0.18480195105075836, -0.013642597012221813)","(0.6049441695213318, 0.12283792346715927, -0.08198123425245285)","(0.5789163112640381, 0.20840057730674744, -0.06453286111354828)","(0.5659796595573425, 0.19316186010837555, -0.023777473717927933)","(0.5669196248054504, 0.17230305075645447, -0.004625406581908464)","(0.6233829259872437, 0.12542086839675903, -0.06771539151668549)","(0.6001143455505371, 0.18670596182346344, -0.05210477486252785)","(0.5888352394104004, 0.17586097121238708, -0.02702275663614273)","(0.5902759432792664, 0.15977168083190918, -0.010548057034611702)",Release
2038,"(0.5996859669685364, 0.03021588921546936, -6.244065298233181e-05)","(0.5547919869422913, 0.03430991619825363, -0.011925325728952885)","(0.5250954031944275, 0.07710069417953491, -0.03249247744679451)","(0.5114037990570068, 0.13090500235557556, -0.0407094769179821)","(0.508930504322052, 0.17669250071048737, -0.04306180775165558)","(0.5539576411247253, 0.10399603843688965, -0.09849677234888077)","(0.5323551297187805, 0.1994926780462265, -0.08387711644172668)","(0.5242147445678711, 0.19320937991142273, -0.04084309563040733)","(0.527021586894989, 0.1709664762020111, -0.007287657354027033)","(0.5834951996803284, 0.11807498335838318, -0.09109874814748764)","(0.5577628016471863, 0.21701306104660034, -0.077959805727005)","(0.5459880828857422, 0.2027597874403, -0.03123459778726101)","(0.5473424792289734, 0.1799171268939972, -0.003372857114300132)","(0.6068668365478516, 0.12497754395008087, -0.07718397676944733)","(0.5785314440727234, 0.2093103528022766, -0.058206576853990555)","(0.565437912940979, 0.18994662165641785, -0.016566336154937744)","(0.5668322443962097, 0.1664879322052002, 0.0033095129765570164)","(0.6239010691642761, 0.1255733072757721, -0.0634651631116867)","(0.6005327105522156, 0.18634000420570374, -0.047872621566057205)","(0.5894913077354431, 0.17378932237625122, -0.024837441742420197)","(0.5916215181350708, 0.15693488717079163, -0.010203812271356583)",Release
2039,"(0.6052173376083374, 0.030449017882347107, -6.0359714552760124e-05)","(0.5583010911941528, 0.03408971428871155, -0.014849558472633362)","(0.527670681476593, 0.07475142925977707, -0.03675546869635582)","(0.5141556859016418, 0.12925103306770325, -0.046437282115221024)","(0.5083506107330322, 0.17695295810699463, -0.048885952681303024)","(0.5544681549072266, 0.09925311803817749, -0.10524696111679077)","(0.5336819291114807, 0.19788505136966705, -0.0951308086514473)","(0.5229719877243042, 0.20175114274024963, -0.055240415036678314)","(0.5223578214645386, 0.18506622314453125, -0.023985683917999268)","(0.5835626125335693, 0.11422491818666458, -0.09741531312465668)","(0.5580198764801025, 0.21551713347434998, -0.08821339905261993)","(0.5433377623558044, 0.20719057321548462, -0.043484050780534744)","(0.5422307848930359, 0.18760700523853302, -0.016057472676038742)","(0.607691764831543, 0.1227276474237442, -0.08298749476671219)","(0.5792836546897888, 0.20742866396903992, -0.06694579869508743)","(0.5657497644424438, 0.19308742880821228, -0.025566235184669495)","(0.5665122866630554, 0.1730133593082428, -0.004807842429727316)","(0.6259400248527527, 0.12599696218967438, -0.06902986019849777)","(0.6020206212997437, 0.18759752810001373, -0.05585673823952675)","(0.5905126929283142, 0.177381232380867, -0.03144245594739914)","(0.5916726589202881, 0.16147702932357788, -0.01468118280172348)",Release
2040,"(0.6010046005249023, 0.028081044554710388, -5.351869185687974e-05)","(0.5556446313858032, 0.03424004465341568, -0.012896129861474037)","(0.5265633463859558, 0.07648694515228271, -0.03351493552327156)","(0.5128166079521179, 0.13003742694854736, -0.04211505874991417)","(0.5086566209793091, 0.1784510463476181, -0.045147642493247986)","(0.5560790300369263, 0.10469736158847809, -0.09653792530298233)","(0.5366441011428833, 0.19917848706245422, -0.0876486748456955)","(0.5246375799179077, 0.20402923226356506, -0.04773920029401779)","(0.5235791802406311, 0.18748757243156433, -0.015089730732142925)","(0.5861366987228394, 0.11944027990102768, -0.08870384097099304)","(0.5619951486587524, 0.21954572200775146, -0.0800340548157692)","(0.5457863211631775, 0.21530470252037048, -0.033183205872774124)","(0.5427016615867615, 0.19690322875976562, -0.0012248394777998328)","(0.6100553274154663, 0.12708328664302826, -0.07484413683414459)","(0.5828481316566467, 0.21389372646808624, -0.058892201632261276)","(0.5673340559005737, 0.2016938328742981, -0.015041430480778217)","(0.5659292340278625, 0.18142026662826538, 0.009821835905313492)","(0.6277588605880737, 0.12851384282112122, -0.061480812728405)","(0.6044110059738159, 0.19043321907520294, -0.04839269444346428)","(0.591911792755127, 0.18186065554618835, -0.024330370128154755)","(0.5922500491142273, 0.1668856292963028, -0.0059388140216469765)",Reach
2041,"(0.6050784587860107, 0.024969331920146942, -6.505967758130282e-05)","(0.5579627156257629, 0.03405143320560455, -0.018638215959072113)","(0.5293428897857666, 0.07867161929607391, -0.042712390422821045)","(0.5164762139320374, 0.13416825234889984, -0.05390232428908348)","(0.5105105638504028, 0.18295034766197205, -0.05913979932665825)","(0.56214839220047, 0.10932885855436325, -0.10484260320663452)","(0.5409666895866394, 0.20246624946594238, -0.09352599084377289)","(0.5273150205612183, 0.20514711737632751, -0.053705137223005295)","(0.5245926976203918, 0.18846631050109863, -0.023367680609226227)","(0.5916662216186523, 0.1240595281124115, -0.09463345259428024)","(0.5657141804695129, 0.22242191433906555, -0.08518688380718231)","(0.5481399893760681, 0.2149958610534668, -0.04143515229225159)","(0.5448539853096008, 0.1951882541179657, -0.0143059603869915)","(0.6154837608337402, 0.12992243468761444, -0.07801293581724167)","(0.587587833404541, 0.21741390228271484, -0.06370101869106293)","(0.5717864036560059, 0.20310354232788086, -0.025046147406101227)","(0.5712025761604309, 0.18173933029174805, -0.004724486730992794)","(0.6323636770248413, 0.1296394318342209, -0.0618024580180645)","(0.6095058917999268, 0.19258400797843933, -0.05180320516228676)","(0.5975144505500793, 0.18158727884292603, -0.03071417845785618)","(0.5979887247085571, 0.1642395555973053, -0.015283907763659954)",Reach
2042,"(0.6110827922821045, 0.02292601764202118, -5.654331835103221e-05)","(0.5626600384712219, 0.03221326321363449, -0.01877695508301258)","(0.5344015955924988, 0.07961557060480118, -0.04085134342312813)","(0.5209641456604004, 0.1391352415084839, -0.04987091198563576)","(0.5129365921020508, 0.19319631159305573, -0.05512537062168121)","(0.5665038228034973, 0.1164708361029625, -0.09953867644071579)","(0.5465567111968994, 0.20765313506126404, -0.08391763269901276)","(0.5322050452232361, 0.21266478300094604, -0.044025011360645294)","(0.527744710445404, 0.19914159178733826, -0.0162978433072567)","(0.5963519811630249, 0.13185222446918488, -0.0881057009100914)","(0.5716390013694763, 0.22878548502922058, -0.07409556955099106)","(0.5532208681106567, 0.22664998471736908, -0.030351854860782623)","(0.5478063225746155, 0.21031975746154785, -0.003958136774599552)","(0.6209248900413513, 0.13755080103874207, -0.07062355428934097)","(0.5936195254325867, 0.22391343116760254, -0.05281049385666847)","(0.5771773457527161, 0.21231935918331146, -0.015560131520032883)","(0.5745841860771179, 0.19359131157398224, 0.0039259628392755985)","(0.638614296913147, 0.13693150877952576, -0.05347120016813278)","(0.6153574585914612, 0.2002200484275818, -0.04329349845647812)","(0.6030750870704651, 0.19012542068958282, -0.02252086251974106)","(0.6021808981895447, 0.17320945858955383, -0.007817837409675121)",Reach
2043,"(0.6183561682701111, 0.022607527673244476, -4.616632577381097e-05)","(0.5686311721801758, 0.03320234268903732, -0.014717947691679)","(0.5391566157341003, 0.08534469455480576, -0.03305168077349663)","(0.525000274181366, 0.14926573634147644, -0.03968191519379616)","(0.5166401863098145, 0.20645907521247864, -0.04315270483493805)","(0.5712238550186157, 0.1285795122385025, -0.08993241935968399)","(0.5558949708938599, 0.21857582032680511, -0.07204870879650116)","(0.5415977835655212, 0.2291393280029297, -0.03201554715633392)","(0.5342991352081299, 0.22283782064914703, -0.0025085429660975933)","(0.6020658612251282, 0.14350619912147522, -0.07808399945497513)","(0.5808396339416504, 0.23957574367523193, -0.05923185497522354)","(0.5623946785926819, 0.24193860590457916, -0.013894688338041306)","(0.5552834868431091, 0.22965624928474426, 0.013811685144901276)","(0.6277334690093994, 0.14764069020748138, -0.060312967747449875)","(0.6019806861877441, 0.23342245817184448, -0.03794169798493385)","(0.5857495069503784, 0.22497668862342834, 0.0010931475553661585)","(0.5821069478988647, 0.20971256494522095, 0.021998874843120575)","(0.6466971039772034, 0.1454409509897232, -0.0427643284201622)","(0.623515248298645, 0.2090747356414795, -0.029109397903084755)","(0.6110059022903442, 0.19949331879615784, -0.006385062821209431)","(0.6097613573074341, 0.18332439661026, 0.009177648462355137)",Reach
2044,"(0.6284775733947754, 0.023998253047466278, -5.216350837145001e-05)","(0.5767868161201477, 0.036786019802093506, -0.01397782750427723)","(0.5460704565048218, 0.09405916929244995, -0.030875133350491524)","(0.5321022272109985, 0.16251197457313538, -0.036210764199495316)","(0.5240871906280518, 0.22123771905899048, -0.039728451520204544)","(0.5793271064758301, 0.14040103554725647, -0.08461225032806396)","(0.5638630986213684, 0.23221173882484436, -0.06789520382881165)","(0.5481380224227905, 0.24540656805038452, -0.029556026682257652)","(0.5394090414047241, 0.23989006876945496, 0.0006689897272735834)","(0.6117286682128906, 0.1546868532896042, -0.07177068293094635)","(0.5897351503372192, 0.25275272130966187, -0.052175089716911316)","(0.5695817470550537, 0.25667285919189453, -0.007455506362020969)","(0.5610291361808777, 0.2443934679031372, 0.02130262367427349)","(0.6378849148750305, 0.15696491301059723, -0.0530952513217926)","(0.6123055219650269, 0.2459355741739273, -0.03147519379854202)","(0.5931041836738586, 0.24249470233917236, 0.006835445296019316)","(0.5861138105392456, 0.22931066155433655, 0.02879161201417446)","(0.6568444967269897, 0.15271131694316864, -0.03427652269601822)","(0.6344099044799805, 0.21930821239948273, -0.019543439149856567)","(0.6201554536819458, 0.2130393385887146, 0.004258384462445974)","(0.6166716814041138, 0.1979910135269165, 0.021864162757992744)",Reach
2045,"(0.6320099234580994, 0.02571350336074829, -5.5817330576246604e-05)","(0.5813435912132263, 0.04940631985664368, -0.011131159029901028)","(0.5524545907974243, 0.1090620905160904, -0.025640161707997322)","(0.5396922826766968, 0.17826494574546814, -0.028729237616062164)","(0.532276451587677, 0.23650109767913818, -0.03225099295377731)","(0.5889315009117126, 0.15692205727100372, -0.08236919343471527)","(0.5722095370292664, 0.24883973598480225, -0.06044306606054306)","(0.5568287372589111, 0.2605224847793579, -0.019444240257143974)","(0.5503873229026794, 0.25068986415863037, 0.011467555537819862)","(0.6220594644546509, 0.16896522045135498, -0.06883896142244339)","(0.5985880494117737, 0.2660404145717621, -0.04565529525279999)","(0.57871413230896, 0.2734334170818329, -0.0002871548058465123)","(0.5712719559669495, 0.26095128059387207, 0.028638586401939392)","(0.6481491327285767, 0.1695306897163391, -0.04884810373187065)","(0.6216577887535095, 0.25758031010627747, -0.023571133613586426)","(0.6026036143302917, 0.25569361448287964, 0.015509006567299366)","(0.5961198210716248, 0.2408251166343689, 0.03699526935815811)","(0.6667077541351318, 0.16446033120155334, -0.028427889570593834)","(0.6435192227363586, 0.2305244505405426, -0.009251500479876995)","(0.6286754608154297, 0.22552695870399475, 0.016171513125300407)","(0.6253042221069336, 0.21016322076320648, 0.0345616452395916)",Reach
2046,"(0.6456189155578613, 0.03372436761856079, -5.052672349847853e-05)","(0.5924624800682068, 0.05551270395517349, -0.013308851048350334)","(0.5626800656318665, 0.1201791912317276, -0.0261672493070364)","(0.549642026424408, 0.1938076913356781, -0.027769433334469795)","(0.5439768433570862, 0.25456786155700684, -0.03025190345942974)","(0.6039783358573914, 0.1808311939239502, -0.06827354431152344)","(0.5842425227165222, 0.2666846513748169, -0.03988337516784668)","(0.5668002963066101, 0.2791883945465088, 0.002098018303513527)","(0.5579118728637695, 0.27504101395606995, 0.03213677555322647)","(0.6379579305648804, 0.1925973892211914, -0.05226368084549904)","(0.6126745343208313, 0.28574618697166443, -0.02268117107450962)","(0.5907701849937439, 0.29503506422042847, 0.023391619324684143)","(0.5806031823158264, 0.2846824526786804, 0.05274561420083046)","(0.6640612483024597, 0.1904703974723816, -0.03101951815187931)","(0.6375502347946167, 0.27595454454421997, -0.000961825018748641)","(0.6158623695373535, 0.27905604243278503, 0.037456922233104706)","(0.6055618524551392, 0.26800858974456787, 0.058679744601249695)","(0.681647539138794, 0.18075020611286163, -0.010020358487963676)","(0.6580196619033813, 0.24486447870731354, 0.009794133715331554)","(0.6409222483634949, 0.2443937063217163, 0.03409604728221893)","(0.634032666683197, 0.2322922945022583, 0.05205705016851425)",Reach
2047,"(0.666226327419281, 0.047798216342926025, -6.75805495120585e-05)","(0.6089562177658081, 0.06898319721221924, -0.014485467225313187)","(0.5768599510192871, 0.14225919544696808, -0.026065664365887642)","(0.5638664364814758, 0.22053313255310059, -0.025303862988948822)","(0.5566878318786621, 0.2838929295539856, -0.025049136951565742)","(0.619038462638855, 0.2094447910785675, -0.06704405695199966)","(0.5966609716415405, 0.29359880089759827, -0.02982463873922825)","(0.5798375010490417, 0.2993522584438324, 0.01381907518953085)","(0.5728992223739624, 0.28673139214515686, 0.041598983108997345)","(0.6543459892272949, 0.22010105848312378, -0.048900056630373)","(0.6256763935089111, 0.3133459985256195, -0.012852907180786133)","(0.6025661826133728, 0.3201686441898346, 0.03197908028960228)","(0.5923700928688049, 0.30495840311050415, 0.057569459080696106)","(0.6805763840675354, 0.21696233749389648, -0.0254533514380455)","(0.6511560678482056, 0.3007279336452484, 0.009295185096561909)","(0.6275114417076111, 0.30350273847579956, 0.04665642976760864)","(0.6165052652359009, 0.2905005216598511, 0.06545338779687881)","(0.6981384754180908, 0.207315132021904, -0.002523998497053981)","(0.6703523993492126, 0.27036386728286743, 0.01968386583030224)","(0.6502174139022827, 0.2689410448074341, 0.04482810199260712)","(0.6417551040649414, 0.2541154623031616, 0.06284669041633606)",Reach
2048,"(0.6805505752563477, 0.06475575268268585, -6.467914499808103e-05)","(0.6224913001060486, 0.09281738847494125, -0.01079932227730751)","(0.5911669731140137, 0.17395369708538055, -0.01984770968556404)","(0.5803058743476868, 0.2563524842262268, -0.01773638091981411)","(0.5748062133789062, 0.32157817482948303, -0.017241498455405235)","(0.6369837522506714, 0.23595181107521057, -0.06667571514844894)","(0.6132860779762268, 0.3248938024044037, -0.028332630172371864)","(0.5963214039802551, 0.3299482464790344, 0.01672414503991604)","(0.58979731798172, 0.31696218252182007, 0.04644764959812164)","(0.6724885106086731, 0.24525436758995056, -0.050144609063863754)","(0.6430538296699524, 0.34277236461639404, -0.011496279388666153)","(0.6210456490516663, 0.344865083694458, 0.0345640704035759)","(0.6127418875694275, 0.3279549479484558, 0.061030980199575424)","(0.6987345218658447, 0.24180203676223755, -0.02773815207183361)","(0.6683899760246277, 0.32941529154777527, 0.010213609784841537)","(0.6459357738494873, 0.3278672695159912, 0.048415668308734894)","(0.6370678544044495, 0.3131275475025177, 0.06733519583940506)","(0.7168712019920349, 0.2325761467218399, -0.0055755614303052425)","(0.6888992786407471, 0.2977319657802582, 0.019975686445832253)","(0.6698882579803467, 0.2938944697380066, 0.047637179493904114)","(0.6636844277381897, 0.277890145778656, 0.06707900762557983)",Reach
2049,"(0.6981194615364075, 0.08481189608573914, -7.394482963718474e-05)","(0.6397843360900879, 0.11946780979633331, -0.014182942919433117)","(0.6093881130218506, 0.20585238933563232, -0.02350512146949768)","(0.5998498201370239, 0.2892369031906128, -0.021001460030674934)","(0.5933554768562317, 0.3552343249320984, -0.019656773656606674)","(0.6573692560195923, 0.2668883204460144, -0.06673946976661682)","(0.6377578377723694, 0.35897529125213623, -0.03232336789369583)","(0.6194371581077576, 0.37784361839294434, 0.012026423588395119)","(0.6086497902870178, 0.375448077917099, 0.04401138797402382)","(0.6943126320838928, 0.2743098735809326, -0.04743156209588051)","(0.6674184799194336, 0.3763384521007538, -0.012622631154954433)","(0.6419367790222168, 0.39149749279022217, 0.03193742409348488)","(0.6280607581138611, 0.37879037857055664, 0.05952092632651329)","(0.7201727628707886, 0.2696530818939209, -0.022547772154211998)","(0.6917797327041626, 0.3592117726802826, 0.0134680001065135)","(0.6660122275352478, 0.3684679865837097, 0.05051290616393089)","(0.6523342728614807, 0.3567351996898651, 0.07034409791231155)","(0.7363891005516052, 0.25939512252807617, 0.0015836169477552176)","(0.7099030613899231, 0.32594847679138184, 0.02633809670805931)","(0.6882563233375549, 0.3299734592437744, 0.05255381017923355)","(0.6771317720413208, 0.3167588710784912, 0.07194392383098602)",Reach
2050,"(0.7100234627723694, 0.10699273645877838, -6.352324999170378e-05)","(0.6540798544883728, 0.16049501299858093, -0.015084047801792622)","(0.6274657249450684, 0.2550690472126007, -0.023285571485757828)","(0.6193726062774658, 0.3411138951778412, -0.021156413480639458)","(0.6145350337028503, 0.407645046710968, -0.021454451605677605)","(0.6813411116600037, 0.3080868124961853, -0.05728766694664955)","(0.6634805202484131, 0.3988095819950104, -0.0231879111379385)","(0.6452513933181763, 0.4253530204296112, 0.016676180064678192)","(0.6339441537857056, 0.4303811192512512, 0.045256562530994415)","(0.7181286811828613, 0.31048932671546936, -0.03624574840068817)","(0.6952521800994873, 0.41106781363487244, 0.0013930159620940685)","(0.669780969619751, 0.4337683916091919, 0.04415731132030487)","(0.6547579169273376, 0.4281717836856842, 0.07051768153905869)","(0.7428286075592041, 0.3034122586250305, -0.010551879182457924)","(0.7189763784408569, 0.3950222432613373, 0.027561983093619347)","(0.6940425038337708, 0.4118080735206604, 0.06300162523984909)","(0.6796656250953674, 0.40570080280303955, 0.0826464295387268)","(0.7577404975891113, 0.2919938862323761, 0.014298994094133377)","(0.7354943752288818, 0.3579564094543457, 0.0391964390873909)","(0.7154411673545837, 0.369378000497818, 0.0646170824766159)","(0.7027168273925781, 0.3636682629585266, 0.08496685326099396)",Reach
2051,"(0.7274924516677856, 0.134046271443367, -8.007341966731474e-05)","(0.6727966070175171, 0.20747680962085724, -0.01643928326666355)","(0.6479835510253906, 0.30907121300697327, -0.02087896689772606)","(0.6417700052261353, 0.39978229999542236, -0.014889411628246307)","(0.6401892900466919, 0.4702337384223938, -0.008690839633345604)","(0.7032696604728699, 0.35454559326171875, -0.04952023923397064)","(0.686591386795044, 0.445945143699646, -0.011718829162418842)","(0.6703858971595764, 0.47832393646240234, 0.02692602202296257)","(0.6587610244750977, 0.487064003944397, 0.05256275460124016)","(0.73881596326828, 0.3514256477355957, -0.026419388130307198)","(0.7191567420959473, 0.44964560866355896, 0.01612844131886959)","(0.6967394351959229, 0.4844112694263458, 0.0541071742773056)","(0.6806913018226624, 0.48752734065055847, 0.0768391564488411)","(0.7623292207717896, 0.34215766191482544, 0.0026090601459145546)","(0.7429143786430359, 0.4297635853290558, 0.04384499788284302)","(0.7215375900268555, 0.45600026845932007, 0.07485108822584152)","(0.7065552473068237, 0.4551410973072052, 0.09127406775951385)","(0.7755956649780273, 0.3301534056663513, 0.02992410771548748)","(0.7582289576530457, 0.3969370126724243, 0.05597739666700363)","(0.7409555912017822, 0.415601909160614, 0.07904773205518723)","(0.7282623648643494, 0.4131470024585724, 0.09757280349731445)",Reach
2052,"(0.740138828754425, 0.1668216586112976, -7.33650304027833e-05)","(0.6874121427536011, 0.26446619629859924, -0.014328871853649616)","(0.6663461923599243, 0.37031102180480957, -0.011923217214643955)","(0.6630209684371948, 0.4620630443096161, -0.0007980447262525558)","(0.6599661111831665, 0.5306817889213562, 0.010974929668009281)","(0.727613627910614, 0.4136502742767334, -0.01626097783446312)","(0.7116559147834778, 0.4952332377433777, 0.025674572214484215)","(0.6962181329727173, 0.5247946977615356, 0.05648142844438553)","(0.6838982105255127, 0.5320116281509399, 0.07224282622337341)","(0.7597907185554504, 0.4037019908428192, 0.007872292771935463)","(0.7430142760276794, 0.48935651779174805, 0.058927569538354874)","(0.7226981520652771, 0.5288395881652832, 0.09267539530992508)","(0.7072010636329651, 0.5369663834571838, 0.11042940616607666)","(0.7796187400817871, 0.38656872510910034, 0.03600888326764107)","(0.7664498090744019, 0.46760404109954834, 0.07935294508934021)","(0.7467849254608154, 0.5014373064041138, 0.10640246421098709)","(0.7295584678649902, 0.50872403383255, 0.11954043805599213)","(0.7903426289558411, 0.3658539652824402, 0.06185373291373253)","(0.7786207795143127, 0.4298619031906128, 0.0914422795176506)","(0.7640190720558167, 0.4584764838218689, 0.11452177166938782)","(0.7509757280349731, 0.46855056285858154, 0.13318392634391785)",Reach
2053,"(0.7536351084709167, 0.20289868116378784, -0.00010196950461249799)","(0.701400101184845, 0.32754766941070557, -0.003404758172109723)","(0.6823345422744751, 0.44060391187667847, 0.0072594801895320415)","(0.6799220442771912, 0.534597635269165, 0.023350685834884644)","(0.6732212901115417, 0.6082634925842285, 0.03941173851490021)","(0.7448602914810181, 0.47420647740364075, 0.021157339215278625)","(0.7238197922706604, 0.5398756861686707, 0.07277993112802505)","(0.7088873386383057, 0.5608385801315308, 0.09770982712507248)","(0.6978746652603149, 0.5656043887138367, 0.10493301600217819)","(0.7743732929229736, 0.4577322006225586, 0.04121202602982521)","(0.7534165382385254, 0.5303245782852173, 0.10385393351316452)","(0.7332759499549866, 0.5646523833274841, 0.13300232589244843)","(0.7178668975830078, 0.5698803663253784, 0.1438402235507965)","(0.7908141016960144, 0.4363318085670471, 0.06548403203487396)","(0.7739206552505493, 0.505940854549408, 0.11474205553531647)","(0.7557085156440735, 0.5394889116287231, 0.14186415076255798)","(0.7411075234413147, 0.5491538047790527, 0.15332098305225372)","(0.7988550662994385, 0.4154554009437561, 0.08643175661563873)","(0.7883808612823486, 0.47326287627220154, 0.12274068593978882)","(0.7757805585861206, 0.5033397078514099, 0.1479770988225937)","(0.7653022408485413, 0.5190689563751221, 0.16716629266738892)",Reach
2054,"(0.7636374235153198, 0.24066539108753204, -7.956734043546021e-05)","(0.7115899920463562, 0.37420615553855896, 0.011108328588306904)","(0.6932241916656494, 0.4875640869140625, 0.029568331316113472)","(0.6877671480178833, 0.5803920030593872, 0.04761549457907677)","(0.6808321475982666, 0.6526802778244019, 0.06435729563236237)","(0.7528122663497925, 0.5200846195220947, 0.059981781989336014)","(0.7364954948425293, 0.5732802152633667, 0.11261887103319168)","(0.7196224927902222, 0.5831183195114136, 0.1319539099931717)","(0.7072853446006775, 0.5770907998085022, 0.13662908971309662)","(0.7809317111968994, 0.5024786591529846, 0.07245238125324249)","(0.7687540650367737, 0.566743791103363, 0.1347256600856781)","(0.7479602098464966, 0.5982235074043274, 0.15485788881778717)","(0.7319025993347168, 0.5989444851875305, 0.16127440333366394)","(0.7964353561401367, 0.47886139154434204, 0.08776836842298508)","(0.7870370745658875, 0.5428003668785095, 0.13553288578987122)","(0.767385721206665, 0.5722529888153076, 0.15908755362033844)","(0.7528696656227112, 0.5770527124404907, 0.17085672914981842)","(0.8033899664878845, 0.456411749124527, 0.1004648432135582)","(0.7991840839385986, 0.5155400037765503, 0.13846798241138458)","(0.786194920539856, 0.543110728263855, 0.16472499072551727)","(0.7760281562805176, 0.5529718399047852, 0.18675698339939117)",Reach
2055,"(0.7715949416160583, 0.2778168022632599, -4.8091427743202075e-05)","(0.7224788665771484, 0.408763587474823, 0.01539995614439249)","(0.7033037543296814, 0.5168092846870422, 0.0320461243391037)","(0.6962603330612183, 0.6062107086181641, 0.04934762045741081)","(0.6885742545127869, 0.6758115291595459, 0.06631004065275192)","(0.7591491937637329, 0.5557253360748291, 0.05265677347779274)","(0.7312643527984619, 0.5906233191490173, 0.10659642517566681)","(0.7168241143226624, 0.5851413607597351, 0.12568895518779755)","(0.7106348276138306, 0.5657640695571899, 0.12965060770511627)","(0.7846167087554932, 0.5362362861633301, 0.06085260584950447)","(0.7594015598297119, 0.5807204842567444, 0.12168934941291809)","(0.7428777813911438, 0.5824121832847595, 0.1392316371202469)","(0.7345572710037231, 0.5691586136817932, 0.14191319048404694)","(0.798546314239502, 0.5145383477210999, 0.07301405072212219)","(0.7763595581054688, 0.5664371252059937, 0.11728382110595703)","(0.7603305578231812, 0.5725803375244141, 0.13867245614528656)","(0.7513328790664673, 0.5643521547317505, 0.14914363622665405)","(0.8055603504180908, 0.49396806955337524, 0.08431880921125412)","(0.7936901450157166, 0.5500909686088562, 0.11899413913488388)","(0.7826056480407715, 0.5623607039451599, 0.1449543833732605)","(0.7756836414337158, 0.5592796206474304, 0.1691284477710724)",Reach
2056,"(0.7757806777954102, 0.29144102334976196, -7.034479494905099e-05)","(0.7387213706970215, 0.41479581594467163, 0.018220052123069763)","(0.7205556631088257, 0.5267053246498108, 0.013205415569245815)","(0.7106602191925049, 0.6176552772521973, 0.004394865129143)","(0.7041694521903992, 0.7050862312316895, -0.00784855242818594)","(0.7312760353088379, 0.5107790231704712, -0.03596026822924614)","(0.7364290952682495, 0.5775102376937866, -0.05291800945997238)","(0.7457882165908813, 0.6276580095291138, -0.06296645104885101)","(0.7553098797798157, 0.6639447808265686, -0.06695207208395004)","(0.7494654059410095, 0.48625418543815613, -0.05391213297843933)","(0.7599215507507324, 0.5537667274475098, -0.07246340811252594)","(0.7722898125648499, 0.6073384881019592, -0.07685651630163193)","(0.7854278683662415, 0.6524753570556641, -0.0807584598660469)","(0.7673577666282654, 0.45709261298179626, -0.06676311045885086)","(0.7811094522476196, 0.525449812412262, -0.08230239897966385)","(0.7912768721580505, 0.5766507387161255, -0.08336243778467178)","(0.8022371530532837, 0.6180338263511658, -0.08608924597501755)","(0.7830150723457336, 0.4255915582180023, -0.07829669117927551)","(0.7934364080429077, 0.48327046632766724, -0.08793600648641586)","(0.8017234802246094, 0.5229613780975342, -0.08813995122909546)","(0.811712920665741, 0.5537813901901245, -0.08629900962114334)",Reach
2057,"(0.7827079892158508, 0.3172737956047058, -8.588333912484813e-06)","(0.7414186596870422, 0.4498177170753479, 0.01019249577075243)","(0.7204256057739258, 0.5585225820541382, -0.0022700901608914137)","(0.7131991982460022, 0.6430928707122803, -0.016786569729447365)","(0.7089270353317261, 0.7210934162139893, -0.03554467484354973)","(0.725898265838623, 0.5299251675605774, -0.0667731910943985)","(0.7295975685119629, 0.6084204912185669, -0.09727854281663895)","(0.7311604022979736, 0.6720423698425293, -0.11613091826438904)","(0.7314810752868652, 0.7343564629554749, -0.12419076263904572)","(0.7490738034248352, 0.5075582265853882, -0.08568457514047623)","(0.75746089220047, 0.592298686504364, -0.12578904628753662)","(0.7659112215042114, 0.6645895838737488, -0.15215733647346497)","(0.7737359404563904, 0.7311252355575562, -0.17353029549121857)","(0.7726097106933594, 0.48440369963645935, -0.09868692606687546)","(0.7834752798080444, 0.5704903602600098, -0.13161659240722656)","(0.7930002808570862, 0.6446487307548523, -0.1575971394777298)","(0.8013111352920532, 0.7063636779785156, -0.17964984476566315)","(0.7958153486251831, 0.4610334634780884, -0.10742183029651642)","(0.8090630173683167, 0.5343236923217773, -0.1324833333492279)","(0.8179561495780945, 0.591686487197876, -0.15027405321598053)","(0.8265396356582642, 0.639583170413971, -0.16520269215106964)",Reach
2058,"(0.7880300879478455, 0.330476313829422, -1.4973687939345837e-05)","(0.753677248954773, 0.4500473737716675, 0.004164909943938255)","(0.7347183227539062, 0.5495755672454834, -0.009793929755687714)","(0.7290042638778687, 0.6352900266647339, -0.02315778285264969)","(0.7287178039550781, 0.707363486289978, -0.036574482917785645)","(0.7276087403297424, 0.5493212342262268, -0.061149369925260544)","(0.7250640988349915, 0.6437402367591858, -0.08529293537139893)","(0.7285841107368469, 0.7056031227111816, -0.09780772030353546)","(0.7310316562652588, 0.7608776092529297, -0.10499459505081177)","(0.7496014833450317, 0.5380374789237976, -0.07454347610473633)","(0.7531663775444031, 0.6346596479415894, -0.10533026605844498)","(0.7605010867118835, 0.7075663208961487, -0.12016575038433075)","(0.7667627334594727, 0.7690172791481018, -0.13333621621131897)","(0.7737792730331421, 0.5252076983451843, -0.08265893906354904)","(0.7807630896568298, 0.6226078867912292, -0.10786528140306473)","(0.787371039390564, 0.6938161253929138, -0.12139460444450378)","(0.7921054363250732, 0.7484789490699768, -0.13017654418945312)","(0.7991193532943726, 0.5108675956726074, -0.08767025172710419)","(0.8077585101127625, 0.592441976070404, -0.10934755206108093)","(0.8127101063728333, 0.6477761268615723, -0.1187136322259903)","(0.8166404962539673, 0.6937935948371887, -0.12652409076690674)",Reach
2059,"(0.7901907563209534, 0.33986544609069824, -1.0638735147949774e-05)","(0.7564883828163147, 0.43309563398361206, -0.009391169995069504)","(0.7397247552871704, 0.5168996453285217, -0.025499926880002022)","(0.7339736819267273, 0.5875519514083862, -0.03771628439426422)","(0.7323082685470581, 0.6435028314590454, -0.0495244599878788)","(0.7378488779067993, 0.5414237380027771, -0.08111047744750977)","(0.7360885739326477, 0.6344012022018433, -0.10957922041416168)","(0.7350575923919678, 0.6989269852638245, -0.12593896687030792)","(0.7323773503303528, 0.7563943862915039, -0.13819605112075806)","(0.7564073801040649, 0.5431762933731079, -0.08527897298336029)","(0.7577201724052429, 0.641147792339325, -0.12092164158821106)","(0.7595184445381165, 0.7117986083030701, -0.13888894021511078)","(0.7606795430183411, 0.7738518118858337, -0.1527702510356903)","(0.7764356732368469, 0.5415197610855103, -0.08368964493274689)","(0.7809951305389404, 0.6374777555465698, -0.11347834020853043)","(0.7831270694732666, 0.7045191526412964, -0.12998147308826447)","(0.7844333648681641, 0.7589133977890015, -0.1390841007232666)","(0.7980543971061707, 0.534168541431427, -0.07955805212259293)","(0.8047912120819092, 0.6140799522399902, -0.10395514965057373)","(0.8093512058258057, 0.6637606620788574, -0.11602196097373962)","(0.8136871457099915, 0.7072469592094421, -0.12456365674734116)",Reach
2060,"(0, 0, 0)","(0, 0, 0)","(0, 0, 0)","(0, 0, 0)","(0, 0, 0)","(0, 0, 0)","(0, 0, 0)","(0, 0, 0)","(0, 0, 0)","(0, 0, 0)","(0, 0, 0)","(0, 0, 0)","(0, 0, 0)","(0, 0, 0)","(0, 0, 0)","(0, 0, 0)","(0, 0, 0)","(0, 0, 0)","(0, 0, 0)","(0, 0, 0)","(0, 0, 0)",Negative
2061,"(0.7677772641181946, 0.653505802154541, -6.671895243925974e-05)","(0.7140610814094543, 0.6878541111946106, 0.00015076276031322777)","(0.6982407569885254, 0.7680188417434692, 0.005507476627826691)","(0.7027199268341064, 0.8372766375541687, 0.02160487323999405)","(0.7095245122909546, 0.8807926774024963, 0.03694134205579758)","(0.7309010624885559, 0.8334925770759583, -0.03896775469183922)","(0.7146501541137695, 0.9199554920196533, -0.0062967585399746895)","(0.7008909583091736, 0.9274210929870605, 0.031054874882102013)","(0.6962239146232605, 0.9149779081344604, 0.056128665804862976)","(0.7654430270195007, 0.8364701271057129, -0.018679125234484673)","(0.7511419653892517, 0.9234161972999573, 0.02551031857728958)","(0.7335478663444519, 0.917190670967102, 0.06744755059480667)","(0.7256556749343872, 0.896718442440033, 0.08881530165672302)","(0.7891687750816345, 0.8196086287498474, 0.007397899869829416)","(0.7694520354270935, 0.8937841653823853, 0.04986041784286499)","(0.7518041133880615, 0.880627453327179, 0.080086350440979)","(0.7459610104560852, 0.8558205366134644, 0.09177602827548981)","(0.8035359978675842, 0.7946062088012695, 0.03378203511238098)","(0.7808712720870972, 0.850975751876831, 0.06892118602991104)","(0.7657814621925354, 0.8437973260879517, 0.08857473731040955)","(0.7621774077415466, 0.8249596357345581, 0.09906678646802902)",Grasp
2062,"(0.7673027515411377, 0.6502154469490051, -6.784540164517239e-05)","(0.7142269015312195, 0.6823028326034546, 0.0026061064563691616)","(0.696560263633728, 0.7578853964805603, 0.013086328282952309)","(0.6990468502044678, 0.824251651763916, 0.033181674778461456)","(0.7065196633338928, 0.8687826991081238, 0.05498034879565239)","(0.7262582778930664, 0.8364205360412598, -0.021098697558045387)","(0.7102886438369751, 0.9235703945159912, 0.009721502661705017)","(0.6987764835357666, 0.9387810826301575, 0.04621579125523567)","(0.6945369839668274, 0.9355618357658386, 0.07326751947402954)","(0.7591962814331055, 0.8406771421432495, 3.716426726896316e-05)","(0.7453843951225281, 0.9297142028808594, 0.04062516987323761)","(0.7304270267486572, 0.9318101406097412, 0.083623006939888)","(0.722744345664978, 0.9202356338500977, 0.11175280809402466)","(0.7823821902275085, 0.8243661522865295, 0.02630678191781044)","(0.7643219828605652, 0.8961244821548462, 0.06594586372375488)","(0.7472995519638062, 0.890995442867279, 0.09678622335195541)","(0.7406572699546814, 0.8736924529075623, 0.11256743967533112)","(0.7972354888916016, 0.7981386184692383, 0.052392713725566864)","(0.7778173089027405, 0.849169909954071, 0.08565551787614822)","(0.7624413967132568, 0.8475939631462097, 0.10431523621082306)","(0.7560243606567383, 0.8345142006874084, 0.11483395844697952)",Grasp
2063,"(0.7661171555519104, 0.6473124623298645, -7.402274059131742e-05)","(0.7106850147247314, 0.6739139556884766, 0.00568380719050765)","(0.6909227967262268, 0.7510707378387451, 0.015714211389422417)","(0.6905750036239624, 0.8224219679832458, 0.035360995680093765)","(0.6938853859901428, 0.8714542388916016, 0.055995166301727295)","(0.7194930911064148, 0.8348729014396667, -0.029034053906798363)","(0.7019739747047424, 0.9255443215370178, -0.000998727628029883)","(0.6914068460464478, 0.9502228498458862, 0.03603466600179672)","(0.6864833235740662, 0.958541750907898, 0.06527235358953476)","(0.7533532381057739, 0.8435940146446228, -0.009601092897355556)","(0.7370238900184631, 0.9356411695480347, 0.03161348029971123)","(0.7222397327423096, 0.936251163482666, 0.07937761396169662)","(0.7150622606277466, 0.9252697229385376, 0.11094974726438522)","(0.7782970070838928, 0.831057608127594, 0.01618908904492855)","(0.7591947317123413, 0.9066572189331055, 0.05619112402200699)","(0.741839587688446, 0.9028740525245667, 0.09234233945608139)","(0.734455943107605, 0.8863348364830017, 0.11282695829868317)","(0.7953191995620728, 0.8073495030403137, 0.042364004999399185)","(0.7751535177230835, 0.8611041903495789, 0.07754199951887131)","(0.759291410446167, 0.8595000505447388, 0.09963162988424301)","(0.7521129846572876, 0.846686840057373, 0.11286471039056778)",Grasp
2064,"(0.7612248659133911, 0.6459003686904907, -7.364858902292326e-05)","(0.7067931890487671, 0.6772866249084473, 0.014512334018945694)","(0.6884699463844299, 0.7552830576896667, 0.02771972492337227)","(0.691189706325531, 0.8240966796875, 0.04781587794423103)","(0.6975002288818359, 0.8690996170043945, 0.06921925395727158)","(0.7137342691421509, 0.8394920229911804, -0.01563793420791626)","(0.6998803019523621, 0.9287420511245728, 0.013227947987616062)","(0.6908540725708008, 0.953669548034668, 0.05141907185316086)","(0.6868443489074707, 0.9628736972808838, 0.08231265097856522)","(0.7485587000846863, 0.8485045433044434, 0.0007142234244383872)","(0.7378509640693665, 0.9412662982940674, 0.042087506502866745)","(0.7252107262611389, 0.9424365758895874, 0.0926709771156311)","(0.7188876867294312, 0.9289342761039734, 0.12681660056114197)","(0.7753542065620422, 0.8345169425010681, 0.0232557225972414)","(0.7604495882987976, 0.9088625907897949, 0.06482464075088501)","(0.7441158294677734, 0.9040816426277161, 0.10415197908878326)","(0.7367270588874817, 0.8870248198509216, 0.12639325857162476)","(0.7936868667602539, 0.8092270493507385, 0.04684999957680702)","(0.7760688066482544, 0.8584203124046326, 0.08377130329608917)","(0.761793315410614, 0.8541200160980225, 0.10695908963680267)","(0.7558114528656006, 0.8398508429527283, 0.12097340077161789)",Grasp
2065,"(0.7620410323143005, 0.6345807313919067, -8.150526264216751e-05)","(0.7078479528427124, 0.6687296628952026, 0.018234696239233017)","(0.6879067420959473, 0.7452556490898132, 0.030788026750087738)","(0.6878724098205566, 0.8120108842849731, 0.0490708127617836)","(0.6919506192207336, 0.857559084892273, 0.06755897402763367)","(0.7141942977905273, 0.8337416648864746, -0.009262311272323132)","(0.6972982883453369, 0.9211332201957703, 0.016497811302542686)","(0.688095211982727, 0.9537391066551208, 0.05066857486963272)","(0.6841906905174255, 0.972213864326477, 0.07861355692148209)","(0.7492282390594482, 0.8449895977973938, 0.004801718518137932)","(0.7381664514541626, 0.9367366433143616, 0.043535131961107254)","(0.7259306907653809, 0.9441103935241699, 0.09535939246416092)","(0.7202762365341187, 0.9356603622436523, 0.13332422077655792)","(0.776395320892334, 0.8325536251068115, 0.02488880604505539)","(0.7615560293197632, 0.9067665338516235, 0.06590382754802704)","(0.7457313537597656, 0.9070913791656494, 0.10557088255882263)","(0.7379472851753235, 0.8935469388961792, 0.12947165966033936)","(0.7950202822685242, 0.806829035282135, 0.045990727841854095)","(0.7797044515609741, 0.8570342659950256, 0.08376061171293259)","(0.7658225297927856, 0.8543539047241211, 0.10694107413291931)","(0.7591956853866577, 0.8401204943656921, 0.12170588225126266)",Grasp
2066,"(0.764812171459198, 0.6298441886901855, -8.995345706352964e-05)","(0.7095940113067627, 0.6656484603881836, 0.012308860197663307)","(0.6888003349304199, 0.7430534362792969, 0.02308487892150879)","(0.6859580874443054, 0.8120903372764587, 0.04174773767590523)","(0.6891360282897949, 0.8600372672080994, 0.062131818383932114)","(0.7168393135070801, 0.8292816877365112, -0.017906367778778076)","(0.6998049020767212, 0.917479932308197, 0.012111268006265163)","(0.6878970861434937, 0.9369980692863464, 0.04876098036766052)","(0.6833436489105225, 0.9404847621917725, 0.07618928700685501)","(0.7510059475898743, 0.8410495519638062, -0.001184043474495411)","(0.7390225529670715, 0.938019871711731, 0.03633326664566994)","(0.72370845079422, 0.9419409036636353, 0.08609945327043533)","(0.7167006134986877, 0.9305344820022583, 0.12141666561365128)","(0.777246356010437, 0.8294820189476013, 0.02206716500222683)","(0.7620092034339905, 0.9073842763900757, 0.0603032261133194)","(0.7441082000732422, 0.9061019420623779, 0.09831272065639496)","(0.7361215353012085, 0.8909565806388855, 0.11972600966691971)","(0.7948792576789856, 0.8060462474822998, 0.04613432660698891)","(0.7794535160064697, 0.8595091700553894, 0.08054566383361816)","(0.7641023993492126, 0.8583906292915344, 0.10287242382764816)","(0.7564558982849121, 0.8443951606750488, 0.1170339435338974)",Grasp
2067,"(0.7669472694396973, 0.6212612390518188, -9.139996109297499e-05)","(0.7119758725166321, 0.6586966514587402, 0.01923757791519165)","(0.6895694136619568, 0.7324134707450867, 0.03289037570357323)","(0.6843693256378174, 0.7996370196342468, 0.05416511744260788)","(0.6857629418373108, 0.8463468551635742, 0.07879602909088135)","(0.7150888442993164, 0.822099506855011, -0.015530775301158428)","(0.6976251602172852, 0.9116042256355286, 0.018608015030622482)","(0.6869138479232788, 0.9233837723731995, 0.059371691197156906)","(0.6842827796936035, 0.9189119935035706, 0.08882958441972733)","(0.7490938305854797, 0.8360475301742554, -0.0015458529815077782)","(0.7356061935424805, 0.9332224130630493, 0.03659961000084877)","(0.7203651666641235, 0.9329586029052734, 0.08876723796129227)","(0.7142329216003418, 0.9166491031646729, 0.12589102983474731)","(0.7761728763580322, 0.8271893262863159, 0.020191218703985214)","(0.7606938481330872, 0.9065362215042114, 0.05764077976346016)","(0.7428932189941406, 0.9057596325874329, 0.09874716401100159)","(0.7351546287536621, 0.8895230293273926, 0.12305459380149841)","(0.795099139213562, 0.805522620677948, 0.04343146085739136)","(0.7815641164779663, 0.8614963889122009, 0.07762350887060165)","(0.7663301229476929, 0.8612880110740662, 0.10197556763887405)","(0.7584289908409119, 0.8465641140937805, 0.11849132180213928)",Grasp
2068,"(0.7702033519744873, 0.6114660501480103, -9.911412780638784e-05)","(0.7141345143318176, 0.650010883808136, 0.010098481550812721)","(0.6907142996788025, 0.7244943976402283, 0.020484384149312973)","(0.683408260345459, 0.7946064472198486, 0.040268462151288986)","(0.6795658469200134, 0.8434733152389526, 0.06378152221441269)","(0.7208312749862671, 0.8183771967887878, -0.02079218253493309)","(0.6992482542991638, 0.9059547185897827, 0.01361675001680851)","(0.6869176030158997, 0.9142918586730957, 0.0537399984896183)","(0.6834886074066162, 0.9081265330314636, 0.08256250619888306)","(0.7537581920623779, 0.8312845230102539, -0.003692211350426078)","(0.7360903024673462, 0.9254423379898071, 0.034914255142211914)","(0.719052791595459, 0.9233558177947998, 0.08433809876441956)","(0.7114665508270264, 0.9072793126106262, 0.11899187415838242)","(0.7789305448532104, 0.8213209509849548, 0.020574012771248817)","(0.7612163424491882, 0.8997442722320557, 0.057496845722198486)","(0.7427520751953125, 0.8982910513877869, 0.09433919191360474)","(0.7346209287643433, 0.8820143938064575, 0.11535750329494476)","(0.7956250905990601, 0.7989474534988403, 0.046119749546051025)","(0.7811492681503296, 0.857398509979248, 0.07720255106687546)","(0.7652145028114319, 0.8587737083435059, 0.0979035273194313)","(0.7566139101982117, 0.8442580103874207, 0.11193548142910004)",Grasp
2069,"(0.7745405435562134, 0.6080442667007446, -8.331646677106619e-05)","(0.716517984867096, 0.6452792882919312, 0.013446216471493244)","(0.6923340559005737, 0.7200450897216797, 0.02766922302544117)","(0.6856843829154968, 0.7914749383926392, 0.05170334130525589)","(0.6823360919952393, 0.8383094072341919, 0.0796518549323082)","(0.7203574776649475, 0.8189398646354675, -0.01914616860449314)","(0.6944089531898499, 0.8980135917663574, 0.029166176915168762)","(0.6835363507270813, 0.8882668018341064, 0.07480466365814209)","(0.6835411787033081, 0.8679285645484924, 0.10103892534971237)","(0.7539334893226624, 0.8323163390159607, -0.0034719351679086685)","(0.7323693037033081, 0.9219119548797607, 0.04566562548279762)","(0.7168731689453125, 0.9104629158973694, 0.09610211849212646)","(0.7129580974578857, 0.8866741061210632, 0.12677469849586487)","(0.7795704007148743, 0.823498547077179, 0.020874060690402985)","(0.759433925151825, 0.9009644985198975, 0.06503091007471085)","(0.7426618337631226, 0.8902108669281006, 0.10228843241930008)","(0.737693727016449, 0.8671718239784241, 0.12059566378593445)","(0.7971653342247009, 0.8019133806228638, 0.046670008450746536)","(0.780919075012207, 0.858995258808136, 0.08129336684942245)","(0.7660144567489624, 0.8541254997253418, 0.10412199795246124)","(0.7600396871566772, 0.8356728553771973, 0.11892116814851761)",Grasp
2070,"(0.7793064713478088, 0.6044838428497314, -8.237451402237639e-05)","(0.718643307685852, 0.6423393487930298, 0.01317992527037859)","(0.6934200525283813, 0.7167444229125977, 0.02691699005663395)","(0.6851996779441833, 0.7898430824279785, 0.05154644697904587)","(0.6805446147918701, 0.8373422622680664, 0.08034253120422363)","(0.7208730578422546, 0.8184474110603333, -0.021507341414690018)","(0.692314863204956, 0.8943390846252441, 0.03262685239315033)","(0.6830360889434814, 0.8688276410102844, 0.07779768854379654)","(0.6865590214729309, 0.8396354913711548, 0.10088220238685608)","(0.7544529438018799, 0.8325440883636475, -0.005570677109062672)","(0.7289271354675293, 0.918790340423584, 0.0495273657143116)","(0.7143237590789795, 0.8954719305038452, 0.09625506401062012)","(0.7141159772872925, 0.8641496300697327, 0.12080370634794235)","(0.7804194688796997, 0.8243187069892883, 0.0191911980509758)","(0.7570990324020386, 0.9032316207885742, 0.06727906316518784)","(0.7415313124656677, 0.883307933807373, 0.1020367294549942)","(0.7401232719421387, 0.8543772101402283, 0.1166231632232666)","(0.799101710319519, 0.8029916882514954, 0.04643021896481514)","(0.7815061211585999, 0.8641228675842285, 0.0835152417421341)","(0.7676126956939697, 0.852951169013977, 0.10757307708263397)","(0.7644657492637634, 0.8291491866111755, 0.12197429686784744)",Grasp
2071,"(0.779136598110199, 0.5977058410644531, -7.811707473592833e-05)","(0.7185593247413635, 0.6366049647331238, 0.0165888499468565)","(0.693769633769989, 0.7115116715431213, 0.03225283324718475)","(0.6847944855690002, 0.7830933332443237, 0.0578794963657856)","(0.6783446073532104, 0.8294492959976196, 0.08767277747392654)","(0.7214771509170532, 0.8171541690826416, -0.01604529097676277)","(0.6929479241371155, 0.8885325789451599, 0.04068168252706528)","(0.6848633885383606, 0.8598970174789429, 0.08623362332582474)","(0.6894384026527405, 0.8290582299232483, 0.10909708589315414)","(0.7551425695419312, 0.8321886658668518, -0.0020922147668898106)","(0.7287045121192932, 0.9146308302879333, 0.05467778071761131)","(0.7145657539367676, 0.8906314373016357, 0.10224617272615433)","(0.7144854068756104, 0.8586313724517822, 0.12720228731632233)","(0.7815936207771301, 0.8236421346664429, 0.02081139385700226)","(0.7580182552337646, 0.9008361101150513, 0.0698186531662941)","(0.74310302734375, 0.881692111492157, 0.10543731600046158)","(0.741793692111969, 0.8533942103385925, 0.12050001323223114)","(0.8008710145950317, 0.8009004592895508, 0.04625179246068001)","(0.7844512462615967, 0.8611640334129333, 0.08388013392686844)","(0.7711232900619507, 0.8512106537818909, 0.10818663984537125)","(0.7676109075546265, 0.8283693790435791, 0.12272550910711288)",Grasp
2072,"(0.7797727584838867, 0.5976017713546753, -8.173960668500513e-05)","(0.7189685702323914, 0.6365050077438354, 0.02173641510307789)","(0.6923719048500061, 0.7121564149856567, 0.04206269979476929)","(0.6814460158348083, 0.7835910320281982, 0.07035280764102936)","(0.6759175062179565, 0.8295720815658569, 0.10339118540287018)","(0.7206830382347107, 0.8202109932899475, -0.0051952446810901165)","(0.6932516098022461, 0.8909761309623718, 0.05063701421022415)","(0.6832764148712158, 0.8677528500556946, 0.09705493599176407)","(0.6848129034042358, 0.8410147428512573, 0.12317944318056107)","(0.7543036937713623, 0.832819402217865, 0.007085631135851145)","(0.7286314964294434, 0.9152939915657043, 0.06379315257072449)","(0.7146056890487671, 0.8939818143844604, 0.11271528899669647)","(0.7138526439666748, 0.8644742965698242, 0.14109022915363312)","(0.7808953523635864, 0.8232412338256836, 0.028216026723384857)","(0.7586970329284668, 0.9014120697975159, 0.07613334059715271)","(0.743072509765625, 0.8848598003387451, 0.1149759590625763)","(0.740125834941864, 0.8577227592468262, 0.13498686254024506)","(0.800467848777771, 0.800374448299408, 0.0517108291387558)","(0.7850540280342102, 0.8608116507530212, 0.0897664874792099)","(0.7711226344108582, 0.8524208664894104, 0.11634316295385361)","(0.7668750286102295, 0.8311130404472351, 0.1346406191587448)",Grasp
2073,"(0.7764928936958313, 0.5991894006729126, -8.903098932933062e-05)","(0.7169705629348755, 0.6453206539154053, 0.015516605228185654)","(0.6910907626152039, 0.722623884677887, 0.03352581709623337)","(0.6804070472717285, 0.7941375374794006, 0.06034550070762634)","(0.6755687594413757, 0.8421211242675781, 0.09114932268857956)","(0.72468101978302, 0.8296103477478027, -0.005488996859639883)","(0.6997177600860596, 0.9040004014968872, 0.04939448833465576)","(0.6882151961326599, 0.8845038414001465, 0.09488487988710403)","(0.6879367232322693, 0.8581235408782959, 0.12183760106563568)","(0.7573649287223816, 0.8376418948173523, 0.009834852069616318)","(0.7325917482376099, 0.9165983200073242, 0.06782111525535583)","(0.7165212035179138, 0.8976631760597229, 0.11602570116519928)","(0.7134740352630615, 0.8704628944396973, 0.14240369200706482)","(0.7826331853866577, 0.8250767588615417, 0.03304807096719742)","(0.7606992721557617, 0.8995412588119507, 0.08077114075422287)","(0.7435231804847717, 0.8847119212150574, 0.1174512431025505)","(0.7391594648361206, 0.8577330112457275, 0.1363649070262909)","(0.8010445833206177, 0.8003962635993958, 0.05800936371088028)","(0.7849887013435364, 0.8585675954818726, 0.09584688395261765)","(0.7706251740455627, 0.8523174524307251, 0.12118490040302277)","(0.7659737467765808, 0.8321850895881653, 0.13854147493839264)",Grasp
2074,"(0.7729827761650085, 0.6032941341400146, -8.796235488262028e-05)","(0.7135216593742371, 0.6530562043190002, 0.018927359953522682)","(0.6890595555305481, 0.7292314171791077, 0.037700336426496506)","(0.6799154877662659, 0.8003701567649841, 0.06458332389593124)","(0.6762752532958984, 0.8484418988227844, 0.09594510495662689)","(0.7254985570907593, 0.8394129276275635, -4.987562351743691e-05)","(0.7002735733985901, 0.9064472317695618, 0.057657886296510696)","(0.6891353726387024, 0.8867096304893494, 0.10325447469949722)","(0.6882070899009705, 0.8613573908805847, 0.12916959822177887)","(0.7584002017974854, 0.8453790545463562, 0.013756344094872475)","(0.7329950928688049, 0.9187326431274414, 0.07452324032783508)","(0.7176727652549744, 0.8985600471496582, 0.12199406325817108)","(0.7152825593948364, 0.8721763491630554, 0.14724509418010712)","(0.7833136320114136, 0.8308228254318237, 0.035557009279727936)","(0.760039210319519, 0.8990790843963623, 0.08714926242828369)","(0.7434908151626587, 0.8830698132514954, 0.12396857887506485)","(0.7398141026496887, 0.8578409552574158, 0.14142820239067078)","(0.8008056282997131, 0.8045505285263062, 0.05918234959244728)","(0.7827798128128052, 0.8578484058380127, 0.09998262673616409)","(0.7684138417243958, 0.8491767644882202, 0.12512004375457764)","(0.7644056677818298, 0.8293775320053101, 0.14090435206890106)",Grasp
2075,"(0.7706764936447144, 0.6100674867630005, -9.415654494659975e-05)","(0.7100896835327148, 0.6588535904884338, 0.02047194167971611)","(0.6869558691978455, 0.7360804080963135, 0.04093872383236885)","(0.6803919672966003, 0.8057821989059448, 0.06986478716135025)","(0.6791704893112183, 0.8495240807533264, 0.10337922722101212)","(0.7245948910713196, 0.8445470929145813, -0.002088019624352455)","(0.6995600461959839, 0.9115587472915649, 0.058099064975976944)","(0.689221978187561, 0.8897008299827576, 0.10367119312286377)","(0.6896342635154724, 0.8616591691970825, 0.1277799904346466)","(0.7581345438957214, 0.8501728773117065, 0.011776420287787914)","(0.7327256202697754, 0.9229312539100647, 0.07428058981895447)","(0.7178373336791992, 0.9021146297454834, 0.11966148763895035)","(0.7165343761444092, 0.8747037053108215, 0.14178389310836792)","(0.7829115390777588, 0.8351633548736572, 0.034389249980449677)","(0.7589120268821716, 0.900557816028595, 0.08891235291957855)","(0.7428296208381653, 0.8834539651870728, 0.12400837987661362)","(0.7402639389038086, 0.8581001162528992, 0.1381944864988327)","(0.7995736598968506, 0.8085561990737915, 0.05876113846898079)","(0.7790793180465698, 0.8595120906829834, 0.10190964490175247)","(0.7652771472930908, 0.8485130667686462, 0.12632283568382263)","(0.7623852491378784, 0.8287917971611023, 0.13983964920043945)",Grasp
2076,"(0.768578052520752, 0.6139510869979858, -8.035480277612805e-05)","(0.7088757753372192, 0.6630127429962158, 0.011583720333874226)","(0.6867136359214783, 0.7416338324546814, 0.029410257935523987)","(0.6818463802337646, 0.8114032745361328, 0.05723156780004501)","(0.6806600093841553, 0.8550785779953003, 0.08901771903038025)","(0.7260240912437439, 0.8494635224342346, -0.006190530955791473)","(0.7009742259979248, 0.9170233011245728, 0.051068756729364395)","(0.6898099780082703, 0.8969192504882812, 0.0927787721157074)","(0.6897905468940735, 0.8689836263656616, 0.1146315410733223)","(0.7587540149688721, 0.8521310091018677, 0.011997919529676437)","(0.7343820333480835, 0.9242931604385376, 0.07334525138139725)","(0.7187101244926453, 0.9031949639320374, 0.11562654376029968)","(0.7161384224891663, 0.8746015429496765, 0.13596652448177338)","(0.7819544672966003, 0.8342414498329163, 0.037696074694395065)","(0.75808185338974, 0.8934260010719299, 0.091844342648983)","(0.7417609095573425, 0.8738585114479065, 0.12007013708353043)","(0.738772988319397, 0.8469583988189697, 0.12929680943489075)","(0.796728789806366, 0.806418240070343, 0.06440883874893188)","(0.7762330174446106, 0.8529762029647827, 0.10640306770801544)","(0.7617813348770142, 0.8413827419281006, 0.1257832944393158)","(0.7578176259994507, 0.821036696434021, 0.13533030450344086)",Grasp
2077,"(0.7656097412109375, 0.6157130002975464, -7.464949158020318e-05)","(0.7061296105384827, 0.6699137687683105, 0.013497058302164078)","(0.6854436993598938, 0.7497744560241699, 0.033131763339042664)","(0.6825965046882629, 0.8182544708251953, 0.06212877482175827)","(0.6838520765304565, 0.8601897954940796, 0.09449087083339691)","(0.7260071635246277, 0.8566756844520569, -0.0022198064252734184)","(0.7012784481048584, 0.918802797794342, 0.05701877176761627)","(0.6892300248146057, 0.8951385021209717, 0.09882352501153946)","(0.6893885731697083, 0.8655692338943481, 0.1198471337556839)","(0.7580332159996033, 0.8563478589057922, 0.01472014281898737)","(0.7318392395973206, 0.9205954074859619, 0.0816284716129303)","(0.7156553864479065, 0.897311806678772, 0.12347617000341415)","(0.7128680944442749, 0.8689068555831909, 0.14144377410411835)","(0.7803958654403687, 0.8354610800743103, 0.03932027146220207)","(0.7551592588424683, 0.8879532217979431, 0.09769153594970703)","(0.738881528377533, 0.8667404651641846, 0.12388890981674194)","(0.7359845042228699, 0.8394861221313477, 0.13008266687393188)","(0.7947266697883606, 0.8055098652839661, 0.06496179848909378)","(0.772728681564331, 0.8477346897125244, 0.1102733239531517)","(0.7585651874542236, 0.834244966506958, 0.12873370945453644)","(0.7548500299453735, 0.8137291073799133, 0.13561749458312988)",Grasp
2078,"(0.7612965703010559, 0.6175638437271118, -5.50529221072793e-05)","(0.7024958729743958, 0.6738783121109009, 0.017041120678186417)","(0.6839976906776428, 0.7559762597084045, 0.03909587487578392)","(0.6845455169677734, 0.8228532671928406, 0.06973843276500702)","(0.6883683800697327, 0.8617628812789917, 0.10263940691947937)","(0.7210673689842224, 0.8594295978546143, 0.0024120693560689688)","(0.6993536353111267, 0.9183462858200073, 0.06256721168756485)","(0.6878271698951721, 0.8960464000701904, 0.10485468804836273)","(0.6877470016479492, 0.8656262159347534, 0.12623077630996704)","(0.753320574760437, 0.8583729863166809, 0.017706800252199173)","(0.7312870621681213, 0.9192384481430054, 0.0860426276922226)","(0.7156780958175659, 0.8976072072982788, 0.1274489164352417)","(0.7126258015632629, 0.8680949211120605, 0.14513832330703735)","(0.7761936187744141, 0.8368226289749146, 0.040989991277456284)","(0.753897488117218, 0.8797867298126221, 0.1014799103140831)","(0.7379094958305359, 0.8574601411819458, 0.12413810938596725)","(0.7349312901496887, 0.8296584486961365, 0.12641829252243042)","(0.7911382913589478, 0.8072647452354431, 0.06542854756116867)","(0.7709548473358154, 0.8415533304214478, 0.11282221972942352)","(0.7576474547386169, 0.8260068297386169, 0.12916146218776703)","(0.7545865178108215, 0.8053811192512512, 0.13291054964065552)",Grasp
2079,"(0.754790186882019, 0.619585394859314, -5.877259900444187e-05)","(0.6960697770118713, 0.678942084312439, 0.01660712994635105)","(0.6799361705780029, 0.7618887424468994, 0.03940713778138161)","(0.6836545467376709, 0.8269608020782471, 0.07083731144666672)","(0.6903044581413269, 0.8627979159355164, 0.10497736185789108)","(0.7188876271247864, 0.8644285202026367, 0.00483951810747385)","(0.6960991024971008, 0.919713020324707, 0.06542516499757767)","(0.6844102740287781, 0.8946952223777771, 0.10536094754934311)","(0.6847828030586243, 0.8624786138534546, 0.1244497150182724)","(0.7503433227539062, 0.8619318008422852, 0.020393801853060722)","(0.7260187864303589, 0.9178406000137329, 0.09061500430107117)","(0.7104193568229675, 0.895345151424408, 0.12950605154037476)","(0.7075299024581909, 0.865261435508728, 0.14352832734584808)","(0.7726791501045227, 0.8391977548599243, 0.04373902827501297)","(0.7491641640663147, 0.881852924823761, 0.10455051809549332)","(0.7336141467094421, 0.8593032360076904, 0.12637171149253845)","(0.7307855486869812, 0.8306158185005188, 0.12774357199668884)","(0.7873390913009644, 0.8088078498840332, 0.068079873919487)","(0.766097366809845, 0.843342661857605, 0.11544584482908249)","(0.7533440589904785, 0.8276585340499878, 0.13139790296554565)","(0.750541090965271, 0.8066571354866028, 0.13475807011127472)",Grasp
2080,"(0.7530755996704102, 0.6239662170410156, -6.0285223298706114e-05)","(0.6938725113868713, 0.6851475238800049, 0.014162206090986729)","(0.6792629361152649, 0.766804039478302, 0.03550241142511368)","(0.6850012540817261, 0.8311340808868408, 0.06569551676511765)","(0.6935404539108276, 0.866266131401062, 0.09859663993120193)","(0.718438446521759, 0.8706277012825012, 0.0073998477309942245)","(0.6938765645027161, 0.9219754934310913, 0.06924420595169067)","(0.6819905042648315, 0.8943827152252197, 0.10805106908082962)","(0.6831222176551819, 0.8599517345428467, 0.1254778355360031)","(0.7504269480705261, 0.8641999363899231, 0.024448303505778313)","(0.7242598533630371, 0.9139940738677979, 0.09892428666353226)","(0.7084442377090454, 0.8905478715896606, 0.13626526296138763)","(0.7054433226585388, 0.8602451682090759, 0.1482120305299759)","(0.7719802260398865, 0.8371002078056335, 0.04893783852458)","(0.7475242018699646, 0.8733659982681274, 0.1138654425740242)","(0.7323504686355591, 0.8500646948814392, 0.1309739351272583)","(0.7292625308036804, 0.8217571973800659, 0.12719190120697021)","(0.785556435585022, 0.8036043643951416, 0.07438165694475174)","(0.7639693021774292, 0.8344858288764954, 0.12396568804979324)","(0.7511783242225647, 0.8181354999542236, 0.13780178129673004)","(0.7483384013175964, 0.7976993322372437, 0.13810643553733826)",Grasp
2081,"(0.7488612532615662, 0.625872015953064, -5.674015119438991e-05)","(0.6917712092399597, 0.6863594651222229, 0.014383090659976006)","(0.6770399212837219, 0.7681642174720764, 0.035917118191719055)","(0.6835013628005981, 0.831367015838623, 0.06579618901014328)","(0.6936073303222656, 0.8637701869010925, 0.0972275510430336)","(0.7187300324440002, 0.8673198223114014, 0.00978715531527996)","(0.6969971060752869, 0.9222323298454285, 0.0686521977186203)","(0.6833716034889221, 0.8995309472084045, 0.10542339831590652)","(0.681780219078064, 0.8667948246002197, 0.12275015562772751)","(0.7499600648880005, 0.8617894053459167, 0.02667883411049843)","(0.7271816730499268, 0.915803849697113, 0.0982351005077362)","(0.7099146246910095, 0.8962964415550232, 0.13605210185050964)","(0.7042797207832336, 0.8672711849212646, 0.14928309619426727)","(0.770776093006134, 0.8354240655899048, 0.05072447285056114)","(0.7481240034103394, 0.8745754957199097, 0.11229972541332245)","(0.7317821383476257, 0.8540167212486267, 0.1304667890071869)","(0.7266690135002136, 0.8255243897438049, 0.12872499227523804)","(0.7836484313011169, 0.8021864295005798, 0.0754222497344017)","(0.7624435424804688, 0.8338921666145325, 0.12308743596076965)","(0.7488787770271301, 0.8202016949653625, 0.13721416890621185)","(0.7445160746574402, 0.8006078004837036, 0.13862721621990204)",Grasp
2082,"(0.7457119226455688, 0.6296629905700684, -6.0920177929801866e-05)","(0.6899038553237915, 0.6929411888122559, 0.017744718119502068)","(0.6777430772781372, 0.7730631828308105, 0.041015107184648514)","(0.684881865978241, 0.8322202563285828, 0.07177554070949554)","(0.694819450378418, 0.8618910908699036, 0.10408978164196014)","(0.7176193594932556, 0.8751085996627808, 0.014052676036953926)","(0.6973720788955688, 0.923087477684021, 0.0770716741681099)","(0.684508740901947, 0.8991811871528625, 0.11401903629302979)","(0.6829356551170349, 0.8661336898803711, 0.13033021986484528)","(0.749556303024292, 0.8677014112472534, 0.030614301562309265)","(0.7285529971122742, 0.9165160059928894, 0.10472529381513596)","(0.7123978137969971, 0.897559642791748, 0.14137466251850128)","(0.7070738077163696, 0.8683401346206665, 0.154702827334404)","(0.7709119915962219, 0.8384996056556702, 0.054818443953990936)","(0.7504814267158508, 0.8715121746063232, 0.12050659209489822)","(0.7350255250930786, 0.8503425121307373, 0.1355808675289154)","(0.7298645973205566, 0.8228517174720764, 0.13086912035942078)","(0.7839536666870117, 0.8027438521385193, 0.08039160072803497)","(0.7640158534049988, 0.8316202163696289, 0.13058337569236755)","(0.7514721155166626, 0.8179870247840881, 0.144281268119812)","(0.7472519278526306, 0.7992745637893677, 0.14501868188381195)",Grasp
2083,"(0.7452126741409302, 0.6341872215270996, -5.7972294598584995e-05)","(0.688236653804779, 0.6934612393379211, 0.014690866693854332)","(0.673722505569458, 0.7713611125946045, 0.03768923133611679)","(0.6803148984909058, 0.8285948634147644, 0.06865213811397552)","(0.6910474896430969, 0.8540921211242676, 0.1024169921875)","(0.7181330323219299, 0.876444399356842, 0.014977243728935719)","(0.6988098621368408, 0.9243307113647461, 0.0773364007472992)","(0.6854599118232727, 0.9050007462501526, 0.11498814821243286)","(0.6823887228965759, 0.8756834268569946, 0.1324886679649353)","(0.7500036358833313, 0.867149829864502, 0.033031534403562546)","(0.7294262051582336, 0.9195041656494141, 0.1043253093957901)","(0.7120299935340881, 0.9061844348907471, 0.1434614360332489)","(0.7045669555664062, 0.8813007473945618, 0.15942269563674927)","(0.7710431218147278, 0.8372353911399841, 0.058268334716558456)","(0.750858724117279, 0.8735291957855225, 0.12209998816251755)","(0.7341721057891846, 0.8557247519493103, 0.1405189037322998)","(0.7274971008300781, 0.8301221132278442, 0.13929209113121033)","(0.7837527394294739, 0.8012828230857849, 0.08395818620920181)","(0.7638707160949707, 0.832282543182373, 0.13271501660346985)","(0.750160813331604, 0.8205036520957947, 0.14712700247764587)","(0.7448838949203491, 0.8032305240631104, 0.14869119226932526)",Grasp
2084,"(0.7452836036682129, 0.6379431486129761, -4.401171099743806e-05)","(0.687484085559845, 0.688804566860199, 0.01620972342789173)","(0.6696823239326477, 0.7683823704719543, 0.03744402527809143)","(0.6741519570350647, 0.8283313512802124, 0.06686045974493027)","(0.6847218871116638, 0.8539981842041016, 0.10011560469865799)","(0.7148473858833313, 0.8732099533081055, 0.007252204231917858)","(0.698286771774292, 0.9267710447311401, 0.06886354088783264)","(0.6859552264213562, 0.9071357250213623, 0.10749556124210358)","(0.6827495694160461, 0.8783379793167114, 0.12587878108024597)","(0.7476592659950256, 0.8690180778503418, 0.023369288071990013)","(0.7290123701095581, 0.9250428676605225, 0.09161075949668884)","(0.7121776938438416, 0.911625862121582, 0.13195368647575378)","(0.7055089473724365, 0.8860445022583008, 0.14903639256954193)","(0.7705411911010742, 0.8421565890312195, 0.04724770411849022)","(0.7512609362602234, 0.8799521923065186, 0.11006592959165573)","(0.7351171374320984, 0.8621067404747009, 0.12987978756427765)","(0.7295519709587097, 0.8368234634399414, 0.12920619547367096)","(0.7852054238319397, 0.8079482316970825, 0.07168451696634293)","(0.7646116614341736, 0.8375385403633118, 0.12091752141714096)","(0.7518525719642639, 0.8242284655570984, 0.13663755357265472)","(0.7480050921440125, 0.8066130876541138, 0.13886740803718567)",Grasp
2085,"(0.7436717748641968, 0.6393908858299255, -4.73965956189204e-05)","(0.6855677366256714, 0.6897167563438416, 0.017363933846354485)","(0.6677871942520142, 0.7682328820228577, 0.038663990795612335)","(0.6704373359680176, 0.8266373872756958, 0.06797264516353607)","(0.6787155270576477, 0.8532546758651733, 0.10182607173919678)","(0.7160248756408691, 0.8746973872184753, 0.009443070739507675)","(0.6998870372772217, 0.9282667636871338, 0.07065524905920029)","(0.6877335906028748, 0.9048174619674683, 0.1088351309299469)","(0.6853736639022827, 0.8726903200149536, 0.12703265249729156)","(0.7486644983291626, 0.8696345686912537, 0.024780478328466415)","(0.7306618690490723, 0.9233406186103821, 0.09184762835502625)","(0.7143198847770691, 0.9042999744415283, 0.12973028421401978)","(0.7088102698326111, 0.8757245540618896, 0.14438144862651825)","(0.7715824246406555, 0.8423848152160645, 0.047353193163871765)","(0.7531043291091919, 0.8827438354492188, 0.10814213007688522)","(0.7370136976242065, 0.8643715381622314, 0.12901224195957184)","(0.7322482466697693, 0.8389069437980652, 0.12967880070209503)","(0.7864333391189575, 0.8074696660041809, 0.07123059034347534)","(0.7668459415435791, 0.8389841318130493, 0.11880901455879211)","(0.753999650478363, 0.8256354928016663, 0.13544966280460358)","(0.7505926489830017, 0.8076021671295166, 0.13960744440555573)",Grasp
2086,"(0.7464572787284851, 0.63931804895401, -5.264403444016352e-05)","(0.6870052814483643, 0.6894635558128357, 0.017171161249279976)","(0.6680812835693359, 0.7662690281867981, 0.0393182747066021)","(0.6709655523300171, 0.823279082775116, 0.07028955966234207)","(0.6807129383087158, 0.8455300331115723, 0.10606730729341507)","(0.7164173722267151, 0.8743645548820496, 0.006750578060746193)","(0.6984385251998901, 0.9275151491165161, 0.06956978887319565)","(0.6867927312850952, 0.9005563259124756, 0.10839169472455978)","(0.6857218742370605, 0.8663590550422668, 0.1258675754070282)","(0.7489091157913208, 0.8696143627166748, 0.02227001078426838)","(0.7278417348861694, 0.9220726490020752, 0.09102525562047958)","(0.7124902009963989, 0.9001566171646118, 0.12790711224079132)","(0.7087494134902954, 0.8702448606491089, 0.1400446742773056)","(0.771751880645752, 0.8430575132369995, 0.04605109244585037)","(0.751210629940033, 0.8874118328094482, 0.10642614215612411)","(0.7361235022544861, 0.8700611591339111, 0.12894783914089203)","(0.7324116230010986, 0.8440178632736206, 0.13080111145973206)","(0.7867653965950012, 0.8088906407356262, 0.07040613889694214)","(0.7669839859008789, 0.8471254706382751, 0.11625029891729355)","(0.7545107007026672, 0.8348658680915833, 0.1341090351343155)","(0.7515634298324585, 0.8153757452964783, 0.13999450206756592)",Grasp
2087,"(0.7488885521888733, 0.6402075290679932, -4.6814246161375195e-05)","(0.688127338886261, 0.6902062892913818, 0.011957580223679543)","(0.6687604784965515, 0.770648717880249, 0.03142732009291649)","(0.6733675003051758, 0.8306452631950378, 0.06111561506986618)","(0.6841651797294617, 0.8528858423233032, 0.09606271982192993)","(0.7194204330444336, 0.871818482875824, -0.003636700799688697)","(0.701118528842926, 0.9296242594718933, 0.05767509341239929)","(0.6878824830055237, 0.8990795016288757, 0.09622877836227417)","(0.6869862079620361, 0.862324059009552, 0.11319342255592346)","(0.7523296475410461, 0.8670287728309631, 0.014219040051102638)","(0.7309842109680176, 0.9227582812309265, 0.08137199282646179)","(0.7143449783325195, 0.8983460068702698, 0.11798557639122009)","(0.7106947302818298, 0.8660567402839661, 0.1299605518579483)","(0.7751708626747131, 0.8408787846565247, 0.03991123288869858)","(0.7537979483604431, 0.8870640993118286, 0.0989837720990181)","(0.7375266551971436, 0.8673772811889648, 0.12097593396902084)","(0.7335519790649414, 0.8393142819404602, 0.12187599390745163)","(0.7899625301361084, 0.808124303817749, 0.06627605855464935)","(0.7679179310798645, 0.8474724292755127, 0.11189312487840652)","(0.7551223039627075, 0.8330130577087402, 0.1292562633752823)","(0.7529481053352356, 0.8120629191398621, 0.1342845857143402)",Grasp
2088,"(0.7546799778938293, 0.6365693807601929, -5.9838250308530405e-05)","(0.6941661834716797, 0.6826988458633423, 0.016324983909726143)","(0.6734613180160522, 0.763206958770752, 0.036555346101522446)","(0.6757102608680725, 0.8259003162384033, 0.0661076083779335)","(0.6856067776679993, 0.85178142786026, 0.10170102119445801)","(0.7213819622993469, 0.872272789478302, 0.0034817312844097614)","(0.7024025321006775, 0.9252791404724121, 0.06809323281049728)","(0.6906722784042358, 0.8931080102920532, 0.10812023282051086)","(0.6908231377601624, 0.8568161129951477, 0.1253172606229782)","(0.7542681097984314, 0.8674486875534058, 0.01878187619149685)","(0.7328670620918274, 0.9201868176460266, 0.08961159735918045)","(0.7178161144256592, 0.892770528793335, 0.1273190826177597)","(0.7153698205947876, 0.8597696423530579, 0.13992685079574585)","(0.7773751616477966, 0.8403893709182739, 0.04219120368361473)","(0.7563135027885437, 0.8841215968132019, 0.10487014055252075)","(0.741051197052002, 0.8628557920455933, 0.12799072265625)","(0.7379500269889832, 0.834717869758606, 0.128914013504982)","(0.7929564714431763, 0.806386411190033, 0.06694711744785309)","(0.7715489864349365, 0.8439343571662903, 0.11443193256855011)","(0.7596549391746521, 0.827782154083252, 0.1324414759874344)","(0.7584590315818787, 0.8056672215461731, 0.13793455064296722)",Grasp
2089,"(0.7571805119514465, 0.6365464329719543, -5.880268508917652e-05)","(0.6957417726516724, 0.6862251162528992, 0.005920464638620615)","(0.6779119968414307, 0.7704061269760132, 0.02443661354482174)","(0.6829979419708252, 0.8334587216377258, 0.054306358098983765)","(0.693803608417511, 0.857414722442627, 0.0890766829252243)","(0.7270770072937012, 0.8681451678276062, -0.0045584323816001415)","(0.7067726850509644, 0.9248925447463989, 0.0554274283349514)","(0.6910203695297241, 0.89461350440979, 0.09311573952436447)","(0.6891058683395386, 0.8599211573600769, 0.11001284420490265)","(0.75942063331604, 0.8614805340766907, 0.01657956838607788)","(0.7362591028213501, 0.9211388230323792, 0.08346725255250931)","(0.7172254920005798, 0.89573073387146, 0.12122251838445663)","(0.7121574878692627, 0.8631439805030823, 0.13481715321540833)","(0.7812721133232117, 0.8341556191444397, 0.044132050126791)","(0.7582181096076965, 0.8877440094947815, 0.10061714798212051)","(0.7396252751350403, 0.867945671081543, 0.12379691749811172)","(0.73433917760849, 0.8395833373069763, 0.12670879065990448)","(0.7951983213424683, 0.8015086054801941, 0.07276219874620438)","(0.7713356614112854, 0.8479540348052979, 0.11539807170629501)","(0.7566908597946167, 0.8339972496032715, 0.13301704823970795)","(0.7537243366241455, 0.8121161460876465, 0.1399148404598236)",Grasp
2090,"(0.7606430053710938, 0.6348828673362732, -5.124685412738472e-05)","(0.7015852928161621, 0.6853081583976746, 0.0020054103806614876)","(0.6836937665939331, 0.7704713344573975, 0.016594693064689636)","(0.688477635383606, 0.8360458612442017, 0.041623588651418686)","(0.6988294124603271, 0.8655010461807251, 0.07156433165073395)","(0.7320647835731506, 0.8639510273933411, -0.005436420906335115)","(0.7117525339126587, 0.9217512011528015, 0.04967054724693298)","(0.69444340467453, 0.8953965902328491, 0.08363227546215057)","(0.6904816627502441, 0.8635239601135254, 0.09897739440202713)","(0.7640700340270996, 0.8575168251991272, 0.015715211629867554)","(0.7405394315719604, 0.9213511943817139, 0.07826076447963715)","(0.7197297811508179, 0.899904191493988, 0.1150059774518013)","(0.7119496464729309, 0.8690020442008972, 0.130570650100708)","(0.7855018973350525, 0.8297584056854248, 0.042627643793821335)","(0.7614864110946655, 0.8875468373298645, 0.09474395215511322)","(0.7418420314788818, 0.8705404996871948, 0.11701784282922745)","(0.7348459959030151, 0.8426146507263184, 0.12096168100833893)","(0.7987509369850159, 0.7955809235572815, 0.0700220838189125)","(0.7748496532440186, 0.844144880771637, 0.11020749807357788)","(0.758804976940155, 0.833373486995697, 0.12712888419628143)","(0.7537907361984253, 0.8120729923248291, 0.13449878990650177)",Grasp
2091,"(0.7668129205703735, 0.6355515718460083, -5.87587128393352e-05)","(0.7074398994445801, 0.6834139227867126, -0.004087558016180992)","(0.6884555816650391, 0.7710318565368652, 0.004697327967733145)","(0.6945475339889526, 0.8416884541511536, 0.025450510904192924)","(0.7065890431404114, 0.8747887015342712, 0.050091635435819626)","(0.7390124797821045, 0.8589730858802795, -0.01796749420464039)","(0.7205718755722046, 0.9238528609275818, 0.03653598204255104)","(0.7033591270446777, 0.895777702331543, 0.07232628017663956)","(0.6995012760162354, 0.8598592281341553, 0.08957906067371368)","(0.7723451852798462, 0.8501930236816406, 0.006184427998960018)","(0.7520790696144104, 0.9205763936042786, 0.06854439526796341)","(0.731471598148346, 0.8989667296409607, 0.10649470239877701)","(0.7235360145568848, 0.8656007051467896, 0.12287198752164841)","(0.7937763333320618, 0.8208009004592896, 0.035683441907167435)","(0.7712762355804443, 0.8793788552284241, 0.08856887370347977)","(0.7508000135421753, 0.8597765564918518, 0.10879287868738174)","(0.742778480052948, 0.8296592831611633, 0.11013723164796829)","(0.8067672252655029, 0.7869364619255066, 0.06586498022079468)","(0.7820020318031311, 0.8370768427848816, 0.10676928609609604)","(0.7655471563339233, 0.8240404725074768, 0.12280745804309845)","(0.7605400085449219, 0.8005140423774719, 0.12922334671020508)",Move
2092,"(0.7739017009735107, 0.6309480667114258, -7.228372123790905e-05)","(0.712532103061676, 0.6776564121246338, -0.012765388004481792)","(0.6930720806121826, 0.766104519367218, -0.008604572154581547)","(0.6976528167724609, 0.8377699255943298, 0.009983638301491737)","(0.7089575529098511, 0.874517023563385, 0.0336955264210701)","(0.7490091323852539, 0.8470533490180969, -0.033740121871232986)","(0.7317388653755188, 0.9264154434204102, 0.017245231196284294)","(0.7117331624031067, 0.9033892154693604, 0.05615012347698212)","(0.705899715423584, 0.8686379194259644, 0.0766814723610878)","(0.7819458842277527, 0.836031436920166, -0.006254738196730614)","(0.7606114149093628, 0.9170581698417664, 0.050750233232975006)","(0.7370139360427856, 0.8980541825294495, 0.08924303948879242)","(0.7273361682891846, 0.8674799203872681, 0.10496225208044052)","(0.8021969795227051, 0.8075999617576599, 0.026264037936925888)","(0.7782735228538513, 0.8757243156433105, 0.07611218839883804)","(0.7562636733055115, 0.8618922829627991, 0.10030260682106018)","(0.7473084926605225, 0.835708498954773, 0.10493398457765579)","(0.8139593005180359, 0.7754050493240356, 0.05864559859037399)","(0.7884912490844727, 0.8349810242652893, 0.09861858934164047)","(0.7705304026603699, 0.8276829123497009, 0.1167193129658699)","(0.7638628482818604, 0.8077317476272583, 0.12484312057495117)",Move
2093,"(0.7775467038154602, 0.6134806275367737, -6.580742774531245e-05)","(0.7182451486587524, 0.6600697636604309, -0.015712644904851913)","(0.6965408325195312, 0.7485429644584656, -0.016555773094296455)","(0.6984265446662903, 0.8264340162277222, -0.0025864506606012583)","(0.7088950872421265, 0.8701391220092773, 0.015269516967236996)","(0.7595350742340088, 0.8234972357749939, -0.04299785941839218)","(0.7422348260879517, 0.9153416752815247, 0.003235615324229002)","(0.7186322212219238, 0.9017225503921509, 0.04547465220093727)","(0.7103198170661926, 0.8713897466659546, 0.07018645852804184)","(0.7923352122306824, 0.8169575333595276, -0.016647644340991974)","(0.7687956094741821, 0.9040660858154297, 0.0342455692589283)","(0.742379903793335, 0.8953482508659363, 0.07649485766887665)","(0.7307789921760559, 0.8683059811592102, 0.09677864611148834)","(0.8121255040168762, 0.7920635938644409, 0.014654346741735935)","(0.7868666648864746, 0.8631014227867126, 0.06032699719071388)","(0.7629587054252625, 0.8580831289291382, 0.08771825581789017)","(0.752305805683136, 0.8332229852676392, 0.09616967290639877)","(0.8235371708869934, 0.7619571685791016, 0.045292675495147705)","(0.7972559928894043, 0.8248600959777832, 0.08294559270143509)","(0.7780876755714417, 0.822867751121521, 0.10144323855638504)","(0.7697877883911133, 0.8036773204803467, 0.1098800003528595)",Move
2094,"(0.7793850898742676, 0.5894404053688049, -7.047572580631822e-05)","(0.7182137370109558, 0.6432815790176392, -0.019357625395059586)","(0.6996137499809265, 0.7412056922912598, -0.020903093740344048)","(0.7059136629104614, 0.8246065974235535, -0.006298319902271032)","(0.7168449759483337, 0.8738663792610168, 0.011503889225423336)","(0.7635226845741272, 0.8032741546630859, -0.05028258264064789)","(0.7504682540893555, 0.9023916721343994, -0.004247784614562988)","(0.725434422492981, 0.894767165184021, 0.04050503298640251)","(0.7148361802101135, 0.8672360181808472, 0.06682438403367996)","(0.7964868545532227, 0.7940324544906616, -0.022511430084705353)","(0.7751061320304871, 0.8843520283699036, 0.028856657445430756)","(0.7475478053092957, 0.8762527108192444, 0.07171263545751572)","(0.7353071570396423, 0.8508933186531067, 0.09004415571689606)","(0.8155258297920227, 0.7687392830848694, 0.010540633462369442)","(0.7921348810195923, 0.8433676958084106, 0.056231558322906494)","(0.7671865820884705, 0.8370737433433533, 0.08357197046279907)","(0.7559257745742798, 0.8121137022972107, 0.09014175087213516)","(0.8261767029762268, 0.7399749159812927, 0.04199682176113129)","(0.8013761639595032, 0.8057749271392822, 0.07860297709703445)","(0.78216153383255, 0.8020052313804626, 0.09581334888935089)","(0.7739381194114685, 0.7811800837516785, 0.1017863005399704)",Move
2095,"(0.780934751033783, 0.5597292184829712, -8.642899774713442e-05)","(0.7189983129501343, 0.6147193908691406, -0.01743355579674244)","(0.6980074644088745, 0.7133793830871582, -0.01636643521487713)","(0.6993916630744934, 0.7986313700675964, -6.693993782391772e-05)","(0.709433913230896, 0.8486359715461731, 0.020251309499144554)","(0.7619724869728088, 0.7767738103866577, -0.03972248733043671)","(0.7480142712593079, 0.8791934251785278, 0.0005563392187468708)","(0.7216789126396179, 0.8764493465423584, 0.040798719972372055)","(0.7084923982620239, 0.8526884317398071, 0.06676764786243439)","(0.7942880392074585, 0.7700328230857849, -0.012666285037994385)","(0.772563636302948, 0.8659130334854126, 0.030770011246204376)","(0.7423245310783386, 0.8638553023338318, 0.07112180441617966)","(0.7256028652191162, 0.8426036834716797, 0.09303826093673706)","(0.8128609657287598, 0.7458544969558716, 0.01924428902566433)","(0.789504885673523, 0.8268011212348938, 0.060406576842069626)","(0.7639799118041992, 0.8268691897392273, 0.08837318420410156)","(0.7499246597290039, 0.8038434982299805, 0.10018668323755264)","(0.8229470252990723, 0.7157920002937317, 0.049129877239465714)","(0.8004383444786072, 0.7869092226028442, 0.08449895679950714)","(0.7794483304023743, 0.7927699685096741, 0.1025845855474472)","(0.7673659920692444, 0.7757116556167603, 0.11172306537628174)",Move
2096,"(0.777563214302063, 0.5274475812911987, -9.164115181192756e-05)","(0.7159881591796875, 0.5770341157913208, -0.0183298047631979)","(0.6936085224151611, 0.6776272654533386, -0.016086703166365623)","(0.6942611932754517, 0.7667742371559143, 0.001727691967971623)","(0.69842529296875, 0.8230723142623901, 0.02239326946437359)","(0.7537925839424133, 0.7459587454795837, -0.04053429886698723)","(0.7352360486984253, 0.8493696451187134, -0.004621682222932577)","(0.7086296081542969, 0.8527857661247253, 0.032112300395965576)","(0.6956220865249634, 0.8362042903900146, 0.05596521869301796)","(0.7866208553314209, 0.7458069920539856, -0.01353149302303791)","(0.7632066011428833, 0.8455926179885864, 0.02618376910686493)","(0.7316070199012756, 0.8445121645927429, 0.06462489068508148)","(0.7143219113349915, 0.8223848342895508, 0.08580724149942398)","(0.805827260017395, 0.7257798910140991, 0.01847311481833458)","(0.780601978302002, 0.8100063800811768, 0.05665295571088791)","(0.7530437111854553, 0.8106797933578491, 0.08100292086601257)","(0.7379700541496277, 0.787673830986023, 0.09148988127708435)","(0.8163862228393555, 0.6978683471679688, 0.04855978861451149)","(0.7919438481330872, 0.7666371464729309, 0.0806092768907547)","(0.7694333791732788, 0.7700706720352173, 0.09505274146795273)","(0.7562668919563293, 0.7529883980751038, 0.10118112713098526)",Move
2097,"(0.775513768196106, 0.4941008687019348, -7.066674152156338e-05)","(0.7118292450904846, 0.5332847833633423, -0.020773816853761673)","(0.6854902505874634, 0.6281184554100037, -0.02113499492406845)","(0.6824722290039062, 0.7174831032752991, -0.0055422368459403515)","(0.6812814474105835, 0.7792555093765259, 0.012089193798601627)","(0.7389789819717407, 0.7151139974594116, -0.04296959936618805)","(0.7138011455535889, 0.8120105266571045, -0.006434737239032984)","(0.6894145011901855, 0.8182923197746277, 0.029690392315387726)","(0.6782228946685791, 0.8051063418388367, 0.052094753831624985)","(0.7725142240524292, 0.7215486764907837, -0.014458872377872467)","(0.7463019490242004, 0.8184638023376465, 0.027173327282071114)","(0.7173181772232056, 0.8115639090538025, 0.0663449615240097)","(0.7019553780555725, 0.785632848739624, 0.08674567937850952)","(0.7929784059524536, 0.7056770324707031, 0.019129831343889236)","(0.7656090259552002, 0.7856895923614502, 0.058514587581157684)","(0.739265501499176, 0.779568612575531, 0.08095087110996246)","(0.7248973846435547, 0.7530983090400696, 0.09026686102151871)","(0.8048112988471985, 0.6800079941749573, 0.05073409155011177)","(0.7788420915603638, 0.7407060861587524, 0.08267996460199356)","(0.7570443749427795, 0.7369903326034546, 0.0945296660065651)","(0.7445594668388367, 0.7168704867362976, 0.09847067296504974)",Move
2098,"(0.7697141766548157, 0.45890572667121887, -7.495249155908823e-05)","(0.7055960893630981, 0.491020530462265, -0.02269340492784977)","(0.6740977168083191, 0.5857071280479431, -0.026161406189203262)","(0.6676709055900574, 0.6775779128074646, -0.013703810051083565)","(0.6600537896156311, 0.7391696572303772, 0.001158460509032011)","(0.727081835269928, 0.6729770302772522, -0.05087936297059059)","(0.6957342624664307, 0.7699331045150757, -0.022273341193795204)","(0.6684522032737732, 0.776283860206604, 0.013605372048914433)","(0.6557685732841492, 0.7649742960929871, 0.03797799348831177)","(0.7607971429824829, 0.6851617693901062, -0.02329537831246853)","(0.728151261806488, 0.7851130962371826, 0.011162877082824707)","(0.6948193907737732, 0.78010493516922, 0.04961591213941574)","(0.6766870021820068, 0.7550040483474731, 0.07102121412754059)","(0.7817707061767578, 0.6733596920967102, 0.009424961172044277)","(0.749178409576416, 0.7558653354644775, 0.04410482943058014)","(0.7187768816947937, 0.7534377574920654, 0.06752796471118927)","(0.7021514177322388, 0.7298409342765808, 0.0785195380449295)","(0.7931968569755554, 0.6498230695724487, 0.039881836622953415)","(0.7626954317092896, 0.709344208240509, 0.07139991223812103)","(0.7384733557701111, 0.7071448564529419, 0.08469624072313309)","(0.7246602177619934, 0.6887219548225403, 0.08900336921215057)",Move
2099,"(0.7619414329528809, 0.4219212234020233, -8.221404277719557e-05)","(0.697272777557373, 0.4467344880104065, -0.026612671092152596)","(0.6630305647850037, 0.5394494533538818, -0.03172094002366066)","(0.6521320939064026, 0.6338270902633667, -0.0207857396453619)","(0.6419425010681152, 0.698668897151947, -0.006870981305837631)","(0.7094190120697021, 0.6351926326751709, -0.05258537828922272)","(0.6701483726501465, 0.7291227579116821, -0.02773730456829071)","(0.6428581476211548, 0.7341516017913818, 0.007901317439973354)","(0.6301729679107666, 0.7259232997894287, 0.03445439413189888)","(0.7424038052558899, 0.6511276364326477, -0.024378996342420578)","(0.703910768032074, 0.7510143518447876, 0.0063178082928061485)","(0.6724601984024048, 0.7446634769439697, 0.04550735279917717)","(0.6554427742958069, 0.7237590551376343, 0.07142546027898788)","(0.7636797428131104, 0.642584502696991, 0.00803969893604517)","(0.7291181087493896, 0.7289985418319702, 0.03648664802312851)","(0.6992778778076172, 0.7257061004638672, 0.060224175453186035)","(0.6820188760757446, 0.7062633037567139, 0.07464666664600372)","(0.7760665416717529, 0.6206053495407104, 0.03800051659345627)","(0.7467135190963745, 0.6862361431121826, 0.06645787507295609)","(0.7210878729820251, 0.6869779229164124, 0.08085235208272934)","(0.7051058411598206, 0.6708778738975525, 0.08886288106441498)",Move
2100,"(0.7506750226020813, 0.38160812854766846, -9.467455674894154e-05)","(0.6850215792655945, 0.4127603769302368, -0.016709599643945694)","(0.6490631103515625, 0.5045849680900574, -0.01453911978751421)","(0.6369073987007141, 0.5946084260940552, 0.001749110990203917)","(0.6251874566078186, 0.653878390789032, 0.021686742082238197)","(0.6928017735481262, 0.6015984416007996, -0.036197565495967865)","(0.6546022295951843, 0.6915640830993652, -0.011096981354057789)","(0.6279110908508301, 0.6980108022689819, 0.021333329379558563)","(0.6130784749984741, 0.6930090188980103, 0.045549750328063965)","(0.7258616089820862, 0.6161717176437378, -0.01152648776769638)","(0.6883441209793091, 0.7101303935050964, 0.02043580822646618)","(0.6584135890007019, 0.7051645517349243, 0.05700705945491791)","(0.6398358345031738, 0.6861402988433838, 0.08099111169576645)","(0.7476992011070251, 0.6074580550193787, 0.017023170366883278)","(0.7147165536880493, 0.6892150044441223, 0.04747835919260979)","(0.685502827167511, 0.6856944561004639, 0.07387813180685043)","(0.6668266654014587, 0.6657593846321106, 0.08964117616415024)","(0.7612627148628235, 0.5855650305747986, 0.04423856735229492)","(0.7329958081245422, 0.6475375294685364, 0.07550048828125)","(0.7076498866081238, 0.648545503616333, 0.09298986941576004)","(0.6905972957611084, 0.6332652568817139, 0.10207880288362503)",Move
2101,"(0.735846757888794, 0.3451364040374756, -0.00010446704982314259)","(0.6748685240745544, 0.3715117275714874, -0.018122373148798943)","(0.6374517679214478, 0.4612339735031128, -0.016559520736336708)","(0.6229880452156067, 0.5527099967002869, -0.000618928053881973)","(0.6097584962844849, 0.6124619245529175, 0.01870245672762394)","(0.6776706576347351, 0.5564057230949402, -0.03666945546865463)","(0.6374068260192871, 0.6487651467323303, -0.016361473128199577)","(0.6087579727172852, 0.660957396030426, 0.012470615096390247)","(0.5921645760536194, 0.6600836515426636, 0.03454576060175896)","(0.7088054418563843, 0.5757896304130554, -0.010344542562961578)","(0.6683542132377625, 0.6739033460617065, 0.01456086989492178)","(0.6341352462768555, 0.6800588965415955, 0.048055555671453476)","(0.6120486259460449, 0.6702128648757935, 0.07169239223003387)","(0.7292369604110718, 0.5707735419273376, 0.01951010897755623)","(0.6937215328216553, 0.6562082767486572, 0.044367481023073196)","(0.6621569991111755, 0.6578918695449829, 0.07041219621896744)","(0.6414209604263306, 0.6440483331680298, 0.08664632588624954)","(0.7418856620788574, 0.5507072806358337, 0.04783092439174652)","(0.7120194435119629, 0.6128348112106323, 0.07505812495946884)","(0.6852132678031921, 0.6172778010368347, 0.09177973866462708)","(0.6673420667648315, 0.6072524785995483, 0.10128316283226013)",Move
2102,"(0.7286583185195923, 0.31398192048072815, -0.00012051500380039215)","(0.662565290927887, 0.338643342256546, -0.01204117015004158)","(0.623079776763916, 0.4224339723587036, -0.004372534807771444)","(0.6093693971633911, 0.5089381337165833, 0.017441067844629288)","(0.5999910235404968, 0.5646736025810242, 0.04442131146788597)","(0.6568431854248047, 0.5221115946769714, -0.026860829442739487)","(0.6154771447181702, 0.6086048483848572, -0.004246299155056477)","(0.5885409712791443, 0.6189170479774475, 0.025176355615258217)","(0.5744149684906006, 0.6172687411308289, 0.048742737621068954)","(0.6879128217697144, 0.5451233983039856, -0.00040202599484473467)","(0.6474920511245728, 0.6387465596199036, 0.02652253583073616)","(0.6163882613182068, 0.6383846998214722, 0.0636160671710968)","(0.5979951620101929, 0.622978925704956, 0.09042943269014359)","(0.7095528841018677, 0.541946530342102, 0.029366329312324524)","(0.673565685749054, 0.6213104128837585, 0.055985886603593826)","(0.6436643600463867, 0.6190716624259949, 0.08279461413621902)","(0.6256082057952881, 0.6018335223197937, 0.09994190186262131)","(0.7236952185630798, 0.5228810906410217, 0.05768773332238197)","(0.6920718550682068, 0.5801554918289185, 0.08628759533166885)","(0.6651651263237, 0.5812608599662781, 0.10298578441143036)","(0.6486173868179321, 0.5676012635231018, 0.11255986243486404)",Move
2103,"(0.7182936072349548, 0.28966188430786133, -0.0001187189482152462)","(0.6489725708961487, 0.3166983425617218, -0.007396433502435684)","(0.6102925539016724, 0.3953968286514282, 0.0032703978940844536)","(0.5953758955001831, 0.4721936583518982, 0.028611918911337852)","(0.5884537696838379, 0.5240495204925537, 0.05811078101396561)","(0.636024534702301, 0.49470818042755127, -0.0262899249792099)","(0.599251925945282, 0.5822471976280212, 0.004759504459798336)","(0.5763026475906372, 0.5833052396774292, 0.04121941700577736)","(0.5663846135139465, 0.5684393644332886, 0.06899191439151764)","(0.667113721370697, 0.5165256261825562, 0.0006783762364648283)","(0.6303204894065857, 0.6099638938903809, 0.03683709353208542)","(0.6029708385467529, 0.6024724245071411, 0.07981017231941223)","(0.58771151304245, 0.577345073223114, 0.11015906184911728)","(0.690125584602356, 0.5136074423789978, 0.03239870071411133)","(0.6541202664375305, 0.5828198790550232, 0.06760456413030624)","(0.6269692778587341, 0.5725827217102051, 0.09417881071567535)","(0.6125077605247498, 0.5475546717643738, 0.11019657552242279)","(0.7060173153877258, 0.4961433410644531, 0.062589630484581)","(0.6735714673995972, 0.5399118065834045, 0.09744448959827423)","(0.6499416828155518, 0.5312671661376953, 0.11325908452272415)","(0.6371984481811523, 0.5114322900772095, 0.12066759914159775)",Move
2104,"(0.7048265337944031, 0.2615365982055664, -0.00011491565237520263)","(0.6377020478248596, 0.28893885016441345, -0.0053207590244710445)","(0.598341166973114, 0.36329224705696106, 0.0054290201514959335)","(0.5825180411338806, 0.43749862909317017, 0.031263433396816254)","(0.5772612690925598, 0.48740553855895996, 0.05951729789376259)","(0.6177749037742615, 0.458047091960907, -0.032580602914094925)","(0.5777857303619385, 0.5429218411445618, -0.003725411370396614)","(0.555259644985199, 0.5460479259490967, 0.029110783711075783)","(0.5454392433166504, 0.5347049236297607, 0.05343253165483475)","(0.6464200615882874, 0.48396846652030945, -0.005317360162734985)","(0.6063629388809204, 0.5743157863616943, 0.03073975071310997)","(0.5815619826316833, 0.5661256909370422, 0.07155292481184006)","(0.5692694783210754, 0.5404541492462158, 0.09948810935020447)","(0.6684563159942627, 0.48530539870262146, 0.026607487350702286)","(0.6282718181610107, 0.5430004000663757, 0.06578447669744492)","(0.6060013175010681, 0.5216201543807983, 0.08872855454683304)","(0.5980713367462158, 0.4898720383644104, 0.09989085048437119)","(0.683834969997406, 0.47179245948791504, 0.05759202316403389)","(0.6490576863288879, 0.5067711472511292, 0.09424488246440887)","(0.6287647485733032, 0.4915815591812134, 0.10841213911771774)","(0.6206927299499512, 0.4684039056301117, 0.11338675767183304)",Move
2105,"(0.6918694972991943, 0.23773939907550812, -0.000126857019495219)","(0.6224891543388367, 0.2622796893119812, -0.004720545839518309)","(0.5831037759780884, 0.3352932631969452, 0.006494547240436077)","(0.564548909664154, 0.41048693656921387, 0.03272351995110512)","(0.5553827285766602, 0.464273065328598, 0.06180419400334358)","(0.6006474494934082, 0.42988985776901245, -0.0339815653860569)","(0.5591331720352173, 0.5144302845001221, -0.004088468383997679)","(0.5382481813430786, 0.5167021751403809, 0.03366092965006828)","(0.5296443700790405, 0.5067098736763, 0.06320642679929733)","(0.6297885775566101, 0.4563322961330414, -0.007237698417156935)","(0.58966064453125, 0.5406798124313354, 0.032507967203855515)","(0.5692380666732788, 0.5237298607826233, 0.07605762779712677)","(0.5602567791938782, 0.49528107047080994, 0.10529157519340515)","(0.6517001390457153, 0.4588080048561096, 0.025198649615049362)","(0.6118993163108826, 0.5152260065078735, 0.06619124859571457)","(0.5888537764549255, 0.4943469166755676, 0.0961722657084465)","(0.58053058385849, 0.4650094509124756, 0.11203524470329285)","(0.6670313477516174, 0.44733157753944397, 0.056307919323444366)","(0.632827877998352, 0.47954061627388, 0.09417933225631714)","(0.614048957824707, 0.4631599187850952, 0.11126483231782913)","(0.6068001985549927, 0.4412229657173157, 0.11875171959400177)",Move
2106,"(0.6764422655105591, 0.2199631780385971, -9.808495087781921e-05)","(0.6056477427482605, 0.24640601873397827, 0.00739936763420701)","(0.5678495764732361, 0.31668439507484436, 0.021240757778286934)","(0.548507034778595, 0.3843882083892822, 0.045964714139699936)","(0.5368956327438354, 0.43287238478660583, 0.07124397158622742)","(0.5782725214958191, 0.40385305881500244, -0.029576031491160393)","(0.5398067831993103, 0.48720037937164307, 0.004543910268694162)","(0.5219695568084717, 0.48755133152008057, 0.042364004999399185)","(0.5168426632881165, 0.47317177057266235, 0.06978411972522736)","(0.6086890697479248, 0.4298660457134247, -0.008966312743723392)","(0.5706149935722351, 0.5102828145027161, 0.035569049417972565)","(0.5537360310554504, 0.48743385076522827, 0.07746177911758423)","(0.5486817359924316, 0.4547678530216217, 0.10234630107879639)","(0.6326321959495544, 0.43366315960884094, 0.018908537924289703)","(0.5933136940002441, 0.47325897216796875, 0.07046724855899811)","(0.578053891658783, 0.4378311038017273, 0.09686598181724548)","(0.5775044560432434, 0.40354132652282715, 0.10563590377569199)","(0.6494064331054688, 0.4266049861907959, 0.04613444209098816)","(0.6153964400291443, 0.4374087452888489, 0.092158742249012)","(0.6033916473388672, 0.4090011715888977, 0.10768543183803558)","(0.6034931540489197, 0.3846120834350586, 0.1115427166223526)",Move
2107,"(0.6651602983474731, 0.1913735717535019, -9.367591701447964e-05)","(0.5956709384918213, 0.22082126140594482, 0.014487680979073048)","(0.5606929659843445, 0.2903869152069092, 0.033184751868247986)","(0.5456622242927551, 0.3496374487876892, 0.06023490056395531)","(0.5411127209663391, 0.39109110832214355, 0.08643612265586853)","(0.5624359250068665, 0.3724188208580017, -0.018282994627952576)","(0.5287076234817505, 0.4506606459617615, 0.014954060316085815)","(0.5117564797401428, 0.45339882373809814, 0.05193261802196503)","(0.505183219909668, 0.4419831335544586, 0.07709396630525589)","(0.5915364623069763, 0.39711683988571167, -0.001803210936486721)","(0.5567312836647034, 0.480577677488327, 0.03965456783771515)","(0.5401824712753296, 0.4661635458469391, 0.0841638445854187)","(0.5337689518928528, 0.43918076157569885, 0.11265850067138672)","(0.6166571974754333, 0.40143924951553345, 0.020945075899362564)","(0.5815408229827881, 0.4395800232887268, 0.06962999701499939)","(0.5680645108222961, 0.4060173034667969, 0.09477613866329193)","(0.5677585601806641, 0.3732650876045227, 0.10230138152837753)","(0.6353908777236938, 0.39612075686454773, 0.04466576501727104)","(0.6066474318504333, 0.4065435528755188, 0.08808252215385437)","(0.5953532457351685, 0.379197359085083, 0.10032857954502106)","(0.5947050452232361, 0.3572627305984497, 0.10153331607580185)",Move
2108,"(0.6535004377365112, 0.17136912047863007, -8.707967936061323e-05)","(0.5859825015068054, 0.19185934960842133, 0.015658792108297348)","(0.5498037934303284, 0.2554923892021179, 0.032237038016319275)","(0.5321847796440125, 0.32111644744873047, 0.057037390768527985)","(0.5265017747879028, 0.3656032383441925, 0.08452760428190231)","(0.5505856275558472, 0.3417005240917206, -0.017590356990695)","(0.515264093875885, 0.41906869411468506, 0.02178930677473545)","(0.5056160092353821, 0.4082184433937073, 0.06023638695478439)","(0.5074166655540466, 0.38376641273498535, 0.08339546620845795)","(0.5797054767608643, 0.37329062819480896, -0.004137179348617792)","(0.5433022379875183, 0.45654261112213135, 0.038096796721220016)","(0.5303707718849182, 0.43427765369415283, 0.07949233055114746)","(0.5289543271064758, 0.39846402406692505, 0.1048555076122284)","(0.6054469347000122, 0.37941083312034607, 0.01564091071486473)","(0.5673279762268066, 0.42444509267807007, 0.06481743603944778)","(0.557000458240509, 0.3910677433013916, 0.09462521970272064)","(0.5602636933326721, 0.35871466994285583, 0.10553709417581558)","(0.6251000165939331, 0.3704273998737335, 0.03702852129936218)","(0.5929691791534424, 0.38395604491233826, 0.08122440427541733)","(0.5825490951538086, 0.35781529545783997, 0.09899160265922546)","(0.5836528539657593, 0.33707156777381897, 0.10514841973781586)",Move
2109,"(0.6420134902000427, 0.1576022505760193, -0.00010144039697479457)","(0.5734846591949463, 0.1701985001564026, 0.006410182919353247)","(0.5322853326797485, 0.2336447834968567, 0.018412625417113304)","(0.5087980031967163, 0.29995861649513245, 0.04011046141386032)","(0.49948063492774963, 0.3439484238624573, 0.06353745609521866)","(0.5403492450714111, 0.3265957236289978, -0.0217289999127388)","(0.5035282373428345, 0.3965197801589966, 0.02338404208421707)","(0.4952058494091034, 0.3734291195869446, 0.06337857991456985)","(0.4989835023880005, 0.3431739807128906, 0.08628267049789429)","(0.5703374743461609, 0.3585105836391449, -0.005147811956703663)","(0.5326147079467773, 0.43473759293556213, 0.04114735871553421)","(0.519988477230072, 0.40479204058647156, 0.0807504802942276)","(0.5193774700164795, 0.3655412793159485, 0.10439380258321762)","(0.5969457626342773, 0.36376363039016724, 0.0177946537733078)","(0.5580155253410339, 0.40864109992980957, 0.06682618707418442)","(0.547264814376831, 0.37176957726478577, 0.09300626069307327)","(0.5507139563560486, 0.3360290825366974, 0.10100113600492477)","(0.6171060800552368, 0.3539087176322937, 0.04227219894528389)","(0.5836664438247681, 0.373919814825058, 0.0830857902765274)","(0.5721626281738281, 0.3480081558227539, 0.09965042024850845)","(0.5733510255813599, 0.3255419135093689, 0.1058424636721611)",Move
2110,"(0.6396200060844421, 0.1490951031446457, -0.00011212316894670948)","(0.5730428695678711, 0.15045522153377533, 0.009869853034615517)","(0.5286067724227905, 0.19973871111869812, 0.01814400963485241)","(0.502067506313324, 0.2557051181793213, 0.0353226438164711)","(0.49175500869750977, 0.29861143231391907, 0.057132165879011154)","(0.5343031883239746, 0.302562952041626, -0.019586043432354927)","(0.4968002438545227, 0.37550684809684753, 0.016101239249110222)","(0.4843400716781616, 0.3612824082374573, 0.057061828672885895)","(0.48487913608551025, 0.33631396293640137, 0.085873082280159)","(0.5627456903457642, 0.3367733657360077, -0.00562611548230052)","(0.5245848894119263, 0.41587531566619873, 0.03352835401892662)","(0.5092078447341919, 0.38838285207748413, 0.08071142435073853)","(0.5069034099578857, 0.35320231318473816, 0.11406829953193665)","(0.5896599292755127, 0.34273117780685425, 0.014439230784773827)","(0.5523900389671326, 0.39379870891571045, 0.05677465349435806)","(0.5375070571899414, 0.3649923503398895, 0.09349901974201202)","(0.5372686386108398, 0.3344739079475403, 0.11257064342498779)","(0.6111054420471191, 0.33068761229515076, 0.03586423397064209)","(0.5804001092910767, 0.3557486832141876, 0.07422275096178055)","(0.5647869110107422, 0.33575716614723206, 0.09685458987951279)","(0.5616956353187561, 0.31510838866233826, 0.10964498668909073)",Move
2111,"(0.6321556568145752, 0.1454187035560608, -0.00010401256440673023)","(0.5675508379936218, 0.13573800027370453, 3.6077890399610624e-05)","(0.522977888584137, 0.18577522039413452, 0.005218173377215862)","(0.4969210624694824, 0.24466240406036377, 0.021360106766223907)","(0.4852689504623413, 0.29050949215888977, 0.04373510554432869)","(0.5300421118736267, 0.29296478629112244, -0.023750673979520798)","(0.4900810420513153, 0.3639175295829773, 0.014463854022324085)","(0.48093217611312866, 0.3441295027732849, 0.05527399852871895)","(0.4858931303024292, 0.3169812560081482, 0.08296994119882584)","(0.558454155921936, 0.32604414224624634, -0.005230020731687546)","(0.517795205116272, 0.4061603546142578, 0.033504556864500046)","(0.5053642392158508, 0.3744916319847107, 0.07799793779850006)","(0.5060005784034729, 0.3373079001903534, 0.10818774253129959)","(0.5844073295593262, 0.3313499689102173, 0.018309153616428375)","(0.5449564456939697, 0.3846651613712311, 0.056391749531030655)","(0.5320530533790588, 0.3522781431674957, 0.08812743425369263)","(0.5337030291557312, 0.3192070722579956, 0.10513577610254288)","(0.604088544845581, 0.3203161060810089, 0.043695785105228424)","(0.5702749490737915, 0.34694236516952515, 0.07650270313024521)","(0.5556607246398926, 0.3249698579311371, 0.09721485525369644)","(0.5537834167480469, 0.30275729298591614, 0.11019797623157501)",Move
2112,"(0.630190908908844, 0.1408516764640808, -0.00010828602535184473)","(0.5641815662384033, 0.1279185563325882, 0.0005314722657203674)","(0.5203226804733276, 0.17795655131340027, 0.006973570212721825)","(0.4956892728805542, 0.23843468725681305, 0.025618989020586014)","(0.4846525192260742, 0.28520095348358154, 0.051295340061187744)","(0.526884913444519, 0.28567126393318176, -0.032188206911087036)","(0.48487576842308044, 0.3511737287044525, 0.010577062144875526)","(0.48079419136047363, 0.3246456980705261, 0.05417585372924805)","(0.4910971224308014, 0.2955252230167389, 0.08135669678449631)","(0.5556849837303162, 0.31755590438842773, -0.012656847015023232)","(0.5144402980804443, 0.395797997713089, 0.029335858300328255)","(0.5056986808776855, 0.36411041021347046, 0.0745333880186081)","(0.5100570321083069, 0.3296784460544586, 0.10268184542655945)","(0.5815374255180359, 0.3227663040161133, 0.012684175744652748)","(0.5418888926506042, 0.38009488582611084, 0.05319296568632126)","(0.5311240553855896, 0.34754303097724915, 0.08487295359373093)","(0.5347524881362915, 0.315383642911911, 0.10056629776954651)","(0.6016598343849182, 0.31346631050109863, 0.040624555200338364)","(0.5667940378189087, 0.3446092903614044, 0.07342816889286041)","(0.5545428395271301, 0.3209620416164398, 0.09386946260929108)","(0.5549859404563904, 0.2977156341075897, 0.10646045207977295)",Move
2113,"(0.6290350556373596, 0.13547301292419434, -9.908261563396081e-05)","(0.562862753868103, 0.12314604222774506, 0.004564362578094006)","(0.5206536054611206, 0.17308580875396729, 0.014599611051380634)","(0.49793052673339844, 0.23146869242191315, 0.0359644889831543)","(0.4910244643688202, 0.2745162844657898, 0.06433890759944916)","(0.5254998803138733, 0.27924638986587524, -0.029786590486764908)","(0.4852079153060913, 0.34218475222587585, 0.014530970714986324)","(0.48255836963653564, 0.31508833169937134, 0.0588613860309124)","(0.49326974153518677, 0.286724328994751, 0.08543195575475693)","(0.5535993576049805, 0.3105406165122986, -0.011210737749934196)","(0.513507068157196, 0.38545653223991394, 0.033588606864213943)","(0.5053834915161133, 0.35524338483810425, 0.07908156514167786)","(0.5102661848068237, 0.32172006368637085, 0.10616497695446014)","(0.5790296792984009, 0.31598037481307983, 0.01319698616862297)","(0.540492594242096, 0.3667030334472656, 0.05756912752985954)","(0.5318030118942261, 0.33361756801605225, 0.08826658129692078)","(0.5369769334793091, 0.3028520345687866, 0.10202009975910187)","(0.5991482138633728, 0.3075193166732788, 0.04071900248527527)","(0.5646259188652039, 0.3333567976951599, 0.07637311518192291)","(0.5546027421951294, 0.3083259165287018, 0.0958835706114769)","(0.5568634271621704, 0.2857944071292877, 0.10668621957302094)",Move
2114,"(0.6266840100288391, 0.1327579915523529, -0.0001026661047944799)","(0.5617212653160095, 0.11977319419384003, 0.004747049883008003)","(0.521393895149231, 0.17547643184661865, 0.012926149182021618)","(0.5018933415412903, 0.2386130392551422, 0.03225833922624588)","(0.49671125411987305, 0.2810669541358948, 0.056985922157764435)","(0.521976888179779, 0.2672663927078247, -0.03598974272608757)","(0.4832627773284912, 0.3326578140258789, 0.008122239261865616)","(0.482799768447876, 0.30328449606895447, 0.05108283832669258)","(0.49448126554489136, 0.27362868189811707, 0.0755959078669548)","(0.550517201423645, 0.30279719829559326, -0.017323164269328117)","(0.5112459659576416, 0.3798048794269562, 0.025639599189162254)","(0.5035120248794556, 0.3495454490184784, 0.06903912872076035)","(0.5092769265174866, 0.31392982602119446, 0.09485936909914017)","(0.5768067836761475, 0.3118835985660553, 0.007458927109837532)","(0.5377209782600403, 0.36072665452957153, 0.05210558697581291)","(0.5298896431922913, 0.3266185224056244, 0.08070888370275497)","(0.5363809466362, 0.2964513897895813, 0.09277093410491943)","(0.5971522927284241, 0.30640193819999695, 0.03590159863233566)","(0.5615740418434143, 0.3276669979095459, 0.07259607315063477)","(0.552837073802948, 0.3012212812900543, 0.09239056706428528)","(0.5565643906593323, 0.27995315194129944, 0.10324107855558395)",Move
2115,"(0.6257036328315735, 0.13243262469768524, -9.710589074529707e-05)","(0.5622343420982361, 0.12200745940208435, 0.006600948050618172)","(0.5222613215446472, 0.18052884936332703, 0.01627284847199917)","(0.5036097168922424, 0.2438465803861618, 0.035853061825037)","(0.49730080366134644, 0.2851421535015106, 0.060019101947546005)","(0.5238634347915649, 0.26872965693473816, -0.03264019638299942)","(0.48575377464294434, 0.33551710844039917, 0.008458043448626995)","(0.4792182445526123, 0.3177098333835602, 0.05187360942363739)","(0.4846763610839844, 0.29326409101486206, 0.07924202084541321)","(0.552666425704956, 0.3031717836856842, -0.01500155683606863)","(0.5149415731430054, 0.37955284118652344, 0.027586493641138077)","(0.5035838484764099, 0.3565461039543152, 0.07450022548437119)","(0.5046526193618774, 0.3237611651420593, 0.10400059819221497)","(0.5793637037277222, 0.3121381998062134, 0.008541439659893513)","(0.5412535071372986, 0.35800978541374207, 0.05389133840799332)","(0.531665563583374, 0.32515740394592285, 0.08597856760025024)","(0.5350993871688843, 0.2944655418395996, 0.10213132947683334)","(0.5999407768249512, 0.30663496255874634, 0.03522979095578194)","(0.5648906230926514, 0.3274354338645935, 0.07305260747671127)","(0.5553015470504761, 0.30203238129615784, 0.09430401027202606)","(0.5572535395622253, 0.28028714656829834, 0.10784255713224411)",Move
2116,"(0.6234637498855591, 0.1362362653017044, -9.313946793554351e-05)","(0.5595359206199646, 0.12987467646598816, 0.005088056903332472)","(0.5214275121688843, 0.19248723983764648, 0.0144644845277071)","(0.5046862363815308, 0.25888878107070923, 0.0343201719224453)","(0.49960437417030334, 0.30189236998558044, 0.05884538218379021)","(0.5264074206352234, 0.2733498513698578, -0.03909960761666298)","(0.49014341831207275, 0.3460679054260254, 0.0023349018301814795)","(0.4842243492603302, 0.3288021683692932, 0.047147542238235474)","(0.4892004728317261, 0.3051309883594513, 0.0757000595331192)","(0.5558904409408569, 0.3042098879814148, -0.021344760432839394)","(0.5196723341941833, 0.3826587498188019, 0.02338705211877823)","(0.5088291168212891, 0.35927754640579224, 0.07099607586860657)","(0.5088486671447754, 0.32762864232063293, 0.09937462210655212)","(0.582440197467804, 0.312214732170105, 0.0025032712146639824)","(0.5443259477615356, 0.36363255977630615, 0.04844009876251221)","(0.5343241691589355, 0.33299270272254944, 0.08236045390367508)","(0.5369912981987, 0.3030250072479248, 0.09886668622493744)","(0.6025566458702087, 0.30747851729393005, 0.029150212183594704)","(0.5667166113853455, 0.33315566182136536, 0.06608734279870987)","(0.5565947890281677, 0.3097444772720337, 0.08885841816663742)","(0.5580190420150757, 0.28887900710105896, 0.10336228460073471)",Move
2117,"(0.6224152445793152, 0.14053776860237122, -8.604300091974437e-05)","(0.5602731108665466, 0.13864478468894958, 0.0040434300899505615)","(0.5225803256034851, 0.20092833042144775, 0.013746244832873344)","(0.5046749711036682, 0.26578330993652344, 0.03345548361539841)","(0.4942777454853058, 0.31093865633010864, 0.056261979043483734)","(0.5307401418685913, 0.28202465176582336, -0.03758438676595688)","(0.49595698714256287, 0.35907021164894104, 0.0001552798639750108)","(0.4839259684085846, 0.3550974130630493, 0.044716645032167435)","(0.4820235073566437, 0.3412472605705261, 0.0755242183804512)","(0.5592433214187622, 0.31163597106933594, -0.020953379571437836)","(0.5228100419044495, 0.3859247863292694, 0.023198971524834633)","(0.5090538859367371, 0.3664948642253876, 0.07116127759218216)","(0.5053418278694153, 0.33965709805488586, 0.09949307888746262)","(0.5846487283706665, 0.31940165162086487, 0.0016669249162077904)","(0.5466429591178894, 0.37080034613609314, 0.04517144337296486)","(0.5331318378448486, 0.34583839774131775, 0.08011063188314438)","(0.5318714380264282, 0.3183497190475464, 0.0984157845377922)","(0.604715883731842, 0.31471022963523865, 0.026097089052200317)","(0.568904459476471, 0.3447454571723938, 0.06130188703536987)","(0.5562344193458557, 0.3260812759399414, 0.0854523554444313)","(0.5549243092536926, 0.3061293661594391, 0.1019594669342041)",Move
2118,"(0.6241149306297302, 0.14776812493801117, -8.960355626186356e-05)","(0.5621552467346191, 0.1444425731897354, 0.006880163215100765)","(0.5235363245010376, 0.2072102576494217, 0.017545050010085106)","(0.5051051378250122, 0.27313172817230225, 0.037064895033836365)","(0.49303746223449707, 0.3212360441684723, 0.058149922639131546)","(0.5324194431304932, 0.28615161776542664, -0.037430308759212494)","(0.4982526898384094, 0.3677492141723633, -0.0050142426043748856)","(0.4829960763454437, 0.37030813097953796, 0.04027306288480759)","(0.47648361325263977, 0.363378643989563, 0.07461979985237122)","(0.5602431297302246, 0.315403014421463, -0.02272460050880909)","(0.5232997536659241, 0.39394089579582214, 0.016428368166089058)","(0.5077168941497803, 0.3758208751678467, 0.06567399948835373)","(0.5021036863327026, 0.3517589271068573, 0.09722241759300232)","(0.5849407911300659, 0.32396554946899414, -0.0012597414897754788)","(0.5485836267471313, 0.3797541856765747, 0.03793790563941002)","(0.5324397683143616, 0.35909056663513184, 0.07630514353513718)","(0.5282917022705078, 0.33490753173828125, 0.0988057553768158)","(0.6051458716392517, 0.32144615054130554, 0.021396415308117867)","(0.5716886520385742, 0.35467517375946045, 0.055479783564805984)","(0.5583027005195618, 0.33627355098724365, 0.08027807623147964)","(0.5556125044822693, 0.3162340521812439, 0.09737460315227509)",Move
2119,"(0.6223576068878174, 0.15494981408119202, -9.53062335611321e-05)","(0.5586550235748291, 0.1559065878391266, 0.0026803018990904093)","(0.5207557678222656, 0.2213439643383026, 0.01430326234549284)","(0.5023220181465149, 0.2858608663082123, 0.03579695522785187)","(0.4887450933456421, 0.3329067826271057, 0.05910173058509827)","(0.5308321714401245, 0.3001672923564911, -0.03883054107427597)","(0.49822700023651123, 0.378726601600647, -0.0049336571246385574)","(0.4842585027217865, 0.38110974431037903, 0.04255567491054535)","(0.4785894751548767, 0.3757486045360565, 0.07907628268003464)","(0.5586383938789368, 0.3253798186779022, -0.02189711295068264)","(0.5234688520431519, 0.4018512964248657, 0.018144957721233368)","(0.5094216465950012, 0.3829484283924103, 0.06735841929912567)","(0.5047889351844788, 0.36028510332107544, 0.09839454293251038)","(0.5829981565475464, 0.33106446266174316, 0.0014145966852083802)","(0.5478976964950562, 0.3847033977508545, 0.041143789887428284)","(0.5324821472167969, 0.36362582445144653, 0.07814124971628189)","(0.5287628769874573, 0.34088876843452454, 0.09965988248586655)","(0.6029133200645447, 0.3274514675140381, 0.02518383227288723)","(0.5699948072433472, 0.3568135201931, 0.05926411226391792)","(0.5567528009414673, 0.3381654918193817, 0.08218523114919662)","(0.5540936589241028, 0.3195013403892517, 0.09781969338655472)",Move
2120,"(0.6185523271560669, 0.1646750420331955, -0.00010589903831714764)","(0.5555821061134338, 0.16437575221061707, 0.002239825902506709)","(0.5189238786697388, 0.22772952914237976, 0.013365265913307667)","(0.5020034313201904, 0.29179027676582336, 0.03477161377668381)","(0.49138039350509644, 0.3391644358634949, 0.05778287723660469)","(0.527706503868103, 0.3060884177684784, -0.047007955610752106)","(0.49404042959213257, 0.388057678937912, -0.01272536814212799)","(0.4804876148700714, 0.3886563777923584, 0.03472628444433212)","(0.47758135199546814, 0.3789950907230377, 0.07055089622735977)","(0.555673360824585, 0.3320882022380829, -0.029060091823339462)","(0.5193282961845398, 0.41328349709510803, 0.010620676912367344)","(0.5055094957351685, 0.3928573727607727, 0.05966142937541008)","(0.5018566250801086, 0.3669695556163788, 0.08958941698074341)","(0.5801952481269836, 0.33906811475753784, -0.004288931377232075)","(0.5435025691986084, 0.3931964039802551, 0.03494930639863014)","(0.5287535190582275, 0.36926642060279846, 0.0713137835264206)","(0.5266445279121399, 0.34556344151496887, 0.09126842021942139)","(0.5996180772781372, 0.3367951512336731, 0.02120232954621315)","(0.5655633807182312, 0.36463457345962524, 0.05514569208025932)","(0.55324786901474, 0.3431999385356903, 0.07782889902591705)","(0.5516146421432495, 0.324379026889801, 0.09308011084794998)",Move
2121,"(0.6140872836112976, 0.17430143058300018, -0.00010305469913873821)","(0.5504478216171265, 0.17335925996303558, -0.0004846958036068827)","(0.5143700242042542, 0.23933719098567963, 0.01028540451079607)","(0.49886637926101685, 0.3055111765861511, 0.033008817583322525)","(0.4900501072406769, 0.35167479515075684, 0.056855108588933945)","(0.5245374441146851, 0.31500568985939026, -0.05387967452406883)","(0.4897553026676178, 0.3968975841999054, -0.017643027007579803)","(0.47700467705726624, 0.3939014673233032, 0.029194999486207962)","(0.4755353033542633, 0.3814361095428467, 0.06203967705368996)","(0.5531037449836731, 0.34142524003982544, -0.03371700271964073)","(0.5160166025161743, 0.41970837116241455, 0.008993551135063171)","(0.5033207535743713, 0.3965311646461487, 0.057619769126176834)","(0.5008074641227722, 0.36924538016319275, 0.08526762574911118)","(0.5777128338813782, 0.3488842248916626, -0.007202881388366222)","(0.5391698479652405, 0.40183019638061523, 0.03385098651051521)","(0.5262426137924194, 0.37411314249038696, 0.06853102147579193)","(0.5265674591064453, 0.3485202193260193, 0.08584309369325638)","(0.5966705679893494, 0.34726718068122864, 0.020375700667500496)","(0.5612248778343201, 0.37516435980796814, 0.05372783914208412)","(0.548994779586792, 0.3522808253765106, 0.0746198371052742)","(0.5480579733848572, 0.33334586024284363, 0.08768492192029953)",Move
2122,"(0.6089508533477783, 0.18513688445091248, -0.0001055206885212101)","(0.5453856587409973, 0.1817525327205658, 2.3790791601641104e-05)","(0.5079786777496338, 0.24820275604724884, 0.010314363986253738)","(0.49215060472488403, 0.31628865003585815, 0.03283260017633438)","(0.4833136200904846, 0.36227089166641235, 0.05627908185124397)","(0.5206459164619446, 0.3249797224998474, -0.05404272302985191)","(0.48413461446762085, 0.4065883457660675, -0.014160796999931335)","(0.4719897210597992, 0.3980958163738251, 0.03296971321105957)","(0.472489595413208, 0.3819674253463745, 0.06426135450601578)","(0.5495426654815674, 0.3523930311203003, -0.034067150205373764)","(0.5106713175773621, 0.4286971688270569, 0.012012915685772896)","(0.4982072114944458, 0.4010378420352936, 0.05986722186207771)","(0.4973215162754059, 0.37205782532691956, 0.08485876023769379)","(0.574187159538269, 0.35967472195625305, -0.007482859771698713)","(0.5340961217880249, 0.41242074966430664, 0.03666882961988449)","(0.522931694984436, 0.38112589716911316, 0.07010491192340851)","(0.5261158347129822, 0.3537362217903137, 0.0847519040107727)","(0.5929181575775146, 0.3570111393928528, 0.02003050409257412)","(0.5560619235038757, 0.38696008920669556, 0.05555974692106247)","(0.544384777545929, 0.36350351572036743, 0.07623029500246048)","(0.5450937747955322, 0.34419912099838257, 0.08788137137889862)",Move
2123,"(0.6044193506240845, 0.19268353283405304, -9.513377881376073e-05)","(0.5407514572143555, 0.18855208158493042, 0.004591791424900293)","(0.5036793947219849, 0.2564624547958374, 0.015576389618217945)","(0.4886791706085205, 0.3270588219165802, 0.037639569491147995)","(0.47895607352256775, 0.3728921711444855, 0.06059224158525467)","(0.5148729681968689, 0.33507606387138367, -0.0474853552877903)","(0.4792473018169403, 0.4141796827316284, -0.004316772799938917)","(0.4684867858886719, 0.4032382369041443, 0.043188974261283875)","(0.4690799415111542, 0.38632872700691223, 0.07368741929531097)","(0.543707013130188, 0.36424317955970764, -0.03024747222661972)","(0.5050407648086548, 0.43580102920532227, 0.018841514363884926)","(0.49255213141441345, 0.40889492630958557, 0.06814359128475189)","(0.491154283285141, 0.3808462917804718, 0.09416311234235764)","(0.5689863562583923, 0.37222665548324585, -0.005929247476160526)","(0.530085027217865, 0.4233142137527466, 0.041641902178525925)","(0.5191041827201843, 0.392944872379303, 0.07658077031373978)","(0.5215353965759277, 0.3652309477329254, 0.09190299361944199)","(0.5887278318405151, 0.36929717659950256, 0.019490014761686325)","(0.5532541275024414, 0.3985222578048706, 0.057296622544527054)","(0.5419076085090637, 0.37568292021751404, 0.07949285954236984)","(0.542116105556488, 0.3559417128562927, 0.09166417270898819)",Move
2124,"(0.6014633178710938, 0.20091472566127777, -9.967587538994849e-05)","(0.5391098856925964, 0.19650156795978546, 0.004185365047305822)","(0.5021190643310547, 0.26053911447525024, 0.013680431060492992)","(0.4853067398071289, 0.328073650598526, 0.03403205797076225)","(0.4741343855857849, 0.3754067122936249, 0.05623587593436241)","(0.5091960430145264, 0.3447021543979645, -0.0468815453350544)","(0.47499212622642517, 0.42246943712234497, -0.003523169783875346)","(0.4638131260871887, 0.41580551862716675, 0.04532720893621445)","(0.4619080424308777, 0.4034203588962555, 0.07765022665262222)","(0.5372177362442017, 0.37539130449295044, -0.02997714653611183)","(0.49935629963874817, 0.44582003355026245, 0.0185730941593647)","(0.486457496881485, 0.422311931848526, 0.06805749237537384)","(0.48330649733543396, 0.39717087149620056, 0.09457787871360779)","(0.5624291896820068, 0.3844621181488037, -0.0053210994228720665)","(0.5252265930175781, 0.43415290117263794, 0.04160736873745918)","(0.513564944267273, 0.4062865376472473, 0.07757439464330673)","(0.5143820643424988, 0.38022586703300476, 0.09366826713085175)","(0.5826230645179749, 0.38171106576919556, 0.019919445738196373)","(0.5493155717849731, 0.4125516712665558, 0.05743365362286568)","(0.5373972058296204, 0.392633855342865, 0.08088270574808121)","(0.5362045764923096, 0.3736502230167389, 0.09400000423192978)",Move
2125,"(0.594382643699646, 0.2068270593881607, -8.893943595467135e-05)","(0.5339316725730896, 0.20464634895324707, 0.013075774535536766)","(0.4996504485607147, 0.27284812927246094, 0.02727951854467392)","(0.4846212565898895, 0.3406696021556854, 0.04881226643919945)","(0.47535520792007446, 0.38521963357925415, 0.0725865438580513)","(0.5042996406555176, 0.35613203048706055, -0.0404508151113987)","(0.47348254919052124, 0.435972660779953, 0.002005993155762553)","(0.46243032813072205, 0.4364362061023712, 0.05182250961661339)","(0.45927315950393677, 0.427796334028244, 0.08666718751192093)","(0.5318360924720764, 0.38917306065559387, -0.02768694795668125)","(0.496956467628479, 0.4631645083427429, 0.019047178328037262)","(0.4828380048274994, 0.44684892892837524, 0.07112109661102295)","(0.47854548692703247, 0.42552584409713745, 0.10146132856607437)","(0.5580291152000427, 0.40038612484931946, -0.007089992519468069)","(0.5229225754737854, 0.4506952166557312, 0.03876034915447235)","(0.5111361742019653, 0.4260459244251251, 0.07664112746715546)","(0.5110425353050232, 0.40253588557243347, 0.09540369361639023)","(0.5793840289115906, 0.3990774154663086, 0.015136233530938625)","(0.5483790636062622, 0.4309517443180084, 0.05293311923742294)","(0.5369839072227478, 0.4121233820915222, 0.0784115344285965)","(0.5355671644210815, 0.3935093879699707, 0.09422513097524643)",Move
2126,"(0.5903178453445435, 0.22250905632972717, -8.399388025281951e-05)","(0.5285056829452515, 0.22858509421348572, 0.014552846550941467)","(0.4953135550022125, 0.29866597056388855, 0.028610263019800186)","(0.4805496335029602, 0.36592450737953186, 0.049606140702962875)","(0.46989113092422485, 0.41341865062713623, 0.07182658463716507)","(0.49959596991539, 0.37865033745765686, -0.04462972655892372)","(0.47034120559692383, 0.456002414226532, -0.0011435245396569371)","(0.4596652388572693, 0.45660200715065, 0.04908931255340576)","(0.45617255568504333, 0.4486401677131653, 0.08398347347974777)","(0.5281246900558472, 0.4081713855266571, -0.03322865068912506)","(0.4937148988246918, 0.48209235072135925, 0.014939164742827415)","(0.4816124737262726, 0.46596288681030273, 0.06654636561870575)","(0.4783257842063904, 0.4465115964412689, 0.09552163630723953)","(0.5544003844261169, 0.41965430974960327, -0.012673109769821167)","(0.5192582011222839, 0.476737916469574, 0.03235534578561783)","(0.5082000494003296, 0.45411190390586853, 0.07187649607658386)","(0.508419930934906, 0.43246546387672424, 0.09063465148210526)","(0.5760537385940552, 0.41993701457977295, 0.008943773806095123)","(0.5445342063903809, 0.45935913920402527, 0.04675554111599922)","(0.5336209535598755, 0.4410681426525116, 0.07411167025566101)","(0.5327603220939636, 0.4216923415660858, 0.09047020226716995)",Move
2127,"(0.590560257434845, 0.2416023313999176, -6.761185068171471e-05)","(0.5283525586128235, 0.2506837844848633, 0.014262349344789982)","(0.49739304184913635, 0.32163041830062866, 0.02757228910923004)","(0.4857451319694519, 0.38757628202438354, 0.04876479506492615)","(0.4799995422363281, 0.4354032278060913, 0.07074206322431564)","(0.49868834018707275, 0.39968758821487427, -0.05251264572143555)","(0.46910589933395386, 0.4784291684627533, -0.006144669372588396)","(0.45943570137023926, 0.4720746576786041, 0.045381926000118256)","(0.45890599489212036, 0.45723453164100647, 0.07875489443540573)","(0.5290471911430359, 0.42707547545433044, -0.04039888456463814)","(0.49493104219436646, 0.5019546151161194, 0.007769706193357706)","(0.48344069719314575, 0.48210424184799194, 0.05935999006032944)","(0.4813697934150696, 0.4606894552707672, 0.08680227398872375)","(0.5566153526306152, 0.43669646978378296, -0.018975840881466866)","(0.522416353225708, 0.48990505933761597, 0.02828374318778515)","(0.5120745301246643, 0.4626222252845764, 0.0664009302854538)","(0.5138888955116272, 0.43883800506591797, 0.08226177096366882)","(0.5786153674125671, 0.436088502407074, 0.0037950300611555576)","(0.5478892922401428, 0.4692334532737732, 0.044129978865385056)","(0.5378249287605286, 0.4472386837005615, 0.0701470896601677)","(0.5383150577545166, 0.4268590807914734, 0.08420556038618088)",Move
2128,"(0.5898381471633911, 0.26059722900390625, -6.521831528516486e-05)","(0.5272160768508911, 0.2772176265716553, 0.018862169235944748)","(0.4974571764469147, 0.34855613112449646, 0.03313238173723221)","(0.4861859083175659, 0.414666086435318, 0.05462772771716118)","(0.4812602698802948, 0.4614851474761963, 0.0766989067196846)","(0.4986332356929779, 0.4260346293449402, -0.04922444745898247)","(0.46996235847473145, 0.5025413036346436, 0.00114257272798568)","(0.462250292301178, 0.4908745288848877, 0.05414968729019165)","(0.46393725275993347, 0.4720487892627716, 0.08738140761852264)","(0.5292502045631409, 0.45187288522720337, -0.039808064699172974)","(0.49659302830696106, 0.5242379903793335, 0.012444408610463142)","(0.48761987686157227, 0.5002462863922119, 0.06274162977933884)","(0.4884560704231262, 0.47751384973526, 0.08708464354276657)","(0.5570986270904541, 0.46164706349372864, -0.020198384299874306)","(0.5244248509407043, 0.5145707726478577, 0.030371136963367462)","(0.5161569714546204, 0.48626065254211426, 0.06732995808124542)","(0.5200486183166504, 0.46228358149528503, 0.08029008656740189)","(0.5795964598655701, 0.4617491066455841, 0.0014442907413467765)","(0.5501969456672668, 0.49817216396331787, 0.044690776616334915)","(0.5422118306159973, 0.47497057914733887, 0.07120460271835327)","(0.5449678897857666, 0.45344945788383484, 0.08436567336320877)",Move
2129,"(0.5917848348617554, 0.2812526524066925, -8.151491783792153e-05)","(0.528144896030426, 0.2938695549964905, 0.01866866461932659)","(0.49863913655281067, 0.36678940057754517, 0.03528048098087311)","(0.48873719573020935, 0.4351598918437958, 0.059152424335479736)","(0.4846656918525696, 0.48205024003982544, 0.08332257717847824)","(0.5002847909927368, 0.44979915022850037, -0.04272535815834999)","(0.4722643494606018, 0.5287891030311584, 0.006796655710786581)","(0.4630672335624695, 0.5211787223815918, 0.059066448360681534)","(0.462882399559021, 0.5061573386192322, 0.0928419902920723)","(0.5309998989105225, 0.4761221706867218, -0.032039541751146317)","(0.4992305338382721, 0.5483023524284363, 0.022468334063887596)","(0.4904690682888031, 0.5256537199020386, 0.07287193834781647)","(0.4916342794895172, 0.504223644733429, 0.09758813679218292)","(0.5591961145401001, 0.4849560260772705, -0.01177650410681963)","(0.5266857743263245, 0.5387416481971741, 0.03869400545954704)","(0.5180736184120178, 0.5114074349403381, 0.0752144455909729)","(0.5220075845718384, 0.4883481562137604, 0.08833684027194977)","(0.582271158695221, 0.48375797271728516, 0.010234135203063488)","(0.5531647801399231, 0.5211997032165527, 0.05204186215996742)","(0.5446520447731018, 0.4992856979370117, 0.0778198391199112)","(0.547308087348938, 0.4782866835594177, 0.09079477936029434)",Move
2130,"(0.5922145247459412, 0.2985355257987976, -6.287938595050946e-05)","(0.5291503667831421, 0.31755512952804565, 0.018127862364053726)","(0.4999925494194031, 0.3927614092826843, 0.03543954715132713)","(0.4892287850379944, 0.46047163009643555, 0.059729933738708496)","(0.48336532711982727, 0.50804603099823, 0.08405375480651855)","(0.5042819380760193, 0.47720032930374146, -0.041919510811567307)","(0.4771154522895813, 0.5559260845184326, 0.005771518684923649)","(0.4656594693660736, 0.5507346391677856, 0.059844598174095154)","(0.4634695053100586, 0.5375905632972717, 0.09598399698734283)","(0.5358403921127319, 0.5012767314910889, -0.03037724643945694)","(0.5050081014633179, 0.5763182640075684, 0.020432034507393837)","(0.49327194690704346, 0.5584813356399536, 0.07361415773630142)","(0.4919857084751129, 0.538841962814331, 0.1033288985490799)","(0.5641346573829651, 0.5071304440498352, -0.009348229505121708)","(0.5329431891441345, 0.5653305053710938, 0.03790976479649544)","(0.5201858878135681, 0.5428318381309509, 0.07825523614883423)","(0.5199123024940491, 0.5207645297050476, 0.09674153476953506)","(0.5866661667823792, 0.5026593804359436, 0.013021831400692463)","(0.5588784217834473, 0.5405495762825012, 0.05404214933514595)","(0.547159731388092, 0.5226640105247498, 0.08148524910211563)","(0.5457266569137573, 0.5041170120239258, 0.0976613461971283)",Move
2131,"(0.5965307950973511, 0.3193511366844177, -7.3675335443113e-05)","(0.5330479741096497, 0.3349791467189789, 0.016357168555259705)","(0.50117427110672, 0.40841567516326904, 0.03255387395620346)","(0.4910234212875366, 0.4783102571964264, 0.05667714774608612)","(0.4874494671821594, 0.5239515900611877, 0.08165684342384338)","(0.5086429119110107, 0.49558141827583313, -0.04222123324871063)","(0.47966837882995605, 0.5807453393936157, 0.007628440856933594)","(0.46878936886787415, 0.572430431842804, 0.05942404270172119)","(0.46782928705215454, 0.5553314685821533, 0.09226088970899582)","(0.5411378145217896, 0.5217833518981934, -0.030269308015704155)","(0.5087401866912842, 0.5997933149337769, 0.0245895404368639)","(0.4975873827934265, 0.5764391422271729, 0.07450176030397415)","(0.4968722462654114, 0.5530222654342651, 0.09774591773748398)","(0.5699148178100586, 0.5278834104537964, -0.00922324787825346)","(0.5372424125671387, 0.5892482995986938, 0.04075363650918007)","(0.5257295370101929, 0.5625762343406677, 0.07735487818717957)","(0.5272530317306519, 0.5371501445770264, 0.09058373421430588)","(0.592560350894928, 0.5215495824813843, 0.01338114496320486)","(0.5628949403762817, 0.5636073350906372, 0.05463564768433571)","(0.5523809790611267, 0.5441527962684631, 0.0800381749868393)","(0.5529090762138367, 0.5230477452278137, 0.09329885989427567)",Move
2132,"(0.5985475778579712, 0.33925917744636536, -7.317159906961024e-05)","(0.533094048500061, 0.3606797158718109, 0.017252005636692047)","(0.5048643946647644, 0.43648838996887207, 0.03295913711190224)","(0.49883732199668884, 0.507638156414032, 0.05824680253863335)","(0.4988177716732025, 0.5530388951301575, 0.0847596526145935)","(0.511317253112793, 0.5218091011047363, -0.05344074219465256)","(0.4816737771034241, 0.6043661236763, 0.0024641049094498158)","(0.4782235622406006, 0.5801624059677124, 0.05731620267033577)","(0.48528486490249634, 0.5519671440124512, 0.0898067057132721)","(0.5451126098632812, 0.543550431728363, -0.03946796804666519)","(0.5147995948791504, 0.617537796497345, 0.02095193788409233)","(0.5083930492401123, 0.5836554765701294, 0.06917573511600494)","(0.5126396417617798, 0.5557281970977783, 0.0877312570810318)","(0.5743722319602966, 0.5476577877998352, -0.015253261663019657)","(0.5427348017692566, 0.601836621761322, 0.041502345353364944)","(0.5342074036598206, 0.5686354637145996, 0.07463306933641434)","(0.5397650003433228, 0.541297972202301, 0.08194437623023987)","(0.597427487373352, 0.5420889258384705, 0.01179217267781496)","(0.566865861415863, 0.5775794982910156, 0.05732773616909981)","(0.5587773323059082, 0.552079439163208, 0.08029572665691376)","(0.5627763867378235, 0.5295058488845825, 0.08913400769233704)",Move
2133,"(0.602994978427887, 0.3561561107635498, -9.3780858151149e-05)","(0.5377792716026306, 0.37272730469703674, 0.02007455565035343)","(0.5087556838989258, 0.44749489426612854, 0.03908385708928108)","(0.5013710260391235, 0.5163578391075134, 0.06749939918518066)","(0.4997236728668213, 0.5627211928367615, 0.09768924862146378)","(0.5149843096733093, 0.5353925824165344, -0.04597492516040802)","(0.48458537459373474, 0.6240237355232239, 0.00800645537674427)","(0.4792848229408264, 0.6073938012123108, 0.06630872935056686)","(0.48484787344932556, 0.582198977470398, 0.10283339023590088)","(0.5481109023094177, 0.5581609606742859, -0.03283003345131874)","(0.5169795155525208, 0.6339089870452881, 0.027852965518832207)","(0.5099778175354004, 0.602469265460968, 0.08424286544322968)","(0.5128072500228882, 0.5757896304130554, 0.11037357151508331)","(0.5776508450508118, 0.5620768666267395, -0.010187606327235699)","(0.5467764139175415, 0.6183063387870789, 0.045903269201517105)","(0.5377808809280396, 0.5869401693344116, 0.08634684234857559)","(0.5418522357940674, 0.5599086284637451, 0.10083608329296112)","(0.6014436483383179, 0.5562547445297241, 0.015172027982771397)","(0.573083758354187, 0.5941251516342163, 0.05967221409082413)","(0.5641112923622131, 0.5706406831741333, 0.08554821461439133)","(0.5663305521011353, 0.5481942892074585, 0.09721273928880692)",Move
2134,"(0.608603298664093, 0.36324989795684814, -8.135052485158667e-05)","(0.542130172252655, 0.3783572018146515, 0.019132403656840324)","(0.5114495754241943, 0.45423030853271484, 0.03807322308421135)","(0.5046564340591431, 0.5242645740509033, 0.06659866124391556)","(0.502430260181427, 0.568343997001648, 0.09706233441829681)","(0.5173771381378174, 0.5438671708106995, -0.043303657323122025)","(0.4854571223258972, 0.6337023973464966, 0.012060018256306648)","(0.481887549161911, 0.6122031211853027, 0.07020425796508789)","(0.48925307393074036, 0.5853421688079834, 0.10606881976127625)","(0.5517697930335999, 0.5681405067443848, -0.029652871191501617)","(0.5196357369422913, 0.644572377204895, 0.03259492665529251)","(0.5139927268028259, 0.6121439933776855, 0.08987118303775787)","(0.5176219344139099, 0.5855539441108704, 0.11566528677940369)","(0.5822914242744446, 0.5716956853866577, -0.00650573056191206)","(0.5508770942687988, 0.6316248774528503, 0.050538960844278336)","(0.5420670509338379, 0.5988253355026245, 0.0907052606344223)","(0.5466282367706299, 0.5697311162948608, 0.10497540980577469)","(0.6070207953453064, 0.5646414160728455, 0.019635429605841637)","(0.5785320997238159, 0.605131983757019, 0.06322988122701645)","(0.5699144005775452, 0.5802398920059204, 0.08866175264120102)","(0.5725057125091553, 0.5558927059173584, 0.10066410899162292)",Move
2135,"(0.6087698936462402, 0.3640553653240204, -8.306411473313347e-05)","(0.5435184240341187, 0.3855225741863251, 0.028286298736929893)","(0.5127149224281311, 0.46317151188850403, 0.0488765649497509)","(0.5063139796257019, 0.5337151885032654, 0.07561566680669785)","(0.5046767592430115, 0.5781974196434021, 0.10291408002376556)","(0.5161586403846741, 0.5499531030654907, -0.032892122864723206)","(0.48680639266967773, 0.6427068710327148, 0.019503748044371605)","(0.481639564037323, 0.6226089000701904, 0.07675448805093765)","(0.48654288053512573, 0.5960597395896912, 0.11364533752202988)","(0.5506800413131714, 0.5766240358352661, -0.02502472884953022)","(0.5206460356712341, 0.6511428356170654, 0.035874489694833755)","(0.5143955945968628, 0.6176671981811523, 0.09369204193353653)","(0.5169866681098938, 0.5896056294441223, 0.12222103774547577)","(0.5818662047386169, 0.5807992219924927, -0.007397560402750969)","(0.5519810914993286, 0.6372594833374023, 0.04989303648471832)","(0.5429688096046448, 0.6044834852218628, 0.09028849005699158)","(0.5466839075088501, 0.5749800801277161, 0.10588855296373367)","(0.6072274446487427, 0.5725349187850952, 0.013204319402575493)","(0.5798136591911316, 0.6074473261833191, 0.059574875980615616)","(0.570774495601654, 0.5823520421981812, 0.0861763283610344)","(0.5728439688682556, 0.55812668800354, 0.09880395978689194)",Move
2136,"(0.6113866567611694, 0.3669847249984741, -8.295284351333976e-05)","(0.5438210368156433, 0.3903138041496277, 0.024017756804823875)","(0.5116407871246338, 0.4692912995815277, 0.04405082389712334)","(0.5035224556922913, 0.5416315793991089, 0.07173916697502136)","(0.5000618100166321, 0.5889548063278198, 0.10016557574272156)","(0.5164971947669983, 0.5570932030677795, -0.03602924197912216)","(0.48511767387390137, 0.647422730922699, 0.01627497561275959)","(0.4797865152359009, 0.6272415518760681, 0.07223819941282272)","(0.4852339029312134, 0.6007211804389954, 0.10737438499927521)","(0.5511515736579895, 0.5824742913246155, -0.025779087096452713)","(0.5182058215141296, 0.6525522470474243, 0.03740758076310158)","(0.5122341513633728, 0.6184264421463013, 0.09339722990989685)","(0.5154814124107361, 0.5897153615951538, 0.11935938894748688)","(0.5816455483436584, 0.5860002636909485, -0.005792078096419573)","(0.5497342348098755, 0.6373635530471802, 0.053370699286460876)","(0.5409457087516785, 0.6039133667945862, 0.09108556807041168)","(0.5449731349945068, 0.5734801292419434, 0.1033465713262558)","(0.6063238978385925, 0.5789490938186646, 0.016419922932982445)","(0.5769956707954407, 0.6113228797912598, 0.06387808173894882)","(0.5679739713668823, 0.5855818390846252, 0.08823340386152267)","(0.5704240798950195, 0.5602266192436218, 0.09812808781862259)",Move
2137,"(0.610322892665863, 0.36818933486938477, -6.816429959144443e-05)","(0.5438544154167175, 0.3875560760498047, 0.026953797787427902)","(0.5114616751670837, 0.4633404016494751, 0.04901297762989998)","(0.502872109413147, 0.5326473116874695, 0.07757790386676788)","(0.49887385964393616, 0.577854573726654, 0.1074686124920845)","(0.5129745602607727, 0.5561637282371521, -0.02914903685450554)","(0.48215165734291077, 0.6503185629844666, 0.020511969923973083)","(0.47576606273651123, 0.6355935335159302, 0.07612432539463043)","(0.4799339771270752, 0.6114665269851685, 0.1126098781824112)","(0.5474554896354675, 0.5843568444252014, -0.02032247558236122)","(0.5146377682685852, 0.6577941179275513, 0.04075709357857704)","(0.5087263584136963, 0.6247883439064026, 0.09917362034320831)","(0.5112873315811157, 0.59607994556427, 0.12837272882461548)","(0.578467845916748, 0.589755654335022, -0.0021846990566700697)","(0.5464779138565063, 0.6423403024673462, 0.05544379726052284)","(0.537933349609375, 0.610435962677002, 0.09495165944099426)","(0.5413973331451416, 0.5808475613594055, 0.10981667041778564)","(0.6039003133773804, 0.5829573273658752, 0.01829414814710617)","(0.575451135635376, 0.6153083443641663, 0.06508990377187729)","(0.5663672685623169, 0.5907758474349976, 0.09026163071393967)","(0.5680228471755981, 0.566426694393158, 0.10125160962343216)",Move
2138,"(0.6067765355110168, 0.36784952878952026, -7.207099406514317e-05)","(0.5409193634986877, 0.3902077078819275, 0.030635928735136986)","(0.5089758634567261, 0.46642443537712097, 0.051747798919677734)","(0.5009346008300781, 0.536867082118988, 0.07802562415599823)","(0.4983340799808502, 0.5807104110717773, 0.10562388598918915)","(0.5102786421775818, 0.558779239654541, -0.030081406235694885)","(0.4786317050457001, 0.6524920463562012, 0.02061312459409237)","(0.4754127264022827, 0.6312158703804016, 0.07497245818376541)","(0.4823777675628662, 0.6031742095947266, 0.10888639092445374)","(0.5451182126998901, 0.588307797908783, -0.023965317755937576)","(0.511572003364563, 0.6602285504341125, 0.03808470815420151)","(0.5069141983985901, 0.624428927898407, 0.09570823609828949)","(0.510586142539978, 0.5943838953971863, 0.12270231544971466)","(0.5765545964241028, 0.5943223237991333, -0.007981431670486927)","(0.5442591905593872, 0.6440573930740356, 0.05277587100863457)","(0.5365200042724609, 0.6108662486076355, 0.09142939746379852)","(0.5403566956520081, 0.5812816619873047, 0.10396437346935272)","(0.6023277044296265, 0.5876023769378662, 0.010780908167362213)","(0.5734504461288452, 0.6170761585235596, 0.06106976792216301)","(0.5650538802146912, 0.5904184579849243, 0.08685644716024399)","(0.567450225353241, 0.5663534998893738, 0.09668131917715073)",Move
2139,"(0.6040048599243164, 0.36784327030181885, -7.307586929528043e-05)","(0.5375770330429077, 0.39362943172454834, 0.03297678753733635)","(0.5053636431694031, 0.4691754877567291, 0.0555121973156929)","(0.49714863300323486, 0.5396531224250793, 0.08250422030687332)","(0.4946308135986328, 0.583675742149353, 0.11067929118871689)","(0.50637286901474, 0.5617741346359253, -0.023909587413072586)","(0.47601181268692017, 0.6544581651687622, 0.027262592688202858)","(0.47180861234664917, 0.6349411010742188, 0.0797448679804802)","(0.47700604796409607, 0.6085523366928101, 0.11175145208835602)","(0.5411484241485596, 0.5900620222091675, -0.01866822876036167)","(0.5081068277359009, 0.6623046398162842, 0.044956352561712265)","(0.5030118823051453, 0.6275691390037537, 0.10127423703670502)","(0.5059815645217896, 0.59656822681427, 0.12720255553722382)","(0.5726848244667053, 0.5954852104187012, -0.003492783522233367)","(0.5410444736480713, 0.6447492241859436, 0.058171749114990234)","(0.5332098603248596, 0.6121957898139954, 0.09646953642368317)","(0.5366962552070618, 0.5813856720924377, 0.10829319059848785)","(0.5987299680709839, 0.5881983041763306, 0.014230220578610897)","(0.5716152787208557, 0.616767168045044, 0.06505351513624191)","(0.5633976459503174, 0.5908123850822449, 0.09102124720811844)","(0.5655585527420044, 0.566096842288971, 0.09997236728668213)",Move
2140,"(0.6020045280456543, 0.3681151866912842, -6.981725164223462e-05)","(0.5363675355911255, 0.3924272656440735, 0.033669762313365936)","(0.5040866136550903, 0.4655485153198242, 0.0577348954975605)","(0.4945635199546814, 0.5338343381881714, 0.0857425183057785)","(0.4912087917327881, 0.5785330533981323, 0.11567860096693039)","(0.5025777220726013, 0.5593482851982117, -0.020434219390153885)","(0.47428569197654724, 0.655755341053009, 0.028045929968357086)","(0.4696764349937439, 0.6428316235542297, 0.08200377225875854)","(0.47362786531448364, 0.6194666028022766, 0.11760511994361877)","(0.536866307258606, 0.5882298946380615, -0.015327248722314835)","(0.5061100125312805, 0.6625738143920898, 0.04636025056242943)","(0.5011768937110901, 0.6303207278251648, 0.10450826585292816)","(0.5033943057060242, 0.601603090763092, 0.13245517015457153)","(0.5682985186576843, 0.5949930548667908, -0.000859562773257494)","(0.5386703014373779, 0.6448412537574768, 0.05915377661585808)","(0.5315667390823364, 0.6143660545349121, 0.0989963486790657)","(0.534794807434082, 0.5852726101875305, 0.11296173185110092)","(0.5947363972663879, 0.5889519453048706, 0.01626129448413849)","(0.5697154998779297, 0.6180575489997864, 0.06586640328168869)","(0.5622037053108215, 0.5933403968811035, 0.0919867753982544)","(0.5640413761138916, 0.5702255964279175, 0.10180091112852097)",Move
2141,"(0.5999602675437927, 0.3689318299293518, -8.693446579854935e-05)","(0.5343381762504578, 0.395532488822937, 0.03349385783076286)","(0.5026860237121582, 0.4693858325481415, 0.05555672198534012)","(0.492294579744339, 0.5376020669937134, 0.08178768306970596)","(0.48807501792907715, 0.5807629823684692, 0.10871034115552902)","(0.5009244680404663, 0.5625351071357727, -0.02501950040459633)","(0.47199442982673645, 0.6571573615074158, 0.02639983594417572)","(0.47002023458480835, 0.6369447708129883, 0.08163624256849289)","(0.4771336317062378, 0.6082859635353088, 0.11705098301172256)","(0.5355345010757446, 0.5913581252098083, -0.020105095580220222)","(0.5061268210411072, 0.6633495092391968, 0.043386559933423996)","(0.5032753944396973, 0.6267672777175903, 0.09992370754480362)","(0.5070424675941467, 0.5962666273117065, 0.12521646916866302)","(0.5671393871307373, 0.5974128842353821, -0.005125787574797869)","(0.5384501814842224, 0.6468166708946228, 0.05631054565310478)","(0.5318574905395508, 0.6142650842666626, 0.09338805824518204)","(0.5359112024307251, 0.5853179097175598, 0.10445552319288254)","(0.5934849977493286, 0.5912079215049744, 0.012623169459402561)","(0.5678088068962097, 0.621201753616333, 0.0632469579577446)","(0.5607789754867554, 0.5948141813278198, 0.08891239017248154)","(0.5636832118034363, 0.57036292552948, 0.09826063364744186)",Position
2142,"(0.597922682762146, 0.3686445951461792, -8.270932448795065e-05)","(0.5326820611953735, 0.3990956246852875, 0.03844953700900078)","(0.5009274482727051, 0.47178998589515686, 0.06190258264541626)","(0.49032139778137207, 0.5379514098167419, 0.0875358134508133)","(0.48667478561401367, 0.5811282396316528, 0.11390335112810135)","(0.500225305557251, 0.5659431219100952, -0.01897144876420498)","(0.47153612971305847, 0.6595140695571899, 0.030775640159845352)","(0.4675893187522888, 0.6440531015396118, 0.08481939882040024)","(0.47288602590560913, 0.6184972524642944, 0.12020892649888992)","(0.5341833233833313, 0.5954207181930542, -0.016911841928958893)","(0.5035913586616516, 0.6650047898292542, 0.045887283980846405)","(0.4993407130241394, 0.6306005716323853, 0.10263586044311523)","(0.5024277567863464, 0.6020830869674683, 0.12878940999507904)","(0.5655096769332886, 0.6019222736358643, -0.004372080788016319)","(0.5359796285629272, 0.6474109292030334, 0.05683499574661255)","(0.5286553502082825, 0.6170104146003723, 0.09587325900793076)","(0.5323656797409058, 0.5900959968566895, 0.10886368155479431)","(0.5917685031890869, 0.5950754284858704, 0.010906804352998734)","(0.5662939548492432, 0.6220170259475708, 0.0626186728477478)","(0.5588245987892151, 0.5970687866210938, 0.08976077288389206)","(0.561154305934906, 0.5751296281814575, 0.10052189975976944)",Position
2143,"(0.5972272753715515, 0.370306134223938, -7.328849460463971e-05)","(0.530850887298584, 0.39834892749786377, 0.03918146342039108)","(0.4992884397506714, 0.470202773809433, 0.06327932327985764)","(0.48976677656173706, 0.5366935133934021, 0.08986486494541168)","(0.4859994053840637, 0.5785420536994934, 0.11729543656110764)","(0.49803510308265686, 0.5652084350585938, -0.01737063191831112)","(0.47024065256118774, 0.6606048941612244, 0.03528745844960213)","(0.46965718269348145, 0.6429609656333923, 0.09117135405540466)","(0.477542906999588, 0.614922285079956, 0.12748588621616364)","(0.5319765210151672, 0.5952699184417725, -0.014856958761811256)","(0.50373375415802, 0.667198121547699, 0.04928907752037048)","(0.5015131235122681, 0.6329542398452759, 0.10531298071146011)","(0.5063695311546326, 0.6028822660446167, 0.13034577667713165)","(0.5636234879493713, 0.6021780967712402, -0.0018199284095317125)","(0.5355570912361145, 0.6488839387893677, 0.0610736645758152)","(0.5294694304466248, 0.6190349459648132, 0.09931386262178421)","(0.5342900156974792, 0.5923705697059631, 0.11090664565563202)","(0.5904706120491028, 0.5953606963157654, 0.014164673164486885)","(0.5656431317329407, 0.6213631629943848, 0.0668579712510109)","(0.5590921640396118, 0.5961263179779053, 0.09320224821567535)","(0.5624356865882874, 0.5745130777359009, 0.10250169038772583)",Position
2144,"(0.5964715480804443, 0.3689417839050293, -9.069316001841798e-05)","(0.5301719903945923, 0.40152525901794434, 0.037379272282123566)","(0.499970406293869, 0.47818484902381897, 0.05974714457988739)","(0.49194785952568054, 0.54721599817276, 0.08516696095466614)","(0.4896346628665924, 0.5902167558670044, 0.11122066527605057)","(0.4976867437362671, 0.5668193101882935, -0.024656176567077637)","(0.47043466567993164, 0.6615995764732361, 0.028124351054430008)","(0.4715803563594818, 0.6399994492530823, 0.08247065544128418)","(0.4806649088859558, 0.6098791360855103, 0.11670862883329391)","(0.532414972782135, 0.5955895185470581, -0.022531192749738693)","(0.504704475402832, 0.6670951843261719, 0.03977280482649803)","(0.5034880638122559, 0.6321108937263489, 0.09346531331539154)","(0.5084343552589417, 0.6022409796714783, 0.11643225699663162)","(0.5644626617431641, 0.602026104927063, -0.00974682904779911)","(0.5367351174354553, 0.6511228680610657, 0.05210059881210327)","(0.5312649011611938, 0.6203453540802002, 0.08829715847969055)","(0.5363278388977051, 0.5925904512405396, 0.09804525971412659)","(0.5915554165840149, 0.5959164500236511, 0.006192249711602926)","(0.5653907060623169, 0.6241315603256226, 0.057809460908174515)","(0.5586667060852051, 0.5984823703765869, 0.08400885760784149)","(0.5622552633285522, 0.5758777856826782, 0.09314753115177155)",Position
2145,"(0.5972456932067871, 0.3690195083618164, -7.553686737082899e-05)","(0.5306157469749451, 0.39887940883636475, 0.03837776556611061)","(0.4987821877002716, 0.4705117642879486, 0.06286614388227463)","(0.4886593520641327, 0.537238597869873, 0.09029042720794678)","(0.48464637994766235, 0.5812354683876038, 0.11936736106872559)","(0.49632319808006287, 0.5668739676475525, -0.01671529933810234)","(0.46998512744903564, 0.6606460809707642, 0.03638294339179993)","(0.4703688621520996, 0.6408571004867554, 0.09196774661540985)","(0.4787997305393219, 0.6119726300239563, 0.12776976823806763)","(0.5305163264274597, 0.5959168076515198, -0.013764866627752781)","(0.502843976020813, 0.6680368781089783, 0.05001319199800491)","(0.5009071230888367, 0.6348061561584473, 0.1061304584145546)","(0.5056778788566589, 0.6049854755401611, 0.13172480463981628)","(0.562386155128479, 0.6017762422561646, -0.00038816535379737616)","(0.5347577333450317, 0.649678111076355, 0.06213038042187691)","(0.5287744998931885, 0.6205440759658813, 0.10104475170373917)","(0.5333689451217651, 0.5932977199554443, 0.11307193338871002)","(0.5894384384155273, 0.5940510034561157, 0.015914488583803177)","(0.5649746060371399, 0.6217815279960632, 0.06818339973688126)","(0.5581620931625366, 0.5972315073013306, 0.09499010443687439)","(0.5612455606460571, 0.5750428438186646, 0.1045612320303917)",Position
2146,"(0.596498966217041, 0.3689989149570465, -9.401896386407316e-05)","(0.5298084616661072, 0.39981168508529663, 0.03800421953201294)","(0.4985009729862213, 0.4745192229747772, 0.061111487448215485)","(0.48892849683761597, 0.542842447757721, 0.08723283559083939)","(0.4852062463760376, 0.5857612490653992, 0.11422489583492279)","(0.49679991602897644, 0.5671041011810303, -0.021918965503573418)","(0.46912217140197754, 0.6603686809539795, 0.03108474425971508)","(0.4697358012199402, 0.6376557350158691, 0.08503792434930801)","(0.4782421886920929, 0.6075953245162964, 0.1183515414595604)","(0.5314653515815735, 0.5963455438613892, -0.020102735608816147)","(0.5030984282493591, 0.668515682220459, 0.04127288609743118)","(0.501593828201294, 0.6329629421234131, 0.09499945491552353)","(0.5066269040107727, 0.6025505661964417, 0.11839403957128525)","(0.5633717179298401, 0.6031762361526489, -0.007788236252963543)","(0.5350502729415894, 0.6534847021102905, 0.052613165229558945)","(0.529072642326355, 0.6230295896530151, 0.09003939479589462)","(0.5340116024017334, 0.5949892401695251, 0.10122348368167877)","(0.590437114238739, 0.5971335768699646, 0.00786374881863594)","(0.5645061731338501, 0.6269288063049316, 0.058462128043174744)","(0.5574457049369812, 0.6018514037132263, 0.08541646599769592)","(0.5606634020805359, 0.5787522196769714, 0.09547711163759232)",Position
2147,"(0.5972978472709656, 0.3722466826438904, -8.070671174209565e-05)","(0.5304040312767029, 0.4011550545692444, 0.03739462420344353)","(0.4990667998790741, 0.47527116537094116, 0.06063533201813698)","(0.4897426664829254, 0.5427076816558838, 0.08711697161197662)","(0.4864797592163086, 0.584775984287262, 0.11483913660049438)","(0.4963950216770172, 0.5678216218948364, -0.020556587725877762)","(0.46916425228118896, 0.6621832847595215, 0.033096056431531906)","(0.4704298973083496, 0.6397002935409546, 0.08790861815214157)","(0.4796571731567383, 0.6090471744537354, 0.12213525176048279)","(0.531010627746582, 0.5969504117965698, -0.01746850088238716)","(0.5034891963005066, 0.669739305973053, 0.0461004264652729)","(0.5025947093963623, 0.6341798305511475, 0.09998509287834167)","(0.5079724788665771, 0.603058934211731, 0.12297946214675903)","(0.5631476640701294, 0.6034060120582581, -0.0039007600862532854)","(0.5357325673103333, 0.6515698432922363, 0.05927302688360214)","(0.5300689935684204, 0.6214057207107544, 0.09509851783514023)","(0.5350161194801331, 0.5941228270530701, 0.10397717356681824)","(0.590450644493103, 0.596992015838623, 0.012754453346133232)","(0.5650714635848999, 0.6241629719734192, 0.06529407203197479)","(0.5583005547523499, 0.5992732048034668, 0.09082654863595963)","(0.5617834329605103, 0.5772408246994019, 0.09917853027582169)",Position
2148,"(0.5986178517341614, 0.37435591220855713, -9.331030014436692e-05)","(0.532069206237793, 0.4025581479072571, 0.035538189113140106)","(0.5009060502052307, 0.4760420024394989, 0.059323497116565704)","(0.49108606576919556, 0.5437269806861877, 0.08689718693494797)","(0.48754215240478516, 0.5862435102462769, 0.11596077680587769)","(0.4989328980445862, 0.5691733956336975, -0.02205144613981247)","(0.46913769841194153, 0.6619422435760498, 0.030812926590442657)","(0.46814024448394775, 0.6420681476593018, 0.08583372831344604)","(0.47557443380355835, 0.6139585375785828, 0.12072611600160599)","(0.532421350479126, 0.5985358357429504, -0.01827429048717022)","(0.5016010999679565, 0.6704798936843872, 0.04361956939101219)","(0.49844110012054443, 0.6365368366241455, 0.09829515218734741)","(0.5019172430038452, 0.607551634311676, 0.12272990494966507)","(0.5631052851676941, 0.6061176061630249, -0.004024948924779892)","(0.53272545337677, 0.6547192335128784, 0.05659652128815651)","(0.5265513062477112, 0.624200701713562, 0.09443939477205276)","(0.5311524271965027, 0.5964995622634888, 0.10652899742126465)","(0.5888124108314514, 0.6015428900718689, 0.013145828619599342)","(0.561469554901123, 0.6300708651542664, 0.06348788738250732)","(0.5542359352111816, 0.6048029661178589, 0.08987753093242645)","(0.5572880506515503, 0.5819440484046936, 0.09981997311115265)",Position
2149,"(0.5995909571647644, 0.3764023780822754, -9.516621503280476e-05)","(0.5330651998519897, 0.401345819234848, 0.03415821120142937)","(0.5011414289474487, 0.474041610956192, 0.058248769491910934)","(0.49049410223960876, 0.540878415107727, 0.08672738075256348)","(0.486351877450943, 0.5824105739593506, 0.11712706834077835)","(0.4993836283683777, 0.5694514513015747, -0.0207474734634161)","(0.46976983547210693, 0.6627801656723022, 0.03251613676548004)","(0.4686896800994873, 0.6430308818817139, 0.08825233578681946)","(0.4761331081390381, 0.6146191358566284, 0.12410037219524384)","(0.5328333973884583, 0.5990450978279114, -0.015900392085313797)","(0.5029348134994507, 0.6720263957977295, 0.04632556065917015)","(0.5000410079956055, 0.6377871036529541, 0.10164618492126465)","(0.5038356184959412, 0.6078106760978699, 0.1264135241508484)","(0.5634438991546631, 0.606709361076355, -0.0009265565313398838)","(0.5339699983596802, 0.6566410064697266, 0.05943770706653595)","(0.5278046727180481, 0.626309871673584, 0.09710056334733963)","(0.5323718190193176, 0.5980181694030762, 0.10908687859773636)","(0.5892304182052612, 0.6019423604011536, 0.01700231060385704)","(0.5628074407577515, 0.6307388544082642, 0.0667925775051117)","(0.5557403564453125, 0.6059187054634094, 0.09243623912334442)","(0.5587198734283447, 0.5828967690467834, 0.10203604400157928)",Position
2150,"(0.5993674397468567, 0.379723459482193, -9.527370275463909e-05)","(0.5339116454124451, 0.40506064891815186, 0.031584326177835464)","(0.501602053642273, 0.47869423031806946, 0.05470701679587364)","(0.4903531074523926, 0.5459586977958679, 0.08253748714923859)","(0.48587000370025635, 0.5875394940376282, 0.11368909478187561)","(0.500022292137146, 0.5709536075592041, -0.02625814825296402)","(0.4691554605960846, 0.6638576984405518, 0.025710757821798325)","(0.4682757556438446, 0.6440562009811401, 0.08230721205472946)","(0.4756774604320526, 0.6161953210830688, 0.11846639215946198)","(0.5338324904441833, 0.600534200668335, -0.020490678027272224)","(0.5014955401420593, 0.677234947681427, 0.03806388005614281)","(0.4977473020553589, 0.6444177627563477, 0.09487240016460419)","(0.5010232329368591, 0.615027904510498, 0.12284940481185913)","(0.5644271373748779, 0.607978880405426, -0.00497130211442709)","(0.5330010652542114, 0.6631343960762024, 0.052384208887815475)","(0.5261828899383545, 0.6339971423149109, 0.09243247658014297)","(0.530150830745697, 0.6065197587013245, 0.10820938646793365)","(0.5899178981781006, 0.6023666858673096, 0.01369188167154789)","(0.5620464086532593, 0.634230375289917, 0.06157676503062248)","(0.5538910627365112, 0.6110590100288391, 0.08867985755205154)","(0.5559459924697876, 0.5886163711547852, 0.10124190151691437)",Position
2151,"(0.5996452569961548, 0.38219255208969116, -9.505874186288565e-05)","(0.5332854986190796, 0.4054228663444519, 0.03208985552191734)","(0.5010437965393066, 0.4785746932029724, 0.05527668073773384)","(0.4910051226615906, 0.5457980632781982, 0.08332046866416931)","(0.48706746101379395, 0.5873226523399353, 0.1141352653503418)","(0.49983859062194824, 0.5762622952461243, -0.024994123727083206)","(0.46945852041244507, 0.6665685772895813, 0.028919018805027008)","(0.4693540930747986, 0.643877387046814, 0.08511669933795929)","(0.4777160882949829, 0.6144192814826965, 0.12074699252843857)","(0.5342279076576233, 0.6051192283630371, -0.018553726375102997)","(0.5034998655319214, 0.6772690415382385, 0.043286919593811035)","(0.500925600528717, 0.641474723815918, 0.09909834712743759)","(0.5051671266555786, 0.6110290288925171, 0.12473062425851822)","(0.5652117133140564, 0.611011803150177, -0.0020621533039957285)","(0.5352206826210022, 0.6621542572975159, 0.05823308229446411)","(0.5286089777946472, 0.6309801936149597, 0.09698661416769028)","(0.5327776074409485, 0.6024150848388672, 0.1100459024310112)","(0.5911492109298706, 0.6037697792053223, 0.0176725834608078)","(0.5640047788619995, 0.6328113079071045, 0.06756100803613663)","(0.5563784837722778, 0.6073810458183289, 0.09366860240697861)","(0.5589931011199951, 0.5839487910270691, 0.10428988188505173)",Position
2152,"(0.6003798246383667, 0.3849499225616455, -9.207573748426512e-05)","(0.5333095192909241, 0.4090770483016968, 0.03113812766969204)","(0.5015437006950378, 0.48269471526145935, 0.05414268746972084)","(0.4920009672641754, 0.550087571144104, 0.082776740193367)","(0.48817384243011475, 0.5921269655227661, 0.11371154338121414)","(0.5004240870475769, 0.5809575319290161, -0.02744547463953495)","(0.47003373503685, 0.6684225797653198, 0.02848348766565323)","(0.4708417057991028, 0.6423518657684326, 0.08504342287778854)","(0.4807802736759186, 0.6109943985939026, 0.12031511962413788)","(0.534776508808136, 0.6082011461257935, -0.01990932784974575)","(0.504730224609375, 0.6768920421600342, 0.044867321848869324)","(0.5033171772956848, 0.6393665671348572, 0.09912952780723572)","(0.5089736580848694, 0.608373761177063, 0.12196866422891617)","(0.565666139125824, 0.6127347350120544, -0.0020255562849342823)","(0.5364397168159485, 0.6605607271194458, 0.060370054095983505)","(0.5305424332618713, 0.6277037262916565, 0.0961117222905159)","(0.5357429385185242, 0.5990061163902283, 0.10555940866470337)","(0.591507077217102, 0.6054590344429016, 0.01911468617618084)","(0.5645301938056946, 0.6329192519187927, 0.0702005997300148)","(0.5574689507484436, 0.6059532761573792, 0.09473749250173569)","(0.5609209537506104, 0.5816723108291626, 0.10323586314916611)",Position
2153,"(0.6009694337844849, 0.3870154023170471, -9.340060205431655e-05)","(0.533687174320221, 0.4089934229850769, 0.028834333643317223)","(0.5009286403656006, 0.48175761103630066, 0.051569029688835144)","(0.49034255743026733, 0.549008846282959, 0.08023352921009064)","(0.48548227548599243, 0.5902764201164246, 0.11095164716243744)","(0.5017073154449463, 0.584488034248352, -0.026026271283626556)","(0.4700397849082947, 0.66959547996521, 0.029262052848935127)","(0.46907711029052734, 0.6447951197624207, 0.08543860912322998)","(0.4777529537677765, 0.6145153045654297, 0.12087173759937286)","(0.53586345911026, 0.6114067435264587, -0.017236053943634033)","(0.503973662853241, 0.6761501431465149, 0.049304284155368805)","(0.501066267490387, 0.6400536894798279, 0.10484398156404495)","(0.505581259727478, 0.6108468770980835, 0.12830688059329987)","(0.5662411451339722, 0.6151294708251953, 0.0013594714691862464)","(0.5356709957122803, 0.6590157747268677, 0.06422179937362671)","(0.5289161801338196, 0.6269915103912354, 0.09994116425514221)","(0.533394455909729, 0.5989042520523071, 0.10968513786792755)","(0.5915020704269409, 0.6065779328346252, 0.02273465506732464)","(0.5642827749252319, 0.6323484182357788, 0.07335944473743439)","(0.5567694306373596, 0.6061736345291138, 0.09704817831516266)","(0.5595468878746033, 0.5822706818580627, 0.10552647709846497)",Position
2154,"(0.6017912030220032, 0.389306902885437, -9.467306517763063e-05)","(0.5341649651527405, 0.4114265739917755, 0.029118400067090988)","(0.5013880729675293, 0.485149621963501, 0.052900705486536026)","(0.4907497465610504, 0.5522210597991943, 0.08294210582971573)","(0.4850054085254669, 0.5950606465339661, 0.11473512649536133)","(0.5023881196975708, 0.5859576463699341, -0.0257023386657238)","(0.4709742069244385, 0.6714188456535339, 0.030110133811831474)","(0.4695451855659485, 0.6488353610038757, 0.08792892843484879)","(0.47760286927223206, 0.6193675994873047, 0.1252785176038742)","(0.536741316318512, 0.6123748421669006, -0.01620637997984886)","(0.5059035420417786, 0.6775429248809814, 0.051860738545656204)","(0.5028260350227356, 0.6422234773635864, 0.10815472155809402)","(0.506960928440094, 0.6138852834701538, 0.13226880133152008)","(0.5671217441558838, 0.6159219741821289, 0.003192642005160451)","(0.5379638671875, 0.6582433581352234, 0.0685189962387085)","(0.5315766334533691, 0.6262663006782532, 0.10397923737764359)","(0.5360293984413147, 0.598596453666687, 0.11311546713113785)","(0.5922927260398865, 0.6079771518707275, 0.025353416800498962)","(0.5660531520843506, 0.6310213208198547, 0.07771463692188263)","(0.5589243173599243, 0.6041644215583801, 0.10093225538730621)","(0.5618431568145752, 0.5799217820167542, 0.1088135838508606)",Position
2155,"(0.6008912324905396, 0.39358556270599365, -9.61532787187025e-05)","(0.5350983142852783, 0.4132114052772522, 0.03257935866713524)","(0.5024352073669434, 0.4849187731742859, 0.056485746055841446)","(0.4915042519569397, 0.551521360874176, 0.08460686355829239)","(0.48552292585372925, 0.5930554270744324, 0.11363405734300613)","(0.50334233045578, 0.5863682627677917, -0.018502604216337204)","(0.47277364134788513, 0.6780877113342285, 0.031037310138344765)","(0.4673365354537964, 0.6642791628837585, 0.08466988801956177)","(0.4717196226119995, 0.6390571594238281, 0.12113245576620102)","(0.5367391705513, 0.6149055361747742, -0.011705497279763222)","(0.5071412324905396, 0.6828243732452393, 0.052880361676216125)","(0.5023553967475891, 0.6480278968811035, 0.10882311314344406)","(0.50499427318573, 0.6196454167366028, 0.13443544507026672)","(0.5667589902877808, 0.6199216842651367, 0.004621025174856186)","(0.5381612777709961, 0.6619167327880859, 0.06781086325645447)","(0.5306898951530457, 0.6307934522628784, 0.10424207895994186)","(0.5343186259269714, 0.6043373942375183, 0.11569827049970627)","(0.5919104814529419, 0.6122550368309021, 0.023540962487459183)","(0.5664677619934082, 0.6337447166442871, 0.07596221566200256)","(0.5592966675758362, 0.6077941060066223, 0.10033164173364639)","(0.5618659257888794, 0.5855890512466431, 0.10957382619380951)",Position
2156,"(0.6023738384246826, 0.3958345055580139, -9.100915485760197e-05)","(0.536629855632782, 0.41747480630874634, 0.03289475664496422)","(0.5039656758308411, 0.4892948269844055, 0.05729779228568077)","(0.493485689163208, 0.5551149249076843, 0.0857577994465828)","(0.48781540989875793, 0.5961707830429077, 0.11409905552864075)","(0.5052830576896667, 0.5897294878959656, -0.01379652414470911)","(0.47492849826812744, 0.681968629360199, 0.03293531760573387)","(0.467119038105011, 0.6702465415000916, 0.08447572588920593)","(0.4696171283721924, 0.6456400156021118, 0.12108132988214493)","(0.538881242275238, 0.6175211668014526, -0.0069190082140266895)","(0.5094980001449585, 0.6845777630805969, 0.057647041976451874)","(0.5038087368011475, 0.6516320705413818, 0.11500042676925659)","(0.5055649280548096, 0.6242128014564514, 0.1422913670539856)","(0.5689589381217957, 0.6209843754768372, 0.008981491439044476)","(0.5410067439079285, 0.6639746427536011, 0.07147364318370819)","(0.5324642658233643, 0.6336104869842529, 0.10863173007965088)","(0.5351239442825317, 0.6063012480735779, 0.12172431498765945)","(0.5941669344902039, 0.6114755272865295, 0.027436895295977592)","(0.5695162415504456, 0.6346362233161926, 0.0797760859131813)","(0.561648428440094, 0.6094863414764404, 0.10481530427932739)","(0.5630369782447815, 0.5862698554992676, 0.11558449268341064)",Position
2157,"(0.6043057441711426, 0.3986596465110779, -9.153404971584678e-05)","(0.5381224751472473, 0.41860488057136536, 0.03314662352204323)","(0.5053550601005554, 0.48919951915740967, 0.05919221043586731)","(0.49538376927375793, 0.5552350282669067, 0.08915091305971146)","(0.4906744360923767, 0.5956361889839172, 0.11933635175228119)","(0.5075451135635376, 0.5929563641548157, -0.00772010488435626)","(0.47810098528862, 0.6858031749725342, 0.03597532585263252)","(0.4672510027885437, 0.6798458099365234, 0.08521345257759094)","(0.465911865234375, 0.6600181460380554, 0.1211085245013237)","(0.5406516790390015, 0.6216232180595398, -0.0007779052830301225)","(0.5103262662887573, 0.6879999041557312, 0.0627526044845581)","(0.5027918219566345, 0.6568337082862854, 0.11905812472105026)","(0.502932071685791, 0.630510151386261, 0.1464756280183792)","(0.5704324841499329, 0.6256079077720642, 0.014570306986570358)","(0.541588544845581, 0.6679520606994629, 0.07533485442399979)","(0.5324419736862183, 0.6379042267799377, 0.11258799582719803)","(0.5345579385757446, 0.6111934185028076, 0.12676778435707092)","(0.5955362319946289, 0.6166359186172485, 0.03232789784669876)","(0.5709860920906067, 0.6401646137237549, 0.08314888924360275)","(0.5624536871910095, 0.6159867644309998, 0.10776814818382263)","(0.5631060004234314, 0.5937934517860413, 0.11896008253097534)",Position
2158,"(0.6038819551467896, 0.4014938473701477, -8.049521420616657e-05)","(0.5377090573310852, 0.4217151403427124, 0.0318862684071064)","(0.5054299235343933, 0.4942706823348999, 0.058544404804706573)","(0.49612805247306824, 0.5613213181495667, 0.08920873701572418)","(0.49187803268432617, 0.6015411615371704, 0.12017592787742615)","(0.5077086687088013, 0.6004341244697571, -0.004956612829118967)","(0.47864699363708496, 0.689093291759491, 0.039342738687992096)","(0.4679683744907379, 0.6817666292190552, 0.08841114491224289)","(0.4663611948490143, 0.6613661050796509, 0.12392232567071915)","(0.5412101149559021, 0.6281768083572388, 0.0028772042132914066)","(0.5115612745285034, 0.6902626752853394, 0.06737877428531647)","(0.5042623281478882, 0.6602954864501953, 0.12264447659254074)","(0.5042861104011536, 0.6346478462219238, 0.1498972624540329)","(0.5712350010871887, 0.6308831572532654, 0.01888660155236721)","(0.5435748100280762, 0.6708644032478333, 0.07986736297607422)","(0.5343142747879028, 0.6420698165893555, 0.11607172340154648)","(0.5357654690742493, 0.6156338453292847, 0.1298520267009735)","(0.5963531136512756, 0.6202577352523804, 0.036946576088666916)","(0.5732437968254089, 0.6430589556694031, 0.08667996525764465)","(0.5647042393684387, 0.6200324892997742, 0.10977566987276077)","(0.5648631453514099, 0.5983029007911682, 0.12021052837371826)",Position
2159,"(0.6036538481712341, 0.40535056591033936, -6.876026600366458e-05)","(0.5375257134437561, 0.42622387409210205, 0.030430421233177185)","(0.5055436491966248, 0.4978713095188141, 0.05683344230055809)","(0.4965589642524719, 0.5650114417076111, 0.08770494908094406)","(0.49246516823768616, 0.60579913854599, 0.11970413476228714)","(0.5084454417228699, 0.6062047481536865, -0.005615675821900368)","(0.479069322347641, 0.6920104622840881, 0.04228673875331879)","(0.46956756711006165, 0.6809040904045105, 0.09228318929672241)","(0.47028568387031555, 0.657640814781189, 0.12669745087623596)","(0.5416399836540222, 0.6330410838127136, 0.002813753206282854)","(0.5106281638145447, 0.6949501037597656, 0.06916601955890656)","(0.502475917339325, 0.6655496954917908, 0.12474099546670914)","(0.5031700134277344, 0.6397168636322021, 0.15178008377552032)","(0.5712694525718689, 0.6350088119506836, 0.019834360107779503)","(0.5421361327171326, 0.6749334335327148, 0.08156532794237137)","(0.5322252511978149, 0.6463682651519775, 0.11846615374088287)","(0.5342457890510559, 0.6201453804969788, 0.13230858743190765)","(0.5960285067558289, 0.6241097450256348, 0.03883867338299751)","(0.5715756416320801, 0.6469200849533081, 0.08848876506090164)","(0.5625104308128357, 0.6245516538619995, 0.11164596676826477)","(0.5632530450820923, 0.603920042514801, 0.1223708987236023)",Position
2160,"(0.603161633014679, 0.40883761644363403, -8.469010208500549e-05)","(0.5370270609855652, 0.430215984582901, 0.031126955524086952)","(0.5050135850906372, 0.5021142959594727, 0.05770453065633774)","(0.4959163963794708, 0.56820148229599, 0.08861460536718369)","(0.4919930100440979, 0.607151210308075, 0.12083862721920013)","(0.507837176322937, 0.6108422875404358, -0.007365689147263765)","(0.47859305143356323, 0.6935885548591614, 0.042331062257289886)","(0.47010713815689087, 0.6793361902236938, 0.09228550642728806)","(0.4716501533985138, 0.6547486186027527, 0.12584449350833893)","(0.5413495898246765, 0.6374561190605164, 0.001447899267077446)","(0.5110145807266235, 0.6973669528961182, 0.06853385269641876)","(0.5033515095710754, 0.6669008135795593, 0.12302512675523758)","(0.50431889295578, 0.6409157514572144, 0.1481824368238449)","(0.5713605880737305, 0.6389859914779663, 0.019122350960969925)","(0.5427199602127075, 0.6767920255661011, 0.08194927126169205)","(0.5330479741096497, 0.6477512121200562, 0.1181601732969284)","(0.5350481271743774, 0.6211183667182922, 0.13055279850959778)","(0.596400797367096, 0.6270305514335632, 0.038781411945819855)","(0.572030246257782, 0.6480448842048645, 0.08946865051984787)","(0.563377857208252, 0.6247572898864746, 0.11198905855417252)","(0.5645350813865662, 0.6031250953674316, 0.12147295475006104)",Position
2161,"(0.6030402183532715, 0.40923601388931274, -7.79238689574413e-05)","(0.5380804538726807, 0.42853230237960815, 0.032584913074970245)","(0.5057361125946045, 0.4978143572807312, 0.05915644392371178)","(0.49592325091362, 0.5627151131629944, 0.08971882611513138)","(0.4914857745170593, 0.6024677157402039, 0.12256608158349991)","(0.5082790851593018, 0.6106690168380737, -0.005286738742142916)","(0.47982320189476013, 0.6928189992904663, 0.04220225661993027)","(0.47047966718673706, 0.6815962195396423, 0.09120870381593704)","(0.4705038070678711, 0.6593677401542664, 0.12542420625686646)","(0.5418537855148315, 0.6379783749580383, 0.0033101483713835478)","(0.5120353102684021, 0.6986494660377502, 0.06749407202005386)","(0.5037940144538879, 0.6691548824310303, 0.12197278439998627)","(0.5043845772743225, 0.643825888633728, 0.14818266034126282)","(0.5719467997550964, 0.6394320726394653, 0.020487036556005478)","(0.5444566607475281, 0.6787084937095642, 0.0808897316455841)","(0.5341600775718689, 0.6506050825119019, 0.11858205497264862)","(0.5353885293006897, 0.6244167685508728, 0.13274043798446655)","(0.5973409414291382, 0.6268312931060791, 0.03989936783909798)","(0.5747530460357666, 0.6489953994750977, 0.08963632583618164)","(0.565764307975769, 0.6266061067581177, 0.11320389807224274)","(0.5662316679954529, 0.6048868298530579, 0.1240684911608696)",Position
2162,"(0.6036072969436646, 0.41130274534225464, -7.514427124988288e-05)","(0.5378274917602539, 0.43049126863479614, 0.034094005823135376)","(0.5060110092163086, 0.4986521601676941, 0.06194419413805008)","(0.4969550371170044, 0.5624722242355347, 0.09374922513961792)","(0.492892324924469, 0.6018192768096924, 0.12702222168445587)","(0.5081568956375122, 0.6113996505737305, -0.004115513060241938)","(0.4803031086921692, 0.6937857866287231, 0.043235860764980316)","(0.47005152702331543, 0.6865535974502563, 0.0927281379699707)","(0.4684159755706787, 0.6678650379180908, 0.1276712417602539)","(0.5415289402008057, 0.6394765377044678, 0.004382171202450991)","(0.5131305456161499, 0.6995269656181335, 0.06938856840133667)","(0.5056337118148804, 0.6694576144218445, 0.12381509691476822)","(0.5062885284423828, 0.6445308923721313, 0.14936614036560059)","(0.5715776681900024, 0.6418020129203796, 0.021620171144604683)","(0.5458022356033325, 0.6809195280075073, 0.08269693702459335)","(0.5361778140068054, 0.6516866683959961, 0.12108810245990753)","(0.5375587940216064, 0.6256441473960876, 0.13545672595500946)","(0.5968566536903381, 0.6300098896026611, 0.041025418788194656)","(0.5756396055221558, 0.6522903442382812, 0.09147331118583679)","(0.5669370293617249, 0.6295300722122192, 0.11467380821704865)","(0.5674359202384949, 0.6081721186637878, 0.12430095672607422)",Position
2163,"(0.6032330989837646, 0.41237673163414, -7.374939741566777e-05)","(0.5377123951911926, 0.431255578994751, 0.035268280655145645)","(0.5053461790084839, 0.49954476952552795, 0.06343654543161392)","(0.49703359603881836, 0.563893735408783, 0.09497865289449692)","(0.49419358372688293, 0.6014193296432495, 0.12814131379127502)","(0.5074015855789185, 0.6116738319396973, -0.0007194143254309893)","(0.4800621569156647, 0.6946291923522949, 0.045879144221544266)","(0.4702087640762329, 0.6870413422584534, 0.09381427615880966)","(0.4688088595867157, 0.6676871180534363, 0.1278952807188034)","(0.5410531163215637, 0.6396286487579346, 0.006606949958950281)","(0.5132871866226196, 0.699936032295227, 0.07150468230247498)","(0.5063071846961975, 0.6703024506568909, 0.12559376657009125)","(0.5071918964385986, 0.6448260545730591, 0.15112075209617615)","(0.5714778900146484, 0.6419852375984192, 0.022512812167406082)","(0.546294629573822, 0.6829268336296082, 0.08342039585113525)","(0.5364780426025391, 0.6544829607009888, 0.12178218364715576)","(0.5376017689704895, 0.6279449462890625, 0.1364765763282776)","(0.5973476767539978, 0.6301075220108032, 0.04049288481473923)","(0.5767000317573547, 0.652621328830719, 0.09089376032352448)","(0.5681126713752747, 0.6301304697990417, 0.11464089155197144)","(0.5687108039855957, 0.6090229749679565, 0.12515689432621002)",Position
2164,"(0.601894199848175, 0.4124686121940613, -7.36861620680429e-05)","(0.5369358062744141, 0.43169328570365906, 0.036445897072553635)","(0.5039881467819214, 0.5000461339950562, 0.06457322090864182)","(0.4944695830345154, 0.564737856388092, 0.09514262527227402)","(0.490140825510025, 0.6026511192321777, 0.12733599543571472)","(0.5058926939964294, 0.6121506690979004, 0.0006995864096097648)","(0.47935545444488525, 0.6959028244018555, 0.049541838467121124)","(0.4716079533100128, 0.686091959476471, 0.09848599135875702)","(0.4718787670135498, 0.6635790467262268, 0.132595956325531)","(0.5393674373626709, 0.6403631567955017, 0.006532598752528429)","(0.5125625729560852, 0.6993710994720459, 0.07335993647575378)","(0.5069977045059204, 0.6684334874153137, 0.12710024416446686)","(0.5087110996246338, 0.6417561769485474, 0.15119746327400208)","(0.5697819590568542, 0.6438707113265991, 0.021079959347844124)","(0.5446768403053284, 0.6835939884185791, 0.08342596143484116)","(0.5360844731330872, 0.654983639717102, 0.12091237306594849)","(0.5381328463554382, 0.6281070113182068, 0.1342049092054367)","(0.5960084199905396, 0.6331070065498352, 0.037778470665216446)","(0.5751203298568726, 0.6558083891868591, 0.08891561627388)","(0.5672932863235474, 0.633463442325592, 0.11288045346736908)","(0.5687297582626343, 0.6126803755760193, 0.12284903973340988)",Position
2165,"(0.6011144518852234, 0.4125632345676422, -7.526262197643518e-05)","(0.536432147026062, 0.4332706332206726, 0.03737134858965874)","(0.5041067600250244, 0.5030377507209778, 0.0646413192152977)","(0.49375680088996887, 0.5683841705322266, 0.093766950070858)","(0.4881497621536255, 0.6079270839691162, 0.12370036542415619)","(0.5039141774177551, 0.612350583076477, 0.0012549834791570902)","(0.47799134254455566, 0.6968344449996948, 0.05068758875131607)","(0.4709727466106415, 0.6872469186782837, 0.09913690388202667)","(0.4709833860397339, 0.6655499935150146, 0.13264606893062592)","(0.5369294881820679, 0.6407004594802856, 0.0057689230889081955)","(0.5109026432037354, 0.6983955502510071, 0.07382871210575104)","(0.5062482953071594, 0.6663055419921875, 0.12585444748401642)","(0.5083475112915039, 0.6394107341766357, 0.14802154898643494)","(0.5672348141670227, 0.6446887254714966, 0.01934398151934147)","(0.5427050590515137, 0.6821742057800293, 0.08304407447576523)","(0.5352163314819336, 0.6517657041549683, 0.11763539165258408)","(0.5379669070243835, 0.6245510578155518, 0.12778674066066742)","(0.5935571789741516, 0.6346850395202637, 0.03494500368833542)","(0.5725317001342773, 0.6551797389984131, 0.08740230649709702)","(0.5656505823135376, 0.6313303112983704, 0.11036501079797745)","(0.5676499605178833, 0.6099797487258911, 0.11808616667985916)",Position
2166,"(0.6009847521781921, 0.41299882531166077, -7.568705768790096e-05)","(0.5359449982643127, 0.4344293475151062, 0.03964659571647644)","(0.5038092732429504, 0.502002477645874, 0.06744455546140671)","(0.493331640958786, 0.5661419630050659, 0.0963033065199852)","(0.487797349691391, 0.6056033372879028, 0.12514279782772064)","(0.5014297366142273, 0.6113147735595703, 0.0051890779286623)","(0.47737282514572144, 0.6953776478767395, 0.056051190942525864)","(0.4719424247741699, 0.6848462224006653, 0.10600978136062622)","(0.4729943573474884, 0.6610914468765259, 0.14015480875968933)","(0.534465491771698, 0.6396234631538391, 0.00897323526442051)","(0.5106940865516663, 0.6961482763290405, 0.07895440608263016)","(0.5077986121177673, 0.6636806130409241, 0.13013172149658203)","(0.5109819769859314, 0.6363731026649475, 0.1507258266210556)","(0.5652221441268921, 0.6436989307403564, 0.021851280704140663)","(0.5426422357559204, 0.6777480840682983, 0.08820846676826477)","(0.5368186831474304, 0.6473875045776367, 0.12095122039318085)","(0.5404537320137024, 0.621192991733551, 0.1286102533340454)","(0.5920872688293457, 0.6342185139656067, 0.03687734156847)","(0.5725784301757812, 0.6535401940345764, 0.09073284268379211)","(0.5667386651039124, 0.6292782425880432, 0.11293793469667435)","(0.5694265365600586, 0.6083348989486694, 0.11953752487897873)",Position
2167,"(0.5987999439239502, 0.4124872088432312, -6.876008410472423e-05)","(0.5343719124794006, 0.43632492423057556, 0.039896998554468155)","(0.5027301907539368, 0.505412220954895, 0.06587012112140656)","(0.49268391728401184, 0.5707506537437439, 0.09283499419689178)","(0.48691970109939575, 0.6108274459838867, 0.11892297863960266)","(0.49933871626853943, 0.6115148663520813, -0.00030189717654138803)","(0.47463780641555786, 0.6946699023246765, 0.051057685166597366)","(0.47097668051719666, 0.6814219951629639, 0.10105631500482559)","(0.4738328754901886, 0.6551182270050049, 0.13486513495445251)","(0.5332582592964172, 0.6402316689491272, 0.002283352892845869)","(0.5107167363166809, 0.6955085396766663, 0.07272013276815414)","(0.5093986392021179, 0.6619758605957031, 0.12354427576065063)","(0.5131410360336304, 0.6336206793785095, 0.14380447566509247)","(0.5649224519729614, 0.6438596844673157, 0.014548045583069324)","(0.5434061288833618, 0.6767184734344482, 0.08246289193630219)","(0.5382726192474365, 0.6452118754386902, 0.11440200358629227)","(0.5418092608451843, 0.6185038089752197, 0.12065500020980835)","(0.5926507115364075, 0.6335639357566833, 0.028892507776618004)","(0.573013424873352, 0.6512539386749268, 0.08438640087842941)","(0.5676590204238892, 0.6256094574928284, 0.10669898986816406)","(0.5702707767486572, 0.6042740345001221, 0.11251794546842575)",Position
2168,"(0.597383439540863, 0.4105617105960846, -7.161832036217675e-05)","(0.5340625643730164, 0.43561050295829773, 0.04181511327624321)","(0.5027438402175903, 0.5026518106460571, 0.06913774460554123)","(0.492495596408844, 0.5651750564575195, 0.09704167395830154)","(0.48645487427711487, 0.6042376756668091, 0.1244393065571785)","(0.49878495931625366, 0.6086953282356262, 0.0028725413139909506)","(0.4748011827468872, 0.6947184801101685, 0.051811326295137405)","(0.4699266850948334, 0.6846315860748291, 0.10150475054979324)","(0.47151970863342285, 0.6599127054214478, 0.13664744794368744)","(0.5320267081260681, 0.6370211839675903, 0.005192851647734642)","(0.5095115900039673, 0.6939830780029297, 0.07429935783147812)","(0.5073452591896057, 0.6608725786209106, 0.12576396763324738)","(0.5105161070823669, 0.6320931911468506, 0.14640894532203674)","(0.5632712841033936, 0.6407474279403687, 0.016917230561375618)","(0.5426402688026428, 0.6746349930763245, 0.08370164036750793)","(0.5373083353042603, 0.6442440152168274, 0.11641035974025726)","(0.5405839681625366, 0.6174951791763306, 0.1235903650522232)","(0.5906428694725037, 0.6307898163795471, 0.030876606702804565)","(0.5728158950805664, 0.6499464511871338, 0.0861707478761673)","(0.5675933957099915, 0.6251577138900757, 0.10890785604715347)","(0.5699432492256165, 0.6035993695259094, 0.11494923382997513)",Position
2169,"(0.5975280404090881, 0.41068601608276367, -7.286280015250668e-05)","(0.5334310531616211, 0.43420350551605225, 0.04365549981594086)","(0.5020639300346375, 0.5011470317840576, 0.07100671529769897)","(0.4924568831920624, 0.5634286403656006, 0.09840582311153412)","(0.4872952699661255, 0.6017847061157227, 0.12485707551240921)","(0.49696627259254456, 0.6079834699630737, 0.004628676921129227)","(0.4735046625137329, 0.6922361254692078, 0.056301165372133255)","(0.4706743359565735, 0.6794484853744507, 0.10602296143770218)","(0.47429826855659485, 0.6527031064033508, 0.1396026462316513)","(0.5302018523216248, 0.63725745677948, 0.005935807712376118)","(0.5091853737831116, 0.6964524984359741, 0.0759597048163414)","(0.5083320140838623, 0.6635596752166748, 0.12710772454738617)","(0.5124541521072388, 0.6345911622047424, 0.14774075150489807)","(0.5618250966072083, 0.6419467329978943, 0.016708455979824066)","(0.541821300983429, 0.6766123175621033, 0.08482148498296738)","(0.5369892120361328, 0.6459847688674927, 0.11757127940654755)","(0.5406675338745117, 0.619536817073822, 0.12411408126354218)","(0.589737594127655, 0.6326538324356079, 0.030050674453377724)","(0.5717684030532837, 0.6501336097717285, 0.0859057679772377)","(0.5668058395385742, 0.6251975297927856, 0.10853175818920135)","(0.5694792866706848, 0.6045411229133606, 0.11432989686727524)",Position
2170,"(0.5970906615257263, 0.410731703042984, -6.354686775011942e-05)","(0.531936764717102, 0.4361550211906433, 0.04072984680533409)","(0.5005521178245544, 0.5057457685470581, 0.06673795729875565)","(0.4913714528083801, 0.5704767107963562, 0.09384069591760635)","(0.48661744594573975, 0.608516275882721, 0.12033899873495102)","(0.4962908625602722, 0.6103878617286682, -0.0024811457842588425)","(0.47177654504776, 0.6906059384346008, 0.05295750871300697)","(0.4728204309940338, 0.6697614192962646, 0.10399167984724045)","(0.480246365070343, 0.6397484540939331, 0.13619330525398254)","(0.5300371646881104, 0.6388617753982544, -0.000669475644826889)","(0.5076854228973389, 0.6945974230766296, 0.07075260579586029)","(0.5084952116012573, 0.6593466401100159, 0.12057521939277649)","(0.5143154263496399, 0.6305118203163147, 0.13905484974384308)","(0.5619824528694153, 0.6435176134109497, 0.011409131810069084)","(0.540766179561615, 0.6771363615989685, 0.0802801325917244)","(0.5365928411483765, 0.6455544233322144, 0.11150215566158295)","(0.5411460399627686, 0.6195374727249146, 0.11611548066139221)","(0.590113639831543, 0.6347365975379944, 0.02603830210864544)","(0.5698685646057129, 0.6519712805747986, 0.08159196376800537)","(0.5651565194129944, 0.6256475448608398, 0.10383687168359756)","(0.5686705112457275, 0.6045437455177307, 0.10910347104072571)",Position
2171,"(0.5966185331344604, 0.41177898645401, -6.429429049603641e-05)","(0.5322051644325256, 0.4353674650192261, 0.040082357823848724)","(0.5012763142585754, 0.5040638446807861, 0.0664127916097641)","(0.4930664300918579, 0.5679766535758972, 0.0941697210073471)","(0.48940134048461914, 0.6065097451210022, 0.1218724176287651)","(0.4968506693840027, 0.6092849373817444, -0.0021494426764547825)","(0.4720302224159241, 0.6899165511131287, 0.052351903170347214)","(0.47090384364128113, 0.6696821451187134, 0.10321766138076782)","(0.47694364190101624, 0.639748752117157, 0.13537144660949707)","(0.5300896763801575, 0.6380970478057861, 0.0007032740977592766)","(0.5070092678070068, 0.6959173083305359, 0.07108837366104126)","(0.5062880516052246, 0.6609712839126587, 0.1213126853108406)","(0.5116204619407654, 0.6313852071762085, 0.140667125582695)","(0.5616910457611084, 0.6424252390861511, 0.013560958206653595)","(0.5393988490104675, 0.6770023107528687, 0.08089625090360641)","(0.5344178080558777, 0.6452731490135193, 0.11240819096565247)","(0.5391240119934082, 0.6186239123344421, 0.118006132543087)","(0.5893429517745972, 0.6329876780509949, 0.02878004126250744)","(0.5691415071487427, 0.6515893340110779, 0.08302812278270721)","(0.5638421177864075, 0.626060426235199, 0.1049940437078476)","(0.5672163963317871, 0.6047955751419067, 0.11042360961437225)",Position
2172,"(0.5963960886001587, 0.4124722480773926, -6.860770372441038e-05)","(0.5319022536277771, 0.4351580739021301, 0.03935905545949936)","(0.5010384321212769, 0.5019674301147461, 0.06574787199497223)","(0.4931255280971527, 0.5657126307487488, 0.09472669661045074)","(0.49091872572898865, 0.6035706996917725, 0.12461400032043457)","(0.4966701567173004, 0.6078746914863586, -0.0034899520687758923)","(0.47131723165512085, 0.6878441572189331, 0.053385525941848755)","(0.4734804034233093, 0.6621018052101135, 0.10474725067615509)","(0.4828799366950989, 0.629814863204956, 0.13588610291481018)","(0.529912531375885, 0.6361644268035889, 0.00044604085269384086)","(0.5059269666671753, 0.6966588497161865, 0.0704808384180069)","(0.5066787004470825, 0.6609662771224976, 0.1210232526063919)","(0.5136369466781616, 0.6308941841125488, 0.14083203673362732)","(0.5616549849510193, 0.6407497525215149, 0.01459613349288702)","(0.5385462045669556, 0.6807304620742798, 0.08113567531108856)","(0.5341286659240723, 0.6498282551765442, 0.11443497240543365)","(0.5393222570419312, 0.6228337287902832, 0.12142334133386612)","(0.5894088745117188, 0.6316846609115601, 0.03172697871923447)","(0.5684682726860046, 0.6533011198043823, 0.0849633663892746)","(0.5631434321403503, 0.6287882924079895, 0.1084442138671875)","(0.5668873190879822, 0.6074873208999634, 0.11615120619535446)",Position
2173,"(0.5965272784233093, 0.41278907656669617, -6.170241249492392e-05)","(0.5316593050956726, 0.4356628656387329, 0.03835318237543106)","(0.5012019276618958, 0.5038575530052185, 0.06420120596885681)","(0.4942348897457123, 0.5684689283370972, 0.09257932752370834)","(0.4920804500579834, 0.6060426831245422, 0.12124420702457428)","(0.4969049096107483, 0.6084080338478088, -0.004573870450258255)","(0.4713713526725769, 0.6879847645759583, 0.0512944757938385)","(0.47263646125793457, 0.6630585193634033, 0.10324948281049728)","(0.48105543851852417, 0.6314616799354553, 0.13548749685287476)","(0.5307714343070984, 0.6368284225463867, -0.00018749957962427288)","(0.5067880153656006, 0.6954361200332642, 0.06935098022222519)","(0.5072747468948364, 0.6594790816307068, 0.12141838669776917)","(0.5135372877120972, 0.6300246119499207, 0.14299733936786652)","(0.5626675486564636, 0.6409949064254761, 0.014295120723545551)","(0.5398061871528625, 0.6806352734565735, 0.08037970215082169)","(0.5346387028694153, 0.6493423581123352, 0.11494932323694229)","(0.5388448238372803, 0.6227697730064392, 0.12340068072080612)","(0.590181291103363, 0.6311913132667542, 0.03169531747698784)","(0.569006621837616, 0.6516913771629333, 0.08471539616584778)","(0.5632497072219849, 0.6263158917427063, 0.10809364169836044)","(0.5665025115013123, 0.6046581864356995, 0.11623407155275345)",Position
2174,"(0.595800518989563, 0.41365623474121094, -7.09684900357388e-05)","(0.5308996438980103, 0.43805626034736633, 0.03891225531697273)","(0.5002427697181702, 0.5074303150177002, 0.06444518268108368)","(0.4925333857536316, 0.5722033977508545, 0.09214551001787186)","(0.490201473236084, 0.6105964183807373, 0.11963486671447754)","(0.4960867166519165, 0.6089964509010315, -0.005793190095573664)","(0.47014951705932617, 0.6873407363891602, 0.050540804862976074)","(0.47202515602111816, 0.6607343554496765, 0.10155865550041199)","(0.48119693994522095, 0.6284821033477783, 0.1322474628686905)","(0.5294020175933838, 0.6375382542610168, -0.002331723226234317)","(0.5043612122535706, 0.6956189870834351, 0.0668121725320816)","(0.5047104358673096, 0.6594820618629456, 0.11737750470638275)","(0.5110713839530945, 0.6291188597679138, 0.1374189406633377)","(0.5609611868858337, 0.6426982283592224, 0.011579617857933044)","(0.5372549295425415, 0.681548535823822, 0.07701382040977478)","(0.5324804186820984, 0.6504323482513428, 0.11060219258069992)","(0.5373402833938599, 0.6230759024620056, 0.1181463971734047)","(0.5881453156471252, 0.634129524230957, 0.02815263718366623)","(0.5660433173179626, 0.6541982889175415, 0.0815594419836998)","(0.5603708028793335, 0.6295598745346069, 0.10550301522016525)","(0.5639351606369019, 0.6081423759460449, 0.113284632563591)",Position
2175,"(0.5958566665649414, 0.4144156873226166, -5.468058952828869e-05)","(0.5319778323173523, 0.43659552931785583, 0.039425406605005264)","(0.5016076564788818, 0.5037060976028442, 0.06566192954778671)","(0.4942265748977661, 0.5680375695228577, 0.09375515580177307)","(0.4915056526660919, 0.6069296598434448, 0.12243404239416122)","(0.49585846066474915, 0.6090161204338074, -0.0006431489018723369)","(0.47091302275657654, 0.6873063445091248, 0.05507228523492813)","(0.4725050628185272, 0.6631903648376465, 0.10666470974683762)","(0.48095691204071045, 0.632140576839447, 0.13903197646141052)","(0.529005765914917, 0.6373872756958008, 0.0028656208887696266)","(0.50566565990448, 0.6955170631408691, 0.07288003712892532)","(0.5061365365982056, 0.6605318188667297, 0.12499424070119858)","(0.5123097896575928, 0.6315746307373047, 0.14690926671028137)","(0.5606269836425781, 0.6415780186653137, 0.01619156077504158)","(0.5385593175888062, 0.6791322231292725, 0.08298564702272415)","(0.5339962840080261, 0.6485151052474976, 0.11707260459661484)","(0.5383989810943604, 0.6226305365562439, 0.12481863796710968)","(0.5882547497749329, 0.6320511698722839, 0.032191745936870575)","(0.568166971206665, 0.6502715349197388, 0.0857381746172905)","(0.5631695985794067, 0.6253373622894287, 0.1087552011013031)","(0.5666162967681885, 0.6046878695487976, 0.11617343872785568)",Position
2176,"(0.5973846316337585, 0.41718536615371704, -5.614967813016847e-05)","(0.5329859256744385, 0.43599820137023926, 0.03490503132343292)","(0.5015560388565063, 0.5025711059570312, 0.06047516688704491)","(0.4931887984275818, 0.5670814514160156, 0.08906595408916473)","(0.48952528834342957, 0.6063120365142822, 0.11881896108388901)","(0.49697941541671753, 0.6106109619140625, -0.003036979353055358)","(0.4705502390861511, 0.6871755123138428, 0.05314720422029495)","(0.47160932421684265, 0.6629593372344971, 0.10520870238542557)","(0.4800117611885071, 0.6327378749847412, 0.13777564465999603)","(0.5298672914505005, 0.6388874650001526, 0.003108931239694357)","(0.5047672986984253, 0.695876955986023, 0.07351873815059662)","(0.5045706629753113, 0.6614064574241638, 0.1254311054944992)","(0.5102247595787048, 0.6336063146591187, 0.14676308631896973)","(0.5608863234519958, 0.6434367895126343, 0.018769582733511925)","(0.5369753241539001, 0.6807606816291809, 0.08484194427728653)","(0.5320988893508911, 0.6499902009963989, 0.11824975907802582)","(0.5365041494369507, 0.6242092847824097, 0.1260680854320526)","(0.5878399610519409, 0.6348705291748047, 0.03679865971207619)","(0.5663019418716431, 0.655280351638794, 0.08869247883558273)","(0.5606600642204285, 0.6309654712677002, 0.11069026589393616)","(0.564017653465271, 0.6101881861686707, 0.1181253045797348)",Position
2177,"(0.5983496904373169, 0.4189038872718811, -6.62076854496263e-05)","(0.5339427590370178, 0.4350143074989319, 0.03450407832860947)","(0.5013996362686157, 0.5016366839408875, 0.05973343551158905)","(0.4922131597995758, 0.566603422164917, 0.08839192986488342)","(0.4884129464626312, 0.6049860119819641, 0.11846581101417542)","(0.4983745217323303, 0.608154833316803, -0.008195309899747372)","(0.4703204035758972, 0.6861549615859985, 0.0470067597925663)","(0.47014203667640686, 0.664753258228302, 0.09972347319126129)","(0.4781681299209595, 0.6356089115142822, 0.13336914777755737)","(0.5310532450675964, 0.6385757923126221, -0.0023650978691875935)","(0.5039839148521423, 0.6962535381317139, 0.0657869428396225)","(0.5024642944335938, 0.6634703278541565, 0.11833285540342331)","(0.5079050064086914, 0.6365671753883362, 0.1406956911087036)","(0.5617897510528564, 0.6451614499092102, 0.01324728224426508)","(0.5357146859169006, 0.6818774342536926, 0.07783321291208267)","(0.5303396582603455, 0.6518824696540833, 0.11246117949485779)","(0.5352692604064941, 0.6269096732139587, 0.12152546644210815)","(0.5884337425231934, 0.6382516622543335, 0.031194116920232773)","(0.565308153629303, 0.6578097939491272, 0.08250930905342102)","(0.5593475103378296, 0.6334661841392517, 0.1052076667547226)","(0.5631003975868225, 0.6132428646087646, 0.11299973726272583)",Position
2178,"(0.5993730425834656, 0.41964590549468994, -7.078587805153802e-05)","(0.535138726234436, 0.4346453845500946, 0.03215662017464638)","(0.5025769472122192, 0.5005468130111694, 0.05782744288444519)","(0.4934147596359253, 0.5650520920753479, 0.08771111816167831)","(0.48973727226257324, 0.6038827896118164, 0.11961228400468826)","(0.5004461407661438, 0.6093051433563232, -0.006503287702798843)","(0.4717804491519928, 0.6861616969108582, 0.04650207981467247)","(0.4687821567058563, 0.6702427268028259, 0.0988442674279213)","(0.4743175506591797, 0.6450737714767456, 0.13306953012943268)","(0.5328252911567688, 0.6388041973114014, 0.0010257894173264503)","(0.5035219788551331, 0.6962761282920837, 0.06728710234165192)","(0.4992120862007141, 0.6680052280426025, 0.12172455340623856)","(0.5025302767753601, 0.6431727409362793, 0.14711783826351166)","(0.5628466010093689, 0.6439194679260254, 0.017813894897699356)","(0.535076379776001, 0.68150395154953, 0.08015315979719162)","(0.5279883146286011, 0.6539363861083984, 0.11730965971946716)","(0.5316479802131653, 0.6295091509819031, 0.1301625818014145)","(0.5886175036430359, 0.6355806589126587, 0.03695216402411461)","(0.5651465654373169, 0.6560397148132324, 0.08630599081516266)","(0.5578696727752686, 0.6338196396827698, 0.10954631119966507)","(0.5602294206619263, 0.6140862107276917, 0.11950788646936417)",Position
2179,"(0.5999741554260254, 0.42055490612983704, -6.680125079583377e-05)","(0.5360372066497803, 0.433319628238678, 0.03294891119003296)","(0.503024160861969, 0.49820876121520996, 0.05837652087211609)","(0.4935076832771301, 0.5623822808265686, 0.08764582127332687)","(0.4895799160003662, 0.600866973400116, 0.11952411383390427)","(0.5000520944595337, 0.6081862449645996, -0.005795723758637905)","(0.4714874029159546, 0.6843701601028442, 0.049236491322517395)","(0.4707493484020233, 0.6654806137084961, 0.10189374536275864)","(0.4782944619655609, 0.638099730014801, 0.1357172727584839)","(0.5324106812477112, 0.6383176445960999, 0.001427805982530117)","(0.5041539072990417, 0.6961721181869507, 0.06913550943136215)","(0.5019465088844299, 0.6653514504432678, 0.12180593609809875)","(0.5068661570549011, 0.6394848823547363, 0.1451781988143921)","(0.5628584027290344, 0.6438807845115662, 0.01795460470020771)","(0.5361130833625793, 0.679716944694519, 0.08199232816696167)","(0.5305267572402954, 0.6517468094825745, 0.116557277739048)","(0.5350958108901978, 0.6281543970108032, 0.12619678676128387)","(0.5891891717910767, 0.6357649564743042, 0.03707690164446831)","(0.5663676857948303, 0.6550565958023071, 0.0874430239200592)","(0.5604860186576843, 0.6323002576828003, 0.10968288779258728)","(0.5639355778694153, 0.6128682494163513, 0.11785489320755005)",Position
2180,"(0.5992464423179626, 0.4201894998550415, -6.448781641665846e-05)","(0.5359940528869629, 0.43268871307373047, 0.0368981659412384)","(0.5040521025657654, 0.498116135597229, 0.06374408304691315)","(0.49514394998550415, 0.5614978075027466, 0.09294285625219345)","(0.49079224467277527, 0.5990756154060364, 0.12392877787351608)","(0.4996960163116455, 0.6071929931640625, 0.00024822072009555995)","(0.4729711711406708, 0.6829416751861572, 0.05516950041055679)","(0.47212541103363037, 0.6657866835594177, 0.10695613920688629)","(0.47882410883903503, 0.6386573910713196, 0.1406521499156952)","(0.5312918424606323, 0.6383824944496155, 0.005614568945020437)","(0.5050609707832336, 0.6959964632987976, 0.07393486797809601)","(0.5031898021697998, 0.665962278842926, 0.1266467124223709)","(0.508014976978302, 0.6401189565658569, 0.1505434364080429)","(0.56146240234375, 0.6448265910148621, 0.020151350647211075)","(0.5365170240402222, 0.6789708733558655, 0.08549056202173233)","(0.53118896484375, 0.6506832838058472, 0.1203765869140625)","(0.5357526540756226, 0.6272508502006531, 0.13027678430080414)","(0.5879448652267456, 0.6374045014381409, 0.037412129342556)","(0.5666059851646423, 0.6531909704208374, 0.08996623009443283)","(0.5611339807510376, 0.6297668218612671, 0.1125238835811615)","(0.5646018385887146, 0.6112008094787598, 0.12043926119804382)",Position
2181,"(0.5992045998573303, 0.4228830933570862, -6.546968506881967e-05)","(0.5361394286155701, 0.43389010429382324, 0.03549265116453171)","(0.5038951635360718, 0.4974825382232666, 0.062120091170072556)","(0.49434894323349, 0.560533881187439, 0.09150785952806473)","(0.4894315302371979, 0.5984290838241577, 0.12319006770849228)","(0.4995151460170746, 0.6081032156944275, 0.0023041104432195425)","(0.4729185700416565, 0.6829712986946106, 0.056941770017147064)","(0.4715854823589325, 0.6659873127937317, 0.10844412446022034)","(0.47789227962493896, 0.6397318840026855, 0.1423015594482422)","(0.5308641195297241, 0.6385213136672974, 0.008460458368062973)","(0.5045962929725647, 0.6961995959281921, 0.0766778439283371)","(0.5024773478507996, 0.6659579873085022, 0.1293756514787674)","(0.5070087313652039, 0.640152096748352, 0.15348213911056519)","(0.5607765913009644, 0.6442766189575195, 0.02353646233677864)","(0.5358474850654602, 0.6794835329055786, 0.08758462965488434)","(0.5300969481468201, 0.6508044004440308, 0.1228632852435112)","(0.5341976284980774, 0.6271541714668274, 0.13358654081821442)","(0.5870683789253235, 0.6363749504089355, 0.04117397591471672)","(0.5662181973457336, 0.6543266773223877, 0.0920453742146492)","(0.5603659749031067, 0.6315912008285522, 0.11440911889076233)","(0.5632779002189636, 0.6126006245613098, 0.12271668016910553)",Position
2182,"(0.5987890958786011, 0.4222678542137146, -8.039461681619287e-05)","(0.5358231067657471, 0.43365809321403503, 0.034612562507390976)","(0.5036195516586304, 0.4979945719242096, 0.06040523573756218)","(0.49459290504455566, 0.5613452196121216, 0.08912205696105957)","(0.4898739457130432, 0.5991066098213196, 0.11994348466396332)","(0.49906617403030396, 0.6053351163864136, -0.002175356028601527)","(0.4726518988609314, 0.6807761788368225, 0.05245469510555267)","(0.47272244095802307, 0.6618651151657104, 0.10453307628631592)","(0.48027604818344116, 0.6338561177253723, 0.13883639872074127)","(0.5305006504058838, 0.636083722114563, 0.003649153048172593)","(0.504602313041687, 0.694290280342102, 0.0709247961640358)","(0.5036948919296265, 0.6633270978927612, 0.12326417863368988)","(0.508848249912262, 0.6373550295829773, 0.14668136835098267)","(0.5604844093322754, 0.642608642578125, 0.018437813967466354)","(0.5355730056762695, 0.6798567771911621, 0.08185990154743195)","(0.5308922529220581, 0.6507775187492371, 0.11688904464244843)","(0.5356841683387756, 0.6266722679138184, 0.12717151641845703)","(0.5868812203407288, 0.635897159576416, 0.03585074469447136)","(0.5656759738922119, 0.6553613543510437, 0.0865810438990593)","(0.5603184103965759, 0.632206380367279, 0.1092393547296524)","(0.5637364983558655, 0.6128494739532471, 0.11754949390888214)",Position
2183,"(0.5978994369506836, 0.4222773611545563, -7.8960983955767e-05)","(0.5350165963172913, 0.4340612292289734, 0.03527334704995155)","(0.5030517578125, 0.4983243942260742, 0.06077055260539055)","(0.4938611388206482, 0.5616271495819092, 0.0889284759759903)","(0.48919153213500977, 0.5994147062301636, 0.11880598962306976)","(0.4972132444381714, 0.605369508266449, -0.0009241470834240317)","(0.47164541482925415, 0.680338978767395, 0.05389036983251572)","(0.4723183512687683, 0.6601572632789612, 0.10513631254434586)","(0.48013272881507874, 0.6320502758026123, 0.13840283453464508)","(0.5287603735923767, 0.6359224319458008, 0.004587593022733927)","(0.5041711926460266, 0.6925380825996399, 0.07323853671550751)","(0.5041706562042236, 0.659712016582489, 0.12443584948778152)","(0.5095897316932678, 0.6330056190490723, 0.14640632271766663)","(0.5590500831604004, 0.6421663761138916, 0.019154606387019157)","(0.5356348156929016, 0.6771843433380127, 0.0843866840004921)","(0.5313608646392822, 0.6469601392745972, 0.11762521415948868)","(0.5359308123588562, 0.6228177547454834, 0.1258002370595932)","(0.5857082009315491, 0.6353303790092468, 0.03621799126267433)","(0.5654911994934082, 0.6537069082260132, 0.0880926325917244)","(0.5605597496032715, 0.6296269297599792, 0.1098126471042633)","(0.5640735030174255, 0.6099267601966858, 0.11671173572540283)",Position
2184,"(0.5962839126586914, 0.4213629961013794, -7.482773798983544e-05)","(0.5331993699073792, 0.43611520528793335, 0.03635380417108536)","(0.5020391345024109, 0.5008307695388794, 0.06187562644481659)","(0.4935091435909271, 0.5632354617118835, 0.08994478732347488)","(0.4890976548194885, 0.5997751355171204, 0.11899992823600769)","(0.49706345796585083, 0.6034263372421265, -0.004793427884578705)","(0.4694545269012451, 0.6787785887718201, 0.049285292625427246)","(0.46932026743888855, 0.6593695878982544, 0.10055558383464813)","(0.4770459234714508, 0.631458044052124, 0.13362433016300201)","(0.5287016034126282, 0.6349713802337646, 0.0001663027360336855)","(0.5022348165512085, 0.6920432448387146, 0.06657032668590546)","(0.5016908645629883, 0.659941554069519, 0.11818154901266098)","(0.5071930885314941, 0.633508563041687, 0.14087867736816406)","(0.5589309930801392, 0.6427752375602722, 0.014496846124529839)","(0.5333661437034607, 0.6797972917556763, 0.07779127359390259)","(0.5285019874572754, 0.6502498984336853, 0.11282546073198318)","(0.5332083702087402, 0.6260511875152588, 0.12283304333686829)","(0.5856940150260925, 0.6370373368263245, 0.03141406551003456)","(0.563635528087616, 0.6563463807106018, 0.08220875263214111)","(0.5581889748573303, 0.6326824426651001, 0.10500343888998032)","(0.561590850353241, 0.6132822632789612, 0.11331725120544434)",Position
2185,"(0.5952515006065369, 0.42264610528945923, -8.152310329023749e-05)","(0.5326103568077087, 0.4378925561904907, 0.03965311497449875)","(0.5020039677619934, 0.5022119879722595, 0.06630164384841919)","(0.49315133690834045, 0.5635222792625427, 0.09449294209480286)","(0.48902350664138794, 0.5999520421028137, 0.12345199286937714)","(0.4949432909488678, 0.6018404960632324, -0.001369565725326538)","(0.46847423911094666, 0.6795843839645386, 0.053158678114414215)","(0.4698951244354248, 0.6606833934783936, 0.10410429537296295)","(0.47836536169052124, 0.6324121952056885, 0.13669608533382416)","(0.5265614986419678, 0.6333932876586914, 0.0014420074876397848)","(0.5010116100311279, 0.6942402124404907, 0.06741415709257126)","(0.501769483089447, 0.6620800495147705, 0.11867909878492355)","(0.507640540599823, 0.6341034173965454, 0.14153088629245758)","(0.5571540594100952, 0.6418731808662415, 0.013721717521548271)","(0.5320150852203369, 0.6829261183738708, 0.07625516504049301)","(0.5277420878410339, 0.6540002822875977, 0.11174347996711731)","(0.5325299501419067, 0.6288641691207886, 0.12230385094881058)","(0.5840501189231873, 0.6368069648742676, 0.02900421805679798)","(0.5619915723800659, 0.6583268046379089, 0.07980619370937347)","(0.5568717122077942, 0.6356175541877747, 0.10368246585130692)","(0.5603483319282532, 0.6162809133529663, 0.11252064257860184)",Position
2186,"(0.5959011316299438, 0.42241349816322327, -7.296635158127174e-05)","(0.5336649417877197, 0.4351554214954376, 0.03778497874736786)","(0.5023795366287231, 0.4982149004936218, 0.06502717733383179)","(0.4939182996749878, 0.5592389702796936, 0.09450985491275787)","(0.489775687456131, 0.5958254337310791, 0.12564417719841003)","(0.4952109158039093, 0.6022865176200867, -0.0006335104117169976)","(0.46861469745635986, 0.6792716383934021, 0.05257772281765938)","(0.4685254395008087, 0.6630113124847412, 0.10409779101610184)","(0.4758022725582123, 0.636703610420227, 0.13827280700206757)","(0.5266625881195068, 0.6332544684410095, 0.004222091753035784)","(0.5010799765586853, 0.6924386024475098, 0.07040024548768997)","(0.5007196068763733, 0.6623562574386597, 0.12274449318647385)","(0.5058370232582092, 0.6367427706718445, 0.1467105746269226)","(0.5567683577537537, 0.6411747336387634, 0.018151842057704926)","(0.5318543314933777, 0.6797409057617188, 0.08087346702814102)","(0.5271800756454468, 0.6517636179924011, 0.1166323721408844)","(0.5318065285682678, 0.6281383037567139, 0.12776155769824982)","(0.5833962559700012, 0.6359860897064209, 0.03499943017959595)","(0.5623053908348083, 0.6576490998268127, 0.08496367186307907)","(0.5570046305656433, 0.6350374221801758, 0.10834362357854843)","(0.5604879260063171, 0.6153927445411682, 0.11780742555856705)",Position
2187,"(0.5960354208946228, 0.42230403423309326, -7.546406413894147e-05)","(0.5334395170211792, 0.43502727150917053, 0.03637491911649704)","(0.5017593502998352, 0.4989891052246094, 0.06259474158287048)","(0.49310827255249023, 0.5608943104743958, 0.09181050956249237)","(0.4891608953475952, 0.5968806743621826, 0.12277282774448395)","(0.4959634244441986, 0.6019962430000305, -0.0038324485067278147)","(0.46939101815223694, 0.6791552305221558, 0.05004929378628731)","(0.4695720672607422, 0.6612308025360107, 0.10203765332698822)","(0.4772399365901947, 0.6333581805229187, 0.1359945684671402)","(0.5270208120346069, 0.6334258913993835, 0.0013026625383645296)","(0.5015059113502502, 0.6928191184997559, 0.06734778732061386)","(0.5013135075569153, 0.6616326570510864, 0.11928273737430573)","(0.5069065093994141, 0.6356997489929199, 0.14234796166419983)","(0.5570653676986694, 0.6417307257652283, 0.015492907725274563)","(0.5325523018836975, 0.6789422035217285, 0.07898160815238953)","(0.5284417867660522, 0.6501461863517761, 0.11315611004829407)","(0.5335379242897034, 0.6268020868301392, 0.12256188690662384)","(0.5837405920028687, 0.6370313763618469, 0.03259002044796944)","(0.5625185370445251, 0.6557997465133667, 0.0834256112575531)","(0.5577948689460754, 0.6321684718132019, 0.10539644211530685)","(0.5618126392364502, 0.6134215593338013, 0.11315871775150299)",Position
2188,"(0.595685601234436, 0.42310893535614014, -7.520577491959557e-05)","(0.5337260365486145, 0.4335395097732544, 0.03627701848745346)","(0.5017282962799072, 0.4970160722732544, 0.06361512094736099)","(0.49234500527381897, 0.5587900876998901, 0.09372378140687943)","(0.48812007904052734, 0.5948909521102905, 0.12601058185100555)","(0.49619460105895996, 0.6039114594459534, 0.00036709709092974663)","(0.46917426586151123, 0.6790521144866943, 0.0549221970140934)","(0.46826696395874023, 0.6623973846435547, 0.10684940218925476)","(0.47520217299461365, 0.6359772086143494, 0.14076484739780426)","(0.5268256664276123, 0.635147750377655, 0.0061204880475997925)","(0.5003906488418579, 0.6938839554786682, 0.07313243299722672)","(0.4989251494407654, 0.6640294194221497, 0.12602588534355164)","(0.5038173198699951, 0.6382544040679932, 0.1505725383758545)","(0.5565443634986877, 0.6428900361061096, 0.02070992812514305)","(0.5314235091209412, 0.6784543991088867, 0.08452722430229187)","(0.5267713665962219, 0.6499971151351929, 0.119589664041996)","(0.5315718650817871, 0.6267170906066895, 0.13043929636478424)","(0.5828955173492432, 0.6375752687454224, 0.03810945153236389)","(0.5618807673454285, 0.6553255319595337, 0.08901344239711761)","(0.5566914081573486, 0.6323687434196472, 0.11125069856643677)","(0.5602102875709534, 0.6141425371170044, 0.11981816589832306)",Position
2189,"(0.594853937625885, 0.4251033365726471, -7.080342766130343e-05)","(0.5329561233520508, 0.43624943494796753, 0.037848133593797684)","(0.5012730360031128, 0.5000125169754028, 0.06606633961200714)","(0.49200892448425293, 0.5611908435821533, 0.09647804498672485)","(0.48783499002456665, 0.5969807505607605, 0.12927211821079254)","(0.49499809741973877, 0.6057358384132385, 0.004052020609378815)","(0.4690423309803009, 0.6802613139152527, 0.05939061567187309)","(0.4686949849128723, 0.6630924940109253, 0.1117946058511734)","(0.47569385170936584, 0.6369439959526062, 0.14594417810440063)","(0.5258122682571411, 0.6358952522277832, 0.009344449266791344)","(0.5005261898040771, 0.6954182386398315, 0.07690007239580154)","(0.4993622601032257, 0.6657860279083252, 0.1305249035358429)","(0.5046577453613281, 0.6399948596954346, 0.15596546232700348)","(0.5559430718421936, 0.642395555973053, 0.023278675973415375)","(0.5320371985435486, 0.6796696186065674, 0.08773622661828995)","(0.5272895097732544, 0.6509885787963867, 0.1234433576464653)","(0.5318711996078491, 0.6274060010910034, 0.13497497141361237)","(0.5827217102050781, 0.6358155012130737, 0.040189288556575775)","(0.5629252195358276, 0.6548671126365662, 0.09167994558811188)","(0.5576907396316528, 0.6322013139724731, 0.11461131274700165)","(0.5609591007232666, 0.6136269569396973, 0.12375831604003906)",Position
2190,"(0.5958333015441895, 0.4262469410896301, -7.474099402315915e-05)","(0.5338407754898071, 0.4356505274772644, 0.0375877246260643)","(0.5025366544723511, 0.49909818172454834, 0.06530627608299255)","(0.4944441318511963, 0.5609321594238281, 0.09573455899953842)","(0.49094298481941223, 0.5971829295158386, 0.12865963578224182)","(0.49493691325187683, 0.603536069393158, 0.0025513749569654465)","(0.46922120451927185, 0.6792466044425964, 0.056995995342731476)","(0.46850258111953735, 0.6647047400474548, 0.10851504653692245)","(0.47500643134117126, 0.6397296786308289, 0.14234597980976105)","(0.525782585144043, 0.6350173950195312, 0.008310407400131226)","(0.5005199313163757, 0.6950165629386902, 0.0757654681801796)","(0.49919968843460083, 0.6660796403884888, 0.12880390882492065)","(0.5043482780456543, 0.6403313279151917, 0.15412844717502594)","(0.5559535622596741, 0.6421897411346436, 0.022891085594892502)","(0.5321213603019714, 0.6772526502609253, 0.08863288164138794)","(0.5273083448410034, 0.6483145952224731, 0.12319346517324448)","(0.5319997668266296, 0.6248769164085388, 0.13367301225662231)","(0.5826438069343567, 0.6362142562866211, 0.0405312217772007)","(0.5627961754798889, 0.652583122253418, 0.09285516291856766)","(0.5575796961784363, 0.6288126707077026, 0.11509548872709274)","(0.5609943270683289, 0.6102144718170166, 0.12359412014484406)",Position
2191,"(0.5947378873825073, 0.42628976702690125, -7.34131972421892e-05)","(0.5340385437011719, 0.4357864260673523, 0.03758988529443741)","(0.502061665058136, 0.4971543252468109, 0.06467154622077942)","(0.49271664023399353, 0.5577595233917236, 0.09365613013505936)","(0.4885965883731842, 0.5939043164253235, 0.1255694180727005)","(0.49429312348365784, 0.6021373867988586, 0.0028744626324623823)","(0.46799013018608093, 0.6766095161437988, 0.05494000390172005)","(0.46643131971359253, 0.6631221771240234, 0.10501760989427567)","(0.47239044308662415, 0.6391611099243164, 0.13813422620296478)","(0.5252482891082764, 0.6333669424057007, 0.008023865520954132)","(0.4990282952785492, 0.6932903528213501, 0.07315970957279205)","(0.49721336364746094, 0.6657112836837769, 0.126395583152771)","(0.5019633769989014, 0.6399686932563782, 0.15285111963748932)","(0.5553112030029297, 0.6403976082801819, 0.021442685276269913)","(0.5304492712020874, 0.676713228225708, 0.08463496714830399)","(0.5256034731864929, 0.6494573950767517, 0.11971145123243332)","(0.5301593542098999, 0.6260120868682861, 0.13114388287067413)","(0.5818961262702942, 0.6338022351264954, 0.03806659206748009)","(0.5618864893913269, 0.6518474221229553, 0.0887308269739151)","(0.5564706921577454, 0.6295864582061768, 0.11142756789922714)","(0.559415876865387, 0.6106051802635193, 0.12038667500019073)",Position
2192,"(0.5934137105941772, 0.4263155162334442, -7.198811363196e-05)","(0.5321629047393799, 0.4376808702945709, 0.03769503906369209)","(0.5010590553283691, 0.5014916062355042, 0.06309464573860168)","(0.4939488172531128, 0.5636590719223022, 0.09110544621944427)","(0.491712749004364, 0.6000693440437317, 0.1211434155702591)","(0.4931037425994873, 0.6019686460494995, -0.004612827207893133)","(0.46605217456817627, 0.6754420399665833, 0.04999660328030586)","(0.46837106347084045, 0.6553871631622314, 0.10008805245161057)","(0.47808119654655457, 0.6278981566429138, 0.1311456263065338)","(0.5242576599121094, 0.6337268948554993, -0.00032429464044980705)","(0.49836447834968567, 0.6919499635696411, 0.0669286847114563)","(0.49922165274620056, 0.6597956418991089, 0.11739090085029602)","(0.5063440203666687, 0.632814884185791, 0.13947777450084686)","(0.5547593235969543, 0.6412426829338074, 0.013339698314666748)","(0.5304450392723083, 0.6760147213935852, 0.07952911406755447)","(0.5267972946166992, 0.6463133096694946, 0.11104270070791245)","(0.5324063301086426, 0.6231418251991272, 0.11761362105607986)","(0.5816963911056519, 0.6357091665267944, 0.03024902008473873)","(0.5607285499572754, 0.6508233547210693, 0.08337389677762985)","(0.556512713432312, 0.6260854005813599, 0.10496335476636887)","(0.5609526634216309, 0.6075333952903748, 0.11172410100698471)",Position
2193,"(0.5934010148048401, 0.4253424406051636, -7.70457336329855e-05)","(0.532315731048584, 0.43584001064300537, 0.03908823803067207)","(0.5005810856819153, 0.4991398751735687, 0.06406768411397934)","(0.49319055676460266, 0.560775637626648, 0.0915272906422615)","(0.4909997582435608, 0.5972605347633362, 0.12111295759677887)","(0.49216875433921814, 0.5981930494308472, -0.004983942024409771)","(0.46584585309028625, 0.6740007996559143, 0.04956318438053131)","(0.4675804078578949, 0.6553657650947571, 0.09879198670387268)","(0.4763239920139313, 0.6283426284790039, 0.12934984266757965)","(0.523423969745636, 0.6311103105545044, -0.0015445088502019644)","(0.4982675313949585, 0.6928889751434326, 0.06490156799554825)","(0.4991893172264099, 0.6608357429504395, 0.11547621339559555)","(0.5061848759651184, 0.6329619884490967, 0.13769523799419403)","(0.5541272163391113, 0.6394996643066406, 0.011469320394098759)","(0.5298068523406982, 0.6766961812973022, 0.07728919386863708)","(0.5262880921363831, 0.6465076804161072, 0.10977619141340256)","(0.5320744514465332, 0.6226161122322083, 0.11688053607940674)","(0.581137478351593, 0.634432315826416, 0.027919383719563484)","(0.5601975917816162, 0.6497288346290588, 0.08080597221851349)","(0.5561268329620361, 0.624730110168457, 0.10342670232057571)","(0.5605323314666748, 0.6063548922538757, 0.11054545640945435)",Position
2194,"(0.5925551652908325, 0.4239717125892639, -7.383593037957326e-05)","(0.5314294099807739, 0.4353654384613037, 0.040103837847709656)","(0.4999239444732666, 0.49865201115608215, 0.06626792252063751)","(0.4923337697982788, 0.5606211423873901, 0.09397464990615845)","(0.4897656738758087, 0.5976099371910095, 0.12326456606388092)","(0.49134644865989685, 0.5992456674575806, 0.0008448250009678304)","(0.4657502770423889, 0.6728541851043701, 0.05596539005637169)","(0.4679344892501831, 0.6544398665428162, 0.1052958145737648)","(0.4767669439315796, 0.6277597546577454, 0.13589824736118317)","(0.5222681164741516, 0.6314949989318848, 0.003873339854180813)","(0.4978712201118469, 0.6899991631507874, 0.0717584490776062)","(0.49895650148391724, 0.658993661403656, 0.12211832404136658)","(0.5057174563407898, 0.6324476599693298, 0.14431509375572205)","(0.5528388023376465, 0.6393817067146301, 0.016063835471868515)","(0.5297572612762451, 0.674072265625, 0.08256469666957855)","(0.5265210270881653, 0.6449295878410339, 0.1143716350197792)","(0.5320994257926941, 0.6216483116149902, 0.12120455503463745)","(0.5800881385803223, 0.6337960362434387, 0.031660325825214386)","(0.5604535341262817, 0.6483146548271179, 0.08454343676567078)","(0.5565500855445862, 0.6241973042488098, 0.10651418566703796)","(0.5606405735015869, 0.6060160994529724, 0.11345472186803818)",Position
2195,"(0.5928382277488708, 0.425632119178772, -7.583288243040442e-05)","(0.5318728089332581, 0.4373624622821808, 0.03813018649816513)","(0.500969409942627, 0.4996657073497772, 0.06367379426956177)","(0.4925215244293213, 0.5610976219177246, 0.09137434512376785)","(0.48997458815574646, 0.5984748005867004, 0.1210271492600441)","(0.4916021227836609, 0.6033249497413635, 0.0016600111266598105)","(0.4667499363422394, 0.6733102202415466, 0.05863625183701515)","(0.47011515498161316, 0.6519912481307983, 0.10797426104545593)","(0.4795255959033966, 0.6236974596977234, 0.1380549818277359)","(0.5221084952354431, 0.6344018578529358, 0.006196391768753529)","(0.4986001253128052, 0.6898279786109924, 0.07671229541301727)","(0.4996301233768463, 0.6581990718841553, 0.12658683955669403)","(0.5065798759460449, 0.6313704252243042, 0.14828649163246155)","(0.5525707006454468, 0.6407390832901001, 0.01993640512228012)","(0.5314436554908752, 0.6689602732658386, 0.08873846381902695)","(0.5285794734954834, 0.6373492479324341, 0.11632049828767776)","(0.5340672731399536, 0.6138431429862976, 0.11968033015727997)","(0.5797712206840515, 0.6342150568962097, 0.03709837421774864)","(0.5617616772651672, 0.6453419923782349, 0.09098277240991592)","(0.5581920146942139, 0.6201717257499695, 0.10996183753013611)","(0.5621812343597412, 0.6018540263175964, 0.11475220322608948)",Position
2196,"(0.5919181108474731, 0.42517876625061035, -7.441948400810361e-05)","(0.5301692485809326, 0.44091761112213135, 0.04087371379137039)","(0.4993288815021515, 0.5047586560249329, 0.06742674112319946)","(0.4906306862831116, 0.5655876398086548, 0.09532355517148972)","(0.4880019724369049, 0.6006755828857422, 0.12438666820526123)","(0.49232620000839233, 0.6051834225654602, 0.004476047120988369)","(0.46879294514656067, 0.6753260493278503, 0.06148652359843254)","(0.47174450755119324, 0.6535703539848328, 0.11021121591329575)","(0.4803955554962158, 0.6252894997596741, 0.13945424556732178)","(0.5233777761459351, 0.6351296305656433, 0.007116149179637432)","(0.5005208849906921, 0.6894730925559998, 0.07735758274793625)","(0.5009484887123108, 0.658595085144043, 0.1271040141582489)","(0.5073525309562683, 0.6329282522201538, 0.1482006311416626)","(0.5541906356811523, 0.6412800550460815, 0.019110670313239098)","(0.5331794619560242, 0.670358419418335, 0.08789514750242233)","(0.5293831825256348, 0.6398995518684387, 0.1173015832901001)","(0.5345026254653931, 0.6167986989021301, 0.12175304442644119)","(0.581805944442749, 0.6348288059234619, 0.034494441002607346)","(0.5629980564117432, 0.6471103429794312, 0.08886587619781494)","(0.5587402582168579, 0.6225150227546692, 0.1094507947564125)","(0.5628044605255127, 0.6044421792030334, 0.11502969264984131)",Position
2197,"(0.5922859907150269, 0.42683351039886475, -7.608547457493842e-05)","(0.5307385921478271, 0.43977850675582886, 0.041958555579185486)","(0.5009594559669495, 0.5039945840835571, 0.06897924095392227)","(0.49445927143096924, 0.5646561980247498, 0.09712114185094833)","(0.49296703934669495, 0.5994983911514282, 0.12664049863815308)","(0.49114876985549927, 0.6035016775131226, 0.004947651643306017)","(0.4676057994365692, 0.6739784479141235, 0.06065403297543526)","(0.4702446162700653, 0.6527603268623352, 0.10806068778038025)","(0.47890254855155945, 0.6247317790985107, 0.13606539368629456)","(0.5221121907234192, 0.634735107421875, 0.006997984368354082)","(0.4996267259120941, 0.6899516582489014, 0.07617330551147461)","(0.5006600618362427, 0.6577895879745483, 0.12515632808208466)","(0.5071032643318176, 0.6301660537719727, 0.1458224356174469)","(0.552911102771759, 0.642102837562561, 0.018388161435723305)","(0.5316186547279358, 0.673557460308075, 0.08592884242534637)","(0.5279808044433594, 0.6431239247322083, 0.11677458137273788)","(0.532970666885376, 0.618959367275238, 0.12268088757991791)","(0.5802627205848694, 0.636364221572876, 0.03295080363750458)","(0.5614311099052429, 0.6492053866386414, 0.08675230294466019)","(0.5571225881576538, 0.6244287490844727, 0.10876206308603287)","(0.5608314275741577, 0.6057775616645813, 0.11499270051717758)",Position
2198,"(0.5936887860298157, 0.42608925700187683, -6.941870378796011e-05)","(0.531764566898346, 0.4381866157054901, 0.041972700506448746)","(0.5009111166000366, 0.50072181224823, 0.0688183531165123)","(0.493873655796051, 0.5618132948875427, 0.0969858318567276)","(0.49221834540367126, 0.597836971282959, 0.12645946443080902)","(0.49081915616989136, 0.6018558740615845, 0.005269614513963461)","(0.4692453444004059, 0.6739171147346497, 0.062209226191043854)","(0.4739703834056854, 0.6524583697319031, 0.11034791171550751)","(0.48346608877182007, 0.6236112713813782, 0.13890014588832855)","(0.5223028659820557, 0.6336253881454468, 0.007716034073382616)","(0.5013949275016785, 0.688965380191803, 0.07886562496423721)","(0.5032170414924622, 0.6575716733932495, 0.12844572961330414)","(0.5100365877151489, 0.6304787993431091, 0.1492162048816681)","(0.5539050102233887, 0.6411663293838501, 0.019614960998296738)","(0.534717321395874, 0.6699399948120117, 0.08975140005350113)","(0.5319479703903198, 0.6395504474639893, 0.11837863177061081)","(0.5371379852294922, 0.6152741312980652, 0.12196353822946548)","(0.5822687745094299, 0.6363919973373413, 0.03515343740582466)","(0.5649616718292236, 0.646379828453064, 0.09006178379058838)","(0.5613921284675598, 0.621533215045929, 0.11059089004993439)","(0.565390944480896, 0.6031228303909302, 0.11541681736707687)",Position
2199,"(0.5947628021240234, 0.42658382654190063, -6.458847929025069e-05)","(0.5323799252510071, 0.438343346118927, 0.040058206766843796)","(0.5008874535560608, 0.5010094046592712, 0.06601718813180923)","(0.4927840530872345, 0.5635098218917847, 0.09340850263834)","(0.4897366762161255, 0.6003072261810303, 0.12195379287004471)","(0.49174872040748596, 0.603875994682312, 0.0045575303956866264)","(0.46996164321899414, 0.6736400723457336, 0.062027737498283386)","(0.47503212094306946, 0.6515884399414062, 0.1098799854516983)","(0.4847625195980072, 0.6225888133049011, 0.13815158605575562)","(0.5230172872543335, 0.6350988745689392, 0.007676492910832167)","(0.502131998538971, 0.6876073479652405, 0.07998468726873398)","(0.5041369795799255, 0.6560103893280029, 0.12851426005363464)","(0.5111818313598633, 0.6294308304786682, 0.14816595613956451)","(0.5543319582939148, 0.6421126127243042, 0.01996377483010292)","(0.5353522300720215, 0.6672964096069336, 0.09106593579053879)","(0.533259928226471, 0.6355537176132202, 0.11625164747238159)","(0.5389162302017212, 0.6111945509910583, 0.11675387620925903)","(0.5826230049133301, 0.6374250650405884, 0.03602151572704315)","(0.5654416084289551, 0.6455736756324768, 0.09111590683460236)","(0.5625657439231873, 0.6202334761619568, 0.10934736579656601)","(0.5667234659194946, 0.6020973920822144, 0.1121421605348587)",Position
2200,"(0.5951244235038757, 0.42585518956184387, -6.918066355865449e-05)","(0.5330800414085388, 0.4395277798175812, 0.03954170271754265)","(0.502449631690979, 0.5015401244163513, 0.06464386731386185)","(0.49405479431152344, 0.5627607703208923, 0.0917578637599945)","(0.49182242155075073, 0.5988678336143494, 0.12008348107337952)","(0.4932814836502075, 0.6047176718711853, 0.002749927341938019)","(0.4714874029159546, 0.6731196045875549, 0.06018777936697006)","(0.47694990038871765, 0.6490862369537354, 0.10737252980470657)","(0.4870443642139435, 0.619221568107605, 0.13471783697605133)","(0.5247228145599365, 0.63543301820755, 0.00639136740937829)","(0.5040238499641418, 0.687231183052063, 0.07814342528581619)","(0.5062174201011658, 0.6543818116188049, 0.12519177794456482)","(0.5136992335319519, 0.627007246017456, 0.14344856142997742)","(0.5561649799346924, 0.6415749192237854, 0.019433656707406044)","(0.5376341342926025, 0.6657125949859619, 0.08989382535219193)","(0.5353775024414062, 0.6335206031799316, 0.1130814179778099)","(0.5410919189453125, 0.6087161898612976, 0.11193586140871048)","(0.5844288468360901, 0.6360045075416565, 0.036556798964738846)","(0.5675017833709717, 0.6447859406471252, 0.0911080464720726)","(0.5643574595451355, 0.6191083788871765, 0.1085267961025238)","(0.5686003565788269, 0.5998913049697876, 0.11094897985458374)",Position
2201,"(0.5960199236869812, 0.4274080693721771, -7.892448047641665e-05)","(0.5338045954704285, 0.43847396969795227, 0.04077707603573799)","(0.5032593607902527, 0.5006617903709412, 0.06792455166578293)","(0.495246946811676, 0.5623221397399902, 0.09701269119977951)","(0.4934907853603363, 0.5987240672111511, 0.12778180837631226)","(0.49401235580444336, 0.60457444190979, 0.006652406416833401)","(0.47150370478630066, 0.6730709075927734, 0.06512759625911713)","(0.47688356041908264, 0.6492172479629517, 0.11288151144981384)","(0.48753923177719116, 0.6196572780609131, 0.14044402539730072)","(0.5251621007919312, 0.6354410648345947, 0.010311785154044628)","(0.5037798285484314, 0.6881827116012573, 0.08230918645858765)","(0.5057560205459595, 0.6555697321891785, 0.1300828754901886)","(0.5132788419723511, 0.6275795698165894, 0.14944525063037872)","(0.5562764406204224, 0.6417595148086548, 0.023418961092829704)","(0.536397397518158, 0.6676211953163147, 0.0936136245727539)","(0.5340210795402527, 0.6362160444259644, 0.11958784610033035)","(0.5397787690162659, 0.6116043925285339, 0.12108031660318375)","(0.5841344594955444, 0.6362676620483398, 0.040190115571022034)","(0.566070556640625, 0.6462671160697937, 0.09469819068908691)","(0.5625537633895874, 0.6216396689414978, 0.11385218054056168)","(0.5668157339096069, 0.6032974123954773, 0.11783468723297119)",Position
2202,"(0.5975779891014099, 0.42500174045562744, -7.892524445196614e-05)","(0.5352581143379211, 0.4375580847263336, 0.038337696343660355)","(0.5046975612640381, 0.5014802813529968, 0.06449601799249649)","(0.49644872546195984, 0.5638704895973206, 0.09314190596342087)","(0.49421000480651855, 0.6003216505050659, 0.12308771908283234)","(0.49569469690322876, 0.6057066321372986, 0.004355454817414284)","(0.4739401042461395, 0.6721365451812744, 0.06321841478347778)","(0.47894689440727234, 0.6472769379615784, 0.11097820103168488)","(0.48901286721229553, 0.6177634000778198, 0.1385226845741272)","(0.5276501774787903, 0.635023295879364, 0.009304790757596493)","(0.5061022043228149, 0.6851399540901184, 0.08311823755502701)","(0.5074467658996582, 0.6526776552200317, 0.13000434637069702)","(0.5151088833808899, 0.6258512139320374, 0.14833791553974152)","(0.5594432353973389, 0.639765202999115, 0.023553401231765747)","(0.5406292080879211, 0.6622326374053955, 0.09491898119449615)","(0.5382022261619568, 0.6295124292373657, 0.11619329452514648)","(0.5441659688949585, 0.6046450138092041, 0.11370136588811874)","(0.588019609451294, 0.6335241794586182, 0.041971560567617416)","(0.570702850818634, 0.6431204080581665, 0.09601650387048721)","(0.5671430230140686, 0.6175863146781921, 0.11249349266290665)","(0.5713945031166077, 0.5979204177856445, 0.11487902700901031)",Release
2203,"(0.5983644127845764, 0.42902547121047974, -7.527197885792702e-05)","(0.5364218354225159, 0.4404783844947815, 0.03833034262061119)","(0.5061187148094177, 0.5038428902626038, 0.0661708191037178)","(0.49721071124076843, 0.565809965133667, 0.0966099426150322)","(0.49454179406166077, 0.6026623845100403, 0.12840692698955536)","(0.4973854720592499, 0.609041690826416, 0.007220983039587736)","(0.47349393367767334, 0.6730771064758301, 0.06661558151245117)","(0.4780268371105194, 0.6485064029693604, 0.11476951837539673)","(0.4887092411518097, 0.6190107464790344, 0.14240309596061707)","(0.5286389589309692, 0.6372750401496887, 0.012643011286854744)","(0.5060015916824341, 0.6862215995788574, 0.08679041266441345)","(0.5076730847358704, 0.6525754332542419, 0.13364379107952118)","(0.5151262879371643, 0.6243417859077454, 0.1524127870798111)","(0.5594548583030701, 0.6413232684135437, 0.027475329115986824)","(0.5390695929527283, 0.6665543913841248, 0.09761708229780197)","(0.5365123748779297, 0.6349636316299438, 0.12240481376647949)","(0.5421257019042969, 0.6102331280708313, 0.12324196845293045)","(0.5868973135948181, 0.6341772675514221, 0.04557705298066139)","(0.5689993500709534, 0.6461094617843628, 0.09935972839593887)","(0.5653271675109863, 0.6213967800140381, 0.11751717329025269)","(0.5693747401237488, 0.6017026901245117, 0.12180817872285843)",Release
2204,"(0.6001167297363281, 0.4279867708683014, -8.008004078874364e-05)","(0.5380532145500183, 0.43895238637924194, 0.03743904456496239)","(0.5077296495437622, 0.5039892196655273, 0.06354320049285889)","(0.5003594756126404, 0.5671640038490295, 0.09258586913347244)","(0.4987758696079254, 0.6047165989875793, 0.12266293168067932)","(0.4991768002510071, 0.606694221496582, 0.0001522844540886581)","(0.4763757288455963, 0.6737037301063538, 0.0591885931789875)","(0.4811050593852997, 0.6484864354133606, 0.10867965966463089)","(0.4915166199207306, 0.6190926432609558, 0.13719965517520905)","(0.5311965942382812, 0.6359438896179199, 0.005528674926608801)","(0.5092440247535706, 0.6865643262863159, 0.0787290632724762)","(0.5109834671020508, 0.6528124809265137, 0.12707562744617462)","(0.5186299681663513, 0.6253421902656555, 0.14668068289756775)","(0.5628802180290222, 0.6410402059555054, 0.020560123026371002)","(0.5430646538734436, 0.6666219234466553, 0.09084318578243256)","(0.5403461456298828, 0.6339201927185059, 0.11571177840232849)","(0.5461434721946716, 0.608822226524353, 0.11634881049394608)","(0.590988039970398, 0.6350567936897278, 0.03941541910171509)","(0.5724691152572632, 0.6457297205924988, 0.09318789839744568)","(0.5686285495758057, 0.6202324628829956, 0.1115683987736702)","(0.5728110074996948, 0.6009140014648438, 0.11573365330696106)",Release
2205,"(0.5992865562438965, 0.42718565464019775, -6.946716166567057e-05)","(0.5374219417572021, 0.4404922127723694, 0.04138685762882233)","(0.5079001784324646, 0.5059021711349487, 0.06874009966850281)","(0.500871479511261, 0.5682829022407532, 0.09770132601261139)","(0.4997537434101105, 0.6044126749038696, 0.1274167001247406)","(0.49940812587738037, 0.6076998114585876, 0.005839264020323753)","(0.47721177339553833, 0.6749314665794373, 0.06480532884597778)","(0.48197048902511597, 0.6507031917572021, 0.11212571710348129)","(0.4922575056552887, 0.6212549805641174, 0.13906775414943695)","(0.5312046408653259, 0.6373602151870728, 0.00922178290784359)","(0.5097913146018982, 0.6885911226272583, 0.08239894360303879)","(0.5112194418907166, 0.6554888486862183, 0.1304072141647339)","(0.5186449885368347, 0.6273242831230164, 0.14987324178218842)","(0.5626948475837708, 0.6429105997085571, 0.022156117483973503)","(0.5430994033813477, 0.667780876159668, 0.09344405680894852)","(0.5399617552757263, 0.6350882649421692, 0.11937583237886429)","(0.545396625995636, 0.6096729636192322, 0.12048802524805069)","(0.5906462669372559, 0.6364762187004089, 0.03872751444578171)","(0.5724835395812988, 0.6455605626106262, 0.09413940459489822)","(0.5686739683151245, 0.6202180981636047, 0.11327216774225235)","(0.57294100522995, 0.6016449928283691, 0.11691705137491226)",Release
2206,"(0.600691556930542, 0.42645779252052307, -8.042324770940468e-05)","(0.5382166504859924, 0.43791961669921875, 0.041188910603523254)","(0.5077481269836426, 0.5027006268501282, 0.06865760684013367)","(0.4999082684516907, 0.5654944181442261, 0.09804360568523407)","(0.49841904640197754, 0.6025133728981018, 0.12907792627811432)","(0.5006467700004578, 0.6058545112609863, 0.007088471204042435)","(0.4780782163143158, 0.6735316514968872, 0.0658087208867073)","(0.48258689045906067, 0.648977518081665, 0.11340109258890152)","(0.49266770482063293, 0.6196932792663574, 0.14064280688762665)","(0.5320757031440735, 0.6354255080223083, 0.010079529136419296)","(0.5099000334739685, 0.6891703009605408, 0.0811353474855423)","(0.5114463567733765, 0.6569046974182129, 0.12943914532661438)","(0.5183985829353333, 0.6289910078048706, 0.14954574406147003)","(0.5630078315734863, 0.6409733295440674, 0.02275952883064747)","(0.5413172245025635, 0.6736801862716675, 0.08983147144317627)","(0.5381547808647156, 0.6436609625816345, 0.12073502689599991)","(0.5434855222702026, 0.6187483072280884, 0.12671183049678802)","(0.590523362159729, 0.6343754529953003, 0.03859467804431915)","(0.5711069107055664, 0.6497796773910522, 0.09126157313585281)","(0.5667622089385986, 0.6259310841560364, 0.11365673691034317)","(0.5705380439758301, 0.6069231629371643, 0.12090793997049332)",Release
2207,"(0.60234135389328, 0.4276955723762512, -8.000954403541982e-05)","(0.5392453074455261, 0.43668854236602783, 0.03619912266731262)","(0.5083262920379639, 0.5024176836013794, 0.06231695041060448)","(0.5000089406967163, 0.5664453506469727, 0.09154222160577774)","(0.49757206439971924, 0.6036497950553894, 0.12238410860300064)","(0.5011428594589233, 0.6074981093406677, 0.0017537958920001984)","(0.477558434009552, 0.6723032593727112, 0.06103959679603577)","(0.48203256726264954, 0.6457513570785522, 0.10976600646972656)","(0.4927680194377899, 0.6163409352302551, 0.13759735226631165)","(0.5328266024589539, 0.6364626288414001, 0.007367472629994154)","(0.5098111033439636, 0.6875690817832947, 0.0795564204454422)","(0.5111536979675293, 0.6532825231552124, 0.12775582075119019)","(0.5184392333030701, 0.6248935461044312, 0.14745357632637024)","(0.5638359785079956, 0.6410874724388123, 0.02263251692056656)","(0.5422731041908264, 0.6700440645217896, 0.09074075520038605)","(0.5390735864639282, 0.638373851776123, 0.11850206553936005)","(0.5446431040763855, 0.6133221387863159, 0.12182506918907166)","(0.5912257432937622, 0.6342163681983948, 0.040950361639261246)","(0.5714244842529297, 0.6485230922698975, 0.09381227195262909)","(0.5669836401939392, 0.6238633394241333, 0.11381643265485764)","(0.571143627166748, 0.6041821837425232, 0.11923617869615555)",Release
2208,"(0.6008346676826477, 0.42434585094451904, -8.081283158389851e-05)","(0.5383778810501099, 0.437216579914093, 0.039593398571014404)","(0.5079644918441772, 0.5038222670555115, 0.06630665808916092)","(0.5004630088806152, 0.5667921304702759, 0.09522270411252975)","(0.4988149106502533, 0.6023317575454712, 0.12580262124538422)","(0.5027473568916321, 0.6082838773727417, 0.0024093196261674166)","(0.4791911840438843, 0.6723417043685913, 0.061465151607990265)","(0.4823929965496063, 0.6448134779930115, 0.10990183800458908)","(0.49130257964134216, 0.6153092980384827, 0.13680674135684967)","(0.5349288582801819, 0.6380743384361267, 0.006388211622834206)","(0.5119762420654297, 0.6885995268821716, 0.07581780105829239)","(0.5128149390220642, 0.6542237997055054, 0.12358032912015915)","(0.5198111534118652, 0.6260315775871277, 0.1430349498987198)","(0.5662761330604553, 0.6428771615028381, 0.02029111050069332)","(0.5441150665283203, 0.6756109595298767, 0.0860389769077301)","(0.5397432446479797, 0.6443248987197876, 0.11573664098978043)","(0.5447956919670105, 0.6188145279884338, 0.12140051275491714)","(0.5939524173736572, 0.634653627872467, 0.03753349184989929)","(0.5736310482025146, 0.6501994132995605, 0.08980580419301987)","(0.5683720111846924, 0.6255025863647461, 0.11141952127218246)","(0.5719878077507019, 0.6058744192123413, 0.11888434737920761)",Release
2209,"(0.6019008159637451, 0.42561838030815125, -7.143978291423991e-05)","(0.5391207337379456, 0.4386417865753174, 0.03854169696569443)","(0.5091899633407593, 0.5050827264785767, 0.0642334520816803)","(0.5022123456001282, 0.5688660740852356, 0.09285391122102737)","(0.5023326277732849, 0.6048423051834106, 0.12270700931549072)","(0.5034103393554688, 0.6049246788024902, -0.0008115441305562854)","(0.47895917296409607, 0.6720517873764038, 0.05822673439979553)","(0.48342669010162354, 0.6443862915039062, 0.10478858649730682)","(0.49391257762908936, 0.6152615547180176, 0.1300266981124878)","(0.5348882079124451, 0.6348249912261963, 0.0030247520189732313)","(0.510620653629303, 0.6890438795089722, 0.07318570464849472)","(0.5118685960769653, 0.6548227667808533, 0.11888886243104935)","(0.5193705558776855, 0.6255630850791931, 0.13612136244773865)","(0.5657588243484497, 0.640754222869873, 0.016906533390283585)","(0.5422388315200806, 0.6738381385803223, 0.0831250548362732)","(0.5382551550865173, 0.6428724527359009, 0.1110815778374672)","(0.5437374114990234, 0.6173707842826843, 0.11390160024166107)","(0.592840850353241, 0.6342588067054749, 0.03364786133170128)","(0.5711925029754639, 0.6493985652923584, 0.08630704134702682)","(0.5660072565078735, 0.6244085431098938, 0.10731992870569229)","(0.5699291825294495, 0.6048170924186707, 0.11230707168579102)",Release
2210,"(0.6014910340309143, 0.4238966405391693, -7.904383528511971e-05)","(0.539399266242981, 0.4366299510002136, 0.03866710513830185)","(0.5091932415962219, 0.5034376978874207, 0.06417354196310043)","(0.5022726655006409, 0.567920446395874, 0.09277333319187164)","(0.5019747614860535, 0.6047261953353882, 0.12272528558969498)","(0.503801703453064, 0.605543315410614, -0.0028372376691550016)","(0.4800487756729126, 0.6726081371307373, 0.05668956786394119)","(0.48325663805007935, 0.645625114440918, 0.10556209832429886)","(0.4923499822616577, 0.6165721416473389, 0.13297949731349945)","(0.5360641479492188, 0.6359561681747437, 0.0012750013265758753)","(0.5130083560943604, 0.690192699432373, 0.07036720216274261)","(0.5138705372810364, 0.6550596952438354, 0.11863578110933304)","(0.5206214785575867, 0.625702977180481, 0.13809241354465485)","(0.5676902532577515, 0.6410250067710876, 0.015667835250496864)","(0.5449718236923218, 0.6764147877693176, 0.08075898140668869)","(0.5404810309410095, 0.6444054841995239, 0.11121639609336853)","(0.5453804731369019, 0.6187084317207336, 0.11676205694675446)","(0.5954266786575317, 0.6328102946281433, 0.03299916908144951)","(0.5742101669311523, 0.6496617794036865, 0.08493592590093613)","(0.5686700940132141, 0.6244631409645081, 0.10708985477685928)","(0.5722299814224243, 0.6050150394439697, 0.1141095831990242)",Release
2211,"(0.6044560074806213, 0.4222610592842102, -7.50635881558992e-05)","(0.5405588150024414, 0.4366084337234497, 0.03740355372428894)","(0.5107981562614441, 0.505062460899353, 0.0617726631462574)","(0.5058608055114746, 0.5704304575920105, 0.08967845886945724)","(0.5080187916755676, 0.6070376038551331, 0.11797171086072922)","(0.5050963759422302, 0.6029612421989441, -0.007033976726233959)","(0.4807942509651184, 0.6694175004959106, 0.052795764058828354)","(0.4855828285217285, 0.6376694440841675, 0.09993177652359009)","(0.49633893370628357, 0.607097327709198, 0.12487144768238068)","(0.5374131202697754, 0.6333828568458557, -0.002433203859254718)","(0.5132431387901306, 0.6863685846328735, 0.06783021986484528)","(0.5147151947021484, 0.6506965160369873, 0.11411996930837631)","(0.5225464105606079, 0.6209278106689453, 0.13106988370418549)","(0.5690354108810425, 0.6389214396476746, 0.012728728353977203)","(0.5453746318817139, 0.6751735210418701, 0.07834498584270477)","(0.541561484336853, 0.6433910727500916, 0.10724902898073196)","(0.5474812388420105, 0.617159903049469, 0.11081342399120331)","(0.5968978404998779, 0.6318617463111877, 0.030941253527998924)","(0.5744239687919617, 0.6497375965118408, 0.08273307979106903)","(0.569417417049408, 0.6243034601211548, 0.10455341637134552)","(0.5738610625267029, 0.6038964986801147, 0.11093195527791977)",Move
2212,"(0.6055875420570374, 0.4185076951980591, -8.528467151336372e-05)","(0.5414048433303833, 0.43178266286849976, 0.03709454461932182)","(0.5110889077186584, 0.5001554489135742, 0.0613073892891407)","(0.5067781209945679, 0.5664510726928711, 0.09002766758203506)","(0.5095639824867249, 0.6049805283546448, 0.11854483932256699)","(0.5064930319786072, 0.5954383015632629, -0.013474336825311184)","(0.48094314336776733, 0.6658011674880981, 0.04601654037833214)","(0.48576369881629944, 0.6311590075492859, 0.094793900847435)","(0.49742984771728516, 0.5989953875541687, 0.12034715712070465)","(0.5390492081642151, 0.6264740228652954, -0.00848247017711401)","(0.5126096606254578, 0.6826569437980652, 0.059867531061172485)","(0.5141804814338684, 0.6461395621299744, 0.10720205307006836)","(0.5228335857391357, 0.6155765056610107, 0.12486759573221207)","(0.5703566074371338, 0.6334381103515625, 0.00744699127972126)","(0.54399174451828, 0.6745055913925171, 0.0707327201962471)","(0.5406507253646851, 0.6419901251792908, 0.1016310378909111)","(0.5476436018943787, 0.6146200895309448, 0.10716048628091812)","(0.5978298187255859, 0.6278678774833679, 0.026735469698905945)","(0.5730202794075012, 0.6505541205406189, 0.07753575593233109)","(0.5679405331611633, 0.6249711513519287, 0.10131943970918655)","(0.5731185674667358, 0.6038621664047241, 0.10896341502666473)",Move
2213,"(0.6061998605728149, 0.4097345471382141, -9.144108480541036e-05)","(0.5416226983070374, 0.4264758825302124, 0.038758285343647)","(0.5107638835906982, 0.49502795934677124, 0.06268748641014099)","(0.5057251453399658, 0.561583399772644, 0.09058605879545212)","(0.5082482099533081, 0.6007401347160339, 0.11695414036512375)","(0.506954550743103, 0.5864615440368652, -0.015719473361968994)","(0.4812743067741394, 0.6595537662506104, 0.043888989835977554)","(0.4860687255859375, 0.6260903477668762, 0.09290856122970581)","(0.49728354811668396, 0.595059335231781, 0.11852645874023438)","(0.540533721446991, 0.6176431179046631, -0.011679187417030334)","(0.5136434435844421, 0.6756712794303894, 0.056717418134212494)","(0.5152541995048523, 0.6397419571876526, 0.10466676205396652)","(0.5236365795135498, 0.6092580556869507, 0.12267635762691498)","(0.5727846622467041, 0.6252813935279846, 0.003791924100369215)","(0.5456845760345459, 0.669978141784668, 0.06671523302793503)","(0.5420931577682495, 0.6375560164451599, 0.09938457608222961)","(0.549088180065155, 0.6091371774673462, 0.10567230731248856)","(0.6009293794631958, 0.6200806498527527, 0.02287641353905201)","(0.5751097202301025, 0.6460056304931641, 0.07330624759197235)","(0.569778323173523, 0.6200332045555115, 0.09813398867845535)","(0.5751343965530396, 0.5975857973098755, 0.10637176781892776)",Move
2214,"(0.6128211617469788, 0.3977968096733093, -7.667480531381443e-05)","(0.5451881885528564, 0.4082585573196411, 0.031173979863524437)","(0.5107791423797607, 0.4791465401649475, 0.05249683931469917)","(0.5035125613212585, 0.5499362349510193, 0.07936175912618637)","(0.5033852458000183, 0.5913019776344299, 0.10693538933992386)","(0.510835587978363, 0.5726237893104553, -0.025144996121525764)","(0.4811878800392151, 0.6449347138404846, 0.03350800648331642)","(0.4844469726085663, 0.6088729500770569, 0.08378832042217255)","(0.4964157044887543, 0.5777350664138794, 0.10948958247900009)","(0.5452068448066711, 0.6047381162643433, -0.018656762316823006)","(0.5135476589202881, 0.6628300547599792, 0.04813119024038315)","(0.5132666826248169, 0.6270673274993896, 0.09798961877822876)","(0.5223914980888367, 0.5976377129554749, 0.11688172817230225)","(0.5773822069168091, 0.6121227145195007, -0.001108245924115181)","(0.5463619232177734, 0.6582937836647034, 0.060869842767715454)","(0.5416871905326843, 0.6248507499694824, 0.093935526907444)","(0.5497223138809204, 0.5952035188674927, 0.0996982678771019)","(0.6049679517745972, 0.6065657138824463, 0.019754797220230103)","(0.5760392546653748, 0.6358147859573364, 0.0688667893409729)","(0.5705781579017639, 0.6081202626228333, 0.09259439259767532)","(0.5773446559906006, 0.5835050344467163, 0.09934359788894653)",Move
2215,"(0.617325484752655, 0.38140082359313965, -8.358967170352116e-05)","(0.5486553311347961, 0.3894922435283661, 0.03047986514866352)","(0.5100054144859314, 0.458122581243515, 0.0506012924015522)","(0.4973231554031372, 0.5309022665023804, 0.0772700086236)","(0.49525946378707886, 0.5768104791641235, 0.10583693534135818)","(0.51264888048172, 0.5551320910453796, -0.026683680713176727)","(0.4790864586830139, 0.6258803009986877, 0.03364908695220947)","(0.4826641082763672, 0.5884714126586914, 0.08458974957466125)","(0.4956909418106079, 0.5581968426704407, 0.11032659560441971)","(0.546192467212677, 0.5881272554397583, -0.019526666030287743)","(0.5098381638526917, 0.6467024683952332, 0.04761573672294617)","(0.508770763874054, 0.6108373403549194, 0.09875241667032242)","(0.5185348391532898, 0.5818300247192383, 0.12009339779615402)","(0.5777587294578552, 0.5956819653511047, -0.0013359494041651487)","(0.5426680445671082, 0.6417810320854187, 0.061995137482881546)","(0.5377856492996216, 0.6080286502838135, 0.09668688476085663)","(0.5465881824493408, 0.5788731575012207, 0.10394918918609619)","(0.6048263311386108, 0.5900128483772278, 0.020352818071842194)","(0.5733248591423035, 0.6192459464073181, 0.07139904052019119)","(0.5676054358482361, 0.5913728475570679, 0.09646634012460709)","(0.5746584534645081, 0.5667358040809631, 0.10448391735553741)",Move
2216,"(0.6184660792350769, 0.3583530783653259, -0.00010219505202258006)","(0.5495010614395142, 0.3656799793243408, 0.024988478049635887)","(0.5092824101448059, 0.43764641880989075, 0.04126419126987457)","(0.49279719591140747, 0.5161516666412354, 0.06478052586317062)","(0.4877279996871948, 0.5690026879310608, 0.09000269323587418)","(0.5158069133758545, 0.5271737575531006, -0.04312656819820404)","(0.47726330161094666, 0.6060124635696411, 0.013544479385018349)","(0.47978076338768005, 0.5700930953025818, 0.0662083700299263)","(0.4935545027256012, 0.5403780341148376, 0.09362197667360306)","(0.5498642921447754, 0.5623233914375305, -0.0347917415201664)","(0.5086370706558228, 0.6268149614334106, 0.028639700263738632)","(0.5066484808921814, 0.5884525179862976, 0.08165982365608215)","(0.5165024995803833, 0.5595971941947937, 0.10371579229831696)","(0.5806825160980225, 0.5726330280303955, -0.015410337597131729)","(0.5417443513870239, 0.6269639134407043, 0.04393557086586952)","(0.5359874963760376, 0.5917654037475586, 0.08035188913345337)","(0.545011579990387, 0.5618844628334045, 0.08979164063930511)","(0.606430172920227, 0.5693744421005249, 0.007774053141474724)","(0.5709168314933777, 0.60475093126297, 0.056593235582113266)","(0.5648139119148254, 0.5764963626861572, 0.08275622874498367)","(0.5723819732666016, 0.5523021221160889, 0.09214916080236435)",Move
2217,"(0.6227083802223206, 0.3334665894508362, -9.797656821319833e-05)","(0.5517533421516418, 0.3377225697040558, 0.023848585784435272)","(0.5089033842086792, 0.40742912888526917, 0.03831775486469269)","(0.485946923494339, 0.4858909845352173, 0.059684623032808304)","(0.4730789363384247, 0.5405371189117432, 0.08292225003242493)","(0.5162140727043152, 0.5007733106613159, -0.03814320266246796)","(0.47748467326164246, 0.577378511428833, 0.01944388821721077)","(0.48073145747184753, 0.5407942533493042, 0.07201243191957474)","(0.49439743161201477, 0.5115388035774231, 0.09942205995321274)","(0.549401044845581, 0.5367417931556702, -0.031221363693475723)","(0.505882203578949, 0.601374089717865, 0.03164159506559372)","(0.5037887096405029, 0.5623801946640015, 0.08273187279701233)","(0.5142177939414978, 0.5320472121238708, 0.10373100638389587)","(0.5796900987625122, 0.547890305519104, -0.013462178409099579)","(0.5379936695098877, 0.5969251394271851, 0.046741534024477005)","(0.5331776738166809, 0.56050705909729, 0.08226403594017029)","(0.5433251857757568, 0.5312106013298035, 0.08891316503286362)","(0.6056460738182068, 0.5453643202781677, 0.007180928252637386)","(0.5687875151634216, 0.5756486654281616, 0.05705805495381355)","(0.5629808902740479, 0.5463579297065735, 0.08161764591932297)","(0.5709432363510132, 0.5225452780723572, 0.08686311542987823)",Move
2218,"(0.623945951461792, 0.3043263554573059, -9.689073340268806e-05)","(0.5537382960319519, 0.3040662407875061, 0.01970551162958145)","(0.5068473219871521, 0.37018173933029175, 0.03158823400735855)","(0.4807814359664917, 0.4488089084625244, 0.050870686769485474)","(0.4640544652938843, 0.5045380592346191, 0.07172038406133652)","(0.5187394022941589, 0.46670323610305786, -0.04600602760910988)","(0.4761446714401245, 0.5482971668243408, 0.012347307987511158)","(0.4771328270435333, 0.5130549669265747, 0.07064490765333176)","(0.48955750465393066, 0.4838252067565918, 0.10333584249019623)","(0.5519185662269592, 0.5008960962295532, -0.037935659289360046)","(0.5058382153511047, 0.5713683366775513, 0.023644736036658287)","(0.5022827386856079, 0.5297354459762573, 0.0768984779715538)","(0.5116424560546875, 0.49850812554359436, 0.09984225779771805)","(0.581637978553772, 0.5134655237197876, -0.018836908042430878)","(0.5369768142700195, 0.5711249709129333, 0.04023086652159691)","(0.5312844514846802, 0.5318238139152527, 0.0805462971329689)","(0.5414860844612122, 0.5013800859451294, 0.09110714495182037)","(0.6065801382064819, 0.5134768486022949, 0.0026742969639599323)","(0.5680387616157532, 0.5529870390892029, 0.05050645023584366)","(0.560974657535553, 0.5226343870162964, 0.07754164189100266)","(0.5689112544059753, 0.4975644648075104, 0.08552359789609909)",Move
2219,"(0.6265614628791809, 0.27463167905807495, -9.645587124396116e-05)","(0.5568156242370605, 0.27218055725097656, 0.015661755576729774)","(0.5104689598083496, 0.3345484435558319, 0.024144984781742096)","(0.4820380210876465, 0.4100077748298645, 0.040119949728250504)","(0.46102607250213623, 0.46443629264831543, 0.05900699645280838)","(0.5189297795295715, 0.4349137544631958, -0.05069150775671005)","(0.47515904903411865, 0.510917603969574, 0.005951894447207451)","(0.4754359722137451, 0.47778207063674927, 0.06268329173326492)","(0.48703548312187195, 0.4498646557331085, 0.0935252457857132)","(0.5510529279708862, 0.4697902202606201, -0.04194919392466545)","(0.5033152103424072, 0.537571370601654, 0.015157181769609451)","(0.49925753474235535, 0.49789178371429443, 0.0660877451300621)","(0.5075400471687317, 0.4663606584072113, 0.08819064497947693)","(0.5801240801811218, 0.48343604803085327, -0.02219475619494915)","(0.5335694551467896, 0.5369535088539124, 0.03491772711277008)","(0.528740644454956, 0.4975520670413971, 0.07395670562982559)","(0.5389998555183411, 0.4655308127403259, 0.08324708789587021)","(0.6040907502174377, 0.48463529348373413, -0.0006326389848254621)","(0.5649538040161133, 0.5203052759170532, 0.044818978756666183)","(0.5589203238487244, 0.4894556999206543, 0.06976274400949478)","(0.5671449899673462, 0.4620242714881897, 0.07709692418575287)",Move
2220,"(0.6261897087097168, 0.24288775026798248, -9.907565254252404e-05)","(0.5560542345046997, 0.24572718143463135, 0.019384009763598442)","(0.5107055902481079, 0.3064368665218353, 0.030316060408949852)","(0.48311087489128113, 0.3782030940055847, 0.048194803297519684)","(0.4629993736743927, 0.43319520354270935, 0.06874923408031464)","(0.5175800323486328, 0.39720550179481506, -0.04868314042687416)","(0.474614679813385, 0.47531020641326904, 0.007007085718214512)","(0.4750634431838989, 0.44276612997055054, 0.0640416070818901)","(0.4858608543872833, 0.4158892035484314, 0.09588377177715302)","(0.5491335988044739, 0.43086138367652893, -0.04110495001077652)","(0.5035127997398376, 0.5029680728912354, 0.01579083502292633)","(0.5010167360305786, 0.4643372893333435, 0.06717206537723541)","(0.5090005993843079, 0.4336702227592468, 0.09041518718004227)","(0.5780934691429138, 0.4459407329559326, -0.022610589861869812)","(0.5341840982437134, 0.5043053030967712, 0.03406590595841408)","(0.53065425157547, 0.46526315808296204, 0.07537800073623657)","(0.5404233336448669, 0.434225857257843, 0.08604814857244492)","(0.6021378040313721, 0.4503709673881531, -0.0015791112091392279)","(0.5655567049980164, 0.49278542399406433, 0.04345005378127098)","(0.5596022605895996, 0.46230918169021606, 0.07020807266235352)","(0.5673598647117615, 0.4352049231529236, 0.0789119079709053)",Move
2221,"(0.6266115307807922, 0.21340852975845337, -0.0001130708260461688)","(0.5550582408905029, 0.21480439603328705, 0.020608041435480118)","(0.5099083185195923, 0.2774127721786499, 0.03090321272611618)","(0.48274558782577515, 0.3494890332221985, 0.047509949654340744)","(0.4627920091152191, 0.40527597069740295, 0.06679057329893112)","(0.5155781507492065, 0.36412471532821655, -0.05196800455451012)","(0.4738609790802002, 0.4419066905975342, 0.005307665094733238)","(0.4780915379524231, 0.40275493264198303, 0.06142933666706085)","(0.4918504059314728, 0.3734101355075836, 0.09075205028057098)","(0.5472725629806519, 0.3987644612789154, -0.04557109624147415)","(0.5026243329048157, 0.46943169832229614, 0.012613434344530106)","(0.5018278956413269, 0.42794373631477356, 0.06276881694793701)","(0.5117458701133728, 0.397294819355011, 0.08210215717554092)","(0.5766342878341675, 0.41501468420028687, -0.02840423956513405)","(0.5336780548095703, 0.46826696395874023, 0.030937518924474716)","(0.5321246385574341, 0.4268920421600342, 0.06911376863718033)","(0.5441070795059204, 0.39678332209587097, 0.07496076077222824)","(0.6006989479064941, 0.4213697612285614, -0.00832438189536333)","(0.564752459526062, 0.45756375789642334, 0.04002890735864639)","(0.5618925094604492, 0.42485249042510986, 0.06665836274623871)","(0.5723060965538025, 0.3985373079776764, 0.07222222536802292)",Move
2222,"(0.6221092343330383, 0.17778819799423218, -0.0001134303820435889)","(0.5525248646736145, 0.18333087861537933, 0.023401407524943352)","(0.5079654455184937, 0.24101220071315765, 0.03627476468682289)","(0.48089510202407837, 0.3110833764076233, 0.05460646376013756)","(0.4601568877696991, 0.3663223683834076, 0.07622174918651581)","(0.5112154483795166, 0.32470881938934326, -0.037534069269895554)","(0.4724510908126831, 0.4018404483795166, 0.01665928214788437)","(0.4743424654006958, 0.37081411480903625, 0.0688571184873581)","(0.48494842648506165, 0.34315577149391174, 0.0966956838965416)","(0.5425065755844116, 0.35655614733695984, -0.032856330275535583)","(0.4991401433944702, 0.4332122802734375, 0.020740551874041557)","(0.4959547221660614, 0.3974997103214264, 0.06695791333913803)","(0.503109872341156, 0.3648894131183624, 0.08796777576208115)","(0.5723769068717957, 0.37203449010849, -0.01845003478229046)","(0.5306975841522217, 0.434492826461792, 0.033960890024900436)","(0.5274262428283691, 0.3963804841041565, 0.07222788780927658)","(0.5368911623954773, 0.36363452672958374, 0.08176136016845703)","(0.5971434116363525, 0.3779018819332123, -7.969795115059242e-05)","(0.5641394257545471, 0.4283958673477173, 0.04030325636267662)","(0.557722270488739, 0.4003991186618805, 0.06589615345001221)","(0.5644720792770386, 0.3721994161605835, 0.07397311180830002)",Move
2223,"(0.6199463605880737, 0.14752383530139923, -0.00012232612061779946)","(0.5500928163528442, 0.15184420347213745, 0.02359691821038723)","(0.5048831701278687, 0.2065763771533966, 0.034122902899980545)","(0.4760574698448181, 0.27623996138572693, 0.049237608909606934)","(0.4546680748462677, 0.3298356831073761, 0.06801003217697144)","(0.5073630213737488, 0.285442590713501, -0.04123988747596741)","(0.468019962310791, 0.36190444231033325, 0.013177100569009781)","(0.47451335191726685, 0.3247285783290863, 0.06281523406505585)","(0.4878646433353424, 0.29523155093193054, 0.0881069004535675)","(0.5373664498329163, 0.31995251774787903, -0.03803208842873573)","(0.4947437644004822, 0.3938174545764923, 0.017017241567373276)","(0.4959866404533386, 0.35608652234077454, 0.061167143285274506)","(0.5060721635818481, 0.32460588216781616, 0.07746792584657669)","(0.5668928027153015, 0.33818715810775757, -0.025292230769991875)","(0.5252097845077515, 0.3970041871070862, 0.02890695258975029)","(0.5257684588432312, 0.3574509024620056, 0.06363963335752487)","(0.5380765199661255, 0.32723838090896606, 0.06794281303882599)","(0.591925323009491, 0.3471358120441437, -0.00835862010717392)","(0.5582000017166138, 0.3951953947544098, 0.033601511269807816)","(0.5556646585464478, 0.3641258180141449, 0.05775831639766693)","(0.5660369992256165, 0.3368675112724304, 0.06221823766827583)",Move
2224,"(0.6167958974838257, 0.11738359928131104, -0.00011394002649467438)","(0.5466912984848022, 0.11752651631832123, 0.024563996121287346)","(0.501227855682373, 0.17043673992156982, 0.035277243703603745)","(0.4711298644542694, 0.23789015412330627, 0.05020473524928093)","(0.44542694091796875, 0.28523343801498413, 0.06695646792650223)","(0.5000908970832825, 0.2515955865383148, -0.0355774462223053)","(0.4611055254936218, 0.32009127736091614, 0.018955709412693977)","(0.4683898687362671, 0.2820468544960022, 0.06590020656585693)","(0.4815596342086792, 0.25282183289527893, 0.08929970115423203)","(0.5296511054039001, 0.2860000729560852, -0.033162765204906464)","(0.48752301931381226, 0.3533576428890228, 0.023339567705988884)","(0.4910624623298645, 0.31406596302986145, 0.06618664413690567)","(0.5021818280220032, 0.282848060131073, 0.08116130530834198)","(0.5590661764144897, 0.304679811000824, -0.021495163440704346)","(0.5170316696166992, 0.36009660363197327, 0.03339396044611931)","(0.5190334916114807, 0.3195495903491974, 0.06682068109512329)","(0.5318251848220825, 0.2894107699394226, 0.07008851319551468)","(0.5846105217933655, 0.3145933151245117, -0.005470558535307646)","(0.5497502684593201, 0.36107632517814636, 0.035524170845746994)","(0.5479671359062195, 0.3298851251602173, 0.058746591210365295)","(0.5591980218887329, 0.3027867376804352, 0.06301385164260864)",Move
2225,"(0.6142902374267578, 0.08846765756607056, -0.00010694883530959487)","(0.5458744168281555, 0.08469565212726593, 0.02717340737581253)","(0.49896401166915894, 0.13638681173324585, 0.036632269620895386)","(0.46610477566719055, 0.20272764563560486, 0.04807385429739952)","(0.4357806444168091, 0.24493810534477234, 0.06012122333049774)","(0.4969036877155304, 0.21917998790740967, -0.03154459968209267)","(0.4577363133430481, 0.2858731150627136, 0.023504149168729782)","(0.46823376417160034, 0.24737468361854553, 0.07042499631643295)","(0.4831053912639618, 0.21907447278499603, 0.09352051466703415)","(0.5251873135566711, 0.2544141113758087, -0.03106413036584854)","(0.4829449951648712, 0.31652653217315674, 0.0260285846889019)","(0.48973846435546875, 0.2777252197265625, 0.06993618607521057)","(0.5023876428604126, 0.25012871623039246, 0.08597276359796524)","(0.5542609691619873, 0.27426034212112427, -0.02164996974170208)","(0.5122435092926025, 0.32826271653175354, 0.034547775983810425)","(0.5160692930221558, 0.28864264488220215, 0.06990814954042435)","(0.5294244289398193, 0.2609642446041107, 0.07411486655473709)","(0.5802278518676758, 0.286310613155365, -0.0074883392080664635)","(0.5442069172859192, 0.3328179717063904, 0.034495770931243896)","(0.5437600612640381, 0.3025805354118347, 0.059504710137844086)","(0.5558878183364868, 0.27742475271224976, 0.06531530618667603)",Move
2226,"(0.612269401550293, 0.06506609916687012, -0.00010132609895663336)","(0.5430376529693604, 0.05736956000328064, 0.024152066558599472)","(0.4953983426094055, 0.10683703422546387, 0.030842885375022888)","(0.462283730506897, 0.17427045106887817, 0.0404956191778183)","(0.4311605393886566, 0.21480269730091095, 0.05099935084581375)","(0.4942401051521301, 0.18955117464065552, -0.030958205461502075)","(0.4555433690547943, 0.25634655356407166, 0.017706600949168205)","(0.4653414785861969, 0.21575915813446045, 0.05774286016821861)","(0.4805822968482971, 0.18714174628257751, 0.07640766352415085)","(0.5225692391395569, 0.22524183988571167, -0.030145514756441116)","(0.4812445044517517, 0.28780075907707214, 0.021991906687617302)","(0.48708269000053406, 0.24708740413188934, 0.06120237335562706)","(0.49995988607406616, 0.22042348980903625, 0.07426955550909042)","(0.5514577031135559, 0.24600733816623688, -0.02111686021089554)","(0.5092747211456299, 0.29999232292175293, 0.030902164056897163)","(0.5120519399642944, 0.2587626278400421, 0.061411477625370026)","(0.5252682566642761, 0.23268713057041168, 0.06409477442502975)","(0.5769178867340088, 0.25943267345428467, -0.00710069015622139)","(0.5411729216575623, 0.30467820167541504, 0.03271972015500069)","(0.5402663946151733, 0.2745509147644043, 0.056650351732969284)","(0.55195152759552, 0.2514828145503998, 0.06222136318683624)",Move
2227,"(0.6047225594520569, 0.036659374833106995, -9.923312609316781e-05)","(0.5369171500205994, 0.04104667901992798, 0.03040187619626522)","(0.4908885359764099, 0.0888301208615303, 0.038685496896505356)","(0.45716720819473267, 0.1512688249349594, 0.04785583168268204)","(0.42465001344680786, 0.18616794049739838, 0.05712001770734787)","(0.49012625217437744, 0.16165369749069214, -0.02599167451262474)","(0.45386868715286255, 0.2312997579574585, 0.021411485970020294)","(0.4625032842159271, 0.19468019902706146, 0.06340666115283966)","(0.4760098457336426, 0.16700318455696106, 0.08465363085269928)","(0.5176074504852295, 0.19580398499965668, -0.02891804464161396)","(0.4788852334022522, 0.2602928876876831, 0.024168599396944046)","(0.4846949279308319, 0.22319132089614868, 0.06440559029579163)","(0.4966853857040405, 0.19649890065193176, 0.07810668647289276)","(0.5455722212791443, 0.21610282361507416, -0.023394938558340073)","(0.5064820051193237, 0.2706868052482605, 0.030595945194363594)","(0.5101383924484253, 0.23340478539466858, 0.06258762627840042)","(0.5234975218772888, 0.2072807401418686, 0.0657295510172844)","(0.5703104138374329, 0.23053067922592163, -0.01268006768077612)","(0.5357284545898438, 0.27722495794296265, 0.02788982167840004)","(0.5351172685623169, 0.24850532412528992, 0.05204135924577713)","(0.5470781326293945, 0.22533351182937622, 0.058218251913785934)",Move
2228,"(0.5950906276702881, 0.019539639353752136, -7.714413368375972e-05)","(0.5260886549949646, 0.034429728984832764, 0.0278848335146904)","(0.48218706250190735, 0.07860097289085388, 0.03387898579239845)","(0.44816476106643677, 0.13197991251945496, 0.042512353509664536)","(0.4166002869606018, 0.16449135541915894, 0.04937436431646347)","(0.4859115183353424, 0.14741554856300354, -0.029839374125003815)","(0.4486742615699768, 0.20778580009937286, 0.015251599252223969)","(0.45678335428237915, 0.16760466992855072, 0.05380987748503685)","(0.47060948610305786, 0.14054596424102783, 0.07165280729532242)","(0.5141223073005676, 0.1782354712486267, -0.03207719326019287)","(0.4767431616783142, 0.23573514819145203, 0.020038679242134094)","(0.48175162076950073, 0.19743630290031433, 0.05657730624079704)","(0.4935043454170227, 0.17255106568336487, 0.06712851673364639)","(0.541274905204773, 0.19688521325588226, -0.02502654306590557)","(0.5045493245124817, 0.24628528952598572, 0.025762664154171944)","(0.5070174336433411, 0.20829179883003235, 0.05339251831173897)","(0.5188857913017273, 0.18334203958511353, 0.05409818887710571)","(0.5652382373809814, 0.21139881014823914, -0.013368746265769005)","(0.5325336456298828, 0.25329387187957764, 0.025255238637328148)","(0.5318974256515503, 0.2221652865409851, 0.0479171946644783)","(0.5429674386978149, 0.19909627735614777, 0.05336064100265503)",Move
2229,"(0.5889588594436646, 0.011500313878059387, -6.555305299116299e-05)","(0.5186449289321899, 0.01818324625492096, 0.026163043454289436)","(0.47410398721694946, 0.05938218533992767, 0.028070122003555298)","(0.43881815671920776, 0.1133260726928711, 0.031522687524557114)","(0.4068875312805176, 0.14973464608192444, 0.03261160850524902)","(0.4778163731098175, 0.12434342503547668, -0.0256626158952713)","(0.4426267147064209, 0.18359312415122986, 0.0122865354642272)","(0.45076465606689453, 0.1441136747598648, 0.043414998799562454)","(0.46422526240348816, 0.11740879714488983, 0.05622120201587677)","(0.5060476660728455, 0.15442560613155365, -0.030884847044944763)","(0.47046804428100586, 0.2119232565164566, 0.013685614801943302)","(0.4772133529186249, 0.17357604205608368, 0.045117203146219254)","(0.490341454744339, 0.1505417376756668, 0.05308040976524353)","(0.5337679982185364, 0.17428959906101227, -0.027738235890865326)","(0.49718695878982544, 0.2237548828125, 0.019902702420949936)","(0.5015473961830139, 0.18554049730300903, 0.0430217869579792)","(0.5145711898803711, 0.16245415806770325, 0.04058578982949257)","(0.5584656000137329, 0.19054551422595978, -0.0201429296284914)","(0.5254011154174805, 0.2332584708929062, 0.015353178605437279)","(0.5264923572540283, 0.202643483877182, 0.03462882339954376)","(0.5382121205329895, 0.17985238134860992, 0.03821023926138878)",Move
2230,"(0.5787080526351929, -0.002957165241241455, -6.1033450037939474e-05)","(0.512109100818634, 0.007899098098278046, 0.024597525596618652)","(0.46942538022994995, 0.04872620850801468, 0.02600604109466076)","(0.43505117297172546, 0.09939241409301758, 0.029867487028241158)","(0.40345799922943115, 0.13083545863628387, 0.030924176797270775)","(0.47394606471061707, 0.11054947972297668, -0.028279101476073265)","(0.43924009799957275, 0.16662180423736572, 0.009192251600325108)","(0.4487994611263275, 0.12719936668872833, 0.03945372998714447)","(0.46312665939331055, 0.1022741049528122, 0.051856812089681625)","(0.5009326338768005, 0.13930021226406097, -0.032673098146915436)","(0.46632087230682373, 0.19182363152503967, 0.010546117089688778)","(0.4742066562175751, 0.15538142621517181, 0.039750080555677414)","(0.4872664511203766, 0.1358742117881775, 0.045292891561985016)","(0.5269867777824402, 0.1576976478099823, -0.028742332011461258)","(0.49200010299682617, 0.2025107741355896, 0.017315112054347992)","(0.4974479079246521, 0.1657700091600418, 0.03706236183643341)","(0.5103687047958374, 0.1455112248659134, 0.03274174779653549)","(0.5504729747772217, 0.17286092042922974, -0.020658789202570915)","(0.5179732441902161, 0.21131569147109985, 0.013851716183125973)","(0.5199045538902283, 0.18227332830429077, 0.03095775656402111)","(0.531425416469574, 0.16256818175315857, 0.032496608793735504)",Move
2231,"(0.5696287155151367, -0.010695181787014008, -5.5927070206962526e-05)","(0.5048436522483826, 0.0029517561197280884, 0.02454250119626522)","(0.4618895351886749, 0.040072157979011536, 0.02385103330016136)","(0.4262762665748596, 0.08499754965305328, 0.025232315063476562)","(0.3947543799877167, 0.11110436171293259, 0.024624086916446686)","(0.4661606550216675, 0.0892428606748581, -0.031904056668281555)","(0.43333232402801514, 0.14467120170593262, 0.0011024423874914646)","(0.44184452295303345, 0.10902116447687149, 0.028508182615041733)","(0.4535907804965973, 0.08396492898464203, 0.037117794156074524)","(0.49241313338279724, 0.1165916845202446, -0.03928111866116524)","(0.45837950706481934, 0.16890770196914673, -0.003000060562044382)","(0.4671045243740082, 0.13539670407772064, 0.023300467059016228)","(0.47958388924598694, 0.1159290000796318, 0.028189437463879585)","(0.5179371237754822, 0.13591796159744263, -0.03884252905845642)","(0.48385220766067505, 0.18066775798797607, 0.0026235533878207207)","(0.4906381368637085, 0.14625579118728638, 0.020262669771909714)","(0.5033456683158875, 0.12688666582107544, 0.014960141852498055)","(0.5417094826698303, 0.15130525827407837, -0.03479877486824989)","(0.5109890699386597, 0.18928000330924988, -0.0020978963002562523)","(0.5137406587600708, 0.16098959743976593, 0.013089845888316631)","(0.525018572807312, 0.1414964646100998, 0.012773058377206326)",Move
2232,"(0.5605665445327759, -0.017610326409339905, -4.4689717469736934e-05)","(0.5014654397964478, -0.009071394801139832, 0.02223672717809677)","(0.4569356143474579, 0.02416115254163742, 0.016813604161143303)","(0.4200406074523926, 0.06195765361189842, 0.011270555667579174)","(0.38986051082611084, 0.08618839830160141, 0.005827846471220255)","(0.461755633354187, 0.060121357440948486, -0.04219866916537285)","(0.4255266785621643, 0.12051833420991898, -0.014574910514056683)","(0.4370671808719635, 0.08639872074127197, 0.014921820722520351)","(0.4500425457954407, 0.06228303164243698, 0.02755575440824032)","(0.4877283275127411, 0.08840678632259369, -0.05084538087248802)","(0.45217663049697876, 0.14243493974208832, -0.02013944275677204)","(0.4623728096485138, 0.11520719528198242, 0.009127254597842693)","(0.4741254150867462, 0.10015888512134552, 0.016585133969783783)","(0.5123094320297241, 0.11061874032020569, -0.052521999925374985)","(0.47752845287323, 0.15786907076835632, -0.01271637249737978)","(0.48460185527801514, 0.12922614812850952, 0.010009883902966976)","(0.49693048000335693, 0.11182333528995514, 0.008442374877631664)","(0.5344008207321167, 0.12940147519111633, -0.050841618329286575)","(0.5036339163780212, 0.16961516439914703, -0.016694383695721626)","(0.5074251294136047, 0.1437927782535553, 0.001592585351318121)","(0.5186514854431152, 0.12470826506614685, 0.003792854957282543)",Move
2233,"(0.5516062378883362, -0.0195903480052948, -7.541289232904091e-05)","(0.49622753262519836, -0.0200628861784935, 0.020419271662831306)","(0.44956672191619873, 0.008597619831562042, 0.01126816961914301)","(0.4104648530483246, 0.04001159593462944, 0.0004932955489493906)","(0.37971270084381104, 0.05906068906188011, -0.009478881023824215)","(0.45598724484443665, 0.03994007036089897, -0.045915573835372925)","(0.41612958908081055, 0.09559468179941177, -0.024767663329839706)","(0.42735716700553894, 0.06302811950445175, 0.002223162679001689)","(0.4405326247215271, 0.041694141924381256, 0.013741624541580677)","(0.4806062877178192, 0.0689162164926529, -0.056163471192121506)","(0.4417368471622467, 0.11769675463438034, -0.03196144104003906)","(0.4510980546474457, 0.09175620973110199, -0.00386305944994092)","(0.4627014696598053, 0.07811148464679718, 0.005075449123978615)","(0.5038690567016602, 0.09371049702167511, -0.060127634555101395)","(0.4665364921092987, 0.13477715849876404, -0.02436043694615364)","(0.4729763865470886, 0.1078541949391365, -0.0018121220637112856)","(0.4854762554168701, 0.09141766279935837, -0.002547880867496133)","(0.5242913365364075, 0.11468788981437683, -0.061801619827747345)","(0.49204134941101074, 0.14874102175235748, -0.02820180542767048)","(0.49584680795669556, 0.12379524111747742, -0.00958983227610588)","(0.5071732401847839, 0.10630038380622864, -0.006817320361733437)",Move
2234,"(0.5392796993255615, -0.03793051838874817, -7.60243710828945e-05)","(0.4840432107448578, -0.03425515443086624, 0.023404065519571304)","(0.43892616033554077, -0.0031590089201927185, 0.01620475761592388)","(0.3999979794025421, 0.026291605085134506, 0.006199912168085575)","(0.3685029447078705, 0.042487286031246185, -0.005528685171157122)","(0.44982239603996277, 0.027743391692638397, -0.03790155425667763)","(0.4103547930717468, 0.073030985891819, -0.018090805038809776)","(0.418975293636322, 0.04570664465427399, 0.0061606126837432384)","(0.4313039481639862, 0.027406703680753708, 0.018042871728539467)","(0.4728890657424927, 0.05168710649013519, -0.04852209612727165)","(0.43564125895500183, 0.09484817087650299, -0.023011209443211555)","(0.44282305240631104, 0.07170215249061584, 0.003300396027043462)","(0.45348113775253296, 0.0596354603767395, 0.010215000249445438)","(0.49500420689582825, 0.07203517109155655, -0.053257424384355545)","(0.45981261134147644, 0.11066430807113647, -0.018081290647387505)","(0.4650653004646301, 0.08432354778051376, 0.0054930285550653934)","(0.4768596887588501, 0.06841583549976349, 0.005525078624486923)","(0.5146235823631287, 0.09000622481107712, -0.055058110505342484)","(0.48415622115135193, 0.12516425549983978, -0.022021882236003876)","(0.4878518581390381, 0.10094450414180756, -0.0021327973809093237)","(0.498500257730484, 0.08382994681596756, 0.0019647323060780764)",Move
2235,"(0.51189124584198, -0.09062308073043823, -5.742112989537418e-05)","(0.46150633692741394, -0.07492499053478241, 0.024746932089328766)","(0.4241414964199066, -0.029521003365516663, 0.02101247012615204)","(0.38917243480682373, 0.008908219635486603, 0.016030849888920784)","(0.35845616459846497, 0.024188466370105743, 0.007058416027575731)","(0.43714064359664917, 0.004617411643266678, -0.03294320032000542)","(0.4060634970664978, 0.05740341544151306, -0.01166172418743372)","(0.4109295904636383, 0.033143606036901474, 0.00695749931037426)","(0.4205150306224823, 0.014034444466233253, 0.014413289725780487)","(0.461114764213562, 0.026872411370277405, -0.04107586666941643)","(0.43008148670196533, 0.07645763456821442, -0.010631764307618141)","(0.4354390501976013, 0.05244632810354233, 0.014017784968018532)","(0.44422590732574463, 0.0367974154651165, 0.020831258967518806)","(0.4847381114959717, 0.043899569660425186, -0.043310556560754776)","(0.4540165066719055, 0.08794188499450684, -0.006490179803222418)","(0.457529217004776, 0.05961263179779053, 0.017121942713856697)","(0.46740999817848206, 0.041051723062992096, 0.019344162195920944)","(0.5055125951766968, 0.057512879371643066, -0.043017610907554626)","(0.4782480299472809, 0.09774279594421387, -0.010959314182400703)","(0.4790334105491638, 0.07667668163776398, 0.009010156616568565)","(0.4881853759288788, 0.05908168852329254, 0.013393637724220753)",Move
2236,"(0.4747198820114136, -0.13547314703464508, -3.721008397405967e-05)","(0.504412055015564, -0.07322238385677338, 0.050401151180267334)","(0.5083100199699402, -0.02122671902179718, 0.0757264494895935)","(0.4928828477859497, 0.014194010756909847, 0.09727268666028976)","(0.47394078969955444, 0.021816574037075043, 0.12039604783058167)","(0.49487873911857605, 0.03070317581295967, 0.04883839935064316)","(0.47013866901397705, 0.0664471685886383, 0.08342529833316803)","(0.4648384153842926, 0.04910414665937424, 0.09721267968416214)","(0.466145396232605, 0.028759457170963287, 0.09603109955787659)","(0.46729576587677, 0.026096120476722717, 0.03075348772108555)","(0.4413601756095886, 0.07565782964229584, 0.06605809926986694)","(0.4403492510318756, 0.05040225759148598, 0.07282664626836777)","(0.44832301139831543, 0.021538853645324707, 0.06824928522109985)","(0.43980225920677185, 0.013371430337429047, 0.019040461629629135)","(0.4166156053543091, 0.05965478718280792, 0.04921732842922211)","(0.4185221195220947, 0.028254158794879913, 0.05781747028231621)","(0.42617642879486084, -0.0006730984896421432, 0.05448136106133461)","(0.41358283162117004, -0.003200666978955269, 0.011731449514627457)","(0.3940877318382263, 0.03659306466579437, 0.03265361115336418)","(0.3993285000324249, 0.013709720224142075, 0.04525157809257507)","(0.40806010365486145, -0.013597942888736725, 0.05028446018695831)",Move
2237,"(0.46836361289024353, -0.14311116933822632, -4.8150996008189395e-05)","(0.46669650077819824, -0.0863877683877945, 0.005950906779617071)","(0.455083429813385, -0.03519979864358902, -0.0005297011230140924)","(0.43421441316604614, 0.004599539563059807, -0.0003031741071026772)","(0.4165066182613373, 0.024173587560653687, 0.004257885739207268)","(0.47144290804862976, -0.003087010234594345, -0.02744944579899311)","(0.435512900352478, 0.05428945645689964, -0.006745030637830496)","(0.43387970328330994, 0.025650475174188614, 0.010329783894121647)","(0.4429317116737366, 0.005526195280253887, 0.016621805727481842)","(0.4656979739665985, -0.0035028797574341297, -0.03111189603805542)","(0.43131065368652344, 0.05434304103255272, -0.012375380843877792)","(0.4284467399120331, 0.022918585687875748, -0.0006723003461956978)","(0.4376572072505951, 0.0018091071397066116, 0.0021561833564192057)","(0.4583752453327179, -0.008626382797956467, -0.03017052263021469)","(0.4275154769420624, 0.04446101561188698, -0.011279478669166565)","(0.4251834452152252, 0.01632077991962433, -0.005861560348421335)","(0.4356488585472107, -0.004479758441448212, -0.006568495649844408)","(0.44970405101776123, -0.017214421182870865, -0.02930591069161892)","(0.42751094698905945, 0.030663367360830307, -0.015938008204102516)","(0.4262472093105316, 0.009971575811505318, -0.015731465071439743)","(0.4349301755428314, -0.010149507783353329, -0.01974998414516449)",Negative
2238,"(0, 0, 0)","(0, 0, 0)","(0, 0, 0)","(0, 0, 0)","(0, 0, 0)","(0, 0, 0)","(0, 0, 0)","(0, 0, 0)","(0, 0, 0)","(0, 0, 0)","(0, 0, 0)","(0, 0, 0)","(0, 0, 0)","(0, 0, 0)","(0, 0, 0)","(0, 0, 0)","(0, 0, 0)","(0, 0, 0)","(0, 0, 0)","(0, 0, 0)","(0, 0, 0)",Negative
2239,"(0, 0, 0)","(0, 0, 0)","(0, 0, 0)","(0, 0, 0)","(0, 0, 0)","(0, 0, 0)","(0, 0, 0)","(0, 0, 0)","(0, 0, 0)","(0, 0, 0)","(0, 0, 0)","(0, 0, 0)","(0, 0, 0)","(0, 0, 0)","(0, 0, 0)","(0, 0, 0)","(0, 0, 0)","(0, 0, 0)","(0, 0, 0)","(0, 0, 0)","(0, 0, 0)",Negative
2240,"(0, 0, 0)","(0, 0, 0)","(0, 0, 0)","(0, 0, 0)","(0, 0, 0)","(0, 0, 0)","(0, 0, 0)","(0, 0, 0)","(0, 0, 0)","(0, 0, 0)","(0, 0, 0)","(0, 0, 0)","(0, 0, 0)","(0, 0, 0)","(0, 0, 0)","(0, 0, 0)","(0, 0, 0)","(0, 0, 0)","(0, 0, 0)","(0, 0, 0)","(0, 0, 0)",Negative
2241,"(0, 0, 0)","(0, 0, 0)","(0, 0, 0)","(0, 0, 0)","(0, 0, 0)","(0, 0, 0)","(0, 0, 0)","(0, 0, 0)","(0, 0, 0)","(0, 0, 0)","(0, 0, 0)","(0, 0, 0)","(0, 0, 0)","(0, 0, 0)","(0, 0, 0)","(0, 0, 0)","(0, 0, 0)","(0, 0, 0)","(0, 0, 0)","(0, 0, 0)","(0, 0, 0)",Negative
2242,"(0, 0, 0)","(0, 0, 0)","(0, 0, 0)","(0, 0, 0)","(0, 0, 0)","(0, 0, 0)","(0, 0, 0)","(0, 0, 0)","(0, 0, 0)","(0, 0, 0)","(0, 0, 0)","(0, 0, 0)","(0, 0, 0)","(0, 0, 0)","(0, 0, 0)","(0, 0, 0)","(0, 0, 0)","(0, 0, 0)","(0, 0, 0)","(0, 0, 0)","(0, 0, 0)",Negative
2243,"(0, 0, 0)","(0, 0, 0)","(0, 0, 0)","(0, 0, 0)","(0, 0, 0)","(0, 0, 0)","(0, 0, 0)","(0, 0, 0)","(0, 0, 0)","(0, 0, 0)","(0, 0, 0)","(0, 0, 0)","(0, 0, 0)","(0, 0, 0)","(0, 0, 0)","(0, 0, 0)","(0, 0, 0)","(0, 0, 0)","(0, 0, 0)","(0, 0, 0)","(0, 0, 0)",Negative
2244,"(0, 0, 0)","(0, 0, 0)","(0, 0, 0)","(0, 0, 0)","(0, 0, 0)","(0, 0, 0)","(0, 0, 0)","(0, 0, 0)","(0, 0, 0)","(0, 0, 0)","(0, 0, 0)","(0, 0, 0)","(0, 0, 0)","(0, 0, 0)","(0, 0, 0)","(0, 0, 0)","(0, 0, 0)","(0, 0, 0)","(0, 0, 0)","(0, 0, 0)","(0, 0, 0)",Negative
2245,"(0, 0, 0)","(0, 0, 0)","(0, 0, 0)","(0, 0, 0)","(0, 0, 0)","(0, 0, 0)","(0, 0, 0)","(0, 0, 0)","(0, 0, 0)","(0, 0, 0)","(0, 0, 0)","(0, 0, 0)","(0, 0, 0)","(0, 0, 0)","(0, 0, 0)","(0, 0, 0)","(0, 0, 0)","(0, 0, 0)","(0, 0, 0)","(0, 0, 0)","(0, 0, 0)",Negative
2246,"(0, 0, 0)","(0, 0, 0)","(0, 0, 0)","(0, 0, 0)","(0, 0, 0)","(0, 0, 0)","(0, 0, 0)","(0, 0, 0)","(0, 0, 0)","(0, 0, 0)","(0, 0, 0)","(0, 0, 0)","(0, 0, 0)","(0, 0, 0)","(0, 0, 0)","(0, 0, 0)","(0, 0, 0)","(0, 0, 0)","(0, 0, 0)","(0, 0, 0)","(0, 0, 0)",Negative
2247,"(0, 0, 0)","(0, 0, 0)","(0, 0, 0)","(0, 0, 0)","(0, 0, 0)","(0, 0, 0)","(0, 0, 0)","(0, 0, 0)","(0, 0, 0)","(0, 0, 0)","(0, 0, 0)","(0, 0, 0)","(0, 0, 0)","(0, 0, 0)","(0, 0, 0)","(0, 0, 0)","(0, 0, 0)","(0, 0, 0)","(0, 0, 0)","(0, 0, 0)","(0, 0, 0)",Negative
2248,"(0, 0, 0)","(0, 0, 0)","(0, 0, 0)","(0, 0, 0)","(0, 0, 0)","(0, 0, 0)","(0, 0, 0)","(0, 0, 0)","(0, 0, 0)","(0, 0, 0)","(0, 0, 0)","(0, 0, 0)","(0, 0, 0)","(0, 0, 0)","(0, 0, 0)","(0, 0, 0)","(0, 0, 0)","(0, 0, 0)","(0, 0, 0)","(0, 0, 0)","(0, 0, 0)",Negative
2249,"(0, 0, 0)","(0, 0, 0)","(0, 0, 0)","(0, 0, 0)","(0, 0, 0)","(0, 0, 0)","(0, 0, 0)","(0, 0, 0)","(0, 0, 0)","(0, 0, 0)","(0, 0, 0)","(0, 0, 0)","(0, 0, 0)","(0, 0, 0)","(0, 0, 0)","(0, 0, 0)","(0, 0, 0)","(0, 0, 0)","(0, 0, 0)","(0, 0, 0)","(0, 0, 0)",Negative
2250,"(0, 0, 0)","(0, 0, 0)","(0, 0, 0)","(0, 0, 0)","(0, 0, 0)","(0, 0, 0)","(0, 0, 0)","(0, 0, 0)","(0, 0, 0)","(0, 0, 0)","(0, 0, 0)","(0, 0, 0)","(0, 0, 0)","(0, 0, 0)","(0, 0, 0)","(0, 0, 0)","(0, 0, 0)","(0, 0, 0)","(0, 0, 0)","(0, 0, 0)","(0, 0, 0)",Negative
2251,"(0, 0, 0)","(0, 0, 0)","(0, 0, 0)","(0, 0, 0)","(0, 0, 0)","(0, 0, 0)","(0, 0, 0)","(0, 0, 0)","(0, 0, 0)","(0, 0, 0)","(0, 0, 0)","(0, 0, 0)","(0, 0, 0)","(0, 0, 0)","(0, 0, 0)","(0, 0, 0)","(0, 0, 0)","(0, 0, 0)","(0, 0, 0)","(0, 0, 0)","(0, 0, 0)",Negative
2252,"(0, 0, 0)","(0, 0, 0)","(0, 0, 0)","(0, 0, 0)","(0, 0, 0)","(0, 0, 0)","(0, 0, 0)","(0, 0, 0)","(0, 0, 0)","(0, 0, 0)","(0, 0, 0)","(0, 0, 0)","(0, 0, 0)","(0, 0, 0)","(0, 0, 0)","(0, 0, 0)","(0, 0, 0)","(0, 0, 0)","(0, 0, 0)","(0, 0, 0)","(0, 0, 0)",Negative
2253,"(0, 0, 0)","(0, 0, 0)","(0, 0, 0)","(0, 0, 0)","(0, 0, 0)","(0, 0, 0)","(0, 0, 0)","(0, 0, 0)","(0, 0, 0)","(0, 0, 0)","(0, 0, 0)","(0, 0, 0)","(0, 0, 0)","(0, 0, 0)","(0, 0, 0)","(0, 0, 0)","(0, 0, 0)","(0, 0, 0)","(0, 0, 0)","(0, 0, 0)","(0, 0, 0)",Negative
2254,"(0, 0, 0)","(0, 0, 0)","(0, 0, 0)","(0, 0, 0)","(0, 0, 0)","(0, 0, 0)","(0, 0, 0)","(0, 0, 0)","(0, 0, 0)","(0, 0, 0)","(0, 0, 0)","(0, 0, 0)","(0, 0, 0)","(0, 0, 0)","(0, 0, 0)","(0, 0, 0)","(0, 0, 0)","(0, 0, 0)","(0, 0, 0)","(0, 0, 0)","(0, 0, 0)",Negative
2255,"(0, 0, 0)","(0, 0, 0)","(0, 0, 0)","(0, 0, 0)","(0, 0, 0)","(0, 0, 0)","(0, 0, 0)","(0, 0, 0)","(0, 0, 0)","(0, 0, 0)","(0, 0, 0)","(0, 0, 0)","(0, 0, 0)","(0, 0, 0)","(0, 0, 0)","(0, 0, 0)","(0, 0, 0)","(0, 0, 0)","(0, 0, 0)","(0, 0, 0)","(0, 0, 0)",Negative
2256,"(0, 0, 0)","(0, 0, 0)","(0, 0, 0)","(0, 0, 0)","(0, 0, 0)","(0, 0, 0)","(0, 0, 0)","(0, 0, 0)","(0, 0, 0)","(0, 0, 0)","(0, 0, 0)","(0, 0, 0)","(0, 0, 0)","(0, 0, 0)","(0, 0, 0)","(0, 0, 0)","(0, 0, 0)","(0, 0, 0)","(0, 0, 0)","(0, 0, 0)","(0, 0, 0)",Negative
2257,"(0, 0, 0)","(0, 0, 0)","(0, 0, 0)","(0, 0, 0)","(0, 0, 0)","(0, 0, 0)","(0, 0, 0)","(0, 0, 0)","(0, 0, 0)","(0, 0, 0)","(0, 0, 0)","(0, 0, 0)","(0, 0, 0)","(0, 0, 0)","(0, 0, 0)","(0, 0, 0)","(0, 0, 0)","(0, 0, 0)","(0, 0, 0)","(0, 0, 0)","(0, 0, 0)",Negative
2258,"(0, 0, 0)","(0, 0, 0)","(0, 0, 0)","(0, 0, 0)","(0, 0, 0)","(0, 0, 0)","(0, 0, 0)","(0, 0, 0)","(0, 0, 0)","(0, 0, 0)","(0, 0, 0)","(0, 0, 0)","(0, 0, 0)","(0, 0, 0)","(0, 0, 0)","(0, 0, 0)","(0, 0, 0)","(0, 0, 0)","(0, 0, 0)","(0, 0, 0)","(0, 0, 0)",Negative
2259,"(0, 0, 0)","(0, 0, 0)","(0, 0, 0)","(0, 0, 0)","(0, 0, 0)","(0, 0, 0)","(0, 0, 0)","(0, 0, 0)","(0, 0, 0)","(0, 0, 0)","(0, 0, 0)","(0, 0, 0)","(0, 0, 0)","(0, 0, 0)","(0, 0, 0)","(0, 0, 0)","(0, 0, 0)","(0, 0, 0)","(0, 0, 0)","(0, 0, 0)","(0, 0, 0)",Negative
2260,"(0, 0, 0)","(0, 0, 0)","(0, 0, 0)","(0, 0, 0)","(0, 0, 0)","(0, 0, 0)","(0, 0, 0)","(0, 0, 0)","(0, 0, 0)","(0, 0, 0)","(0, 0, 0)","(0, 0, 0)","(0, 0, 0)","(0, 0, 0)","(0, 0, 0)","(0, 0, 0)","(0, 0, 0)","(0, 0, 0)","(0, 0, 0)","(0, 0, 0)","(0, 0, 0)",Negative
2261,"(0, 0, 0)","(0, 0, 0)","(0, 0, 0)","(0, 0, 0)","(0, 0, 0)","(0, 0, 0)","(0, 0, 0)","(0, 0, 0)","(0, 0, 0)","(0, 0, 0)","(0, 0, 0)","(0, 0, 0)","(0, 0, 0)","(0, 0, 0)","(0, 0, 0)","(0, 0, 0)","(0, 0, 0)","(0, 0, 0)","(0, 0, 0)","(0, 0, 0)","(0, 0, 0)",Negative
2262,"(0, 0, 0)","(0, 0, 0)","(0, 0, 0)","(0, 0, 0)","(0, 0, 0)","(0, 0, 0)","(0, 0, 0)","(0, 0, 0)","(0, 0, 0)","(0, 0, 0)","(0, 0, 0)","(0, 0, 0)","(0, 0, 0)","(0, 0, 0)","(0, 0, 0)","(0, 0, 0)","(0, 0, 0)","(0, 0, 0)","(0, 0, 0)","(0, 0, 0)","(0, 0, 0)",Negative
2263,"(0, 0, 0)","(0, 0, 0)","(0, 0, 0)","(0, 0, 0)","(0, 0, 0)","(0, 0, 0)","(0, 0, 0)","(0, 0, 0)","(0, 0, 0)","(0, 0, 0)","(0, 0, 0)","(0, 0, 0)","(0, 0, 0)","(0, 0, 0)","(0, 0, 0)","(0, 0, 0)","(0, 0, 0)","(0, 0, 0)","(0, 0, 0)","(0, 0, 0)","(0, 0, 0)",Negative
2264,"(0, 0, 0)","(0, 0, 0)","(0, 0, 0)","(0, 0, 0)","(0, 0, 0)","(0, 0, 0)","(0, 0, 0)","(0, 0, 0)","(0, 0, 0)","(0, 0, 0)","(0, 0, 0)","(0, 0, 0)","(0, 0, 0)","(0, 0, 0)","(0, 0, 0)","(0, 0, 0)","(0, 0, 0)","(0, 0, 0)","(0, 0, 0)","(0, 0, 0)","(0, 0, 0)",Negative
2265,"(0, 0, 0)","(0, 0, 0)","(0, 0, 0)","(0, 0, 0)","(0, 0, 0)","(0, 0, 0)","(0, 0, 0)","(0, 0, 0)","(0, 0, 0)","(0, 0, 0)","(0, 0, 0)","(0, 0, 0)","(0, 0, 0)","(0, 0, 0)","(0, 0, 0)","(0, 0, 0)","(0, 0, 0)","(0, 0, 0)","(0, 0, 0)","(0, 0, 0)","(0, 0, 0)",Negative
2266,"(0, 0, 0)","(0, 0, 0)","(0, 0, 0)","(0, 0, 0)","(0, 0, 0)","(0, 0, 0)","(0, 0, 0)","(0, 0, 0)","(0, 0, 0)","(0, 0, 0)","(0, 0, 0)","(0, 0, 0)","(0, 0, 0)","(0, 0, 0)","(0, 0, 0)","(0, 0, 0)","(0, 0, 0)","(0, 0, 0)","(0, 0, 0)","(0, 0, 0)","(0, 0, 0)",Negative
2267,"(0, 0, 0)","(0, 0, 0)","(0, 0, 0)","(0, 0, 0)","(0, 0, 0)","(0, 0, 0)","(0, 0, 0)","(0, 0, 0)","(0, 0, 0)","(0, 0, 0)","(0, 0, 0)","(0, 0, 0)","(0, 0, 0)","(0, 0, 0)","(0, 0, 0)","(0, 0, 0)","(0, 0, 0)","(0, 0, 0)","(0, 0, 0)","(0, 0, 0)","(0, 0, 0)",Negative
2268,"(0, 0, 0)","(0, 0, 0)","(0, 0, 0)","(0, 0, 0)","(0, 0, 0)","(0, 0, 0)","(0, 0, 0)","(0, 0, 0)","(0, 0, 0)","(0, 0, 0)","(0, 0, 0)","(0, 0, 0)","(0, 0, 0)","(0, 0, 0)","(0, 0, 0)","(0, 0, 0)","(0, 0, 0)","(0, 0, 0)","(0, 0, 0)","(0, 0, 0)","(0, 0, 0)",Negative
2269,"(0, 0, 0)","(0, 0, 0)","(0, 0, 0)","(0, 0, 0)","(0, 0, 0)","(0, 0, 0)","(0, 0, 0)","(0, 0, 0)","(0, 0, 0)","(0, 0, 0)","(0, 0, 0)","(0, 0, 0)","(0, 0, 0)","(0, 0, 0)","(0, 0, 0)","(0, 0, 0)","(0, 0, 0)","(0, 0, 0)","(0, 0, 0)","(0, 0, 0)","(0, 0, 0)",Negative
